1,-0.704487460549941,-0.246768123877826,-0.218309496161165,-0.282062676077817,-0.406671431655789,-0.0679780403207662,-0.461456020723002,-0.202805356872843,0.519968932771613,-0.12568996725944,0.013709269412601,-0.326562451002586,-0.807608142253308,-0.0515928742223138,-0.0983668046750756,0.222758349454539,0.00192886464996127,-0.459647757967856,0.0954044211008443,-0.0949214503566537,0.332653033878036,0.0149227129697747,0.21852258559742,0.287263270698875,0.218703838160961,0.0535956146452107,0.208409718129749,-0.120100287097253,0.371974811922968,-0.271721732891214,-0.517503604269144,0.371674212496419,0.25750450781693,0.0488239433549716,-0.0981088293224447,-0.0625225046918505,-0.330760774700554,-0.00918557733267791,0.20754235375463,-0.241567893791488,-0.573167759158997,0.0570969563405082,-0.305041174657637,0.00954958309914078,-0.203637702497485,0.00373134380500821,-0.0238062577396453,-0.744894910671592,-0.20961724446397,-0.585254018975662,-0.401277697278461,-0.107408818948486,-0.11389536184286,0.0892337479469043,-0.299198913252543,-0.392941952817143,-0.142339951609677,0.33318836525244,-0.00744633795956444,0.102101102427854,-0.244182378083594,0.268821676878833,0.0922089401759525,0.0610612849332596,0.0125363769438135,0.0615964066771083,0.287553222734394,0.478708646628849,0.232757277964178,0.0411598277153337,0.869413598328423,0.383383070387342,-0.34183001223754,0.357513784356342,0.392691166036257,0.241146997560029,0.329431012905899,-0.265058701788122,-0.0294964862160676,0.810416216922777,0.209573942605536,0.213677216337223,0.492097862022319,0.769434097465112,0.360936559135676,0.239130928756867,-0.0611912861330084,0.12633958263598,0.23465588019019,0.272132189422469,-0.236625595881459,0.660667211374924,0.0405461639835139,0.169753245168822,-0.269427609608042,0.122680233071561,0.179886334821245,-0.505845068662383,-0.129900359768161
-0.704487460549941,1,0.0860089035130525,-0.285009306037713,-0.0913507122706692,-0.135078204129605,-0.232572143915574,-0.238079953603267,-0.0374164467232281,-0.740706722844576,-0.589680484466821,-0.177954096943682,-0.849859637530155,-0.553937547188943,-0.793985851677571,0.179888773028904,0.608852698317486,0.340233738161036,0.172506252912717,0.097299019104143,0.326709155358643,0.232555103981204,-0.284254311812199,0.398608300841841,-0.146818339514369,-0.312729446176499,0.460213751302774,0.66711088275314,-0.118963107531686,0.0817171566752086,0.202018978298019,-1.03131716268619,0.0817036283599832,0.840149608812794,0.743824330250668,-0.245907397784909,0.605596627956354,-0.487012821993524,-0.034452956868855,-0.00984503749811844,-0.0319011670204437,0.736310771834617,0.35986143990431,-0.262717111853763,0.501310487382103,0.382690799242569,0.538491142040867,-0.0544812209253528,0.0482623926825786,-0.163536069211833,-0.776044749399803,-0.0911093175946137,-0.324538991893834,-0.234381750477314,0.313917156099096,-0.398574769248829,-0.421174804272034,-0.0680096295657592,-0.699727822325754,-0.788836508746676,-0.604986548220339,-0.831946724784648,-0.527857386790273,-0.554144792403203,-0.351710699230672,-0.769450008519908,-0.0495230334506244,0.118006886308029,0.435717232996949,-0.0382889852995053,-0.51750168812204,0.289672359720342,-0.229452270786776,0.167122356293573,0.00453145224952925,0.0277035739160923,0.272069553050869,0.0456843726048727,0.185183931775156,-0.0392925775626296,0.515793621291899,0.425579342831576,0.663564284595815,0.806496274939532,0.656298884255408,0.692581961271851,0.394361206774563,0.578049786551825,0.124095452787464,0.128231900020641,-0.0548266442168267,-0.61711842340493,-0.228704799561552,0.519166865323912,0.613538169646847,-0.427847951676966,0.668123331942548,-0.115468184591851,-0.328530866135519,-0.280080363879801
-0.246768123877826,0.0860089035130525,1,-0.463450958662479,0.147157390486796,0.0388773689819456,-0.265964549843561,-0.263113354425518,-0.213539896590528,-0.488295032521494,-0.427772588062036,-0.174230262360509,-0.804076858972282,-0.424163415302416,-1.25886935564955,0.28867907297033,0.829268737243671,0.376552265235189,0.379261277069272,0.518249920989808,0.540773411609264,0.141214960828391,-0.200017595327971,0.122297034253864,-0.0778254258648018,-0.350566604379931,0.499014247235706,0.25262483034154,0.0541040749425747,-0.362700830246709,0.0211234025339729,-0.675812635699159,0.0746970534986997,0.629092962281209,0.189151396418621,-0.0826105219464175,0.450801828419426,-0.230730785224569,-0.281989840014688,-0.545088897090788,-0.0864476580375411,0.205776177197121,-0.1195023020899,-0.187644948993722,0.610543839093378,-0.0589885110093624,-0.0742488976342084,-0.141470651194567,-0.0464011712474401,0.0553411187363201,-0.82457741343181,-0.463346448958051,-0.42807909104704,-0.341674470883231,-0.00574531753235907,-0.0565124532836611,-0.595905353429591,-0.251006471864757,-0.501290103130417,-0.68161226316993,-0.643618575772876,-0.853733796887629,-0.625293944009431,-0.636276964853153,-0.2847872873032,-1.13763072565176,0.141735365674056,0.435041279566753,0.822307064974525,0.431211762867058,-0.0742419218693827,0.254122958647009,-0.0440349417719789,-0.264473199797295,0.289310244632979,0.0875765924737397,0.43011440361652,-0.0870172850357299,-0.234872445728187,-0.178440665322254,0.725666531985535,0.696779668449042,0.994563824374578,0.64880939164841,0.699034671359388,0.708514702086521,0.342896811640422,0.462055796724342,0.400224744883386,0.296620435617997,0.263717294311603,-0.334244555146376,-0.273057063022102,0.421520321659356,0.0794010423600184,-0.233559196007765,0.370640939010742,0.128337880422838,-0.0335217058203223,0.121238326914002
-0.218309496161165,-0.285009306037713,-0.463450958662479,1,-0.435066760450008,-0.478085969458199,-0.126468342083667,-0.314742853650761,-0.528917275215113,-0.44685121585632,-0.045399875742886,-0.24224848474285,-0.244478135900277,-0.0531053421966722,-0.14713572004466,-0.133855592971401,0.0662961710149549,-0.174596331044452,0.176868283868003,0.0289439293204425,0.148945595958974,-0.035011887393151,-0.283272172929631,0.275302183732194,-0.147270340442207,-0.6698400742543,0.238077673651592,-0.0860858952344578,-0.0698230183501435,-0.347054683551294,0.253207104495271,0.148581469713191,-0.139720363628914,0.0655285131306279,0.232367652628325,0.336113283239107,0.00695930779511644,0.418873519403211,0.689601998220516,0.335718875755485,0.386289872455789,0.843187347443078,0.453291899870209,0.356524861654512,0.284671712542169,0.896502361134057,0.581209169155704,0.209973723088851,0.499850240376065,0.200669912189451,0.0449448774003047,-0.308806471269223,-0.387969307161244,-0.29020032698876,-0.605876147048824,-0.772167141842631,-0.593450369434714,-0.410621959916828,-0.492931053491956,-0.407741897005995,-0.444466108953371,0.016945577737387,-0.484667942328389,-0.0266742464872615,-0.355103821878911,-0.0270083062391697,-0.125131180197674,-0.370961541366617,-0.478592399972452,-0.699117578035003,-0.0821366890917859,-0.537615943981474,-0.59080465697267,0.311260825034948,-0.501847562087391,-0.694236941805948,-0.00242481061158949,-0.610972671140656,0.617165114169212,0.763980100842545,-0.416284211318211,-0.412412950654517,0.15882472890833,-0.144614836569602,-0.186461306323207,-0.260434129076011,-0.361092033624417,-0.127159464224427,-0.515814020600332,0.245129760823402,0.419744594796039,0.274396071634781,-0.0742382721971476,0.3294639597777,0.508996813427904,0.21283005273967,0.586846140795457,-0.193241063487567,-0.153978245412358,-0.250241808921098
-0.282062676077817,-0.0913507122706692,0.147157390486796,-0.435066760450008,1,-0.276069079526452,-0.15690318589375,0.115656409230489,-0.270949319042632,-1.1927966979721,-0.686714960633919,-0.83148810317958,-0.925039592168762,-0.713003751585193,-0.936001741274502,0.565346200129443,0.30103280619958,0.606516372774026,-0.0289716132109567,0.651441217322345,0.139707646885905,-0.011283466067198,0.0474031766701163,0.328022218738664,-0.788626438091638,-0.795415742745664,0.748086149599258,0.570074713681919,-0.12940780817376,-0.127919601245688,0.443253666519708,-0.614867522095645,0.291866153015549,0.669265950859472,1.01618121718984,-0.00988658605968468,-0.20534016477062,-0.206786008844765,0.187160797552094,-0.0488865397530096,0.441614423400604,0.841302780181958,0.471076857730402,-0.174513798529075,0.634756297027451,0.536268746348633,0.464738096416241,0.182675126377505,-0.137677446412003,-0.137094428731265,-0.491783511843398,-0.213310310646979,-0.933518345542049,-0.573457949448455,-0.492516775991581,-0.226883023042114,-0.307991993785669,-0.448672199331514,-1.22989034403415,-1.18962945879746,-1.42608776905285,-0.536770885387177,-1.04934947742027,-0.81217162651981,-0.992327979718304,-0.793595151754627,0.0986825308295416,-0.15226405474784,-0.0376674684198413,-0.341148375065438,-0.435667413970829,-0.147584887858054,-0.317812487628034,0.219507884014005,-0.665186793301271,-0.585417234475379,0.0833295070161115,-0.316838638301464,0.329445582911915,0.2914720531485,0.108216311159408,0.212064614519521,0.967423526105463,0.46262837388352,0.705252680789145,0.767363269845107,-0.218691081689434,0.255374653580369,-0.0962100311352244,0.62521869498105,0.324639531730315,-0.39166730054032,-0.142351542731015,0.991783243306089,0.667811887834339,-0.308115442185368,1.09857317591288,0.0380200477421257,-0.26551379784908,-0.21317338598384
-0.406671431655789,-0.135078204129605,0.0388773689819456,-0.478085969458199,-0.276069079526452,1,-0.298444159560791,-0.0397196489182655,-0.0882271882027743,-0.815777542036999,-0.298003060768318,-0.305489136792604,-0.910797735363811,-0.592741912080151,-0.870220774149987,0.0760903490201851,0.527608981555215,0.424818632067741,0.0671711031850592,0.456672208937449,0.2423501352718,0.0267595702020415,-0.199446006464871,0.379537537379616,-0.267630906115423,-0.507995833752963,0.334536358159823,0.366933271484389,-0.190827974643817,-0.119761112969225,0.0442266942295992,-0.769011913477903,0.424075503299923,0.706218357156727,0.636857755861211,-0.119521889669909,0.114598772734101,-0.284167470539154,0.0392739125700413,-0.256408254623964,0.0796413721403728,0.456294488119056,0.333839504108302,-0.322819938520388,0.184949282064682,0.242011014100207,0.222399913203717,-0.106065922123441,-0.298317517343466,-0.13720239241808,-0.865748053445998,-0.186098375191325,-0.759284658487548,-0.350443209116787,0.0190215815226547,-0.136830685940147,-0.323458352950503,-0.0573138052582159,-0.782203469945838,-0.712372573620925,-0.90114277118202,-0.576172803326622,-0.619801987258148,-0.602956118052884,-0.492873697619921,-0.902602438996554,0.162005711923547,0.249416936347912,0.553222967934028,0.0175532166710894,-0.397173474209155,0.404565277203344,-0.235590312146838,0.0917003923548514,0.0310821863473677,-0.0691703352469697,0.0767757359722709,-0.123815779403853,0.235687833283568,0.177351920115208,0.654880912822284,0.548581099024115,0.83971799127132,0.963326493737611,0.7091908535125,1.05263255300546,0.0868740964680555,0.267754214511403,0.142098381731718,0.699000521712691,0.531895320035333,-0.402618691670527,0.0693315169880727,0.930934833988726,0.607988050090171,-0.436056026725663,0.826502170072645,-0.122059957507118,-0.203968483505719,-0.092773344008307
-0.0679780403207662,-0.232572143915574,-0.265964549843561,-0.126468342083667,-0.15690318589375,-0.298444159560791,1,0.00230898853245276,-0.120566485604474,0.00188830142978125,0.227799425180474,0.154180948408175,0.149497826188943,-0.187363417210834,0.232363066467679,-0.561230592407731,-0.0126693708448709,-0.446350255076401,-0.2137448657719,-0.472964701732985,-0.0758998879322044,0.0101188511506888,-0.425607304809988,0.115789627904045,0.0395685086783994,-0.458761271283703,-0.121391351758231,-0.410865882793742,-0.187416995284082,-0.109193259173042,-0.0492254729346015,0.266246715514777,0.191553191857582,0.118008903746951,-0.0700348377753646,-0.196405633880374,-0.0407925457239962,0.195848932996053,0.144787470745042,0.0391849054620553,-0.224457976080413,0.172093368402544,-0.0170708903344637,0.196556220458477,-0.0167576621413303,0.454074102486342,0.0120668845096031,0.0112576454180134,-0.0269566292102378,0.0453233335120295,-0.410280220704041,0.000886738435596612,-0.00992863987488718,0.223625538222952,0.220890667922883,-0.638345566528588,-0.261127242024391,0.366591215384723,-0.00658008146526706,0.118379615520927,0.233017037245711,0.264336316898742,0.328584475770611,0.480565573266366,0.110794144680752,0.124546397237903,-0.014151084293285,-0.122390893367271,0.113846293683423,-0.210495505837386,-0.0680927160064996,-0.179023361780272,-0.352970323689037,0.312516873837381,-0.0372956778275563,-0.338137245404873,0.0937670957066533,-0.344835801249445,0.486107317067757,0.63232514698067,0.312038934474334,0.0986414583791089,0.247398812693327,0.330646756127899,0.0633532643960548,-0.0970619282246132,-0.216175392458103,-0.231208709293638,-0.303312453567213,0.328491650144595,0.65167868557685,0.141647666261286,-0.0161909604152848,-0.0114546045759168,0.187863330816641,0.239949192074821,0.317712632660835,-0.0669751875899726,-0.175187975351964,0.0656962707522503
-0.461456020723002,-0.238079953603267,-0.263113354425518,-0.314742853650761,0.115656409230489,-0.0397196489182655,0.00230898853245276,1,-0.0814761274629124,-0.308939814053108,-0.130100996568104,0.131022767699934,-0.554159905353301,-0.324511583630215,-0.633294939145325,-0.330956620643899,0.620029069134447,-0.0973315453056209,0.227827967667612,-0.178509557104598,0.406123429147357,0.0934005356206772,-0.493552600303564,0.122210414497627,0.376395669396422,-0.210669901303928,0.345911650623439,0.221100076807503,-0.0180479417882024,-0.242987602946903,-0.0933432656521737,-0.609725731071064,-0.237963062860442,0.421466766430698,0.0319759440673713,-0.0997992930095519,0.706741675797524,-0.273611922906383,-0.220867381280707,-0.24997169753938,-0.385833507267718,0.376615666190925,-0.260938279190356,0.139160097044203,0.600455894013052,0.262894653251142,-0.0215209928558495,-0.0128576929924021,0.311398936922251,0.195808875970132,-0.746774520123554,-0.253147229188176,-0.352070045320928,-0.179326247675326,0.226888621180668,-0.403983165142337,-0.766242282555492,0.0192838286486106,-0.330549338783325,-0.316780579245833,-0.0329814734264695,-0.557979980063733,-0.158073298723331,-0.044642259281789,0.0173748937817773,-0.540420489451689,0.158449416806591,0.264569640561466,0.48155810121974,-0.00300227710044942,-0.109223773707088,0.115819532470943,-0.187068424191556,0.0401374582315894,0.30699272684729,0.0565838266217352,0.431129345598827,-0.0954667923257999,0.142067767657354,0.00382742921763277,0.561274646067745,0.553227703936993,0.789348542460101,0.653762480958385,0.571141108859635,0.353192430747381,0.66125544724952,0.467206643024526,0.22487852003709,0.17875186547893,0.294414785033928,-0.303589733959879,-0.29026231525785,0.153553518041224,0.181843811169264,0.106392434766737,0.424046253033268,0.0900301817561833,0.168678071114237,0.255730094637735
-0.202805356872843,-0.0374164467232281,-0.213539896590528,-0.528917275215113,-0.270949319042632,-0.0882271882027743,-0.120566485604474,-0.0814761274629124,1,-0.568550452260008,-0.301728732483169,-0.266287607682253,-0.657362001086899,-0.392917306709682,-0.746998105708305,0.097031014579741,0.379773959054029,0.0699652676215805,0.126097122354604,0.306055025321748,0.148562544877552,-0.0436411888743043,-0.239637063948306,-0.0412161537174817,-0.410335672062448,-0.379786408051075,0.647252077468217,0.315675179506813,-0.112211886028527,-0.315620612878148,-0.0986642364417709,-0.511139818050178,0.00446527798488539,0.376926083373876,0.201538402331802,0.0884869846692378,0.290056830230509,-0.0398430208055292,-0.0430485662776092,-0.280663565776972,0.0615342900910588,0.206411749495898,-0.0555248701328593,0.0668981352091629,0.573001400407598,0.358171197701977,0.158590700675347,0.074414803625289,0.0836956930443927,0.244817269926892,-0.793203902332204,-0.308102911601786,-0.406984772963923,-0.163598220551599,-0.205537864721699,-0.366496181174403,-0.446166758087608,-0.17798410743581,-0.650825594332165,-0.588178194687541,-0.481728192537128,-0.19947203003236,-0.471690811169447,-0.370853991822373,-0.436852426975759,-0.694752057896159,0.074653377775064,0.205362415835181,0.342169580782788,-0.151698151384429,-0.173803797179406,0.103902862904019,-0.11168602895847,-0.183222388789561,0.0146021274154763,-0.272941819127568,0.259018288249387,-0.221189314899301,0.0576353648997116,0.0762933815315305,0.339139284439285,0.502805401753243,0.791275607649617,0.495544766136938,0.601433168974381,0.632533622579263,0.0758352392783921,0.270221335240889,-0.0312126360594991,0.488602057305701,0.483864587644019,-0.11233677447234,-0.154125373536967,0.474798653848051,0.0764070406039666,0.0114373379749931,0.553175791900437,0.114902329718489,0.0180486756391149,0.0941773452172591
0.519968932771613,-0.740706722844576,-0.488295032521494,-0.44685121585632,-1.1927966979721,-0.815777542036999,0.00188830142978125,-0.308939814053108,-0.568550452260008,1,-0.107996104058977,-0.655904356616701,0.00139064108927967,-0.871571956403381,0.405670180198602,-0.0582700820818549,-0.391638316487789,0.00924467963756098,-0.569877328419703,0.561890588182677,-0.374063400570106,0.121298034244571,0.536986090018147,0.342431745442674,-0.714018648922869,-1.22743962242393,0.607752502537153,0.113156610824413,-0.415924488689559,0.590666700240225,-0.2867367267739,0.325392034096141,0.37055284368374,-0.0849571241119182,0.788505650400671,0.555406151912748,-0.672308500650395,0.879318149705462,1.03885370133895,0.497001390609427,1.11979729808727,0.363314363123474,0.826373688836008,0.379606601431119,-0.18389496035535,1.23638225265146,0.934725570358969,1.0356378486134,-0.229218247557682,-0.089039836883916,0.384962698719124,-0.513650121077149,-0.483654079753263,-0.800424565817803,-1.07757506082157,-0.807395464140243,-0.0733290451900373,-0.425470744183761,-0.364626017778913,-0.575010980447607,-0.719265054268199,0.171723881133029,-0.47115106359561,0.25637562266267,-0.351319626463543,0.610569246040647,0.168691823807559,-0.691059468124766,-1.00698765942921,-0.847100864444078,0.046096923667065,-0.57685747125259,-0.169380768485082,-0.0455495058371374,-0.746296392105523,-1.06322630864604,-0.569362160701462,-0.483882608719397,0.77493967492572,0.795638516780205,-0.698104374647534,-0.867841833128715,-0.518817173292631,-0.66249289756097,-0.299516445894847,-0.47026907421592,-1.23181535389352,-0.653207900047295,-0.905566488180469,0.30914812225667,0.139242702567875,0.190955482991886,-0.0311828200213036,0.0834830328345473,0.125317096954591,0.133982537209592,0.301414721049049,0.106987241862236,-0.405706479227341,-0.988505152308448
-0.12568996725944,-0.589680484466821,-0.427772588062036,-0.045399875742886,-0.686714960633919,-0.298003060768318,0.227799425180474,-0.130100996568104,-0.301728732483169,-0.107996104058977,1,-0.044991456359078,0.295057929622932,-0.00950659389380043,0.438087459717357,0.000300195482022647,-0.149204807367983,-0.20286580767869,-0.118082490590439,0.0438453204305159,0.182979286553106,-0.184439294412895,0.0442835942852884,0.197268793929094,-0.0397963293933273,-0.538808261416241,0.174496186355779,-0.144218752831542,0.15014931982713,0.071093847463912,-0.140103764703703,0.18735631561871,0.0819748201580246,-0.0634570724832229,0.0980248845387141,0.233624164245717,-0.206007356829258,0.450705370310437,0.487014968637641,0.420177603871216,0.461668912810405,0.334534074496892,0.353338205774224,0.609027016816593,0.233593987720549,0.901590199327053,0.589283432379956,0.699862807058057,0.150419266351994,0.381470562704515,0.16444968756088,-0.454188273962201,-0.0978421834422276,-0.456199177976907,-0.57108522914804,-0.706896400153981,-0.35529203621437,-0.196179562494082,-0.124780961955256,0.0587261327724211,0.0100886944882723,0.17173843829583,0.113917981781883,0.230115166187864,-0.10221187431748,0.25536122890556,0.0513166720767673,-0.673073783450021,-0.66334828875542,-0.547417621570269,-0.067191037572787,-0.810390955332875,-0.374411450465769,0.153348616430714,-0.470878711022187,-0.739796702067591,0.149362384524066,-0.571684209026689,0.570751867602266,0.617198913971589,-0.499514255055099,-0.366565463154928,-0.2086187460167,-0.584733482655496,-0.575132747888756,-0.529112314487505,-0.411144595867453,-0.48434299897601,-0.542209905660557,0.138928852131917,0.112329218530591,0.205725507993803,-0.32876697139128,-0.167167567517489,0.22630268431128,0.419140476580778,0.38645697695948,0.0117408484160412,0.0124834241336503,-0.247725286459316
0.013709269412601,-0.177954096943682,-0.174230262360509,-0.24224848474285,-0.83148810317958,-0.305489136792604,0.154180948408175,0.131022767699934,-0.266287607682253,-0.655904356616701,-0.044991456359078,1,0.138493991929654,0.187171553185476,0.158507354823301,0.503970886027351,-0.0353571189578108,0.247087395729516,0.261795878149581,0.638273087552203,0.314762426708013,-0.198629937630828,0.520698871831017,0.376140666557647,-0.322331143252864,-0.529145116374146,0.525235628902613,0.228104043039472,0.214226111467494,0.114632033590562,0.205054353319413,0.365607643539666,0.0882284996442108,-0.049729758536947,0.487624535350466,0.161551742472464,-0.201873977251825,0.522894995608845,0.288414189412865,-0.0582088914439434,0.463099195369996,0.486695632581924,0.243782177916775,0.233912506528472,0.0930376418881922,0.473222693069886,0.372084522544393,0.458264953917615,0.104570674769805,0.0757735719893801,0.163620633156885,-0.260929941321907,-0.348675541139169,-0.670597898083674,-1.01023201997374,-0.088758130845259,0.280159721397817,-0.400286348820997,-0.548471686861119,-0.365837631527633,-0.40888588947186,0.350354858314893,-0.495833385215193,-0.213382258664106,-0.184756401139263,0.0217835408208137,-0.0867434163585035,-0.28755378051915,-0.626063622625613,-0.477909611715903,0.188672527846979,-0.68290590785383,-0.123911437941534,-0.0647462962260639,-0.33291081439017,-0.543422309171515,-0.214817181143611,-0.402898315641,0.293101060602285,0.252411872769498,-0.658562477827124,-0.401603356812305,-0.0136991733008455,-0.450825066308501,-0.425651605561972,-0.227151003835141,-0.626203980962159,-0.14056121739821,-0.350253068806673,0.024018343259376,-0.264987393479827,0.0896615939047981,-0.566826556279754,0.137940531978127,0.182230482381367,0.0965298440820589,0.259914179679397,-0.0347614045368865,0.287126073104905,-0.280678371940593
-0.326562451002586,-0.849859637530155,-0.804076858972282,-0.244478135900277,-0.925039592168762,-0.910797735363811,0.149497826188943,-0.554159905353301,-0.657362001086899,0.00139064108927967,0.295057929622932,0.138493991929654,1,-0.432920158063484,0.139119345671794,-0.244512443996829,0.21646559737542,-0.139166839289407,0.00994681207262174,-0.109408335384864,0.248668863014319,0.220429745072502,0.0441386994890905,0.354615862672655,0.208689619601794,-0.493235608065265,0.164367947574337,0.152444017594775,-0.200366820449297,0.392635630458466,-0.251097900120792,-0.196020225973967,-0.000468656066476836,0.0904098944751212,0.202838858363629,0.348645801421522,0.0323761169422119,0.317622174790423,0.64168245257383,0.314678201724788,0.266244872030745,0.253877726947849,0.295608356263468,0.237065087946281,-0.0307151095886934,0.748027687526581,0.601123755694952,0.49282499532292,-0.0335263992029093,-0.0778732746609034,-0.0130132566936083,-0.526709091779074,-0.226948654778628,-0.637221198141566,-0.683695229583591,-1.00536109540082,-0.559668407602038,-0.531842738394771,0.0439623713108963,0.0475326680245189,0.180374912279398,0.2027659107254,-0.00639668965458146,0.423432224150062,0.260957211540399,0.249779870016734,0.0983372247443676,-0.190808789316211,-0.31658580994414,-0.559406980083454,0.355719090406076,-0.0650542955764353,-0.0316490423576018,0.0334231317679101,-0.0378802608711531,-0.35182410372957,0.202619002889121,-0.255473918330254,0.527321266938498,0.642267253918817,-0.146278832958754,-0.437552978329324,-0.121631324292206,0.052705958081732,-0.0589000184403788,-0.193697565635009,-0.197149960799489,-0.179127664430298,-0.534601534126068,0.122559961980694,0.354200817137181,0.114905536467072,0.137444709890211,0.0364373226206712,0.316090033937211,0.00036484767745304,0.418937349753441,-0.153912209330357,-0.29788878398823,-0.514860075886683
-0.807608142253308,-0.553937547188943,-0.424163415302416,-0.0531053421966722,-0.713003751585193,-0.592741912080151,-0.187363417210834,-0.324511583630215,-0.392917306709682,-0.871571956403381,-0.00950659389380043,0.187171553185476,-0.432920158063484,1,-0.35233379088144,-0.134784667978128,0.411715945809551,0.0980670181832915,0.462409629573715,0.22738573994225,0.68971240196795,0.0596202877380421,-0.0986734818646494,0.883563168355914,0.249698726197545,-0.440006028987833,0.131280330573693,0.151898770428466,-0.119061392047706,-0.0688964888458813,0.484237663037498,-0.227689501311716,0.297914384177531,0.401802399253575,0.67818245630417,-0.10405364966402,0.16487729948033,0.0453274654747648,0.488892149188946,0.113031768010366,0.25243810016389,1.00760002210199,0.648360301335717,-0.0488617100735166,0.0897746765138622,0.711360940886957,0.732117789075502,-0.0653415475545394,0.0541094834598891,-0.226774216612967,0.0498730524726207,-0.311413594296998,-0.759989039077221,-0.873420067046735,-0.472778920891917,-0.494163469861885,-0.524640451778024,-0.397795152350315,-0.66490741020134,-0.300827661557338,-0.476080125287661,-0.320613961679612,-0.611976670892169,-0.339920581939992,-0.0891134495819026,-0.337308271405669,-0.0827665990723993,-0.159075641389166,-0.164367352934689,-0.411411185979596,-0.0304684291538385,-0.364724561107473,-0.5953925135454,0.37373463995514,-0.00726692496212898,-0.293767139061399,0.0692601680567903,-0.401194658368271,0.535358507388661,0.560220862808281,-0.00962792946336319,-0.120774991636062,0.336785545655889,0.388971904907722,-0.216093663971992,0.153022257633046,-0.0915883042221741,0.0494765783065337,-0.397398609271482,0.25325706982274,0.28126250668983,-0.139485710051439,-0.324275000870735,0.617630633355955,0.866574725353288,-0.357052508283077,0.737516125585151,-0.550748762834467,-0.0398925992624337,-0.504157845171699
-0.0515928742223138,-0.793985851677571,-1.25886935564955,-0.14713572004466,-0.936001741274502,-0.870220774149987,0.232363066467679,-0.633294939145325,-0.746998105708305,0.405670180198602,0.438087459717357,0.158507354823301,0.139119345671794,-0.35233379088144,1,-0.115101375037399,0.272064047176837,-0.179766563474958,-0.074139733268849,-0.173268570811327,0.315300897646291,0.402630009373312,0.124622351138237,0.103315524803692,0.144389865086704,-0.656984196089305,-0.00942165319447807,-0.538811165742843,-0.450613387948047,0.13887262139395,-0.513884875426337,0.116674262359983,0.400702828128869,0.133318993530817,-0.103042187534298,0.479022216582293,-0.367229069204713,0.317843705086355,0.718432260200047,0.0499093412971632,0.385867275361018,-0.119717114261043,0.184744731422292,0.228443507244558,-0.183241547501673,0.659880681873773,0.682111161977044,0.514931368423831,-0.176061384641295,-0.0128205063982122,-0.0843294490296129,-0.76776319309884,0.0280003550433723,-0.525598115581734,-0.610594367122103,-0.745539858644835,-0.758835101477673,-0.489441104574164,0.330430587868185,0.367732815274039,0.0999261900420179,0.0874447518419847,0.0573996773201134,0.386761063198684,0.383612917291715,-0.0342642465924196,0.295977839811292,-0.187937461663515,-0.0465354269512387,-0.153495119377658,0.439153161690279,-0.308597056211111,-0.23437310695945,-0.0293926036755371,-0.0362528485091013,-0.684107612458534,0.294581757388354,-0.632474294816435,0.590489996669419,0.855905610611263,-0.119873017058809,-0.329757133578276,0.00222090643846895,-0.0326270722321956,-0.367227486391156,-0.346332811634167,-0.450678618515973,-0.475738789407847,-0.496971059269027,0.205590105443455,0.808290086357232,0.443679632888156,0.133646379029884,-0.185456664580207,-0.081725060363901,0.0772086328811627,0.0761962173191518,-0.07927688175513,-0.325454776860434,-0.218286792378322
-0.0983668046750756,0.179888773028904,0.28867907297033,-0.133855592971401,0.565346200129443,0.0760903490201851,-0.561230592407731,-0.330956620643899,0.097031014579741,-0.0582700820818549,0.000300195482022647,0.503970886027351,-0.244512443996829,-0.134784667978128,-0.115101375037399,1,0.432057597475006,0.161988921393399,0.189273264328308,-0.307962037810322,0.102421637622804,0.303750484344385,-0.0670817562749074,-0.119544881008723,-0.00197959494617744,0.709107085666542,-0.309191540797981,0.489596272187723,-0.173297094567824,0.348070159638703,-0.07457328520099,-0.578959854301787,0.0790768243930017,0.322203988995123,0.12251805131967,-0.496470261959301,0.772370974538472,-0.534535900716018,-0.609406559517765,-0.461569863594731,-0.510630704734254,-0.252661123545772,-0.417200616507623,-0.600062702608642,-0.410518248400988,-0.68879691586294,-0.561443003033126,-0.488659015762914,-0.137260922607462,-0.424742832402581,-0.506853823570632,0.123862514774248,0.255886763244325,0.368108942007341,0.795519311364452,0.19507641507372,0.469540240487942,0.0423603891308666,0.154148419350147,0.134917958400437,0.722002289330845,-0.278469420062221,0.163465453837587,0.324124757554113,0.521358129927167,0.088499816928258,-0.0431657175978842,0.928544392564528,0.763998870004627,0.549706266223728,0.173309906895378,1.10921995154751,0.719903629161907,-0.359857398559643,0.834217519046896,1.00376133738742,-0.239394331773569,0.992808416805246,-0.529317579412546,-0.996461593899524,0.800109604131361,0.498365480784103,-0.226931822926108,0.673019015300331,0.600129756842203,0.543429756107818,0.316576222108831,0.438593844018435,0.316811858379072,-0.550255967944868,-0.551499403958358,-0.62736072891221,-0.0489629476110408,-0.272227159108463,-0.568342756971674,-0.556320541391323,-0.601326332481867,-0.081054140610276,-0.0723199490570385,-0.118534265823493
0.222758349454539,0.608852698317486,0.829268737243671,0.0662961710149549,0.30103280619958,0.527608981555215,-0.0126693708448709,0.620029069134447,0.379773959054029,-0.391638316487789,-0.149204807367983,-0.0353571189578108,0.21646559737542,0.411715945809551,0.272064047176837,0.432057597475006,1,0.118987386327769,-0.0197138881751208,0.236878532281721,-0.245429731561364,-0.414614761126693,0.185502182341382,-0.0331771949362975,-0.200463726774439,0.382950453419456,-0.0822662087381423,0.232736538658091,0.321005936120291,0.0921435727737469,0.477958245291434,0.239876837872206,0.119005213059587,-0.301419007099399,0.150530793198317,-0.410390897373388,-0.0284311791644518,-0.0780260846413952,-0.415666619072324,-0.326108508203139,-0.0468768869885277,-0.0175625828849845,-0.184451508218382,-0.0967274747361049,-0.142032242240116,-0.485841129230645,-0.407508205566201,-0.204007224945524,0.062866816930098,-0.158969957590944,0.342461253026101,0.588114192689044,-0.00207990942813785,0.153766340167039,0.148742356334082,0.944205900296802,0.985652037884748,0.191784052696366,-0.271051604720343,-0.131046157177374,-0.0908709129874814,0.344662114045397,-0.111858909468243,-0.23059008487752,-0.177187172512549,0.201697739767187,-0.28137830052886,0.082400559930237,-0.248045699201067,-0.0160140631201158,-0.161353249333757,-0.195801125188938,0.078951335747089,-0.180126609630405,-0.0879130981924747,0.285143281896709,-0.391923170522524,0.179468024696594,-0.340454741201787,-0.635735726315665,-0.211188613516548,0.0445975496029203,-0.191545362266762,-0.268755497799439,-0.168739800038386,0.133983071868343,-0.0746539855980767,0.171395686257622,0.0709640855971726,-0.132488611507425,-0.565631067358917,-0.196491989894106,-0.368573493350313,0.0976568531603431,-0.0706875025294306,-0.00282245930280434,-0.133801997203917,0.106032262332145,0.399562006605357,0.0671250295893658
0.00192886464996127,0.340233738161036,0.376552265235189,-0.174596331044452,0.606516372774026,0.424818632067741,-0.446350255076401,-0.0973315453056209,0.0699652676215805,0.00924467963756098,-0.20286580767869,0.247087395729516,-0.139166839289407,0.0980670181832915,-0.179766563474958,0.161988921393399,0.118987386327769,1,0.0198037241767668,-0.228511537880962,-0.164187655987322,0.0892942446465735,-0.14773759265316,-0.296465214839657,-0.0326406013265212,0.874101963605365,0.256990762668702,0.736194909866086,0.178704934099895,0.420246746712539,0.248458343591893,-0.158736998207229,0.142345240243029,-0.0236598280984615,0.144604260058221,-0.741946474871904,0.732965721355171,-0.299518469660838,-0.740562882884174,-0.931807231548335,-0.416253761702948,-0.217606508434697,-0.249706045529589,-0.168783115621638,0.249061332167135,-0.646586546022917,-0.493498828204925,-0.519026106562133,-0.0718118332444704,-0.313130222335644,-0.503644307128472,0.0911702934375752,0.242464224776666,0.425609599904306,0.663099509765813,0.641231563875521,0.307683642657531,0.0446550075484146,-0.0072210312449924,-0.00988752201259335,0.387311739339196,-0.00566143403762198,0.144357662636023,-0.0395682342424007,0.216077531902845,0.126784851525085,-0.498061771354246,0.659125425719601,0.535211354738141,0.299411247475909,0.0242675143778672,0.52871002363493,0.380944330961523,-0.914894508558586,0.512424793962352,0.917765728198582,-0.389560494083325,0.762676316973187,-0.765973763563676,-1.1099568405793,0.583929402022923,0.525196324960005,0.0513111551263163,0.232957967398829,0.464407207945019,0.292024667606996,0.387280195800888,0.599812554247651,0.0341617003479956,-0.523520531350735,-0.592395030215355,-0.412876946147108,-0.429305229174139,-0.0153552468928,-0.615036866193032,-0.189471069853259,-0.489341234579053,0.0107352835816285,0.0712634512048898,-0.0615370510868772
-0.459647757967856,0.172506252912717,0.379261277069272,0.176868283868003,-0.0289716132109567,0.0671711031850592,-0.2137448657719,0.227827967667612,0.126097122354604,-0.569877328419703,-0.118082490590439,0.261795878149581,0.00994681207262174,0.462409629573715,-0.074139733268849,0.189273264328308,-0.0197138881751208,0.0198037241767668,1,0.111078665946432,0.262008901882542,-0.0317296294858705,0.00128891988922622,0.509014668381795,0.0777161952218902,0.11678059719917,0.0317320446820599,0.361020411565281,0.132098821325297,0.100431290104087,0.755863175482866,0.163701313180715,0.159345941646574,0.139657788941147,0.585664574460415,-0.415271306600126,0.224493155165949,0.0386700491835558,0.0900473870226052,-0.0152012728185875,0.0299269999003215,0.693259321049544,0.499464446554286,-0.187919820506091,-0.0523621651857489,0.0930045317333367,0.324105280594713,-0.324991637356665,0.0450031403651071,-0.266729951790002,0.146416535476638,0.321937699999148,-0.0982387651063886,-0.103490526848534,-0.0388732384242775,0.234053950967077,0.403724289754834,0.0329817523681717,-0.462939274219774,-0.257616172231882,-0.234060065635779,0.073282458596434,-0.421234738081686,-0.556412381341474,-0.204666961579265,-0.102500137098096,-0.461097363829117,-0.158713990839639,-0.223342586791929,-0.249739561642541,-0.213638209800264,-0.309124205079834,-0.392558563902097,0.153514299300579,-0.102578437402126,0.130073740410449,-0.294409323377544,-0.000571120723137197,-0.0112827067270278,-0.0213665435880088,-0.108572740168668,-0.0835729461310882,-0.0160568978117034,0.0898880041409354,-0.301008533958443,0.0568719009065838,-0.0485886238099184,0.137604127964174,-0.258116444929561,-0.135408586256591,-0.408373204175782,-0.197217183860009,-0.367163755599872,0.439043238969614,0.551449466254804,-0.326794946983633,0.279298195737241,-0.506593253190974,0.107678313014621,-0.369675229602134
0.0954044211008443,0.097299019104143,0.518249920989808,0.0289439293204425,0.651441217322345,0.456672208937449,-0.472964701732985,-0.178509557104598,0.306055025321748,0.561890588182677,0.0438453204305159,0.638273087552203,-0.109408335384864,0.22738573994225,-0.173268570811327,-0.307962037810322,0.236878532281721,-0.228511537880962,0.111078665946432,1,-0.287325637109752,0.0932140314591274,-0.415094929587551,-0.212278964539384,0.44345386406455,0.939590665590208,-0.273560749556811,0.138297974336522,-0.00484505972295679,0.0041972998230359,0.059945323853937,-0.335584012161205,0.0170147636277511,0.0220737300077195,-0.263032054488965,-0.573746348450212,0.689016170377115,-0.637682725882807,-0.731609788796687,-0.755140308467813,-0.916309732570316,-0.447289003303071,-0.361909618329317,-0.47174301371509,-0.145311788251318,-0.985740038268144,-0.715753175293646,-0.907472854072093,-0.230342468513724,-0.473748190848919,-0.364609153360377,0.303043014770538,0.209856559664172,0.7121665682722,1.06159257735401,0.564553370514677,0.30118451381009,0.314242264370094,0.479439897893674,0.240029312991946,0.655974006705964,-0.117744692900743,0.205435682118272,0.0182258738691012,0.370320456212328,-0.174059823898499,-0.114069775434441,0.987093888786486,1.02109482870189,0.717929746495441,-0.0428632934439824,1.00937970970744,0.429642773250815,-0.430679095885327,0.980842836594298,1.10536092505285,-0.58404785887052,0.648050768845307,-0.750046295533179,-1.06795656879283,0.913473526537665,0.831212340913932,0.0776066517828955,0.710053211320898,0.438880432831568,0.641396988220394,0.733828294828105,0.595268671281943,0.532826182765587,-0.304042327105391,-0.292179792814653,-0.389137448135899,0.251363028049007,-0.192481592375981,-0.521273012537018,-0.273414404607344,-0.720278268917496,0.129002953616884,0.198997375486428,0.23190139688552
-0.0949214503566537,0.326709155358643,0.540773411609264,0.148945595958974,0.139707646885905,0.2423501352718,-0.0758998879322044,0.406123429147357,0.148562544877552,-0.374063400570106,0.182979286553106,0.314762426708013,0.248668863014319,0.68971240196795,0.315300897646291,0.102421637622804,-0.245429731561364,-0.164187655987322,0.262008901882542,-0.287325637109752,1,-0.460203829336476,-0.189193991126994,-0.0775464331815707,0.0363498679459721,0.10159294909151,-0.359167208962161,-0.0627698237853538,0.0487108424711494,-0.274758383433455,0.458947763232628,0.16031761642176,-0.127968134365179,-0.205114183695626,-0.0682041053514727,-0.349669966117726,0.183166832863577,-0.0225421004077446,-0.241660968859745,-0.19574766366632,-0.240353149648634,0.257261942657963,-0.271360790468664,0.0818122508183126,-0.203883277564103,-0.11215419431747,-0.205738733995544,-0.310567208932155,0.37473115133313,0.0238125900064572,0.0956391673848313,0.489494931128696,0.0272356293735745,0.29789515141935,0.122549348984883,0.402146352050057,0.75386076628434,0.164892428376445,-0.182027514746761,0.113551163566875,0.259864453653045,0.444591441419505,-0.0204910537142903,-0.113643576569375,0.00671598038033927,0.122683375925144,-0.294899002456364,-0.0391069970802567,-0.201331650068422,-0.213270846188056,-0.08023591807681,-0.457512834915905,-0.189253444340665,0.152909785880894,-0.134520045664401,0.00266188995628536,-0.180482220112701,-0.172187674265003,-0.104613541849962,-0.256933593373687,-0.225674496406408,0.190009472318006,-0.0497172356788681,-0.0122725285588104,-0.399442476819713,0.103430898780179,-0.0373610005940176,0.106661476884801,-0.152422949182967,-0.0339843513691812,-0.245540576533334,-0.0154747696782848,-0.309323380068035,0.0896141684940122,0.0208492205067312,0.0948426931723296,0.11054368135258,-0.134817425772886,0.495197972369809,0.147708318946907
0.332653033878036,0.232555103981204,0.141214960828391,-0.035011887393151,-0.011283466067198,0.0267595702020415,0.0101188511506888,0.0934005356206772,-0.0436411888743043,0.121298034244571,-0.184439294412895,-0.198629937630828,0.220429745072502,0.0596202877380421,0.402630009373312,0.303750484344385,-0.414614761126693,0.0892942446465735,-0.0317296294858705,0.0932140314591274,-0.460203829336476,1,0.418678928415992,-0.684292660964223,-0.510902604958161,-0.104466236023205,-0.0209808041140634,-0.00327827418859161,-0.343828970990526,0.161771121711859,-0.0304478095851299,0.239824708301046,0.0936225308516914,-0.351462442989165,-0.0206407521005147,-0.0166475657643518,-0.3058266765788,0.189325739433053,-0.136171767337581,-0.275928846854505,0.330255791188464,-0.458352369634389,-0.155795297012518,-0.100393529064896,-0.433573075703171,-0.307580762431979,-0.057831095665554,0.0980848714480327,-0.318902137277032,-0.24652558872478,0.685777968065122,-0.114793267459832,0.144694954326104,0.236518368555396,-0.0196651114125171,0.362020740121039,0.695592946500845,-0.108725538909472,0.385199752060386,0.237690220343081,0.133502496708472,0.402242742401701,0.0305768846280612,0.390440334095096,0.396682374300998,0.443930619723995,-0.0391925441273337,0.321854021126768,-0.12279943390962,0.0599930352861687,0.246964473511348,0.138995353406528,0.559707860644082,-0.506338439543413,-0.0122645642862207,0.00118085024269687,-0.582698363496099,0.0676906521062198,-0.242171161227252,-0.61007055335047,-0.462844454005148,-0.0303961017639273,-0.538742229724729,-0.475924220298538,-0.316450580883818,0.0642989859318648,-0.581581149847382,-0.0679175468581684,-0.106884447210796,-0.400890541246122,-0.50630786836144,0.095919186800774,-0.0780446499970781,-0.532891372043376,-0.861783794864474,-0.0961046666271335,-0.702287150207096,0.215015959435449,0.0425077141628771,-0.22698011562999
0.0149227129697747,-0.284254311812199,-0.200017595327971,-0.283272172929631,0.0474031766701163,-0.199446006464871,-0.425607304809988,-0.493552600303564,-0.239637063948306,0.536986090018147,0.0442835942852884,0.520698871831017,0.0441386994890905,-0.0986734818646494,0.124622351138237,-0.0670817562749074,0.185502182341382,-0.14773759265316,0.00128891988922622,-0.415094929587551,-0.189193991126994,0.418678928415992,1,-0.359848157086415,0.0512717128924385,0.325579149423584,-0.245128127157697,0.0204788360800357,-0.474321902675551,0.395256107814727,-0.00611398587373413,0.0764897019045012,0.476886666849129,0.133838161054006,0.0600396377594142,-0.364588150321995,0.261717485651222,-0.144241226173431,-0.19095777546422,-0.648787201078079,-0.199294645529988,-0.334494069730814,-0.0668835066278548,-0.373380301151188,-0.536656319732484,-0.436179961149583,-0.0701387848113431,-0.274622117512204,-0.543865561847066,-0.653578025957497,0.0853695340588214,-0.358619799590061,0.316655384528347,0.254594747188341,0.50946930516899,0.0914512388251048,0.251395259462541,-0.12803743588885,0.632461791605824,0.44612324622183,0.667059435863231,0.0609225854524028,0.21263599087122,0.504602694662494,0.778365137733886,0.238666587806078,-0.101936322069784,0.709698121055025,0.597022062115485,0.429184985927405,0.401703269286205,0.663711812677012,0.526743109225659,-0.715331296967177,0.658775675606974,0.528774010090208,-0.520204642306751,0.390651727872883,-0.357520036227752,-0.55186570071621,0.451542729408788,0.266632237426262,-0.438814360891579,0.252877627168223,-0.0417336497268756,0.106488566612174,-0.177159054064097,0.0698347425560855,-0.128819983424409,-0.581055027001413,-0.233240683250588,-0.120364064270657,-0.10196099343109,-0.558418963228917,-0.817350236506212,-0.385967610178439,-0.818562869418632,-0.0755055592082159,-0.230266040000639,-0.396296487790905
0.21852258559742,0.398608300841841,0.122297034253864,0.275302183732194,0.328022218738664,0.379537537379616,0.115789627904045,0.122210414497627,-0.0412161537174817,0.342431745442674,0.197268793929094,0.376140666557647,0.354615862672655,0.883563168355914,0.103315524803692,-0.119544881008723,-0.0331771949362975,-0.296465214839657,0.509014668381795,-0.212278964539384,-0.0775464331815707,-0.684292660964223,-0.359848157086415,1,0.333595557890677,0.501570701563163,-0.169924697457729,-0.238948080046357,0.496892357695813,-0.626438253015724,0.144879173202183,0.149618084710329,-0.495135850992487,-0.479142138163974,-0.959094279903502,-0.386974224289817,0.511262434732179,-0.122005392837106,-0.672937274350188,-0.524717368074107,-0.549669010014907,-0.43051712144425,-0.659788417795077,0.338069804619978,0.191190720091678,-0.556573923735699,-0.76445472021288,-0.31489331390022,0.665903699228397,0.424158539313775,0.0656377476525936,0.228138763672572,0.302300122642294,0.464682920571891,0.0953003458485023,0.313945346012122,0.125242256672536,0.114356337102387,0.323632653450195,0.316768856540368,0.65315942975421,0.371990252185364,0.14317414609696,0.168993959330454,0.262830936257373,-0.189583087510216,-0.169277760984982,0.446097809558766,0.357558566505983,0.300522153066478,0.118047173622582,-0.173795049134865,0.1102098839428,-0.0883295440841528,0.497031235426851,0.436946224260103,-0.292379067469143,-0.145154884631478,-0.476727086452286,-0.827293326712751,-0.0241419344697894,0.675944084530713,0.22012174681835,-0.181634512570477,-0.177394501834366,0.128901154152612,0.570209561265869,0.342195205518317,0.545221521237436,-0.0626526512761213,-0.272432865931371,0.0331628884222261,-0.0962445616461365,-0.364686705901821,-0.334127832200921,0.629878254546297,-0.272829309841469,0.466006409637853,0.751046008321072,0.798705973682487
0.287263270698875,-0.146818339514369,-0.0778254258648018,-0.147270340442207,-0.788626438091638,-0.267630906115423,0.0395685086783994,0.376395669396422,-0.410335672062448,-0.714018648922869,-0.0397963293933273,-0.322331143252864,0.208689619601794,0.249698726197545,0.144389865086704,-0.00197959494617744,-0.200463726774439,-0.0326406013265212,0.0777161952218902,0.44345386406455,0.0363498679459721,-0.510902604958161,0.0512717128924385,0.333595557890677,1,-0.879622873183069,0.458965350770338,-0.133930587335129,0.198350739078115,-0.367473937423685,0.208388753540532,0.444189420772226,0.135355412105654,-0.140084308072247,0.24698305159804,0.0159634393277204,-0.399121387565975,0.593079726729047,0.290838377892048,-0.0965304638186728,0.527898595634144,0.566290615370646,0.332618229922137,0.673332007968884,0.441648356354733,0.875988336646167,0.31591750211396,0.661222455521909,0.341133292507095,0.400356421813497,-0.0791675698093348,-0.115811355149708,-0.60544551141241,-0.596734188362253,-1.03095660892592,-0.403929496922831,-0.0771915967080983,-0.25925004881145,-0.772219283603848,-0.630585866851157,-0.68318109307138,0.377595240808497,-0.583775799941629,-0.21160916847058,-0.700443343922958,-0.0902083784963389,-0.0476439717850729,-0.544300351600285,-0.685725483153681,-0.669357131276971,-0.0949388944272028,-1.23519149785547,-0.632348963263074,0.18093848287232,-0.692752752171151,-0.961369915535525,-0.427067290877785,-0.885782761108688,0.555217481888747,0.435570649140949,-0.548423249190347,-0.018781380468988,0.400472008528436,-0.446932500406518,-0.362639185729318,-0.0952450132835908,-0.572473482035226,-0.271574069944365,-0.452377353212285,0.62893636819506,0.196291547571241,0.033834533777996,-0.539406190610205,0.4484018679465,0.371663291171949,0.598748734824213,0.828184829384451,0.317690061055838,0.389945529779534,0.0225989500711454
0.218703838160961,-0.312729446176499,-0.350566604379931,-0.6698400742543,-0.795415742745664,-0.507995833752963,-0.458761271283703,-0.210669901303928,-0.379786408051075,-1.22743962242393,-0.538808261416241,-0.529145116374146,-0.493235608065265,-0.440006028987833,-0.656984196089305,0.709107085666542,0.382950453419456,0.874101963605365,0.11678059719917,0.939590665590208,0.10159294909151,-0.104466236023205,0.325579149423584,0.501570701563163,-0.879622873183069,1,0.593307793906515,0.390492577709362,0.322638994350223,-0.128695829775159,0.636278959523651,-0.115023498279555,0.760713441935141,0.724313647803734,0.785583747889584,-0.351799629500666,0.18844166676141,0.00724903387210185,0.0104486362758841,-0.72610661539588,0.570728118622413,0.749133654871671,0.353946668483089,-0.0295942043098988,0.296333254748316,0.283649901179232,0.316403814400675,0.230904531606011,0.0711435751145747,0.16563860084932,-0.0586319356382164,-0.471407934479795,-0.710308098547786,-1.08929483806687,-1.05011390784452,-0.0736937793069014,-0.141249114051811,-0.541467854365341,-1.12482956550489,-0.982135245269275,-1.06157429442308,-0.318406857080937,-0.828998816544542,-0.65613862768771,-0.838798683974974,-0.870363994030617,-0.0459948054418031,0.0374802246951065,0.269345834831157,0.141457761530429,-0.225290318223432,-0.26472323321065,-0.119665728699845,-0.19358297568962,-0.245596860573594,-0.437715134978768,-0.289070727458207,-0.357387121696992,0.283932413713745,-0.131759798041878,-0.0247431308860069,0.525345841320214,0.734934110624381,0.317639642118058,0.0927620400186336,0.747213564202411,-0.357004897499327,0.234210047663108,0.29756778425882,0.307177550085569,0.105636953509078,-0.324183137625361,-0.651392167971258,0.805252818816813,0.149924129967832,-0.101610039405787,0.662649150692634,0.100444158703855,0.376027746669288,0.133017077953074
0.0535956146452107,0.460213751302774,0.499014247235706,0.238077673651592,0.748086149599258,0.334536358159823,-0.121391351758231,0.345911650623439,0.647252077468217,0.607752502537153,0.174496186355779,0.525235628902613,0.164367947574337,0.131280330573693,-0.00942165319447807,-0.309191540797981,-0.0822662087381423,0.256990762668702,0.0317320446820599,-0.273560749556811,-0.359167208962161,-0.0209808041140634,-0.245128127157697,-0.169924697457729,0.458965350770338,0.593307793906515,1,-0.508236820930523,-0.168006093675266,-0.205280921181797,0.16207878526264,0.0899553926379824,-0.0226722497843184,0.0585898240694797,-0.310331991205418,-0.643989596994815,0.318825624969132,-0.396541518192857,-0.297384750469831,-0.281132231450048,-0.709859743893933,-0.237374550586304,-0.237143115842229,-0.408002843658748,-0.625320162231471,-0.851337081363354,-0.479380560653675,-0.971855683598006,-0.43685494035625,-0.371605235968878,0.568640385905358,0.378294389113788,0.326788630207696,0.544864279558366,0.745405106420263,0.481375841349024,0.372633731003873,0.618155129647312,0.767454068900307,0.494524283512648,0.463613947372803,-0.255817650238424,0.451404893612426,0.134988242274213,0.453758964854726,-0.399098119251936,-0.23494150990195,0.517286353630932,0.709981962910627,0.698902560725559,-0.050184059006186,0.609531051952772,0.23491861921257,0.08468601953038,0.516703358866848,0.804093865232513,-0.0290713181629272,0.33480832873347,-0.208717615326306,-0.24079769890055,0.222758283261748,0.323532209644372,-0.162939944137176,0.198192335146399,-0.195432178295473,0.344834002377678,0.252579644734234,0.150203459464514,0.500045842838249,-0.423295273676429,-0.130703721972371,0.0773760145466635,0.280547464926557,-0.163359012362848,-0.182412144270928,-0.466207455981082,-0.494147732583928,-0.512094032119237,-0.06425770824146,0.318026607620798
0.208409718129749,0.66711088275314,0.25262483034154,-0.0860858952344578,0.570074713681919,0.366933271484389,-0.410865882793742,0.221100076807503,0.315675179506813,0.113156610824413,-0.144218752831542,0.228104043039472,0.152444017594775,0.151898770428466,-0.538811165742843,0.489596272187723,0.232736538658091,0.736194909866086,0.361020411565281,0.138297974336522,-0.0627698237853538,-0.00327827418859161,0.0204788360800357,-0.238948080046357,-0.133930587335129,0.390492577709362,-0.508236820930523,1,0.00660779366806707,-0.514274917534498,0.482275478222795,0.104674013766728,0.211834223681066,0.337745230312204,-0.246569598768813,-0.489696618786123,0.111876428038646,-0.46542178715444,-0.37324163639718,-0.589354486426581,-0.40631231996624,-0.0122882527016951,-0.379769656332811,-0.667868313604472,-0.438024067739159,-0.957829536566287,-0.502264690082162,-0.774380112739785,-0.215263581170762,-0.116772713432468,0.481111673637127,0.15464814041493,-0.0345733799745424,0.0475563755003925,0.256573798975781,0.719573375032913,0.334698487976126,0.126052327957127,0.225669116887076,0.0782668321423494,-0.146955530387601,-0.225339545481533,-0.299920654702991,-0.280597815817405,-0.0761832832594088,-0.893976419571982,-0.00797243778444695,0.667094341526848,0.866450384431139,0.956864893091662,-0.0308516362632281,0.400680150696934,0.219531187160294,0.134935776930227,0.299099381727685,0.500622274453622,-0.0483212882892001,0.122883734292736,-0.370528993857568,-0.323735631362593,0.149070177619425,0.635747617160033,0.385410976164906,0.324580684921423,-0.197132471563921,0.668862075764465,-0.109466603645991,0.288349665852402,0.742601426798888,-0.253737060664787,0.00588649618562009,0.131912257394476,-0.0149016649189661,0.31616881979552,-0.286721387105056,-0.388163275946709,-0.1985696211613,-0.2109783626259,0.31591834258394,0.608878869782726
-0.120100287097253,-0.118963107531686,0.0541040749425747,-0.0698230183501435,-0.12940780817376,-0.190827974643817,-0.187416995284082,-0.0180479417882024,-0.112211886028527,-0.415924488689559,0.15014931982713,0.214226111467494,-0.200366820449297,-0.119061392047706,-0.450613387948047,-0.173297094567824,0.321005936120291,0.178704934099895,0.132098821325297,-0.00484505972295679,0.0487108424711494,-0.343828970990526,-0.474321902675551,0.496892357695813,0.198350739078115,0.322638994350223,-0.168006093675266,0.00660779366806707,1,-0.237325367840827,0.269563118559887,-0.464363279148233,0.0898879466703153,0.232397783713155,-0.134528557578065,-0.493931016099704,0.6601858936646,-0.443816672091635,-0.279769271773674,-0.437226718213691,-0.468485874623659,0.181547331465728,-0.282245263364071,-0.0523957064328964,0.0855887390038417,-0.191471707650094,-0.365472450600605,-0.474688807941679,0.436424800071218,0.124250217385432,-0.274869950350231,0.0823160897414761,-0.441526594665582,-0.391425977903519,-0.215812427871213,-0.0341238016235165,-0.160904460740023,-0.038017287210532,-0.353599001238615,-0.155165282550739,0.0960902052344746,-0.171870430225144,-0.186501298336928,-0.127926726252942,-0.141777230048422,-0.554388858741729,0.00415552950306616,0.291703285389974,0.493447033975943,0.136841965721996,-0.252772455261876,0.188471110838172,-0.117570442976106,0.393471637820034,0.397206112689977,0.4182154117637,-0.187047925725189,-0.0063119803446402,0.116140642336073,-0.369471219080255,0.42527236027825,0.785587067869743,0.621446785221956,0.633431660349985,0.225667183767412,0.809960949637286,0.598962258816128,0.466378122121771,0.530396411676159,0.336220761062204,0.24717125544431,-0.289163386043325,0.0109502934376318,0.578129321475938,0.287944561710163,0.0628696593622565,0.538786971314196,-0.0131238257095585,0.624981289946769,0.611531687102532
0.371974811922968,0.0817171566752086,-0.362700830246709,-0.347054683551294,-0.127919601245688,-0.119761112969225,-0.109193259173042,-0.242987602946903,-0.315620612878148,0.590666700240225,0.071093847463912,0.114632033590562,0.392635630458466,-0.0688964888458813,0.13887262139395,0.348070159638703,0.0921435727737469,0.420246746712539,0.100431290104087,0.0041972998230359,-0.274758383433455,0.161771121711859,0.395256107814727,-0.626438253015724,-0.367473937423685,-0.128695829775159,-0.205280921181797,-0.514274917534498,-0.237325367840827,1,-0.343035966504214,0.129540263830108,0.298838710452433,0.148135094845956,-0.291504940077774,0.0321950468103167,-0.187278267203173,-0.0518652366489516,0.00462529103055528,-0.32922444399699,0.156757640059454,-0.475806541071463,-0.182644559301894,-0.260025763227623,-0.588787200922095,-0.264651571396795,0.0841965186471535,0.0781023408134813,-0.441466162000641,-0.174905107316678,0.505579154608864,-0.370299411604784,0.423738766618863,0.0284286561635486,0.0180196493787604,0.00244950572840817,0.253845592233418,-0.248537016718015,0.612239306877974,0.44420187884362,0.255749158701646,0.330877809766532,0.169053248807063,0.496720271021083,0.378646641082773,-0.0269387487184965,0.193313392135264,0.418638841627882,0.420814300496497,0.555245565325385,0.364258905704515,0.308117329348608,0.658831649494006,-0.274770587419166,0.0354218949238375,-0.0850747098324652,-0.186514701808684,-0.110168899636458,-0.154630711935143,-0.110506532398989,-0.14638712613687,0.197465737874641,-0.345740681124422,-0.213301467893407,-0.469316016777684,0.144252432319026,-0.508799444069417,-0.203432840647347,0.178856895747192,-0.294305679686316,0.0523797240287856,0.190592983755191,0.0518554133184096,-0.525755661064635,-0.708114006276346,-0.0606856768360727,-0.567553672844404,0.196204887643604,-0.117891610447477,0.00404186517752858
-0.271721732891214,0.202018978298019,0.0211234025339729,0.253207104495271,0.443253666519708,0.0442266942295992,-0.0492254729346015,-0.0933432656521737,-0.0986642364417709,-0.2867367267739,-0.140103764703703,0.205054353319413,-0.251097900120792,0.484237663037498,-0.513884875426337,-0.07457328520099,0.477958245291434,0.248458343591893,0.755863175482866,0.059945323853937,0.458947763232628,-0.0304478095851299,-0.00611398587373413,0.144879173202183,0.208388753540532,0.636278959523651,0.16207878526264,0.482275478222795,0.269563118559887,-0.343035966504214,1,-0.407057190828111,-0.39956835577193,0.193638897631108,-0.0914932913095072,-0.139125627774729,0.578384376507931,-0.403772395503729,-0.503438650447838,-0.211908167025003,-0.255307604674795,0.0243930703739654,-0.342770967871069,0.0861691036686308,0.453579828775326,-0.467444464619885,-0.510265350077601,-0.197943605411465,0.479780843043711,0.281534075604755,-0.21931919453543,-0.0833080775392339,-0.200246266380294,-0.074897923128033,-0.12920199034312,-0.152355358723332,-0.452872823787641,-0.296552831385895,-0.213309983244111,-0.157373637393325,0.142094758212919,-0.343879562501149,-0.11862113701932,-0.0744578836614513,0.172194982074518,-0.450992130130684,-0.0207682159969285,0.424609164841694,0.265847244564458,0.253649660181934,0.40809958487478,0.131968182295673,0.245833427902549,0.0337679088437803,0.300032779243693,0.519154990984086,0.350131710725577,0.466781414114839,-0.288126883680947,-0.511469256998014,0.18597899836237,0.221034057393047,0.277608066890435,0.147884510585506,0.384683682450561,0.0197673555169213,0.59148635600946,0.448090582701959,0.445810908775073,-0.236903493186235,-0.236067353440763,-0.294690075524496,-0.0628799569241086,-0.123240205642913,-0.0587080667098985,-0.0887610082044387,-0.0606450595018469,-0.0495859851741913,0.319875133291655,0.429981189306794
-0.517503604269144,-1.03131716268619,-0.675812635699159,0.148581469713191,-0.614867522095645,-0.769011913477903,0.266246715514777,-0.609725731071064,-0.511139818050178,0.325392034096141,0.18735631561871,0.365607643539666,-0.196020225973967,-0.227689501311716,0.116674262359983,-0.578959854301787,0.239876837872206,-0.158736998207229,0.163701313180715,-0.335584012161205,0.16031761642176,0.239824708301046,0.0764897019045012,0.149618084710329,0.444189420772226,-0.115023498279555,0.0899553926379824,0.104674013766728,-0.464363279148233,0.129540263830108,-0.407057190828111,1,-0.258940336911318,0.0171728243542175,-0.0371461552730536,0.456227875205982,0.113971444667837,-0.20028073148739,0.143732229076891,0.475435951450004,0.0006914710278908,-0.214059573804332,0.0664944990854245,0.145588886505018,0.0425904854154694,0.384562414523708,0.268394333053194,0.404550128579066,-0.207662154622501,-0.185118076714688,0.232871040336401,-0.666644653998187,-0.235640884755285,-0.34033404486145,-0.174612301038873,-1.06053572817589,-0.772235585639141,-0.472283226160795,0.534371896057996,0.449279490257086,0.635986444429246,-0.207716687660852,0.0946442491872801,0.751656107790554,0.863398243099062,0.268009916707126,0.443270344490047,0.123321515277978,-0.123383197238808,-0.178784090732356,0.676097882694025,0.17864728579949,0.37775270843911,0.250863463723611,0.421203713267002,-0.0710813071618849,0.313502986804422,0.0428079723161059,0.390657588817151,0.114457360371767,-0.0520259964693598,-0.237834034591663,-0.349164817019032,-0.0249465364348034,0.0840735975895371,-0.429276620673713,0.206461009329844,-0.192171831775261,-0.210843625978515,-0.213850604556719,-0.0277564247258961,-0.218246004894183,0.302242931272686,-0.744175433236106,-0.166466657949928,-0.148108358877854,-0.285764739345949,0.0589654005993284,-0.27432570893138,-0.373774547644485
0.371674212496419,0.0817036283599832,0.0746970534986997,-0.139720363628914,0.291866153015549,0.424075503299923,0.191553191857582,-0.237963062860442,0.00446527798488539,0.37055284368374,0.0819748201580246,0.0882284996442108,-0.000468656066476836,0.297914384177531,0.400702828128869,0.0790768243930017,0.119005213059587,0.142345240243029,0.159345941646574,0.0170147636277511,-0.127968134365179,0.0936225308516914,0.476886666849129,-0.495135850992487,0.135355412105654,0.760713441935141,-0.0226722497843184,0.211834223681066,0.0898879466703153,0.298838710452433,-0.39956835577193,-0.258940336911318,1,-0.310162385980515,-0.435964268341819,0.120098574731492,-0.112053761745857,-0.555169515495428,-0.816204589277344,-0.46749678432839,-0.16463603753114,-0.732901921687121,-0.642014004653333,-0.253800684884336,-0.108579533222594,-0.88673499756743,-0.68101954819611,0.141904925919518,-0.215974877872569,-0.289073187755408,0.190530983505811,0.131206485167229,0.265753324249211,0.18446579313893,0.571064770611528,0.72193139663417,0.12037033583817,-0.183890910398466,0.277229145650219,0.46185500777807,0.363594166250781,0.0616765459935253,0.371906713220659,0.403097038560118,0.536993038690127,0.416903403984549,0.377517774827419,0.720099531450433,0.333079332173538,0.645814233493543,0.556174690766835,0.583253674435404,0.925182374667305,-0.635374734837731,0.526181667005159,0.581130449712536,-0.114349540567381,0.696936722338909,-0.730547499957674,-0.925299787158822,0.187433691053654,0.171735325239457,-0.30466732869298,-0.0610634150311,0.390984698973772,-0.0503432116232335,0.527967274902514,0.319591123660505,0.547936724030561,-0.326033040082774,-0.296181769029758,-0.313594250106604,-0.0314811421177564,-0.702270228899487,-0.755245387623179,0.0476077652173226,-0.856130830283618,0.733542413329187,0.0363566334441585,0.196727670099994
0.25750450781693,0.840149608812794,0.629092962281209,0.0655285131306279,0.669265950859472,0.706218357156727,0.118008903746951,0.421466766430698,0.376926083373876,-0.0849571241119182,-0.0634570724832229,-0.049729758536947,0.0904098944751212,0.401802399253575,0.133318993530817,0.322203988995123,-0.301419007099399,-0.0236598280984615,0.139657788941147,0.0220737300077195,-0.205114183695626,-0.351462442989165,0.133838161054006,-0.479142138163974,-0.140084308072247,0.724313647803734,0.0585898240694797,0.337745230312204,0.232397783713155,0.148135094845956,0.193638897631108,0.0171728243542175,-0.310162385980515,1,-0.29289341126698,-0.300605101354012,0.150365253267662,-0.148248260554026,-0.747906890908309,-0.466915023101439,-0.235176477756942,-0.335540900880914,-0.50097972840923,-0.186051403303637,0.026510535431087,-0.785598215894472,-0.666256051924236,-0.409816195131516,0.00903784206060487,-0.104952658316377,0.227849385851064,0.484950813282647,0.266361162398722,0.422385661110901,0.423112931724186,0.97280145070876,0.752043849672239,0.170957172898181,0.0521999613858655,0.183045207057754,0.202014899014952,0.137683301670564,0.153801734137972,-0.0679745937085882,0.120353185761482,0.250533428414582,-0.264501393772801,0.400900958538646,0.0563684576902985,0.264939199255457,0.0535898743520973,0.239345555697207,0.540704373082384,-0.507782846147296,0.233614510164641,0.721866792653096,-0.16870424992168,0.597746800452799,-0.803538485170847,-1.07721483522744,-0.191566491643019,0.144804946679661,-0.155496475842636,-0.300227218924192,0.105740290795978,0.124943790509881,0.244514104384424,0.377693078747792,0.263444027606422,-0.453857879728921,-0.730552215703356,-0.167592119237249,-0.193247357912791,-0.031792493723175,-0.591025118878632,-0.053449807808598,-0.511040457374287,0.0951780444438804,0.278025408703418,0.178499380728771
0.0488239433549716,0.743824330250668,0.189151396418621,0.232367652628325,1.01618121718984,0.636857755861211,-0.0700348377753646,0.0319759440673713,0.201538402331802,0.788505650400671,0.0980248845387141,0.487624535350466,0.202838858363629,0.67818245630417,-0.103042187534298,0.12251805131967,0.150530793198317,0.144604260058221,0.585664574460415,-0.263032054488965,-0.0682041053514727,-0.0206407521005147,0.0600396377594142,-0.959094279903502,0.24698305159804,0.785583747889584,-0.310331991205418,-0.246569598768813,-0.134528557578065,-0.291504940077774,-0.0914932913095072,-0.0371461552730536,-0.435964268341819,-0.29289341126698,1,-0.199946179216272,0.23896136287842,-0.424273168282157,-0.838964400420761,-0.651125881165666,-0.534943366355665,-0.741624098050951,-0.761678588881295,-0.417077340207232,-0.221477276894078,-1.24524717507728,-0.805748827461664,-0.649430657744633,-0.333721186738288,-0.238029074262908,0.401603032471967,0.0826640068682267,0.540819685313139,0.76351248542732,0.776720858849615,0.797764359937155,0.29009719827547,0.0453209390432471,0.877623786663414,0.697983095417749,0.60257504662995,0.0172177522311951,0.261438742688622,0.269832423958289,0.686521056242483,-0.1786925384642,-0.0468672563069847,1.05878550730352,0.824143603000273,0.968704248376814,0.546544094940686,0.654541338816623,0.826733101904999,-0.657353201948352,0.691136133000559,0.897022368473442,0.0166385849236829,0.583500581932759,-0.932903576299895,-1.02410126328356,0.12006557510748,0.467668533978399,-0.159872436152198,-0.111059881300807,0.0092103525233429,0.150301018300886,0.400277015769846,0.316038640676083,0.605787657515326,-0.743510098870964,-0.447694375361843,0.014545716217307,0.0433621037505648,-0.687361586659487,-1.0265017252375,-0.256099621078701,-1.01549668437519,0.0936234314972262,0.0457435257880738,0.415803815511179
-0.0981088293224447,-0.245907397784909,-0.0826105219464175,0.336113283239107,-0.00988658605968468,-0.119521889669909,-0.196405633880374,-0.0997992930095519,0.0884869846692378,0.555406151912748,0.233624164245717,0.161551742472464,0.348645801421522,-0.10405364966402,0.479022216582293,-0.496470261959301,-0.410390897373388,-0.741946474871904,-0.415271306600126,-0.573746348450212,-0.349669966117726,-0.0166475657643518,-0.364588150321995,-0.386974224289817,0.0159634393277204,-0.351799629500666,-0.643989596994815,-0.489696618786123,-0.493931016099704,0.0321950468103167,-0.139125627774729,0.456227875205982,0.120098574731492,-0.300605101354012,-0.199946179216272,1,-0.273964276736803,0.509870006867024,0.419709945009007,0.238615454415308,0.0151384281984867,-0.189221225701526,0.213005610919053,0.10178685146182,-0.449481885971758,0.304423869133774,0.209798846143941,-0.0715615584568063,-0.201546600949392,-0.0908695899127996,-0.0366436318642098,-0.106547056626372,0.212052243514591,0.51054843568806,0.486572893978511,-0.343908622743206,0.100161460364254,0.40628936530478,0.664077351967827,0.521860042417637,0.502543415637336,0.348800403971424,0.440049702798746,0.59402234289645,0.391408029657713,0.545671517966783,-0.140547524815892,-0.111076573296845,-0.086940281579621,-0.265466031666109,-0.0542603750035447,0.0585900193603676,-0.260763719503378,-0.149033746392754,0.0121025586156805,-0.211415389737272,-0.367709438966782,-0.210072348627347,0.387097399245111,0.332403879177843,0.0455252780614603,-0.229750593942328,-0.424614172478857,0.0290458486140889,-0.435192436354504,-0.230464128064685,-0.414430769201016,-0.397120832730276,-0.598377605356235,-0.0356280495839253,0.157381677638186,0.392526157015589,0.267004831717395,-0.301286945183923,-0.286658157602383,-0.0101545029754934,-0.326501236766731,-0.275122144455994,-0.236265012681316,-0.362406654191858
-0.0625225046918505,0.605596627956354,0.450801828419426,0.00695930779511644,-0.20534016477062,0.114598772734101,-0.0407925457239962,0.706741675797524,0.290056830230509,-0.672308500650395,-0.206007356829258,-0.201873977251825,0.0323761169422119,0.16487729948033,-0.367229069204713,0.772370974538472,-0.0284311791644518,0.732965721355171,0.224493155165949,0.689016170377115,0.183166832863577,-0.3058266765788,0.261717485651222,0.511262434732179,-0.399121387565975,0.18844166676141,0.318825624969132,0.111876428038646,0.6601858936646,-0.187278267203173,0.578384376507931,0.113971444667837,-0.112053761745857,0.150365253267662,0.23896136287842,-0.273964276736803,1,-0.0680456062166657,-0.227094940011105,0.00696637918905013,-0.212527343617787,0.345465107315684,-0.00814452398613637,-0.357989999958224,0.454139338182621,-0.322487680721157,-0.336947932092222,-0.455325712855077,0.0361452871427831,0.0260041274929164,-0.0366358434716668,0.289583812664425,-0.0788339982954123,-0.412825983661953,-0.711991382465541,0.256794173423482,0.419453489661117,-0.0317710299810101,-0.684262685894434,-0.623573346296358,-0.705468491340987,-0.138309705066986,-0.577385861442913,-0.805118094220163,-0.825168173864689,-0.705573849973811,-0.474898199783779,-0.353643850745966,-0.0546874062137285,0.0984592058085385,-0.378785029311688,-0.290915027246762,-0.141017255632573,0.303137660099104,-0.307527052970843,0.0607534442831422,0.0927737812114979,0.0585918094398883,-0.245486318319041,-0.136621202675035,-0.190015538370297,-0.0505677699776124,0.610984161582051,-0.134942618178655,0.243219044017483,0.234028925442057,-0.135103935617855,0.23750575169876,0.398701269376302,-0.0477833700968013,-0.474969642295087,-0.189621197270333,-0.191626487943641,0.669168637360176,0.474781729464018,-0.29343167641,0.500377083423117,-0.329944669023529,0.126599234155292,0.251877085833961
-0.330760774700554,-0.487012821993524,-0.230730785224569,0.418873519403211,-0.206786008844765,-0.284167470539154,0.195848932996053,-0.273611922906383,-0.0398430208055292,0.879318149705462,0.450705370310437,0.522894995608845,0.317622174790423,0.0453274654747648,0.317843705086355,-0.534535900716018,-0.0780260846413952,-0.299518469660838,0.0386700491835558,-0.637682725882807,-0.0225421004077446,0.189325739433053,-0.144241226173431,-0.122005392837106,0.593079726729047,0.00724903387210185,-0.396541518192857,-0.46542178715444,-0.443816672091635,-0.0518652366489516,-0.403772395503729,-0.20028073148739,-0.555169515495428,-0.148248260554026,-0.424273168282157,0.509870006867024,-0.0680456062166657,1,0.218999219869866,0.708006763270509,-0.350991156108017,-0.306517037313444,0.00533169301990655,-0.0285237897087145,-0.170518859704535,0.118075030679621,0.121799685961214,-0.0570310817318891,-0.189840923877869,-0.063781863153866,0.20204323629932,-0.170169105574728,0.1832050841364,0.248969580258132,0.27378240753775,-0.701160676591005,-0.471683416562061,0.0811887137220262,0.923341214435927,0.714613455705232,0.666693151033853,0.0177349107354874,0.3255216783586,0.594222332049566,0.596698987031994,0.197227999179842,0.175670755231082,-0.0606184805130855,-0.0204692820904024,-0.0200984134180024,0.301013122499487,0.210349841871607,0.115865772759474,0.421990552828978,0.182731956614102,-0.00849010196409983,0.338134726779032,-0.0101320734486373,0.34361626267528,0.391269711525769,-0.133812493219007,-0.299436497460035,-0.277105975878442,0.00192971926339469,-0.242322046022227,-0.457877406407977,0.149342556050358,-0.161037174799762,-0.142589498306248,-0.264881093699499,0.0173042445964041,0.186993070629936,0.613460464872748,-0.530601252294923,-0.0309931590635198,-0.132836593074264,-0.327061011075763,-0.172934716418861,-0.325980896159171,-0.122058316050201
-0.00918557733267791,-0.034452956868855,-0.281989840014688,0.689601998220516,0.187160797552094,0.0392739125700413,0.144787470745042,-0.220867381280707,-0.0430485662776092,1.03885370133895,0.487014968637641,0.288414189412865,0.64168245257383,0.488892149188946,0.718432260200047,-0.609406559517765,-0.415666619072324,-0.740562882884174,0.0900473870226052,-0.731609788796687,-0.241660968859745,-0.136171767337581,-0.19095777546422,-0.672937274350188,0.290838377892048,0.0104486362758841,-0.297384750469831,-0.37324163639718,-0.279769271773674,0.00462529103055528,-0.503438650447838,0.143732229076891,-0.816204589277344,-0.747906890908309,-0.838964400420761,0.419709945009007,-0.227094940011105,0.218999219869866,1,0.394669260796437,-0.221284573909561,-0.727287792739978,-0.119975885894183,0.22926917714743,0.00220277057230789,0.0850665501710032,-0.121626845232499,-0.0254772526894747,-0.0809474119226695,0.0195129668455232,0.299593929993614,0.0590253602101773,0.711137372506872,0.818761222267721,0.588246855230722,-0.50243561652942,-0.237158248769459,0.221702719783588,1.12642954736096,0.909225114981549,0.899160943155415,0.468671971966627,0.649104183525257,0.885379924192417,0.687743700941952,0.725302650541585,-0.154748485498104,0.052768748742313,-0.118808325782474,0.0321619379664729,0.49381145204175,-0.0343978146223579,0.278320585282766,-0.217586883123466,0.173939921953658,0.0348385687441268,0.0703955893212227,0.070508900733452,-0.102909649470431,-0.145475797694198,-0.341938212197249,-0.359917776905189,-0.579926730753725,-0.593155380366226,-0.308081610625265,-0.809097379612732,0.0105923904474968,-0.193172146502038,-0.327282093436968,-0.457153341118159,-0.383021581774626,0.202332458297036,0.392197307766872,-0.947049713578083,-0.538121917371096,0.165741415397971,-0.763736057691971,0.0207533037287339,-0.37507066154864,-0.253867131079556
0.20754235375463,-0.00984503749811844,-0.545088897090788,0.335718875755485,-0.0488865397530096,-0.256408254623964,0.0391849054620553,-0.24997169753938,-0.280663565776972,0.497001390609427,0.420177603871216,-0.0582088914439434,0.314678201724788,0.113031768010366,0.0499093412971632,-0.461569863594731,-0.326108508203139,-0.931807231548335,-0.0152012728185875,-0.755140308467813,-0.19574766366632,-0.275928846854505,-0.648787201078079,-0.524717368074107,-0.0965304638186728,-0.72610661539588,-0.281132231450048,-0.589354486426581,-0.437226718213691,-0.32922444399699,-0.211908167025003,0.475435951450004,-0.46749678432839,-0.466915023101439,-0.651125881165666,0.238615454415308,0.00696637918905013,0.708006763270509,0.394669260796437,1,0.00253258462716152,0.0155885877193322,0.023725524070379,0.603851740972177,0.0172927186181246,0.640193725064429,0.246379503014265,-0.0435651407833507,0.410708197599758,0.35809564557407,-0.171928035612525,-0.0976879193983537,0.427524009602891,0.611395619822585,0.131710392116264,-0.622631910076936,-0.308478103429964,0.230562825286761,0.560649185826099,0.460838920245966,0.487280584291354,0.37104165589881,0.372010842545427,0.52208856880177,0.265442413473759,0.152322371412208,-0.202487055623519,-0.201344703482752,-0.0335588019357259,-0.38096697363142,0.0720676591474365,-0.415359829806199,-0.486635937124515,0.0304724939188737,-0.148271135723899,-0.545881215217607,0.0132276749213641,-0.681064801756139,0.556615815045939,0.474492039597715,-0.371010608953004,-0.0875120050621844,0.0630132984675796,-0.121862043931375,-0.59197292058716,-0.305872728514259,-0.340504501006785,-0.107496715973004,-0.552649707232695,0.110184585512359,0.371410540388159,0.685686828073406,0.181974912117321,-0.144908831083824,-0.2220981099265,0.465881758602043,0.000466031704824628,-0.16846071638891,-0.0648078506252116,0.0470308565196673
-0.241567893791488,-0.0319011670204437,-0.0864476580375411,0.386289872455789,0.441614423400604,0.0796413721403728,-0.224457976080413,-0.385833507267718,0.0615342900910588,1.11979729808727,0.461668912810405,0.463099195369996,0.266244872030745,0.25243810016389,0.385867275361018,-0.510630704734254,-0.0468768869885277,-0.416253761702948,0.0299269999003215,-0.916309732570316,-0.240353149648634,0.330255791188464,-0.199294645529988,-0.549669010014907,0.527898595634144,0.570728118622413,-0.709859743893933,-0.40631231996624,-0.468485874623659,0.156757640059454,-0.255307604674795,0.0006914710278908,-0.16463603753114,-0.235176477756942,-0.534943366355665,0.0151384281984867,-0.212527343617787,-0.350991156108017,-0.221284573909561,0.00253258462716152,1,-0.501821897029604,-0.0722937427105724,-0.494937499654728,-0.286883932273418,-0.523498534425556,-0.255194598661962,-0.573602832234471,-0.520833913567873,-0.560531048280333,0.100850813809747,0.0539847429501573,0.458446499004815,0.707185816324868,1.07764805242072,-0.00178934988740345,-0.273682717190803,0.185522917207943,1.09539783220834,0.991138773789211,0.732068833872954,0.0127721582175406,0.529507648602294,0.599543567359123,0.721338138638,0.404512178826307,-0.0874923330016933,0.478990792319194,0.577832217691934,0.500753249892616,0.286427262444683,0.775653900130802,0.320710176580202,-0.277589244122855,0.535430287187448,0.613496249795694,-0.0830220757280835,0.543523476456745,-0.330438571005529,-0.251519942752013,0.36712197421928,-0.0188652658167609,-0.284336006693345,0.24282809143438,0.057570578506585,-0.19430313309748,0.307662706477571,0.108154055567098,-0.0235830067915775,-0.485386581221538,-0.0532802984336627,0.0516600315467174,0.518906731074227,-0.459897225094438,-0.451734402473708,-0.381069250840498,-0.712231690251746,-0.196226685295605,-0.67237025133753,-0.17893263653789
-0.573167759158997,0.736310771834617,0.205776177197121,0.843187347443078,0.841302780181958,0.456294488119056,0.172093368402544,0.376615666190925,0.206411749495898,0.363314363123474,0.334534074496892,0.486695632581924,0.253877726947849,1.00760002210199,-0.119717114261043,-0.252661123545772,-0.0175625828849845,-0.217606508434697,0.693259321049544,-0.447289003303071,0.257261942657963,-0.458352369634389,-0.334494069730814,-0.43051712144425,0.566290615370646,0.749133654871671,-0.237374550586304,-0.0122882527016951,0.181547331465728,-0.475806541071463,0.0243930703739654,-0.214059573804332,-0.732901921687121,-0.335540900880914,-0.741624098050951,-0.189221225701526,0.345465107315684,-0.306517037313444,-0.727287792739978,0.0155885877193322,-0.501821897029604,1,-0.433997343230209,0.00053897822817324,0.389851650994097,-0.671424465199568,-0.649204991980153,-0.603480116896392,0.128143903415745,0.265676898946566,-0.0323506233385635,0.297437435327827,0.39996016897841,0.644120080423067,0.519606675892085,0.199558598860877,-0.134018029177898,0.161252716348443,0.536586906096916,0.701888588774351,0.616851626948792,0.0390554504469349,0.366938207226484,0.0450042527886391,0.451724097236255,-0.243536000905672,-0.309461836762769,0.286913995474833,0.34798722456579,0.346881593155134,0.3109416625841,0.00700341559738171,0.148180841988192,0.0693077388007571,0.262870706724319,0.641109225906546,0.520946455108654,0.411994791527973,-0.550284029001362,-0.536569413886883,0.049848645088477,0.34254812771535,0.15884665315078,-0.140123839043016,0.0124654994604083,-0.0943464423702451,0.791195024116519,0.28598290928838,0.306362956483015,-0.353487907830955,-0.443282418230205,-0.0855893363859539,0.191880971285634,-0.313300678176326,-0.260908062698399,-0.128532709308274,-0.265558823748899,-0.267609146145704,0.0528846291568982,0.504279826328244
0.0570969563405082,0.35986143990431,-0.1195023020899,0.453291899870209,0.471076857730402,0.333839504108302,-0.0170708903344637,-0.260938279190356,-0.0555248701328593,0.826373688836008,0.353338205774224,0.243782177916775,0.295608356263468,0.648360301335717,0.184744731422292,-0.417200616507623,-0.184451508218382,-0.249706045529589,0.499464446554286,-0.361909618329317,-0.271360790468664,-0.155795297012518,-0.0668835066278548,-0.659788417795077,0.332618229922137,0.353946668483089,-0.237143115842229,-0.379769656332811,-0.282245263364071,-0.182644559301894,-0.342770967871069,0.0664944990854245,-0.642014004653333,-0.50097972840923,-0.761678588881295,0.213005610919053,-0.00814452398613637,0.00533169301990655,-0.119975885894183,0.023725524070379,-0.0722937427105724,-0.433997343230209,1,-0.0230312594300083,-0.178421199833722,-0.390947664765452,-0.1784282731365,-0.294505415989321,0.00062350434003039,-0.0458050571862016,0.705164771802458,-0.00404163075410241,0.4406866191911,0.501912807125273,0.430556867311781,0.181859302797394,-0.28165472229433,-0.0612258246407273,0.863458746920348,0.831466923601764,0.48118691843681,0.163060596358485,0.191097955174522,0.453900171734098,0.591464303919804,0.214509884200349,-0.0592828707526247,0.440438018561571,0.183325251369738,0.289276097497538,0.397406131365497,0.214060831292089,0.296570567231741,-0.137033862198379,0.260449537852052,0.357160488313758,-0.166879140314446,0.235251106361517,-0.31118394586686,-0.328793253211755,-0.369227689679585,-0.0415148626169444,-0.436857981618481,-0.443109212778571,-0.385897272145286,-0.270150316261793,0.125689383494245,0.16853149943579,0.12836602944722,-0.467293115128298,-0.212254298739621,0.312953328807297,0.287504171975024,-0.579509562137259,-0.520309322488305,-0.022599649176225,-0.689937936154115,-0.0191414163406753,-0.193951791478198,0.0476503516703279
-0.305041174657637,-0.262717111853763,-0.187644948993722,0.356524861654512,-0.174513798529075,-0.322819938520388,0.196556220458477,0.139160097044203,0.0668981352091629,0.379606601431119,0.609027016816593,0.233912506528472,0.237065087946281,-0.0488617100735166,0.228443507244558,-0.600062702608642,-0.0967274747361049,-0.168783115621638,-0.187919820506091,-0.47174301371509,0.0818122508183126,-0.100393529064896,-0.373380301151188,0.338069804619978,0.673332007968884,-0.0295942043098988,-0.408002843658748,-0.667868313604472,-0.0523957064328964,-0.260025763227623,0.0861691036686308,0.145588886505018,-0.253800684884336,-0.186051403303637,-0.417077340207232,0.10178685146182,-0.357989999958224,-0.0285237897087145,0.22926917714743,0.603851740972177,-0.494937499654728,0.00053897822817324,-0.0230312594300083,1,0.0850925715358866,0.14199399438033,-0.253072920562607,-0.334715589846113,-0.143017828390592,-0.0223364670789858,0.141693889666578,0.069179334671803,-0.161738787521706,-0.130141642843571,-0.0552606902045459,-0.499421968438594,-0.577044603146754,0.217412846470672,0.363321721401502,0.444409962422306,0.202006296402751,-0.0382994023823598,0.265510988246083,0.281992705003216,-0.0279189923665508,-0.0107595673968316,-0.0151037370649141,-0.354851669241539,-0.0628573541453086,-0.127542027636563,0.0193077178939284,-0.0401563941052248,-0.364217747636679,0.673634103297313,-0.0110440852519348,-0.0192357386979441,0.567426707950976,-0.157756547323654,0.425030790706837,0.713600667084691,0.0934617426443818,-0.3001920643119,0.327339044779697,0.120166602656734,0.0541612633364275,-0.292289562283916,0.2132929407459,-0.200433498350861,-0.0434125219795545,0.24737603747343,0.457909384037615,0.213667920505444,0.531862875162747,0.217224810746204,0.633070098933094,-0.0312541981701325,0.448813913507248,-0.363257355006364,-0.282945337707066,0.194408328738701
0.00954958309914078,0.501310487382103,0.610543839093378,0.284671712542169,0.634756297027451,0.184949282064682,-0.0167576621413303,0.600455894013052,0.573001400407598,-0.18389496035535,0.233593987720549,0.0930376418881922,-0.0307151095886934,0.0897746765138622,-0.183241547501673,-0.410518248400988,-0.142032242240116,0.249061332167135,-0.0523621651857489,-0.145311788251318,-0.203883277564103,-0.433573075703171,-0.536656319732484,0.191190720091678,0.441648356354733,0.296333254748316,-0.625320162231471,-0.438024067739159,0.0855887390038417,-0.588787200922095,0.453579828775326,0.0425904854154694,-0.108579533222594,0.026510535431087,-0.221477276894078,-0.449481885971758,0.454139338182621,-0.170518859704535,0.00220277057230789,0.0172927186181246,-0.286883932273418,0.389851650994097,-0.178421199833722,0.0850925715358866,1,-0.348903992567974,-0.427501301569729,-0.662491323913767,0.285228020968927,0.320396382709063,0.470079699263633,0.589696545423563,-0.415312280859789,-0.0381551548721433,0.0187239546924417,0.397796779017539,0.160179411390701,0.48911060776865,-0.0147097622844756,-0.0682451830453105,-0.107533565267887,-0.310046501974598,0.11822209412493,-0.238919920706275,-0.353681342751543,-0.523972093825015,-0.126496377721401,-0.0194897629675216,0.188381585871259,0.119315053408785,-0.440801445075946,0.0283314709501432,-0.388586786005979,0.457154408376401,-0.0292594824675771,0.350581552658326,0.244953341380565,-0.0312893529845757,0.340908679869206,0.195674036033053,-0.0114611630989053,0.314879506530278,0.265779641131768,0.33297990941046,-0.284894365740703,0.53856674234415,0.53860508689057,0.0567129766770109,0.417667847147685,0.24871119722241,0.375418907546866,0.203915311054659,0.292312435649589,0.704254260189167,0.475780342276358,0.000784450016219504,0.580604186123855,-0.501473847885691,0.496955394264272,0.757858967001455
-0.203637702497485,0.382690799242569,-0.0589885110093624,0.896502361134057,0.536268746348633,0.242011014100207,0.454074102486342,0.262894653251142,0.358171197701977,1.23638225265146,0.901590199327053,0.473222693069886,0.748027687526581,0.711360940886957,0.659880681873773,-0.68879691586294,-0.485841129230645,-0.646586546022917,0.0930045317333367,-0.985740038268144,-0.11215419431747,-0.307580762431979,-0.436179961149583,-0.556573923735699,0.875988336646167,0.283649901179232,-0.851337081363354,-0.957829536566287,-0.191471707650094,-0.264651571396795,-0.467444464619885,0.384562414523708,-0.88673499756743,-0.785598215894472,-1.24524717507728,0.304423869133774,-0.322487680721157,0.118075030679621,0.0850665501710032,0.640193725064429,-0.523498534425556,-0.671424465199568,-0.390947664765452,0.14199399438033,-0.348903992567974,1,-0.356923086414778,-0.469018594463943,0.0774015624324236,0.126351709899049,0.576634513447033,0.401450780233334,0.765685693494915,0.797693502736998,0.624455757204312,-0.0646758002251596,-0.175721518749002,0.524695712334902,1.29645660552787,1.3359578590679,1.03742441299685,0.427203053440597,0.895243753241127,0.733182125431974,0.719725727426928,0.502476338198709,-0.130294100344723,-0.182147456389943,-0.140270605621856,0.00917607755470962,0.268714524057263,-0.060854099146924,-0.135880998199932,0.383372917521016,0.15486391234011,0.170479482419529,0.537244430978405,-0.0595301761492644,0.0896606226219699,0.38650361826355,-0.396771219381311,-0.425306916661117,-0.458798023688212,-0.500100476719417,-0.602277550383782,-0.701809882261467,0.318489388467679,-0.252449266221096,-0.114775552605175,-0.246045416301073,0.0826179612798446,0.650371165377327,0.620045602900066,-0.646296764390465,-0.0284597857013117,0.162260306584113,-0.430186248835406,-0.389048986168793,-0.218671626500524,0.278896347865611
0.00373134380500821,0.538491142040867,-0.0742488976342084,0.581209169155704,0.464738096416241,0.222399913203717,0.0120668845096031,-0.0215209928558495,0.158590700675347,0.934725570358969,0.589283432379956,0.372084522544393,0.601123755694952,0.732117789075502,0.682111161977044,-0.561443003033126,-0.407508205566201,-0.493498828204925,0.324105280594713,-0.715753175293646,-0.205738733995544,-0.057831095665554,-0.0701387848113431,-0.76445472021288,0.31591750211396,0.316403814400675,-0.479380560653675,-0.502264690082162,-0.365472450600605,0.0841965186471535,-0.510265350077601,0.268394333053194,-0.68101954819611,-0.666256051924236,-0.805748827461664,0.209798846143941,-0.336947932092222,0.121799685961214,-0.121626845232499,0.246379503014265,-0.255194598661962,-0.649204991980153,-0.1784282731365,-0.253072920562607,-0.427501301569729,-0.356923086414778,1,-0.512332727587079,-0.254771542589725,-0.321119148148566,0.51807481380072,0.321249175937153,0.859127945870156,0.931639383580404,0.762747059661522,-0.0423310432714943,0.148484309678937,0.288594722954004,1.08994363225155,1.03374359159019,0.774856663144308,0.448763365589402,0.643848025917284,0.723164281764682,0.817727765812137,0.665107743691948,-0.323136934226108,0.225831849162254,0.0726142559372839,0.218656567082871,0.349064065984252,0.276820006929058,0.351834364239114,-0.20027045037266,0.261260275511422,0.341976177526869,-0.152654679321532,0.375935809583661,-0.407726110212123,-0.183981749024457,-0.305966462348638,-0.373357511743654,-0.719859513909782,-0.432261646805618,-0.321870600936788,-0.525513691631842,-0.0332132654336205,-0.0604514946991144,-0.202163427456645,-0.651977817668923,-0.327060515580902,0.30196486284985,0.441883202722568,-0.76892705647944,-0.564501125954831,-0.197974758557665,-0.97540970162742,-0.3466457083707,-0.497535004313277,-0.304195186757559
-0.0238062577396453,-0.0544812209253528,-0.141470651194567,0.209973723088851,0.182675126377505,-0.106065922123441,0.0112576454180134,-0.0128576929924021,0.074414803625289,1.0356378486134,0.699862807058057,0.458264953917615,0.49282499532292,-0.0653415475545394,0.514931368423831,-0.488659015762914,-0.204007224945524,-0.519026106562133,-0.324991637356665,-0.907472854072093,-0.310567208932155,0.0980848714480327,-0.274622117512204,-0.31489331390022,0.661222455521909,0.230904531606011,-0.971855683598006,-0.774380112739785,-0.474688807941679,0.0781023408134813,-0.197943605411465,0.404550128579066,0.141904925919518,-0.409816195131516,-0.649430657744633,-0.0715615584568063,-0.455325712855077,-0.0570310817318891,-0.0254772526894747,-0.0435651407833507,-0.573602832234471,-0.603480116896392,-0.294505415989321,-0.334715589846113,-0.662491323913767,-0.469018594463943,-0.512332727587079,1,-0.584649877973342,-0.444188552935104,0.00445926376396316,0.119110147174622,0.16124039946958,0.49653534835803,0.757071683741559,0.0827128617127106,-0.0365423605375664,0.392519508724094,1.06891950266532,1.04790815671116,0.761064833925528,0.316702561654393,0.604925961867376,0.781051086600432,0.722730041239242,0.432402184031647,0.139053243463235,0.342567241329121,0.389753419544647,0.214250956213475,0.285134083443936,0.614828287585813,0.0568204906538282,0.0416250990593263,0.494573756482303,0.424368813179319,0.0368726144488371,0.137198576561258,0.0941349801546243,0.258378858071306,0.351815589046058,-0.143062505179461,-0.147716094842549,0.35448346655738,-0.0355967674470732,-0.0860181562571684,-0.0335923947852765,-0.186805438787809,-0.137897920258149,-0.0305013548984013,0.430498005199151,0.382640898914009,0.64210177278565,-0.141657009602109,-0.162150720288106,-0.126660138851546,-0.324632808411583,-0.110990234738106,-0.435739739964668,0.0840364650541129
-0.744894910671592,0.0482623926825786,-0.0464011712474401,0.499850240376065,-0.137677446412003,-0.298317517343466,-0.0269566292102378,0.311398936922251,0.0836956930443927,-0.229218247557682,0.150419266351994,0.104570674769805,-0.0335263992029093,0.0541094834598891,-0.176061384641295,-0.137260922607462,0.062866816930098,-0.0718118332444704,0.0450031403651071,-0.230342468513724,0.37473115133313,-0.318902137277032,-0.543865561847066,0.665903699228397,0.341133292507095,0.0711435751145747,-0.43685494035625,-0.215263581170762,0.436424800071218,-0.441466162000641,0.479780843043711,-0.207662154622501,-0.215974877872569,0.00903784206060487,-0.333721186738288,-0.201546600949392,0.0361452871427831,-0.189840923877869,-0.0809474119226695,0.410708197599758,-0.520833913567873,0.128143903415745,0.00062350434003039,-0.143017828390592,0.285228020968927,0.0774015624324236,-0.254771542589725,-0.584649877973342,1,0.223122818625757,-0.576491218070723,0.190475312865276,-0.221807617175148,-0.119463723292837,-0.134041108738382,-0.546701081907313,-0.344030557127546,0.228577266909451,-0.10063818221806,-0.10610099504272,-0.0225104825928946,-0.207653593288213,-0.0524990818597755,-0.174679468754735,-0.275133741024133,-0.428696395776122,-0.409354280933448,-0.333552224681938,0.152759873545333,-0.0605086520961292,-0.341659985743845,-0.145954759977188,-0.492465567878206,0.572131198015995,0.0591009950981109,0.188355743775082,0.433309978699862,-0.149392935328614,0.0878492646373014,0.239766123328385,0.327820083516773,0.153443699181707,0.698932864664543,0.3572051562181,0.332632474871906,0.143561523479338,0.448280068800492,-0.00298177655498016,0.108541205210467,0.326652055448649,0.0905545936322364,-0.163080576719692,0.351619847306495,0.689645159766092,0.821149971972745,-0.110690228903613,0.77665161479333,-0.504867303961028,0.0199417546044828,0.278254138999161
-0.20961724446397,-0.163536069211833,0.0553411187363201,0.200669912189451,-0.137094428731265,-0.13720239241808,0.0453233335120295,0.195808875970132,0.244817269926892,-0.089039836883916,0.381470562704515,0.0757735719893801,-0.0778732746609034,-0.226774216612967,-0.0128205063982122,-0.424742832402581,-0.158969957590944,-0.313130222335644,-0.266729951790002,-0.473748190848919,0.0238125900064572,-0.24652558872478,-0.653578025957497,0.424158539313775,0.400356421813497,0.16563860084932,-0.371605235968878,-0.116772713432468,0.124250217385432,-0.174905107316678,0.281534075604755,-0.185118076714688,-0.289073187755408,-0.104952658316377,-0.238029074262908,-0.0908695899127996,0.0260041274929164,-0.063781863153866,0.0195129668455232,0.35809564557407,-0.560531048280333,0.265676898946566,-0.0458050571862016,-0.0223364670789858,0.320396382709063,0.126351709899049,-0.321119148148566,-0.444188552935104,0.223122818625757,1,-0.512259151578683,0.368634051194714,-0.203642284340109,-0.0412716046379583,0.07009606671496,-0.341423858995384,-0.377532447074944,0.39215787811285,-0.0723609186805522,0.0275895507502319,0.0657756661166273,-0.143200814707714,0.207749564054314,-0.148625829437611,-0.438011377293558,-0.150051614570571,-0.305937912803835,-0.400645796576223,0.086013396497065,-0.240762044276921,-0.368180022931757,0.0282052088038823,-0.540538190696119,0.401703432406935,-0.0258913347546539,0.142697364062558,0.530192354539607,0.0255803597906357,0.299090947151169,0.353639446042847,0.24174652994753,-0.0371695783356352,0.630023934245404,0.528170047861119,0.332679572279357,0.06322603261934,0.455564263749846,0.259665017522143,0.0206675648763617,0.249948569998821,0.190875726593414,-0.019426125136145,0.419218317406784,0.709561737011321,0.645788015550096,-0.0578402440116739,0.67901098648425,-0.416782622297949,-0.0426509300790663,0.320297949700735
-0.585254018975662,-0.776044749399803,-0.82457741343181,0.0449448774003047,-0.491783511843398,-0.865748053445998,-0.410280220704041,-0.746774520123554,-0.793203902332204,0.384962698719124,0.16444968756088,0.163620633156885,-0.0130132566936083,0.0498730524726207,-0.0843294490296129,-0.506853823570632,0.342461253026101,-0.503644307128472,0.146416535476638,-0.364609153360377,0.0956391673848313,0.685777968065122,0.0853695340588214,0.0656377476525936,-0.0791675698093348,-0.0586319356382164,0.568640385905358,0.481111673637127,-0.274869950350231,0.505579154608864,-0.21931919453543,0.232871040336401,0.190530983505811,0.227849385851064,0.401603032471967,-0.0366436318642098,-0.0366358434716668,0.20204323629932,0.299593929993614,-0.171928035612525,0.100850813809747,-0.0323506233385635,0.705164771802458,0.141693889666578,0.470079699263633,0.576634513447033,0.51807481380072,0.00445926376396316,-0.576491218070723,-0.512259151578683,1,-0.746403951719578,0.206225636935465,0.0189005442293317,-0.2191409105376,-1.03713801907536,-0.897266254571641,-0.560029806779622,0.119026055908946,0.215127079003877,0.294215174834965,0.389461285105361,0.0486950599054195,0.507610554632753,0.472647914007159,0.367396533043028,-0.332777279333703,0.156930492631516,0.0556493509068096,-0.253723969514003,0.709566117662691,0.175732060224295,0.1166225289041,-0.475226144905673,0.208847337950436,-0.110108646473489,-0.179249000645597,0.153988050273864,0.138365260613177,0.340041498751691,0.379925775731205,-0.251133640554793,-0.0608190915944302,0.0721128918554433,0.358516652823096,-0.469866868862611,-0.243606862457697,-0.288102297535103,-0.785175544017825,-0.0805118627256811,0.325512700092784,-0.0439260571847339,-0.0431258310535624,-0.234407532030685,0.0712986791410532,-0.229298362465609,-0.0171193527567167,-0.41722431172021,-0.783449140336349,-0.766777383037539
-0.401277697278461,-0.0911093175946137,-0.463346448958051,-0.308806471269223,-0.213310310646979,-0.186098375191325,0.000886738435596612,-0.253147229188176,-0.308102911601786,-0.513650121077149,-0.454188273962201,-0.260929941321907,-0.526709091779074,-0.311413594296998,-0.76776319309884,0.123862514774248,0.588114192689044,0.0911702934375752,0.321937699999148,0.303043014770538,0.489494931128696,-0.114793267459832,-0.358619799590061,0.228138763672572,-0.115811355149708,-0.471407934479795,0.378294389113788,0.15464814041493,0.0823160897414761,-0.370299411604784,-0.0833080775392339,-0.666644653998187,0.131206485167229,0.484950813282647,0.0826640068682267,-0.106547056626372,0.289583812664425,-0.170169105574728,0.0590253602101773,-0.0976879193983537,0.0539847429501573,0.297437435327827,-0.00404163075410241,0.069179334671803,0.589696545423563,0.401450780233334,0.321249175937153,0.119110147174622,0.190475312865276,0.368634051194714,-0.746403951719578,1,-0.393020949777641,-0.299807600828996,-0.219423945732186,-0.522735294001385,-0.688292330516527,-0.228996973141391,-0.566994115508976,-0.644500233486879,-0.525593737891808,-0.439696172555984,-0.380090997986578,-0.496198889869296,-0.417582352889507,-0.807144760062698,0.217097870106862,0.135439110238661,0.42276751110754,-0.0471355411849613,-0.406303660986573,0.0546163374495972,-0.322606395659078,0.148773298304107,0.0550140597677794,-0.232966826989209,0.410329845673312,-0.409461749226683,-0.00250795015119867,0.159434842929739,0.473644106610492,0.599125951025775,0.908131461586634,0.570792045726196,0.488014124768213,0.723397977181111,0.151609942169562,0.318985815727656,0.164838653390401,0.601028948568564,0.581511745276028,-0.118704887364531,0.0144281456927421,0.501545823482183,0.452409098552939,0.150988678447514,0.761456209949643,0.20793862100841,0.0909785627589259,0.240338746041147
-0.107408818948486,-0.324538991893834,-0.42807909104704,-0.387969307161244,-0.933518345542049,-0.759284658487548,-0.00992863987488718,-0.352070045320928,-0.406984772963923,-0.483654079753263,-0.0978421834422276,-0.348675541139169,-0.226948654778628,-0.759989039077221,0.0280003550433723,0.255886763244325,-0.00207990942813785,0.242464224776666,-0.0982387651063886,0.209856559664172,0.0272356293735745,0.144694954326104,0.316655384528347,0.302300122642294,-0.60544551141241,-0.710308098547786,0.326788630207696,-0.0345733799745424,-0.441526594665582,0.423738766618863,-0.200246266380294,-0.235640884755285,0.265753324249211,0.266361162398722,0.540819685313139,0.212052243514591,-0.0788339982954123,0.1832050841364,0.711137372506872,0.427524009602891,0.458446499004815,0.39996016897841,0.4406866191911,-0.161738787521706,-0.415312280859789,0.765685693494915,0.859127945870156,0.16124039946958,-0.221807617175148,-0.203642284340109,0.206225636935465,-0.393020949777641,1,-0.46363284847322,-0.514239824903488,-0.819058052624764,0.00256580982758914,-0.267958741402663,-0.289087899934957,-0.120912507875738,-0.352768791212267,-0.0261479631735683,-0.289447579317265,0.221518123684586,0.0992091007770685,0.0609142683406809,0.167017482912673,-0.19498509545156,-0.317977567728932,-0.484237451104432,-0.14767714265831,0.257823291790404,0.136058479705715,0.507861880426514,-0.245047550392392,-0.5116452634815,-0.123887975916295,-0.292082829609121,0.630090894269596,0.677511737235721,-0.359518550110609,-0.378824541047288,-0.158146646727527,0.0763750669456311,-0.159975734210654,0.265869415335254,-0.823477069110971,-0.25186345833367,-0.5100944733743,0.20327518549769,0.355686423590269,0.234982556009305,0.227893466796913,0.310795418208273,0.301961400083189,-0.256851738691514,0.287068678930298,-0.319944426952003,-0.33695509963597,-0.606786654917083
-0.11389536184286,-0.234381750477314,-0.341674470883231,-0.29020032698876,-0.573457949448455,-0.350443209116787,0.223625538222952,-0.179326247675326,-0.163598220551599,-0.800424565817803,-0.456199177976907,-0.670597898083674,-0.637221198141566,-0.873420067046735,-0.525598115581734,0.368108942007341,0.153766340167039,0.425609599904306,-0.103490526848534,0.7121665682722,0.29789515141935,0.236518368555396,0.254594747188341,0.464682920571891,-0.596734188362253,-1.08929483806687,0.544864279558366,0.0475563755003925,-0.391425977903519,0.0284286561635486,-0.074897923128033,-0.34033404486145,0.18446579313893,0.422385661110901,0.76351248542732,0.51054843568806,-0.412825983661953,0.248969580258132,0.818761222267721,0.611395619822585,0.707185816324868,0.644120080423067,0.501912807125273,-0.130141642843571,-0.0381551548721433,0.797693502736998,0.931639383580404,0.49653534835803,-0.119463723292837,-0.0412716046379583,0.0189005442293317,-0.299807600828996,-0.46363284847322,1,-0.553856030838006,-0.513916141882183,-0.247725578764329,-0.213458930343819,-0.784645981381652,-0.744104337277071,-1.0575080141968,-0.545668529057337,-0.670830556306639,-0.435798444013027,-0.471135718758632,-0.360957460804051,0.345880964478308,-0.38211518865225,-0.405877337118553,-0.408508745525972,-0.321087104861535,-0.204675424545276,-0.310969283785728,0.454258923945838,-0.527464495626188,-0.749756665245599,0.239918130131432,-0.442319266168049,0.504599080397456,0.893003233219842,-0.264252303905484,-0.426717072829937,0.172392078754576,0.0321566363958537,0.143436741118626,0.183127152317915,-0.659613107970905,-0.208122094057156,-0.283131220041682,0.503739439229907,0.500671281172331,0.153960905429391,0.0376219771329929,0.408990268185581,0.631555179820013,-0.285342601420419,0.633697258068436,-0.129209449032875,-0.421612962791839,-0.539593421536128
0.0892337479469043,0.313917156099096,-0.00574531753235907,-0.605876147048824,-0.492516775991581,0.0190215815226547,0.220890667922883,0.226888621180668,-0.205537864721699,-1.07757506082157,-0.57108522914804,-1.01023201997374,-0.683695229583591,-0.472778920891917,-0.610594367122103,0.795519311364452,0.148742356334082,0.663099509765813,-0.0388732384242775,1.06159257735401,0.122549348984883,-0.0196651114125171,0.50946930516899,0.0953003458485023,-1.03095660892592,-1.05011390784452,0.745405106420263,0.256573798975781,-0.215812427871213,0.0180196493787604,-0.12920199034312,-0.174612301038873,0.571064770611528,0.423112931724186,0.776720858849615,0.486572893978511,-0.711991382465541,0.27378240753775,0.588246855230722,0.131710392116264,1.07764805242072,0.519606675892085,0.430556867311781,-0.0552606902045459,0.0187239546924417,0.624455757204312,0.762747059661522,0.757071683741559,-0.134041108738382,0.07009606671496,-0.2191409105376,-0.219423945732186,-0.514239824903488,-0.553856030838006,1,0.217302729641063,0.0756760872818301,-0.422226332565747,-1.20980528684911,-0.962896849715391,-1.5231397499381,-0.193876860628606,-0.865796330508653,-0.811022927502374,-0.864932252657155,-0.520040264942267,0.461120520797059,-0.3036226299479,-0.419600558971011,-0.458351850560774,-0.452035486035459,-0.288591719157862,-0.299414504364595,0.11654423818293,-0.786366724961957,-0.939313869013414,-0.0583680859246266,-0.520174193786647,0.294219222143875,0.604214852340768,-0.284161084796931,-0.116322049138019,0.354898034942807,-0.00430586077906825,0.257075851358435,0.659644854988038,-0.730225522340342,-0.186127952529559,-0.169409881762125,0.878543305098756,0.633452834478836,0.0951450834148957,-0.184139261475531,0.723739147091538,0.51103109843225,-0.0510120768778787,0.833150844357683,0.259591016300033,-0.248927546519629,-0.262812865303508
-0.299198913252543,-0.398574769248829,-0.0565124532836611,-0.772167141842631,-0.226883023042114,-0.136830685940147,-0.638345566528588,-0.403983165142337,-0.366496181174403,-0.807395464140243,-0.706896400153981,-0.088758130845259,-1.00536109540082,-0.494163469861885,-0.745539858644835,0.19507641507372,0.944205900296802,0.641231563875521,0.234053950967077,0.564553370514677,0.402146352050057,0.362020740121039,0.0914512388251048,0.313945346012122,-0.403929496922831,-0.0736937793069014,0.481375841349024,0.719573375032913,-0.0341238016235165,0.00244950572840817,-0.152355358723332,-1.06053572817589,0.72193139663417,0.97280145070876,0.797764359937155,-0.343908622743206,0.256794173423482,-0.701160676591005,-0.50243561652942,-0.622631910076936,-0.00178934988740345,0.199558598860877,0.181859302797394,-0.499421968438594,0.397796779017539,-0.0646758002251596,-0.0423310432714943,0.0827128617127106,-0.546701081907313,-0.341423858995384,-1.03713801907536,-0.522735294001385,-0.819058052624764,-0.513916141882183,0.217302729641063,1,-0.331572481369596,-0.464508585096567,-0.797957286670053,-0.853287128608971,-0.646249951434631,-0.69679342282426,-0.616645610877679,-0.387811419064352,-0.173137263042629,-0.702125450196625,0.410980472800352,0.763706734560655,0.87752232118645,0.498324153098819,-0.0345614994337108,0.738521877445526,0.394488599739165,-0.321625930589286,0.447537979009117,0.211520842709526,-0.104787219144705,0.345547645368949,-0.318081423555417,-0.448470864358583,1.1307355041773,0.887511085703045,0.699760358602678,1.06718610209179,1.1109350758255,1.00059326773432,0.0774274714386917,0.321639675670883,0.334683848690329,0.336365915526955,0.161828094300484,-0.952410855423978,-0.277058517025032,0.446063149127473,0.0471331319749696,-0.497446262567698,0.302801327543587,0.353750986371212,-0.190833191417968,-0.206079984547393
-0.392941952817143,-0.421174804272034,-0.595905353429591,-0.593450369434714,-0.307991993785669,-0.323458352950503,-0.261127242024391,-0.766242282555492,-0.446166758087608,-0.0733290451900373,-0.35529203621437,0.280159721397817,-0.559668407602038,-0.524640451778024,-0.758835101477673,0.469540240487942,0.985652037884748,0.307683642657531,0.403724289754834,0.30118451381009,0.75386076628434,0.695592946500845,0.251395259462541,0.125242256672536,-0.0771915967080983,-0.141249114051811,0.372633731003873,0.334698487976126,-0.160904460740023,0.253845592233418,-0.452872823787641,-0.772235585639141,0.12037033583817,0.752043849672239,0.29009719827547,0.100161460364254,0.419453489661117,-0.471683416562061,-0.237158248769459,-0.308478103429964,-0.273682717190803,-0.134018029177898,-0.28165472229433,-0.577044603146754,0.160179411390701,-0.175721518749002,0.148484309678937,-0.0365423605375664,-0.344030557127546,-0.377532447074944,-0.897266254571641,-0.688292330516527,0.00256580982758914,-0.247725578764329,0.0756760872818301,-0.331572481369596,1,-0.471024019603173,-0.145876787869143,-0.326150534377977,-0.0241903998907992,-0.565990889896593,-0.399186973338552,-0.103352918220154,0.380786529744608,-0.521369585292627,0.315416709490103,0.68776378030028,0.800945937151668,0.489118237815912,0.225010494156444,0.792463523206218,0.513176480116891,-0.311902136082228,0.669524189014031,0.20589671674185,0.164566098826725,0.262868876763828,-0.451307909106589,-0.29868112905753,0.896207599073378,0.457251685766065,0.458681485409507,0.745196144383815,0.763229572608699,0.476684430815072,0.118213877835357,0.372890164851517,0.253186172244441,-0.134203496946588,0.0832383968669488,-0.410946620791118,-0.136098838941298,-0.283997778308018,-0.207586774389876,-0.404542023271927,-0.255075554996207,0.214182777132441,-0.183603118777694,-0.291939671674784
-0.142339951609677,-0.0680096295657592,-0.251006471864757,-0.410621959916828,-0.448672199331514,-0.0573138052582159,0.366591215384723,0.0192838286486106,-0.17798410743581,-0.425470744183761,-0.196179562494082,-0.400286348820997,-0.531842738394771,-0.397795152350315,-0.489441104574164,0.0423603891308666,0.191784052696366,0.0446550075484146,0.0329817523681717,0.314242264370094,0.164892428376445,-0.108725538909472,-0.12803743588885,0.114356337102387,-0.25925004881145,-0.541467854365341,0.618155129647312,0.126052327957127,-0.038017287210532,-0.248537016718015,-0.296552831385895,-0.472283226160795,-0.183890910398466,0.170957172898181,0.0453209390432471,0.40628936530478,-0.0317710299810101,0.0811887137220262,0.221702719783588,0.230562825286761,0.185522917207943,0.161252716348443,-0.0612258246407273,0.217412846470672,0.48911060776865,0.524695712334902,0.288594722954004,0.392519508724094,0.228577266909451,0.39215787811285,-0.560029806779622,-0.228996973141391,-0.267958741402663,-0.213458930343819,-0.422226332565747,-0.464508585096567,-0.471024019603173,1,-0.604305203562468,-0.446333401180783,-0.495430691463916,-0.150310004084763,-0.326355023629605,-0.290471017204715,-0.410066071504899,-0.413452216535404,0.24906184603734,-0.183451471236604,-0.0695478959647884,-0.384030152860279,-0.214119352911265,-0.130401552917277,-0.207771808203082,0.189555241441571,-0.197263077554021,-0.463509953389879,0.460047744476491,-0.384627517713113,0.162835694581585,0.388814364590871,0.0393135617003535,0.159006073946246,0.607121247055708,0.191396235513889,0.460308941062847,0.326519510875725,0.0458720441804988,0.115125971747075,0.00171453154978065,0.633859715095126,0.551571171747496,0.0523159794829892,0.0308533837578087,0.326214555440869,0.359387906314694,0.211785962223098,0.65805764748831,0.238166887733936,-0.03511006405912,0.160626479786829
0.33318836525244,-0.699727822325754,-0.501290103130417,-0.492931053491956,-1.22989034403415,-0.782203469945838,-0.00658008146526706,-0.330549338783325,-0.650825594332165,-0.364626017778913,-0.124780961955256,-0.548471686861119,0.0439623713108963,-0.66490741020134,0.330430587868185,0.154148419350147,-0.271051604720343,-0.0072210312449924,-0.462939274219774,0.479439897893674,-0.182027514746761,0.385199752060386,0.632461791605824,0.323632653450195,-0.772219283603848,-1.12482956550489,0.767454068900307,0.225669116887076,-0.353599001238615,0.612239306877974,-0.213309983244111,0.534371896057996,0.277229145650219,0.0521999613858655,0.877623786663414,0.664077351967827,-0.684262685894434,0.923341214435927,1.12642954736096,0.560649185826099,1.09539783220834,0.536586906096916,0.863458746920348,0.363321721401502,-0.0147097622844756,1.29645660552787,1.08994363225155,1.06891950266532,-0.10063818221806,-0.0723609186805522,0.119026055908946,-0.566994115508976,-0.289087899934957,-0.784645981381652,-1.20980528684911,-0.797957286670053,-0.145876787869143,-0.604305203562468,1,-0.643351606224554,-0.71562508490457,0.331442988558094,-0.574735351999606,0.0902783714249164,-0.45924128730089,0.598226945356023,0.060930009785142,-0.79144105835744,-1.11759056251852,-0.959341962722715,0.0967297629020183,-0.69270954920374,-0.254278778725331,-0.0462214405151384,-0.888999630109636,-1.16200869601327,-0.512695011047942,-0.437000546680179,0.695214442351502,1.00811796630438,-0.708370303560525,-0.945915848046002,-0.39824056502091,-0.646501102096625,-0.228390642023757,-0.620990248670175,-1.19166549814782,-0.614287357513157,-0.992776092632565,0.27188520380208,0.185073678824948,0.30655999161468,-0.211082090969549,0.119914827050271,0.277208045716166,0.185729045337766,0.437053410738227,0.0569872332078789,-0.457163314043237,-0.967024426378039
-0.00744633795956444,-0.788836508746676,-0.68161226316993,-0.407741897005995,-1.18962945879746,-0.712372573620925,0.118379615520927,-0.316780579245833,-0.588178194687541,-0.575010980447607,0.0587261327724211,-0.365837631527633,0.0475326680245189,-0.300827661557338,0.367732815274039,0.134917958400437,-0.131046157177374,-0.00988752201259335,-0.257616172231882,0.240029312991946,0.113551163566875,0.237690220343081,0.44612324622183,0.316768856540368,-0.630585866851157,-0.982135245269275,0.494524283512648,0.0782668321423494,-0.155165282550739,0.44420187884362,-0.157373637393325,0.449279490257086,0.46185500777807,0.183045207057754,0.697983095417749,0.521860042417637,-0.623573346296358,0.714613455705232,0.909225114981549,0.460838920245966,0.991138773789211,0.701888588774351,0.831466923601764,0.444409962422306,-0.0682451830453105,1.3359578590679,1.03374359159019,1.04790815671116,-0.10610099504272,0.0275895507502319,0.215127079003877,-0.644500233486879,-0.120912507875738,-0.744104337277071,-0.962896849715391,-0.853287128608971,-0.326150534377977,-0.446333401180783,-0.643351606224554,1,-0.396877472144581,0.288091269442158,-0.142785730824728,0.214626474195321,-0.178262908784867,0.419958553317894,0.151974503253604,-0.858479960457599,-0.939421439741317,-0.846511569736554,0.0393598997670914,-0.764847155575242,-0.374645954468001,0.0748829090494906,-0.704073888099711,-1.18512634113696,-0.233359943829559,-0.604178473304258,0.950826766314411,1.04167937413342,-0.65608148195658,-0.709721491206461,-0.362200374693655,-0.45231343357398,-0.488018912628178,-0.527806437183504,-1.01327608842425,-0.700935641575382,-0.886410634070971,0.241129699862228,0.365012798702269,0.210716549332864,-0.505142506843217,0.00134103583088613,0.313240837797905,0.186854421666479,0.500919851429308,-0.130433335304763,-0.381192241641014,-0.735538802020946
0.102101102427854,-0.604986548220339,-0.643618575772876,-0.444466108953371,-1.42608776905285,-0.90114277118202,0.233017037245711,-0.0329814734264695,-0.481728192537128,-0.719265054268199,0.0100886944882723,-0.40888588947186,0.180374912279398,-0.476080125287661,0.0999261900420179,0.722002289330845,-0.0908709129874814,0.387311739339196,-0.234060065635779,0.655974006705964,0.259864453653045,0.133502496708472,0.667059435863231,0.65315942975421,-0.68318109307138,-1.06157429442308,0.463613947372803,-0.146955530387601,0.0960902052344746,0.255749158701646,0.142094758212919,0.635986444429246,0.363594166250781,0.202014899014952,0.60257504662995,0.502543415637336,-0.705468491340987,0.666693151033853,0.899160943155415,0.487280584291354,0.732068833872954,0.616851626948792,0.48118691843681,0.202006296402751,-0.107533565267887,1.03742441299685,0.774856663144308,0.761064833925528,-0.0225104825928946,0.0657756661166273,0.294215174834965,-0.525593737891808,-0.352768791212267,-1.0575080141968,-1.5231397499381,-0.646249951434631,-0.0241903998907992,-0.495430691463916,-0.71562508490457,-0.396877472144581,1,0.401997999747115,-0.525169058781896,-0.0601461059556808,-0.463103633171524,0.0281660155221914,0.184439137666055,-0.864740137962076,-0.93556854004924,-0.745833686039844,0.0603695129685768,-0.813443448640335,-0.371822376960137,0.488858745662927,-0.671675365768917,-1.22256667132903,0.0597875193549542,-0.818477895641273,0.959953307786491,1.17487287804462,-0.789056936033348,-0.738533824004268,0.041918086901547,-0.44735951328239,-0.478193631251977,-0.367410609019171,-1.15026797770027,-0.622331650809433,-0.612845684255226,0.397299866667217,0.406586706239538,0.431961724463347,-0.3860889278879,0.34154116853553,0.570455391413353,0.139004553966818,0.684874409241945,-0.104965417026116,-0.0587095535622126,-0.414819687667678
-0.244182378083594,-0.831946724784648,-0.853733796887629,0.016945577737387,-0.536770885387177,-0.576172803326622,0.264336316898742,-0.557979980063733,-0.19947203003236,0.171723881133029,0.17173843829583,0.350354858314893,0.2027659107254,-0.320613961679612,0.0874447518419847,-0.278469420062221,0.344662114045397,-0.00566143403762198,0.073282458596434,-0.117744692900743,0.444591441419505,0.402242742401701,0.0609225854524028,0.371990252185364,0.377595240808497,-0.318406857080937,-0.255817650238424,-0.225339545481533,-0.171870430225144,0.330877809766532,-0.343879562501149,-0.207716687660852,0.0616765459935253,0.137683301670564,0.0172177522311951,0.348800403971424,-0.138309705066986,0.0177349107354874,0.468671971966627,0.37104165589881,0.0127721582175406,0.0390554504469349,0.163060596358485,-0.0382994023823598,-0.310046501974598,0.427203053440597,0.448763365589402,0.316702561654393,-0.207653593288213,-0.143200814707714,0.389461285105361,-0.439696172555984,-0.0261479631735683,-0.545668529057337,-0.193876860628606,-0.69679342282426,-0.565990889896593,-0.150310004084763,0.331442988558094,0.288091269442158,0.401997999747115,1,0.304406609081884,0.515821143051779,0.53982727363789,0.17521719335803,0.337174518100184,-0.0286271895196892,-0.0579051129428088,0.055482122821162,0.344092630579935,0.0202592350696591,0.037310561816262,0.121655560195669,0.346256744232074,-0.147878314532126,0.384314789080566,-0.187111959570719,0.420948074823071,0.500054110729428,-0.0262791155630502,-0.353595627275134,-0.269097781164771,0.0911366435459325,-0.290558384905103,-0.363852750635705,-0.145473900995466,-0.255705035764572,-0.131698782541067,-0.173559276370759,0.22050874599947,0.0337137819753948,0.0583977884778733,-0.375046185534,0.186160852030953,-0.185642760736958,-0.138162962878518,-0.241070972683951,-0.104886114140018,-0.383313070639407
0.268821676878833,-0.527857386790273,-0.625293944009431,-0.484667942328389,-1.04934947742027,-0.619801987258148,0.328584475770611,-0.158073298723331,-0.471690811169447,-0.47115106359561,0.113917981781883,-0.495833385215193,-0.00639668965458146,-0.611976670892169,0.0573996773201134,0.163465453837587,-0.111858909468243,0.144357662636023,-0.421234738081686,0.205435682118272,-0.0204910537142903,0.0305768846280612,0.21263599087122,0.14317414609696,-0.583775799941629,-0.828998816544542,0.451404893612426,-0.299920654702991,-0.186501298336928,0.169053248807063,-0.11862113701932,0.0946442491872801,0.371906713220659,0.153801734137972,0.261438742688622,0.440049702798746,-0.577385861442913,0.3255216783586,0.649104183525257,0.372010842545427,0.529507648602294,0.366938207226484,0.191097955174522,0.265510988246083,0.11822209412493,0.895243753241127,0.643848025917284,0.604925961867376,-0.0524990818597755,0.207749564054314,0.0486950599054195,-0.380090997986578,-0.289447579317265,-0.670830556306639,-0.865796330508653,-0.616645610877679,-0.399186973338552,-0.326355023629605,-0.574735351999606,-0.142785730824728,-0.525169058781896,0.304406609081884,1,0.0911528406850474,-0.494315549882962,0.00164259566618763,0.293974474517872,-0.62380409228534,-0.49680714450842,-0.559115940235097,-0.116142118457426,-0.472906238468421,-0.250788093251834,0.443518526048027,-0.737161185631034,-1.06171867870164,0.377452325369648,-0.672339158529289,0.831320297269508,0.998397011454838,-0.459496288486601,-0.321371463088552,0.328019322836973,-0.0489092579001784,-0.157517054915187,-0.0267097450149972,-0.669530304600441,-0.335203631288722,-0.390861945461039,0.558175524339036,0.888207570720308,0.376927257331632,-0.00654180784473185,0.378143599142299,0.307159051843146,0.272402363562833,0.689255436373755,0.128287299009616,-0.173693493603603,0.00600289705660961
0.0922089401759525,-0.554144792403203,-0.636276964853153,-0.0266742464872615,-0.81217162651981,-0.602956118052884,0.480565573266366,-0.044642259281789,-0.370853991822373,0.25637562266267,0.230115166187864,-0.213382258664106,0.423432224150062,-0.339920581939992,0.386761063198684,0.324124757554113,-0.23059008487752,-0.0395682342424007,-0.556412381341474,0.0182258738691012,-0.113643576569375,0.390440334095096,0.504602694662494,0.168993959330454,-0.21160916847058,-0.65613862768771,0.134988242274213,-0.280597815817405,-0.127926726252942,0.496720271021083,-0.0744578836614513,0.751656107790554,0.403097038560118,-0.0679745937085882,0.269832423958289,0.59402234289645,-0.805118094220163,0.594222332049566,0.885379924192417,0.52208856880177,0.599543567359123,0.0450042527886391,0.453900171734098,0.281992705003216,-0.238919920706275,0.733182125431974,0.723164281764682,0.781051086600432,-0.174679468754735,-0.148625829437611,0.507610554632753,-0.496198889869296,0.221518123684586,-0.435798444013027,-0.811022927502374,-0.387811419064352,-0.103352918220154,-0.290471017204715,0.0902783714249164,0.214626474195321,-0.0601461059556808,0.515821143051779,0.0911528406850474,1,0.0460246735786332,0.535738408289217,0.152188242511443,-0.830412290668222,-0.882455198836819,-0.633468569915177,0.200622234706111,-0.60585349687697,-0.292361411525212,0.126355535479652,-0.531275105504077,-0.896650960888709,0.0580642063676458,-0.600692928988166,0.815522799693506,0.94381716492559,-0.677405305489208,-0.982514257426982,-0.526294485019468,-0.634099732078869,-0.559223078000326,-0.825400474488885,-0.740730191737926,-0.7175739423047,-0.633948358212831,-0.0145592857646321,0.259483781255726,0.4502589525103,-0.139691928393436,-0.303793168449809,0.19146983847971,0.154130442356527,0.0435949961824456,-0.0855516648156868,-0.378090681323487,-0.457586714128012
0.0610612849332596,-0.351710699230672,-0.2847872873032,-0.355103821878911,-0.992327979718304,-0.492873697619921,0.110794144680752,0.0173748937817773,-0.436852426975759,-0.351319626463543,-0.10221187431748,-0.184756401139263,0.260957211540399,-0.0891134495819026,0.383612917291715,0.521358129927167,-0.177187172512549,0.216077531902845,-0.204666961579265,0.370320456212328,0.00671598038033927,0.396682374300998,0.778365137733886,0.262830936257373,-0.700443343922958,-0.838798683974974,0.453758964854726,-0.0761832832594088,-0.141777230048422,0.378646641082773,0.172194982074518,0.863398243099062,0.536993038690127,0.120353185761482,0.686521056242483,0.391408029657713,-0.825168173864689,0.596698987031994,0.687743700941952,0.265442413473759,0.721338138638,0.451724097236255,0.591464303919804,-0.0279189923665508,-0.353681342751543,0.719725727426928,0.817727765812137,0.722730041239242,-0.275133741024133,-0.438011377293558,0.472647914007159,-0.417582352889507,0.0992091007770685,-0.471135718758632,-0.864932252657155,-0.173137263042629,0.380786529744608,-0.410066071504899,-0.45924128730089,-0.178262908784867,-0.463103633171524,0.53982727363789,-0.494315549882962,0.0460246735786332,1,0.409338878144382,0.0556948207945976,-0.614662448451285,-0.858653040623012,-0.616006594216799,0.154485175300118,-0.652484521054756,-0.158003505101509,0.156904893914976,-0.586861110876876,-0.959815460940562,-0.644826804155502,-0.518532277021141,0.5370262953726,0.712965199401281,-0.639244211241708,-0.718353117180484,-0.413612193934634,-0.502716587194121,-0.452119258823578,-0.507951259838335,-1.15802330316699,-0.602383373859568,-0.663480072328055,0.0185656635690431,0.0311432555713857,0.173038382436951,-0.601760635954904,-0.118635145282564,0.190438573574768,0.0153227236320352,0.102225656358949,-0.0209342562198079,-0.300913511129237,-0.730278344498414
0.0125363769438135,-0.769450008519908,-1.13763072565176,-0.0270083062391697,-0.793595151754627,-0.902602438996554,0.124546397237903,-0.540420489451689,-0.694752057896159,0.610569246040647,0.25536122890556,0.0217835408208137,0.249779870016734,-0.337308271405669,-0.0342642465924196,0.088499816928258,0.201697739767187,0.126784851525085,-0.102500137098096,-0.174059823898499,0.122683375925144,0.443930619723995,0.238666587806078,-0.189583087510216,-0.0902083784963389,-0.870363994030617,-0.399098119251936,-0.893976419571982,-0.554388858741729,-0.0269387487184965,-0.450992130130684,0.268009916707126,0.416903403984549,0.250533428414582,-0.1786925384642,0.545671517966783,-0.705573849973811,0.197227999179842,0.725302650541585,0.152322371412208,0.404512178826307,-0.243536000905672,0.214509884200349,-0.0107595673968316,-0.523972093825015,0.502476338198709,0.665107743691948,0.432402184031647,-0.428696395776122,-0.150051614570571,0.367396533043028,-0.807144760062698,0.0609142683406809,-0.360957460804051,-0.520040264942267,-0.702125450196625,-0.521369585292627,-0.413452216535404,0.598226945356023,0.419958553317894,0.0281660155221914,0.17521719335803,0.00164259566618763,0.535738408289217,0.409338878144382,1,0.452215532812813,-0.0967080556699667,0.0687303414832133,0.140179304031241,0.450655261264078,-0.173972198237156,-0.0275952370480056,0.0961863461033048,-0.127670441658277,-0.860524562518855,0.0411431799197423,-0.808189866882786,0.659736540496039,0.898717546914877,-0.235118549845414,-0.229367099759412,-0.117517617333276,-0.0895235181846992,-0.586937309596062,-0.249691906384956,-0.667079195341994,-0.747485100026872,-0.311710301994355,0.134288638031416,0.771193354845215,0.508973161638182,0.279231567171322,-0.383662277227967,-0.20364418449149,-0.0116569357367959,-0.115025447069494,-0.015439944884422,-0.338753968175194,-0.193596060735117
0.0615964066771083,-0.0495230334506244,0.141735365674056,-0.125131180197674,0.0986825308295416,0.162005711923547,-0.014151084293285,0.158449416806591,0.074653377775064,0.168691823807559,0.0513166720767673,-0.0867434163585035,0.0983372247443676,-0.0827665990723993,0.295977839811292,-0.0431657175978842,-0.28137830052886,-0.498061771354246,-0.461097363829117,-0.114069775434441,-0.294899002456364,-0.0391925441273337,-0.101936322069784,-0.169277760984982,-0.0476439717850729,-0.0459948054418031,-0.23494150990195,-0.00797243778444695,0.00415552950306616,0.193313392135264,-0.0207682159969285,0.443270344490047,0.377517774827419,-0.264501393772801,-0.0468672563069847,-0.140547524815892,-0.474898199783779,0.175670755231082,-0.154748485498104,-0.202487055623519,-0.0874923330016933,-0.309461836762769,-0.0592828707526247,-0.0151037370649141,-0.126496377721401,-0.130294100344723,-0.323136934226108,0.139053243463235,-0.409354280933448,-0.305937912803835,-0.332777279333703,0.217097870106862,0.167017482912673,0.345880964478308,0.461120520797059,0.410980472800352,0.315416709490103,0.24906184603734,0.060930009785142,0.151974503253604,0.184439137666055,0.337174518100184,0.293974474517872,0.152188242511443,0.0556948207945976,0.452215532812813,1,-0.018399459307624,-0.0185590033393575,-0.097478018176991,-0.018669769265312,0.0430791994244157,-0.130020831893322,-0.317588861900228,0.0350094932209179,-0.0247196810585369,-0.224185365777507,-0.00484272557665216,-0.126592402070956,0.0201961457949139,0.389442061385829,-0.0541626282185897,-0.0698220308883754,0.112302940478007,0.236775265269092,-0.0509346610292676,-0.211075943561482,-0.207545608348914,-0.261095192503507,0.241552736374986,0.197776408029612,0.00862516453274514,-0.0108930243707813,-0.0813388599110851,-0.0935676961129331,0.127364327298663,-0.0319204367080009,0.281069665542397,-0.274627491839015,-0.161776843608775
0.287553222734394,0.118006886308029,0.435041279566753,-0.370961541366617,-0.15226405474784,0.249416936347912,-0.122390893367271,0.264569640561466,0.205362415835181,-0.691059468124766,-0.673073783450021,-0.28755378051915,-0.190808789316211,-0.159075641389166,-0.187937461663515,0.928544392564528,0.082400559930237,0.659125425719601,-0.158713990839639,0.987093888786486,-0.0391069970802567,0.321854021126768,0.709698121055025,0.446097809558766,-0.544300351600285,0.0374802246951065,0.517286353630932,0.667094341526848,0.291703285389974,0.418638841627882,0.424609164841694,0.123321515277978,0.720099531450433,0.400900958538646,1.05878550730352,-0.111076573296845,-0.353643850745966,-0.0606184805130855,0.052768748742313,-0.201344703482752,0.478990792319194,0.286913995474833,0.440438018561571,-0.354851669241539,-0.0194897629675216,-0.182147456389943,0.225831849162254,0.342567241329121,-0.333552224681938,-0.400645796576223,0.156930492631516,0.135439110238661,-0.19498509545156,-0.38211518865225,-0.3036226299479,0.763706734560655,0.68776378030028,-0.183451471236604,-0.79144105835744,-0.858479960457599,-0.864740137962076,-0.0286271895196892,-0.62380409228534,-0.830412290668222,-0.614662448451285,-0.0967080556699667,-0.018399459307624,1,-0.326084963466598,0.00184625900313129,-0.171347803828599,-0.12231376714397,-0.0337444049723099,-0.356482862319491,-0.24819220166228,-0.0899855117925115,-0.315712798165983,0.139790182415869,-0.208154640993811,-0.188004338818016,-0.0435331826251727,-0.339582635871411,-0.21488733998968,-0.15590663296781,0.138091193230999,0.0344997469914241,-0.519862813289656,0.0500501305739973,-0.00718852160697514,-0.0973888084275228,-0.452028454236291,-0.390866283447302,-0.533563169618024,0.186402210693977,0.215820037532512,-0.386894716213932,-0.08483542813163,0.155179276805547,-0.0593916540355253,-0.475798602819974
0.478708646628849,0.435717232996949,0.822307064974525,-0.478592399972452,-0.0376674684198413,0.553222967934028,0.113846293683423,0.48155810121974,0.342169580782788,-1.00698765942921,-0.66334828875542,-0.626063622625613,-0.31658580994414,-0.164367352934689,-0.0465354269512387,0.763998870004627,-0.248045699201067,0.535211354738141,-0.223342586791929,1.02109482870189,-0.201331650068422,-0.12279943390962,0.597022062115485,0.357558566505983,-0.685725483153681,0.269345834831157,0.709981962910627,0.866450384431139,0.493447033975943,0.420814300496497,0.265847244564458,-0.123383197238808,0.333079332173538,0.0563684576902985,0.824143603000273,-0.086940281579621,-0.0546874062137285,-0.0204692820904024,-0.118808325782474,-0.0335588019357259,0.577832217691934,0.34798722456579,0.183325251369738,-0.0628573541453086,0.188381585871259,-0.140270605621856,0.0726142559372839,0.389753419544647,0.152759873545333,0.086013396497065,0.0556493509068096,0.42276751110754,-0.317977567728932,-0.405877337118553,-0.419600558971011,0.87752232118645,0.800945937151668,-0.0695478959647884,-1.11759056251852,-0.939421439741317,-0.93556854004924,-0.0579051129428088,-0.49680714450842,-0.882455198836819,-0.858653040623012,0.0687303414832133,-0.0185590033393575,-0.326084963466598,1,-0.265332812425923,-0.5150349497613,-0.205030895091762,0.0722488527921198,-0.166454725538945,-0.517727622829177,-0.00496442005356823,-0.31000077743652,0.317254574399158,-0.378615375724564,-0.428555626166985,-0.301762037100667,-0.176556701388847,-0.136790236003171,-0.294078045906012,0.225116591825483,0.227701708954677,-0.189206638814779,0.214034577720187,0.143806033261148,0.108995599950088,-0.467969341599165,-0.322052838059421,-0.419080285427337,0.504210001443623,0.151875114183113,-0.000316699866310333,0.212735848295328,0.33996460481449,0.293759037768269,-0.105662964744627
0.232757277964178,-0.0382889852995053,0.431211762867058,-0.699117578035003,-0.341148375065438,0.0175532166710894,-0.210495505837386,-0.00300227710044942,-0.151698151384429,-0.847100864444078,-0.547417621570269,-0.477909611715903,-0.559406980083454,-0.411411185979596,-0.153495119377658,0.549706266223728,-0.0160140631201158,0.299411247475909,-0.249739561642541,0.717929746495441,-0.213270846188056,0.0599930352861687,0.429184985927405,0.300522153066478,-0.669357131276971,0.141457761530429,0.698902560725559,0.956864893091662,0.136841965721996,0.555245565325385,0.253649660181934,-0.178784090732356,0.645814233493543,0.264939199255457,0.968704248376814,-0.265466031666109,0.0984592058085385,-0.0200984134180024,0.0321619379664729,-0.38096697363142,0.500753249892616,0.346881593155134,0.289276097497538,-0.127542027636563,0.119315053408785,0.00917607755470962,0.218656567082871,0.214250956213475,-0.0605086520961292,-0.240762044276921,-0.253723969514003,-0.0471355411849613,-0.484237451104432,-0.408508745525972,-0.458351850560774,0.498324153098819,0.489118237815912,-0.384030152860279,-0.959341962722715,-0.846511569736554,-0.745833686039844,0.055482122821162,-0.559115940235097,-0.633468569915177,-0.616006594216799,0.140179304031241,-0.097478018176991,0.00184625900313129,-0.265332812425923,1,-0.340645044726775,0.205858878201609,0.117384344085389,-0.453576208235602,-0.238596182134895,0.0512270413068716,-0.607664454573954,0.290559252239058,-0.268447138692349,-0.439643291438285,0.111670466028082,0.029070801063978,-0.00912991009683134,0.121825670425938,0.435983165791921,0.521058032706546,-0.26658102750291,0.300651533656939,-0.140182420637699,0.16819174667172,-0.167056721879047,-0.344899109745811,-0.299070320868746,0.535508482433584,0.0399553043198332,-0.14344413903139,0.243998167885088,0.23736166312787,0.0574800735415603,-0.348052674607671
0.0411598277153337,-0.51750168812204,-0.0742419218693827,-0.0821366890917859,-0.435667413970829,-0.397173474209155,-0.0680927160064996,-0.109223773707088,-0.173803797179406,0.046096923667065,-0.067191037572787,0.188672527846979,0.355719090406076,-0.0304684291538385,0.439153161690279,0.173309906895378,-0.161353249333757,0.0242675143778672,-0.213638209800264,-0.0428632934439824,-0.08023591807681,0.246964473511348,0.401703269286205,0.118047173622582,-0.0949388944272028,-0.225290318223432,-0.050184059006186,-0.0308516362632281,-0.252772455261876,0.364258905704515,0.40809958487478,0.676097882694025,0.556174690766835,0.0535898743520973,0.546544094940686,-0.0542603750035447,-0.378785029311688,0.301013122499487,0.49381145204175,0.0720676591474365,0.286427262444683,0.3109416625841,0.397406131365497,0.0193077178939284,-0.440801445075946,0.268714524057263,0.349064065984252,0.285134083443936,-0.341659985743845,-0.368180022931757,0.709566117662691,-0.406303660986573,-0.14767714265831,-0.321087104861535,-0.452035486035459,-0.0345614994337108,0.225010494156444,-0.214119352911265,0.0967297629020183,0.0393598997670914,0.0603695129685768,0.344092630579935,-0.116142118457426,0.200622234706111,0.154485175300118,0.450655261264078,-0.018669769265312,-0.171347803828599,-0.5150349497613,-0.340645044726775,1,-0.216607824686957,-0.0762888145274518,-0.100130148261234,-0.127359772625828,-0.289815924345546,-0.558491402343683,-0.18706180546762,0.397376656930488,0.249773163105044,-0.337571048425585,-0.433122222633798,-0.473145012411129,-0.334366895090172,-0.538677514571178,-0.343243857650569,-0.745458172731926,-0.387017394910803,-0.507074121240284,-0.267508327467301,-0.167302963529434,0.146030923027323,-0.291002839529239,-0.245864438055145,-0.0171242126984649,-0.0769275864402912,-0.189574905808512,-0.162289464201663,-0.0174277514556018,-0.47016864465471
0.869413598328423,0.289672359720342,0.254122958647009,-0.537615943981474,-0.147584887858054,0.404565277203344,-0.179023361780272,0.115819532470943,0.103902862904019,-0.57685747125259,-0.810390955332875,-0.68290590785383,-0.0650542955764353,-0.364724561107473,-0.308597056211111,1.10921995154751,-0.195801125188938,0.52871002363493,-0.309124205079834,1.00937970970744,-0.457512834915905,0.138995353406528,0.663711812677012,-0.173795049134865,-1.23519149785547,-0.26472323321065,0.609531051952772,0.400680150696934,0.188471110838172,0.308117329348608,0.131968182295673,0.17864728579949,0.583253674435404,0.239345555697207,0.654541338816623,0.0585900193603676,-0.290915027246762,0.210349841871607,-0.0343978146223579,-0.415359829806199,0.775653900130802,0.00700341559738171,0.214060831292089,-0.0401563941052248,0.0283314709501432,-0.060854099146924,0.276820006929058,0.614828287585813,-0.145954759977188,0.0282052088038823,0.175732060224295,0.0546163374495972,0.257823291790404,-0.204675424545276,-0.288591719157862,0.738521877445526,0.792463523206218,-0.130401552917277,-0.69270954920374,-0.764847155575242,-0.813443448640335,0.0202592350696591,-0.472906238468421,-0.60585349687697,-0.652484521054756,-0.173972198237156,0.0430791994244157,-0.12231376714397,-0.205030895091762,0.205858878201609,-0.216607824686957,1,0.139761707506547,-0.509893128771498,-0.505737914154081,-0.486896137671953,-0.357465910559292,-0.0943320933946408,-0.202813787614191,-0.332774599222226,-0.358738053931016,-0.0367265254884017,-0.215607977344115,-0.457216066012899,-0.125840156714142,0.0467747921232295,-0.869056260546499,-0.049012094002222,0.0609030303506025,-0.106586037123868,-0.388275602343858,-0.0876851984601626,-0.658303382222628,-0.0491813110995257,-0.525374780463197,0.00221229119011312,-0.299866643449252,0.524489579398877,0.0971858351260686,-0.205325325412323
0.383383070387342,-0.229452270786776,-0.0440349417719789,-0.59080465697267,-0.317812487628034,-0.235590312146838,-0.352970323689037,-0.187068424191556,-0.11168602895847,-0.169380768485082,-0.374411450465769,-0.123911437941534,-0.0316490423576018,-0.5953925135454,-0.23437310695945,0.719903629161907,0.078951335747089,0.380944330961523,-0.392558563902097,0.429642773250815,-0.189253444340665,0.559707860644082,0.526743109225659,0.1102098839428,-0.632348963263074,-0.119665728699845,0.23491861921257,0.219531187160294,-0.117570442976106,0.658831649494006,0.245833427902549,0.37775270843911,0.925182374667305,0.540704373082384,0.826733101904999,-0.260763719503378,-0.141017255632573,0.115865772759474,0.278320585282766,-0.486635937124515,0.320710176580202,0.148180841988192,0.296570567231741,-0.364217747636679,-0.388586786005979,-0.135880998199932,0.351834364239114,0.0568204906538282,-0.492465567878206,-0.540538190696119,0.1166225289041,-0.322606395659078,0.136058479705715,-0.310969283785728,-0.299414504364595,0.394488599739165,0.513176480116891,-0.207771808203082,-0.254278778725331,-0.374645954468001,-0.371822376960137,0.037310561816262,-0.250788093251834,-0.292361411525212,-0.158003505101509,-0.0275952370480056,-0.130020831893322,-0.0337444049723099,0.0722488527921198,0.117384344085389,-0.0762888145274518,0.139761707506547,1,-0.450633460809798,-0.153802809225671,-0.135340078096098,-0.494441815469872,0.0522023765132263,0.00163809348229105,0.0181384599201916,0.149099292535269,-0.117435772090286,-0.219305780173547,0.0714944618252619,-0.112668542882346,0.125092482248,-0.73749911070325,-0.0311259823619622,-0.163032112800667,-0.281654158365506,-0.0691176514657892,0.0120943653958484,-0.401735536482682,0.00197056437535237,-0.296002200501945,-0.401788267133134,-0.295721339160266,-0.0990779151703069,-0.170472837140829,-0.447859224793117
-0.34183001223754,0.167122356293573,-0.264473199797295,0.311260825034948,0.219507884014005,0.0917003923548514,0.312516873837381,0.0401374582315894,-0.183222388789561,-0.0455495058371374,0.153348616430714,-0.0647462962260639,0.0334231317679101,0.37373463995514,-0.0293926036755371,-0.359857398559643,-0.180126609630405,-0.914894508558586,0.153514299300579,-0.430679095885327,0.152909785880894,-0.506338439543413,-0.715331296967177,-0.0883295440841528,0.18093848287232,-0.19358297568962,0.08468601953038,0.134935776930227,0.393471637820034,-0.274770587419166,0.0337679088437803,0.250863463723611,-0.635374734837731,-0.507782846147296,-0.657353201948352,-0.149033746392754,0.303137660099104,0.421990552828978,-0.217586883123466,0.0304724939188737,-0.277589244122855,0.0693077388007571,-0.137033862198379,0.673634103297313,0.457154408376401,0.383372917521016,-0.20027045037266,0.0416250990593263,0.572131198015995,0.401703432406935,-0.475226144905673,0.148773298304107,0.507861880426514,0.454258923945838,0.11654423818293,-0.321625930589286,-0.311902136082228,0.189555241441571,-0.0462214405151384,0.0748829090494906,0.488858745662927,0.121655560195669,0.443518526048027,0.126355535479652,0.156904893914976,0.0961863461033048,-0.317588861900228,-0.356482862319491,-0.166454725538945,-0.453576208235602,-0.100130148261234,-0.509893128771498,-0.450633460809798,1,-0.00376071340051404,-0.0793088831687652,0.148725483597821,-0.314553072885199,0.0655770990827421,0.0531089548084089,-0.0071171437381794,0.0895813069220302,0.241386518125997,-0.149973585620538,0.0476886951149153,-0.2304409300593,0.421658795972369,0.0695135886986042,-0.193115916569482,0.181812287119273,0.0150609317881935,0.116471647559973,-0.113135899166139,-0.0250741701218396,0.319911846083255,0.676986002562108,0.368908533193453,0.0540336078059492,0.0782865312884769,0.118785434759214
0.357513784356342,0.00453145224952925,0.289310244632979,-0.501847562087391,-0.665186793301271,0.0310821863473677,-0.0372956778275563,0.30699272684729,0.0146021274154763,-0.746296392105523,-0.470878711022187,-0.33291081439017,-0.0378802608711531,-0.00726692496212898,-0.0362528485091013,0.834217519046896,-0.0879130981924747,0.512424793962352,-0.102578437402126,0.980842836594298,-0.134520045664401,-0.0122645642862207,0.658775675606974,0.497031235426851,-0.692752752171151,-0.245596860573594,0.516703358866848,0.299099381727685,0.397206112689977,0.0354218949238375,0.300032779243693,0.421203713267002,0.526181667005159,0.233614510164641,0.691136133000559,0.0121025586156805,-0.307527052970843,0.182731956614102,0.173939921953658,-0.148271135723899,0.535430287187448,0.262870706724319,0.260449537852052,-0.0110440852519348,-0.0292594824675771,0.15486391234011,0.261260275511422,0.494573756482303,0.0591009950981109,-0.0258913347546539,0.208847337950436,0.0550140597677794,-0.245047550392392,-0.527464495626188,-0.786366724961957,0.447537979009117,0.669524189014031,-0.197263077554021,-0.888999630109636,-0.704073888099711,-0.671675365768917,0.346256744232074,-0.737161185631034,-0.531275105504077,-0.586861110876876,-0.127670441658277,0.0350094932209179,-0.24819220166228,-0.517727622829177,-0.238596182134895,-0.127359772625828,-0.505737914154081,-0.153802809225671,-0.00376071340051404,1,-0.514438913174867,-0.456622190273123,-0.353514822598732,0.0582848333549143,0.085648189095734,-0.314390443860126,-0.143424027227302,-0.0529326080995222,-0.321779468861505,-0.16334287100605,0.0539792652511724,-0.678256225077648,-0.165745036937961,-0.0823631476961753,0.316285216296569,-0.088167314320296,-0.0368491160678774,-0.62037458156507,0.171201945280662,0.254801437307184,0.118090777050107,0.204707852279299,0.346406405598541,0.324613375838993,-0.17827408198334
0.392691166036257,0.0277035739160923,0.0875765924737397,-0.694236941805948,-0.585417234475379,-0.0691703352469697,-0.338137245404873,0.0565838266217352,-0.272941819127568,-1.06322630864604,-0.739796702067591,-0.543422309171515,-0.35182410372957,-0.293767139061399,-0.684107612458534,1.00376133738742,0.285143281896709,0.917765728198582,0.130073740410449,1.10536092505285,0.00266188995628536,0.00118085024269687,0.528774010090208,0.436946224260103,-0.961369915535525,-0.437715134978768,0.804093865232513,0.500622274453622,0.4182154117637,-0.0850747098324652,0.519154990984086,-0.0710813071618849,0.581130449712536,0.721866792653096,0.897022368473442,-0.211415389737272,0.0607534442831422,-0.00849010196409983,0.0348385687441268,-0.545881215217607,0.613496249795694,0.641109225906546,0.357160488313758,-0.0192357386979441,0.350581552658326,0.170479482419529,0.341976177526869,0.424368813179319,0.188355743775082,0.142697364062558,-0.110108646473489,-0.232966826989209,-0.5116452634815,-0.749756665245599,-0.939313869013414,0.211520842709526,0.20589671674185,-0.463509953389879,-1.16200869601327,-1.18512634113696,-1.22256667132903,-0.147878314532126,-1.06171867870164,-0.896650960888709,-0.959815460940562,-0.860524562518855,-0.0247196810585369,-0.0899855117925115,-0.00496442005356823,0.0512270413068716,-0.289815924345546,-0.486896137671953,-0.135340078096098,-0.0793088831687652,-0.514438913174867,1,-0.417585928641249,-0.359398109451244,0.0991229571969405,-0.0864249571501211,-0.183351156313615,0.326249549287145,0.521365315461417,-0.0201151848459481,0.0690012987510308,0.510361234559646,-0.540601974211016,0.208007580160862,0.242711330666666,0.269292465401661,-0.0857172460748745,-0.268891409853232,-0.697374264391873,0.624593430729086,0.177785863112893,0.00501775916137592,0.531501941394351,0.34678378317764,0.311600141100763,0.0341903064850607
0.241146997560029,0.272069553050869,0.43011440361652,-0.00242481061158949,0.0833295070161115,0.0767757359722709,0.0937670957066533,0.431129345598827,0.259018288249387,-0.569362160701462,0.149362384524066,-0.214817181143611,0.202619002889121,0.0692601680567903,0.294581757388354,-0.239394331773569,-0.391923170522524,-0.389560494083325,-0.294409323377544,-0.58404785887052,-0.180482220112701,-0.582698363496099,-0.520204642306751,-0.292379067469143,-0.427067290877785,-0.289070727458207,-0.0290713181629272,-0.0483212882892001,-0.187047925725189,-0.186514701808684,0.350131710725577,0.313502986804422,-0.114349540567381,-0.16870424992168,0.0166385849236829,-0.367709438966782,0.0927737812114979,0.338134726779032,0.0703955893212227,0.0132276749213641,-0.0830220757280835,0.520946455108654,-0.166879140314446,0.567426707950976,0.244953341380565,0.537244430978405,-0.152654679321532,0.0368726144488371,0.433309978699862,0.530192354539607,-0.179249000645597,0.410329845673312,-0.123887975916295,0.239918130131432,-0.0583680859246266,-0.104787219144705,0.164566098826725,0.460047744476491,-0.512695011047942,-0.233359943829559,0.0597875193549542,0.384314789080566,0.377452325369648,0.0580642063676458,-0.644826804155502,0.0411431799197423,-0.224185365777507,-0.315712798165983,-0.31000077743652,-0.607664454573954,-0.558491402343683,-0.357465910559292,-0.494441815469872,0.148725483597821,-0.456622190273123,-0.417585928641249,1,-0.254278934818132,0.703659080146398,0.201433985554596,-0.244123633735626,0.193463313433695,0.492230260499588,0.203336260058401,-0.135844628752198,0.324478393287784,-0.175866300889529,0.0755894915853945,-0.308918787456809,0.353504775124883,0.32460406922146,0.253649263094271,-0.235880278815282,0.490867089710214,0.303831819330842,0.527333215426267,0.746756027052413,-0.0723252893978954,0.352584837887593,0.485984522726179
0.329431012905899,0.0456843726048727,-0.0870172850357299,-0.610972671140656,-0.316838638301464,-0.123815779403853,-0.344835801249445,-0.0954667923257999,-0.221189314899301,-0.483882608719397,-0.571684209026689,-0.402898315641,-0.255473918330254,-0.401194658368271,-0.632474294816435,0.992808416805246,0.179468024696594,0.762676316973187,-0.000571120723137197,0.648050768845307,-0.172187674265003,0.0676906521062198,0.390651727872883,-0.145154884631478,-0.885782761108688,-0.357387121696992,0.33480832873347,0.122883734292736,-0.0063119803446402,-0.110168899636458,0.466781414114839,0.0428079723161059,0.696936722338909,0.597746800452799,0.583500581932759,-0.210072348627347,0.0585918094398883,-0.0101320734486373,0.070508900733452,-0.681064801756139,0.543523476456745,0.411994791527973,0.235251106361517,-0.157756547323654,-0.0312893529845757,-0.0595301761492644,0.375935809583661,0.137198576561258,-0.149392935328614,0.0255803597906357,0.153988050273864,-0.409461749226683,-0.292082829609121,-0.442319266168049,-0.520174193786647,0.345547645368949,0.262868876763828,-0.384627517713113,-0.437000546680179,-0.604178473304258,-0.818477895641273,-0.187111959570719,-0.672339158529289,-0.600692928988166,-0.518532277021141,-0.808189866882786,-0.00484272557665216,0.139790182415869,0.317254574399158,0.290559252239058,-0.18706180546762,-0.0943320933946408,0.0522023765132263,-0.314553072885199,-0.353514822598732,-0.359398109451244,-0.254278934818132,1,0.0904675209715601,-0.126647201072024,-0.225053773800337,0.371907461122934,0.329949293146145,0.0633880432404517,-0.278148592060718,0.591309117610229,-0.615134094310037,0.122238432780618,0.175726390021634,-0.0238928603595796,-0.00552622786787349,0.0462342073645348,-0.436886848945705,0.454820272582469,-0.330333076049752,-0.174660257930546,0.142651118025226,0.108911103648727,0.157571762211886,0.0883424846909562
-0.265058701788122,0.185183931775156,-0.234872445728187,0.617165114169212,0.329445582911915,0.235687833283568,0.486107317067757,0.142067767657354,0.0576353648997116,0.77493967492572,0.570751867602266,0.293101060602285,0.527321266938498,0.535358507388661,0.590489996669419,-0.529317579412546,-0.340454741201787,-0.765973763563676,-0.0112827067270278,-0.750046295533179,-0.104613541849962,-0.242171161227252,-0.357520036227752,-0.476727086452286,0.555217481888747,0.283932413713745,-0.208717615326306,-0.370528993857568,0.116140642336073,-0.154630711935143,-0.288126883680947,0.390657588817151,-0.730547499957674,-0.803538485170847,-0.932903576299895,0.387097399245111,-0.245486318319041,0.34361626267528,-0.102909649470431,0.556615815045939,-0.330438571005529,-0.550284029001362,-0.31118394586686,0.425030790706837,0.340908679869206,0.0896606226219699,-0.407726110212123,0.0941349801546243,0.0878492646373014,0.299090947151169,0.138365260613177,-0.00250795015119867,0.630090894269596,0.504599080397456,0.294219222143875,-0.318081423555417,-0.451307909106589,0.162835694581585,0.695214442351502,0.950826766314411,0.959953307786491,0.420948074823071,0.831320297269508,0.815522799693506,0.5370262953726,0.659736540496039,-0.126592402070956,-0.208154640993811,-0.378615375724564,-0.268447138692349,0.397376656930488,-0.202813787614191,0.00163809348229105,0.0655770990827421,0.0582848333549143,0.0991229571969405,0.703659080146398,0.0904675209715601,1,0.256869214427314,-0.274367966970439,-0.459279891766657,-0.274881480071396,-0.589643779779878,-0.12232548162569,-0.925820757108014,0.217531894793347,-0.241319578056834,-0.289521241491353,-0.227464064638969,-0.0630935331811415,0.353597375201079,0.124482285795242,-0.62634499383504,-0.0925816413181463,0.386197179645626,-0.250977916817818,-0.0455518889971639,-0.273559056355283,0.170048973449078
-0.0294964862160676,-0.0392925775626296,-0.178440665322254,0.763980100842545,0.2914720531485,0.177351920115208,0.63232514698067,0.00382742921763277,0.0762933815315305,0.795638516780205,0.617198913971589,0.252411872769498,0.642267253918817,0.560220862808281,0.855905610611263,-0.996461593899524,-0.635735726315665,-1.1099568405793,-0.0213665435880088,-1.06795656879283,-0.256933593373687,-0.61007055335047,-0.55186570071621,-0.827293326712751,0.435570649140949,-0.131759798041878,-0.24079769890055,-0.323735631362593,-0.369471219080255,-0.110506532398989,-0.511469256998014,0.114457360371767,-0.925299787158822,-1.07721483522744,-1.02410126328356,0.332403879177843,-0.136621202675035,0.391269711525769,-0.145475797694198,0.474492039597715,-0.251519942752013,-0.536569413886883,-0.328793253211755,0.713600667084691,0.195674036033053,0.38650361826355,-0.183981749024457,0.258378858071306,0.239766123328385,0.353639446042847,0.340041498751691,0.159434842929739,0.677511737235721,0.893003233219842,0.604214852340768,-0.448470864358583,-0.29868112905753,0.388814364590871,1.00811796630438,1.04167937413342,1.17487287804462,0.500054110729428,0.998397011454838,0.94381716492559,0.712965199401281,0.898717546914877,0.0201961457949139,-0.188004338818016,-0.428555626166985,-0.439643291438285,0.249773163105044,-0.332774599222226,0.0181384599201916,0.0531089548084089,0.085648189095734,-0.0864249571501211,0.201433985554596,-0.126647201072024,0.256869214427314,1,-0.577079566393822,-0.243887074383119,-0.483422151020371,-0.586041825118162,-0.404835345074854,-0.685251498314705,0.188072363560045,-0.0816393114074561,-0.333804952369351,-0.319180626924645,-0.359148599961761,0.160540283331191,0.246501372767792,-0.91374710313513,-0.531306560304658,0.56882825193357,-0.494792272812288,0.188972951662306,-0.0591070262347072,0.100574941721442
0.810416216922777,0.515793621291899,0.725666531985535,-0.416284211318211,0.108216311159408,0.654880912822284,0.312038934474334,0.561274646067745,0.339139284439285,-0.698104374647534,-0.499514255055099,-0.658562477827124,-0.146278832958754,-0.00962792946336319,-0.119873017058809,0.800109604131361,-0.211188613516548,0.583929402022923,-0.108572740168668,0.913473526537665,-0.225674496406408,-0.462844454005148,0.451542729408788,-0.0241419344697894,-0.548423249190347,-0.0247431308860069,0.222758283261748,0.149070177619425,0.42527236027825,-0.14638712613687,0.18597899836237,-0.0520259964693598,0.187433691053654,-0.191566491643019,0.12006557510748,0.0455252780614603,-0.190015538370297,-0.133812493219007,-0.341938212197249,-0.371010608953004,0.36712197421928,0.049848645088477,-0.369227689679585,0.0934617426443818,-0.0114611630989053,-0.396771219381311,-0.305966462348638,0.351815589046058,0.327820083516773,0.24174652994753,0.379925775731205,0.473644106610492,-0.359518550110609,-0.264252303905484,-0.284161084796931,1.1307355041773,0.896207599073378,0.0393135617003535,-0.708370303560525,-0.65608148195658,-0.789056936033348,-0.0262791155630502,-0.459496288486601,-0.677405305489208,-0.639244211241708,-0.235118549845414,0.389442061385829,-0.0435331826251727,-0.301762037100667,0.111670466028082,-0.337571048425585,-0.358738053931016,0.149099292535269,-0.0071171437381794,-0.314390443860126,-0.183351156313615,-0.244123633735626,-0.225053773800337,-0.274367966970439,-0.577079566393822,1,0.177413723710038,0.0547338494653143,-0.32679906940295,-0.107140179473625,0.406675348962662,-0.102688190689329,0.135915792235293,0.539387319991086,0.340672476818644,-0.164650294680259,-0.0868913210169844,-0.313530465032494,0.281960044221623,-0.174251818810876,0.377413862030141,0.0663733075749242,0.761257779537671,0.765434471480942,0.461559864429456
0.209573942605536,0.425579342831576,0.696779668449042,-0.412412950654517,0.212064614519521,0.548581099024115,0.0986414583791089,0.553227703936993,0.502805401753243,-0.867841833128715,-0.366565463154928,-0.401603356812305,-0.437552978329324,-0.120774991636062,-0.329757133578276,0.498365480784103,0.0445975496029203,0.525196324960005,-0.0835729461310882,0.831212340913932,0.190009472318006,-0.0303961017639273,0.266632237426262,0.675944084530713,-0.018781380468988,0.525345841320214,0.323532209644372,0.635747617160033,0.785587067869743,0.197465737874641,0.221034057393047,-0.237834034591663,0.171735325239457,0.144804946679661,0.467668533978399,-0.229750593942328,-0.0505677699776124,-0.299436497460035,-0.359917776905189,-0.0875120050621844,-0.0188652658167609,0.34254812771535,-0.0415148626169444,-0.3001920643119,0.314879506530278,-0.425306916661117,-0.373357511743654,-0.143062505179461,0.153443699181707,-0.0371695783356352,-0.251133640554793,0.599125951025775,-0.378824541047288,-0.426717072829937,-0.116322049138019,0.887511085703045,0.457251685766065,0.159006073946246,-0.945915848046002,-0.709721491206461,-0.738533824004268,-0.353595627275134,-0.321371463088552,-0.982514257426982,-0.718353117180484,-0.229367099759412,-0.0541626282185897,-0.339582635871411,-0.176556701388847,0.029070801063978,-0.433122222633798,-0.0367265254884017,-0.117435772090286,0.0895813069220302,-0.143424027227302,0.326249549287145,0.193463313433695,0.371907461122934,-0.459279891766657,-0.243887074383119,0.177413723710038,1,0.26246718266422,0.132602384442302,0.486422384146525,0.222381630351838,0.305006439085933,0.373822550821662,0.412051089598749,0.197257155037356,-0.233139732357063,-0.41809404481842,-0.287220336601476,0.75664394005334,0.49213289978677,-0.192771396487286,0.371209712633451,0.0519255943130607,0.197404691455544,0.100201262942496
0.213677216337223,0.663564284595815,0.994563824374578,0.15882472890833,0.967423526105463,0.83971799127132,0.247398812693327,0.789348542460101,0.791275607649617,-0.518817173292631,-0.2086187460167,-0.0136991733008455,-0.121631324292206,0.336785545655889,0.00222090643846895,-0.226931822926108,-0.191545362266762,0.0513111551263163,-0.0160568978117034,0.0776066517828955,-0.0497172356788681,-0.538742229724729,-0.438814360891579,0.22012174681835,0.400472008528436,0.734934110624381,-0.162939944137176,0.385410976164906,0.621446785221956,-0.345740681124422,0.277608066890435,-0.349164817019032,-0.30466732869298,-0.155496475842636,-0.159872436152198,-0.424614172478857,0.610984161582051,-0.277105975878442,-0.579926730753725,0.0630132984675796,-0.284336006693345,0.15884665315078,-0.436857981618481,0.327339044779697,0.265779641131768,-0.458798023688212,-0.719859513909782,-0.147716094842549,0.698932864664543,0.630023934245404,-0.0608190915944302,0.908131461586634,-0.158146646727527,0.172392078754576,0.354898034942807,0.699760358602678,0.458681485409507,0.607121247055708,-0.39824056502091,-0.362200374693655,0.041918086901547,-0.269097781164771,0.328019322836973,-0.526294485019468,-0.413612193934634,-0.117517617333276,-0.0698220308883754,-0.21488733998968,-0.136790236003171,-0.00912991009683134,-0.473145012411129,-0.215607977344115,-0.219305780173547,0.241386518125997,-0.0529326080995222,0.521365315461417,0.492230260499588,0.329949293146145,-0.274881480071396,-0.483422151020371,0.0547338494653143,0.26246718266422,1,0.0535112587574526,0.136197004708721,0.128139850201267,0.820546728635122,0.345478037078893,0.547555381255312,0.0512097149303473,-0.347802233505375,-0.340122461391851,-0.125086027794762,0.294898790285633,0.219568653573497,0.288491266374331,0.271129666986516,0.098701123597791,0.711227175762367,0.741733083083219
0.492097862022319,0.806496274939532,0.64880939164841,-0.144614836569602,0.46262837388352,0.963326493737611,0.330646756127899,0.653762480958385,0.495544766136938,-0.66249289756097,-0.584733482655496,-0.450825066308501,0.052705958081732,0.388971904907722,-0.0326270722321956,0.673019015300331,-0.268755497799439,0.232957967398829,0.0898880041409354,0.710053211320898,-0.0122725285588104,-0.475924220298538,0.252877627168223,-0.181634512570477,-0.446932500406518,0.317639642118058,0.198192335146399,0.324580684921423,0.633431660349985,-0.213301467893407,0.147884510585506,-0.0249465364348034,-0.0610634150311,-0.300227218924192,-0.111059881300807,0.0290458486140889,-0.134942618178655,0.00192971926339469,-0.593155380366226,-0.121862043931375,0.24282809143438,-0.140123839043016,-0.443109212778571,0.120166602656734,0.33297990941046,-0.500100476719417,-0.432261646805618,0.35448346655738,0.3572051562181,0.528170047861119,0.0721128918554433,0.570792045726196,0.0763750669456311,0.0321566363958537,-0.00430586077906825,1.06718610209179,0.745196144383815,0.191396235513889,-0.646501102096625,-0.45231343357398,-0.44735951328239,0.0911366435459325,-0.0489092579001784,-0.634099732078869,-0.502716587194121,-0.0895235181846992,0.112302940478007,-0.15590663296781,-0.294078045906012,0.121825670425938,-0.334366895090172,-0.457216066012899,0.0714944618252619,-0.149973585620538,-0.321779468861505,-0.0201151848459481,0.203336260058401,0.0633880432404517,-0.589643779779878,-0.586041825118162,-0.32679906940295,0.132602384442302,0.0535112587574526,1,0.032560472800212,0.0538963686386413,0.000469378688430111,0.184730160402701,0.464849159443973,0.025037945324072,-0.395063169500436,-0.104174383947233,-0.453746606182135,0.0988622561967681,-0.259990593184177,0.355351774692552,-0.077595123232455,0.604573841211093,0.635662249418242,0.496036451603555
0.769434097465112,0.656298884255408,0.699034671359388,-0.186461306323207,0.705252680789145,0.7091908535125,0.0633532643960548,0.571141108859635,0.601433168974381,-0.299516445894847,-0.575132747888756,-0.425651605561972,-0.0589000184403788,-0.216093663971992,-0.367227486391156,0.600129756842203,-0.168739800038386,0.464407207945019,-0.301008533958443,0.438880432831568,-0.399442476819713,-0.316450580883818,-0.0417336497268756,-0.177394501834366,-0.362639185729318,0.0927620400186336,-0.195432178295473,-0.197132471563921,0.225667183767412,-0.469316016777684,0.384683682450561,0.0840735975895371,0.390984698973772,0.105740290795978,0.0092103525233429,-0.435192436354504,0.243219044017483,-0.242322046022227,-0.308081610625265,-0.59197292058716,0.057570578506585,0.0124654994604083,-0.385897272145286,0.0541612633364275,-0.284894365740703,-0.602277550383782,-0.321870600936788,-0.0355967674470732,0.332632474871906,0.332679572279357,0.358516652823096,0.488014124768213,-0.159975734210654,0.143436741118626,0.257075851358435,1.1109350758255,0.763229572608699,0.460308941062847,-0.228390642023757,-0.488018912628178,-0.478193631251977,-0.290558384905103,-0.157517054915187,-0.559223078000326,-0.452119258823578,-0.586937309596062,0.236775265269092,0.138091193230999,0.225116591825483,0.435983165791921,-0.538677514571178,-0.125840156714142,-0.112668542882346,0.0476886951149153,-0.16334287100605,0.0690012987510308,-0.135844628752198,-0.278148592060718,-0.12232548162569,-0.404835345074854,-0.107140179473625,0.486422384146525,0.136197004708721,0.032560472800212,1,0.583147238159418,-0.00959607725242939,0.167993476549751,0.630135386224442,0.143671596996749,0.0044936412504295,0.097555782767578,-0.216692346499553,0.291554339723321,-0.275536578060031,0.251972554472688,-0.0493923343789521,0.401842379523002,0.751948001801566,0.718595757837513
0.360936559135676,0.692581961271851,0.708514702086521,-0.260434129076011,0.767363269845107,1.05263255300546,-0.0970619282246132,0.353192430747381,0.632533622579263,-0.47026907421592,-0.529112314487505,-0.227151003835141,-0.193697565635009,0.153022257633046,-0.346332811634167,0.543429756107818,0.133983071868343,0.292024667606996,0.0568719009065838,0.641396988220394,0.103430898780179,0.0642989859318648,0.106488566612174,0.128901154152612,-0.0952450132835908,0.747213564202411,0.344834002377678,0.668862075764465,0.809960949637286,0.144252432319026,0.0197673555169213,-0.429276620673713,-0.0503432116232335,0.124943790509881,0.150301018300886,-0.230464128064685,0.234028925442057,-0.457877406407977,-0.809097379612732,-0.305872728514259,-0.19430313309748,-0.0943464423702451,-0.270150316261793,-0.292289562283916,0.53856674234415,-0.701809882261467,-0.525513691631842,-0.0860181562571684,0.143561523479338,0.06322603261934,-0.469866868862611,0.723397977181111,0.265869415335254,0.183127152317915,0.659644854988038,1.00059326773432,0.476684430815072,0.326519510875725,-0.620990248670175,-0.527806437183504,-0.367410609019171,-0.363852750635705,-0.0267097450149972,-0.825400474488885,-0.507951259838335,-0.249691906384956,-0.0509346610292676,0.0344997469914241,0.227701708954677,0.521058032706546,-0.343243857650569,0.0467747921232295,0.125092482248,-0.2304409300593,0.0539792652511724,0.510361234559646,0.324478393287784,0.591309117610229,-0.925820757108014,-0.685251498314705,0.406675348962662,0.222381630351838,0.128139850201267,0.0538963686386413,0.583147238159418,1,0.476783467388698,0.539940199152346,0.591407549280732,-0.13575321920503,-0.526510381481467,-0.53178000307719,-0.430734150401587,0.148054903550129,-0.0606818368890012,-0.0834448066214222,-0.232641323148694,0.411847621889929,0.139907275242706,0.146132575420888
0.239130928756867,0.394361206774563,0.342896811640422,-0.361092033624417,-0.218691081689434,0.0868740964680555,-0.216175392458103,0.66125544724952,0.0758352392783921,-1.23181535389352,-0.411144595867453,-0.626203980962159,-0.197149960799489,-0.0915883042221741,-0.450678618515973,0.316576222108831,-0.0746539855980767,0.387280195800888,-0.0485886238099184,0.733828294828105,-0.0373610005940176,-0.581581149847382,-0.177159054064097,0.570209561265869,-0.572473482035226,-0.357004897499327,0.252579644734234,-0.109466603645991,0.598962258816128,-0.508799444069417,0.59148635600946,0.206461009329844,0.527967274902514,0.244514104384424,0.400277015769846,-0.414430769201016,-0.135103935617855,0.149342556050358,0.0105923904474968,-0.340504501006785,0.307662706477571,0.791195024116519,0.125689383494245,0.2132929407459,0.53860508689057,0.318489388467679,-0.0332132654336205,-0.0335923947852765,0.448280068800492,0.455564263749846,-0.243606862457697,0.151609942169562,-0.823477069110971,-0.659613107970905,-0.730225522340342,0.0774274714386917,0.118213877835357,0.0458720441804988,-1.19166549814782,-1.01327608842425,-1.15026797770027,-0.145473900995466,-0.669530304600441,-0.740730191737926,-1.15802330316699,-0.667079195341994,-0.211075943561482,-0.519862813289656,-0.189206638814779,-0.26658102750291,-0.745458172731926,-0.869056260546499,-0.73749911070325,0.421658795972369,-0.678256225077648,-0.540601974211016,-0.175866300889529,-0.615134094310037,0.217531894793347,0.188072363560045,-0.102688190689329,0.305006439085933,0.820546728635122,0.000469378688430111,-0.00959607725242939,0.476783467388698,1,0.0222560499443626,0.125070842614799,0.662089454026638,0.386356249238206,-0.0963399181643297,-0.448899219418009,1.04884330709528,0.492361175601291,0.298766041162645,1.0016224850203,0.00821796452733475,0.548692417420128,0.437906871042441
-0.0611912861330084,0.578049786551825,0.462055796724342,-0.127159464224427,0.255374653580369,0.267754214511403,-0.231208709293638,0.467206643024526,0.270221335240889,-0.653207900047295,-0.48434299897601,-0.14056121739821,-0.179127664430298,0.0494765783065337,-0.475738789407847,0.438593844018435,0.171395686257622,0.599812554247651,0.137604127964174,0.595268671281943,0.106661476884801,-0.0679175468581684,0.0698347425560855,0.342195205518317,-0.271574069944365,0.234210047663108,0.150203459464514,0.288349665852402,0.466378122121771,-0.203432840647347,0.448090582701959,-0.192171831775261,0.319591123660505,0.377693078747792,0.316038640676083,-0.397120832730276,0.23750575169876,-0.161037174799762,-0.193172146502038,-0.107496715973004,0.108154055567098,0.28598290928838,0.16853149943579,-0.200433498350861,0.0567129766770109,-0.252449266221096,-0.0604514946991144,-0.186805438787809,-0.00298177655498016,0.259665017522143,-0.288102297535103,0.318985815727656,-0.25186345833367,-0.208122094057156,-0.186127952529559,0.321639675670883,0.372890164851517,0.115125971747075,-0.614287357513157,-0.700935641575382,-0.622331650809433,-0.255705035764572,-0.335203631288722,-0.7175739423047,-0.602383373859568,-0.747485100026872,-0.207545608348914,0.0500501305739973,0.214034577720187,0.300651533656939,-0.387017394910803,-0.049012094002222,-0.0311259823619622,0.0695135886986042,-0.165745036937961,0.208007580160862,0.0755894915853945,0.122238432780618,-0.241319578056834,-0.0816393114074561,0.135915792235293,0.373822550821662,0.345478037078893,0.184730160402701,0.167993476549751,0.539940199152346,0.0222560499443626,1,0.318040499429795,0.211475320849637,-0.0354658412194934,-0.205847718720181,-0.114190528033349,0.808400566596355,0.356701134734436,-0.161386652849915,0.475086921395313,-0.158670866036681,0.22008380827831,0.259880546754628
0.12633958263598,0.124095452787464,0.400224744883386,-0.515814020600332,-0.0962100311352244,0.142098381731718,-0.303312453567213,0.22487852003709,-0.0312126360594991,-0.905566488180469,-0.542209905660557,-0.350253068806673,-0.534601534126068,-0.397398609271482,-0.496971059269027,0.316811858379072,0.0709640855971726,0.0341617003479956,-0.258116444929561,0.532826182765587,-0.152422949182967,-0.106884447210796,-0.128819983424409,0.545221521237436,-0.452377353212285,0.29756778425882,0.500045842838249,0.742601426798888,0.530396411676159,0.178856895747192,0.445810908775073,-0.210843625978515,0.547936724030561,0.263444027606422,0.605787657515326,-0.598377605356235,0.398701269376302,-0.142589498306248,-0.327282093436968,-0.552649707232695,-0.0235830067915775,0.306362956483015,0.12836602944722,-0.0434125219795545,0.417667847147685,-0.114775552605175,-0.202163427456645,-0.137897920258149,0.108541205210467,0.0206675648763617,-0.785175544017825,0.164838653390401,-0.5100944733743,-0.283131220041682,-0.169409881762125,0.334683848690329,0.253186172244441,0.00171453154978065,-0.992776092632565,-0.886410634070971,-0.612845684255226,-0.131698782541067,-0.390861945461039,-0.633948358212831,-0.663480072328055,-0.311710301994355,-0.261095192503507,-0.00718852160697514,0.143806033261148,-0.140182420637699,-0.507074121240284,0.0609030303506025,-0.163032112800667,-0.193115916569482,-0.0823631476961753,0.242711330666666,-0.308918787456809,0.175726390021634,-0.289521241491353,-0.333804952369351,0.539387319991086,0.412051089598749,0.547555381255312,0.464849159443973,0.630135386224442,0.591407549280732,0.125070842614799,0.318040499429795,1,0.365821259135223,0.0585859218326442,-0.399726751191264,-0.24297812930877,0.878737312694327,0.279437288349388,0.0195682898779248,0.517699979521489,0.135429021825155,0.255541924092803,0.055304649994639
0.23465588019019,0.128231900020641,0.296620435617997,0.245129760823402,0.62521869498105,0.699000521712691,0.328491650144595,0.17875186547893,0.488602057305701,0.30914812225667,0.138928852131917,0.024018343259376,0.122559961980694,0.25325706982274,0.205590105443455,-0.550255967944868,-0.132488611507425,-0.523520531350735,-0.135408586256591,-0.304042327105391,-0.0339843513691812,-0.400890541246122,-0.581055027001413,-0.0626526512761213,0.62893636819506,0.307177550085569,-0.423295273676429,-0.253737060664787,0.336220761062204,-0.294305679686316,-0.236903493186235,-0.213850604556719,-0.326033040082774,-0.453857879728921,-0.743510098870964,-0.0356280495839253,-0.0477833700968013,-0.264881093699499,-0.457153341118159,0.110184585512359,-0.485386581221538,-0.353487907830955,-0.467293115128298,0.24737603747343,0.24871119722241,-0.246045416301073,-0.651977817668923,-0.0305013548984013,0.326652055448649,0.249948569998821,-0.0805118627256811,0.601028948568564,0.20327518549769,0.503739439229907,0.878543305098756,0.336365915526955,-0.134203496946588,0.633859715095126,0.27188520380208,0.241129699862228,0.397299866667217,-0.173559276370759,0.558175524339036,-0.0145592857646321,0.0185656635690431,0.134288638031416,0.241552736374986,-0.0973888084275228,0.108995599950088,0.16819174667172,-0.267508327467301,-0.106586037123868,-0.281654158365506,0.181812287119273,0.316285216296569,0.269292465401661,0.353504775124883,-0.0238928603595796,-0.227464064638969,-0.319180626924645,0.340672476818644,0.197257155037356,0.0512097149303473,0.025037945324072,0.143671596996749,-0.13575321920503,0.662089454026638,0.211475320849637,0.365821259135223,1,0.079301426635998,-0.162145301919058,0.137607201904057,-0.27827076962895,0.107631577703153,0.471202344638833,-0.108037349300933,0.500753172206395,0.217634735473649,0.427996875780042
0.272132189422469,-0.0548266442168267,0.263717294311603,0.419744594796039,0.324639531730315,0.531895320035333,0.65167868557685,0.294414785033928,0.483864587644019,0.139242702567875,0.112329218530591,-0.264987393479827,0.354200817137181,0.28126250668983,0.808290086357232,-0.551499403958358,-0.565631067358917,-0.592395030215355,-0.408373204175782,-0.292179792814653,-0.245540576533334,-0.50630786836144,-0.233240683250588,-0.272432865931371,0.196291547571241,0.105636953509078,-0.130703721972371,0.00588649618562009,0.24717125544431,0.0523797240287856,-0.236067353440763,-0.0277564247258961,-0.296181769029758,-0.730552215703356,-0.447694375361843,0.157381677638186,-0.474969642295087,0.0173042445964041,-0.383021581774626,0.371410540388159,-0.0532802984336627,-0.443282418230205,-0.212254298739621,0.457909384037615,0.375418907546866,0.0826179612798446,-0.327060515580902,0.430498005199151,0.0905545936322364,0.190875726593414,0.325512700092784,0.581511745276028,0.355686423590269,0.500671281172331,0.633452834478836,0.161828094300484,0.0832383968669488,0.551571171747496,0.185073678824948,0.365012798702269,0.406586706239538,0.22050874599947,0.888207570720308,0.259483781255726,0.0311432555713857,0.771193354845215,0.197776408029612,-0.452028454236291,-0.467969341599165,-0.167056721879047,-0.167302963529434,-0.388275602343858,-0.0691176514657892,0.0150609317881935,-0.088167314320296,-0.0857172460748745,0.32460406922146,-0.00552622786787349,-0.0630935331811415,-0.359148599961761,-0.164650294680259,-0.233139732357063,-0.347802233505375,-0.395063169500436,0.0044936412504295,-0.526510381481467,0.386356249238206,-0.0354658412194934,0.0585859218326442,0.079301426635998,1,-0.241259499273373,0.0376330986801081,-0.611296359805007,-0.0850607313512564,0.505186364631876,-0.248380187060532,0.54280457641966,0.0403667878132252,0.103376364457804
-0.236625595881459,-0.61711842340493,-0.334244555146376,0.274396071634781,-0.39166730054032,-0.402618691670527,0.141647666261286,-0.303589733959879,-0.11233677447234,0.190955482991886,0.205725507993803,0.0896615939047981,0.114905536467072,-0.139485710051439,0.443679632888156,-0.62736072891221,-0.196491989894106,-0.412876946147108,-0.197217183860009,-0.389137448135899,-0.0154747696782848,0.095919186800774,-0.120364064270657,0.0331628884222261,0.033834533777996,-0.324183137625361,0.0773760145466635,0.131912257394476,-0.289163386043325,0.190592983755191,-0.294690075524496,-0.218246004894183,-0.313594250106604,-0.167592119237249,0.014545716217307,0.392526157015589,-0.189621197270333,0.186993070629936,0.202332458297036,0.685686828073406,0.0516600315467174,-0.0855893363859539,0.312953328807297,0.213667920505444,0.203915311054659,0.650371165377327,0.30196486284985,0.382640898914009,-0.163080576719692,-0.019426125136145,-0.0439260571847339,-0.118704887364531,0.234982556009305,0.153960905429391,0.0951450834148957,-0.952410855423978,-0.410946620791118,0.0523159794829892,0.30655999161468,0.210716549332864,0.431961724463347,0.0337137819753948,0.376927257331632,0.4502589525103,0.173038382436951,0.508973161638182,0.00862516453274514,-0.390866283447302,-0.322052838059421,-0.344899109745811,0.146030923027323,-0.0876851984601626,0.0120943653958484,0.116471647559973,-0.0368491160678774,-0.268891409853232,0.253649263094271,0.0462342073645348,0.353597375201079,0.160540283331191,-0.0868913210169844,-0.41809404481842,-0.340122461391851,-0.104174383947233,0.097555782767578,-0.53178000307719,-0.0963399181643297,-0.205847718720181,-0.399726751191264,-0.162145301919058,-0.241259499273373,1,0.230844627731576,-0.454028005250008,0.0154985601622097,-0.0529796036610074,-0.0988670629154849,-0.0728700580784905,-0.522406183255573,-0.512728183675094
0.660667211374924,-0.228704799561552,-0.273057063022102,-0.0742382721971476,-0.142351542731015,0.0693315169880727,-0.0161909604152848,-0.29026231525785,-0.154125373536967,-0.0311828200213036,-0.32876697139128,-0.566826556279754,0.137444709890211,-0.324275000870735,0.133646379029884,-0.0489629476110408,-0.368573493350313,-0.429305229174139,-0.367163755599872,0.251363028049007,-0.309323380068035,-0.0780446499970781,-0.10196099343109,-0.0962445616461365,-0.539406190610205,-0.651392167971258,0.280547464926557,-0.0149016649189661,0.0109502934376318,0.0518554133184096,-0.0628799569241086,0.302242931272686,-0.0314811421177564,-0.193247357912791,0.0433621037505648,0.267004831717395,-0.191626487943641,0.613460464872748,0.392197307766872,0.181974912117321,0.518906731074227,0.191880971285634,0.287504171975024,0.531862875162747,0.292312435649589,0.620045602900066,0.441883202722568,0.64210177278565,0.351619847306495,0.419218317406784,-0.0431258310535624,0.0144281456927421,0.227893466796913,0.0376219771329929,-0.184139261475531,-0.277058517025032,-0.136098838941298,0.0308533837578087,-0.211082090969549,-0.505142506843217,-0.3860889278879,0.0583977884778733,-0.00654180784473185,-0.139691928393436,-0.601760635954904,0.279231567171322,-0.0108930243707813,-0.533563169618024,-0.419080285427337,-0.299070320868746,-0.291002839529239,-0.658303382222628,-0.401735536482682,-0.113135899166139,-0.62037458156507,-0.697374264391873,-0.235880278815282,-0.436886848945705,0.124482285795242,0.246501372767792,-0.313530465032494,-0.287220336601476,-0.125086027794762,-0.453746606182135,-0.216692346499553,-0.430734150401587,-0.448899219418009,-0.114190528033349,-0.24297812930877,0.137607201904057,0.0376330986801081,0.230844627731576,1,-0.159762150598772,-0.103999920679615,0.581893215736178,0.0724694611324618,0.449064103883393,-0.00166169074919865,-0.197532260701986
0.0405461639835139,0.519166865323912,0.421520321659356,0.3294639597777,0.991783243306089,0.930934833988726,-0.0114546045759168,0.153553518041224,0.474798653848051,0.0834830328345473,-0.167167567517489,0.137940531978127,0.0364373226206712,0.617630633355955,-0.185456664580207,-0.272227159108463,0.0976568531603431,-0.0153552468928,0.439043238969614,-0.192481592375981,0.0896141684940122,-0.532891372043376,-0.558418963228917,-0.364686705901821,0.4484018679465,0.805252818816813,-0.163359012362848,0.31616881979552,0.578129321475938,-0.525755661064635,-0.123240205642913,-0.744175433236106,-0.702270228899487,-0.031792493723175,-0.687361586659487,-0.301286945183923,0.669168637360176,-0.530601252294923,-0.947049713578083,-0.144908831083824,-0.459897225094438,-0.313300678176326,-0.579509562137259,0.217224810746204,0.704254260189167,-0.646296764390465,-0.76892705647944,-0.141657009602109,0.689645159766092,0.709561737011321,-0.234407532030685,0.501545823482183,0.310795418208273,0.408990268185581,0.723739147091538,0.446063149127473,-0.283997778308018,0.326214555440869,0.119914827050271,0.00134103583088613,0.34154116853553,-0.375046185534,0.378143599142299,-0.303793168449809,-0.118635145282564,-0.383662277227967,-0.0813388599110851,0.186402210693977,0.504210001443623,0.535508482433584,-0.245864438055145,-0.0491813110995257,0.00197056437535237,-0.0250741701218396,0.171201945280662,0.624593430729086,0.490867089710214,0.454820272582469,-0.62634499383504,-0.91374710313513,0.281960044221623,0.75664394005334,0.294898790285633,0.0988622561967681,0.291554339723321,0.148054903550129,1.04884330709528,0.808400566596355,0.878737312694327,-0.27827076962895,-0.611296359805007,-0.454028005250008,-0.159762150598772,1,-0.261533184433067,0.274336850283808,-0.151982969787166,0.426220130877866,0.487047635065664,0.813982266240372
0.169753245168822,0.613538169646847,0.0794010423600184,0.508996813427904,0.667811887834339,0.607988050090171,0.187863330816641,0.181843811169264,0.0764070406039666,0.125317096954591,0.22630268431128,0.182230482381367,0.316090033937211,0.866574725353288,-0.081725060363901,-0.568342756971674,-0.0706875025294306,-0.615036866193032,0.551449466254804,-0.521273012537018,0.0208492205067312,-0.861783794864474,-0.817350236506212,-0.334127832200921,0.371663291171949,0.149924129967832,-0.182412144270928,-0.286721387105056,0.287944561710163,-0.708114006276346,-0.0587080667098985,-0.166466657949928,-0.755245387623179,-0.591025118878632,-1.0265017252375,-0.286658157602383,0.474781729464018,-0.0309931590635198,-0.538121917371096,-0.2220981099265,-0.451734402473708,-0.260908062698399,-0.520309322488305,0.633070098933094,0.475780342276358,-0.0284597857013117,-0.564501125954831,-0.162150720288106,0.821149971972745,0.645788015550096,0.0712986791410532,0.452409098552939,0.301961400083189,0.631555179820013,0.51103109843225,0.0471331319749696,-0.207586774389876,0.359387906314694,0.277208045716166,0.313240837797905,0.570455391413353,0.186160852030953,0.307159051843146,0.19146983847971,0.190438573574768,-0.20364418449149,-0.0935676961129331,0.215820037532512,0.151875114183113,0.0399553043198332,-0.0171242126984649,-0.525374780463197,-0.296002200501945,0.319911846083255,0.254801437307184,0.177785863112893,0.303831819330842,-0.330333076049752,-0.0925816413181463,-0.531306560304658,-0.174251818810876,0.49213289978677,0.219568653573497,-0.259990593184177,-0.275536578060031,-0.0606818368890012,0.492361175601291,0.356701134734436,0.279437288349388,0.107631577703153,-0.0850607313512564,0.0154985601622097,-0.103999920679615,-0.261533184433067,1,0.73764689761342,-0.0314280473676209,0.348407553767553,0.598111231005162,0.675112116633024
-0.269427609608042,-0.427847951676966,-0.233559196007765,0.21283005273967,-0.308115442185368,-0.436056026725663,0.239949192074821,0.106392434766737,0.0114373379749931,0.133982537209592,0.419140476580778,0.0965298440820589,0.00036484767745304,-0.357052508283077,0.0772086328811627,-0.556320541391323,-0.00282245930280434,-0.189471069853259,-0.326794946983633,-0.273414404607344,0.0948426931723296,-0.0961046666271335,-0.385967610178439,0.629878254546297,0.598748734824213,-0.101610039405787,-0.466207455981082,-0.388163275946709,0.0628696593622565,-0.0606856768360727,-0.0887610082044387,-0.148108358877854,0.0476077652173226,-0.053449807808598,-0.256099621078701,-0.0101545029754934,-0.29343167641,-0.132836593074264,0.165741415397971,0.465881758602043,-0.381069250840498,-0.128532709308274,-0.022599649176225,-0.0312541981701325,0.000784450016219504,0.162260306584113,-0.197974758557665,-0.126660138851546,-0.110690228903613,-0.0578402440116739,-0.229298362465609,0.150988678447514,-0.256851738691514,-0.285342601420419,-0.0510120768778787,-0.497446262567698,-0.404542023271927,0.211785962223098,0.185729045337766,0.186854421666479,0.139004553966818,-0.185642760736958,0.272402363562833,0.154130442356527,0.0153227236320352,-0.0116569357367959,0.127364327298663,-0.386894716213932,-0.000316699866310333,-0.14344413903139,-0.0769275864402912,0.00221229119011312,-0.401788267133134,0.676986002562108,0.118090777050107,0.00501775916137592,0.527333215426267,-0.174660257930546,0.386197179645626,0.56882825193357,0.377413862030141,-0.192771396487286,0.288491266374331,0.355351774692552,0.251972554472688,-0.0834448066214222,0.298766041162645,-0.161386652849915,0.0195682898779248,0.471202344638833,0.505186364631876,-0.0529796036610074,0.581893215736178,0.274336850283808,0.73764689761342,1,0.547962565483424,-0.180477618462192,-0.189832331509942,0.110846141238222
0.122680233071561,0.668123331942548,0.370640939010742,0.586846140795457,1.09857317591288,0.826502170072645,0.317712632660835,0.424046253033268,0.553175791900437,0.301414721049049,0.38645697695948,0.259914179679397,0.418937349753441,0.737516125585151,0.0761962173191518,-0.601326332481867,-0.133801997203917,-0.489341234579053,0.279298195737241,-0.720278268917496,0.11054368135258,-0.702287150207096,-0.818562869418632,-0.272829309841469,0.828184829384451,0.662649150692634,-0.494147732583928,-0.1985696211613,0.538786971314196,-0.567553672844404,-0.0606450595018469,-0.285764739345949,-0.856130830283618,-0.511040457374287,-1.01549668437519,-0.326501236766731,0.500377083423117,-0.327061011075763,-0.763736057691971,0.000466031704824628,-0.712231690251746,-0.265558823748899,-0.689937936154115,0.448813913507248,0.580604186123855,-0.430186248835406,-0.97540970162742,-0.324632808411583,0.77665161479333,0.67901098648425,-0.0171193527567167,0.761456209949643,0.287068678930298,0.633697258068436,0.833150844357683,0.302801327543587,-0.255075554996207,0.65805764748831,0.437053410738227,0.500919851429308,0.684874409241945,-0.138162962878518,0.689255436373755,0.0435949961824456,0.102225656358949,-0.115025447069494,-0.0319204367080009,-0.08483542813163,0.212735848295328,0.243998167885088,-0.189574905808512,-0.299866643449252,-0.295721339160266,0.368908533193453,0.204707852279299,0.531501941394351,0.746756027052413,0.142651118025226,-0.250977916817818,-0.494792272812288,0.0663733075749242,0.371209712633451,0.271129666986516,-0.077595123232455,-0.0493923343789521,-0.232641323148694,1.0016224850203,0.475086921395313,0.517699979521489,-0.108037349300933,-0.248380187060532,-0.0988670629154849,0.0724694611324618,-0.151982969787166,-0.0314280473676209,0.547962565483424,1,0.177813440822754,0.508688749361345,0.914004931012455
0.179886334821245,-0.115468184591851,0.128337880422838,-0.193241063487567,0.0380200477421257,-0.122059957507118,-0.0669751875899726,0.0900301817561833,0.114902329718489,0.106987241862236,0.0117408484160412,-0.0347614045368865,-0.153912209330357,-0.550748762834467,-0.07927688175513,-0.081054140610276,0.106032262332145,0.0107352835816285,-0.506593253190974,0.129002953616884,-0.134817425772886,0.215015959435449,-0.0755055592082159,0.466006409637853,0.317690061055838,0.100444158703855,-0.512094032119237,-0.2109783626259,-0.0131238257095585,0.196204887643604,-0.0495859851741913,0.0589654005993284,0.733542413329187,0.0951780444438804,0.0936234314972262,-0.275122144455994,-0.329944669023529,-0.172934716418861,0.0207533037287339,-0.16846071638891,-0.196226685295605,-0.267609146145704,-0.0191414163406753,-0.363257355006364,-0.501473847885691,-0.389048986168793,-0.3466457083707,-0.110990234738106,-0.504867303961028,-0.416782622297949,-0.41722431172021,0.20793862100841,-0.319944426952003,-0.129209449032875,0.259591016300033,0.353750986371212,0.214182777132441,0.238166887733936,0.0569872332078789,-0.130433335304763,-0.104965417026116,-0.241070972683951,0.128287299009616,-0.0855516648156868,-0.0209342562198079,-0.015439944884422,0.281069665542397,0.155179276805547,0.33996460481449,0.23736166312787,-0.162289464201663,0.524489579398877,-0.0990779151703069,0.0540336078059492,0.346406405598541,0.34678378317764,-0.0723252893978954,0.108911103648727,-0.0455518889971639,0.188972951662306,0.761257779537671,0.0519255943130607,0.098701123597791,0.604573841211093,0.401842379523002,0.411847621889929,0.00821796452733475,-0.158670866036681,0.135429021825155,0.500753172206395,0.54280457641966,-0.0728700580784905,0.449064103883393,0.426220130877866,0.348407553767553,-0.180477618462192,0.177813440822754,1,-0.235256615787851,-0.000971044316582237
-0.505845068662383,-0.328530866135519,-0.0335217058203223,-0.153978245412358,-0.26551379784908,-0.203968483505719,-0.175187975351964,0.168678071114237,0.0180486756391149,-0.405706479227341,0.0124834241336503,0.287126073104905,-0.29788878398823,-0.0398925992624337,-0.325454776860434,-0.0723199490570385,0.399562006605357,0.0712634512048898,0.107678313014621,0.198997375486428,0.495197972369809,0.0425077141628771,-0.230266040000639,0.751046008321072,0.389945529779534,0.376027746669288,-0.06425770824146,0.31591834258394,0.624981289946769,-0.117891610447477,0.319875133291655,-0.27432570893138,0.0363566334441585,0.278025408703418,0.0457435257880738,-0.236265012681316,0.126599234155292,-0.325980896159171,-0.37507066154864,-0.0648078506252116,-0.67237025133753,0.0528846291568982,-0.193951791478198,-0.282945337707066,0.496955394264272,-0.218671626500524,-0.497535004313277,-0.435739739964668,0.0199417546044828,-0.0426509300790663,-0.783449140336349,0.0909785627589259,-0.33695509963597,-0.421612962791839,-0.248927546519629,-0.190833191417968,-0.183603118777694,-0.03511006405912,-0.457163314043237,-0.381192241641014,-0.0587095535622126,-0.104886114140018,-0.173693493603603,-0.378090681323487,-0.300913511129237,-0.338753968175194,-0.274627491839015,-0.0593916540355253,0.293759037768269,0.0574800735415603,-0.0174277514556018,0.0971858351260686,-0.170472837140829,0.0782865312884769,0.324613375838993,0.311600141100763,0.352584837887593,0.157571762211886,-0.273559056355283,-0.0591070262347072,0.765434471480942,0.197404691455544,0.711227175762367,0.635662249418242,0.751948001801566,0.139907275242706,0.548692417420128,0.22008380827831,0.255541924092803,0.217634735473649,0.0403667878132252,-0.522406183255573,-0.00166169074919865,0.487047635065664,0.598111231005162,-0.189832331509942,0.508688749361345,-0.235256615787851,1,0.166813078437264
-0.129900359768161,-0.280080363879801,0.121238326914002,-0.250241808921098,-0.21317338598384,-0.092773344008307,0.0656962707522503,0.255730094637735,0.0941773452172591,-0.988505152308448,-0.247725286459316,-0.280678371940593,-0.514860075886683,-0.504157845171699,-0.218286792378322,-0.118534265823493,0.0671250295893658,-0.0615370510868772,-0.369675229602134,0.23190139688552,0.147708318946907,-0.22698011562999,-0.396296487790905,0.798705973682487,0.0225989500711454,0.133017077953074,0.318026607620798,0.608878869782726,0.611531687102532,0.00404186517752858,0.429981189306794,-0.373774547644485,0.196727670099994,0.178499380728771,0.415803815511179,-0.362406654191858,0.251877085833961,-0.122058316050201,-0.253867131079556,0.0470308565196673,-0.17893263653789,0.504279826328244,0.0476503516703279,0.194408328738701,0.757858967001455,0.278896347865611,-0.304195186757559,0.0840364650541129,0.278254138999161,0.320297949700735,-0.766777383037539,0.240338746041147,-0.606786654917083,-0.539593421536128,-0.262812865303508,-0.206079984547393,-0.291939671674784,0.160626479786829,-0.967024426378039,-0.735538802020946,-0.414819687667678,-0.383313070639407,0.00600289705660961,-0.457586714128012,-0.730278344498414,-0.193596060735117,-0.161776843608775,-0.475798602819974,-0.105662964744627,-0.348052674607671,-0.47016864465471,-0.205325325412323,-0.447859224793117,0.118785434759214,-0.17827408198334,0.0341903064850607,0.485984522726179,0.0883424846909562,0.170048973449078,0.100574941721442,0.461559864429456,0.100201262942496,0.741733083083219,0.496036451603555,0.718595757837513,0.146132575420888,0.437906871042441,0.259880546754628,0.055304649994639,0.427996875780042,0.103376364457804,-0.512728183675094,-0.197532260701986,0.813982266240372,0.675112116633024,0.110846141238222,0.914004931012455,-0.000971044316582237,0.166813078437264,1
