1,-2.12876170231814,-1.2728691988694,-0.172113043859568,-0.967494865915132,-1.50351493954322,-0.761050085253538,-1.6406270554508,-1.20008959257051,0.220206444738572,0.197048409881943,0.209308367152981,-0.700890996554071,-1.40250620990526,-0.593810853268068,-0.770942647396619,0.367261323267032,-1.12749125804239,-0.718737100295537,-0.859190575524047,0.439289205944771,0.975309331932223,-0.354877600027174,0.640562229124234,1.0264760372011,-0.354318853144418,0.875502408518255,1.33658304581721,-0.628152308811515,1.53153980315388,0.5606277153668,-0.443709725211641,0.262640899561285,0.805054053703586,1.15940866207387,-0.0792259241164207,0.942242014638473,0.352901007524904,1.06781481515663,0.345175278938468,0.102418156378009,0.708401869961085,1.12156405882366,0.550871790305879,1.00210195385621,1.29802605313695,1.20807417870434,0.333520142919923,-0.171849045531267,-0.266700516553637,-1.28037490726064,-1.33839067576728,-0.563964063186713,-0.993330631248447,-0.762522197641696,-1.44371607158378,-2.40369023661822,-0.84372917429492,-0.147281667581339,-0.236297873412491,-0.106249574728906,-0.359205039199359,-0.163809204854168,0.0505728859789301,-0.232890949060029,0.297476946788238,-0.898923003440208,-0.664253617598619,-0.2522907253485,-1.17332165771879,0.21217305967897,-0.2137237042521,-0.90345467286889,-0.644563397729603,-0.384918416265891,-0.176191661692184,0.200511215127248,0.18085796094203,1.0844807937566,1.11267367212431,0.626249057006206,-0.348339803475405,0.537670502040032,0.491977772967103,0.627836315497339,-0.651580071565543,0.462481024592465,0.392274699438914,-1.32985035464003,-0.154433737092875,0.376500015807572,0.183860002998915,0.0623305592631952,0.568429753879044,0.813230913851165,-0.270750008565033,0.911526065248809,-0.575921824955166,-0.923432524621783,-1.10859680103137
-2.12876170231814,1,-0.28174233067327,-2.75330548832614,-1.74943024982613,-0.0712709262716347,-0.6848986707051,-1.62624852428497,-0.892839583506815,-4.15228983663992,-1.69835162254891,-1.39657015785534,-3.36903368504025,-1.8176459491101,-2.43811888089805,0.360549638994236,1.97002435301949,0.145245728473549,0.145622452045353,0.737627876235704,1.66157342230314,1.2390475733247,-0.0812145893624513,1.90151957182088,-0.701489949403958,-1.0035306038807,2.86885105087476,3.78721685919685,-0.0366883824040136,2.03798619408908,0.374686763471331,-3.09340830991326,1.29657123945754,2.96985502743654,3.73107050196082,-0.471810845706674,1.64884332369411,-1.07571067131952,0.0246508812501571,-0.654995963898168,1.3361061848625,3.33433599050008,1.70995694995305,-0.186313437028842,2.35069896594932,2.08037592644074,2.46973378736788,1.18964910311318,0.153710870070919,-0.455680146531443,-3.54234045522929,-0.838480229463568,-2.12501416329036,-2.29692923567215,0.565324711937045,0.127942415898963,-2.81302834948066,-0.933902651015575,-4.53530402911552,-2.68450067624028,-3.2610434888113,-2.02725765302244,-1.52529506178704,-2.18030898404636,-1.77003513268463,-1.44701380896229,-0.367301647380918,-0.771620249984453,0.576345258553384,-1.3277846097918,-1.97701054534402,-0.433530159749131,-1.68344753524242,-1.37233101163938,-1.02355809097055,-0.835421122795122,0.77462203379099,0.534448782598418,0.887958369423455,0.506172307635932,2.00413610799012,1.38824874420855,2.84532383272647,3.18636161079752,2.41916020345445,1.92889652189738,1.34519036217024,2.76661990463413,-0.757092690041367,1.11705098839721,0.971519923215471,-1.89384960336961,-2.92952301921191,2.72231869787029,2.23490269689376,-1.05560057667935,3.19085715944342,0.0957025019358412,-1.25851964756899,-1.41088579501635
-1.2728691988694,-0.28174233067327,1,-2.19485065506576,-1.23416146969547,0.0363085757618129,-0.296975776036837,-0.992734591480613,-1.57704050785083,-3.64534841834105,-1.28213529161562,-1.56005381057147,-2.62086735770576,-0.999125166395985,-2.58623460466533,0.838997462514638,1.82456903359868,0.361804259149166,0.59461002255947,1.55765286270462,2.03446624469943,0.798643084120799,0.478283116444228,1.20699348283529,-1.01679846574059,-1.48927101863733,2.62643687188447,2.78175815488031,0.0774417703386654,1.01549506370358,-0.165800337187722,-1.88213540539893,1.33430519231616,2.23453973946144,2.53848093080984,0.0994361264092021,0.573779207294219,-0.0362853996860152,0.171624001145889,-0.596963281350585,1.993614884322,2.01461877297709,0.93872848825014,0.129204363620566,1.96772897784168,1.83805613533403,1.94116355779481,1.72875969162052,0.378275254224433,0.200379749936962,-3.227910942533,-1.12059572619277,-1.60727660198927,-2.07832737607849,-0.610710760676919,0.295228433326862,-2.1382827692488,-1.45928501100381,-4.02281747484464,-2.15065591352122,-2.97640515667219,-1.16111684249022,-1.62812239352334,-2.03826462912888,-1.69964044740373,-1.36327227193876,-0.0693302676730257,-0.816586089048608,0.176536547610202,-1.18603413244739,-0.803884045753086,-1.10546428751865,-1.35888791079014,-1.35438806396711,-1.19980038334492,-1.39303805771038,1.08238205364789,-0.00630391571261857,0.365510816159033,0.583310930856461,1.48727091904533,1.04060424108008,2.32165674017184,1.85038920698829,1.87690921204338,1.46367244473706,0.44770317132227,1.67368916316443,-0.826632600790984,1.55587817575245,1.12517106164839,-1.34626870934173,-2.71894512599607,1.99331375325109,1.4684574823959,-0.521104337550293,2.7149299751716,0.475494277392119,-1.08553641972695,-1.0267425023939
-0.172113043859568,-2.75330548832614,-2.19485065506576,1,-3.03559304217528,-2.75611469111231,0.895839906528762,-1.08607048449849,-2.20659986043295,0.0499946814499737,0.663846135142641,-1.27008314637211,0.251677503267967,-1.22022507475376,0.963655264395694,-1.55365133148435,-1.52073936341452,-2.02059934669625,-1.42513037657732,-0.347396396972609,-0.462938417821518,-0.748959218523622,-0.330298852291128,0.989267138788891,-0.0505246341060321,-2.89076607303278,1.12662898183592,-0.414956709078493,-0.74180690295468,-0.0609685496382291,0.467787899741377,1.20510980289256,-0.196349868767592,-1.1340672904838,0.131566072372356,0.965082285666695,-0.768660820781501,2.40556272474637,2.64838251177683,1.82899315484799,1.73992431966152,0.582319891899183,1.99699903109668,2.70336434277429,1.12198552637457,3.62742445330419,2.26272928149907,1.82322707472198,0.869277418817504,1.20649441898189,0.914629389373391,-1.43599267880967,-0.881259427187954,-1.5106027522617,-3.31315733047093,-2.89926334658984,-2.89678126143777,-0.953675646653164,-0.271472895021968,-0.340607492841583,-0.954898413718252,1.25863466725602,-0.34158229861199,0.722055213258907,-1.05593925176463,1.26010930928466,-0.394748735164525,-2.77415782087841,-2.8529873771115,-3.10476273706688,0.0619593105710621,-2.73482673915699,-2.01628996473817,0.710368019971716,-2.40878855206287,-2.88750728309482,-0.538354668698604,-2.58495386502082,3.10838807534569,2.91346438108214,-1.93071793389584,-1.74257996243351,0.374557978326033,-1.4566132427351,-1.35697325073822,-1.89827898567376,-1.3169915086499,-1.44771951148854,-2.68158166508566,1.34561027353443,1.66264577779839,1.70293300770642,0.884827806934619,0.963291318614304,1.34108526726456,1.78069737585083,2.23322124712714,-0.0521166018483374,-0.185056194220158,-0.918349154048208
-0.967494865915132,-1.74943024982613,-1.23416146969547,-3.03559304217528,1,-0.973979837237138,-1.32201941295162,-2.03523182663663,-2.26868201872779,-4.5719571522208,-2.65218279687548,-2.25971740253964,-3.2695441285525,-2.33329368587622,-2.78076954091974,2.23276021004162,2.13974881202129,1.67370817931472,0.194975760667777,2.745214224133,1.69544883654455,1.85939641013501,1.7401734918995,1.39674182516572,-2.53177755764191,-1.80606638648521,3.66537224655452,3.91221731022847,0.223965061890311,1.93132119565698,0.351434145275399,-2.06938689626268,2.19815267561471,3.42185469679842,4.4164918901796,0.124205351763569,0.481461414638636,-0.547732919932127,0.223856848463499,-1.06546072592565,2.885760776006,2.89356999022306,1.90326320071612,-0.442548082296938,2.18906511741545,2.19031163052205,2.87749484468357,2.50258226367176,-0.436350710592668,-0.290258271936343,-3.02261489909147,-2.11752148986043,-2.46143584254043,-3.42869173280732,-1.76610497173853,-0.158750568230105,-2.22034687112259,-2.62918395760785,-5.12485388127745,-3.60895506126585,-4.31547053690262,-1.56029120614396,-2.74345601129272,-2.21842900525089,-2.71651392021108,-1.38906250822001,0.0504841735854179,-0.538909640266628,0.0307125918644353,-0.897541419589962,-0.461854954779537,-0.6865551322418,-0.539842997329125,-2.04354962201812,-1.87556950286019,-2.03924290063366,0.0774236103200849,0.181565085728291,0.606114917236252,0.343454192532858,1.31416515152734,0.925665979175539,2.51009475979296,1.81367179662048,2.1788173539094,1.70039228788577,-0.407610915590541,1.64582607738846,-0.862740250245038,1.13333354983416,0.691611034609646,-2.00940711831957,-3.27575432487282,2.12989051290467,1.32747139184354,-0.916843464569771,2.65889659278033,1.04557199482826,-1.17796769700767,-1.83833424277117
-1.50351493954322,-0.0712709262716347,0.0363085757618129,-2.75611469111231,-0.973979837237138,1,-0.682393926621151,-0.799714776446244,-0.754343968849152,-4.38851254790447,-1.83811596960143,-1.65423570888223,-3.0323163430007,-1.16729984643792,-2.64558475242427,0.939714906258151,1.94317670558125,0.584810901292207,0.424074601527469,1.26881440830247,1.74602334513533,0.935385203441565,0.139530037911897,1.2791733143159,-1.39470894488579,-1.25559068728129,2.49708566657928,3.299434440587,-0.027792933495052,1.44411406161545,0.139880084533912,-2.41648832112601,1.7709202842528,2.91724394093645,3.40846534883812,-0.446909608299527,1.07176221424788,-0.622756754068078,-0.0322366232688704,-0.956684192745607,1.90770394855976,3.08014042081188,1.26117755061079,-0.272782381106276,1.68255792902035,1.75872714875072,2.23400484697959,1.45981837776011,0.275469537951325,-0.0874225891502791,-3.66351719838239,-0.567528504887486,-1.87405975454215,-1.91096029816515,0.489571660407918,0.935887273846725,-1.63434918817565,-0.884370380759558,-4.75090472494004,-2.75762320526436,-3.45010855115097,-1.72230785404954,-1.58690539730673,-2.49621705601843,-2.01551356778973,-1.71177889617165,-0.180211746769949,-0.632955427997564,0.635269958296686,-1.08692183507793,-1.98685512759225,-0.68198416507288,-1.64905588408814,-1.48793580144036,-1.26919477810975,-1.09407427498932,0.717542955743779,0.372585925938671,0.385850286392002,0.308569653713037,1.94152346780794,1.69809974034011,2.57817133266168,2.91803830922302,2.08310445971574,2.48424895509398,0.747334297334185,2.36537254247692,-0.547734936233585,1.54426592448875,1.07462536802068,-1.77239139075627,-3.26357756891932,2.67255884479919,1.89106725876167,-0.866578311165328,3.14904767491814,0.282099793391205,-1.04699545852411,-0.998071941423702
-0.761050085253538,-0.6848986707051,-0.296975776036837,0.895839906528762,-1.32201941295162,-0.682393926621151,1,0.824758399967298,-0.422303447281186,0.0761184725365833,1.85369553351774,-1.11396096214546,0.826220515820131,0.0212585585798024,1.52852899765859,-3.88802075600755,-2.57396613277383,-4.42651364193243,-1.85739034182202,-3.03989622402075,-0.684703476064883,-2.37467351163019,-2.85722809218209,0.586519009371473,1.40959859126078,-3.35772213225329,-0.276453161519117,-1.32300788602375,-1.51878438933201,-0.547062764999933,0.712252419110138,1.36951270975841,-0.658803379667037,-2.18165279740711,-0.987842761545623,0.335330669270766,-0.28633710905452,3.307836481232,3.22834026666997,2.59909094425608,1.05220938754003,1.69533697284641,1.82793051979473,4.00867743756157,0.759016253921467,4.49206982332292,2.20802198150835,1.15995603128328,2.1479848358526,2.02394462117484,0.0458519192503681,0.602116033934908,-0.538541766648398,0.523162148145615,-0.614905701818033,-1.96678743398115,-2.67939680195606,1.61767239192413,-0.106552591492706,0.796889937223768,-0.240488678831069,1.59377878469194,1.38841072069189,0.627210921427846,-0.871924027201072,1.28813930562108,-1.02332272859602,-4.12863790378529,-3.15555976859546,-4.7747828668859,-2.42533930975666,-4.01307095891082,-4.54489191951557,1.67789166123422,-2.97630762789899,-2.76844906214871,0.265287396938549,-3.26646885230951,4.12912783348141,3.95285672901296,-1.84244721221556,-1.08969256005121,0.709714616699928,-0.345742102631615,-2.26972735865495,-1.21706631514598,-0.415405819106955,-0.926852253266006,-3.51723440883221,2.5026090060466,2.75515670133143,2.7232619335931,0.753206633311865,2.45376826476426,2.62529825005613,2.61194711779471,4.03696670058049,-1.12296495500058,-0.158891264775047,0.044191383860307
-1.6406270554508,-1.62624852428497,-0.992734591480613,-1.08607048449849,-2.03523182663663,-0.799714776446244,0.824758399967298,1,-1.39150870302485,-2.28827242239387,0.339795052958871,-1.46640685984039,-1.63824566732567,-1.00238209538569,-0.586370775281257,-2.09876321003668,-0.113914134276946,-2.43289814443083,-0.609439076588933,-1.27022825982748,1.0674328677547,-0.579659439544038,-1.34935311517612,1.14835991192271,0.580331062323016,-2.62057715764249,1.919259411928,1.76433688107329,-0.957148914724093,0.947089550589584,0.293202191289518,-1.25657091371655,-0.194794976115604,0.281964427672417,1.30304457202351,0.348916920113387,0.657609882171407,1.36241773119898,1.60152013501194,1.12583084496813,1.37167382419867,2.49365369050617,1.71399311771053,2.28795806257038,2.20460210772363,3.84227372536396,2.44476870282168,1.65402468654709,1.34961346411023,0.901024921539806,-2.12981474607395,-0.606570800579213,-1.55547735898955,-1.25753894013498,-0.49861410986986,-1.50607169214606,-3.71255273326296,-0.220568503659135,-2.5538329851525,-0.888979678814356,-1.78905926589357,-0.148886542182911,-0.133587197034123,-0.56171867868245,-1.26782624227962,0.109132733756475,-0.699689479067558,-2.66050566494815,-1.54208998185967,-3.51212826154871,-1.61822792690017,-2.5114493465383,-3.00670258067163,-0.168036511331308,-2.1518860172719,-2.12058546316575,0.907707503927998,-1.35669842533728,2.66834393193837,2.3448830470038,0.0135177429755453,-0.000158233676658459,2.08376478972763,1.34970734023674,0.50683731022785,0.0347241879539552,0.732767201119843,1.19017005655458,-2.5249701987322,1.91048702123035,1.89606936560826,0.258101318564129,-1.23570982320869,2.51428550238407,2.45465307882122,0.924460656051647,3.88425859089135,-0.326364594939898,-0.961754462545529,-1.03384629532528
-1.20008959257051,-0.892839583506815,-1.57704050785083,-2.20659986043295,-2.26868201872779,-0.754343968849152,-0.422303447281186,-1.39150870302485,1,-4.06834204797563,-1.68093528992496,-2.10632501703944,-2.70324041129487,-1.03219130361196,-2.35601017140233,0.961751189167324,1.70617938949876,0.422667868754838,0.589684062467422,2.13271294986072,1.70169760206559,0.639332380600883,0.696525618637486,1.47047048775704,-2.01987411014459,-1.98823257263462,3.34287268703076,3.00662109799549,0.24405034101858,0.813508412548711,-0.19570533642959,-1.74209327625644,1.63094420057468,2.26784611230283,2.94498650023204,0.0839182351932782,0.494299838378859,0.27473273520293,0.393524585190789,-0.826361416099352,2.71602807847085,2.20299690922534,1.63631221099655,0.634267361518685,2.41431412045531,2.62100310514571,2.65809628785627,2.20299994591095,0.544841383327278,0.493089605200627,-3.1384864564765,-1.5842176796536,-1.82670629357088,-2.49658382944291,-1.63967955708769,-0.527217501081611,-2.37952029566013,-2.05986085424906,-4.5653565953455,-2.79966372876715,-3.52865710847799,-0.808081831824291,-2.0427246217859,-2.10130126086933,-2.09312766691315,-1.27578340900984,-0.0386737120315514,-0.915534666624741,-0.134281666327746,-1.49433676585969,-0.830162916527806,-1.38965376512156,-1.31971714928059,-1.42852689091345,-1.60277563590906,-2.11574897128825,0.337832637371261,-0.565046886135252,0.627921535700827,0.573826175596915,1.13144297299067,1.04608968478441,2.50179814196645,1.64353430883433,1.83635205100341,1.54657306814088,0.00657319982559368,1.33343688299328,-1.06717842001629,1.91704344541921,1.34432312467452,-1.44287450414747,-2.69678261097889,2.21691216452093,1.50306487987579,-0.0755870889758999,3.06904655975581,0.754528430191691,-0.889995370157895,-1.18158722310407
0.220206444738572,-4.15228983663992,-3.64534841834105,0.0499946814499737,-4.5719571522208,-4.38851254790447,0.0761184725365833,-2.28827242239387,-4.06834204797563,1,-0.0600160222455866,-2.34033907284944,-0.194244251244296,-2.40490104350302,0.66280346026035,-0.734250738426379,-1.44861169466123,-1.54295682942338,-1.87761447564184,0.695365064417535,-0.275363769204529,-0.0634898347757342,0.819026134854172,0.802304740480409,-1.45148407805094,-4.43080969678656,2.40212082443708,0.545807627663389,-1.20085267567713,0.645660391291008,0.675224354588899,1.73759711637781,0.621296594558659,-0.385524349552284,1.52731512501592,1.54739662452177,-1.29789789880262,3.37036504341027,3.63557705588309,1.79473527186474,3.59409746011118,1.15320671718763,3.03089779690468,3.22856312801691,1.41032230612363,5.12540130852779,3.70250840656682,3.56492878905385,0.628847480048755,1.49437315186459,0.629001077862497,-3.11884599933887,-1.75719291338022,-3.10796115391143,-5.81118559455222,-4.05388432008438,-3.78792537828302,-2.78605822892284,-1.36966700464283,-1.59660862994401,-2.30551406863002,1.53719606979208,-1.3985484232238,0.6736625144433,-2.24747511948935,1.59613509066833,-0.445563916419446,-3.31181517004891,-3.81561890114813,-3.95239672324601,0.952902031341989,-3.45502377837599,-1.9057012623753,-0.233805452711248,-3.88971779317411,-4.54759704528303,-1.2884618889345,-3.07995136287374,3.92364308201503,3.64684650742362,-2.47204563897709,-2.18830688408056,0.496997848462995,-2.08953484252445,-1.35136797038418,-2.0890225791239,-2.59889624178227,-2.00548371707114,-3.74778798514964,1.69092371709894,1.91542200402538,1.74312509687885,0.411711503210685,1.19155821133098,1.35794655533962,2.11133044601543,2.95242074838387,0.49100286678475,-0.458024863479583,-1.93978898460335
0.197048409881943,-1.69835162254891,-1.28213529161562,0.663846135142641,-2.65218279687548,-1.83811596960143,1.85369553351774,0.339795052958871,-1.68093528992496,-0.0600160222455866,1,-2.00424880797455,1.10842321337402,-0.849154556662083,1.69305618721345,-2.72697531363099,-2.98671654939226,-3.58795024831864,-2.30374682334033,-1.64887778594226,-0.866271998876984,-1.92989700580032,-1.32845295795142,0.422342009269938,0.133417349954972,-4.55519241834016,0.453286732067989,-1.57964277322589,-1.48079927055466,-0.511705930723301,0.775724705673774,2.40122647652289,-0.217772360103302,-2.27609194483189,-0.499510747499292,1.1858196662626,-1.65165457804899,3.99637409772,3.9141600974051,2.94628216842888,2.37289493446798,1.45596466850644,2.31369929097064,4.16007528046252,0.756673605538902,5.20401332735515,2.92803876540906,2.54102521847146,1.61869997342731,2.20223566627385,1.1147331895665,-0.552173715411368,-1.14174357204066,-0.730539127426599,-2.85540593849831,-2.62633316238226,-2.81206652331539,0.30759919937433,-0.350834752595696,0.245660378117689,-1.27179067395329,2.20631694429851,0.403861574315539,0.930166017675485,-1.74616081912032,1.74870717759022,-0.582097958761933,-4.63820637406986,-4.41325063428241,-5.03144768558595,-1.17488849113155,-4.84677442146506,-3.97982336137603,1.51886472245078,-4.25637016190283,-4.37796042816582,-0.156942812168246,-4.18701795785437,4.70808109186483,4.61527507350496,-3.14330778255919,-2.2391943364046,0.42159845301747,-1.9167813809195,-2.99559273270769,-2.19376384459792,-2.30709989506899,-2.15684894085406,-4.18671363502428,2.51009203094246,2.81038456491656,3.13999418086006,0.709451388969158,2.07688721394923,2.19277239137176,2.99306529735769,3.87269262086974,-0.325108139874763,-0.171171226478404,-0.573592313909359
0.209308367152981,-1.39657015785534,-1.56005381057147,-1.27008314637211,-2.25971740253964,-1.65423570888223,-1.11396096214546,-1.46640685984039,-2.10632501703944,-2.34033907284944,-2.00424880797455,1,-1.33096549913519,-1.39183657408991,-1.22389297960559,2.19271154752952,0.97144842318479,1.74527462921152,0.00288755650499423,2.95151161414021,0.300861815660622,1.09716641473045,1.85115119810115,0.893073628340992,-2.82425807780334,-1.33401636634618,2.29054915066729,1.66376264921504,0.501244973262317,0.505783241004045,0.193554434857727,-0.104219346933736,1.96108895918335,1.89183647450502,2.65521092485416,0.183324250945115,-0.321263765923121,0.162712051461905,0.523413421698602,-0.896358764449698,2.58384659596674,0.985900185626835,1.54102697411382,-0.137526856449048,0.87662355624306,1.31524765968661,2.03379780080114,1.90077394907595,-0.446864046705048,0.121919037060219,-0.731944885784771,-1.92483990057428,-1.28285316969401,-2.48665899815364,-2.91929339790126,-0.739127875886732,-0.620576729568999,-2.41436298229383,-2.79914885033755,-2.63701192413374,-2.82552317476949,-0.288736368001105,-2.21256675260124,-1.20856531478888,-1.87439053775046,-0.603382438563216,0.283914671277197,-0.073176668691346,-0.344843749723554,-0.118015446455046,0.357470547830586,-0.438098373618617,0.308076133553954,-1.13424988884108,-1.34335555561748,-1.85120896373505,-1.15069356827604,-0.501788487969558,0.278682815237196,0.116280902428401,0.0913262849957699,0.19719221290742,0.885895112439648,-0.0290172404458521,0.655516917447615,0.754383267756046,-1.46890371148631,-0.260905444888127,-0.344741389114794,0.742991929137591,0.394008996232195,-0.89007930733432,-1.3947422912727,0.762921492579644,0.200647586146384,-0.111099694659573,0.990107044082649,1.03452656812648,-0.166504358893922,-1.00867635927219
-0.700890996554071,-3.36903368504025,-2.62086735770576,0.251677503267967,-3.2695441285525,-3.0323163430007,0.826220515820131,-1.63824566732567,-2.70324041129487,-0.194244251244296,1.10842321337402,-1.33096549913519,1,-1.64071320013154,0.796027417800143,-2.40251387484526,-1.44178017173328,-2.85679083876017,-1.58606025581029,-1.36033249032069,0.19151738983399,-0.604865006878859,-0.700706968706651,0.717568020226961,0.667588093135953,-3.53160238922509,1.43561587113934,0.359846493019943,-1.52744529290816,0.748037418342888,0.458554124960326,0.736998661698425,-0.609418259668204,-1.0000934486405,0.393641688198911,1.26106408085336,-0.504150454599881,2.8415525399725,3.07958600608595,2.20920502150453,1.85190109507729,1.18083351419954,2.12305548031272,3.1881449527557,1.43314708306423,4.51966201571954,2.68031358821062,2.32905214865883,1.08464595704454,1.23660465068966,0.0109839702791907,-1.82764643987775,-1.27666337638931,-1.7723034729669,-3.2611001879371,-3.33652575393138,-4.1510652359032,-1.18403145384367,-0.517031113685725,-0.233947504275284,-0.94666921446135,1.1077097505941,-0.0720623150348298,0.901501149915049,-1.06369980920695,1.54026707740888,-0.736466208263675,-3.32974399232773,-3.17265697791405,-4.11318561314816,0.101730482402178,-3.13394869972434,-2.581756246012,0.205785585793912,-2.89735973474611,-3.14978578520735,-0.0292884431859286,-2.39407907685346,3.74654717066829,3.56354990660146,-1.76550153952809,-1.8105862508879,0.684919389380346,-0.9742022663704,-0.982187162099896,-2.02157958446903,-0.866722181870706,-0.82201931191727,-3.52329641582436,1.45525570168312,1.90316697402421,1.79243332536932,0.579936838451425,1.33784005740377,1.84445122997381,1.80972547163945,3.04791719930401,-0.29484485585359,-0.704618829534422,-1.47797672348134
-1.40250620990526,-1.8176459491101,-0.999125166395985,-1.22022507475376,-2.33329368587622,-1.16729984643792,0.0212585585798024,-1.00238209538569,-1.03219130361196,-2.40490104350302,-0.849154556662083,-1.39183657408991,-1.64071320013154,1,-1.23597955590654,-0.316273308498984,0.208785550401375,-0.873450020173189,-1.12708239180914,0.668583690797045,0.363540056054696,0.391403339552736,-0.504184543776223,2.33152541126428,-0.547882428862443,-2.07851668413855,1.60135857475471,1.24733491558753,-0.436482181760928,0.922115085876605,0.628747175808396,-0.608862957849145,1.65514187441324,1.49266718529177,2.50553458090107,-0.117634709352777,0.516690777270372,0.775040194579264,2.15136245678928,0.724401014266236,2.01220177995595,2.421677687645,2.38905559248422,1.0589693142825,1.02313919288759,2.95058837559027,3.09764208532571,1.37258621069271,0.555615004098129,0.431781848652941,-1.49752962819198,-0.812932804012721,-1.59546916536076,-2.19828190559004,-1.26894095653074,-0.583684989446346,-2.49829994071405,-0.468762440204767,-2.9082233934704,-2.04049531073921,-2.85872531246989,-0.768370864792499,-1.21862565373724,-1.70730288935255,-1.89040197182837,-0.664954054426783,-0.423060797519644,-2.22720644657114,-1.12235051185502,-2.35148462879142,-2.23239438326507,-1.88929450484539,-3.10996252834381,0.0384368733567986,-2.01660362855839,-2.06734963392735,0.012148192951647,-1.43438436292638,2.32711831845679,2.57635900372773,0.398039020486543,-0.0806506214969051,1.65552435338708,1.38843859887428,0.117231797545886,0.551099464483427,-0.31902196478632,0.507340482729295,-1.74221195810932,1.77947627320293,2.10546215434228,0.333623521495916,-1.18674637770648,2.65154472809206,2.6368166060379,0.124651557303782,3.45142549917013,-0.497526805323509,-0.696842419856002,-1.07062677760093
-0.593810853268068,-2.43811888089805,-2.58623460466533,0.963655264395694,-2.78076954091974,-2.64558475242427,1.52852899765859,-0.586370775281257,-2.35601017140233,0.66280346026035,1.69305618721345,-1.22389297960559,0.796027417800143,-1.23597955590654,1,-2.87664393296516,-2.25045126957518,-3.8427112632043,-2.19085339940908,-1.56800001553312,-0.136277519919814,-1.15747991117856,-1.3368638355576,1.10925355576562,1.24420729566369,-4.03131237963026,0.566169976248424,-1.29145050424299,-1.61735370372257,-0.0303234225878706,0.541976679112233,2.13855342316974,-0.108061616173556,-1.80722702223914,-0.535555660399883,1.27803473109144,-1.12497208619619,3.97152261095722,4.3005764080931,3.02944850767043,2.08818013914519,0.694396710031976,2.25588114378197,3.89667525551809,0.871428790097819,4.90750498931886,2.9697977997902,2.24236153600632,1.48352511886011,1.8797404260355,0.378353477999666,-1.34381929383283,-0.874638850021221,-1.2702775741004,-3.41277511380754,-2.95995816510448,-3.90201014100714,-0.352796688742735,0.208556853912663,0.517049336348926,-0.783151201187631,1.80113565298944,0.238368278519717,0.673087530106266,-1.19007617927287,1.529411358328,-0.861395104981072,-4.43599255180558,-3.952504030112,-4.85035140038835,-0.504969561806299,-4.43634739031705,-4.17008209119778,1.21902331911818,-3.47459430003085,-3.76233580590666,0.453630990599199,-3.68326335724977,4.40536244694658,5.04487221536936,-2.24900018052607,-2.47462798463036,0.340764873849102,-1.72573310874326,-2.33110569769514,-2.69624598007255,-1.70878871256424,-2.0257882630383,-4.25964884190881,2.24160945432947,2.99045506642856,3.22926047086941,1.13991347370079,1.73606060496816,2.37637295070217,2.38384270566058,3.60213549462503,-0.847648529770808,-0.672515997199066,-1.005281771934
-0.770942647396619,0.360549638994236,0.838997462514638,-1.55365133148435,2.23276021004162,0.939714906258151,-3.88802075600755,-2.09876321003668,0.961751189167324,-0.734250738426379,-2.72697531363099,2.19271154752952,-2.40251387484526,-0.316273308498984,-2.87664393296516,1,4.65574175805578,5.24809403213425,2.60254173878191,2.93259030130765,1.02819918620324,3.78646583226405,2.42449894352435,-0.0172379753863772,-1.20278447783031,5.85016929190528,0.873484619530292,3.89549254983247,2.0563179327822,1.95628676220248,-0.3146769376602,-3.61497762453333,1.46349048472092,4.59335127861458,2.8756842797402,-1.98108373464435,2.9988127681757,-5.57484915969769,-4.83395749941858,-4.60312279483353,-2.27432737407338,-0.882832420092096,-1.62058750492247,-5.57836436727658,-0.0346799424562286,-6.00216082382837,-2.47702056120811,-2.72224808012312,-2.73703730728539,-3.27883453731203,-2.43341994394244,-0.76673516905805,0.678215475262032,-0.409085571173319,2.49862356107708,2.27549976614311,2.6274670923427,-1.84911166231435,-0.777478184898572,-1.81222137320627,0.559414679536119,-3.36103766296652,-1.55251661229697,-1.59161477389642,1.3486180712213,-2.38624035996013,0.285549294506733,6.33738391816549,6.01140855929416,6.48088966632806,1.76463207626413,6.8001121924767,5.50092399648412,-3.02396188331201,5.15501524413707,5.37347551955864,-0.764984582352593,5.86652233120399,-5.79841029986827,-6.20025672889854,4.72722749090619,3.23043205561305,0.0446715691418864,2.98279045703308,4.75132428557094,3.20417979948949,2.79869742442612,3.07665218454374,5.04107361551575,-3.54012365524542,-3.88370664332345,-4.86630311278595,-1.49781473548167,-2.23429441047996,-2.73679747802807,-4.33733692211046,-4.66848929431393,0.645745212157519,-0.197149806972615,-0.205638082832049
0.367261323267032,1.97002435301949,1.82456903359868,-1.52073936341452,2.13974881202129,1.94317670558125,-2.57396613277383,-0.113914134276946,1.70617938949876,-1.44861169466123,-2.98671654939226,0.97144842318479,-1.44178017173328,0.208785550401375,-2.25045126957518,4.65574175805578,1,5.12389943150289,1.92548747921757,3.64811369274833,0.212843866931015,2.43686302313473,2.30545763415828,0.117405933968524,-2.41504293989901,4.10862256652953,0.115215009588852,1.81334280517715,2.08064236186182,0.44891639186807,-0.255620020400043,-1.9227864337799,2.17162259904931,3.52939288544668,2.29072951875496,-1.64434017132706,1.25255991569304,-4.25656168593409,-3.66774198207501,-3.65886506396364,-0.912330080043244,-0.46076672418994,-1.32782168645315,-4.75011959404311,-1.06282347431343,-5.04511792944061,-1.79699574271471,-1.89151245191649,-2.13637463570294,-2.19438750324646,-1.02931178327994,0.375878022186293,0.474053660752676,-0.169082869169467,2.11874463808806,3.37025865501254,4.02823256245106,-0.707238412462683,-1.42067497260751,-2.00377828444963,-0.753410834631173,-2.45172732911185,-1.68283308151491,-2.07345807302493,0.2187725050525,-2.45793543959576,0.874776912608181,4.66635654273251,4.38018100808961,5.4559161972669,0.281022719566101,4.66122566673865,3.85265037286473,-1.66391769512688,3.28906545262214,3.40767254030139,-0.927734529657312,3.65873514702803,-4.64977821858426,-4.68468256706986,3.09618941750277,2.61715603620837,-0.108109459438298,2.01734303504097,2.62979375946584,3.26780890208692,0.840937454398567,1.67699970865851,4.44276230152974,-2.0066179132448,-2.55014490918418,-3.4952158826078,-1.72879487678194,-1.24500257532944,-2.0264378572916,-3.16847338731975,-3.36663887556899,0.84862507902834,0.430220681260607,0.541287435493388
-1.12749125804239,0.145245728473549,0.361804259149166,-2.02059934669625,1.67370817931472,0.584810901292207,-4.42651364193243,-2.43289814443083,0.422667868754838,-1.54295682942338,-3.58795024831864,1.74527462921152,-2.85679083876017,-0.873450020173189,-3.8427112632043,5.24809403213425,5.12389943150289,1,2.35113810650187,4.0526197345885,1.09454693874219,4.37650215850198,2.73323344696646,0.86516035641228,-2.03254883921878,5.51191878259711,1.61009824647726,4.34692365272472,2.33461640106745,2.20088674339492,-0.0556405501940571,-3.44900146291061,2.92264682497358,5.62740920275243,4.12204952960672,-2.31589641473989,3.13259810794628,-5.41360066998416,-4.18500641041453,-4.95746390905674,-1.26931868263415,-0.35202194211649,-0.691270419939344,-5.62415224872841,0.295223073468788,-5.43330352511587,-1.28837401063125,-2.27737303242943,-2.8857122120465,-3.19498003754473,-3.27680382854385,-1.35491335789417,0.255596241976468,-1.25719609614893,1.72135413295154,2.33327527045786,2.34895111371292,-2.41836309624054,-1.94662037361326,-2.82172130802639,-0.693135407483907,-3.56926045482806,-2.43675746729271,-2.6177593832549,0.46317969379852,-2.9926429116215,0.130416357414425,6.06010698831323,6.04640172099787,6.28401842073777,1.23289451709606,6.38902947275138,4.71798248871054,-3.24552496872951,4.61683791539431,4.72826014916497,-0.975029808775769,5.43297480048282,-5.58940367189356,-5.64963297470759,5.21002537946861,3.39070211848896,0.551448028549783,3.27944712929974,4.84873138106633,3.61098590909453,2.17068570556754,2.83995535181373,4.68948005180571,-2.95540535370472,-3.21906380448712,-4.89735512310813,-2.10711939688648,-1.41358156227548,-2.1883459992958,-4.52601071070124,-3.87316762928547,0.616217706928241,-0.454878638741654,-0.500882341142183
-0.718737100295537,0.145622452045353,0.59461002255947,-1.42513037657732,0.194975760667777,0.424074601527469,-1.85739034182202,-0.609439076588933,0.589684062467422,-1.87761447564184,-2.30374682334033,0.00288755650499423,-1.58606025581029,-1.12708239180914,-2.19085339940908,2.60254173878191,1.92548747921757,2.35113810650187,1,2.41337439441292,0.0489257675040633,1.91327013775256,0.844093299751645,1.60329719372053,-1.6121371340756,1.38525995806466,0.664220014907824,1.60701470163351,0.876187454618725,0.971470775596809,0.506195521761088,-1.09481719469735,2.81572931164521,3.2173457411439,3.04790168478094,-1.35455490899983,1.26514914271605,-1.93679876748205,-0.461265882255888,-1.74331505495543,0.64598982686383,1.20531966473808,0.9129719940688,-2.22331826303363,-0.385274889526842,-1.30825570494108,1.00513343795388,-0.536254694298701,-1.06042490636459,-1.07753476468569,-1.63186926866054,-0.258479338015724,-0.537915082500968,-1.2870895102143,0.558959743339142,1.75174265244328,1.0995003955276,-0.504475408663112,-2.29431338774241,-2.39572155678268,-2.04248222862488,-1.93038508529444,-1.66875590859544,-2.41740267534498,-1.08965564688189,-1.91881021085401,0.0129415276870604,1.38368549180653,2.02113274179914,1.82991390336378,-1.46746591671005,1.6905009618303,0.00660603759055389,-0.877720879753233,0.734469096083866,0.938408111373827,-0.713665244474466,1.28011519403302,-1.24524883291566,-0.919884621759447,2.29471707459011,1.505651218834,0.704640947152806,2.079567107032,1.35379144945268,2.29620895880063,0.137476988726335,1.0110089638501,1.4583911804645,-0.14937264272365,-0.0874914655859426,-1.55388518300909,-1.52400850805565,1.00026629299183,0.518632454204899,-1.90637678329324,0.0855142779175841,-0.144252145427905,-0.204060935712966,-0.28343609192585
-0.859190575524047,0.737627876235704,1.55765286270462,-0.347396396972609,2.745214224133,1.26881440830247,-3.03989622402075,-1.27022825982748,2.13271294986072,0.695365064417535,-1.64887778594226,2.95151161414021,-1.36033249032069,0.668583690797045,-1.56800001553312,2.93259030130765,3.64811369274833,4.0526197345885,2.41337439441292,1,0.0767205020941243,2.65164748137935,1.07903413305765,0.0743592158970541,-0.137764145945617,6.48802390810567,-0.40041023188475,2.46536604074264,2.06773090470087,1.07680774661675,-0.303286726104301,-3.21046345255042,0.515037965233445,3.16961458409247,1.29273674741412,-2.33945978308694,3.24424034704191,-5.46306737493385,-4.80035184087309,-4.0622091775322,-3.53954108847783,-1.45398007907506,-1.85419538907933,-4.99031840492408,-0.461544821396712,-6.31069983590075,-3.21461817369201,-3.97007323652489,-2.17988505270197,-3.05968653675995,-1.30885838211231,0.435677319707304,1.55396955266323,1.02576697025341,3.56625472456772,2.04755365782331,3.07466857431132,-0.34222715965219,0.844034518869639,-0.618851457537493,2.06512773028105,-2.85522888421206,-0.346615676283933,-0.888975680361443,2.34409759030102,-1.94072149057231,0.115569112019025,6.19797668374006,5.9535963707364,6.37814396716477,0.996119944581253,6.88828823861999,5.04672205680686,-1.82260425554129,5.87564999151179,6.12580814202929,-0.995292508393532,5.46647471794652,-5.57824308055638,-6.15472662186368,4.27332647154591,3.07792398209605,-0.513250217266718,2.81460590162904,3.93170686706147,2.77624935365141,3.42029905559726,2.72482656173626,5.27380166523905,-3.62610808590713,-3.7947866120567,-4.12051513053604,-0.144273795109537,-2.44907480451536,-2.63325800533323,-3.77523892943899,-5.02435221687254,-0.0051538023027049,0.359480911003359,0.618006011806082
0.439289205944771,1.66157342230314,2.03446624469943,-0.462938417821518,1.69544883654455,1.74602334513533,-0.684703476064883,1.0674328677547,1.70169760206559,-0.275363769204529,-0.866271998876984,0.300861815660622,0.19151738983399,0.363540056054696,-0.136277519919814,1.02819918620324,0.212843866931015,1.09454693874219,0.0489257675040633,0.0767205020941243,1,0.296150648025947,0.0315659018590818,-0.612296489855326,-0.643586849549133,1.12842745766419,-0.948352753320057,-0.0996428266638658,0.278921365047495,0.0845169783335949,0.320697626512391,-0.03681548531751,0.807543166794916,0.736191592070402,0.518055534813707,-0.840088222983868,0.233912405833034,-1.07473672805045,-0.907177334462763,-0.888665823795513,-0.512347311434732,0.495199974743666,-0.468365013520313,-1.30164319134756,-1.10939238280953,-1.54633122284835,-0.64513289193708,-0.805852895853261,-0.5765481002295,-0.508451272122585,-0.121338284298943,1.13690052991738,0.201206761895569,0.945517204205335,1.95525938195622,1.83426669911964,2.24771384027233,1.04385828846056,-0.175647996958965,-0.236359544109634,-0.0531961237771819,-0.53215906960491,0.171765910024814,-0.514951251576779,-0.125079625178907,-0.600768603303554,0.120136651816625,1.03352664289712,1.10961880936502,1.31272783565893,-0.963294108590611,1.07149953283011,0.500209481975707,-0.104469121689811,0.447105491342289,1.02526853911575,-0.352143422753245,0.875664041642402,-1.00121841936465,-1.1394110165215,0.616539386862926,0.947500880341848,-0.300903350187675,0.783859472784602,-0.082301967261694,1.35155378270735,-0.0688461563754446,0.384860673491034,1.13237863512229,-0.482353686100554,-0.646471931834748,-0.539916548253665,-0.644986997751995,0.104796591338838,-0.413950522090243,-0.70039072364701,-0.699469438858086,-0.0241430814281687,0.299472198359361,0.616046534919218
0.975309331932223,1.2390475733247,0.798643084120799,-0.748959218523622,1.85939641013501,0.935385203441565,-2.37467351163019,-0.579659439544038,0.639332380600883,-0.0634898347757342,-1.92989700580032,1.09716641473045,-0.604865006878859,0.391403339552736,-1.15747991117856,3.78646583226405,2.43686302313473,4.37650215850198,1.91327013775256,2.65164748137935,0.296150648025947,1,2.55566059554554,-1.24897951797283,-1.84172438166246,3.49828219270827,0.0356965683690629,1.46101106967692,1.43289552512954,0.446068805493923,-0.539104021404631,-1.17368822891933,0.778220501892659,2.19368727356258,1.01414241331007,-0.743644772713537,0.567583054353122,-3.20660491938852,-3.48241964351425,-3.07448604122426,-1.05116042219797,-1.46262070079475,-1.83045893706643,-3.84685294953655,-0.97321665921528,-4.56386643837679,-2.36077608942267,-1.29788576011742,-2.03642065859188,-1.86318135939262,-0.238472461129961,-0.38203365617705,0.733092997809877,0.096898024822323,0.939863661293625,1.91438761454618,3.35947455289548,-1.42684470012624,0.120032400461179,-0.89227733397017,0.53665506535355,-1.39045014746678,-1.05579990488749,-0.461577596445868,0.854161125436782,-1.16240916304658,0.794596079315087,4.49447034480717,3.44843448625793,4.86060823659058,2.1767462426087,4.3147833238189,4.78391193035221,-1.92534757882183,3.01014855343261,3.00158878330073,-0.925505349777125,3.50759830209313,-4.32207390837261,-4.56435010768733,1.93164552549884,1.68945093338704,-0.858957697831314,0.532669737098454,2.23143996603304,1.83849275098307,0.505663328715971,0.975872793644937,3.67162312097925,-2.50261471559704,-3.0454796351469,-2.88460596712832,-0.788238722901847,-2.42342880237242,-2.94065320382783,-2.37809565913872,-4.10888620031532,1.1369366602433,0.413857024714294,0.248410530512217
-0.354877600027174,-0.0812145893624513,0.478283116444228,-0.330298852291128,1.7401734918995,0.139530037911897,-2.85722809218209,-1.34935311517612,0.696525618637486,0.819026134854172,-1.32845295795142,1.85115119810115,-0.700706968706651,-0.504184543776223,-1.3368638355576,2.42449894352435,2.30545763415828,2.73323344696646,0.844093299751645,1.07903413305765,0.0315659018590818,2.55566059554554,1,-0.318747199944963,-0.255089322835649,3.70172250301115,-0.264169011414191,1.7937732028016,0.793713247484632,1.5010486302756,0.237287619794091,-1.23851297023994,1.17287175657321,2.63760956633255,1.61168528802437,-1.3766129426596,1.85897489690507,-2.91334321286767,-2.17417629884804,-2.51581821235959,-1.58715228675009,-0.778587681290955,-0.739111079915615,-3.26331744101393,-0.797030917131564,-3.72178087784997,-1.42290031001615,-1.91618798099264,-1.93537963211028,-2.04935912018672,-1.10371141995372,-0.640947726913252,0.71166407665855,0.0519400840631741,1.29108507610204,1.09173230055966,1.80490271657883,-0.943972760295871,0.684019689817028,-0.663207328968554,1.03942892365307,-1.75994021728854,-0.555436813302271,-0.549501663867954,0.959347821536786,-0.997428115706823,-0.245473366162905,3.72960244953917,3.43346045657771,3.79590899454358,1.19420942918954,4.22744893232789,3.08274582752683,-1.74483420977868,3.01863038735158,3.44872774904764,-0.884053512263293,3.52829765435539,-3.14257734916381,-3.21602956811553,2.69318914011224,1.54919489698235,-0.710617330501844,1.36601196029995,2.19673542466083,1.46390160184501,1.26941876655607,1.18861884398911,2.65387121743692,-2.53473775860501,-2.37898869309208,-2.17182843533746,-0.144533965027778,-1.58827299040501,-1.75745918548171,-2.58154456314781,-3.18335470553763,-0.112702200555385,-0.142193486652665,-0.189703310004962
0.640562229124234,1.90151957182088,1.20699348283529,0.989267138788891,1.39674182516572,1.2791733143159,0.586519009371473,1.14835991192271,1.47047048775704,0.802304740480409,0.422342009269938,0.893073628340992,0.717568020226961,2.33152541126428,1.10925355576562,-0.0172379753863772,0.117405933968524,0.86516035641228,1.60329719372053,0.0743592158970541,-0.612296489855326,-1.24897951797283,-0.318747199944963,1,-0.233271998568185,2.12963439485245,-1.01316365448159,-0.942080931611352,1.12550137737809,-1.77200120237478,-0.823728197395399,-0.498541451715675,-1.33344383345777,-1.15035336258665,-2.03556364500953,-0.560992257946959,0.29951062251598,-1.353377654803,-2.44007675358737,-1.13303963710073,-1.74358587448153,-1.60205100079928,-1.68627976337282,-0.786369198237686,-0.377420356148707,-2.44959704462592,-2.45112755852377,-1.82566846318269,0.287949547107491,-0.148918555155912,1.18051525765227,1.55392452295393,1.47203786639967,2.00450780188223,1.67135410538912,0.663146297294618,2.35452152374909,1.00238050106588,1.28896163045214,0.91393144556597,1.8707941836626,0.231711347606467,0.89922991218684,0.591358643994054,1.68028971254898,-0.17533217424769,0.589034977628507,2.14686024992814,1.63741652086001,2.26317317373449,0.256534129441221,1.89179642150656,2.19711711283032,0.524899296489788,2.42650893095756,2.06151561155681,-0.604536572106141,0.998786338434607,-2.28159692522708,-2.91854043043248,0.187573448143078,1.11739764723955,-0.651520860595677,0.00898353819056186,0.4307975568385,0.806807741466598,1.28401605924815,0.315984797757605,2.45302240964539,-0.732929886730881,-1.39213342311231,-1.02859738233948,0.821370710404728,-1.49963170887143,-1.59081686672204,0.0204552182118659,-2.23109050760891,0.375042087191349,1.20171243607454,1.55122064035777
1.0264760372011,-0.701489949403958,-1.01679846574059,-0.0505246341060321,-2.53177755764191,-1.39470894488579,1.40959859126078,0.580331062323016,-2.01987411014459,-1.45148407805094,0.133417349954972,-2.82425807780334,0.667588093135953,-0.547882428862443,1.24420729566369,-1.20278447783031,-2.41504293989901,-2.03254883921878,-1.6121371340756,-0.137764145945617,-0.643586849549133,-1.84172438166246,-0.255089322835649,-0.233271998568185,1,-4.80839908440751,1.07989900565966,-0.940175489499385,-1.07471396518212,-0.83185167459266,0.545611179368897,2.30574421674732,0.417392918077623,-1.58106066150625,0.18092707966695,1.23007733376303,-2.09654472492458,3.74203678760951,3.07214205506925,1.9446264240274,3.39406019278581,1.67432769505086,2.03796880392954,3.62543486451523,0.669379696502207,4.84978005246759,2.8382106835365,3.26750325914936,1.4426243812083,2.30873601742436,0.827620648175108,-0.738587741767784,-1.3897863988893,-1.03013128518198,-3.33893257543635,-1.99893036835126,-1.58026107250349,-0.478688740682941,-1.71739292444662,-0.834368446902645,-2.29617202196681,2.15540401416746,-0.376405140063184,0.450790660593659,-2.45096226178841,1.27384836444802,-0.105700334495176,-3.88760376383566,-4.0244671828505,-4.27286587156029,-0.821074123047662,-4.56470520570442,-2.88141480250527,0.776946793111826,-4.51294917960342,-4.78675840960499,-0.700855592545087,-3.89314958915673,3.81413423973208,3.43942942033178,-3.06480447700182,-1.4725848837015,0.591852138613615,-1.91086134613809,-2.56383837478377,-1.05311000993881,-2.88859422336703,-2.05970641027353,-3.50369616136391,2.74852227168352,2.3568237654971,2.17641342801494,-0.342692027657553,1.97010159396271,1.47929099425192,2.92856830252871,3.67838362849642,0.581647811782919,0.110492247935138,-0.44888403443533
-0.354318853144418,-1.0035306038807,-1.48927101863733,-2.89076607303278,-1.80606638648521,-1.25559068728129,-3.35772213225329,-2.62057715764249,-1.98823257263462,-4.43080969678656,-4.55519241834016,-1.33401636634618,-3.53160238922509,-2.07851668413855,-4.03131237963026,5.85016929190528,4.10862256652953,5.51191878259711,1.38525995806466,6.48802390810567,1.12842745766419,3.49828219270827,3.70172250301115,2.12963439485245,-4.80839908440751,1,3.55690775464222,4.13829804748266,1.97900786677247,1.37213479205841,0.0219021461349846,-2.12929469951912,4.32803699232909,5.58751691718807,5.53847353221522,-1.02129249008973,1.13345628806071,-2.82345205690974,-1.53226086460024,-3.67933132820281,2.84613993229155,1.21390714682775,1.44998228102687,-3.43281196936532,0.879559270643264,-1.41803940036467,1.90762404046896,1.08666838919359,-1.87767826051489,-1.46629453635266,-2.69613637272465,-2.66285139459603,-1.48183087490405,-3.97721593705171,-2.50978003639739,1.17706582835208,0.860808990538686,-3.97616470408458,-5.17763510893349,-5.19428199087405,-4.49340853744795,-2.66015852115527,-4.33843877689865,-3.63589323971219,-2.35796392681088,-2.93161397225987,0.695260376159976,2.95227342277062,2.90163593903167,3.32559067600275,0.397068676611137,2.69482363328277,2.35147537289908,-2.86757093460144,0.812101283657579,0.114191558504215,-1.73690243488888,2.09064105141611,-2.7636573713663,-2.67951397746884,3.13650611046995,2.28546504198667,1.59464293498543,2.10557660645145,3.42855430461228,3.44129544585808,-0.575703087061965,1.37016589113519,2.43637852178749,-0.148718975169024,-0.82459800413709,-3.80584853328613,-3.15505408267856,0.56200747221854,-0.474724448923672,-2.74061678431824,-0.373022128153419,1.5052943167434,-0.339573773313699,-1.31550785943615
0.875502408518255,2.86885105087476,2.62643687188447,1.12662898183592,3.66537224655452,2.49708566657928,-0.276453161519117,1.919259411928,3.34287268703076,2.40212082443708,0.453286732067989,2.29054915066729,1.43561587113934,1.60135857475471,0.566169976248424,0.873484619530292,0.115215009588852,1.61009824647726,0.664220014907824,-0.40041023188475,-0.948352753320057,0.0356965683690629,-0.264169011414191,-1.01316365448159,1.07989900565966,3.55690775464222,1,-2.02557933848639,0.584271357456166,-0.940670217664178,-0.284134692333408,0.343893336159131,-0.43737930250055,-0.404524944451775,-1.97131321304607,-0.961394841923479,0.271840186290677,-2.09311870003952,-2.04240419894095,-0.851345310109826,-2.83448718403017,-1.96983515277539,-2.42805672992858,-2.67284975365196,-2.86122836034199,-4.67166978869304,-3.30464685034369,-3.06869693379082,-0.909794568152625,-1.18798170712328,1.59277988159235,2.30311375621105,2.0043770219651,2.51158343755515,3.31418070604186,2.92359181544811,4.11188924980463,2.18830540600633,2.92850928151625,1.64020861872099,2.66906563826721,-0.701138894064504,1.28012563784625,0.241641320613388,2.00975616638371,-0.545073740653107,0.449616672063718,2.67834212603621,2.40055247778318,3.59088395805028,-0.0497416599755944,3.05738156253558,1.99036116863867,0.694999091741566,3.08705912265623,3.59589296286315,-0.0911591141568809,2.12075186159252,-2.86971777894294,-2.44903617908378,0.944921991792443,0.781445492538935,-1.94881134238429,0.20822818477433,-0.245338108458204,0.834163714661578,0.989661314384329,0.095229701277147,3.13097363074848,-1.94782247690132,-1.82211533687606,-0.311329310164193,1.24433223741104,-2.01089432770517,-1.6945146651842,-1.44488305830182,-3.52106004135327,-0.652585457759162,0.942367641583415,1.65517341425787
1.33658304581721,3.78721685919685,2.78175815488031,-0.414956709078493,3.91221731022847,3.299434440587,-1.32300788602375,1.76433688107329,3.00662109799549,0.545807627663389,-1.57964277322589,1.66376264921504,0.359846493019943,1.24733491558753,-1.29145050424299,3.89549254983247,1.81334280517715,4.34692365272472,1.60701470163351,2.46536604074264,-0.0996428266638658,1.46101106967692,1.7937732028016,-0.942080931611352,-0.940175489499385,4.13829804748266,-2.02557933848639,1,1.65260152698536,-0.624337310204732,-0.538640467352929,-0.316552978367101,1.15101488916182,1.54568767749827,-0.24396348077033,-1.0680312115718,-0.0814439713721504,-3.40752377236054,-3.33176274880026,-2.42092096795792,-1.86607203778503,-1.85550807307835,-2.7656809142878,-4.5739350562269,-2.60685554894666,-5.99200273270382,-3.28137423585962,-2.47348168333752,-1.95796500569778,-1.81753105618526,0.577617503176018,1.68509103611146,1.43453130336603,1.39123647179878,3.08633416193298,4.49462325706248,5.35629675358477,0.872257293122538,0.926393174703002,0.129135683634796,0.848562460918133,-1.5520768456186,-0.43329184206613,-1.1614339288091,1.06770138498142,-1.86269403647078,1.15431366354996,4.07029320291676,3.58773991278899,5.43372824430696,0.642155333834717,3.91771984322031,3.49491342087731,-0.45033425039495,3.28864967984493,3.60919165871594,0.0950465422840535,3.02288976087254,-4.62198276951538,-3.90148162681101,1.92874737292836,1.55204374200336,-1.37329148153323,0.553074476450566,0.911545871154432,2.04418200218036,0.218389449732185,0.506347154187608,4.34019026300793,-2.16440180466095,-2.45563546477376,-1.89185996471403,-0.625481138340743,-2.13790779018232,-2.49290931154286,-2.65597741535811,-4.24698795268107,0.451097863711666,0.717313272697825,1.41684871930801
-0.628152308811515,-0.0366883824040136,0.0774417703386654,-0.74180690295468,0.223965061890311,-0.027792933495052,-1.51878438933201,-0.957148914724093,0.24405034101858,-1.20085267567713,-1.48079927055466,0.501244973262317,-1.52744529290816,-0.436482181760928,-1.61735370372257,2.0563179327822,2.08064236186182,2.33461640106745,0.876187454618725,2.06773090470087,0.278921365047495,1.43289552512954,0.793713247484632,1.12550137737809,-1.07471396518212,1.97900786677247,0.584271357456166,1.65260152698536,1,0.498500151742025,0.0317704840732064,-1.554195209721,1.45914524464623,2.47155390538214,1.87426163439127,-1.09356869011694,1.48102126420041,-2.19682663207208,-1.38660577614111,-1.88328583394636,-0.165339863780205,0.169189251845101,0.0611949454964801,-2.15526532283489,-0.102366070507823,-1.94724250587931,-0.188872807784982,-1.0051845399807,-0.819797002349794,-1.14044618069625,-1.13582997488786,-0.351276737649139,0.076418628655066,-0.85605410155556,0.383983245818793,1.01595144657793,0.918310912211555,-0.815414043520013,-1.38545081846025,-1.76696495524424,-0.775936304498189,-1.76810280346012,-1.21298056135953,-1.5508020255051,-0.0458303361838627,-1.52178846508962,0.104451291795537,2.16168117748849,2.42970190369067,2.39136192550155,-0.3440825554079,2.49695830832679,1.29617200527011,-1.00400695444987,1.87204511440517,1.7825306716812,-0.814072479988633,1.93456579904681,-1.95174397342571,-2.03642993072625,2.28206609400799,1.65318879877474,0.418850112526816,1.78159147603193,1.95850245968921,2.00101477021973,1.13178451892396,1.29316934453815,2.12969625038964,-0.673346763915327,-0.874494993761454,-2.01960173518514,-0.798485235049642,-0.119438455848763,-0.295370364087251,-1.78645740696519,-0.928840797468423,0.0610985020678576,0.0679300657914907,-0.0537630255813756
1.53153980315388,2.03798619408908,1.01549506370358,-0.0609685496382291,1.93132119565698,1.44411406161545,-0.547062764999933,0.947089550589584,0.813508412548711,0.645660391291008,-0.511705930723301,0.505783241004045,0.748037418342888,0.922115085876605,-0.0303234225878706,1.95628676220248,0.44891639186807,2.20088674339492,0.971470775596809,1.07680774661675,0.0845169783335949,0.446068805493923,1.5010486302756,-1.77200120237478,-0.83185167459266,1.37213479205841,-0.940670217664178,-0.624337310204732,0.498500151742025,1,-0.577509027643908,0.485333359977187,-0.092528269341754,-0.0180736846109166,-0.818310943627751,0.185812139427762,-0.953855921908716,-0.967609464470354,-1.77367923538745,-1.0576965765231,-0.565159604906353,-1.47170697874235,-1.8984585743399,-1.84759935615692,-1.39368713247803,-2.74197033715825,-2.0207633320227,-0.420350272526191,-0.991196794460609,-0.569577736354612,0.791668293730291,0.431195807193952,0.719682350209189,0.86923202937582,0.738409584465467,1.75818427482516,2.86292078424471,-0.155085659834409,0.982144026825701,0.541962510248662,0.79047892325728,0.0552310786189398,-0.0410931838938855,0.318860415269164,0.606928108901811,-0.209978961828554,0.800208946090875,2.00088688899936,1.10201855490995,2.47087838844256,1.63219355644967,1.52853264231698,2.62457588880812,-0.561651789589119,1.07546565021646,1.14404079299657,0.0425548064186157,1.29721848083527,-2.31637315840099,-2.1008246995655,-0.015641417775581,0.292508501240749,-1.15654576885874,-0.851739342773941,0.0713523417095598,0.397403553404577,-0.64044799617434,-0.312321308969068,1.76193389941017,-1.2312818815927,-1.60352574239733,-0.705693445429999,-0.214183208681892,-1.80637663206036,-2.0925234151712,-0.725858818829415,-2.60235933969205,0.820859596101647,0.439098037656733,0.610961131809154
0.5606277153668,0.374686763471331,-0.165800337187722,0.467787899741377,0.351434145275399,0.139880084533912,0.712252419110138,0.293202191289518,-0.19570533642959,0.675224354588899,0.775724705673774,0.193554434857727,0.458554124960326,0.628747175808396,0.541976679112233,-0.3146769376602,-0.255620020400043,-0.0556405501940571,0.506195521761088,-0.303286726104301,0.320697626512391,-0.539104021404631,0.237287619794091,-0.823728197395399,0.545611179368897,0.0219021461349846,-0.284134692333408,-0.538640467352929,0.0317704840732064,-0.577509027643908,1,0.113908019566167,-1.2733145606833,-1.10981889130256,-1.41588806750212,0.652543685085793,-0.594349280540689,0.143068579608329,-0.629732846524657,0.336349688291057,-0.527715421123082,-1.04398835739316,-1.08359257121125,0.15722352388415,0.0634571834119025,-0.47783680106555,-1.18981807603146,0.0159306304177842,0.125270828400452,0.137094849948976,0.775837224084106,0.0952782308050322,0.387444515016036,0.487602671779369,-0.0940458267490379,-0.201355252489718,0.0846116327706395,-0.0584051504168841,0.953419268538673,0.998690943411996,0.962893660325209,0.501590912582382,0.445839595845212,0.933966220722115,0.695172037325391,0.518176079503614,0.325450047261983,0.167349600671269,-0.267495146393377,0.2160005359369,1.26690932781432,-0.0445211807030502,0.966072847369544,0.129642193038183,0.359518745229148,0.17064878289202,0.524846471304923,0.0953780492787507,-0.365067103356769,-0.488581519148193,-0.62796595816388,-0.399929913282382,-0.381667310936499,-0.929393404774862,-0.0972360103615844,-0.778258773463875,0.140240974198968,-0.202704265671542,0.1938633391225,-0.337678854290174,-0.538441020073746,0.051425581409189,0.430189303157771,-1.05053200100884,-0.834745394534394,0.323838465674549,-0.859528130487657,0.412914694012432,0.139626394505394,0.269564579241153
-0.443709725211641,-3.09340830991326,-1.88213540539893,1.20510980289256,-2.06938689626268,-2.41648832112601,1.36951270975841,-1.25657091371655,-1.74209327625644,1.73759711637781,2.40122647652289,-0.104219346933736,0.736998661698425,-0.608862957849145,2.13855342316974,-3.61497762453333,-1.9227864337799,-3.44900146291061,-1.09481719469735,-3.21046345255042,-0.03681548531751,-1.17368822891933,-1.23851297023994,-0.498541451715675,2.30574421674732,-2.12929469951912,0.343893336159131,-0.316552978367101,-1.554195209721,0.485333359977187,0.113908019566167,1,-2.76787166730689,-2.54363490190388,-1.63767404976062,1.41881676459044,-0.298539751391403,2.17089049262353,1.73000766671864,2.41560446439544,-0.342131924259548,-0.0977399904450456,0.658947174465988,3.02778609311192,1.33285790379567,3.11884918269215,0.595632933239597,1.05330586575568,1.04771808377938,0.855653637794177,1.06257803712993,-0.970409709078858,-0.343813018163841,-0.0859548165328203,-1.62641608684133,-3.58513044853531,-3.72601571309845,-0.255241588623611,1.87707041373804,1.75550139227515,1.54851297781624,1.50644994473098,1.40095951199063,2.56562525984816,0.693226982278731,2.41125960855755,-0.668265226054922,-2.39006254892269,-2.70858662151346,-3.30719218520924,1.22044817864694,-2.04603497229882,-1.04889687380462,0.593059437357351,-1.41582486838731,-1.52181223038479,0.471321932826213,-1.46643892179603,2.94814290042783,2.29956532015494,-2.14586605685798,-2.03609921796651,-0.142246359444785,-1.49281128963209,-0.94635993150128,-2.9699745409938,0.300634859480772,-0.570843624196088,-2.80538063071936,0.115170800956053,0.622880623593965,1.72413171905217,1.77585109461636,-0.21423153074235,0.660391956886146,1.86428975450617,1.16534049121044,-0.347241688134762,-0.421570152704337,-0.922558643700499
0.262640899561285,1.29657123945754,1.33430519231616,-0.196349868767592,2.19815267561471,1.7709202842528,-0.658803379667037,-0.194794976115604,1.63094420057468,0.621296594558659,-0.217772360103302,1.96108895918335,-0.609418259668204,1.65514187441324,-0.108061616173556,1.46349048472092,2.17162259904931,2.92264682497358,2.81572931164521,0.515037965233445,0.807543166794916,0.778220501892659,1.17287175657321,-1.33344383345777,0.417392918077623,4.32803699232909,-0.43737930250055,1.15101488916182,1.45914524464623,-0.092528269341754,-1.2733145606833,-2.76787166730689,1,0.442241179648365,-1.14772909020006,-0.422585750145936,1.11859645162271,-3.93611587039185,-4.79596546644558,-2.358808409085,-3.27360462704358,-2.07038656795197,-3.14327886780919,-3.40178533529141,-0.080592450662979,-4.99720016412468,-4.02567442020819,-2.50779133957944,-1.17446902275499,-1.97826100505699,0.212135729636453,0.961013139944418,1.31414878315417,1.47040351058424,3.11110794309903,1.63289810898673,2.36793707349546,-0.0294936024017742,1.36614743445596,0.942582477743103,2.42578968876431,-1.41361960818131,0.47673759276923,0.664414550808362,2.69226326152342,-0.688873732516758,0.971436803077662,4.57097776727761,3.72287456171313,4.70863344555082,2.14711945522824,4.63575426921976,5.08885902062101,-1.08582557347316,4.43303736680619,4.31530793076141,0.402759697790854,3.98390686397664,-4.53020659563413,-5.23441928393699,1.81386041334795,1.68597639855096,-0.573854745978237,1.05663604146858,2.81972713841895,1.14631373462869,2.76709858772998,2.26403026847116,4.17827710329236,-2.91321951250321,-3.44998833598993,-3.15621894203574,-0.0725292679683373,-2.98148165526899,-2.87790852787181,-2.14233517174255,-4.50392593612958,0.902730007636724,0.533792146762233,0.813697216012094
0.805054053703586,2.96985502743654,2.23453973946144,-1.1340672904838,3.42185469679842,2.91724394093645,-2.18165279740711,0.281964427672417,2.26784611230283,-0.385524349552284,-2.27609194483189,1.89183647450502,-1.0000934486405,1.49266718529177,-1.80722702223914,4.59335127861458,3.52939288544668,5.62740920275243,3.2173457411439,3.16961458409247,0.736191592070402,2.19368727356258,2.63760956633255,-1.15035336258665,-1.58106066150625,5.58751691718807,-0.404524944451775,1.54568767749827,2.47155390538214,-0.0180736846109166,-1.10981889130256,-2.54363490190388,0.442241179648365,1,0.525143871477179,-1.30875166370438,1.08118429602942,-5.21524619071726,-5.62536382859211,-4.10790663980482,-2.56349826412261,-2.04731787890235,-3.26221074720079,-5.5907203821014,-1.0359319953485,-7.00073841777091,-4.04649206543239,-2.79485389292331,-2.35577069093586,-2.65136675499894,-0.550195513986406,0.926647872610815,1.3325450318141,1.05528083363313,3.41319745003495,3.82571153252318,4.88806268569499,-0.512485064664802,0.0953920797661336,-0.526643296119921,1.06077843321672,-2.30588213521588,-0.913284581426025,-1.06403624468374,1.78910926967869,-2.21844785942559,1.34204515168482,6.20773661606855,5.35268478512863,7.00056750029415,1.91246405448309,5.96342465660626,6.0331120719579,-1.83804095512071,4.98307468551295,4.96771606505054,-0.132094066248726,4.91035657041332,-6.4413972194285,-6.59777359861012,3.14938519105645,2.75246104238402,-0.660009666289796,1.57327751788732,3.31065943661091,2.8670097605315,1.79841270643914,2.14271765344209,5.73934728403789,-3.19564169597408,-3.96749047955636,-4.21374687933057,-1.33950249236579,-2.98496321704675,-3.59561018362093,-3.51049203567146,-5.50068113038179,1.30682646454015,0.624944093084342,1.07201633450753
1.15940866207387,3.73107050196082,2.53848093080984,0.131566072372356,4.4164918901796,3.40846534883812,-0.987842761545623,1.30304457202351,2.94498650023204,1.52731512501592,-0.499510747499292,2.65521092485416,0.393641688198911,2.50553458090107,-0.535555660399883,2.8756842797402,2.29072951875496,4.12204952960672,3.04790168478094,1.29273674741412,0.518055534813707,1.01414241331007,1.61168528802437,-2.03556364500953,0.18092707966695,5.53847353221522,-1.97131321304607,-0.24396348077033,1.87426163439127,-0.818310943627751,-1.41588806750212,-1.63767404976062,-1.14772909020006,0.525143871477179,1,-0.818520846865111,0.500016494252538,-4.32209319163371,-5.33638818633537,-2.93708452177736,-3.68987152789014,-3.19580426766548,-4.3134282446627,-4.7632883009447,-1.77910577004295,-7.21494394105472,-5.26259664893093,-3.37318760597104,-1.79541611355637,-2.21281084283404,0.611073965375679,1.83350378472022,2.21082002750517,2.52986152981638,4.1159473555505,3.72391359325994,5.0469690858236,0.714605939948028,2.33803519699616,1.50960290022733,2.99397075460627,-1.3924994815767,0.574663166724606,0.206310279337223,2.96324391954959,-1.30229901662139,1.28759228927433,5.60957887426553,4.62634955598314,6.43340891968774,2.28718690384602,5.37836093706096,5.68538139889541,-0.88454283321043,5.20325664950382,5.29329618966647,0.574841590791753,4.45090860926858,-6.07084055613463,-5.98847633005516,2.18179537451159,1.9499236020552,-1.581159298703,0.580013286223549,2.18630309429349,1.63646766499387,2.02010731740827,1.50857062731831,5.36174605955748,-3.33483399761003,-3.89804835404202,-2.92578153254197,-0.0139944597459143,-3.75301599465482,-3.84817338282573,-2.74646891091572,-5.99893400170103,0.817815619725472,0.852251488889491,1.70401544081091
-0.0792259241164207,-0.471810845706674,0.0994361264092021,0.965082285666695,0.124205351763569,-0.446909608299527,0.335330669270766,0.348916920113387,0.0839182351932782,1.54739662452177,1.1858196662626,0.183324250945115,1.26106408085336,-0.117634709352777,1.27803473109144,-1.98108373464435,-1.64434017132706,-2.31589641473989,-1.35455490899983,-2.33945978308694,-0.840088222983868,-0.743644772713537,-1.3766129426596,-0.560992257946959,1.23007733376303,-1.02129249008973,-0.961394841923479,-1.0680312115718,-1.09356869011694,0.185812139427762,0.652543685085793,1.41881676459044,-0.422585750145936,-1.30875166370438,-0.818520846865111,1,-0.154297663197154,1.68103157494266,1.68919889380221,1.28963610853454,-0.158118301085554,0.3237265800404,0.672560686013714,1.69441550383288,-0.341939782653521,1.53515452112159,0.591478899853157,0.123126658202121,0.498241260019909,0.666482249048219,0.459809105148283,0.182339453635101,0.140814123350232,0.860626229743023,-0.0582562774003749,-1.10846118812137,-0.782161630420103,0.938526509923926,1.45776084015507,1.14808019142985,0.993051139634511,1.06589629444343,1.21531465780843,1.06162376435968,0.0324965338560542,1.18989354291481,-0.814367439989217,-1.58199045258445,-1.44721989689713,-1.9559332636794,-0.512064433427546,-1.37630716736621,-1.65434689857738,0.687199075186927,-1.19844066660525,-0.735230478914541,-0.138928262667137,-1.14609739562774,1.86187088807485,1.81000949672039,-1.07800102046558,-0.905750667422281,-0.53248479457013,-0.731743367905615,-1.56168843437312,-1.16842863392706,-0.508222094937412,-0.960445572216387,-1.79803272785711,0.310832147410787,0.748189303348418,1.79503789255405,1.08263722614501,0.476562620921581,0.627663529145551,1.13368001777941,0.913755274947584,-0.826310098947684,-0.118215903519064,-0.0194761692573593
0.942242014638473,1.64884332369411,0.573779207294219,-0.768660820781501,0.481461414638636,1.07176221424788,-0.28633710905452,0.657609882171407,0.494299838378859,-1.29789789880262,-1.65165457804899,-0.321263765923121,-0.504150454599881,0.516690777270372,-1.12497208619619,2.9988127681757,1.25255991569304,3.13259810794628,1.26514914271605,3.24424034704191,0.233912405833034,0.567583054353122,1.85897489690507,0.29951062251598,-2.09654472492458,1.13345628806071,0.271840186290677,-0.0814439713721504,1.48102126420041,-0.953855921908716,-0.594349280540689,-0.298539751391403,1.11859645162271,1.08118429602942,0.500016494252538,-0.154297663197154,1,-1.57109500005764,-1.68025116602527,-1.44505518239736,0.444586391962373,-0.770397572021697,-0.923402412417417,-2.15843931264484,-0.581311508174874,-2.29534848410058,-0.897481742594308,-0.247145563859227,-0.806198590959498,-0.555484368167132,0.44953420732952,0.266726960790207,0.18343621024535,-0.515179000816092,-0.0484006305787281,2.0374828567858,2.4583400969615,-0.594785322806137,-1.20251039086199,-1.17492197346435,-1.20543449719937,-0.716921894312473,-1.42977328188673,-1.27284048764497,-0.325623331528817,-1.39821956128632,1.13023419099291,1.77268364528865,1.36413171686209,2.64936797362736,0.417124536277309,1.29025474569162,1.87319484161186,-0.286909786600956,1.02843306650336,0.542491515535757,-0.277251503585005,0.701542061833606,-2.29289980122508,-1.97771229490326,0.600169252999597,0.758131511843536,-0.00608342840753606,-0.0281172354311452,0.675328144260108,1.31833915429208,-0.643081144854359,0.0169192164758345,2.25810469973273,-0.250363329665971,-0.794005527766487,-1.41502394895034,-1.00640112693487,-0.72060042784532,-1.10147064161848,-1.05932645211475,-1.48477022647071,1.02095587473653,0.520751090116512,0.546571055773359
0.352901007524904,-1.07571067131952,-0.0362853996860152,2.40556272474637,-0.547732919932127,-0.622756754068078,3.307836481232,1.36241773119898,0.27473273520293,3.37036504341027,3.99637409772,0.162712051461905,2.8415525399725,0.775040194579264,3.97152261095722,-5.57484915969769,-4.25656168593409,-5.41360066998416,-1.93679876748205,-5.46306737493385,-1.07473672805045,-3.20660491938852,-2.91334321286767,-1.353377654803,3.74203678760951,-2.82345205690974,-2.09311870003952,-3.40752377236054,-2.19682663207208,-0.967609464470354,0.143068579608329,2.17089049262353,-3.93611587039185,-5.21524619071726,-4.32209319163371,1.68103157494266,-1.57109500005764,1,2.61886834781824,4.16432266177593,-1.23972603098636,-0.495411265973406,-0.135593379417219,4.24156948485621,-0.108830794117496,3.32245016738063,-0.275348573833133,0.448044771923765,1.92211284368922,1.77347639530894,2.91849379911861,1.27461640015055,0.437944382194572,2.12496628759804,0.0981545635186971,-2.62193129079316,-2.46197713123626,2.52463387864771,3.90561136841154,3.93100840053173,2.92376533090419,2.80182050895164,3.25184631909098,3.53823536537006,1.25451591117347,3.2473419316831,-0.582128760523686,-4.01851611669667,-4.19359374044702,-4.53042781305737,-0.0709990794720818,-3.76103093246106,-2.76956054721245,2.6037394883857,-2.23892118094286,-1.94972863736247,1.17628874245243,-3.10576077706838,4.12480047983597,3.80768214036911,-3.91968205252224,-3.009823275555,-1.08372978759616,-2.57851262389759,-3.48816964893406,-3.9521949483224,-0.352590666914619,-1.75329516546489,-3.53320001084042,0.739916361973623,1.45907727790494,3.90373552973773,2.91346039705641,-0.0209738359603999,1.08941752409763,3.20690363717182,1.55774330105642,-1.03655227739685,0.149150504240139,0.333127654398186
1.06781481515663,0.0246508812501571,0.171624001145889,2.64838251177683,0.223856848463499,-0.0322366232688704,3.22834026666997,1.60152013501194,0.393524585190789,3.63557705588309,3.9141600974051,0.523413421698602,3.07958600608595,2.15136245678928,4.3005764080931,-4.83395749941858,-3.66774198207501,-4.18500641041453,-0.461265882255888,-4.80035184087309,-0.907177334462763,-3.48241964351425,-2.17417629884804,-2.44007675358737,3.07214205506925,-1.53226086460024,-2.04240419894095,-3.33176274880026,-1.38660577614111,-1.77367923538745,-0.629732846524657,1.73000766671864,-4.79596546644558,-5.62536382859211,-5.33638818633537,1.68919889380221,-1.68025116602527,2.61886834781824,1,2.97706507134096,-1.98887254639758,-1.81846940736402,-1.51668777432191,3.44248731831813,0.0291153652900601,1.59574446291855,-1.97942182861894,-0.103443431696221,1.74554588560144,1.55460762229941,3.28710691860199,1.49958771980001,1.17716109699143,2.99274172724537,0.515726035541745,-2.38919561562812,-1.04486918917602,2.12410861482924,4.464698375185,4.35749198920311,3.93703843151927,3.05006658303087,3.3989220454261,4.07395921286728,2.23681446411036,3.19211031544183,-0.0372628031985232,-2.1294062313894,-3.02305289741508,-2.7155164287749,1.31736218522004,-2.34541362018224,-0.312129699310129,2.15501176499909,-0.747317772792269,-0.813647802578739,0.935305724157179,-2.05168627262644,2.10786390402968,1.37520460185289,-3.78785480835595,-2.32063403553946,-1.46777499149399,-2.95847780051512,-2.70136581410189,-3.56485925086856,0.137899147441918,-1.52878333681961,-1.94112087563897,-0.0433501101901919,0.0793278492815701,2.75659950395578,2.96854399463898,-1.49913978879237,-0.636802316707486,3.05936055903393,-0.393494068517276,-0.202932259198917,0.698590898170834,0.966733346798011
0.345175278938468,-0.654995963898168,-0.596963281350585,1.82899315484799,-1.06546072592565,-0.956684192745607,2.59909094425608,1.12583084496813,-0.826361416099352,1.79473527186474,2.94628216842888,-0.896358764449698,2.20920502150453,0.724401014266236,3.02944850767043,-4.60312279483353,-3.65886506396364,-4.95746390905674,-1.74331505495543,-4.0622091775322,-0.888665823795513,-3.07448604122426,-2.51581821235959,-1.13303963710073,1.9446264240274,-3.67933132820281,-0.851345310109826,-2.42092096795792,-1.88328583394636,-1.0576965765231,0.336349688291057,2.41560446439544,-2.358808409085,-4.10790663980482,-2.93708452177736,1.28963610853454,-1.44505518239736,4.16432266177593,2.97706507134096,1,0.498475805795892,0.312185490902353,0.810640678497076,4.69662755212537,0.566074845391213,4.36894745867983,0.998454562315052,1.46011604484135,2.16602463951442,2.35702445590842,1.5649114385429,0.482408530330231,-0.0172010701403309,1.40900095279385,-1.18686647380067,-2.88751254722061,-2.46412956446537,1.47499580706912,1.92705421054771,2.41996295220845,1.37519872883324,2.93640667256381,2.26948366646142,2.50715623085801,-0.0191759121132608,2.6429957767738,-0.801339006840667,-4.13409582746055,-4.12458541931954,-4.93841911947459,-0.464682306400306,-4.35400214539537,-3.22618254092648,1.86527568789676,-3.11302038490378,-3.0190163350498,0.423946864695717,-3.55999611638293,4.14390782635206,3.73768924544242,-3.45650279211198,-2.1759709206272,-0.326330757437163,-2.28122860366836,-3.13929960663976,-2.83653680010868,-1.03364335908426,-1.93965747056522,-3.9236697202119,1.82836874156285,2.01664778343811,3.46000008979292,1.82656099580138,0.934171218635181,1.30162994118563,3.5203447614758,2.71865808272507,-0.638933984212182,0.0908002232100618,0.201893028424519
0.102418156378009,1.3361061848625,1.993614884322,1.73992431966152,2.885760776006,1.90770394855976,1.05220938754003,1.37167382419867,2.71602807847085,3.59409746011118,2.37289493446798,2.58384659596674,1.85190109507729,2.01220177995595,2.08818013914519,-2.27432737407338,-0.912330080043244,-1.26931868263415,0.64598982686383,-3.53954108847783,-0.512347311434732,-1.05116042219797,-1.58715228675009,-1.74358587448153,3.39406019278581,2.84613993229155,-2.83448718403017,-1.86607203778503,-0.165339863780205,-0.565159604906353,-0.527715421123082,-0.342131924259548,-3.27360462704358,-2.56349826412261,-3.68987152789014,-0.158118301085554,0.444586391962373,-1.23972603098636,-1.98887254639758,0.498475805795892,1,-2.09695870762824,-2.65169696077041,-0.680904281364339,-1.00824264168156,-2.95768742469262,-3.66221693047334,-2.91033482262636,-0.0370345267295381,-0.786345682512048,1.66447937852714,2.2711246039038,1.93342622414828,3.39647657238659,3.89035889445344,0.676749707144753,1.35013926644097,2.61759584333835,4.38864753271238,3.68160531998242,4.43717784890664,0.341759134176584,2.87255428552255,2.29738387300591,3.22010964128918,1.06203747915327,-0.0314890301140664,1.50459747310565,1.15298711792066,1.53685504975813,0.801538917295489,1.94546128783438,1.69102249400375,1.08698030752883,2.80569386585852,3.33045857031407,1.10441756173529,1.62126242778008,-1.47508491923045,-1.73256791805289,-0.194823482813322,-0.228536917470452,-1.56428233421245,-0.309336513961669,-0.277148807257565,-1.21321769736385,2.15045905139104,0.538419069230182,1.4791142308102,-2.16147054663055,-1.78397400610712,0.350032970111718,2.10794630112366,-2.23155384371336,-1.47916946283727,-0.251903557168838,-3.02991020693873,-0.772904795085184,0.469575690774651,1.30950951104974
0.708401869961085,3.33433599050008,2.01461877297709,0.582319891899183,2.89356999022306,3.08014042081188,1.69533697284641,2.49365369050617,2.20299690922534,1.15320671718763,1.45596466850644,0.985900185626835,1.18083351419954,2.421677687645,0.694396710031976,-0.882832420092096,-0.46076672418994,-0.35202194211649,1.20531966473808,-1.45398007907506,0.495199974743666,-1.46262070079475,-0.778587681290955,-1.60205100079928,1.67432769505086,1.21390714682775,-1.96983515277539,-1.85550807307835,0.169189251845101,-1.47170697874235,-1.04398835739316,-0.0977399904450456,-2.07038656795197,-2.04731787890235,-3.19580426766548,0.3237265800404,-0.770397572021697,-0.495411265973406,-1.81846940736402,0.312185490902353,-2.09695870762824,1,-2.81443377402693,-0.537521154591497,-0.879576399055145,-2.21365683165345,-2.93451006392061,-1.35245816378594,0.449127666584854,0.0826265994592996,0.719829817919046,2.36321709599437,1.2631893897383,2.64021105200345,3.18081536833445,2.13996631864407,1.97445010467221,2.17351482205233,1.87478722920127,2.55794573003408,2.16399121044135,0.43358563284543,1.73311592588122,0.795831847459098,1.74353470871051,0.0250109153109589,0.665014533075254,0.671282168636479,0.619011579075221,1.05272818280705,0.281766450751718,0.261597307109161,0.783429619617391,0.906242215944603,1.37354796706521,1.53728392990485,1.86666999172115,0.55677326623201,-1.5779389060872,-1.22491302098259,-0.290520004439285,0.180693344316056,-0.677506210965901,-0.343591955610208,-0.401355540202886,-0.172338262567021,0.958192502132192,0.370864259358952,1.24309429621249,-0.418151670973765,-0.715278105859896,0.156890327978824,0.258366497361679,-1.2121155168871,-1.05558894486821,0.07589073274331,-1.49588164170942,0.0269113183991712,0.401662432529181,1.52679505099831
1.12156405882366,1.70995694995305,0.93872848825014,1.99699903109668,1.90326320071612,1.26117755061079,1.82793051979473,1.71399311771053,1.63631221099655,3.03089779690468,2.31369929097064,1.54102697411382,2.12305548031272,2.38905559248422,2.25588114378197,-1.62058750492247,-1.32782168645315,-0.691270419939344,0.9129719940688,-1.85419538907933,-0.468365013520313,-1.83045893706643,-0.739111079915615,-1.68627976337282,2.03796880392954,1.44998228102687,-2.42805672992858,-2.7656809142878,0.0611949454964801,-1.8984585743399,-1.08359257121125,0.658947174465988,-3.14327886780919,-3.26221074720079,-4.3134282446627,0.672560686013714,-0.923402412417417,-0.135593379417219,-1.51668777432191,0.810640678497076,-2.65169696077041,-2.81443377402693,1,-0.00324378983765283,-1.18440407784248,-2.27147976338419,-3.38155805698683,-1.74293696259645,0.439044246054308,0.102853580049089,2.67568702004332,1.83475420392247,1.89089979686006,2.68959521502286,1.69607423721599,0.379985359544905,1.67929546570321,1.75609610404395,3.85134982989765,3.19948520943909,3.57328863868814,1.14477534498389,2.14659452837387,2.18953781488308,2.64089738172588,1.13596160902764,0.642183732540205,0.905640990301575,0.0839409680171151,1.21705307853522,1.45184569663092,0.778610172306091,1.75966190557148,1.38173825295202,1.96038062362689,1.75549989721205,0.751115501507521,0.325905978976946,-1.28141736450087,-1.30393659297783,-1.32882918900619,-0.737085625045404,-1.73487524959171,-1.64521054017132,-0.965186300954382,-1.48305639545555,0.889103099516593,-0.604764678271835,1.32896535734956,-1.17277277086841,-1.22888971338182,0.753755075063425,2.1936405054942,-2.48554370798308,-1.7288718466516,0.643543003579453,-2.72263097237991,-0.0484428454011022,0.96655502246801,1.48310169547486
0.550871790305879,-0.186313437028842,0.129204363620566,2.70336434277429,-0.442548082296938,-0.272782381106276,4.00867743756157,2.28795806257038,0.634267361518685,3.22856312801691,4.16007528046252,-0.137526856449048,3.1881449527557,1.0589693142825,3.89667525551809,-5.57836436727658,-4.75011959404311,-5.62415224872841,-2.22331826303363,-4.99031840492408,-1.30164319134756,-3.84685294953655,-3.26331744101393,-0.786369198237686,3.62543486451523,-3.43281196936532,-2.67284975365196,-4.5739350562269,-2.15526532283489,-1.84759935615692,0.15722352388415,3.02778609311192,-3.40178533529141,-5.5907203821014,-4.7632883009447,1.69441550383288,-2.15843931264484,4.24156948485621,3.44248731831813,4.69662755212537,-0.680904281364339,-0.537521154591497,-0.00324378983765283,1,-0.730867671852449,3.5992387932072,0.0189167667440409,0.490919078262937,2.35660373856678,2.30059468854368,3.39256520401309,1.80770115492135,0.617667873095623,2.15281614252537,-0.199012333578984,-1.98160188092337,-1.98358529344852,3.13915734042875,3.71489475677576,3.86915586668414,2.44492592136219,2.99904762232957,3.17467096200957,2.97424110239736,0.865869829716098,2.93798218458342,-0.468428972088479,-4.86367934452084,-4.73442314836923,-4.95474858420048,-0.977215362622093,-4.69150510096439,-4.0084384267413,3.37918115239998,-2.73867430447058,-2.5679136531573,1.21043907803589,-4.09738219429802,4.57531567978552,4.7671612803145,-4.23840585483534,-3.21711487168668,-1.13799598478706,-2.84758174424889,-4.36620710497882,-3.84756649975789,-0.929699268139451,-2.40593295709319,-3.69379441677561,1.63870783255472,2.34904777762909,4.70855641876247,3.04889976797939,0.510400972161937,1.70553280184366,3.57623498394923,2.29915768583058,-1.33545899471637,0.384529985452341,0.775315005389362
1.00210195385621,2.35069896594932,1.96772897784168,1.12198552637457,2.18906511741545,1.68255792902035,0.759016253921467,2.20460210772363,2.41431412045531,1.41032230612363,0.756673605538902,0.87662355624306,1.43314708306423,1.02313919288759,0.871428790097819,-0.0346799424562286,-1.06282347431343,0.295223073468788,-0.385274889526842,-0.461544821396712,-1.10939238280953,-0.97321665921528,-0.797030917131564,-0.377420356148707,0.669379696502207,0.879559270643264,-2.86122836034199,-2.60685554894666,-0.102366070507823,-1.39368713247803,0.0634571834119025,1.33285790379567,-0.080592450662979,-1.0359319953485,-1.77910577004295,-0.341939782653521,-0.581311508174874,-0.108830794117496,0.0291153652900601,0.566074845391213,-1.00824264168156,-0.879576399055145,-1.18440407784248,-0.730867671852449,1,-1.9391226025288,-1.56379938352686,-1.49581502754036,0.0812935164727917,0.0380947588636348,1.90852420865008,2.06217369442366,1.22489551437907,1.64098926876075,1.58412445329802,2.09597650263982,2.82740644633908,2.20909921783583,1.76322052364216,1.02469675851134,1.20819524907036,0.00383905275083063,1.01002220691836,0.0393585677885551,0.645448913517701,-0.153545460067816,0.332510064862934,0.161122786985694,0.236960301246613,1.04696079016501,-1.11549449982579,0.460623110730767,-0.380563741602746,1.39762066058144,0.746120210865997,1.10989359527299,-0.201934121706576,-0.0491081753423349,-0.48406577038302,-0.00307435466631545,-0.328620141331048,0.0111131880645058,-1.43390417893966,-0.340486930130947,-1.54519249602687,0.403804927512469,-0.135590220824776,-0.74822515005428,1.23789048631109,-0.150432185762693,-0.0898110508603815,1.00596331294065,1.11774084591363,-0.553482905938393,-0.205055527237673,-0.074281168910301,-0.978434006883787,-0.737257623689483,0.910771634779394,1.39152739916424
1.29802605313695,2.08037592644074,1.83805613533403,3.62742445330419,2.19031163052205,1.75872714875072,4.49206982332292,3.84227372536396,2.62100310514571,5.12540130852779,5.20401332735515,1.31524765968661,4.51966201571954,2.95058837559027,4.90750498931886,-6.00216082382837,-5.04511792944061,-5.43330352511587,-1.30825570494108,-6.31069983590075,-1.54633122284835,-4.56386643837679,-3.72178087784997,-2.44959704462592,4.84978005246759,-1.41803940036467,-4.67166978869304,-5.99200273270382,-1.94724250587931,-2.74197033715825,-0.47783680106555,3.11884918269215,-4.99720016412468,-7.00073841777091,-7.21494394105472,1.53515452112159,-2.29534848410058,3.32245016738063,1.59574446291855,4.36894745867983,-2.95768742469262,-2.21365683165345,-2.27147976338419,3.5992387932072,-1.9391226025288,1,-2.77004491570567,-1.26018865221809,2.21641064351183,1.91002139686285,4.38535359724974,3.52447890627319,2.06647951961388,4.6036461870701,2.3933416439478,-0.581187678120434,0.307584700497619,4.71861543002083,6.17599106882808,5.97358096106996,5.02009884416833,3.28654877090891,4.74665092762724,4.04231135015038,2.74944193994761,3.19322825108575,-0.109550546052381,-3.25683577234931,-3.54692610231562,-3.14001313267537,-0.293833926314352,-3.19308605366629,-2.30255599156025,3.83492746686554,-0.812057917014103,-0.377608472513544,1.80058225424048,-2.8572448242306,2.68765774934115,2.89153800143913,-4.23446553649805,-2.87717509966632,-2.36669942443069,-3.18720078660991,-4.55157224214713,-3.90354594730636,-0.00621778304458731,-2.2497771080868,-2.05305942121284,0.378727544565815,0.954296654938118,4.59122217269563,3.91817295949402,-1.19186271176665,0.138153231484808,3.30989582350874,-0.129821381844712,-1.42449625506252,0.975631618168738,2.0332057498324
1.20807417870434,2.46973378736788,1.94116355779481,2.26272928149907,2.87749484468357,2.23400484697959,2.20802198150835,2.44476870282168,2.65809628785627,3.70250840656682,2.92803876540906,2.03379780080114,2.68031358821062,3.09764208532571,2.9697977997902,-2.47702056120811,-1.79699574271471,-1.28837401063125,1.00513343795388,-3.21461817369201,-0.64513289193708,-2.36077608942267,-1.42290031001615,-2.45112755852377,2.8382106835365,1.90762404046896,-3.30464685034369,-3.28137423585962,-0.188872807784982,-2.0207633320227,-1.18981807603146,0.595632933239597,-4.02567442020819,-4.04649206543239,-5.26259664893093,0.591478899853157,-0.897481742594308,-0.275348573833133,-1.97942182861894,0.998454562315052,-3.66221693047334,-2.93451006392061,-3.38155805698683,0.0189167667440409,-1.56379938352686,-2.77004491570567,1,-2.36044134062971,0.593704031511157,0.0456006494444994,2.93593172886891,2.78096289814566,2.28194211127641,3.89231483487832,3.20039101938223,0.808445128473332,2.2296426206177,2.82158717956037,4.78231123866824,4.20057055631605,4.61614907579634,1.33589546126559,3.1386559971815,2.78405507411656,3.3489354647187,1.45582579561757,0.604587661567793,1.05869735837557,0.232096892638812,1.26565445919669,1.19537803337343,0.990341648882988,1.87412538734918,1.69421979730139,2.31080804911862,2.42086897902839,1.0947402586822,0.609536069107728,-1.45614870643094,-1.62004306111404,-1.52028862389441,-0.661707535858631,-2.06589975770141,-1.51328123640853,-1.23961468938002,-1.54503270144233,1.37004596150148,-0.331887495293231,1.50677502323336,-1.51937416082797,-1.54610472090897,0.951737227851657,2.47145488378856,-2.71889370976947,-1.93037730254289,0.770788428445799,-3.12327168029267,-0.276688167881832,1.10276143244403,1.92054105979432
0.333520142919923,1.18964910311318,1.72875969162052,1.82322707472198,2.50258226367176,1.45981837776011,1.15995603128328,1.65402468654709,2.20299994591095,3.56492878905385,2.54102521847146,1.90077394907595,2.32905214865883,1.37258621069271,2.24236153600632,-2.72224808012312,-1.89151245191649,-2.27737303242943,-0.536254694298701,-3.97007323652489,-0.805852895853261,-1.29788576011742,-1.91618798099264,-1.82566846318269,3.26750325914936,1.08666838919359,-3.06869693379082,-2.47348168333752,-1.0051845399807,-0.420350272526191,0.0159306304177842,1.05330586575568,-2.50779133957944,-2.79485389292331,-3.37318760597104,0.123126658202121,-0.247145563859227,0.448044771923765,-0.103443431696221,1.46011604484135,-2.91033482262636,-1.35245816378594,-1.74293696259645,0.490919078262937,-1.49581502754036,-1.26018865221809,-2.36044134062971,1,0.266230125948248,-0.0488135845529827,1.69852040792093,1.94817427893997,1.48375610636576,3.02514998749831,2.78191471296984,0.345076266425205,0.863771692413382,2.68903130085139,4.13241384651794,3.50010402698104,3.68707018812207,0.963868484186007,2.85733921465252,2.24679972721064,2.1918703811799,1.48846790870288,-0.409023348936965,-0.212259512418889,-0.360568257824675,-0.221630802129271,0.192285721818667,0.191474687193632,-0.0898860214032692,1.3375989486774,0.917858823803001,1.69574855675805,0.950272629390296,0.264766968862165,0.229344619590143,0.288726793552845,-1.0290936735821,-0.929741851330141,-1.6652403167682,-0.897942656983478,-1.59027450769912,-1.63892680079371,0.827181950855804,-0.43830853419964,-0.164170680026764,-1.20474921420568,-0.638471396742515,1.72881787388588,2.09283983553282,-1.28218412950144,-0.605306846462734,0.553794652913447,-1.50403313320567,-1.09762625648295,0.256079494221562,1.01894715214401
-0.171849045531267,0.153710870070919,0.378275254224433,0.869277418817504,-0.436350710592668,0.275469537951325,2.1479848358526,1.34961346411023,0.544841383327278,0.628847480048755,1.61869997342731,-0.446864046705048,1.08464595704454,0.555615004098129,1.48352511886011,-2.73703730728539,-2.13637463570294,-2.8857122120465,-1.06042490636459,-2.17988505270197,-0.5765481002295,-2.03642065859188,-1.93537963211028,0.287949547107491,1.4426243812083,-1.87767826051489,-0.909794568152625,-1.95796500569778,-0.819797002349794,-0.991196794460609,0.125270828400452,1.04771808377938,-1.17446902275499,-2.35577069093586,-1.79541611355637,0.498241260019909,-0.806198590959498,1.92211284368922,1.74554588560144,2.16602463951442,-0.0370345267295381,0.449127666584854,0.439044246054308,2.35660373856678,0.0812935164727917,2.21641064351183,0.593704031511157,0.266230125948248,1,1.25240297217567,1.04101016077083,1.20246082845689,-0.000625565041179776,0.921778613470497,0.348594160842421,-0.637917937711842,-1.14669163338074,1.8540123294985,0.776844142882019,1.36502815537643,0.394637211617869,1.21180187151801,1.30679117505302,0.731481874391597,-0.0146333508730563,0.933242949778693,-0.247655066829255,-2.71256727453541,-2.21832218378301,-2.74414357780868,-1.52699698808875,-2.67936129047134,-2.7789581513599,1.81804554541005,-1.58782020201734,-1.5373303600082,0.715668740610412,-2.35141354458841,2.43888544909745,2.52837864047521,-1.7420421658908,-1.17614761353879,0.115802151000404,-0.693805485258712,-1.97667433940762,-1.29290435941309,-0.315746674395183,-0.813093506720848,-1.8810359215638,1.41170998937293,1.68514290676261,2.10147521807998,0.900865906676111,1.12605534346541,1.5010741660775,1.74217667544025,2.03153677271599,-0.715525749016412,0.120990686265759,0.462145334076383
-0.266700516553637,-0.455680146531443,0.200379749936962,1.20649441898189,-0.290258271936343,-0.0874225891502791,2.02394462117484,0.901024921539806,0.493089605200627,1.49437315186459,2.20223566627385,0.121919037060219,1.23660465068966,0.431781848652941,1.8797404260355,-3.27883453731203,-2.19438750324646,-3.19498003754473,-1.07753476468569,-3.05968653675995,-0.508451272122585,-1.86318135939262,-2.04935912018672,-0.148918555155912,2.30873601742436,-1.46629453635266,-1.18798170712328,-1.81753105618526,-1.14044618069625,-0.569577736354612,0.137094849948976,0.855653637794177,-1.97826100505699,-2.65136675499894,-2.21281084283404,0.666482249048219,-0.555484368167132,1.77347639530894,1.55460762229941,2.35702445590842,-0.786345682512048,0.0826265994592996,0.102853580049089,2.30059468854368,0.0380947588636348,1.91002139686285,0.0456006494444994,-0.0488135845529827,1.25240297217567,1,1.26736178681352,1.0273082205818,0.22160473824909,1.15052638803452,0.52340357750826,-1.12800040739254,-1.55134340619052,1.79441883860137,1.74936295998128,1.98325702266478,1.36177575624504,1.18874488850132,1.77981434377798,1.4771841716869,0.625672515907478,1.41487550893846,-0.426652850102886,-2.42508024426534,-2.11586942739776,-2.6369442473372,-0.822575052761693,-2.13392842480549,-2.20062367927692,1.6522560968904,-1.10799400195671,-0.918216420347995,0.820423916893942,-1.76469484379169,2.38178641525285,2.31990415378567,-1.75000948861847,-1.41531534407269,-0.244648413074047,-0.820778300094269,-1.76194151170937,-1.82474091861862,0.213214517130844,-0.615951351124794,-1.88015691845135,0.708935253783776,1.15610472651552,2.10726388735383,1.45582632311684,0.498453739720683,1.16753147202734,1.60003333505251,1.3849989058944,-0.879394648474731,0.00409277954139808,0.27007043973842
-1.28037490726064,-3.54234045522929,-3.227910942533,0.914629389373391,-3.02261489909147,-3.66351719838239,0.0458519192503681,-2.12981474607395,-3.1384864564765,0.629001077862497,1.1147331895665,-0.731944885784771,0.0109839702791907,-1.49752962819198,0.378353477999666,-2.43341994394244,-1.02931178327994,-3.27680382854385,-1.63186926866054,-1.30885838211231,-0.121338284298943,-0.238472461129961,-1.10371141995372,1.18051525765227,0.827620648175108,-2.69613637272465,1.59277988159235,0.577617503176018,-1.13582997488786,0.791668293730291,0.775837224084106,1.06257803712993,0.212135729636453,-0.550195513986406,0.611073965375679,0.459809105148283,0.44953420732952,2.91849379911861,3.28710691860199,1.5649114385429,1.66447937852714,0.719829817919046,2.67568702004332,3.39256520401309,1.90852420865008,4.38535359724974,2.93593172886891,1.69852040792093,1.04101016077083,1.26736178681352,1,-2.36678224786243,-0.771212047815328,-1.5066941931154,-3.63854067707356,-4.10137417796643,-4.3766455828149,-1.51712120730543,-0.0660569706792562,-0.22631459253454,-0.373694750848477,1.28074014274213,-0.0987837260468636,0.688454983383533,-0.880426952154873,1.36161524512384,-1.3930231367766,-2.83202614061088,-2.46109456301507,-3.83559012683671,0.197663505844946,-2.66217939090854,-2.73524156723741,0.0555947803701806,-2.18754416799976,-2.51757594535291,-0.511789762421884,-2.23233383895502,3.39540700145567,3.29457607008499,-0.9115433796568,-1.40278801246695,0.656324512386367,-0.900800835629068,-0.717859371038862,-2.01279456508366,-0.598454016718989,-1.23520179689546,-3.56406708543548,1.39628967390897,1.95571205128328,1.8055213256628,1.09316447531343,1.314743595201,1.67437560544157,1.74028872486849,2.76737694211731,-0.711396449011195,-0.796263413835488,-1.35271064593494
-1.33839067576728,-0.838480229463568,-1.12059572619277,-1.43599267880967,-2.11752148986043,-0.567528504887486,0.602116033934908,-0.606570800579213,-1.5842176796536,-3.11884599933887,-0.552173715411368,-1.92483990057428,-1.82764643987775,-0.812932804012721,-1.34381929383283,-0.76673516905805,0.375878022186293,-1.35491335789417,-0.258479338015724,0.435677319707304,1.13690052991738,-0.38203365617705,-0.640947726913252,1.55392452295393,-0.738587741767784,-2.66285139459603,2.30311375621105,1.68509103611146,-0.351276737649139,0.431195807193952,0.0952782308050322,-0.970409709078858,0.961013139944418,0.926647872610815,1.83350378472022,0.182339453635101,0.266726960790207,1.27461640015055,1.49958771980001,0.482408530330231,2.2711246039038,2.36321709599437,1.83475420392247,1.80770115492135,2.06217369442366,3.52447890627319,2.78096289814566,1.94817427893997,1.20246082845689,1.0273082205818,-2.36678224786243,1,-1.60725872842279,-1.69871604992234,-1.11545136805396,-0.811856160996936,-2.83720034613604,-0.690060008161489,-3.53282419889312,-1.74342107773537,-2.82106509919073,-0.214824350588741,-1.00190136152397,-1.51065909061923,-1.85284989785513,-0.627395840124948,-0.361142200298134,-2.33321507301763,-1.22997502098736,-2.88424194181727,-1.78533455025645,-2.56998258264227,-2.91873249725205,-0.296912033369325,-2.24723527685513,-2.51434110739667,0.637398053733907,-1.62861781409925,2.02562713606064,2.05430342070349,0.276867299132974,0.343359667126904,2.25034139149782,1.30217143309675,0.554816112092491,0.721149785302146,-0.0209545717455396,0.828000205960493,-2.04332474540801,2.39634262339012,2.14727870254171,-0.0433592244676586,-1.83585119964369,2.71452162856515,2.32910025563012,0.755672035343251,3.91282057541138,0.042388104765793,-0.800507594093919,-0.847063288984427
-0.563964063186713,-2.12501416329036,-1.60727660198927,-0.881259427187954,-2.46143584254043,-1.87405975454215,-0.538541766648398,-1.55547735898955,-1.82670629357088,-1.75719291338022,-1.14174357204066,-1.28285316969401,-1.27666337638931,-1.59546916536076,-0.874638850021221,0.678215475262032,0.474053660752676,0.255596241976468,-0.537915082500968,1.55396955266323,0.201206761895569,0.733092997809877,0.71166407665855,1.47203786639967,-1.3897863988893,-1.48183087490405,2.0043770219651,1.43453130336603,0.076418628655066,0.719682350209189,0.387444515016036,-0.343813018163841,1.31414878315417,1.3325450318141,2.21082002750517,0.140814123350232,0.18343621024535,0.437944382194572,1.17716109699143,-0.0172010701403309,1.93342622414828,1.2631893897383,1.89089979686006,0.617667873095623,1.22489551437907,2.06647951961388,2.28194211127641,1.48375610636576,-0.000625565041179776,0.22160473824909,-0.771212047815328,-1.60725872842279,1,-2.24619390248388,-2.35081176368557,-1.30496542513363,-1.86129311086999,-1.64519298702383,-2.21337421345624,-1.98263443539171,-2.26579816833546,-0.307257882557416,-1.55259938793193,-0.920480601665868,-1.53891486458194,-0.271219095135035,-0.12429120226073,-0.969689723527882,-0.782817298227338,-1.14457580837974,-0.303778580381501,-0.939283743865722,-0.908218872859726,-0.519894786032988,-1.37131333600808,-1.7574390866909,-0.647386560974922,-0.878519196134837,1.26189980395096,1.11859372442957,0.0434565266820136,-0.186542266969709,1.07880325862753,0.275798049432619,0.442758559416722,0.121561032781335,-0.722893140450793,-0.0417676558786841,-1.06058487735111,0.896886999785385,0.930337605307493,-0.276996172962666,-0.785536530403036,1.2136523432487,1.05970326294728,0.123046453329052,1.72106479438949,0.333910425755345,-0.396056556083854,-1.10313852321217
-0.993330631248447,-2.29692923567215,-2.07832737607849,-1.5106027522617,-3.42869173280732,-1.91096029816515,0.523162148145615,-1.25753894013498,-2.49658382944291,-3.10796115391143,-0.730539127426599,-2.48665899815364,-1.7723034729669,-2.19828190559004,-1.2702775741004,-0.409085571173319,-0.169082869169467,-1.25719609614893,-1.2870895102143,1.02576697025341,0.945517204205335,0.096898024822323,0.0519400840631741,2.00450780188223,-1.03013128518198,-3.97721593705171,2.51158343755515,1.39123647179878,-0.85605410155556,0.86923202937582,0.487602671779369,-0.0859548165328203,1.47040351058424,1.05528083363313,2.52986152981638,0.860626229743023,-0.515179000816092,2.12496628759804,2.99274172724537,1.40900095279385,3.39647657238659,2.64021105200345,2.68959521502286,2.15281614252537,1.64098926876075,4.6036461870701,3.89231483487832,3.02514998749831,0.921778613470497,1.15052638803452,-1.5066941931154,-1.69871604992234,-2.24619390248388,1,-3.02850246552596,-1.41085332241737,-3.62605193005959,-1.44220920629234,-3.67651654290292,-2.28505668067942,-3.76563405431828,-0.0926714682318164,-1.67075164122419,-1.44362408799902,-2.68920076566623,-0.198745977055957,-0.288419069159566,-3.47238649202437,-2.58183235742166,-3.76032866969295,-1.46544651092647,-3.51370816637538,-3.55163616598215,-0.189784518764078,-3.58119427251935,-3.89501348258175,0.333386888346077,-2.50190072539449,3.3716355225747,3.68315042455811,-0.62118092635677,-0.819658684066995,2.00124132601935,0.438194810720069,-0.26089119325684,-0.167026833918823,-1.30459187450747,-0.0360661831634553,-3.04134579003316,2.59706283728373,2.72172366513139,0.823461744475735,-1.60406893719666,2.92009142052501,2.8490989756106,0.963425281578317,4.51452732349514,0.0657861424675252,-0.971772206046671,-1.60197133334089
-0.762522197641696,0.565324711937045,-0.610710760676919,-3.31315733047093,-1.76610497173853,0.489571660407918,-0.614905701818033,-0.49861410986986,-1.63967955708769,-5.81118559455222,-2.85540593849831,-2.91929339790126,-3.2611001879371,-1.26894095653074,-3.41277511380754,2.49862356107708,2.11874463808806,1.72135413295154,0.558959743339142,3.56625472456772,1.95525938195622,0.939863661293625,1.29108507610204,1.67135410538912,-3.33893257543635,-2.50978003639739,3.31418070604186,3.08633416193298,0.383983245818793,0.738409584465467,-0.0940458267490379,-1.62641608684133,3.11110794309903,3.41319745003495,4.1159473555505,-0.0582562774003749,-0.0484006305787281,0.0981545635186971,0.515726035541745,-1.18686647380067,3.89035889445344,3.18081536833445,1.69607423721599,-0.199012333578984,1.58412445329802,2.3933416439478,3.20039101938223,2.78191471296984,0.348594160842421,0.52340357750826,-3.63854067707356,-1.11545136805396,-2.35081176368557,-3.02850246552596,1,1.38894659262724,-1.06646972782118,-1.85424891278741,-6.36524956245602,-4.00915400748777,-5.32500138879292,-1.44054393051357,-2.8831675987146,-3.51583222731089,-3.29196906207495,-2.29703539916538,0.380586177798343,-1.09991530232549,0.0115401984687535,-1.19652812645001,-1.97592436661323,-1.75338841086635,-1.94766821842057,-1.60079753090198,-2.42946011238686,-2.73919143752193,0.419130661057515,-0.692782466256206,0.412796447684436,0.798405535061924,1.49775167494504,1.601391580739,2.86009297663601,2.28108238650709,1.68817206660314,2.92387983921861,-0.835341513576237,1.51755669160429,-0.701972644588014,2.65238809090757,1.81360187982781,-1.70802626045008,-4.12718088524637,3.14748499986176,1.98916825444049,-0.535114305625339,3.87895257721576,0.975263918961985,-0.873654322091115,-1.05223699642599
-1.44371607158378,0.127942415898963,0.295228433326862,-2.89926334658984,-0.158750568230105,0.935887273846725,-1.96678743398115,-1.50607169214606,-0.527217501081611,-4.05388432008438,-2.62633316238226,-0.739127875886732,-3.33652575393138,-0.583684989446346,-2.95995816510448,2.27549976614311,3.37025865501254,2.33327527045786,1.75174265244328,2.04755365782331,1.83426669911964,1.91438761454618,1.09173230055966,0.663146297294618,-1.99893036835126,1.17706582835208,2.92359181544811,4.49462325706248,1.01595144657793,1.75818427482516,-0.201355252489718,-3.58513044853531,1.63289810898673,3.82571153252318,3.72391359325994,-1.10846118812137,2.0374828567858,-2.62193129079316,-2.38919561562812,-2.88751254722061,0.676749707144753,2.13996631864407,0.379985359544905,-1.98160188092337,2.09597650263982,-0.581187678120434,0.808445128473332,0.345076266425205,-0.637917937711842,-1.12800040739254,-4.10137417796643,-0.811856160996936,-1.30496542513363,-1.41085332241737,1.38894659262724,1,-0.432758420949915,-1.63574853335213,-4.33362897233673,-2.84253275291723,-2.48936070793182,-2.26596736010936,-1.78623755736716,-2.3289075215762,-1.01703820149497,-2.12181903265345,0.0202043890237386,2.13827912912251,2.83498732927733,1.52133583711456,-0.642378013191654,1.96673738442865,1.2674461044463,-2.51437789755738,0.9280964225495,1.00222411146026,0.211593839505089,2.46149083854112,-2.09940824870841,-2.69357829415325,3.16008398422388,2.80296766032911,2.35207923305689,3.38661349940278,3.71446196705196,3.21855431356462,1.72870418500524,3.16502994999487,1.43129397456626,-0.0503686724734983,-0.809651485627119,-3.62929543636011,-3.40421876874542,1.24249974380634,0.131020294092278,-1.97649277116496,0.685448107551824,0.887023279088775,-0.831324189802673,-0.801662902588822
-2.40369023661822,-2.81302834948066,-2.1382827692488,-2.89678126143777,-2.22034687112259,-1.63434918817565,-2.67939680195606,-3.71255273326296,-2.37952029566013,-3.78792537828302,-2.81206652331539,-0.620576729568999,-4.1510652359032,-2.49829994071405,-3.90201014100714,2.6274670923427,4.02823256245106,2.34895111371292,1.0995003955276,3.07466857431132,2.24771384027233,3.35947455289548,1.80490271657883,2.35452152374909,-1.58026107250349,0.860808990538686,4.11188924980463,5.35629675358477,0.918310912211555,2.86292078424471,0.0846116327706395,-3.72601571309845,2.36793707349546,4.88806268569499,5.0469690858236,-0.782161630420103,2.4583400969615,-2.46197713123626,-1.04486918917602,-2.46412956446537,1.35013926644097,1.97445010467221,1.67929546570321,-1.98358529344852,2.82740644633908,0.307584700497619,2.2296426206177,0.863771692413382,-1.14669163338074,-1.55134340619052,-4.3766455828149,-2.83720034613604,-1.86129311086999,-3.62605193005959,-1.06646972782118,-0.432758420949915,1,-3.39968242699654,-4.50792280320394,-3.65169059092249,-3.20724177863443,-2.80432130806007,-2.95271836933861,-2.68749585731617,-1.36051846407695,-2.10562417757552,-0.327850230218485,1.6605256654293,2.4497616539543,1.10030931194421,0.236150226340454,1.93542961232997,0.825955001189978,-2.92043708480364,0.817658917727181,0.507712289655963,0.111107747120188,2.32936630462627,-1.27868755008546,-1.36430301800758,3.58468770338777,1.833630131517,2.61886360835447,3.17574492613185,4.29133711449383,2.10504402263434,1.54586643845416,2.88117311103976,0.633854505804314,-0.263664929220356,-0.31050120203208,-3.41535395829115,-2.92495529993238,1.28203935176784,0.818584432730322,-2.54676482437544,1.01391567259959,0.572362482786441,-1.52897864624167,-2.12267651333698
-0.84372917429492,-0.933902651015575,-1.45928501100381,-0.953675646653164,-2.62918395760785,-0.884370380759558,1.61767239192413,-0.220568503659135,-2.05986085424906,-2.78605822892284,0.30759919937433,-2.41436298229383,-1.18403145384367,-0.468762440204767,-0.352796688742735,-1.84911166231435,-0.707238412462683,-2.41836309624054,-0.504475408663112,-0.34222715965219,1.04385828846056,-1.42684470012624,-0.943972760295871,1.00238050106588,-0.478688740682941,-3.97616470408458,2.18830540600633,0.872257293122538,-0.815414043520013,-0.155085659834409,-0.0584051504168841,-0.255241588623611,-0.0294936024017742,-0.512485064664802,0.714605939948028,0.938526509923926,-0.594785322806137,2.52463387864771,2.12410861482924,1.47499580706912,2.61759584333835,2.17351482205233,1.75609610404395,3.13915734042875,2.20909921783583,4.71861543002083,2.82158717956037,2.68903130085139,1.8540123294985,1.79441883860137,-1.51712120730543,-0.690060008161489,-1.64519298702383,-1.44220920629234,-1.85424891278741,-1.63574853335213,-3.39968242699654,1,-3.05085411486558,-1.05209444145219,-2.53111892939257,0.781377091748058,-0.497768729898454,-0.614633179610044,-1.85313356638316,0.220303967092958,-0.268548006450138,-3.4787232330113,-2.62795170891236,-4.18171265684186,-1.44177226079536,-3.93042727761975,-3.37668113784025,0.222346152917599,-3.23258701190103,-3.64954331292203,0.819064043124842,-2.74090403181325,3.07818517529109,2.94973452178067,-1.08212201641432,-0.438846214148127,2.07847288310457,0.262748042724525,-0.369232685309966,-0.229802257311051,-0.52994322744797,0.157917495898549,-3.02958463214784,2.9443968257579,2.58806311541873,0.841982471517494,-1.36468943356271,2.66343320089197,2.41400061185627,1.9047981949022,4.48354193522616,0.22906236119492,-0.645536002332878,-0.76943552645419
-0.147281667581339,-4.53530402911552,-4.02281747484464,-0.271472895021968,-5.12485388127745,-4.75090472494004,-0.106552591492706,-2.5538329851525,-4.5653565953455,-1.36966700464283,-0.350834752595696,-2.79914885033755,-0.517031113685725,-2.9082233934704,0.208556853912663,-0.777478184898572,-1.42067497260751,-1.94662037361326,-2.29431338774241,0.844034518869639,-0.175647996958965,0.120032400461179,0.684019689817028,1.28896163045214,-1.71739292444662,-5.17763510893349,2.92850928151625,0.926393174703002,-1.38545081846025,0.982144026825701,0.953419268538673,1.87707041373804,1.36614743445596,0.0953920797661336,2.33803519699616,1.45776084015507,-1.20251039086199,3.90561136841154,4.464698375185,1.92705421054771,4.38864753271238,1.87478722920127,3.85134982989765,3.71489475677576,1.76322052364216,6.17599106882808,4.78231123866824,4.13241384651794,0.776844142882019,1.74936295998128,-0.0660569706792562,-3.53282419889312,-2.21337421345624,-3.67651654290292,-6.36524956245602,-4.33362897233673,-4.50792280320394,-3.05085411486558,1,-2.16964369296029,-3.15580923513015,1.52512664402397,-1.76324032975719,0.174455804542419,-2.95250838455055,1.44356005192475,-0.722434765439207,-4.04281184411624,-4.226975158981,-4.80889623563138,0.402321960186761,-4.20796208694995,-2.93775812908725,-0.349697016164762,-4.70968151521822,-5.33258079146524,-1.32170421497353,-3.6209571935682,4.66150931053448,4.53007174297917,-2.36576679695649,-2.22088768213977,0.957482175655194,-1.84457778614561,-1.44494990505038,-1.97748576227164,-2.96535011866083,-2.09734941108655,-4.53871475851035,2.30995906861511,2.62065926455694,1.99947078484159,0.00284572626011625,2.04485468265432,2.06583939056103,2.27250204386374,4.05316758807186,0.337052768166404,-0.752604000556203,-2.27978781357599
-0.236297873412491,-2.68450067624028,-2.15065591352122,-0.340607492841583,-3.60895506126585,-2.75762320526436,0.796889937223768,-0.888979678814356,-2.79966372876715,-1.59660862994401,0.245660378117689,-2.63701192413374,-0.233947504275284,-2.04049531073921,0.517049336348926,-1.81222137320627,-2.00377828444963,-2.82172130802639,-2.39572155678268,-0.618851457537493,-0.236359544109634,-0.89227733397017,-0.663207328968554,0.91393144556597,-0.834368446902645,-5.19428199087405,1.64020861872099,0.129135683634796,-1.76696495524424,0.541962510248662,0.998690943411996,1.75550139227515,0.942582477743103,-0.526643296119921,1.50960290022733,1.14808019142985,-1.17492197346435,3.93100840053173,4.35749198920311,2.41996295220845,3.68160531998242,2.55794573003408,3.19948520943909,3.86915586668414,1.02469675851134,5.97358096106996,4.20057055631605,3.50010402698104,1.36502815537643,1.98325702266478,-0.22631459253454,-1.74342107773537,-1.98263443539171,-2.28505668067942,-4.00915400748777,-2.84253275291723,-3.65169059092249,-1.05209444145219,-2.16964369296029,1,-2.7965267218203,1.39143078469388,-0.689939848734863,4.62427760572481e-06,-2.75141909482051,1.23214536828414,-0.769309904559607,-4.63928182857709,-4.19933901600126,-5.29812085954079,-1.28689149097356,-4.69864858596324,-4.18323725494578,0.370333864843285,-4.85121527794082,-4.9408232270126,-0.582639416225762,-3.73961867212857,4.92377788541818,4.83836966635125,-2.29736482774888,-1.73518207902958,1.05443977379648,-1.00308749982954,-2.02044259968127,-1.27244368341143,-2.37148841345328,-1.5047627523938,-4.47924808496183,2.80975018035998,3.02899353197722,2.40404733286696,-0.325619546105913,2.79170534486242,2.73208153615182,2.4339472496941,4.83603830078824,-0.212561814321228,-0.63222653247964,-1.4783984578602
-0.106249574728906,-3.2610434888113,-2.97640515667219,-0.954898413718252,-4.31547053690262,-3.45010855115097,-0.240488678831069,-1.78905926589357,-3.52865710847799,-2.30551406863002,-1.27179067395329,-2.82552317476949,-0.94666921446135,-2.85872531246989,-0.783151201187631,0.559414679536119,-0.753410834631173,-0.693135407483907,-2.04248222862488,2.06512773028105,-0.0531961237771819,0.53665506535355,1.03942892365307,1.8707941836626,-2.29617202196681,-4.49340853744795,2.66906563826721,0.848562460918133,-0.775936304498189,0.79047892325728,0.962893660325209,1.54851297781624,2.42578968876431,1.06077843321672,2.99397075460627,0.993051139634511,-1.20543449719937,2.92376533090419,3.93703843151927,1.37519872883324,4.43717784890664,2.16399121044135,3.57328863868814,2.44492592136219,1.20819524907036,5.02009884416833,4.61614907579634,3.68707018812207,0.394637211617869,1.36177575624504,-0.373694750848477,-2.82106509919073,-2.26579816833546,-3.76563405431828,-5.32500138879292,-2.48936070793182,-3.20724177863443,-2.53111892939257,-3.15580923513015,-2.7965267218203,1,0.709557050807399,-2.3348170798939,-1.04744550640793,-3.35192740133677,0.34340182799605,-0.340954654032863,-3.54601538318658,-3.37401043340939,-3.71784423124086,-0.516860453038867,-3.74540498046068,-3.05039877725781,-0.239936117922315,-4.34562880950143,-4.86428151484962,-1.03876435620697,-3.26226128596316,3.82021590654365,4.08734692270819,-1.57187848755419,-1.61001090964748,1.21477719644636,-1.09795646707949,-1.23549420204325,-0.907685055295606,-3.06059740449802,-1.72804494319074,-3.528918500456,2.42458623251304,2.66054359625934,1.46995234933856,-0.870332549668287,2.43720600522289,2.23578553381777,1.42670370481368,3.96118116059037,0.369973167035636,-0.693474135832132,-1.90463507493469
-0.359205039199359,-2.02725765302244,-1.16111684249022,1.25863466725602,-1.56029120614396,-1.72230785404954,1.59377878469194,-0.148886542182911,-0.808081831824291,1.53719606979208,2.20631694429851,-0.288736368001105,1.1077097505941,-0.768370864792499,1.80113565298944,-3.36103766296652,-2.45172732911185,-3.56926045482806,-1.93038508529444,-2.85522888421206,-0.53215906960491,-1.39045014746678,-1.75994021728854,0.231711347606467,2.15540401416746,-2.66015852115527,-0.701138894064504,-1.5520768456186,-1.76810280346012,0.0552310786189398,0.501590912582382,1.50644994473098,-1.41361960818131,-2.30588213521588,-1.3924994815767,1.06589629444343,-0.716921894312473,2.80182050895164,3.05006658303087,2.93640667256381,0.341759134176584,0.43358563284543,1.14477534498389,2.99904762232957,0.00383905275083063,3.28654877090891,1.33589546126559,0.963868484186007,1.21180187151801,1.18874488850132,1.28074014274213,-0.214824350588741,-0.307257882557416,-0.0926714682318164,-1.44054393051357,-2.26596736010936,-2.80432130806007,0.781377091748058,1.52512664402397,1.39143078469388,0.709557050807399,1,1.28359957824618,1.5169567994296,-0.0458891992628325,1.85301173576701,-0.730381609691278,-3.3720972823252,-3.11971007540442,-3.73544496120536,-0.513428269462954,-2.90380746660734,-2.94906909013219,1.36850064369526,-2.2028346884305,-2.05855041836385,0.35880719195481,-2.37583222210668,3.62710859093107,3.73818844458654,-2.14348626518599,-2.12844967916855,-0.320113256119975,-1.27696178102246,-2.11989931759791,-2.43583891467553,-0.557163395010356,-1.20361891744608,-3.04522338168073,1.01757504294156,1.76130670685356,2.78678071829766,1.69126260603851,0.833704799067882,1.71861943883954,1.8865675674755,2.21113618168008,-1.04184532804925,-0.28322572433937,-0.543506383755781
-0.163809204854168,-1.52529506178704,-1.62812239352334,-0.34158229861199,-2.74345601129272,-1.58690539730673,1.38841072069189,-0.133587197034123,-2.0427246217859,-1.3985484232238,0.403861574315539,-2.21256675260124,-0.0720623150348298,-1.21862565373724,0.238368278519717,-1.55251661229697,-1.68283308151491,-2.43675746729271,-1.66875590859544,-0.346615676283933,0.171765910024814,-1.05579990488749,-0.555436813302271,0.89922991218684,-0.376405140063184,-4.33843877689865,1.28012563784625,-0.43329184206613,-1.21298056135953,-0.0410931838938855,0.445839595845212,1.40095951199063,0.47673759276923,-0.913284581426025,0.574663166724606,1.21531465780843,-1.42977328188673,3.25184631909098,3.3989220454261,2.26948366646142,2.87255428552255,1.73311592588122,2.14659452837387,3.17467096200957,1.01002220691836,4.74665092762724,3.1386559971815,2.85733921465252,1.30679117505302,1.77981434377798,-0.0987837260468636,-1.00190136152397,-1.55259938793193,-1.67075164122419,-2.8831675987146,-1.78623755736716,-2.95271836933861,-0.497768729898454,-1.76324032975719,-0.689939848734863,-2.3348170798939,1.28359957824618,1,-0.144572305709288,-2.09812443554124,0.816040821750964,-0.315840058766623,-4.07323237437992,-3.60493802001373,-4.36412163555477,-1.0644384581858,-4.36373045024932,-3.67826857746352,0.721887921304841,-3.9637809737285,-4.20849975403232,0.361846074656868,-3.44119561979249,3.88114193529801,4.17253476492808,-2.06980832347267,-1.66447348678693,1.03270577204738,-1.03709779591356,-1.82182867612733,-1.33970877708674,-2.01128904354956,-1.29826527624116,-3.63685687084358,2.58499309049933,2.77128326298121,2.14616197044971,-0.431574491836745,2.29233205532563,2.31770829405494,2.07860528633285,4.02254377689912,-0.0598643584815496,-0.56398007960406,-0.957254769450319
0.0505728859789301,-2.18030898404636,-2.03826462912888,0.722055213258907,-2.21842900525089,-2.49621705601843,0.627210921427846,-0.56171867868245,-2.10130126086933,0.6736625144433,0.930166017675485,-1.20856531478888,0.901501149915049,-1.70730288935255,0.673087530106266,-1.59161477389642,-2.07345807302493,-2.6177593832549,-2.41740267534498,-0.888975680361443,-0.514951251576779,-0.461577596445868,-0.549501663867954,0.591358643994054,0.450790660593659,-3.63589323971219,0.241641320613388,-1.1614339288091,-1.5508020255051,0.318860415269164,0.933966220722115,2.56562525984816,0.664414550808362,-1.06403624468374,0.206310279337223,1.06162376435968,-1.27284048764497,3.53823536537006,4.07395921286728,2.50715623085801,2.29738387300591,0.795831847459098,2.18953781488308,2.97424110239736,0.0393585677885551,4.04231135015038,2.78405507411656,2.24679972721064,0.731481874391597,1.4771841716869,0.688454983383533,-1.51065909061923,-0.920480601665868,-1.44362408799902,-3.51583222731089,-2.3289075215762,-2.68749585731617,-0.614633179610044,0.174455804542419,4.62427760572481e-06,-1.04744550640793,1.5169567994296,-0.144572305709288,1,-1.59434708956927,1.41195791862363,-0.781778199173761,-3.7533659880107,-3.57922315063123,-3.92987263673542,-0.208427479597769,-3.68178392386812,-3.33570382462699,0.774044623288866,-3.48954825230712,-3.4899245896686,-0.202028858639327,-3.08824874737428,3.93040933346515,4.46795314267068,-2.12418525152987,-2.28527545283778,-0.127663506442236,-1.88420971789799,-2.43091842222393,-2.23797387407671,-2.33786660481764,-2.24705807308154,-3.73066934014089,1.66628866454704,2.3407083727252,2.95154988381907,0.905650939758644,1.38234893032495,1.77477473045556,1.88307423441007,2.83781822603286,-0.624976230843773,-0.54750838397009,-1.0541675454578
-0.232890949060029,-1.77003513268463,-1.69964044740373,-1.05593925176463,-2.71651392021108,-2.01551356778973,-0.871924027201072,-1.26782624227962,-2.09312766691315,-2.24747511948935,-1.74616081912032,-1.87439053775046,-1.06369980920695,-1.89040197182837,-1.19007617927287,1.3486180712213,0.2187725050525,0.46317969379852,-1.08965564688189,2.34409759030102,-0.125079625178907,0.854161125436782,0.959347821536786,1.68028971254898,-2.45096226178841,-2.35796392681088,2.00975616638371,1.06770138498142,-0.0458303361838627,0.606928108901811,0.695172037325391,0.693226982278731,2.69226326152342,1.78910926967869,2.96324391954959,0.0324965338560542,-0.325623331528817,1.25451591117347,2.23681446411036,-0.0191759121132608,3.22010964128918,1.74353470871051,2.64089738172588,0.865869829716098,0.645448913517701,2.74944193994761,3.3489354647187,2.1918703811799,-0.0146333508730563,0.625672515907478,-0.880426952154873,-1.85284989785513,-1.53891486458194,-2.68920076566623,-3.29196906207495,-1.01703820149497,-1.36051846407695,-1.85313356638316,-2.95250838455055,-2.75141909482051,-3.35192740133677,-0.0458891992628325,-2.09812443554124,-1.59434708956927,1,-0.518610109329157,-0.178807704558777,-1.58692909475692,-1.31764422599271,-1.62659837257771,-0.945417525532118,-1.76815146330515,-1.83036432641981,-0.498586024944647,-2.48466554070228,-2.82476905749768,-1.19211214697492,-1.71451511220753,1.80997777533545,2.0335425384548,-0.197835911337725,-0.275149826698041,1.01219316502188,0.0508147815648647,-0.331675265010497,0.477266607670109,-2.01834510096211,-0.844046648374783,-1.61131360099876,1.64339170794379,1.69460092154746,0.310055574696891,-1.14684614585195,1.94428608946252,1.48894303756636,0.399056931060115,2.53577198318623,0.290250792260134,-0.350174642361354,-1.15012778316805
0.297476946788238,-1.44701380896229,-1.36327227193876,1.26010930928466,-1.38906250822001,-1.71177889617165,1.28813930562108,0.109132733756475,-1.27578340900984,1.59613509066833,1.74870717759022,-0.603382438563216,1.54026707740888,-0.664954054426783,1.529411358328,-2.38624035996013,-2.45793543959576,-2.9926429116215,-1.91881021085401,-1.94072149057231,-0.600768603303554,-1.16240916304658,-0.997428115706823,-0.17533217424769,1.27384836444802,-2.93161397225987,-0.545073740653107,-1.86269403647078,-1.52178846508962,-0.209978961828554,0.518176079503614,2.41125960855755,-0.688873732516758,-2.21844785942559,-1.30229901662139,1.18989354291481,-1.39821956128632,3.2473419316831,3.19211031544183,2.6429957767738,1.06203747915327,0.0250109153109589,1.13596160902764,2.93798218458342,-0.153545460067816,3.19322825108575,1.45582579561757,1.48846790870288,0.933242949778693,1.41487550893846,1.36161524512384,-0.627395840124948,-0.271219095135035,-0.198745977055957,-2.29703539916538,-2.12181903265345,-2.10562417757552,0.220303967092958,1.44356005192475,1.23214536828414,0.34340182799605,1.85301173576701,0.816040821750964,1.41195791862363,-0.518610109329157,1,-0.594895376370673,-3.27037959399981,-3.33220469924418,-3.48509357901814,0.141507777744723,-3.24324030100886,-2.59689267977025,1.18505282045794,-2.66262933709095,-2.63700890170113,0.191934432886445,-2.74694150515354,3.34288163342957,3.70890753738853,-2.45900961292381,-2.31977576736205,-0.576554774503624,-2.1286480139914,-2.54195928429889,-2.58175027687822,-1.69532823103866,-2.09107146546011,-3.18840436636143,1.15669750656613,1.76400046442543,2.97145486341934,1.49538878395157,0.598352549269078,1.16121455485009,2.06416186559671,1.88702205665287,-0.631722406031327,-0.253128723146589,-0.48961602514364
-0.898923003440208,-0.367301647380918,-0.0693302676730257,-0.394748735164525,0.0504841735854179,-0.180211746769949,-1.02332272859602,-0.699689479067558,-0.0386737120315514,-0.445563916419446,-0.582097958761933,0.283914671277197,-0.736466208263675,-0.423060797519644,-0.861395104981072,0.285549294506733,0.874776912608181,0.130416357414425,0.0129415276870604,0.115569112019025,0.120136651816625,0.794596079315087,-0.245473366162905,0.589034977628507,-0.105700334495176,0.695260376159976,0.449616672063718,1.15431366354996,0.104451291795537,0.800208946090875,0.325450047261983,-0.668265226054922,0.971436803077662,1.34204515168482,1.28759228927433,-0.814367439989217,1.13023419099291,-0.582128760523686,-0.0372628031985232,-0.801339006840667,-0.0314890301140664,0.665014533075254,0.642183732540205,-0.468428972088479,0.332510064862934,-0.109550546052381,0.604587661567793,-0.409023348936965,-0.247655066829255,-0.426652850102886,-1.3930231367766,-0.361142200298134,-0.12429120226073,-0.288419069159566,0.380586177798343,0.0202043890237386,-0.327850230218485,-0.268548006450138,-0.722434765439207,-0.769309904559607,-0.340954654032863,-0.730381609691278,-0.315840058766623,-0.781778199173761,-0.178807704558777,-0.594895376370673,1,0.554329423143705,1.00535671372941,0.294704467331235,-0.647446589430873,0.788448308732249,-0.274999511816542,-0.629012901411971,0.471629278440966,0.669534077820269,-0.336009780548053,0.737799289838218,-0.335856254957181,-0.336789456819069,1.31087080178728,0.812942311469292,0.470215749801879,1.21648283798595,0.899917293568749,0.890984064491026,0.623190310746184,0.703804853343838,0.18364408178857,-0.108768326824225,0.0022828899765559,-0.614217814540006,-0.446685578679884,0.586333896308863,0.385620011360684,-0.695155659219113,0.300725359605773,-0.405241144921687,-0.335914767763941,-0.285303069721621
-0.664253617598619,-0.771620249984453,-0.816586089048608,-2.77415782087841,-0.538909640266628,-0.632955427997564,-4.12863790378529,-2.66050566494815,-0.915534666624741,-3.31181517004891,-4.63820637406986,-0.073176668691346,-3.32974399232773,-2.22720644657114,-4.43599255180558,6.33738391816549,4.66635654273251,6.06010698831323,1.38368549180653,6.19797668374006,1.03352664289712,4.49447034480717,3.72960244953917,2.14686024992814,-3.88760376383566,2.95227342277062,2.67834212603621,4.07029320291676,2.16168117748849,2.00088688899936,0.167349600671269,-2.39006254892269,4.57097776727761,6.20773661606855,5.60957887426553,-1.58199045258445,1.77268364528865,-4.01851611669667,-2.1294062313894,-4.13409582746055,1.50459747310565,0.671282168636479,0.905640990301575,-4.86367934452084,0.161122786985694,-3.25683577234931,1.05869735837557,-0.212259512418889,-2.71256727453541,-2.42508024426534,-2.83202614061088,-2.33321507301763,-0.969689723527882,-3.47238649202437,-1.09991530232549,2.13827912912251,1.6605256654293,-3.4787232330113,-4.04281184411624,-4.63928182857709,-3.54601538318658,-3.3720972823252,-4.07323237437992,-3.7533659880107,-1.58692909475692,-3.27037959399981,0.554329423143705,1,4.16236781896182,4.77987012385887,0.533777730492525,4.22555645084492,3.00893764476213,-2.97626721680559,2.16171378994428,1.83995040793415,-1.44117422827954,3.36851531635212,-3.84001541800402,-3.36446808589536,4.12886871308908,2.45336274993574,1.04961115136162,2.58719164537309,3.80639715608311,3.49906321917676,-0.0172852317767835,1.70591730467753,3.37916968016061,-1.34725192561859,-1.56316943578717,-4.05125721900685,-2.83600247869845,-0.0622654191785188,-0.900496390235691,-3.90615085220684,-1.79619516638129,1.00108880271261,-0.509601404795894,-1.22223330255918
-0.2522907253485,0.576345258553384,0.176536547610202,-2.8529873771115,0.0307125918644353,0.635269958296686,-3.15555976859546,-1.54208998185967,-0.134281666327746,-3.81561890114813,-4.41325063428241,-0.344843749723554,-3.17265697791405,-1.12235051185502,-3.952504030112,6.01140855929416,4.38018100808961,6.04640172099787,2.02113274179914,5.9535963707364,1.10961880936502,3.44843448625793,3.43346045657771,1.63741652086001,-4.0244671828505,2.90163593903167,2.40055247778318,3.58773991278899,2.42970190369067,1.10201855490995,-0.267495146393377,-2.70858662151346,3.72287456171313,5.35268478512863,4.62634955598314,-1.44721989689713,1.36413171686209,-4.19359374044702,-3.02305289741508,-4.12458541931954,1.15298711792066,0.619011579075221,0.0839409680171151,-4.73442314836923,0.236960301246613,-3.54692610231562,0.232096892638812,-0.360568257824675,-2.21832218378301,-2.11586942739776,-2.46109456301507,-1.22997502098736,-0.782817298227338,-2.58183235742166,0.0115401984687535,2.83498732927733,2.4497616539543,-2.62795170891236,-4.226975158981,-4.19933901600126,-3.37401043340939,-3.11971007540442,-3.60493802001373,-3.57922315063123,-1.31764422599271,-3.33220469924418,1.00535671372941,4.16236781896182,1,4.89058436254132,0.164560761009013,3.97506807764106,3.2505471809882,-2.5341512989827,2.27783882751522,1.88148867410852,-1.04968810415211,3.19444250505439,-4.20971761652428,-4.02333523272808,3.71844042025611,2.80137716561537,1.22752663234351,2.63217757156255,3.67727652690115,3.86811281732828,0.291723990086752,2.02548259465286,3.87678645659847,-1.02356340140785,-1.68594010524617,-4.29684733793619,-3.1450685937532,-0.0935844454957353,-1.11414674183975,-3.4977648327151,-1.79489089149865,1.38087241283259,-0.116542336487452,-0.524323300303232
-1.17332165771879,-1.3277846097918,-1.18603413244739,-3.10476273706688,-0.897541419589962,-1.08692183507793,-4.7747828668859,-3.51212826154871,-1.49433676585969,-3.95239672324601,-5.03144768558595,-0.118015446455046,-4.11318561314816,-2.35148462879142,-4.85035140038835,6.48088966632806,5.4559161972669,6.28401842073777,1.82991390336378,6.37814396716477,1.31272783565893,4.86060823659058,3.79590899454358,2.26317317373449,-4.27286587156029,3.32559067600275,3.59088395805028,5.43372824430696,2.39136192550155,2.47087838844256,0.2160005359369,-3.30719218520924,4.70863344555082,7.00056750029415,6.43340891968774,-1.9559332636794,2.64936797362736,-4.53042781305737,-2.7155164287749,-4.93841911947459,1.53685504975813,1.05272818280705,1.21705307853522,-4.95474858420048,1.04696079016501,-3.14001313267537,1.26565445919669,-0.221630802129271,-2.74414357780868,-2.6369442473372,-3.83559012683671,-2.88424194181727,-1.14457580837974,-3.76032866969295,-1.19652812645001,1.52133583711456,1.10030931194421,-4.18171265684186,-4.80889623563138,-5.29812085954079,-3.71784423124086,-3.73544496120536,-4.36412163555477,-3.92987263673542,-1.62659837257771,-3.48509357901814,0.294704467331235,4.77987012385887,4.89058436254132,1,0.687594144981346,4.91673203776824,3.56198838637782,-3.7156398663451,2.61350003072863,2.2338480500582,-1.81565605949833,4.05950767780165,-4.24715557182184,-4.25162672419717,4.91745198060087,3.21220544649936,1.59321740955034,3.32464656876627,4.90069713832682,4.11710863480809,0.721087869564548,2.43912174619542,3.61064684506862,-1.48363632813677,-1.93638392708538,-5.01516973250584,-3.25126230609016,0.0490084548211549,-1.02788067581361,-4.16930008206281,-1.73855306860859,1.18398333799768,-0.660461362103307,-1.48440440153388
0.21217305967897,-1.97701054534402,-0.803884045753086,0.0619593105710621,-0.461854954779537,-1.98685512759225,-2.42533930975666,-1.61822792690017,-0.830162916527806,0.952902031341989,-1.17488849113155,0.357470547830586,0.101730482402178,-2.23239438326507,-0.504969561806299,1.76463207626413,0.281022719566101,1.23289451709606,-1.46746591671005,0.996119944581253,-0.963294108590611,2.1767462426087,1.19420942918954,0.256534129441221,-0.821074123047662,0.397068676611137,-0.0497416599755944,0.642155333834717,-0.3440825554079,1.63219355644967,1.26690932781432,1.22044817864694,2.14711945522824,1.91246405448309,2.28718690384602,-0.512064433427546,0.417124536277309,-0.0709990794720818,1.31736218522004,-0.464682306400306,0.801538917295489,0.281766450751718,1.45184569663092,-0.977215362622093,-1.11549449982579,-0.293833926314352,1.19537803337343,0.192285721818667,-1.52699698808875,-0.822575052761693,0.197663505844946,-1.78533455025645,-0.303778580381501,-1.46544651092647,-1.97592436661323,-0.642378013191654,0.236150226340454,-1.44177226079536,0.402321960186761,-1.28689149097356,-0.516860453038867,-0.513428269462954,-1.0644384581858,-0.208427479597769,-0.945417525532118,0.141507777744723,-0.647446589430873,0.533777730492525,0.164560761009013,0.687594144981346,1,1.11977552149501,0.453716788667952,-0.92486461025696,-0.353083513746176,0.0775994007580272,-1.70516346767785,0.641891698235765,0.332882549355519,0.49185966028693,0.454567382285137,-0.443463543586971,-0.916261978496371,-0.425985245736467,-0.24008189744601,-0.156238504524176,-1.34612325923444,-1.00834547856911,-0.283084530576166,-1.09247597488192,-0.480824614120437,0.261413703748527,0.504653365783587,-0.285686552301725,-0.287327838655985,-0.938475071656009,-0.793542379604943,-0.38045304085154,-0.292303423807242,-1.05823505728742
-0.2137237042521,-0.433530159749131,-1.10546428751865,-2.73482673915699,-0.6865551322418,-0.68198416507288,-4.01307095891082,-2.5114493465383,-1.38965376512156,-3.45502377837599,-4.84677442146506,-0.438098373618617,-3.13394869972434,-1.88929450484539,-4.43634739031705,6.8001121924767,4.66122566673865,6.38902947275138,1.6905009618303,6.88828823861999,1.07149953283011,4.3147833238189,4.22744893232789,1.89179642150656,-4.56470520570442,2.69482363328277,3.05738156253558,3.91771984322031,2.49695830832679,1.52853264231698,-0.0445211807030502,-2.04603497229882,4.63575426921976,5.96342465660626,5.37836093706096,-1.37630716736621,1.29025474569162,-3.76103093246106,-2.34541362018224,-4.35400214539537,1.94546128783438,0.261597307109161,0.778610172306091,-4.69150510096439,0.460623110730767,-3.19308605366629,0.990341648882988,0.191474687193632,-2.67936129047134,-2.13392842480549,-2.66217939090854,-2.56998258264227,-0.939283743865722,-3.51370816637538,-1.75338841086635,1.96673738442865,1.93542961232997,-3.93042727761975,-4.20796208694995,-4.69864858596324,-3.74540498046068,-2.90380746660734,-4.36373045024932,-3.68178392386812,-1.76815146330515,-3.24324030100886,0.788448308732249,4.22555645084492,3.97506807764106,4.91673203776824,1.11977552149501,1,3.47094477864266,-3.0291432616965,1.97753773393713,1.37363929682181,-1.51571179635849,3.01660431178192,-4.10623965422024,-3.65739268259943,3.75797982234299,2.37769001028465,1.0558837175365,1.94349505164548,3.68999090406117,3.34789067374143,-0.554397841860197,1.22868230563506,3.39256521106442,-1.14680996392613,-1.61634464185508,-4.12195507542099,-2.95425160355672,-0.323372584990264,-1.37572635166499,-3.5719700062531,-2.01286568804044,1.50180979767479,-0.367228395731335,-1.09703871821945
-0.90345467286889,-1.68344753524242,-1.35888791079014,-2.01628996473817,-0.539842997329125,-1.64905588408814,-4.54489191951557,-3.00670258067163,-1.31971714928059,-1.9057012623753,-3.97982336137603,0.308076133553954,-2.581756246012,-3.10996252834381,-4.17008209119778,5.50092399648412,3.85265037286473,4.71798248871054,0.00660603759055389,5.04672205680686,0.500209481975707,4.78391193035221,3.08274582752683,2.19711711283032,-2.88141480250527,2.35147537289908,1.99036116863867,3.49491342087731,1.29617200527011,2.62457588880812,0.966072847369544,-1.04889687380462,5.08885902062101,6.0331120719579,5.68538139889541,-1.65434689857738,1.87319484161186,-2.76956054721245,-0.312129699310129,-3.22618254092648,1.69102249400375,0.783429619617391,1.75966190557148,-4.0084384267413,-0.380563741602746,-2.30255599156025,1.87412538734918,-0.0898860214032692,-2.7789581513599,-2.20062367927692,-2.73524156723741,-2.91873249725205,-0.908218872859726,-3.55163616598215,-1.94766821842057,1.2674461044463,0.825955001189978,-3.37668113784025,-2.93775812908725,-4.18323725494578,-3.05039877725781,-2.94906909013219,-3.67826857746352,-3.33570382462699,-1.83036432641981,-2.59689267977025,-0.274999511816542,3.00893764476213,3.2505471809882,3.56198838637782,0.453716788667952,3.47094477864266,1,-2.75824142408437,1.33375774586153,1.40576468425785,-1.6831856555499,2.76073733772124,-2.42471772206729,-1.61510891853133,3.83308239254535,1.62517959230053,0.495543296380955,2.00414443941366,2.76847125920906,2.52085575412173,-0.637990250633566,0.733321315090478,1.95779350897499,-1.30457700553981,-0.934317118051747,-2.60834062714948,-1.92451242595874,0.232802933198441,-0.335581662496803,-3.56487302494688,-1.23316919980963,0.139175255263276,-0.870416543927703,-1.60809711369005
-0.644563397729603,-1.37233101163938,-1.35438806396711,0.710368019971716,-2.04354962201812,-1.48793580144036,1.67789166123422,-0.168036511331308,-1.42852689091345,-0.233805452711248,1.51886472245078,-1.13424988884108,0.205785585793912,0.0384368733567986,1.21902331911818,-3.02396188331201,-1.66391769512688,-3.24552496872951,-0.877720879753233,-1.82260425554129,-0.104469121689811,-1.92534757882183,-1.74483420977868,0.524899296489788,0.776946793111826,-2.86757093460144,0.694999091741566,-0.45033425039495,-1.00400695444987,-0.561651789589119,0.129642193038183,0.593059437357351,-1.08582557347316,-1.83804095512071,-0.88454283321043,0.687199075186927,-0.286909786600956,2.6037394883857,2.15501176499909,1.86527568789676,1.08698030752883,0.906242215944603,1.38173825295202,3.37918115239998,1.39762066058144,3.83492746686554,1.69421979730139,1.3375989486774,1.81804554541005,1.6522560968904,0.0555947803701806,-0.296912033369325,-0.519894786032988,-0.189784518764078,-1.60079753090198,-2.51437789755738,-2.92043708480364,0.222346152917599,-0.349697016164762,0.370333864843285,-0.239936117922315,1.36850064369526,0.721887921304841,0.774044623288866,-0.498586024944647,1.18505282045794,-0.629012901411971,-2.97626721680559,-2.5341512989827,-3.7156398663451,-0.92486461025696,-3.0291432616965,-2.75824142408437,1,-2.1000979224427,-2.40851463369362,0.0713534910324828,-2.4919636709677,3.0145900357688,2.6185598199526,-1.57559315693136,-0.920664528618071,0.801908625273832,-0.555325654478138,-1.11326462570655,-1.21453036644707,-0.0763808688066632,-0.574486907952258,-2.68005987322804,1.93333995075216,1.91596260196676,1.62856104529154,0.654243516898133,1.45941328978136,1.70993198631286,2.21157837594997,2.98279594994241,-0.396292914910651,-0.123130063917895,-0.270324701188864
-0.384918416265891,-1.02355809097055,-1.19980038334492,-2.40878855206287,-1.87556950286019,-1.26919477810975,-2.97630762789899,-2.1518860172719,-1.60277563590906,-3.88971779317411,-4.25637016190283,-1.34335555561748,-2.89735973474611,-2.01660362855839,-3.47459430003085,5.15501524413707,3.28906545262214,4.61683791539431,0.734469096083866,5.87564999151179,0.447105491342289,3.01014855343261,3.01863038735158,2.42650893095756,-4.51294917960342,0.812101283657579,3.08705912265623,3.28864967984493,1.87204511440517,1.07546565021646,0.359518745229148,-1.41582486838731,4.43303736680619,4.98307468551295,5.20325664950382,-1.19844066660525,1.02843306650336,-2.23892118094286,-0.747317772792269,-3.11302038490378,2.80569386585852,1.37354796706521,1.96038062362689,-2.73867430447058,0.746120210865997,-0.812057917014103,2.31080804911862,0.917858823803001,-1.58782020201734,-1.10799400195671,-2.18754416799976,-2.24723527685513,-1.37131333600808,-3.58119427251935,-2.42946011238686,0.9280964225495,0.817658917727181,-3.23258701190103,-4.70968151521822,-4.85121527794082,-4.34562880950143,-2.2028346884305,-3.9637809737285,-3.48954825230712,-2.48466554070228,-2.66262933709095,0.471629278440966,2.16171378994428,2.27783882751522,2.61350003072863,-0.353083513746176,1.97753773393713,1.33375774586153,-2.1000979224427,1,-0.28068794312958,-1.90694531350077,1.21820608795728,-1.92855805655146,-1.79913272873635,2.6114997127808,1.89216618700587,1.46052373552343,1.80086769366664,2.50431210578959,3.02048434511471,-0.939549960358509,0.744405540336639,1.85768616582053,0.223656610393333,-0.246371051301639,-2.94435428800245,-2.61976532801395,1.01790972678634,0.0181204691485259,-2.19717972709006,0.127943170794237,1.11725171002497,-0.19139727220639,-1.08174865072416
-0.176191661692184,-0.835421122795122,-1.39303805771038,-2.88750728309482,-2.03924290063366,-1.09407427498932,-2.76844906214871,-2.12058546316575,-2.11574897128825,-4.54759704528303,-4.37796042816582,-1.85120896373505,-3.14978578520735,-2.06734963392735,-3.76233580590666,5.37347551955864,3.40767254030139,4.72826014916497,0.938408111373827,6.12580814202929,1.02526853911575,3.00158878330073,3.44872774904764,2.06151561155681,-4.78675840960499,0.114191558504215,3.59589296286315,3.60919165871594,1.7825306716812,1.14404079299657,0.17064878289202,-1.52181223038479,4.31530793076141,4.96771606505054,5.29329618966647,-0.735230478914541,0.542491515535757,-1.94972863736247,-0.813647802578739,-3.0190163350498,3.33045857031407,1.53728392990485,1.75549989721205,-2.5679136531573,1.10989359527299,-0.377608472513544,2.42086897902839,1.69574855675805,-1.5373303600082,-0.918216420347995,-2.51757594535291,-2.51434110739667,-1.7574390866909,-3.89501348258175,-2.73919143752193,1.00222411146026,0.507712289655963,-3.64954331292203,-5.33258079146524,-4.9408232270126,-4.86428151484962,-2.05855041836385,-4.20849975403232,-3.4899245896686,-2.82476905749768,-2.63700890170113,0.669534077820269,1.83995040793415,1.88148867410852,2.2338480500582,0.0775994007580272,1.37363929682181,1.40576468425785,-2.40851463369362,-0.28068794312958,1,-1.410718734694,1.03390343589331,-1.80583846982047,-1.65144155457211,2.35531338022656,1.77201869320779,1.7708064049852,1.58605576870775,2.60143260461249,2.92178935569518,-1.28204695278607,0.82824631582646,1.47966439363941,0.502784933378158,-0.150328712234754,-3.05905691159409,-3.26295225110435,1.10711990596697,-0.0434515525307095,-2.03774137603792,0.492642508105957,1.56396162822632,-0.41736088122886,-1.28152994610295
0.200511215127248,0.77462203379099,1.08238205364789,-0.538354668698604,0.0774236103200849,0.717542955743779,0.265287396938549,0.907707503927998,0.337832637371261,-1.2884618889345,-0.156942812168246,-1.15069356827604,-0.0292884431859286,0.012148192951647,0.453630990599199,-0.764984582352593,-0.927734529657312,-0.975029808775769,-0.713665244474466,-0.995292508393532,-0.352143422753245,-0.925505349777125,-0.884053512263293,-0.604536572106141,-0.700855592545087,-1.73690243488888,-0.0911591141568809,0.0950465422840535,-0.814072479988633,0.0425548064186157,0.524846471304923,0.471321932826213,0.402759697790854,-0.132094066248726,0.574841590791753,-0.138928262667137,-0.277251503585005,1.17628874245243,0.935305724157179,0.423946864695717,1.10441756173529,1.86666999172115,0.751115501507521,1.21043907803589,-0.201934121706576,1.80058225424048,1.0947402586822,0.950272629390296,0.715668740610412,0.820423916893942,-0.511789762421884,0.637398053733907,-0.647386560974922,0.333386888346077,0.419130661057515,0.211593839505089,0.111107747120188,0.819064043124842,-1.32170421497353,-0.582639416225762,-1.03876435620697,0.35880719195481,0.361846074656868,-0.202028858639327,-1.19211214697492,0.191934432886445,-0.336009780548053,-1.44117422827954,-1.04968810415211,-1.81565605949833,-1.70516346767785,-1.51571179635849,-1.6831856555499,0.0713534910324828,-1.90694531350077,-1.410718734694,1,-0.983670395290444,1.47341834979512,1.03583190227795,-0.618260374029148,0.384851039046194,0.491535312180076,0.502294380763019,-0.843650319632014,0.88997878450181,-0.558012536804332,0.099207925332805,-1.20269079412491,1.23239939674331,0.87363638657845,0.551967242966242,-0.853302708460372,1.56948228372321,1.00117891919522,0.94162336900077,2.09668879544415,-0.119340649501631,0.0388107988770315,0.0855509328398795
0.18085796094203,0.534448782598418,-0.00630391571261857,-2.58495386502082,0.181565085728291,0.372585925938671,-3.26646885230951,-1.35669842533728,-0.565046886135252,-3.07995136287374,-4.18701795785437,-0.501788487969558,-2.39407907685346,-1.43438436292638,-3.68326335724977,5.86652233120399,3.65873514702803,5.43297480048282,1.28011519403302,5.46647471794652,0.875664041642402,3.50759830209313,3.52829765435539,0.998786338434607,-3.89314958915673,2.09064105141611,2.12075186159252,3.02288976087254,1.93456579904681,1.29721848083527,0.0953780492787507,-1.46643892179603,3.98390686397664,4.91035657041332,4.45090860926858,-1.14609739562774,0.701542061833606,-3.10576077706838,-2.05168627262644,-3.55999611638293,1.62126242778008,0.55677326623201,0.325905978976946,-4.09738219429802,-0.0491081753423349,-2.8572448242306,0.609536069107728,0.264766968862165,-2.35141354458841,-1.76469484379169,-2.23233383895502,-1.62861781409925,-0.878519196134837,-2.50190072539449,-0.692782466256206,2.46149083854112,2.32936630462627,-2.74090403181325,-3.6209571935682,-3.73961867212857,-3.26226128596316,-2.37583222210668,-3.44119561979249,-3.08824874737428,-1.71451511220753,-2.74694150515354,0.737799289838218,3.36851531635212,3.19444250505439,4.05950767780165,0.641891698235765,3.01660431178192,2.76073733772124,-2.4919636709677,1.21820608795728,1.03390343589331,-0.983670395290444,1,-3.40365511376935,-3.0080433889241,2.95407269943871,2.04353986374562,0.807684497883724,1.61989126479636,2.6899910366694,3.01988817717398,-0.835561598984683,1.02656893705791,2.76204827224632,-0.920921723047104,-1.39153575025352,-3.30861775858199,-2.91208056082962,-0.0971997078390485,-1.20641249443617,-2.98673911115015,-1.5854470999396,1.325422625731,-0.342213734819406,-0.717353469376169
1.0844807937566,0.887958369423455,0.365510816159033,3.10838807534569,0.606114917236252,0.385850286392002,4.12912783348141,2.66834393193837,0.627921535700827,3.92364308201503,4.70808109186483,0.278682815237196,3.74654717066829,2.32711831845679,4.40536244694658,-5.79841029986827,-4.64977821858426,-5.58940367189356,-1.24524883291566,-5.57824308055638,-1.00121841936465,-4.32207390837261,-3.14257734916381,-2.28159692522708,3.81413423973208,-2.7636573713663,-2.86971777894294,-4.62198276951538,-1.95174397342571,-2.31637315840099,-0.365067103356769,2.94814290042783,-4.53020659563413,-6.4413972194285,-6.07084055613463,1.86187088807485,-2.29289980122508,4.12480047983597,2.10786390402968,4.14390782635206,-1.47508491923045,-1.5779389060872,-1.28141736450087,4.57531567978552,-0.48406577038302,2.68765774934115,-1.45614870643094,0.229344619590143,2.43888544909745,2.38178641525285,3.39540700145567,2.02562713606064,1.26189980395096,3.3716355225747,0.412796447684436,-2.09940824870841,-1.27868755008546,3.07818517529109,4.66150931053448,4.92377788541818,3.82021590654365,3.62710859093107,3.88114193529801,3.93040933346515,1.80997777533545,3.34288163342957,-0.335856254957181,-3.84001541800402,-4.20971761652428,-4.24715557182184,0.332882549355519,-4.10623965422024,-2.42471772206729,3.0145900357688,-1.92855805655146,-1.80583846982047,1.47341834979512,-3.40365511376935,1,3.26358713456804,-4.36852152765899,-2.87025602826632,-1.51865437262353,-3.38068363708373,-4.03539411200792,-4.00212321275475,-0.503057407521517,-2.32525877625926,-3.14852381096085,1.083735459875,1.36379812003885,4.25643071203222,3.19207403539473,-0.63411760497375,0.343364433244676,3.84492459520786,1.0042100081102,-0.818486312440637,0.588197019837851,1.28430786555114
1.11267367212431,0.506172307635932,0.583310930856461,2.91346438108214,0.343454192532858,0.308569653713037,3.95285672901296,2.3448830470038,0.573826175596915,3.64684650742362,4.61527507350496,0.116280902428401,3.56354990660146,2.57635900372773,5.04487221536936,-6.20025672889854,-4.68468256706986,-5.64963297470759,-0.919884621759447,-6.15472662186368,-1.1394110165215,-4.56435010768733,-3.21602956811553,-2.91854043043248,3.43942942033178,-2.67951397746884,-2.44903617908378,-3.90148162681101,-2.03642993072625,-2.1008246995655,-0.488581519148193,2.29956532015494,-5.23441928393699,-6.59777359861012,-5.98847633005516,1.81000949672039,-1.97771229490326,3.80768214036911,1.37520460185289,3.73768924544242,-1.73256791805289,-1.22491302098259,-1.30393659297783,4.7671612803145,-0.00307435466631545,2.89153800143913,-1.62004306111404,0.288726793552845,2.52837864047521,2.31990415378567,3.29457607008499,2.05430342070349,1.11859372442957,3.68315042455811,0.798405535061924,-2.69357829415325,-1.36430301800758,2.94973452178067,4.53007174297917,4.83836966635125,4.08734692270819,3.73818844458654,4.17253476492808,4.46795314267068,2.0335425384548,3.70890753738853,-0.336789456819069,-3.36446808589536,-4.02333523272808,-4.25162672419717,0.49185966028693,-3.65739268259943,-1.61510891853133,2.6185598199526,-1.79913272873635,-1.65144155457211,1.03583190227795,-3.0080433889241,3.26358713456804,1,-4.5319665422991,-2.47689490205079,-1.37946624339991,-3.08281120378048,-3.57052213144206,-3.705312580349,-0.0303113071126095,-1.76037736538514,-3.00527003774783,0.773094768774944,0.795163428119454,3.6363717228154,3.06991671392152,-0.783479577867659,-0.0243631946354406,4.05947196882564,0.830989486212267,-0.481353581217931,0.747854334038728,1.20534309599819
0.626249057006206,2.00413610799012,1.48727091904533,-1.93071793389584,1.31416515152734,1.94152346780794,-1.84244721221556,0.0135177429755453,1.13144297299067,-2.47204563897709,-3.14330778255919,0.0913262849957699,-1.76550153952809,0.398039020486543,-2.24900018052607,4.72722749090619,3.09618941750277,5.21002537946861,2.29471707459011,4.27332647154591,0.616539386862926,1.93164552549884,2.69318914011224,0.187573448143078,-3.06480447700182,3.13650611046995,0.944921991792443,1.92874737292836,2.28206609400799,-0.015641417775581,-0.62796595816388,-2.14586605685798,1.81386041334795,3.14938519105645,2.18179537451159,-1.07800102046558,0.600169252999597,-3.91968205252224,-3.78785480835595,-3.45650279211198,-0.194823482813322,-0.290520004439285,-1.32882918900619,-4.23840585483534,-0.328620141331048,-4.23446553649805,-1.52028862389441,-1.0290936735821,-1.7420421658908,-1.75000948861847,-0.9115433796568,0.276867299132974,0.0434565266820136,-0.62118092635677,1.49775167494504,3.16008398422388,3.58468770338777,-1.08212201641432,-2.36576679695649,-2.29736482774888,-1.57187848755419,-2.14348626518599,-2.06980832347267,-2.12418525152987,-0.197835911337725,-2.45900961292381,1.31087080178728,4.12886871308908,3.71844042025611,4.91745198060087,0.454567382285137,3.75797982234299,3.83308239254535,-1.57559315693136,2.6114997127808,2.35531338022656,-0.618260374029148,2.95407269943871,-4.36852152765899,-4.5319665422991,1,2.43011884942453,0.43558983866459,1.68226301485374,2.64530968561092,3.14079403651745,0.507097493410915,1.66627048678323,4.15583953326592,-1.35589741905747,-2.22333721443856,-3.65233345224271,-2.25894655958878,-1.00500504217842,-1.9096062448348,-2.64864815308147,-2.73700757845066,1.47880693208212,0.481267573997844,0.478479466845655
-0.348339803475405,1.38824874420855,1.04060424108008,-1.74257996243351,0.925665979175539,1.69809974034011,-1.08969256005121,-0.000158233676658459,1.04608968478441,-2.18830688408056,-2.2391943364046,0.19719221290742,-1.8105862508879,-0.0806506214969051,-2.47462798463036,3.23043205561305,2.61715603620837,3.39070211848896,1.505651218834,3.07792398209605,0.947500880341848,1.68945093338704,1.54919489698235,1.11739764723955,-1.4725848837015,2.28546504198667,0.781445492538935,1.55204374200336,1.65318879877474,0.292508501240749,-0.399929913282382,-2.03609921796651,1.68597639855096,2.75246104238402,1.9499236020552,-0.905750667422281,0.758131511843536,-3.009823275555,-2.32063403553946,-2.1759709206272,-0.228536917470452,0.180693344316056,-0.737085625045404,-3.21711487168668,0.0111131880645058,-2.87717509966632,-0.661707535858631,-0.929741851330141,-1.17614761353879,-1.41531534407269,-1.40278801246695,0.343359667126904,-0.186542266969709,-0.819658684066995,1.601391580739,2.80296766032911,1.833630131517,-0.438846214148127,-2.22088768213977,-1.73518207902958,-1.61001090964748,-2.12844967916855,-1.66447348678693,-2.28527545283778,-0.275149826698041,-2.31977576736205,0.812942311469292,2.45336274993574,2.80137716561537,3.21220544649936,-0.443463543586971,2.37769001028465,1.62517959230053,-0.920664528618071,1.89216618700587,1.77201869320779,0.384851039046194,2.04353986374562,-2.87025602826632,-2.47689490205079,2.43011884942453,1,0.862383135377442,1.93181398167158,2.15995591679386,2.32194916109145,0.764859798198325,1.65212170006621,2.76815290033174,-0.627605637884752,-0.948818919567916,-2.52353040070844,-1.9879439993668,-0.0155558203921586,-0.465619695832953,-2.35304172055832,-1.19628396527103,0.605343624138008,-0.0974051171125681,0.185270340794866
0.537670502040032,2.84532383272647,2.32165674017184,0.374557978326033,2.51009475979296,2.57817133266168,0.709714616699928,2.08376478972763,2.50179814196645,0.496997848462995,0.42159845301747,0.885895112439648,0.684919389380346,1.65552435338708,0.340764873849102,0.0446715691418864,-0.108109459438298,0.551448028549783,0.704640947152806,-0.513250217266718,-0.300903350187675,-0.858957697831314,-0.710617330501844,-0.651520860595677,0.591852138613615,1.59464293498543,-1.94881134238429,-1.37329148153323,0.418850112526816,-1.15654576885874,-0.381667310936499,-0.142246359444785,-0.573854745978237,-0.660009666289796,-1.581159298703,-0.53248479457013,-0.00608342840753606,-1.08372978759616,-1.46777499149399,-0.326330757437163,-1.56428233421245,-0.677506210965901,-1.73487524959171,-1.13799598478706,-1.43390417893966,-2.36669942443069,-2.06589975770141,-1.6652403167682,0.115802151000404,-0.244648413074047,0.656324512386367,2.25034139149782,1.07880325862753,2.00124132601935,2.86009297663601,2.35207923305689,2.61886360835447,2.07847288310457,0.957482175655194,1.05443977379648,1.21477719644636,-0.320113256119975,1.03270577204738,-0.127663506442236,1.01219316502188,-0.576554774503624,0.470215749801879,1.04961115136162,1.22752663234351,1.59321740955034,-0.916261978496371,1.0558837175365,0.495543296380955,0.801908625273832,1.46052373552343,1.7708064049852,0.491535312180076,0.807684497883724,-1.51865437262353,-1.37946624339991,0.43558983866459,0.862383135377442,1,0.537471769723928,-0.262306326915906,1.00199094633285,0.861163970422647,0.452325995483951,1.79907698167079,-0.357323450405864,-0.631962255163817,-0.25039630299818,0.135950298981069,-0.54953683795562,-0.573292166057501,-0.437709670357162,-1.20595858411162,-0.256031684921427,0.679925521567771,1.45565817943063
0.491977772967103,3.18636161079752,1.85038920698829,-1.4566132427351,1.81367179662048,2.91803830922302,-0.345742102631615,1.34970734023674,1.64353430883433,-2.08953484252445,-1.9167813809195,-0.0290172404458521,-0.9742022663704,1.38843859887428,-1.72573310874326,2.98279045703308,2.01734303504097,3.27944712929974,2.079567107032,2.81460590162904,0.783859472784602,0.532669737098454,1.36601196029995,0.00898353819056186,-1.91086134613809,2.10557660645145,0.20822818477433,0.553074476450566,1.78159147603193,-0.851739342773941,-0.929393404774862,-1.49281128963209,1.05663604146858,1.57327751788732,0.580013286223549,-0.731743367905615,-0.0281172354311452,-2.57851262389759,-2.95847780051512,-2.28122860366836,-0.309336513961669,-0.343591955610208,-1.64521054017132,-2.84758174424889,-0.340486930130947,-3.18720078660991,-1.51328123640853,-0.897942656983478,-0.693805485258712,-0.820778300094269,-0.900800835629068,1.30217143309675,0.275798049432619,0.438194810720069,2.28108238650709,3.38661349940278,3.17574492613185,0.262748042724525,-1.84457778614561,-1.00308749982954,-1.09795646707949,-1.27696178102246,-1.03709779591356,-1.88420971789799,0.0508147815648647,-2.1286480139914,1.21648283798595,2.58719164537309,2.63217757156255,3.32464656876627,-0.425985245736467,1.94349505164548,2.00414443941366,-0.555325654478138,1.80086769366664,1.58605576870775,0.502294380763019,1.61989126479636,-3.38068363708373,-3.08281120378048,1.68226301485374,1.93181398167158,0.537471769723928,1,1.53156863064566,2.51209332046598,0.422466483595684,1.28257974449536,3.06822555950651,-0.274301212603776,-1.05537379119666,-2.32482626000244,-2.02874305731356,-0.33636952893867,-1.10998685185423,-1.5994904981825,-1.51943139805825,1.01873323090552,0.436850317145606,1.02779540629037
0.627836315497339,2.41916020345445,1.87690921204338,-1.35697325073822,2.1788173539094,2.08310445971574,-2.26972735865495,0.50683731022785,1.83635205100341,-1.35136797038418,-2.99559273270769,0.655516917447615,-0.982187162099896,0.117231797545886,-2.33110569769514,4.75132428557094,2.62979375946584,4.84873138106633,1.35379144945268,3.93170686706147,-0.082301967261694,2.23143996603304,2.19673542466083,0.4307975568385,-2.56383837478377,3.42855430461228,-0.245338108458204,0.911545871154432,1.95850245968921,0.0713523417095598,-0.0972360103615844,-0.94635993150128,2.81972713841895,3.31065943661091,2.18630309429349,-1.56168843437312,0.675328144260108,-3.48816964893406,-2.70136581410189,-3.13929960663976,-0.277148807257565,-0.401355540202886,-0.965186300954382,-4.36620710497882,-1.54519249602687,-4.55157224214713,-1.23961468938002,-1.59027450769912,-1.97667433940762,-1.76194151170937,-0.717859371038862,0.554816112092491,0.442758559416722,-0.26089119325684,1.68817206660314,3.71446196705196,4.29133711449383,-0.369232685309966,-1.44494990505038,-2.02044259968127,-1.23549420204325,-2.11989931759791,-1.82182867612733,-2.43091842222393,-0.331675265010497,-2.54195928429889,0.899917293568749,3.80639715608311,3.67727652690115,4.90069713832682,-0.24008189744601,3.68999090406117,2.76847125920906,-1.11326462570655,2.50431210578959,2.60143260461249,-0.843650319632014,2.6899910366694,-4.03539411200792,-3.57052213144206,2.64530968561092,2.15995591679386,-0.262306326915906,1.53156863064566,1,3.03008264667965,-0.0455371484901843,0.845789321473964,3.89416398233345,-1.37030534454792,-1.77411207001177,-2.62731069239461,-1.61651598693594,-0.780959528095187,-1.5607983664709,-2.81590093519266,-2.75618058601325,0.627971120238699,0.475652252555064,0.666931930944645
-0.651580071565543,1.92889652189738,1.46367244473706,-1.89827898567376,1.70039228788577,2.48424895509398,-1.21706631514598,0.0347241879539552,1.54657306814088,-2.0890225791239,-2.19376384459792,0.754383267756046,-2.02157958446903,0.551099464483427,-2.69624598007255,3.20417979948949,3.26780890208692,3.61098590909453,2.29620895880063,2.77624935365141,1.35155378270735,1.83849275098307,1.46390160184501,0.806807741466598,-1.05311000993881,3.44129544585808,0.834163714661578,2.04418200218036,2.00101477021973,0.397403553404577,-0.778258773463875,-2.9699745409938,1.14631373462869,2.8670097605315,1.63646766499387,-1.16842863392706,1.31833915429208,-3.9521949483224,-3.56485925086856,-2.83653680010868,-1.21321769736385,-0.172338262567021,-1.48305639545555,-3.84756649975789,0.403804927512469,-3.90354594730636,-1.54503270144233,-1.63892680079371,-1.29290435941309,-1.82474091861862,-2.01279456508366,0.721149785302146,0.121561032781335,-0.167026833918823,2.92387983921861,3.21855431356462,2.10504402263434,-0.229802257311051,-1.97748576227164,-1.27244368341143,-0.907685055295606,-2.43583891467553,-1.33970877708674,-2.23797387407671,0.477266607670109,-2.58175027687822,0.890984064491026,3.49906321917676,3.86811281732828,4.11710863480809,-0.156238504524176,3.34789067374143,2.52085575412173,-1.21453036644707,3.02048434511471,2.92178935569518,0.88997878450181,3.01988817717398,-4.00212321275475,-3.705312580349,3.14079403651745,2.32194916109145,1.00199094633285,2.51209332046598,3.03008264667965,1,1.74522750761715,2.45207450988223,3.57095256043041,-1.19528049588076,-1.61410843306097,-3.32081326029833,-2.20799187186507,-0.460213057467419,-0.990137168657824,-2.84295674003199,-2.01985536137533,0.696989485782282,-0.151621353141023,0.414854615975965
0.462481024592465,1.34519036217024,0.44770317132227,-1.3169915086499,-0.407610915590541,0.747334297334185,-0.415405819106955,0.732767201119843,0.00657319982559368,-2.59889624178227,-2.30709989506899,-1.46890371148631,-0.866722181870706,-0.31902196478632,-1.70878871256424,2.79869742442612,0.840937454398567,2.17068570556754,0.137476988726335,3.42029905559726,-0.0688461563754446,0.505663328715971,1.26941876655607,1.28401605924815,-2.88859422336703,-0.575703087061965,0.989661314384329,0.218389449732185,1.13178451892396,-0.64044799617434,0.140240974198968,0.300634859480772,2.76709858772998,1.79841270643914,2.02010731740827,-0.508222094937412,-0.643081144854359,-0.352590666914619,0.137899147441918,-1.03364335908426,2.15045905139104,0.958192502132192,0.889103099516593,-0.929699268139451,-0.135590220824776,-0.00621778304458731,1.37004596150148,0.827181950855804,-0.315746674395183,0.213214517130844,-0.598454016718989,-0.0209545717455396,-0.722893140450793,-1.30459187450747,-0.835341513576237,1.72870418500524,1.54586643845416,-0.52994322744797,-2.96535011866083,-2.37148841345328,-3.06059740449802,-0.557163395010356,-2.01128904354956,-2.33786660481764,-2.01834510096211,-1.69532823103866,0.623190310746184,-0.0172852317767835,0.291723990086752,0.721087869564548,-1.34612325923444,-0.554397841860197,-0.637990250633566,-0.0763808688066632,-0.939549960358509,-1.28204695278607,-0.558012536804332,-0.835561598984683,-0.503057407521517,-0.0303113071126095,0.507097493410915,0.764859798198325,0.861163970422647,0.422466483595684,-0.0455371484901843,1.74522750761715,1,-0.418816089216341,0.622272794520742,1.30933975292147,0.842319954507841,-0.661792457280511,-1.76954714103257,1.31107585749201,0.498195575929963,-0.420000421245357,1.02905626749918,0.671148240921275,0.199605661116294,0.183355167718078
0.392274699438914,2.76661990463413,1.67368916316443,-1.44771951148854,1.64582607738846,2.36537254247692,-0.926852253266006,1.19017005655458,1.33343688299328,-2.00548371707114,-2.15684894085406,-0.260905444888127,-0.82201931191727,0.507340482729295,-2.0257882630383,3.07665218454374,1.67699970865851,2.83995535181373,1.0110089638501,2.72482656173626,0.384860673491034,0.975872793644937,1.18861884398911,0.315984797757605,-2.05970641027353,1.37016589113519,0.095229701277147,0.506347154187608,1.29316934453815,-0.312321308969068,-0.202704265671542,-0.570843624196088,2.26403026847116,2.14271765344209,1.50857062731831,-0.960445572216387,0.0169192164758345,-1.75329516546489,-1.52878333681961,-1.93965747056522,0.538419069230182,0.370864259358952,-0.604764678271835,-2.40593295709319,-0.74822515005428,-2.2497771080868,-0.331887495293231,-0.43830853419964,-0.813093506720848,-0.615951351124794,-1.23520179689546,0.828000205960493,-0.0417676558786841,-0.0360661831634553,1.51755669160429,3.16502994999487,2.88117311103976,0.157917495898549,-2.09734941108655,-1.5047627523938,-1.72804494319074,-1.20361891744608,-1.29826527624116,-2.24705807308154,-0.844046648374783,-2.09107146546011,0.703804853343838,1.70591730467753,2.02548259465286,2.43912174619542,-1.00834547856911,1.22868230563506,0.733321315090478,-0.574486907952258,0.744405540336639,0.82824631582646,0.099207925332805,1.02656893705791,-2.32525877625926,-1.76037736538514,1.66627048678323,1.65212170006621,0.452325995483951,1.28257974449536,0.845789321473964,2.45207450988223,-0.418816089216341,1,2.04590021436704,0.143538649271786,-0.353247560443564,-1.54959361801396,-2.01773657892197,0.435913593276144,-0.437369343130249,-1.47450622099865,-0.587710169246831,0.542428023969126,0.162588013414193,0.666482396926703
-1.32985035464003,-0.757092690041367,-0.826632600790984,-2.68158166508566,-0.862740250245038,-0.547734936233585,-3.51723440883221,-2.5249701987322,-1.06717842001629,-3.74778798514964,-4.18671363502428,-0.344741389114794,-3.52329641582436,-1.74221195810932,-4.25964884190881,5.04107361551575,4.44276230152974,4.68948005180571,1.4583911804645,5.27380166523905,1.13237863512229,3.67162312097925,2.65387121743692,2.45302240964539,-3.50369616136391,2.43637852178749,3.13097363074848,4.34019026300793,2.12969625038964,1.76193389941017,0.1938633391225,-2.80538063071936,4.17827710329236,5.73934728403789,5.36174605955748,-1.79803272785711,2.25810469973273,-3.53320001084042,-1.94112087563897,-3.9236697202119,1.4791142308102,1.24309429621249,1.32896535734956,-3.69379441677561,1.23789048631109,-2.05305942121284,1.50677502323336,-0.164170680026764,-1.8810359215638,-1.88015691845135,-3.56406708543548,-2.04332474540801,-1.06058487735111,-3.04134579003316,-0.701972644588014,1.43129397456626,0.633854505804314,-3.02958463214784,-4.53871475851035,-4.47924808496183,-3.528918500456,-3.04522338168073,-3.63685687084358,-3.73066934014089,-1.61131360099876,-3.18840436636143,0.18364408178857,3.37916968016061,3.87678645659847,3.61064684506862,-0.283084530576166,3.39256521106442,1.95779350897499,-2.68005987322804,1.85768616582053,1.47966439363941,-1.20269079412491,2.76204827224632,-3.14852381096085,-3.00527003774783,4.15583953326592,2.76815290033174,1.79907698167079,3.06822555950651,3.89416398233345,3.57095256043041,0.622272794520742,2.04590021436704,1,-0.552349569906867,-0.927520280538283,-3.95146678994491,-2.95638494092466,0.772717795082233,-0.214389968686321,-3.22280978874914,-0.585669473012313,0.819089431810601,-0.60510210596236,-1.04848382622729
-0.154433737092875,1.11705098839721,1.55587817575245,1.34561027353443,1.13333354983416,1.54426592448875,2.5026090060466,1.91048702123035,1.91704344541921,1.69092371709894,2.51009203094246,0.742991929137591,1.45525570168312,1.77947627320293,2.24160945432947,-3.54012365524542,-2.0066179132448,-2.95540535370472,-0.14937264272365,-3.62610808590713,-0.482353686100554,-2.50261471559704,-2.53473775860501,-0.732929886730881,2.74852227168352,-0.148718975169024,-1.94782247690132,-2.16440180466095,-0.673346763915327,-1.2312818815927,-0.337678854290174,0.115170800956053,-2.91321951250321,-3.19564169597408,-3.33483399761003,0.310832147410787,-0.250363329665971,0.739916361973623,-0.0433501101901919,1.82836874156285,-2.16147054663055,-0.418151670973765,-1.17277277086841,1.63870783255472,-0.150432185762693,0.378727544565815,-1.51937416082797,-1.20474921420568,1.41170998937293,0.708935253783776,1.39628967390897,2.39634262339012,0.896886999785385,2.59706283728373,2.65238809090757,-0.0503686724734983,-0.263664929220356,2.9443968257579,2.30995906861511,2.80975018035998,2.42458623251304,1.01757504294156,2.58499309049933,1.66628866454704,1.64339170794379,1.15669750656613,-0.108768326824225,-1.34725192561859,-1.02356340140785,-1.48363632813677,-1.09247597488192,-1.14680996392613,-1.30457700553981,1.93333995075216,0.223656610393333,0.502784933378158,1.23239939674331,-0.920921723047104,1.083735459875,0.773094768774944,-1.35589741905747,-0.627605637884752,-0.357323450405864,-0.274301212603776,-1.37030534454792,-1.19528049588076,1.30933975292147,0.143538649271786,-0.552349569906867,1,0.410402838423103,1.45172156318478,1.42562096719749,-0.0352376601666757,0.538536419398674,1.35622768016473,0.380591683434249,-0.795391861712889,0.422353667655056,1.17568349847343
0.376500015807572,0.971519923215471,1.12517106164839,1.66264577779839,0.691611034609646,1.07462536802068,2.75515670133143,1.89606936560826,1.34432312467452,1.91542200402538,2.81038456491656,0.394008996232195,1.90316697402421,2.10546215434228,2.99045506642856,-3.88370664332345,-2.55014490918418,-3.21906380448712,-0.0874914655859426,-3.7947866120567,-0.646471931834748,-3.0454796351469,-2.37898869309208,-1.39213342311231,2.3568237654971,-0.82459800413709,-1.82211533687606,-2.45563546477376,-0.874494993761454,-1.60352574239733,-0.538441020073746,0.622880623593965,-3.44998833598993,-3.96749047955636,-3.89804835404202,0.748189303348418,-0.794005527766487,1.45907727790494,0.0793278492815701,2.01664778343811,-1.78397400610712,-0.715278105859896,-1.22888971338182,2.34904777762909,-0.0898110508603815,0.954296654938118,-1.54610472090897,-0.638471396742515,1.68514290676261,1.15610472651552,1.95571205128328,2.14727870254171,0.930337605307493,2.72172366513139,1.81360187982781,-0.809651485627119,-0.31050120203208,2.58806311541873,2.62065926455694,3.02899353197722,2.66054359625934,1.76130670685356,2.77128326298121,2.3407083727252,1.69460092154746,1.76400046442543,0.0022828899765559,-1.56316943578717,-1.68594010524617,-1.93638392708538,-0.480824614120437,-1.61634464185508,-0.934317118051747,1.91596260196676,-0.246371051301639,-0.150328712234754,0.87363638657845,-1.39153575025352,1.36379812003885,0.795163428119454,-2.22333721443856,-0.948818919567916,-0.631962255163817,-1.05537379119666,-1.77411207001177,-1.61410843306097,0.842319954507841,-0.353247560443564,-0.927520280538283,0.410402838423103,1,1.73733124766832,1.73172773925511,-0.374079573260757,0.147869257673103,2.08932537938231,0.322844084177782,-0.445550239584249,0.667359223440845,1.18757239131076
0.183860002998915,-1.89384960336961,-1.34626870934173,1.70293300770642,-2.00940711831957,-1.77239139075627,2.7232619335931,0.258101318564129,-1.44287450414747,1.74312509687885,3.13999418086006,-0.89007930733432,1.79243332536932,0.333623521495916,3.22926047086941,-4.86630311278595,-3.4952158826078,-4.89735512310813,-1.55388518300909,-4.12051513053604,-0.539916548253665,-2.88460596712832,-2.17182843533746,-1.02859738233948,2.17641342801494,-3.80584853328613,-0.311329310164193,-1.89185996471403,-2.01960173518514,-0.705693445429999,0.051425581409189,1.72413171905217,-3.15621894203574,-4.21374687933057,-2.92578153254197,1.79503789255405,-1.41502394895034,3.90373552973773,2.75659950395578,3.46000008979292,0.350032970111718,0.156890327978824,0.753755075063425,4.70855641876247,1.00596331294065,4.59122217269563,0.951737227851657,1.72881787388588,2.10147521807998,2.10726388735383,1.8055213256628,-0.0433592244676586,-0.276996172962666,0.823461744475735,-1.70802626045008,-3.62929543636011,-3.41535395829115,0.841982471517494,1.99947078484159,2.40404733286696,1.46995234933856,2.78678071829766,2.14616197044971,2.95154988381907,0.310055574696891,2.97145486341934,-0.614217814540006,-4.05125721900685,-4.29684733793619,-5.01516973250584,0.261413703748527,-4.12195507542099,-2.60834062714948,1.62856104529154,-2.94435428800245,-3.05905691159409,0.551967242966242,-3.30861775858199,4.25643071203222,3.6363717228154,-3.65233345224271,-2.52353040070844,-0.25039630299818,-2.32482626000244,-2.62731069239461,-3.32081326029833,-0.661792457280511,-1.54959361801396,-3.95146678994491,1.45172156318478,1.73733124766832,1,1.99047810551109,0.525419101999475,1.22198140458456,3.42937443962397,2.50635225690709,-0.398094983724068,-0.0268308447661991,-0.283369195355906
0.0623305592631952,-2.92952301921191,-2.71894512599607,0.884827806934619,-3.27575432487282,-3.26357756891932,0.753206633311865,-1.23570982320869,-2.69678261097889,0.411711503210685,0.709451388969158,-1.3947422912727,0.579936838451425,-1.18674637770648,1.13991347370079,-1.49781473548167,-1.72879487678194,-2.10711939688648,-1.52400850805565,-0.144273795109537,-0.644986997751995,-0.788238722901847,-0.144533965027778,0.821370710404728,-0.342692027657553,-3.15505408267856,1.24433223741104,-0.625481138340743,-0.798485235049642,-0.214183208681892,0.430189303157771,1.77585109461636,-0.0725292679683373,-1.33950249236579,-0.0139944597459143,1.08263722614501,-1.00640112693487,2.91346039705641,2.96854399463898,1.82656099580138,2.10794630112366,0.258366497361679,2.1936405054942,3.04889976797939,1.11774084591363,3.91817295949402,2.47145488378856,2.09283983553282,0.900865906676111,1.45582632311684,1.09316447531343,-1.83585119964369,-0.785536530403036,-1.60406893719666,-4.12718088524637,-3.40421876874542,-2.92495529993238,-1.36468943356271,0.00284572626011625,-0.325619546105913,-0.870332549668287,1.69126260603851,-0.431574491836745,0.905650939758644,-1.14684614585195,1.49538878395157,-0.446685578679884,-2.83600247869845,-3.1450685937532,-3.25126230609016,0.504653365783587,-2.95425160355672,-1.92451242595874,0.654243516898133,-2.61976532801395,-3.26295225110435,-0.853302708460372,-2.91208056082962,3.19207403539473,3.06991671392152,-2.25894655958878,-1.9879439993668,0.135950298981069,-2.02874305731356,-1.61651598693594,-2.20799187186507,-1.76954714103257,-2.01773657892197,-2.95638494092466,1.42562096719749,1.73172773925511,1.99047810551109,1,0.759967983308757,1.10734643987787,2.10241304048969,2.12215864521572,0.0203396747306657,-0.105939524921215,-0.991867665611482
0.568429753879044,2.72231869787029,1.99331375325109,0.963291318614304,2.12989051290467,2.67255884479919,2.45376826476426,2.51428550238407,2.21691216452093,1.19155821133098,2.07688721394923,0.762921492579644,1.33784005740377,2.65154472809206,1.73606060496816,-2.23429441047996,-1.24500257532944,-1.41358156227548,1.00026629299183,-2.44907480451536,0.104796591338838,-2.42342880237242,-1.58827299040501,-1.49963170887143,1.97010159396271,0.56200747221854,-2.01089432770517,-2.13790779018232,-0.119438455848763,-1.80637663206036,-1.05053200100884,-0.21423153074235,-2.98148165526899,-2.98496321704675,-3.75301599465482,0.476562620921581,-0.72060042784532,-0.0209738359603999,-1.49913978879237,0.934171218635181,-2.23155384371336,-1.2121155168871,-2.48554370798308,0.510400972161937,-0.553482905938393,-1.19186271176665,-2.71889370976947,-1.28218412950144,1.12605534346541,0.498453739720683,1.314743595201,2.71452162856515,1.2136523432487,2.92009142052501,3.14748499986176,1.24249974380634,1.28203935176784,2.66343320089197,2.04485468265432,2.79170534486242,2.43720600522289,0.833704799067882,2.29233205532563,1.38234893032495,1.94428608946252,0.598352549269078,0.586333896308863,-0.0622654191785188,-0.0935844454957353,0.0490084548211549,-0.285686552301725,-0.323372584990264,0.232802933198441,1.45941328978136,1.01790972678634,1.10711990596697,1.56948228372321,-0.0971997078390485,-0.63411760497375,-0.783479577867659,-1.00500504217842,-0.0155558203921586,-0.54953683795562,-0.33636952893867,-0.780959528095187,-0.460213057467419,1.31107585749201,0.435913593276144,0.772717795082233,-0.0352376601666757,-0.374079573260757,0.525419101999475,0.759967983308757,1,-0.562454178838757,0.871480987905837,-0.800394675085274,-0.0827054785158443,0.677298791477094,1.63179883980712
0.813230913851165,2.23490269689376,1.4684574823959,1.34108526726456,1.32747139184354,1.89106725876167,2.62529825005613,2.45465307882122,1.50306487987579,1.35794655533962,2.19277239137176,0.200647586146384,1.84445122997381,2.6368166060379,2.37637295070217,-2.73679747802807,-2.0264378572916,-2.1883459992958,0.518632454204899,-2.63325800533323,-0.413950522090243,-2.94065320382783,-1.75745918548171,-1.59081686672204,1.47929099425192,-0.474724448923672,-1.6945146651842,-2.49290931154286,-0.295370364087251,-2.0925234151712,-0.834745394534394,0.660391956886146,-2.87790852787181,-3.59561018362093,-3.84817338282573,0.627663529145551,-1.10147064161848,1.08941752409763,-0.636802316707486,1.30162994118563,-1.47916946283727,-1.05558894486821,-1.7288718466516,1.70553280184366,-0.205055527237673,0.138153231484808,-1.93037730254289,-0.605306846462734,1.5010741660775,1.16753147202734,1.67437560544157,2.32910025563012,1.05970326294728,2.8490989756106,1.98916825444049,0.131020294092278,0.818584432730322,2.41400061185627,2.06583939056103,2.73208153615182,2.23578553381777,1.71861943883954,2.31770829405494,1.77477473045556,1.48894303756636,1.16121455485009,0.385620011360684,-0.900496390235691,-1.11414674183975,-1.02788067581361,-0.287327838655985,-1.37572635166499,-0.335581662496803,1.70993198631286,0.0181204691485259,-0.0434515525307095,1.00117891919522,-1.20641249443617,0.343364433244676,-0.0243631946354406,-1.9096062448348,-0.465619695832953,-0.573292166057501,-1.10998685185423,-1.5607983664709,-0.990137168657824,0.498195575929963,-0.437369343130249,-0.214389968686321,0.538536419398674,0.147869257673103,1.22198140458456,1.10734643987787,-0.562454178838757,1,1.84363189865448,-0.131134302458542,0.0206781401772024,0.815663116585859,1.55768630091758
-0.270750008565033,-1.05560057667935,-0.521104337550293,1.78069737585083,-0.916843464569771,-0.866578311165328,2.61194711779471,0.924460656051647,-0.0755870889758999,2.11133044601543,2.99306529735769,-0.111099694659573,1.80972547163945,0.124651557303782,2.38384270566058,-4.33733692211046,-3.16847338731975,-4.52601071070124,-1.90637678329324,-3.77523892943899,-0.70039072364701,-2.37809565913872,-2.58154456314781,0.0204552182118659,2.92856830252871,-2.74061678431824,-1.44488305830182,-2.65597741535811,-1.78645740696519,-0.725858818829415,0.323838465674549,1.86428975450617,-2.14233517174255,-3.51049203567146,-2.74646891091572,1.13368001777941,-1.05932645211475,3.20690363717182,3.05936055903393,3.5203447614758,-0.251903557168838,0.07589073274331,0.643543003579453,3.57623498394923,-0.074281168910301,3.30989582350874,0.770788428445799,0.553794652913447,1.74217667544025,1.60003333505251,1.74028872486849,0.755672035343251,0.123046453329052,0.963425281578317,-0.535114305625339,-1.97649277116496,-2.54676482437544,1.9047981949022,2.27250204386374,2.4339472496941,1.42670370481368,1.8865675674755,2.07860528633285,1.88307423441007,0.399056931060115,2.06416186559671,-0.695155659219113,-3.90615085220684,-3.4977648327151,-4.16930008206281,-0.938475071656009,-3.5719700062531,-3.56487302494688,2.21157837594997,-2.19717972709006,-2.03774137603792,0.94162336900077,-2.98673911115015,3.84492459520786,4.05947196882564,-2.64864815308147,-2.35304172055832,-0.437709670357162,-1.5994904981825,-2.81590093519266,-2.84295674003199,-0.420000421245357,-1.47450622099865,-3.22280978874914,1.35622768016473,2.08932537938231,3.42937443962397,2.10241304048969,0.871480987905837,1.84363189865448,1,2.35487950859572,-1.25501276474276,-0.103976865208984,0.0835250215849275
0.911526065248809,3.19085715944342,2.7149299751716,2.23322124712714,2.65889659278033,3.14904767491814,4.03696670058049,3.88425859089135,3.06904655975581,2.95242074838387,3.87269262086974,0.990107044082649,3.04791719930401,3.45142549917013,3.60213549462503,-4.66848929431393,-3.36663887556899,-3.87316762928547,0.0855142779175841,-5.02435221687254,-0.699469438858086,-4.10888620031532,-3.18335470553763,-2.23109050760891,3.67838362849642,-0.373022128153419,-3.52106004135327,-4.24698795268107,-0.928840797468423,-2.60235933969205,-0.859528130487657,1.16534049121044,-4.50392593612958,-5.50068113038179,-5.99893400170103,0.913755274947584,-1.48477022647071,1.55774330105642,-0.393494068517276,2.71865808272507,-3.02991020693873,-1.49588164170942,-2.72263097237991,2.29915768583058,-0.978434006883787,-0.129821381844712,-3.12327168029267,-1.50403313320567,2.03153677271599,1.3849989058944,2.76737694211731,3.91282057541138,1.72106479438949,4.51452732349514,3.87895257721576,0.685448107551824,1.01391567259959,4.48354193522616,4.05316758807186,4.83603830078824,3.96118116059037,2.21113618168008,4.02254377689912,2.83781822603286,2.53577198318623,1.88702205665287,0.300725359605773,-1.79619516638129,-1.79489089149865,-1.73855306860859,-0.793542379604943,-2.01286568804044,-1.23316919980963,2.98279594994241,0.127943170794237,0.492642508105957,2.09668879544415,-1.5854470999396,1.0042100081102,0.830989486212267,-2.73700757845066,-1.19628396527103,-1.20595858411162,-1.51943139805825,-2.75618058601325,-2.01985536137533,1.02905626749918,-0.587710169246831,-0.585669473012313,0.380591683434249,0.322844084177782,2.50635225690709,2.12215864521572,-0.800394675085274,-0.131134302458542,2.35487950859572,1,-0.720710516900459,0.927048424007344,2.24936702032023
-0.575921824955166,0.0957025019358412,0.475494277392119,-0.0521166018483374,1.04557199482826,0.282099793391205,-1.12296495500058,-0.326364594939898,0.754528430191691,0.49100286678475,-0.325108139874763,1.03452656812648,-0.29484485585359,-0.497526805323509,-0.847648529770808,0.645745212157519,0.84862507902834,0.616217706928241,-0.144252145427905,-0.0051538023027049,-0.0241430814281687,1.1369366602433,-0.112702200555385,0.375042087191349,0.581647811782919,1.5052943167434,-0.652585457759162,0.451097863711666,0.0610985020678576,0.820859596101647,0.412914694012432,-0.347241688134762,0.902730007636724,1.30682646454015,0.817815619725472,-0.826310098947684,1.02095587473653,-1.03655227739685,-0.202932259198917,-0.638933984212182,-0.772904795085184,0.0269113183991712,-0.0484428454011022,-1.33545899471637,-0.737257623689483,-1.42449625506252,-0.276688167881832,-1.09762625648295,-0.715525749016412,-0.879394648474731,-0.711396449011195,0.042388104765793,0.333910425755345,0.0657861424675252,0.975263918961985,0.887023279088775,0.572362482786441,0.22906236119492,0.337052768166404,-0.212561814321228,0.369973167035636,-1.04184532804925,-0.0598643584815496,-0.624976230843773,0.290250792260134,-0.631722406031327,-0.405241144921687,1.00108880271261,1.38087241283259,1.18398333799768,-0.38045304085154,1.50180979767479,0.139175255263276,-0.396292914910651,1.11725171002497,1.56396162822632,-0.119340649501631,1.325422625731,-0.818486312440637,-0.481353581217931,1.47880693208212,0.605343624138008,-0.256031684921427,1.01873323090552,0.627971120238699,0.696989485782282,0.671148240921275,0.542428023969126,0.819089431810601,-0.795391861712889,-0.445550239584249,-0.398094983724068,0.0203396747306657,-0.0827054785158443,0.0206781401772024,-1.25501276474276,-0.720710516900459,1,-0.250064278550415,-0.0490462808265583
-0.923432524621783,-1.25851964756899,-1.08553641972695,-0.185056194220158,-1.17796769700767,-1.04699545852411,-0.158891264775047,-0.961754462545529,-0.889995370157895,-0.458024863479583,-0.171171226478404,-0.166504358893922,-0.704618829534422,-0.696842419856002,-0.672515997199066,-0.197149806972615,0.430220681260607,-0.454878638741654,-0.204060935712966,0.359480911003359,0.299472198359361,0.413857024714294,-0.142193486652665,1.20171243607454,0.110492247935138,-0.339573773313699,0.942367641583415,0.717313272697825,0.0679300657914907,0.439098037656733,0.139626394505394,-0.421570152704337,0.533792146762233,0.624944093084342,0.852251488889491,-0.118215903519064,0.520751090116512,0.149150504240139,0.698590898170834,0.0908002232100618,0.469575690774651,0.401662432529181,0.96655502246801,0.384529985452341,0.910771634779394,0.975631618168738,1.10276143244403,0.256079494221562,0.120990686265759,0.00409277954139808,-0.796263413835488,-0.800507594093919,-0.396056556083854,-0.971772206046671,-0.873654322091115,-0.831324189802673,-1.52897864624167,-0.645536002332878,-0.752604000556203,-0.63222653247964,-0.693474135832132,-0.28322572433937,-0.56398007960406,-0.54750838397009,-0.350174642361354,-0.253128723146589,-0.335914767763941,-0.509601404795894,-0.116542336487452,-0.660461362103307,-0.292303423807242,-0.367228395731335,-0.870416543927703,-0.123130063917895,-0.19139727220639,-0.41736088122886,0.0388107988770315,-0.342213734819406,0.588197019837851,0.747854334038728,0.481267573997844,-0.0974051171125681,0.679925521567771,0.436850317145606,0.475652252555064,-0.151621353141023,0.199605661116294,0.162588013414193,-0.60510210596236,0.422353667655056,0.667359223440845,-0.0268308447661991,-0.105939524921215,0.677298791477094,0.815663116585859,-0.103976865208984,0.927048424007344,-0.250064278550415,1,-0.551455542457785
-1.10859680103137,-1.41088579501635,-1.0267425023939,-0.918349154048208,-1.83833424277117,-0.998071941423702,0.044191383860307,-1.03384629532528,-1.18158722310407,-1.93978898460335,-0.573592313909359,-1.00867635927219,-1.47797672348134,-1.07062677760093,-1.005281771934,-0.205638082832049,0.541287435493388,-0.500882341142183,-0.28343609192585,0.618006011806082,0.616046534919218,0.248410530512217,-0.189703310004962,1.55122064035777,-0.44888403443533,-1.31550785943615,1.65517341425787,1.41684871930801,-0.0537630255813756,0.610961131809154,0.269564579241153,-0.922558643700499,0.813697216012094,1.07201633450753,1.70401544081091,-0.0194761692573593,0.546571055773359,0.333127654398186,0.966733346798011,0.201893028424519,1.30950951104974,1.52679505099831,1.48310169547486,0.775315005389362,1.39152739916424,2.0332057498324,1.92054105979432,1.01894715214401,0.462145334076383,0.27007043973842,-1.35271064593494,-0.847063288984427,-1.10313852321217,-1.60197133334089,-1.05223699642599,-0.801662902588822,-2.12267651333698,-0.76943552645419,-2.27978781357599,-1.4783984578602,-1.90463507493469,-0.543506383755781,-0.957254769450319,-1.0541675454578,-1.15012778316805,-0.48961602514364,-0.285303069721621,-1.22223330255918,-0.524323300303232,-1.48440440153388,-1.05823505728742,-1.09703871821945,-1.60809711369005,-0.270324701188864,-1.08174865072416,-1.28152994610295,0.0855509328398795,-0.717353469376169,1.28430786555114,1.20534309599819,0.478479466845655,0.185270340794866,1.45565817943063,1.02779540629037,0.666931930944645,0.414854615975965,0.183355167718078,0.666482396926703,-1.04848382622729,1.17568349847343,1.18757239131076,-0.283369195355906,-0.991867665611482,1.63179883980712,1.55768630091758,0.0835250215849275,2.24936702032023,-0.0490462808265583,-0.551455542457785,1
