1,-3.13095966179872,-2.33922695237823,-0.609233113107283,-2.0132636862125,-0.637798609493301,-2.19048653814017,-3.0907736419572,-1.50714537713127,-1.0126811183871,-0.677505192171957,-0.585534376755988,-1.00756375600485,-0.734134382938886,-0.0640610556639274,-1.36172294874753,0.107734425184804,-1.2966849546184,-0.723885449217455,-0.497422989051772,-0.0702494992362966,-0.112766593970362,-1.10768839985879,0.844166570950291,1.12247374162272,0.248764428439547,2.74967967693976,2.52205864836497,0.478789204653043,1.76893927296108,1.47816850041827,-0.140015509658103,1.15410783347693,1.34556659149837,2.30136482714129,0.699381528543778,2.86258108616274,0.612097398374761,0.717437973328939,-1.65063344272913,1.2732647289287,2.02780554872156,2.04946950234599,1.57809631481579,2.42692587789387,2.07838048144735,1.57688767621733,0.589974477892443,1.69575211744294,1.24281917053616,-1.44588746650268,-2.53146920864774,-2.0242807049978,-2.3775499156958,-0.629936823093431,-0.246703362269027,-3.47321606254872,-1.9152056872052,-1.08407353064794,-0.848154029242338,-0.215127788583223,-0.416572251798769,-0.168476064189576,-0.351965050558099,-0.914186741029146,0.705720719596613,-1.48302035736944,-1.30342482994079,-0.603233136023707,-1.26647056213084,-1.22367644695106,-0.748683671090121,-1.7604369803732,-1.96265904505013,-0.739897111890035,0.186847141162338,-0.267357021482442,-0.0945969347845715,1.80274161788091,1.18492761234989,0.200915149490024,1.08949379381893,1.42063146822625,1.01331793464754,0.668606932612295,-0.752881842866372,2.12072185217097,1.10505336813145,-0.360488105612577,0.233843832145339,1.53572479172241,0.0129404742117503,-1.04811716513605,1.76117062493649,1.41160996634289,0.953150534880082,1.6871714979476,-0.331967621173775,0.710043831227279,0.204708646435087
-3.13095966179872,1,-0.092214499619597,-1.79607473084425,-0.841806684850411,-3.92602800399225,0.540751354792509,-0.865147165433173,-1.78655645117391,-1.51472642406875,-1.24135710420945,1.07211279539052,-3.64197493628916,-3.94405669543734,-5.23518592187457,3.67771755381492,4.70723722788815,3.01206297893232,1.53049239339341,3.39832287061341,3.2901440812956,5.1428298186521,3.09460109450968,3.83174713569797,-2.59387829037707,0.812967650699077,0.977899952915645,3.43113881491444,0.0978894737401621,2.1563520244871,-1.89079439312173,-5.39236499435958,0.505347541217632,3.71133570077995,3.2413512089136,-4.10904450074403,-0.276265282369524,-3.59030456617262,-0.200745957954938,1.31385021887106,-1.15161297891539,0.173858431927856,0.816481204170908,-4.21126314207594,0.380439536716744,-0.964134426658797,1.84017846506372,-0.920824434919101,-4.12328845924439,-4.69484889351557,-3.89455446599934,0.127800667816969,1.060759283883,-1.18822370455529,-1.60095713857748,-3.30406217505491,-0.495890379740216,-0.964491926644709,-2.94900099478927,-3.49765712450608,-3.55585942145344,-2.7625400580197,-3.32335831062166,-3.29116989867704,0.0283701586790732,-3.904574235639,0.7549939915456,2.87163262781759,3.11077648458905,1.62180281220824,1.76700981128761,3.11186551478585,2.01584000118997,0.256421006429524,1.96435607854728,0.362434204190848,0.566924644582722,2.99469794681678,-3.09914891404829,-1.91433722038698,4.35767748704815,-0.676989484955924,1.64182538867827,2.57662042110099,4.48649630979693,3.01408131105594,-1.18680257821633,2.59738952228983,-0.800708291738346,-0.406838033748156,-2.46640442134481,-3.4285889746326,-0.715504223098269,-0.209658047933723,0.435069254837908,-5.15904285449628,0.0839384685733249,-0.515966081051564,-4.37971901703473,-4.50100888898168
-2.33922695237823,-0.092214499619597,1,-0.426275353477316,0.266556626500667,-1.7698621104043,0.371684060473246,-0.481718252491925,-1.12718228635305,-1.2580182928046,-1.3133342556708,0.739588712779944,-2.83228441447275,-2.66858544822382,-5.30664563676327,3.22101825787837,3.98170643330764,1.57882385662766,0.908486876572134,2.87134090046857,2.50283958881125,3.90610271594481,2.3617313543978,2.89972852505416,-1.72638636108225,-0.795944449514235,0.64834189661286,2.40701853460038,-0.71900286143881,0.348760585438692,-2.07781051216913,-2.85357661907462,0.576950903543979,2.01786078671829,2.22060959213423,-1.7651957538816,-1.74692995828889,-1.47741020148501,0.416079382139851,1.11004403354095,0.0568203645365553,-0.476581830899496,0.438738269361804,-2.01281470158608,-0.0748176409528043,-0.25254866509018,1.35536756796849,0.651651381226814,-2.84850090652981,-2.70495415459652,-4.32013204904192,-0.290771577916542,0.491233929786188,-0.242460699194387,-1.13752184540479,-1.53468345899893,-0.941983448014897,-1.01306930596595,-2.88690931986258,-2.90031500204587,-3.40707631221107,-2.66600276181211,-3.80966566264272,-3.29108270495258,-0.813059866963214,-3.81836149828351,0.425519753958475,1.82884401517516,1.51846226433916,-0.419128862525969,1.54965968953344,1.49614845698104,1.01639826576191,-0.134015822190306,1.39726934419464,-0.405998764183991,0.622446482468026,1.72367764312308,-1.45347730883305,-0.521146571864753,3.84802103136855,-1.74324912991352,0.398306694326606,0.840087472307858,3.54133062851242,1.36588362488636,-2.36758543734352,0.752007811731243,-2.33380037856013,0.511005124378084,-1.45816868674628,-2.20643168917888,-0.554242507763804,0.336868680605844,0.559484978689341,-3.40461006045185,0.282325886069299,-0.46108207831654,-3.46319750327964,-3.77115960962891
-0.609233113107283,-1.79607473084425,-0.426275353477316,1,-1.31875007955931,-0.390202989765365,-0.917405444074456,-1.61077456168417,-0.913733768176733,-1.5533328950378,-1.18743197120084,-0.682516870505095,-1.31784911871722,-1.21951391777274,-1.46994796835603,0.580144949243381,0.932355373265166,0.0422157233115477,-0.222570409808449,0.897433713584639,0.410586379687232,0.839028516006455,0.489462618302396,1.17067164030592,-0.499437258912633,-0.848470819343545,1.84590915942757,2.02070127668875,0.0670134899754431,0.640835103258287,0.124933509742909,-0.724135964479565,0.55167908876434,0.969524005545606,2.20659720640854,0.353442015122122,0.303495609524532,-0.0899857962885964,0.381463479967325,-0.543295334611076,1.13663952601911,1.33096266851938,1.4038096994909,0.409143568023933,1.28882674983832,1.41526999236177,1.3998689070099,1.18439182490996,0.0612028374019611,0.0385105409241454,-1.72147423501537,-1.35932036022977,-1.55834103908413,-1.42753415951938,-0.617746950240838,-0.235827286695023,-1.99950421795498,-1.25410864066453,-1.94153542203243,-1.49510785598751,-1.79184034592245,-1.03434349571062,-1.68741656960387,-1.17674234215362,-1.34601493780818,-0.88619219771221,-0.405918243187797,-0.506263207216584,-0.634071933223822,-1.27624388320241,-0.366955869983504,-0.510378623983954,-0.519509805382398,-1.06098763172226,-0.6469823888362,-0.673225020472855,-0.20223491831994,-0.0396043531821111,1.06555477029443,0.567478294242661,0.671922073533453,-0.389409455569442,0.932496975501476,0.344272192609028,1.19664011312211,-0.220717208021604,-0.37457291007833,0.598129452889578,-1.33672468798366,0.468635598380179,0.377432854995147,-0.752377310870177,-1.1278243782992,1.31664999766357,1.05327957632619,-0.125680338285237,1.22278588157581,0.133298201806045,-0.415377338400216,-1.18104194721512
-2.0132636862125,-0.841806684850411,0.266556626500667,-1.31875007955931,1,-2.55038963035105,0.34226886418334,-0.783124679869571,-1.65168635495696,-2.40904458998483,-2.14060523744253,-0.239305746716279,-3.34543357347258,-3.48095086909211,-5.0444353019535,3.69354284435367,3.72809140149532,2.20163566792591,0.665709708129934,3.58968997061494,2.31270338182697,4.00439111348172,2.92425708286378,3.29461182858379,-3.18288320161636,-1.32499398841895,1.60766376810536,3.06001346716618,-0.408645346134953,0.945754944412976,-1.68634305355115,-3.25304299146046,1.0043443412663,2.53578360606907,3.41710129614567,-2.06828446132014,-1.75236762748636,-1.59515808705905,0.729033788065908,1.18638527124808,0.905767094670603,0.802300478801231,1.39944901887067,-2.0141907160521,0.366726647831562,0.742476206361342,2.37044982020581,1.19789758552823,-2.87610832323649,-2.76340602003919,-3.77219600581156,-0.484132684804417,-0.212193458377864,-1.24379456891853,-2.03543699787613,-2.13798345282352,-1.00955839673696,-1.44563373129991,-4.09305149880371,-4.13473939309685,-4.75768808225379,-2.56924896824191,-4.3408936668909,-3.56614312427879,-1.66514341105035,-3.72925512206638,0.639248603826035,1.34287942506397,0.957984053852393,-0.632382711554679,1.06468667692215,1.11260297861291,0.936856475080228,-0.159158624718601,0.308964335295173,-1.37731267165218,0.0423320951668101,1.31345133952922,-0.942997523067253,-0.389941193660786,3.08758678854184,-1.64355792593336,1.03809982787398,1.01256496174069,3.34228665454703,1.86731421156539,-2.85447725421693,1.06665824027238,-2.41647331866948,0.804751602619292,-1.31255323650116,-2.49969846801828,-1.15591071394695,1.02026361516298,0.921333854581805,-3.3089142847187,1.08267701381107,-0.0704896063487332,-3.36503462289273,-4.07203780060016
-0.637798609493301,-3.92602800399225,-1.7698621104043,-0.390202989765365,-2.55038963035105,1,-2.7050124477556,-3.56712482394887,-1.4595543711451,-2.86213877031735,-2.31211774232415,-2.00786321375976,-2.05920478563006,-1.40479915728103,-1.25240701993752,-0.575497977224256,0.0497438616320403,-1.89506215060949,-1.93287609804035,0.170347184853306,-0.889747485243975,-0.168762099598011,-1.02680035363757,1.23740078787147,-0.0423705928642144,-2.64437226534012,3.5770165430526,3.02341595547144,-0.799253322035123,0.935982954201843,1.49285376515895,1.4013512408311,2.3517920794239,1.19109663494158,3.80539610239189,2.74929194779102,1.12058863739876,2.36581480664294,2.23935574800102,-1.43418488486544,3.89914162588261,3.21564095430297,3.25960292738913,3.594705545134,2.12834325634312,4.26838413238057,3.09196333038721,3.42899527204589,2.33233806082953,2.68637483519349,-2.46720412667527,-3.40480994226749,-3.63305154035731,-2.8224479521488,-1.3463254592921,0.68174424127157,-4.6232799681889,-2.70562820948398,-3.72389098101073,-2.8664858749996,-2.89732782823958,-1.50710480366757,-2.50584801552266,-1.69348388091604,-3.35718693188926,-0.0467011459273234,-1.57674093359019,-2.73111194071954,-2.53376392964189,-4.23463720770151,-2.28681058637616,-2.41025205344856,-3.19943136065466,-2.59854548677173,-2.41952339873618,-1.95350171027828,-1.08679562632004,-1.53071001678131,4.50324226686785,3.14210862637368,0.106371891068168,-0.214096324333956,0.808391935000817,0.169630420347321,0.360913530807176,-1.22988762985688,-0.180633258216343,-0.303041285250491,-2.8624726341244,1.74211246986627,2.73363752215387,0.348994021220258,-1.71857002828167,3.71213066634585,2.5919021224639,2.00042367398951,3.34470887300523,-0.102406953673607,1.06293886837783,-0.424346922767298
-2.19048653814017,0.540751354792509,0.371684060473246,-0.917405444074456,0.34226886418334,-2.7050124477556,1,0.380678206829653,-0.737116825493887,-0.0817267696739357,-0.372955514261063,1.25683309814783,-1.78946672016506,-2.33528428507795,-3.24370519006492,2.43749038863619,2.98969943645329,1.93121034731166,0.983667949491771,1.88962609285127,1.98927554484632,3.55448812861325,1.85275772012137,2.27743267277498,-1.70320422902098,0.979401838709744,-0.433283992076851,1.37746289699777,-0.0732948929505609,1.26916661149898,-1.28333221842401,-3.2996814279107,0.517743156337736,2.3737822322206,1.4095959457872,-3.57357580758462,-0.33777282624344,-2.41519331626806,-0.0444276341102262,1.25126474711193,-1.4267813972242,-0.528334068880109,0.15668679688781,-3.19471984761406,-0.466377368852963,-1.33154547751113,0.936489002311042,-1.36878217446539,-3.25451207960241,-3.5006244897168,-2.37036041537383,0.864192210292659,1.75897482757319,0.163260795841258,-0.785601196885523,-2.46474588822098,0.804291179153599,0.145638182390617,-1.12580012730051,-1.81747113374699,-1.71267569367595,-1.39268589528411,-1.54718037698509,-1.91814189094832,0.571676892133522,-2.51930175793153,0.537647014688892,2.38735082484617,2.74098745101121,1.68062288989155,1.30031547982645,2.50992192997589,1.45517613016067,0.870110185511818,1.70576017930435,0.528393354034196,0.334298226475761,2.10278122273114,-2.74916893333972,-1.52340020301348,3.12504980765311,-0.312880893908342,0.650179731929792,1.75058750790524,2.54193061089807,2.41302644950964,-0.995370736317782,1.272135102463,-0.239442476266265,-0.43247120491697,-1.92779754208027,-1.92703934273716,0.172026980633937,-0.654385314822536,-0.153999447203795,-3.74769037996857,-0.444532917158756,-0.656373314248341,-3.22374287139848,-2.79680603360899
-3.0907736419572,-0.865147165433173,-0.481718252491925,-1.61077456168417,-0.783124679869571,-3.56712482394887,0.380678206829653,1,-1.86809165345404,-1.41209808137284,-1.00499729595359,1.0566583619677,-3.4158876633637,-3.29643471098022,-4.7653347596629,3.16120118213096,4.56798687215675,2.57805593108848,1.62151593146832,2.98716084342085,3.16919425635889,4.66258609769733,2.73975872819734,3.26582653039338,-2.0312967591419,0.692976487864744,1.11306391775063,3.34392179071819,0.00192566348323425,1.84037776549724,-1.83965389819342,-4.99337818657216,0.35153249319734,3.42836350106012,2.74489749904585,-3.39298465853643,-0.108878802241886,-3.21241229699478,-0.516709089245433,0.903246783888829,-1.08759625483318,-0.239820966151518,0.490321299397953,-3.62164640489133,0.70101143257255,-0.96670183844006,1.49228554016002,-0.705130963540507,-3.67748772480078,-4.13945339165837,-3.96967948840601,-0.204269220717141,1.05344779406346,-1.07118028781592,-1.45413820836342,-3.11180555572139,-0.845033121194923,-1.20252305902857,-2.69673903251726,-2.98455510084992,-2.89222150633991,-2.49728841497468,-2.88766366246806,-2.68862315465601,0.260379602913478,-3.38701402878686,0.634900597903833,2.90161947318494,3.16609539513387,1.52505724942501,2.0100372157839,3.01487381496271,2.1223055913259,-0.0280400914500889,2.13829731608547,0.43878331009706,0.595995016270917,2.88362016730273,-3.00420397127516,-1.96505836306165,4.29477308097986,-0.400615936379348,1.49722908647939,2.441157559817,4.45772484737755,2.6042480323191,-0.653919346717271,2.32244813095837,-0.586474893997631,-0.448634142225208,-2.29224054831076,-3.27978946973929,-0.625041222135116,-0.483968227435919,0.151021533352377,-4.58048162307682,-0.112761490619632,-0.310630688679639,-4.03545283554168,-4.0691585898444
-1.50714537713127,-1.78655645117391,-1.12718228635305,-0.913733768176733,-1.65168635495696,-1.4595543711451,-0.737116825493887,-1.86809165345404,1,-2.59863585984145,-2.09511519360603,-1.05102875312893,-2.82335595798259,-2.07078714961376,-3.46433534397728,2.00346700857926,2.3747898911707,0.485998894777666,-0.0100220906553153,2.36349374698243,1.19990756236376,2.13307390878341,1.42897472687724,2.0453164453593,-1.98830858304759,-2.02950294101693,2.59469463398855,2.82841393977606,-0.581528695968815,0.5672832622472,-0.700116797678433,-1.14856744414192,1.5596038730745,1.83592082929058,2.98722843123572,0.354805005638077,-0.860689881438668,0.293188659668406,1.04535826304072,-0.0352795711488911,2.29734467151008,1.0521433237069,1.68306228616997,0.522941233684384,1.37695621696238,2.06622614037951,2.42906532467267,2.43221813012382,-0.683917955244481,-0.251098886972434,-3.31922364661314,-1.90440466897155,-1.31111051217394,-1.73121471488798,-2.0973845555835,-1.16642843924239,-2.50300094810914,-2.3536838131887,-3.95825668072903,-3.34120146605503,-3.7647502765273,-1.79545071543481,-3.53240357933654,-2.48743488823256,-2.10863491459752,-1.99239959841134,-0.0623555612383614,-0.0548084094825527,-0.216291249251624,-1.93297583619806,0.373465386205257,-0.373006989515476,-0.367930976304546,-1.24695762768232,-0.606777799736988,-1.81882719636035,-0.198696040026688,-0.0160885243619782,0.919823207717967,0.79417346502939,1.89336026193471,-0.912155119889153,0.838097496062852,0.412890205213468,2.18671256827892,0.499559242514362,-1.76216466161329,0.0866394362816139,-2.41109992382948,1.26202944078535,0.377488308839688,-1.39294866253116,-1.31691887340911,1.666696563613,1.07525204628408,-0.911464627785117,1.68735033823796,0.29902622529601,-1.52776364479394,-2.34945480703642
-1.0126811183871,-1.51472642406875,-1.2580182928046,-1.5533328950378,-2.40904458998483,-2.86213877031735,-0.0817267696739357,-1.41209808137284,-2.59863585984145,1,-1.64241995072273,-1.11075313709492,-2.41889680242087,-2.62907705502925,-2.96318090970584,2.4269393776999,2.37616793705367,1.84985247232899,0.601967248327988,3.27940265868378,1.82841085039863,2.39419838846067,2.37688429688831,2.39800080542887,-2.98253489564624,-1.37281269042055,2.48274303702917,2.86137537787488,0.328711499698609,1.02235088935279,-0.784840996034909,-2.45829418126692,0.998209974649789,2.27907094062686,3.13390314978393,-1.45539772131067,-0.475386714235946,-0.811403942005772,0.602333452323632,0.255611519421782,1.68359000025115,1.22662899557034,1.75891386307189,-1.00970165022356,1.28979946816641,1.57191753814605,2.50245518296057,1.36319063738016,-1.43537969251426,-1.4406047607352,-2.41498484619483,-1.34742257038016,-0.852049306109287,-2.37702113694366,-2.98502510027985,-2.31210711401871,-1.42249779464474,-2.12520663803235,-3.4942338769797,-3.38055904361168,-3.73766578242603,-1.0697101366351,-2.95105266233753,-2.25163784286626,-1.61060461033012,-2.02473949974294,0.391002218038275,0.377721690374304,0.204985686759182,-0.448887580832965,0.789502468252331,0.0970309753221097,0.525053474989803,-0.619640969088073,-0.716439360746177,-1.7743463705353,-0.418818520809068,0.423498724888325,-0.422208961922793,-0.211405418738009,1.42314191994982,-0.464377047692658,1.69042094043936,0.803268980798298,2.31049188948477,1.42363522165758,-1.54418227610472,1.0966606423602,-1.3703861534311,0.95838897557693,-0.421159988848146,-1.84991237661867,-1.43695249110097,0.920116697170517,0.806777443935466,-1.64263306989265,1.58598496572345,0.48922294328245,-2.00425929300469,-2.7981897597297
-0.677505192171957,-1.24135710420945,-1.3133342556708,-1.18743197120084,-2.14060523744253,-2.31211774232415,-0.372955514261063,-1.00499729595359,-2.09511519360603,-1.64241995072273,1,-0.964864170221404,-1.05578705150511,-1.74948108650902,-1.51066357470943,1.51883920447961,1.12430227470817,1.22226168886946,0.145621865341152,2.3347117596711,0.940771633329863,1.46045918165474,1.49687860078114,1.64134894878481,-1.99340524837473,-0.882933267015841,1.70990874478592,1.50658689543312,0.60365855473197,0.883024416430943,0.0338888605345351,-1.16008684278657,1.32934858083737,1.95180834371997,2.38410788093436,-1.24915938643772,0.177745246673346,-0.470494290328729,0.68083628364553,-0.122779582070132,1.34439780662417,0.910978424627956,1.67639068435931,-0.822846933280569,1.10390646178864,1.22090314005587,2.25957792598865,0.746282103702407,-1.01480540327788,-0.867759533392367,-1.27397437500502,-1.24679115762568,-0.718741193289074,-2.15744225276277,-2.4788127090811,-1.69335091158894,-0.905459453216809,-1.43989172555992,-1.9766824598997,-1.7825191373835,-2.27683525244054,-0.0722346349504226,-1.50308348378011,-1.18978806562135,-1.19357384428205,-0.952076482851347,0.0646277764253417,-0.168859634181114,0.0549901905104017,0.00366670726361884,0.264553599368652,-0.416895348576608,-0.209615105509811,-0.312748941300315,-1.0583570473367,-1.47028970307476,-0.475600428140184,-0.34766740754423,-0.198593311269012,0.185691460245527,0.628325269028106,0.0680087609459069,1.59389199104119,0.623191983319717,0.982538200952814,0.903339596139746,-1.0264174645239,0.422184273475974,-0.682417156582839,0.652166761973206,0.242827911542511,-0.814474020277576,-1.09697428829185,0.645915173022395,0.703393700678257,-0.829494617009616,1.39520848558201,0.392780641083678,-1.2260698160793,-1.66527089065936
-0.585534376755988,1.07211279539052,0.739588712779944,-0.682516870505095,-0.239305746716279,-2.00786321375976,1.25683309814783,1.0566583619677,-1.05102875312893,-1.11075313709492,-0.964864170221404,1,-1.2426739793166,-1.90809314063878,-2.88636982121757,3.01921923728178,2.04922137375969,2.15370387744617,0.797370896004605,2.98099916966455,1.5466326581175,2.39962056515147,2.57737163127442,1.70529306423918,-3.20415950736119,-1.16404027939144,-0.00320902713318727,0.678935356166133,-0.121550697603487,-0.218850948680511,-1.60007662809236,-1.80328545721582,0.406110093001374,1.09839443194117,1.23026228611175,-2.24690202145517,-2.30389680181079,-0.975605656641455,0.421374636536298,1.43689128862309,0.421969754130637,-0.284602268935244,0.355040202134742,-1.94637954920402,-0.703341908598594,-0.0561462045485777,1.26374567136416,0.47994475362988,-2.5546194770375,-2.20600387572273,-1.57471193947295,0.672214952385266,0.851407119173719,-0.0750038646234548,-1.95492025183856,-1.88602392309577,1.21288164319246,-0.258642299200014,-2.08129873746839,-2.34403009444942,-3.04781596385216,-0.689825697008087,-2.47748331848777,-2.04312632184482,-0.811181414384139,-2.50712794434032,1.02900058292621,1.20859706229861,0.682099541078746,0.291960317575555,1.28681076845027,0.606700587224326,1.2441176129688,0.893110624869177,-0.0362749064155516,-1.48802630171916,-0.194452425775091,0.471114331101446,-1.58369017945659,-0.781052380674567,1.43246427882305,-1.28364445227934,0.397064204127407,0.0129923204017366,1.48332047796528,1.78050851053523,-3.04880439013048,0.0573002750557601,-1.3438723811252,0.733083678916139,-1.36261570528831,-1.37230081704208,-0.372848975368673,-0.152657528447514,-0.101902624377202,-2.25802357681718,0.31275043082524,0.229058733819263,-2.49122697175867,-2.67880690084505
-1.00756375600485,-3.64197493628916,-2.83228441447275,-1.31784911871722,-3.34543357347258,-2.05920478563006,-1.78946672016506,-3.4158876633637,-2.82335595798259,-2.41889680242087,-1.05578705150511,-1.2426739793166,1,-1.64189269730937,-1.04592175781731,-0.0606657857507494,1.20672630109482,0.114385926060642,-0.0645865643447406,1.40000310852683,0.955153457842827,0.773457674391169,0.439983382988929,1.57639240431618,-0.354960274138927,-0.875127304425333,3.52007895142419,3.41697535267253,0.59500812268278,1.59143129021514,0.767638193462061,-1.41950572766314,1.07617436594342,2.26418600467542,3.28673473030756,0.296598998543348,2.1442791349113,-0.0431725253803863,0.404761965146188,-1.53086346470465,1.95289141456664,1.93312680946182,2.32083830913682,0.687823049825261,2.75130483614908,2.35060747494043,2.396648147812,1.34437716717661,0.672818900941094,0.345719890527183,-2.22292239078386,-3.0561673410987,-2.25983949519147,-3.57607719060236,-2.26472221112166,-1.30347642098544,-3.70008785748996,-2.84878992676232,-2.47182210918738,-1.91753668261136,-1.66537052007232,-0.626051167239298,-1.25846263375955,-0.763716154188422,-1.40304398568005,-0.109191175208853,-0.884589736516028,-0.834450770755259,-0.380831498239794,-1.01360063070378,-0.273194758176379,-0.651712059391456,-0.826362420030712,-2.05214406746257,-1.00931226375132,-0.893717006472665,-0.599079465598761,-0.00353524298148533,1.13992489628602,0.632836137185155,0.768582872882793,0.907893304478923,2.22581993558128,1.28774513547529,1.85980332929156,-0.0411827654423157,1.33556334580513,1.4661342495541,-0.58112553163268,0.568687460717285,1.02463188998306,-1.03339838017844,-1.70210083337408,1.37626735197665,1.41947482414939,0.247726707027099,2.1466177901946,0.384741560896257,-0.302374673103996,-1.2670483029681
-0.734134382938886,-3.94405669543734,-2.66858544822382,-1.21951391777274,-3.48095086909211,-1.40479915728103,-2.33528428507795,-3.29643471098022,-2.07078714961376,-2.62907705502925,-1.74948108650902,-1.90809314063878,-1.64189269730937,1,-0.660898209281332,-0.116348748433392,-0.061957771336401,-0.586470907981509,-1.65582227843319,1.10792711434668,-0.465961640107584,0.321505145399343,-0.335009426588579,1.76475430637752,-0.366868839050908,-1.73392188251608,3.15670396822362,2.31119092207737,0.0550695702809942,1.67814191375878,1.82994538158147,0.653153882574307,2.77619680865772,2.35382524816105,3.90649078482764,1.3791308871842,1.86737321943826,1.21477014882231,2.11682178184309,-1.18033306010415,3.31770756689843,2.85685999465856,3.27619955221483,1.71086099238353,1.91504799136894,3.33887186010673,3.45394352302468,2.23753872059327,1.35588363780372,1.52602175036057,-1.15120781324067,-3.19504600307897,-3.01330586232122,-3.99421099771035,-2.39460944061676,-0.059120250520579,-3.68670482594162,-2.51624866046392,-2.91746260603264,-2.32169940168291,-2.53967386919099,-0.785733677566426,-1.59506016683337,-1.22240861035753,-2.64230153264762,0.330592662066638,-1.10170245225991,-2.46837169437945,-1.63591489588309,-2.18072030743004,-1.96964301552797,-1.93792999142074,-2.93643368380371,-1.80671664838772,-2.46865656218025,-1.83816105017653,-0.962135242144001,-1.49611807645461,3.18342926787387,2.75385941113254,-0.107680745698833,0.5441232217502,1.63707847169026,0.909927200027922,0.0268652802941071,-0.441826102013423,0.348012977179579,0.125681337734613,-1.21991054085376,1.19340052285834,2.6344850913855,0.350872342318663,-1.64688305605453,2.75791464556759,2.41360445924793,1.08628028019907,3.111982211989,0.0236749255364865,0.665352169912672,-0.48311735235813
-0.0640610556639274,-5.23518592187457,-5.30664563676327,-1.46994796835603,-5.0444353019535,-1.25240701993752,-3.24370519006492,-4.7653347596629,-3.46433534397728,-2.96318090970584,-1.51066357470943,-2.88636982121757,-1.04592175781731,-0.660898209281332,1,-1.63726133218229,-1.17907535691264,-1.58254828653557,-1.75078652702697,0.750036778329613,-0.850616406364898,-1.39932488709118,-1.15807069928551,0.782992110428662,0.628833550980132,-1.927048570873,4.96853708293786,2.40917582337587,0.780986399442454,1.71638365217135,2.84195692649856,2.06798360070503,3.2548890903479,2.10582973404538,3.52174432323426,3.37097930605587,3.28565821878601,2.66188142021714,2.01404762831334,-2.67604876850458,4.66086894990068,2.88977321029833,3.54567134755578,3.64585134395102,3.75942054513635,4.49386715816366,3.56128463280324,3.10379148029197,3.45414087361078,3.71911327275132,-0.374356490844114,-5.1117534429133,-4.05867838543227,-5.55055412444684,-3.44934642135111,0.280674253267158,-5.39441349354247,-4.14704475198126,-2.63701767308229,-1.42036990733456,-1.38056985321487,0.607935322963814,-0.476808833664719,0.168014630794876,-2.71171702965162,2.35555614469672,-1.59859212688484,-3.69646319564674,-2.49219340283104,-2.46555637820733,-1.92684395176194,-3.35675591435098,-3.68798652614066,-2.94983278898435,-3.35725926275096,-2.32034867773573,-0.867313598090147,-2.69633782159137,4.16917437889394,3.49240952367213,-1.60745852800046,1.72812410706868,2.22869069577209,0.407468903438856,-0.869464847143999,-1.83540723063346,2.08676386893341,-0.361178212066817,-0.303665190897312,1.45522124508194,4.24584141508781,1.21164223434585,-2.08951681656906,2.82430955121998,2.25745482366788,3.29909000645999,3.57155900053883,0.767060207057082,2.31424926371715,1.22004237502206
-1.36172294874753,3.67771755381492,3.22101825787837,0.580144949243381,3.69354284435367,-0.575497977224256,2.43749038863619,3.16120118213096,2.00346700857926,2.4269393776999,1.51883920447961,3.01921923728178,-0.0606657857507494,-0.116348748433392,-1.63726133218229,1,2.22106929685129,1.77356717880733,1.94631327999458,-0.343071741129795,1.60034118126725,2.38375749952606,1.14663480021734,0.0823180777127679,-0.328640332863405,2.46979142939364,-3.85814269727498,-1.09523751510346,-0.619472311050844,-0.376286754174025,-2.45215432625316,-3.24713247040965,-2.27668293427253,-0.16457656153732,-2.38270669567858,-3.85347380933139,-1.58952672809566,-3.25028793243298,-1.952804758165,2.10997254477344,-4.5258151866489,-2.77092595525875,-2.91653373542943,-4.16565831935447,-2.66922582266214,-4.32748866220096,-2.57317266502158,-3.36705475741641,-3.75638925559575,-4.25740336554459,-0.657076988934129,3.8279787553397,4.05969064144982,3.96142494698516,2.33962402759395,-1.45466222112969,3.93153534648803,2.90383675749901,2.03108131640679,0.887575522796742,1.36186211321582,-0.926181077969114,0.569598880917515,-0.208864075274101,3.02672395268609,-2.14446710728797,1.2511665153698,4.10447863906113,3.80395376083353,3.20194571925375,2.20564974872865,4.13794634867692,3.52738962854269,2.28837035478408,3.83968815518317,2.6244787459353,0.899384942098336,3.28905433097495,-4.6727959298301,-3.58618971806457,2.85392968313063,-0.570235922230226,-1.24205166795021,1.11468946490547,1.99375754645463,2.48347619946271,-0.543507099544031,1.15391513171207,1.07189790299089,-1.72242688235631,-3.91717264395383,-1.81700458867091,1.8729559590084,-2.93871334867117,-1.99362493701739,-4.05808614953665,-3.16267656613077,-0.875236803282035,-2.93403633995609,-1.68297835481414
0.107734425184804,4.70723722788815,3.98170643330764,0.932355373265166,3.72809140149532,0.0497438616320403,2.98969943645329,4.56798687215675,2.3747898911707,2.37616793705367,1.12430227470817,2.04922137375969,1.20672630109482,-0.061957771336401,-1.17907535691264,2.22106929685129,1,1.9361208868837,1.03563509139778,0.548321830372056,0.67619355370623,1.62419932706721,1.55803503996644,-0.0774478888258905,-1.44330060288704,0.916769004284082,-4.55324843249285,-2.87844406681642,-0.641228564495434,-1.55997981782494,-2.20869550657941,-1.11941596058716,-1.50421366410675,-1.10286570530598,-2.63177025275483,-3.42211511186481,-3.3672845863589,-1.89916883870193,-0.717262793568132,2.78883126293957,-3.14903137309583,-2.62816180600421,-2.48872590802016,-3.53406796584411,-3.82801052800957,-3.60831903035709,-2.00000961328641,-2.44326692816381,-3.58067640399452,-3.37046664515066,0.66775138361885,4.237990655171,3.72552064211346,3.9556765436273,1.45550171116963,-0.562238399681727,5.2291375927885,3.43847745119542,1.97410538434687,0.75871471780625,0.338736063673778,-0.0279465605884206,0.155024450954764,-0.46865783392775,1.7730205615188,-2.12443531715621,1.57994472703293,2.72894100361436,2.02940625011356,2.33886847224082,1.56897707275535,2.30980353017259,2.47857594517993,3.13926200147639,2.0462465113387,0.868252147653796,0.432205812912192,1.44755361361601,-3.58282400439309,-2.17613132906558,1.24308445362197,-1.60664779208189,-1.78633466119794,-0.483681883829758,1.84494496142662e-05,1.95882819755456,-2.90508442038346,-0.570337002170072,0.189484519662108,-0.72988275809336,-3.05355510445085,-0.420994503782991,1.84959563552513,-2.40395950289066,-1.69620995858568,-3.02757480334288,-2.4920933181614,-0.666146490926199,-2.41997103291153,-1.3521028735143
-1.2966849546184,3.01206297893232,1.57882385662766,0.0422157233115477,2.20163566792591,-1.89506215060949,1.93121034731166,2.57805593108848,0.485998894777666,1.84985247232899,1.22226168886946,2.15370387744617,0.114385926060642,-0.586470907981509,-1.58254828653557,1.77356717880733,1.9361208868837,1,1.59554992602538,0.747425625575201,1.61934331948354,2.39902706502347,1.4299689888091,0.625963482188971,-1.15885345694055,1.87296237544085,-2.82066494145521,-0.976381438737599,-0.0675834665781919,0.050285624607487,-1.77510755543608,-2.62335446787895,-0.827442057071657,0.764516347757223,-1.39179466655655,-4.18184612655109,-1.03828401071895,-2.5302725244156,-0.962996858935791,1.75813235578961,-3.12626139245812,-2.26695081883138,-1.68789926648397,-3.84254759175241,-1.95797528338686,-3.16880275253238,-1.04110102024184,-2.85204904813625,-3.51826055468746,-3.76725778224609,-0.664356210386581,2.68453269174602,3.5709933285548,2.36137781021972,0.330012591747972,-2.20673288238605,3.39115911931498,1.90149700091762,1.44509227203475,0.375002580397851,0.62661187599333,-0.055277987612506,0.43952978160979,-0.413831896537974,2.24393555264108,-1.79816720849853,0.983987082497023,3.19932460757403,3.33921385905809,3.08253566603737,1.97623400186121,3.05473050919307,2.49659417632953,2.09074523135437,2.55444717183647,1.43646221382857,0.488791196118951,2.22311439913287,-4.27031037994754,-2.71268131345303,2.3694879123017,-0.101105058930781,-0.362716564296514,1.0923485818514,1.43118853786202,2.58383416015681,-0.878064459869047,0.70198243036294,0.971662038454826,-1.04484220804869,-2.82553647043767,-1.30006316028211,1.38756165873705,-2.41299674758221,-1.53442222382109,-3.55605031249427,-2.02606877134749,-0.690390023047894,-2.90788975079649,-1.70292078138992
-0.723885449217455,1.53049239339341,0.908486876572134,-0.222570409808449,0.665709708129934,-1.93287609804035,0.983667949491771,1.62151593146832,-0.0100220906553153,0.601967248327988,0.145621865341152,0.797370896004605,-0.0645865643447406,-1.65582227843319,-1.75078652702697,1.94631327999458,1.03563509139778,1.59554992602538,1,1.57952908446167,0.802163181406447,2.08153582881861,1.30532381815674,1.57777411169303,-1.64498196228865,0.359347023915142,-1.72585464342921,-0.767962070080565,-0.0572134963465313,0.370384350003065,-0.643950950758586,-1.10504869184202,0.85546585896742,1.28838356488248,0.512937315429821,-3.13786777020847,-0.907641167923563,-1.21384216359727,0.928935821622406,1.62595442277639,-0.789277339336919,-0.485868115638756,0.237645058780874,-2.60122717400674,-1.83599989664384,-1.09923922808572,0.876587338591524,-1.31422321397813,-2.48560824472352,-2.43384082777004,-0.361474880103037,1.42633430229087,1.66375923405878,0.376862056391042,-1.01164572404003,-1.35418275123716,2.17232455506545,1.12255905824263,0.0576307318240167,-0.862738833254583,-1.2030837505763,-0.25250230500566,-0.672022235302089,-1.40953102195279,0.177679277083316,-1.7497499811009,0.548521415970339,0.970550862999156,1.27108254226477,1.33640027367912,0.297273260781368,1.03051975576067,0.175730273794628,1.62774948165395,0.330979425840375,-0.166328648698902,-0.101503854232655,0.570502478198007,-1.77999389072388,-0.316870804882936,1.33537575549612,-0.555704430119926,0.0407136500563185,0.656999205022025,0.266425168467572,1.92064943941754,-1.88133737050139,0.0248200450359095,-0.211529357150571,0.0648230728593169,-0.938148070625773,-0.287079806163302,0.541010658927245,-0.451592951906328,0.116454511602572,-2.45938910387879,-0.0472090411086152,-0.789459759846276,-2.06019050611339,-1.64986098229218
-0.497422989051772,3.39832287061341,2.87134090046857,0.897433713584639,3.58968997061494,0.170347184853306,1.88962609285127,2.98716084342085,2.36349374698243,3.27940265868378,2.3347117596711,2.98099916966455,1.40000310852683,1.10792711434668,0.750036778329613,-0.343071741129795,0.548321830372056,0.747425625575201,1.57952908446167,1,0.5892218406131,0.657550333122746,-0.209435559615412,-1.14196283328365,1.00551548411258,3.26248035389054,-3.94851635953222,-1.73053469375244,-0.0814700682932533,-0.259428198221384,-1.31242296686554,-2.19157652109549,-2.66167664055631,-0.950324939271324,-3.20284782977882,-3.41356844829233,-0.0579963018921756,-2.71826918073233,-2.26602391564141,1.21667523515976,-4.88126890142954,-2.41623886383093,-2.89491627526889,-3.22253247444473,-2.21808621075205,-4.19641620179167,-3.19668282575004,-4.08230991532114,-2.32742924031517,-3.09912115313031,0.748145798405973,3.69338228854539,3.74695581004286,4.00525112499569,3.0974439097262,-0.921414543603283,3.9021488097908,3.30403995135392,3.69768525436118,2.47838741607458,3.41417692248768,0.341818031784088,2.61158537486273,1.37103463303869,3.58609990308186,-0.40316176867688,0.624499509153395,3.33837089758258,3.28250438620577,3.41659940420873,1.43967309757738,3.5790906223248,2.96050642146189,2.07044526830732,3.43457710191304,3.28745289996363,0.619403560208733,2.80635001760578,-4.11014596787672,-3.48227522913828,1.39854165134023,0.474612333947472,-1.12761750937265,0.98603211973774,0.717392467610581,1.70846090162061,1.14090395665854,1.21080762523299,2.12041272467001,-2.1168123246922,-3.29407129097508,-0.867222494103311,2.06903370997045,-3.04531427484391,-2.11848375188249,-2.50399185370584,-3.2216317309432,-0.90453019184088,-1.4603040843243,-0.0312032199734051
-0.0702494992362966,3.2901440812956,2.50283958881125,0.410586379687232,2.31270338182697,-0.889747485243975,1.98927554484632,3.16919425635889,1.19990756236376,1.82841085039863,0.940771633329863,1.5466326581175,0.955153457842827,-0.465961640107584,-0.850616406364898,1.60034118126725,0.67619355370623,1.61934331948354,0.802163181406447,0.5892218406131,1,1.47558707254565,1.20199137270476,0.346249541402086,-1.42546860672373,1.17558828735656,-3.11017682355181,-1.75934820665189,-0.0285621118891434,-0.487139303648868,-1.32065812915153,-1.31452297615554,-0.784713015062182,-0.194445233983793,-1.39050699108294,-3.65815732915326,-1.63227480392817,-1.70689967209239,-0.311738331532118,1.95507027066556,-2.41883282037321,-1.49728017989024,-1.24618822612041,-3.0286762392548,-2.53684827669773,-2.46909642410439,-0.92332673284041,-2.35513230143973,-2.79893606452901,-2.87471722675785,0.4022083751851,3.02691482006989,2.8440545975487,2.48085991377608,0.534182601677593,-1.24079668360033,3.91069080974647,2.45870993796342,1.5597610608971,0.378665034640127,0.245557429118295,0.317807937452619,0.378684955605349,-0.488088795256233,1.37476498947894,-1.57280223845004,0.95331894117938,2.01270274060013,1.76729034000044,2.1525564497845,0.987534212453171,1.81794156890154,1.64210689536719,2.36723689824078,1.32829002474317,0.746685096696972,0.118583193728141,1.2115298044297,-2.99261892835388,-1.77629744008568,0.970443128757205,-0.696061724319881,-0.722084907180607,0.120581689865855,0.067861461846503,1.96880600358003,-1.84145174287496,0.0767491671690577,0.359703981158423,-0.557518174424174,-2.25551662883049,-0.417772153873402,1.2537646223213,-1.64844013792655,-1.08059220759001,-2.52052447979609,-1.49723667420702,-0.688031469533518,-2.02219684913411,-1.1665314750004
-0.112766593970362,5.1428298186521,3.90610271594481,0.839028516006455,4.00439111348172,-0.168762099598011,3.55448812861325,4.66258609769733,2.13307390878341,2.39419838846067,1.46045918165474,2.39962056515147,0.773457674391169,0.321505145399343,-1.39932488709118,2.38375749952606,1.62419932706721,2.39902706502347,2.08153582881861,0.657550333122746,1.47558707254565,1,2.01905316230284,-0.412531085770501,-1.57535013035725,1.34762396703571,-4.49181202586951,-2.47631331942426,-0.596814846310075,-1.74307200445272,-3.07366854452251,-2.27314233749914,-2.5516433791562,-1.29980590835889,-3.36490942987008,-3.59568849721902,-3.60263468052535,-2.57137513683595,-1.81024522923218,2.81313128599077,-3.90791866314441,-3.4394590908644,-3.47271104664018,-4.07492319647243,-3.56441745119295,-4.36289171980046,-2.88236511877473,-2.71570937265147,-3.96225790165834,-3.95951832999886,0.369547524445447,4.52724030022141,4.37512239134154,4.47883548676877,1.62172802454191,-1.1522361429253,5.41929773672161,3.25140187686084,2.03489196928684,0.906150424559374,0.74238093948044,-0.137684630661603,0.213055540868901,-0.183529055582615,2.62744821682912,-2.30292798908339,2.0158644558241,3.84520607719836,2.89423122945605,3.0637498804709,2.72264254805754,3.24753679518273,3.934786816862,3.07164719445352,3.08441656720037,1.38650267600286,0.806780922511594,2.34486713351018,-4.8188830751528,-3.49690280014544,1.72752384723843,-1.45017718759277,-1.78918388333531,-0.315857744307191,1.01540520460376,2.32488633092868,-2.41610033574611,0.0331941471114876,0.722424790823787,-1.11615433644258,-4.04379191823401,-1.32331581764479,1.96973860227694,-3.34250870536469,-2.51659142074664,-3.57580310980694,-3.33862375322876,-0.310526447534608,-2.83906033511967,-1.60813526740487
-1.10768839985879,3.09460109450968,2.3617313543978,0.489462618302396,2.92425708286378,-1.02680035363757,1.85275772012137,2.73975872819734,1.42897472687724,2.37688429688831,1.49687860078114,2.57737163127442,0.439983382988929,-0.335009426588579,-1.15807069928551,1.14663480021734,1.55803503996644,1.4299689888091,1.30532381815674,-0.209435559615412,1.20199137270476,2.01905316230284,1,0.322470834822249,-0.269115791791068,2.21893450456493,-3.45238271730392,-1.20658527903329,-0.318642524865481,-0.058608406333031,-1.61655767249822,-2.40900371254015,-1.34182948686133,0.209261834085682,-1.78610944968827,-3.94289335080333,-0.833659865231323,-2.55320045637222,-1.08383435585168,1.78521417237203,-3.69413692306962,-2.14637824238029,-1.95982704242508,-3.62941190983404,-2.42692384984059,-3.48678951162581,-1.67862631156697,-3.24954175124437,-3.18184315677505,-3.61251331319075,-0.422874576733664,3.1305336633855,3.53760718373152,2.98270792936159,1.47315250696471,-1.48764543445177,3.50659501553269,2.57081037171459,2.10265243766187,0.840809832528392,1.31727612297153,-0.327771547299041,0.889394807858296,-0.185373161248833,2.48904592858558,-1.64576388750593,0.768379100566185,3.12312931521746,3.18389328042672,2.87500702895462,1.49243000533285,3.24191815828752,2.33708079978708,2.13211362136052,2.87040425437994,2.11984219350032,0.509080469614438,2.504506688089,-3.91843043527585,-2.63170648466636,2.29030759511647,-0.20255767121491,-0.823689224230511,1.08576530519123,1.22037434694673,2.25993149688157,-0.41859228065238,0.864006012881586,1.01036639817462,-1.32258654007998,-2.93968218917662,-1.05423188856129,1.68040602714564,-2.35006921380221,-1.41659758016724,-3.37885617899952,-2.27992513230463,-1.05219248637346,-2.52632736482899,-1.34445704405623
0.844166570950291,3.83174713569797,2.89972852505416,1.17067164030592,3.29461182858379,1.23740078787147,2.27743267277498,3.26582653039338,2.0453164453593,2.39800080542887,1.64134894878481,1.70529306423918,1.57639240431618,1.76475430637752,0.782992110428662,0.0823180777127679,-0.0774478888258905,0.625963482188971,1.57777411169303,-1.14196283328365,0.346249541402086,-0.412531085770501,0.322470834822249,1,-0.020271972205165,1.58772588029545,-3.0846963501505,-2.07801908420403,-0.075467378614469,-1.56517807888276,-1.74627470055002,-0.802711751152598,-2.8516382178768,-2.33013771047788,-3.56710618485547,-1.66833438596553,-1.78258913067029,-1.23231768682018,-2.01282340487892,1.19663672630357,-3.18645799247617,-2.35581235202684,-2.95464767344346,-1.67177696293588,-1.94374215991578,-3.01157399449003,-3.20470848754532,-2.1920352157418,-1.31160548642008,-1.56278951128722,1.19590396312373,3.27848037467351,2.8230695996142,3.9391072889314,2.31139397329588,-0.170927247673338,3.74743878288794,2.5875095181277,2.69667509184922,2.01649185413858,2.27099730246574,0.774999522508714,1.52735205969992,1.10886684791397,2.41693806581533,-0.375395248527958,1.03905615676478,2.33612684438845,1.41947512255542,1.96990732774386,1.6662821489774,1.86315528081308,2.8590420894397,1.76172511955153,2.17470445089688,1.7014667663909,0.610466974831667,1.48304973053812,-2.97892873590061,-2.81077671864924,-0.0550573129096004,-0.493420610034834,-1.48124666725752,-0.802629655316209,-0.0362290586463354,0.719538010941358,-0.46095619466708,0.125498676735005,1.03801317779229,-1.08421504449228,-2.70643427506361,-0.448036602160603,1.51793391002225,-2.48685993075912,-2.22837483145521,-1.02796366142407,-2.79663903192309,-0.0462431654454329,-0.615301884480279,0.338785179659278
1.12247374162272,-2.59387829037707,-1.72638636108225,-0.499437258912633,-3.18288320161636,-0.0423705928642144,-1.70320422902098,-2.0312967591419,-1.98830858304759,-2.98253489564624,-1.99340524837473,-3.20415950736119,-0.354960274138927,-0.366868839050908,0.628833550980132,-0.328640332863405,-1.44330060288704,-1.15885345694055,-1.64498196228865,1.00551548411258,-1.42546860672373,-1.57535013035725,-0.269115791791068,-0.020271972205165,1,-3.67941633004746,3.26082747410987,1.32949159104418,-0.124383536510921,-0.308031578462564,1.49177383112849,2.58140669049159,2.12853537786062,0.17526278584217,2.68847822556717,2.6393026297233,-0.0698592546831884,3.06673645029731,1.97803530236285,-1.34267837619994,4.64927701926962,2.7124475749113,2.98884592044489,3.77203210577072,1.88306538666592,4.52696172469258,3.05797809663602,3.85123942190409,2.40624142485673,3.2866156147687,-0.44264666135589,-2.91212332924108,-3.33777785381485,-2.75310323434749,-2.71331038894565,0.211893378777704,-2.71547250061367,-2.46434412091561,-3.18173663636451,-2.13454685481661,-2.74464636547753,0.70081009527302,-1.61618153955055,-0.441642117080371,-3.52535500076186,0.949977001820762,-0.834171166238467,-3.18915464446752,-3.44319944674633,-3.68040240775423,-1.76067488925348,-3.68463293081871,-2.60832817845969,-1.74555332508816,-3.88633957614416,-3.56995082465062,-1.76837890654881,-3.09347591923995,4.103882420399,2.74167750310934,-2.05099769274962,-0.0407239064391132,0.945558647237862,-1.13178289591451,-1.30574090793049,-1.14716125964292,-1.4544732653447,-1.46702949307893,-2.30187593960229,2.24114830236637,2.80728366550159,1.00935416645053,-1.78401935938358,2.88640045326282,1.66739648195365,3.31304558473839,3.34336288944559,1.04091852442008,1.69404141440396,0.281467558293326
0.248764428439547,0.812967650699077,-0.795944449514235,-0.848470819343545,-1.32499398841895,-2.64437226534012,0.979401838709744,0.692976487864744,-2.02950294101693,-1.37281269042055,-0.882933267015841,-1.16404027939144,-0.875127304425333,-1.73392188251608,-1.927048570873,2.46979142939364,0.916769004284082,1.87296237544085,0.359347023915142,3.26248035389054,1.17558828735656,1.34762396703571,2.21893450456493,1.58772588029545,-3.67941633004746,1,0.676000086251817,0.292474591613133,0.250601820128157,0.00107359156272624,-0.865106614024085,-0.631760292997899,1.25930007250879,1.07046847149287,1.33700806670725,-1.88312085789118,-1.70186075578235,0.325342566026764,1.49564282194255,1.26440100808467,1.86543885920431,0.413227425334629,1.10829911723242,-0.93237252618115,-0.527137977914061,1.1644694038051,2.0165668106362,0.978411306060517,-1.24373371802521,-0.922796304828202,-0.39190258207703,-0.0536447837528606,0.359115637998513,-1.24217526544588,-3.56303810957004,-2.00967397161292,0.992458088712666,-0.980157936844305,-2.17797383314625,-2.63391146707532,-3.22254462881689,0.287361134522134,-2.1211019671473,-1.98361899129047,-1.36003473774459,-1.5686229113929,0.83472411040823,-0.151542186870081,-0.402862710741903,-0.0896090441444337,0.63000980785897,-0.675369558002728,0.0123964964949888,0.671413333118355,-1.39457117401644,-2.33912655646549,-0.55095004727453,-0.637639926154468,-0.693390171322189,0.273268832809765,-0.0136218024845999,-0.725347828760537,0.682343060044049,-0.387075740567127,0.180637251882186,1.69619632293615,-2.86120659205765,-0.29304810637903,-1.07600864482011,1.46944963346031,-0.0672147257193163,-0.425975106526983,-0.53393918454928,0.481571617809332,0.292227778413782,-1.07626900244464,1.29867116245178,0.275306588823021,-1.43366515487579,-1.71341965201749
2.74967967693976,0.977899952915645,0.64834189661286,1.84590915942757,1.60766376810536,3.5770165430526,-0.433283992076851,1.11306391775063,2.59469463398855,2.48274303702917,1.70990874478592,-0.00320902713318727,3.52007895142419,3.15670396822362,4.96853708293786,-3.85814269727498,-4.55324843249285,-2.82066494145521,-1.72585464342921,-3.94851635953222,-3.11017682355181,-4.49181202586951,-3.45238271730392,-3.0846963501505,3.26082747410987,0.676000086251817,1,-3.4952829436601,-0.0889196179470941,-1.21488624412751,2.03390438501502,4.5034741918679,-0.69595455888949,-3.33627441824738,-3.20867321043404,2.65618382942723,1.12062745724627,2.64670001170663,0.500575657609034,-0.649158198451447,-0.144823290368314,0.156129697472135,-0.879466254685805,3.00850820913351,-1.36240796835175,0.0426511571905457,-2.193283101901,-0.685037085731437,3.67788554635743,3.61094876083332,4.21867937976414,0.802533926017763,-0.422111803883475,1.48523551685876,2.42175032367905,3.32974877524433,1.08954468045672,1.95003199837394,3.84417065570577,3.46699717268414,4.018299923134,2.10255180039753,3.7508769363388,2.75752480393938,0.684581943321478,3.48981013696051,-0.910400577706876,-2.53748368076167,-2.42113617746884,-0.814939277474785,-2.36454844907874,-2.02652755893375,-2.26357305443066,0.260757358359808,-1.15145005253635,1.00185529153734,-0.27898706942596,-1.8923843029678,2.53928596495671,1.80726864660214,-3.81889422738467,0.760844591594434,-1.79598692611936,-1.73831818737369,-4.36972270714435,-2.37256970167581,1.93125665120063,-1.54842822478974,1.36785197296196,-0.188437936591094,1.98932436025297,3.42133467775398,1.25299897992657,0.210729627265645,-0.0623506117283134,3.9057382275952,-0.391027971301059,-0.536632179676478,4.01811794439585,4.38096122282613
2.52205864836497,3.43113881491444,2.40701853460038,2.02070127668875,3.06001346716618,3.02341595547144,1.37746289699777,3.34392179071819,2.82841393977606,2.86137537787488,1.50658689543312,0.678935356166133,3.41697535267253,2.31119092207737,2.40917582337587,-1.09523751510346,-2.87844406681642,-0.976381438737599,-0.767962070080565,-1.73053469375244,-1.75934820665189,-2.47631331942426,-1.20658527903329,-2.07801908420403,1.32949159104418,0.292474591613133,-3.4952829436601,1,-0.202863973265028,-2.29511994613805,0.0960484224011422,3.42337188568162,-1.03140025076859,-3.39578569554756,-3.70532498382887,0.708527461447481,-1.8131535523921,1.55586339720029,0.361617426223244,1.03271733245822,-0.976602583525246,-1.48637934660581,-1.83624277861023,0.729591261467019,-2.87764272455811,-1.4754481312649,-2.44168981052257,-1.0424140387038,0.972567089798149,1.35041158251079,3.25587971273088,2.4339978627417,1.24621049770531,2.88028465561558,1.94668384313579,2.59447178128353,3.35754614803729,2.83092565384894,3.50021207746955,2.8111520973991,2.43404453159576,1.67693156681492,2.05391777847607,1.27845781065379,0.800952883177321,1.0548516555659,0.286475676831307,-0.938004499313971,-1.52229820652902,0.0798712173053701,-0.658049603229643,-1.20803995885582,-0.656376540290461,1.7978216545341,-0.31270120496806,0.439720666752648,0.315725619553564,-1.30754982232602,0.328946471288684,0.791601064691733,-2.48568112645026,-1.01155387196879,-2.29100845568197,-2.4671130296563,-3.47699607440839,-1.3910274271824,-1.17077638525188,-2.10507906222753,0.385539149311704,0.00990820757203884,0.268056241451393,2.6257981733411,1.58056137221597,-0.847334430322486,-0.81817734152784,1.63432810687137,-1.36942343501049,-0.512693359302557,1.68375845035997,2.38572095809659
0.478789204653043,0.0978894737401621,-0.71900286143881,0.0670134899754431,-0.408645346134953,-0.799253322035123,-0.0732948929505609,0.00192566348323425,-0.581528695968815,0.328711499698609,0.60365855473197,-0.121550697603487,0.59500812268278,0.0550695702809942,0.780986399442454,-0.619472311050844,-0.641228564495434,-0.0675834665781919,-0.0572134963465313,-0.0814700682932533,-0.0285621118891434,-0.596814846310075,-0.318642524865481,-0.075467378614469,-0.124383536510921,0.250601820128157,-0.0889196179470941,-0.202863973265028,1,0.256884731569036,0.410570008863416,0.21209853297271,0.0811805653012576,0.0205616778036494,-0.112267610925097,-0.778064139212089,0.827744953832688,0.394449928975538,0.47323614175652,-0.062460275513974,0.205092734060217,0.375300909143502,0.390385271151605,0.0936903512001272,-0.177127056822893,0.35915966266909,0.242078193262169,-0.528825722953991,0.544463280190676,0.243317365656048,0.611157721622911,-0.0834759815961877,0.141301203819352,-0.460303725780078,-0.851073864546324,-0.532959956030322,0.28170608231563,-0.0236111774805219,0.604186188056944,0.117859543472027,0.504515643235191,0.794501533071364,0.798497347264459,0.216751497035792,0.158440632477657,0.494872174605747,-0.294135796647725,-0.470275330555107,-0.252191215140416,0.236934803360075,-0.363406418934519,-0.321157429033262,-0.515681330611895,0.0390982017568237,-0.479699830523161,0.0119711034110886,-0.429108652851724,-0.172171201647127,-0.0638160180260059,0.131170271008161,-0.644456344324781,0.634903588219187,0.327655315875372,0.116651754653809,-0.553116394571209,0.374706290429242,0.548839357850708,0.324631546480975,0.450822691982274,0.221719077277332,0.32570044313336,0.46577444709865,0.123245600759003,0.036626518698324,0.176601262661089,0.386466865457736,0.503445927575327,-0.282711860968779,0.35311422302792,0.39246467513278
1.76893927296108,2.1563520244871,0.348760585438692,0.640835103258287,0.945754944412976,0.935982954201843,1.26916661149898,1.84037776549724,0.5672832622472,1.02235088935279,0.883024416430943,-0.218850948680511,1.59143129021514,1.67814191375878,1.71638365217135,-0.376286754174025,-1.55997981782494,0.050285624607487,0.370384350003065,-0.259428198221384,-0.487139303648868,-1.74307200445272,-0.058608406333031,-1.56517807888276,-0.308031578462564,0.00107359156272624,-1.21488624412751,-2.29511994613805,0.256884731569036,1,-0.376590505557135,1.50272734354119,-0.875041627845326,-1.9722278526058,-2.50066568580164,0.543464057173965,-1.23073777961514,0.940175795136487,-0.268438694693128,0.526379882584332,-0.0944750558891038,-1.15401640370821,-1.41421088541454,0.424981367014359,-1.05881975094119,-0.637868858719065,-1.46990519098063,-0.160802330337348,0.742317958966484,0.93258219324075,2.42163138796549,1.15922718644365,0.899817767437199,1.22790528581165,-0.0610840166606721,0.618546745705424,2.07640246898367,0.815472286713448,1.50389036659954,1.31874889996497,1.15005256961155,1.5592286386305,1.14928539640257,1.04171624697125,0.683923678900791,0.979979756211514,0.729878631138111,-0.28327915592918,-0.758315425577645,0.554330644348105,0.492646101873167,-0.726979060320351,0.483778313750044,0.90480981165512,-0.33829637092791,-0.291752471791006,0.248076186726292,-0.853383299177092,-0.475657598657676,-0.265579873121011,-2.0102856586145,-0.136898284007604,-0.955724432133711,-1.56664331292452,-1.82546823327692,-0.361891364163083,-0.557285518077832,-1.04070321794456,0.850821859707221,0.173141695441079,-0.00877286243266384,1.00571057837754,0.678548443094791,-0.974741833617518,-1.12412463786907,1.1350794225376,-0.911454867149106,0.467207692916755,1.13261556275751,1.55681340016039
1.47816850041827,-1.89079439312173,-2.07781051216913,0.124933509742909,-1.68634305355115,1.49285376515895,-1.28333221842401,-1.83965389819342,-0.700116797678433,-0.784840996034909,0.0338888605345351,-1.60007662809236,0.767638193462061,1.82994538158147,2.84195692649856,-2.45215432625316,-2.20869550657941,-1.77510755543608,-0.643950950758586,-1.31242296686554,-1.32065812915153,-3.07366854452251,-1.61655767249822,-1.74627470055002,1.49177383112849,-0.865106614024085,2.03390438501502,0.0960484224011422,0.410570008863416,-0.376590505557135,1,2.32566726734942,-0.0678422809347479,-1.25136261726387,-0.417751773365814,3.54988173709993,1.43038905535258,2.18897514524545,-0.101918018179616,-1.88114282068635,1.95672018138398,0.905507416801302,0.418102106664818,3.2868359875987,1.86665651773002,1.97088268571699,-0.182064715248512,1.69599035895326,3.41210832673523,3.48461138991016,1.50672536397416,-2.10021031005675,-2.21619388936227,-1.53166328560015,-0.269315601900732,1.48567071074782,-2.26641132359833,-1.53461701796057,0.155733946064579,1.06145096667253,1.28774151344118,1.24142786553837,1.23473953494659,1.78208250331512,-0.650519856012661,2.69092188201149,-0.717737752450671,-2.24288576181951,-2.246127977662,-1.52768448900861,-0.922866154848036,-2.28868981382504,-1.33531378621782,-1.69697700502407,-1.63805974208518,-0.652182217731843,-0.298940159541421,-1.78400372205851,2.60041426782882,1.31587743095847,-2.61577864725795,1.04864183214393,0.279503562431553,-0.992030630720268,-1.55396336944793,-2.16625542503045,1.99299338921108,-0.538378140168519,0.547807323065676,0.454017716914656,2.14818109929114,1.24980535146031,-0.711206212383512,0.80826202867893,0.272604423021426,3.58180130349371,0.904740715977927,0.942231263860661,2.98319639327987,2.45724048975757
-0.140015509658103,-5.39236499435958,-2.85357661907462,-0.724135964479565,-3.25304299146046,1.4013512408311,-3.2996814279107,-4.99337818657216,-1.14856744414192,-2.45829418126692,-1.16008684278657,-1.80328545721582,-1.41950572766314,0.653153882574307,2.06798360070503,-3.24713247040965,-1.11941596058716,-2.62335446787895,-1.10504869184202,-2.19157652109549,-1.31452297615554,-2.27314233749914,-2.40900371254015,-0.802711751152598,2.58140669049159,-0.631760292997899,4.5034741918679,3.42337188568162,0.21209853297271,1.50272734354119,2.32566726734942,1,0.294046566912764,0.391350038159053,2.34407999686575,4.53365539899894,3.78187888365432,1.42667408728129,-0.409850925538703,-3.29269434715474,2.31495425549913,2.97889389403108,1.95404477068079,4.11778537014708,4.12042688751086,3.34831672864186,0.955916563889246,2.44148862088842,4.10937118917518,3.66802307296013,-0.609025791590116,-3.96085063259785,-4.26696715456117,-3.13651482965223,0.627098303127383,1.39815061717943,-5.77000688119674,-2.96194874776121,-1.75038984583236,-0.223099327017775,0.561059738660457,-0.632626393639309,0.348806308210199,1.3114122272474,-1.41438300569983,2.65218335812938,-1.7439348088748,-2.44314441515174,-2.02724888882611,-2.75493926641043,-1.95128765040993,-1.72720425366058,-1.90260982596549,-3.63856855444117,-1.4113499619739,0.0679621555542214,-0.493062803195996,-0.845185833050839,4.18899271916277,1.57502621500531,-1.26449798118968,1.75920697735834,1.40985423223672,0.796949834543886,0.413270544212845,-2.46608086716917,4.06660049167987,1.15895033281328,0.00659456698121308,0.0267993563698548,2.56358858649211,-0.0558606063427436,-1.83785449367733,2.39901339889582,1.5539909118807,3.49486307237214,1.95898567351618,0.827086867467846,3.11257376059411,1.78595635758934
1.15410783347693,0.505347541217632,0.576950903543979,0.55167908876434,1.0043443412663,2.3517920794239,0.517743156337736,0.35153249319734,1.5596038730745,0.998209974649789,1.32934858083737,0.406110093001374,1.07617436594342,2.77619680865772,3.2548890903479,-2.27668293427253,-1.50421366410675,-0.827442057071657,0.85546585896742,-2.66167664055631,-0.784713015062182,-2.5516433791562,-1.34182948686133,-2.8516382178768,2.12853537786062,1.25930007250879,-0.69595455888949,-1.03140025076859,0.0811805653012576,-0.875041627845326,-0.0678422809347479,0.294046566912764,1,-2.31616966328427,-3.01299880107851,2.15960057265953,0.507341915740953,-0.224878617663687,-2.51809751325479,-0.819807065913251,-1.74701010178456,-1.0923155715364,-2.43872687842749,0.827311097136893,0.283343387994732,-1.46831651695457,-3.16113670871649,-0.687294094900659,1.56870885433715,1.14052439560741,2.38077054550639,0.861005969471382,0.308842294235664,1.63071870148066,2.64102289130358,1.39515281833863,0.51775979224418,0.819670175989965,2.24636577453252,2.69768675521935,3.35430431383293,0.791887054234662,2.56655206252833,2.86450855135608,2.00407189031404,2.26387369999861,0.365313022024008,0.586168126681061,0.151642987385778,0.949393799066857,0.561370807263201,0.681849096964714,1.73331751640894,-0.255503719039736,1.24514076442516,1.72960220160772,0.520147687523788,0.531679898061739,-0.384343359964134,-1.63791396290669,-1.63798497095124,0.940313211588947,-0.873128223034792,-0.45034875922057,-0.602165352164505,-1.12884931002798,2.67422834648603,0.426922010617825,2.22027522225536,-1.36447387638036,-0.721213588065656,0.015659842761431,0.642008827039103,-1.65571956788087,-1.60792915863165,1.58470908890837,-2.03650529577466,0.824298398549057,2.05660473995876,2.35957980970427
1.34556659149837,3.71133570077995,2.01786078671829,0.969524005545606,2.53578360606907,1.19109663494158,2.3737822322206,3.42836350106012,1.83592082929058,2.27907094062686,1.95180834371997,1.09839443194117,2.26418600467542,2.35382524816105,2.10582973404538,-0.16457656153732,-1.10286570530598,0.764516347757223,1.28838356488248,-0.950324939271324,-0.194445233983793,-1.29980590835889,0.209261834085682,-2.33013771047788,0.17526278584217,1.07046847149287,-3.33627441824738,-3.39578569554756,0.0205616778036494,-1.9722278526058,-1.25136261726387,0.391350038159053,-2.31616966328427,1,-4.15508253518194,-0.594536746130931,-1.89367875669869,-0.711462649817013,-1.87346695044736,1.06322490993509,-2.53983859728449,-2.85185901326692,-3.18013185104847,-1.4941475437795,-2.17694207788447,-3.06237669288746,-3.12366205856174,-1.81600209047065,-0.95451202291616,-0.84183309403725,2.76287013756034,2.92149298185833,2.70003712696663,3.13959474640306,1.56740943893903,0.399519675820876,4.05131040719297,2.43746931927318,3.16954457993623,2.84691072978138,2.74990708868135,1.62542263996212,2.31888198104815,2.11165381952617,2.43959661305471,0.763339184774567,1.34546091701855,1.64651677114514,1.05833744003318,2.42099089693919,1.60824670395812,1.1097572572386,2.42181942589024,1.99360573391292,1.43650223615948,1.01713497017885,0.505540411418862,0.344830300771047,-2.64593039206753,-2.19178212354736,-1.096877952729,-0.0735356287595074,-1.51464216960972,-1.09997821796321,-1.25712094960021,0.363041124385451,-0.309063527937833,-0.794259215172675,1.96284529731344,-1.03834622680287,-1.81491175105907,0.36367074886894,1.60363250134943,-2.9611274563375,-2.3848749473126,-0.185123205938774,-2.74821787820829,0.47571269385553,0.181836839263014,1.23389595305602
2.30136482714129,3.2413512089136,2.22060959213423,2.20659720640854,3.41710129614567,3.80539610239189,1.4095959457872,2.74489749904585,2.98722843123572,3.13390314978393,2.38410788093436,1.23026228611175,3.28673473030756,3.90649078482764,3.52174432323426,-2.38270669567858,-2.63177025275483,-1.39179466655655,0.512937315429821,-3.20284782977882,-1.39050699108294,-3.36490942987008,-1.78610944968827,-3.56710618485547,2.68847822556717,1.33700806670725,-3.20867321043404,-3.70532498382887,-0.112267610925097,-2.50066568580164,-0.417751773365814,2.34407999686575,-3.01299880107851,-4.15508253518194,1,1.67669293600792,-0.9576801549276,0.774704679938515,-1.84912187157728,0.0519288144454084,-2.40027217891222,-2.41696301913246,-3.37168574829809,0.881536505835076,-1.79343703052277,-2.47357630501177,-4.29954215294698,-1.51689862948075,1.53767786557079,1.45637128994677,3.23329767313378,2.3957692877809,1.52322525920568,3.75165255205183,3.4410353457183,2.55265059171154,2.78820905065326,2.64167020198345,4.43507664383023,4.30627247134955,4.54176069589466,1.76102556457615,3.30308998706613,2.89311198109271,2.38844463440245,1.96770748165881,0.350145667792938,0.262320901375665,-0.536392188362669,0.870130917292272,0.445677028477764,-0.0723741658008331,1.1245107533086,1.02497554848504,1.23595406073092,1.94077569165187,0.78138726028899,-0.184735188803819,-0.654946705490369,-1.09290419316399,-2.29632653326393,-0.0805820595221383,-2.26500161386186,-2.05444468681052,-2.34240924189735,-1.72260915854564,1.09214917240264,-1.09446969113754,1.6473277969271,-1.04125637967643,-0.69834523078435,1.60936028477754,1.71124246045996,-2.15031038344298,-1.97407126573885,1.9981535434361,-2.72038888316908,0.110744078860954,2.22334418744728,3.09090796254101
0.699381528543778,-4.10904450074403,-1.7651957538816,0.353442015122122,-2.06828446132014,2.74929194779102,-3.57357580758462,-3.39298465853643,0.354805005638077,-1.45539772131067,-1.24915938643772,-2.24690202145517,0.296598998543348,1.3791308871842,3.37097930605587,-3.85347380933139,-3.42211511186481,-4.18184612655109,-3.13786777020847,-3.41356844829233,-3.65815732915326,-3.59568849721902,-3.94289335080333,-1.66833438596553,2.6393026297233,-1.88312085789118,2.65618382942723,0.708527461447481,-0.778064139212089,0.543464057173965,3.54988173709993,4.53365539899894,2.15960057265953,-0.594536746130931,1.67669293600792,1,2.79193125799133,3.8242681114216,1.78498797585818,-2.7103683773418,3.55766603479259,3.29953156117213,2.62827859833212,5.87359763523344,2.21620199090516,4.22438852600646,1.65729831362122,3.03700470260689,4.93649045145723,5.4346306572376,0.82574173608856,-3.28337501474362,-4.11878196679403,-1.96150561351761,0.884678223544372,2.83167156996899,-4.33586598603452,-1.53964576882789,-1.00546053643205,0.283435957736229,0.669534956585757,0.287340921839714,0.984317111830635,1.47565023550045,-2.52026524662331,3.51989017243529,-2.27917604905198,-4.2443124107075,-3.53286610710494,-4.28594155538638,-3.94747929629483,-3.51181629179907,-4.48306698009204,-2.72667952732664,-3.15291348600054,-1.11101033990793,-1.44710661781059,-3.06313607894672,6.33967041075268,3.94960980602733,-2.62017039867587,1.3074797126689,-0.0698792890116229,-0.360864806349155,-2.73656873297415,-2.93442479787135,2.23658625751339,-1.51045737615936,-1.03116565105276,0.990181577282766,4.31619534940178,2.48978240624806,-0.984725527226174,3.55590208198703,2.14328815883295,5.16802986637086,2.77790439369092,0.120757072232126,4.30764650053458,3.234765187007
2.86258108616274,-0.276265282369524,-1.74692995828889,0.303495609524532,-1.75236762748636,1.12058863739876,-0.33777282624344,-0.108878802241886,-0.860689881438668,-0.475386714235946,0.177745246673346,-2.30389680181079,2.1442791349113,1.86737321943826,3.28565821878601,-1.58952672809566,-3.3672845863589,-1.03828401071895,-0.907641167923563,-0.0579963018921756,-1.63227480392817,-3.60263468052535,-0.833659865231323,-1.78258913067029,-0.0698592546831884,-1.70186075578235,1.12062745724627,-1.8131535523921,0.827744953832688,-1.23073777961514,1.43038905535258,3.78187888365432,0.507341915740953,-1.89367875669869,-0.9576801549276,2.79193125799133,1,3.06437873437197,0.985986816629059,-0.999100323586776,2.8121247807469,0.740373690346938,0.650373732272389,2.97444826446305,0.633046785413057,2.20430339462816,0.308425320266061,1.80209493238324,3.16215749107583,3.64635065555651,3.12232982689137,-1.37772745205051,-1.79213705851187,-1.56855409879922,-1.78258073565574,1.48501517781481,-0.300633047701033,-0.939634388937437,0.578111682665001,1.11475368228755,0.577549129974436,2.59345620826407,1.22401469430505,1.5398269397378,-1.25841182028637,2.59307516115036,-0.232518109644487,-3.13774963568284,-3.39163434755497,-1.37824420395181,-1.06992894757445,-3.64259392840742,-1.91346866737214,-0.537720497320189,-3.1422663871988,-2.09168029541616,-0.672302255518379,-3.22645299944994,2.51623714001587,2.0335891249212,-4.16661346455179,0.40784849631891,0.123604029895558,-2.2890993627907,-3.35009883776986,-1.95596692605921,-0.141433705815022,-1.75934092120718,0.299129711224814,1.26794704373915,2.58870547545123,2.39513001223342,-0.580898402519666,0.79171454369873,0.251793810382368,3.98705748793554,1.33845188650608,1.04853115647283,3.08236486350141,2.64810515683358
0.612097398374761,-3.59030456617262,-1.47741020148501,-0.0899857962885964,-1.59515808705905,2.36581480664294,-2.41519331626806,-3.21241229699478,0.293188659668406,-0.811403942005772,-0.470494290328729,-0.975605656641455,-0.0431725253803863,1.21477014882231,2.66188142021714,-3.25028793243298,-1.89916883870193,-2.5302725244156,-1.21384216359727,-2.71826918073233,-1.70689967209239,-2.57137513683595,-2.55320045637222,-1.23231768682018,3.06673645029731,0.325342566026764,2.64670001170663,1.55586339720029,0.394449928975538,0.940175795136487,2.18897514524545,1.42667408728129,-0.224878617663687,-0.711462649817013,0.774704679938515,3.8242681114216,3.06437873437197,1,-0.474828211133474,-2.49632159151003,1.0437053798229,2.14060197552827,0.980650429611756,3.37273762718025,2.71549289228786,1.95973724302897,-0.255819934198562,1.16064567502623,3.71887265904759,3.27320152407448,0.769799429744221,-2.36290468340315,-3.18188284721637,-1.667675074528,1.77513875477466,2.20491228200957,-3.79639135266109,-1.3303778495892,0.0642130202541855,0.99542312719999,1.61686498100966,-0.0971777040240658,1.23691047832139,1.60126633005999,-0.629774794235193,2.67964537739364,-1.42582481671609,-2.23621897450886,-1.96653309893578,-1.87763481203028,-1.97165046564096,-1.52134746814715,-1.73050787815532,-2.4076458876375,-0.973128774749474,0.774785668620458,0.00145502399284525,-0.808466167827595,3.46547552317994,1.43200946709407,-1.87705412650487,1.24063633652751,0.532601261995978,0.0650389699428089,-0.775267862115868,-2.69285808926604,3.54652036554745,0.660866425280162,0.509939979825538,-0.39315868377887,2.09535117906485,0.762610387592477,-0.999603751795219,1.68714380293647,1.02043505119306,3.21748418761832,0.879903068177996,0.386285750885211,3.20680715034635,2.45643448641202
0.717437973328939,-0.200745957954938,0.416079382139851,0.381463479967325,0.729033788065908,2.23935574800102,-0.0444276341102262,-0.516709089245433,1.04535826304072,0.602333452323632,0.68083628364553,0.421374636536298,0.404761965146188,2.11682178184309,2.01404762831334,-1.952804758165,-0.717262793568132,-0.962996858935791,0.928935821622406,-2.26602391564141,-0.311738331532118,-1.81024522923218,-1.08383435585168,-2.01282340487892,1.97803530236285,1.49564282194255,0.500575657609034,0.361617426223244,0.47323614175652,-0.268438694693128,-0.101918018179616,-0.409850925538703,-2.51809751325479,-1.87346695044736,-1.84912187157728,1.78498797585818,0.985986816629059,-0.474828211133474,1,-1.18663037585464,-1.55988518071701,-0.411710362714818,-1.66895552274488,0.952782783363372,1.34853469292133,-0.845762679647941,-2.57607067713747,-0.477189146238803,1.57663870231863,0.982693663445544,0.990660084379868,0.231544610215674,-0.365830547653152,1.23187550087389,2.62931224106603,1.04881698356637,-0.609851240947579,0.19296632823066,1.44401202037156,1.97345073668763,2.55549291591879,0.263470797519332,1.58673464010174,1.9102109092186,1.48346185461808,1.49096597751564,-0.0101158984022899,0.54692449275485,0.0045328642609701,0.390878731814167,0.535413106655947,0.576034075671312,1.56399279006924,-0.844112325130363,1.24513942980456,1.8236408103328,0.812022817887598,0.858766708417835,-0.177906426605923,-1.59725936699993,-1.05320204852211,0.664051825629442,-0.272875938437034,-0.338079561613229,0.285713199586092,-1.36094374168672,2.55023266236262,1.01655070056599,1.343966345659,-1.21944446550665,-0.740810979842056,-0.536698654655334,0.0268662304679689,-0.867994668120141,-1.15924135237067,1.26219459416709,-1.61623083108284,0.695780998630442,1.61929416839516,1.70683002801911
-1.65063344272913,1.31385021887106,1.11004403354095,-0.543295334611076,1.18638527124808,-1.43418488486544,1.25126474711193,0.903246783888829,-0.0352795711488911,0.255611519421782,-0.122779582070132,1.43689128862309,-1.53086346470465,-1.18033306010415,-2.67604876850458,2.10997254477344,2.78883126293957,1.75813235578961,1.62595442277639,1.21667523515976,1.95507027066556,2.81313128599077,1.78521417237203,1.19663672630357,-1.34267837619994,1.26440100808467,-0.649158198451447,1.03271733245822,-0.062460275513974,0.526379882584332,-1.88114282068635,-3.29269434715474,-0.819807065913251,1.06322490993509,0.0519288144454084,-2.7103683773418,-0.999100323586776,-2.49632159151003,-1.18663037585464,1,-2.11774089733965,-1.24051463129689,-1.06702508258921,-2.87992731976833,-0.351174162548531,-1.9748432164542,-0.517413337009815,-1.3338763600463,-2.90130750355233,-3.18621543231613,-1.86103206630021,1.45304405426118,2.0031420923125,1.36359470074331,0.367203266121116,-1.92127892805786,1.23184883167971,0.474823302488893,-0.581853145096675,-0.995895662678057,-0.887222879540901,-1.2527423278752,-1.21892504922659,-1.23302266032462,1.21264725360608,-2.23412377109705,0.922918361689842,2.89474695545305,2.68569182693528,1.80554188744645,1.9705918009486,2.74174168232166,2.57857365935764,0.857632567104586,2.34197912514477,1.01636277051898,0.809344081148513,2.37514579963809,-3.13651579128891,-2.41658334862603,2.62863583169587,-0.542448904979403,0.0996128440311752,1.07707415767094,2.58956321838316,1.87639699869515,-0.790000578962123,1.24515673496674,0.0544845841331272,-0.80276520521814,-2.57652683471725,-2.19796580729144,0.343907860104645,-1.30410111520512,-1.02383078391125,-3.32290505136124,-1.49078699769997,-0.184390048752372,-2.73708369378369,-2.19753518767837
1.2732647289287,-1.15161297891539,0.0568203645365553,1.13663952601911,0.905767094670603,3.89914162588261,-1.4267813972242,-1.08759625483318,2.29734467151008,1.68359000025115,1.34439780662417,0.421969754130637,1.95289141456664,3.31770756689843,4.66086894990068,-4.5258151866489,-3.14903137309583,-3.12626139245812,-0.789277339336919,-4.88126890142954,-2.41883282037321,-3.90791866314441,-3.69413692306962,-3.18645799247617,4.64927701926962,1.86543885920431,-0.144823290368314,-0.976602583525246,0.205092734060217,-0.0944750558891038,1.95672018138398,2.31495425549913,-1.74701010178456,-2.53983859728449,-2.40027217891222,3.55766603479259,2.8121247807469,1.0437053798229,-1.55988518071701,-2.11774089733965,1,0.344876416387854,-1.17094886493494,2.88021211541153,1.12206984763737,-0.302571040822277,-2.77594841957138,-0.756744762623523,3.73166816507171,3.15161004682905,2.6224439817457,-0.313596905265655,-1.24808274706249,1.06605494643756,3.99729791599097,3.05003024622375,-1.33674618902944,0.873522136305391,3.24230874312169,3.7730669116533,4.7619713165532,0.957044707538996,3.73676618319187,3.40224845513161,1.46714106037948,3.7024632242855,-1.23381353697882,-1.33316643440298,-1.11460131691748,-0.427066084158425,-1.62482465399269,-0.603317970793859,-0.849912932954568,-1.24790494758859,0.392897344587486,2.49767538257592,0.378591432889728,-0.364813231227937,2.1168715233837,0.296966881509854,-2.47971725964288,1.58418124328921,-0.838751720185908,-0.392075915585543,-2.00581856549245,-2.82863439964034,4.39177362270777,0.168621164175144,1.9902098660972,-1.42945695550172,1.21599763539484,1.59659784028721,0.522930733220683,-0.0671286074452091,-0.366653103793851,3.45669010514149,-1.11579387255397,0.0166587894775948,3.84984282411191,4.04696605115503
2.02780554872156,0.173858431927856,-0.476581830899496,1.33096266851938,0.802300478801231,3.21564095430297,-0.528334068880109,-0.239820966151518,1.0521433237069,1.22662899557034,0.910978424627956,-0.284602268935244,1.93312680946182,2.85685999465856,2.88977321029833,-2.77092595525875,-2.62816180600421,-2.26695081883138,-0.485868115638756,-2.41623886383093,-1.49728017989024,-3.4394590908644,-2.14637824238029,-2.35581235202684,2.7124475749113,0.413227425334629,0.156129697472135,-1.48637934660581,0.375300909143502,-1.15401640370821,0.905507416801302,2.97889389403108,-1.0923155715364,-2.85185901326692,-2.41696301913246,3.29953156117213,0.740373690346938,2.14060197552827,-0.411710362714818,-1.24051463129689,0.344876416387854,1,-1.00254536669033,2.95983436025365,0.582554886431502,0.394340205270894,-2.03623996786587,0.440514616856261,3.41364092368572,3.34046480844574,2.17017307624753,-0.506752674233951,-1.07045839193825,0.677337097855745,1.6477799430603,2.66421431836384,-0.733754404886224,0.0871731374898601,2.16257686717028,2.57569471985698,2.77579901413678,1.32978608775483,1.92650067177355,1.84238929583404,0.408103379308591,2.40354092950984,-0.608394584853989,-1.80057499608307,-2.13012400254153,-1.07140880607743,-0.741261385026404,-1.88837711821091,-1.05759143494304,-0.837052343962886,-0.531807006251073,0.722427077333691,0.649372760969866,-1.29491808756504,1.89210794735402,1.02753337761188,-2.74474741031504,0.299813880978573,-0.973468572736575,-1.8959026043826,-2.25258915873694,-2.78128643330678,1.76593179827467,-0.899053638146467,0.649613360585408,-0.0200695172042787,1.52822655262624,1.89651812031454,0.253100376547289,0.160520101652272,-0.343977277199221,3.33398471715614,-0.530262308998418,0.272022838668929,3.15932341767535,3.24310043061112
2.04946950234599,0.816481204170908,0.438738269361804,1.4038096994909,1.39944901887067,3.25960292738913,0.15668679688781,0.490321299397953,1.68306228616997,1.75891386307189,1.67639068435931,0.355040202134742,2.32083830913682,3.27619955221483,3.54567134755578,-2.91653373542943,-2.48872590802016,-1.68789926648397,0.237645058780874,-2.89491627526889,-1.24618822612041,-3.47271104664018,-1.95982704242508,-2.95464767344346,2.98884592044489,1.10829911723242,-0.879466254685805,-1.83624277861023,0.390385271151605,-1.41421088541454,0.418102106664818,1.95404477068079,-2.43872687842749,-3.18013185104847,-3.37168574829809,2.62827859833212,0.650373732272389,0.980650429611756,-1.66895552274488,-1.06702508258921,-1.17094886493494,-1.00254536669033,1,1.81087970787609,0.0845722666700448,-0.959658737843229,-3.18175797779206,-0.613482790792772,2.65443995066386,2.30606254739487,2.64956379749582,0.506178908779691,-0.215148211684242,1.55381598432576,2.58240572507533,2.42278931657458,0.336357123526752,0.959826555978871,3.17565735242439,3.47353716145214,3.88632786330486,1.44147449215083,2.85402057981034,2.73431002959512,1.56018073083629,2.48238078339843,-0.209870056011512,-0.674633918580301,-1.18085463664818,0.139119687607353,-0.0873666874252865,-0.735396261159778,0.363776716054911,-0.34777746635786,0.4694816358491,1.60825275886575,0.657813969175315,-0.398901968185351,0.57869588609783,-0.409995160646887,-2.51293297067902,0.562408017403307,-1.08395681679593,-1.49831495358802,-1.76534049754287,-2.28933457419176,2.38872745678339,-0.25927292817371,1.6181402685825,-0.841019982351138,0.290293192547235,1.30069396524977,0.658868014342768,-1.09364347276906,-1.09730476345303,2.70920371239838,-1.56175048044699,0.419087779758513,2.82520316995569,3.1007878519775
1.57809631481579,-4.21126314207594,-2.01281470158608,0.409143568023933,-2.0141907160521,3.594705545134,-3.19471984761406,-3.62164640489133,0.522941233684384,-1.00970165022356,-0.822846933280569,-1.94637954920402,0.687823049825261,1.71086099238353,3.64585134395102,-4.16565831935447,-3.53406796584411,-3.84254759175241,-2.60122717400674,-3.22253247444473,-3.0286762392548,-4.07492319647243,-3.62941190983404,-1.67177696293588,3.77203210577072,-0.93237252618115,3.00850820913351,0.729591261467019,0.0936903512001272,0.424981367014359,3.2868359875987,4.11778537014708,0.827311097136893,-1.4941475437795,0.881536505835076,5.87359763523344,2.97444826446305,3.37273762718025,0.952782783363372,-2.87992731976833,2.88021211541153,2.95983436025365,1.81087970787609,1,2.60898379515347,3.48731730513031,0.336657204194448,2.48947179784116,5.55505853178443,5.53974971814694,1.62689384536973,-3.30854587701754,-4.50142256418017,-2.39616906262644,1.43958142375791,3.83109141789264,-4.67515589720799,-1.67386912593819,-0.0596053446672419,1.09593400291046,1.45702334189263,0.305653783870344,1.27196789942738,1.7018562036212,-1.91189054341362,3.66254441743781,-2.04227714474296,-4.35205812967621,-4.01668498002261,-3.67628380448954,-3.41057370849551,-3.57876880801054,-3.87633306605118,-2.89507755456564,-2.64020721042279,-0.255755088771347,-0.395867260941417,-2.5789124490532,5.93791652011491,3.67966609316816,-3.38687740326621,0.958639955289869,0.062614936149231,-1.01967638141404,-2.61347499847358,-4.10021411024146,3.19296797134356,-0.699618376290754,-0.241143442851216,0.500586985084298,4.04228891472747,2.49687957726701,-1.16748340814065,3.0168870336182,1.93358612998337,5.27598633107504,2.02207643843041,0.266993046828509,4.80671288161617,3.70724580599368
2.42692587789387,0.380439536716744,-0.0748176409528043,1.28882674983832,0.366726647831562,2.12834325634312,-0.466377368852963,0.70101143257255,1.37695621696238,1.28979946816641,1.10390646178864,-0.703341908598594,2.75130483614908,1.91504799136894,3.75942054513635,-2.66922582266214,-3.82801052800957,-1.95797528338686,-1.83599989664384,-2.21808621075205,-2.53684827669773,-3.56441745119295,-2.42692384984059,-1.94374215991578,1.88306538666592,-0.527137977914061,-1.36240796835175,-2.87764272455811,-0.177127056822893,-1.05881975094119,1.86665651773002,4.12042688751086,0.283343387994732,-2.17694207788447,-1.79343703052277,2.21620199090516,0.633046785413057,2.71549289228786,1.34853469292133,-0.351174162548531,1.12206984763737,0.582554886431502,0.0845722666700448,2.60898379515347,1,0.884134674652034,-0.690024590176016,0.174546774820645,3.01467098614375,3.17561735057166,3.44993395392225,0.0908034965220035,-0.816831607594624,0.0967623176706978,0.536082283205851,2.55662937248801,0.683668617097669,1.07156766372875,2.34255556213859,2.02580962433243,2.19984952142049,1.79686430496451,2.46337789975343,1.75655499433057,-0.331605358294818,2.66511968750814,-0.724026034350222,-2.82329670013564,-2.62259846735852,-1.16631985678837,-2.28030704974812,-2.44753984425108,-2.63865665459131,0.197833390184535,-1.95564500316863,-0.287559470405078,-0.724248156986261,-2.29029053769347,2.70579541467265,2.37301925522146,-3.3266330751575,0.481391488676984,-1.18775678201673,-1.50040477891982,-3.88980594571911,-1.71978560740018,0.807028934451928,-1.64953550661252,0.660337932112089,0.540749038091178,2.30920339047309,3.11572462132601,0.723067797584895,0.669084268708904,0.569578493251809,3.37409880652645,0.683984534058041,-0.390837184653832,3.21096566844373,3.17008300981599
2.07838048144735,-0.964134426658797,-0.25254866509018,1.41526999236177,0.742476206361342,4.26838413238057,-1.33154547751113,-0.96670183844006,2.06622614037951,1.57191753814605,1.22090314005587,-0.0561462045485777,2.35060747494043,3.33887186010673,4.49386715816366,-4.32748866220096,-3.60831903035709,-3.16880275253238,-1.09923922808572,-4.19641620179167,-2.46909642410439,-4.36289171980046,-3.48678951162581,-3.01157399449003,4.52696172469258,1.1644694038051,0.0426511571905457,-1.4754481312649,0.35915966266909,-0.637868858719065,1.97088268571699,3.34831672864186,-1.46831651695457,-3.06237669288746,-2.47357630501177,4.22438852600646,2.20430339462816,1.95973724302897,-0.845762679647941,-1.9748432164542,-0.302571040822277,0.394340205270894,-0.959658737843229,3.48731730513031,0.884134674652034,1,-2.57874287491393,-0.0833895555929036,4.34950767145747,3.95314256611624,2.99454830066655,-0.653953872610488,-1.76325669305826,0.558588166556508,3.25712337232308,3.73523484017273,-1.44080965438393,0.574337396686121,3.11810483021586,3.64545074387054,4.2386324178641,1.20731021408034,3.25135558320916,2.96549511588549,0.796122666307588,3.60546098544775,-1.18385417569664,-2.28056919899889,-2.28937350224943,-1.09183701827916,-1.79821318260082,-1.76220449182262,-1.58310600630012,-1.25742424363749,-0.420857470403352,1.76837425544521,0.524055536139385,-1.18452808652153,2.82989520183383,1.28187805055948,-3.25312476520339,0.98928095486198,-0.992885216544875,-1.35265079582939,-2.72473309323719,-3.51558450311878,3.60190030808143,-0.439469351270943,1.47063952795189,-0.781184955198756,1.93287970724301,2.29945676497159,0.326784044245393,0.360272063434751,-0.013039207405328,4.11517522399396,-0.650335559873149,0.0622904904758605,4.29131891916206,4.279584507416
1.57688767621733,1.84017846506372,1.35536756796849,1.3998689070099,2.37044982020581,3.09196333038721,0.936489002311042,1.49228554016002,2.42906532467267,2.50245518296057,2.25957792598865,1.26374567136416,2.396648147812,3.45394352302468,3.56128463280324,-2.57317266502158,-2.00000961328641,-1.04110102024184,0.876587338591524,-3.19668282575004,-0.92332673284041,-2.88236511877473,-1.67862631156697,-3.20470848754532,3.05797809663602,2.0165668106362,-2.193283101901,-2.44168981052257,0.242078193262169,-1.46990519098063,-0.182064715248512,0.955916563889246,-3.16113670871649,-3.12366205856174,-4.29954215294698,1.65729831362122,0.308425320266061,-0.255819934198562,-2.57607067713747,-0.517413337009815,-2.77594841957138,-2.03623996786587,-3.18175797779206,0.336657204194448,-0.690024590176016,-2.57874287491393,1,-1.7686763965981,1.41241265780839,0.945041804850993,2.93092282874218,1.73966619859712,1.12168263447982,2.71471514216326,3.46724350591806,2.04487733455574,1.69647409687181,1.9575123750897,4.02741678681234,4.13498770251884,4.66690856287966,1.31056057650073,3.45309033571416,3.18342191307121,2.75869063916614,2.22871903753428,0.311149360635604,0.701089216175021,0.246240665187061,1.54758026491932,0.648790189104477,0.70869622347647,1.64451096429493,0.456737707602745,1.72077313695487,2.50521460779989,0.943526430270422,0.551665175759203,-1.00254851600418,-1.68870499164141,-1.77700563284903,0.673684750194713,-1.43453318107534,-0.965700308160023,-1.30368759464527,-1.50173806859812,2.56391776211583,0.033652819597959,2.48202829432254,-1.65487242474556,-0.914598815650297,0.72607419330205,1.29839521415536,-2.31454744328143,-1.91023542082416,1.50710585525222,-2.77808804216969,0.351267205301267,2.08633177510156,2.83838717296946
0.589974477892443,-0.920824434919101,0.651651381226814,1.18439182490996,1.19789758552823,3.42899527204589,-1.36878217446539,-0.705130963540507,2.43221813012382,1.36319063738016,0.746282103702407,0.47994475362988,1.34437716717661,2.23753872059327,3.10379148029197,-3.36705475741641,-2.44326692816381,-2.85204904813625,-1.31422321397813,-4.08230991532114,-2.35513230143973,-2.71570937265147,-3.24954175124437,-2.1920352157418,3.85123942190409,0.978411306060517,-0.685037085731437,-1.0424140387038,-0.528825722953991,-0.160802330337348,1.69599035895326,2.44148862088842,-0.687294094900659,-1.81600209047065,-1.51689862948075,3.03700470260689,1.80209493238324,1.16064567502623,-0.477189146238803,-1.3338763600463,-0.756744762623523,0.440514616856261,-0.613482790792772,2.48947179784116,0.174546774820645,-0.0833895555929036,-1.7686763965981,1,2.72443253488299,2.53358543067447,1.62377983698425,-0.129717213848832,-1.03762450403734,1.1433339664716,3.50496813502199,2.92635327828777,-1.0878461845029,1.0654857398675,2.23317779903505,2.62552519470715,3.26171110646459,0.122043209345692,2.45602422172951,2.15547049269697,0.66090338338585,2.50990029727587,-1.18415480196758,-1.31372910429478,-1.00735894167272,-1.04797081101439,-1.9174050983287,-0.57216750287972,-1.47079600744417,-0.850885213058943,0.185641011964659,1.79807594125147,0.11362759527056,-0.509610657430178,2.39281092984321,1.05296158029981,-1.42484342179094,0.794983221031108,-1.16734204512279,-0.231910638071552,-1.788978286481,-2.22313795767617,2.77421228354482,-0.44952151567276,0.817960806198807,-0.906544739051727,1.30935503929272,1.61495111703638,0.609835815876218,0.517331841923507,0.222838317797559,2.5560639904984,-0.558603303509796,-0.441539514338189,2.86122637939609,2.95381675862168
1.69575211744294,-4.12328845924439,-2.84850090652981,0.0612028374019611,-2.87610832323649,2.33233806082953,-3.25451207960241,-3.67748772480078,-0.683917955244481,-1.43537969251426,-1.01480540327788,-2.5546194770375,0.672818900941094,1.35588363780372,3.45414087361078,-3.75638925559575,-3.58067640399452,-3.51826055468746,-2.48560824472352,-2.32742924031517,-2.79893606452901,-3.96225790165834,-3.18184315677505,-1.31160548642008,2.40624142485673,-1.24373371802521,3.67788554635743,0.972567089798149,0.544463280190676,0.742317958966484,3.41210832673523,4.10937118917518,1.56870885433715,-0.95451202291616,1.53767786557079,4.93649045145723,3.16215749107583,3.71887265904759,1.57663870231863,-2.90130750355233,3.73166816507171,3.41364092368572,2.65443995066386,5.55505853178443,3.01467098614375,4.34950767145747,1.41241265780839,2.72443253488299,1,5.56210823223186,1.54007128737492,-3.70212740767442,-4.52640385799447,-3.06486891647359,-0.146331340280891,2.66494906074138,-4.53704575255148,-2.24428329821879,-0.629079328183206,0.428100746382538,0.676695089568601,1.0185809093314,0.992530502955183,1.27866315700924,-2.39257980947948,3.56261913727587,-2.08230678100168,-4.69010431988546,-4.24406574458272,-3.68507368917663,-3.39641174217877,-4.1528807898791,-4.22012164295497,-2.88889104012359,-3.51910377152556,-1.11746204388105,-0.800559094588285,-3.11069268475163,5.78700614145687,3.75910779777388,-3.72806740036953,1.27265979093596,0.739274946448431,-1.03840663801711,-2.81292592849114,-3.45296302497981,2.57183092256941,-0.747872376677585,-0.498924737046083,1.08821864287657,4.37331571433419,2.49158507484169,-1.50825265673248,3.38615891109362,2.06793242092582,5.36286943187318,2.80394273355746,0.4086402662808,4.59830921509034,3.46075663322634
1.24281917053616,-4.69484889351557,-2.70495415459652,0.0385105409241454,-2.76340602003919,2.68637483519349,-3.5006244897168,-4.13945339165837,-0.251098886972434,-1.4406047607352,-0.867759533392367,-2.20600387572273,0.345719890527183,1.52602175036057,3.71911327275132,-4.25740336554459,-3.37046664515066,-3.76725778224609,-2.43384082777004,-3.09912115313031,-2.87471722675785,-3.95951832999886,-3.61251331319075,-1.56278951128722,3.2866156147687,-0.922796304828202,3.61094876083332,1.35041158251079,0.243317365656048,0.93258219324075,3.48461138991016,3.66802307296013,1.14052439560741,-0.84183309403725,1.45637128994677,5.4346306572376,3.64635065555651,3.27320152407448,0.982693663445544,-3.18621543231613,3.15161004682905,3.34046480844574,2.30606254739487,5.53974971814694,3.17561735057166,3.95314256611624,0.945041804850993,2.53358543067447,5.56210823223186,1,1.33811306872306,-3.75109194274828,-4.5779211098894,-2.91291856024618,0.755515401626944,2.95106204827424,-5.03033312656261,-2.16747978490884,-0.476837601622661,0.745107067275075,1.30082555516452,0.514563370284657,1.35333176029441,1.7627703112555,-1.95946109932697,3.82337361529483,-2.19972598004294,-4.29570146980323,-3.73086899702729,-3.55643835056755,-3.41150471327522,-3.48960168196902,-3.88766805751915,-3.18430371186576,-2.8520185625288,-0.428481820863196,-0.741648505239558,-2.55146464203094,5.80533990429061,3.43190583855015,-3.24789581838441,1.57098988019278,0.62934386041703,-0.473856566207752,-2.29409062668259,-3.55855300914692,3.56891948029795,-0.348503341995239,-0.0982358704441293,0.571585826354369,4.13245956768005,2.15325571371065,-1.39449704749796,3.14485663793913,2.00296062452336,5.25252256806172,2.44557658629815,0.379693982007506,4.69169042532689,3.53994074100226
-1.44588746650268,-3.89455446599934,-4.32013204904192,-1.72147423501537,-3.77219600581156,-2.46720412667527,-2.37036041537383,-3.96967948840601,-3.31922364661314,-2.41498484619483,-1.27397437500502,-1.57471193947295,-2.22292239078386,-1.15120781324067,-0.374356490844114,-0.657076988934129,0.66775138361885,-0.664356210386581,-0.361474880103037,0.748145798405973,0.4022083751851,0.369547524445447,-0.422874576733664,1.19590396312373,-0.44264666135589,-0.39190258207703,4.21867937976414,3.25587971273088,0.611157721622911,2.42163138796549,1.50672536397416,-0.609025791590116,2.38077054550639,2.76287013756034,3.23329767313378,0.82574173608856,3.12232982689137,0.769799429744221,0.990660084379868,-1.86103206630021,2.6224439817457,2.17017307624753,2.64956379749582,1.62689384536973,3.44993395392225,2.99454830066655,2.93092282874218,1.62377983698425,1.54007128737492,1.33811306872306,1,-3.6113576664429,-2.11693322452125,-3.80227319636495,-2.77893055775971,-1.69391218751624,-4.11877247238041,-3.45842853450861,-2.72409889980479,-2.01943467394081,-1.44273195624851,-0.149488651764266,-0.793820842585026,-0.504351215849714,-1.33305407527679,0.999504201473788,-1.09563638196889,-1.25742080445114,-0.108168017550461,-0.98160515418285,-0.679018077707105,-0.854035620815523,-1.6500549345753,-2.33877964340989,-1.33937278580064,-1.01800040098171,-0.504479870010942,-0.563649151293257,1.5972290341802,1.14182097687307,0.329283929677459,1.89227271948305,2.20882543727531,1.60993299222945,1.03040247309032,0.163373254150942,2.06558943635508,0.954955102787213,-0.00581584293978987,0.688948563190176,2.0721334981141,-0.579336569230875,-1.5408805433485,1.85432744159612,1.27032389014302,0.855959311711798,2.32911677471079,0.408378159939711,0.494529471277542,-0.0386296899074978
-2.53146920864774,0.127800667816969,-0.290771577916542,-1.35932036022977,-0.484132684804417,-3.40480994226749,0.864192210292659,-0.204269220717141,-1.90440466897155,-1.34742257038016,-1.24679115762568,0.672214952385266,-3.0561673410987,-3.19504600307897,-5.1117534429133,3.8279787553397,4.237990655171,2.68453269174602,1.42633430229087,3.69338228854539,3.02691482006989,4.52724030022141,3.1305336633855,3.27848037467351,-2.91212332924108,-0.0536447837528606,0.802533926017763,2.4339978627417,-0.0834759815961877,1.15922718644365,-2.10021031005675,-3.96085063259785,0.861005969471382,2.92149298185833,2.3957692877809,-3.28337501474362,-1.37772745205051,-2.36290468340315,0.231544610215674,1.45304405426118,-0.313596905265655,-0.506752674233951,0.506178908779691,-3.30854587701754,0.0908034965220035,-0.653953872610488,1.73966619859712,-0.129717213848832,-3.70212740767442,-3.75109194274828,-3.6113576664429,1,1.25027467208413,-0.77840242297885,-2.1776996721435,-2.91535715580028,-0.0865530606219767,-1.11969183451922,-2.92997543053378,-3.28600583892712,-3.65571865374691,-2.1101360114103,-3.4763096269594,-3.20254154602401,-0.304879437161385,-3.69684664442516,0.916737040239284,2.43923839717573,2.46215912159959,1.07314096568309,2.05860099423003,2.18807147510463,1.72580883046739,0.430017995009955,1.4591875270605,-0.502303410550821,0.612191858405188,2.04577872190221,-2.78009722736428,-1.34665279004132,3.74763725136937,-1.09117433179534,1.0613926585664,1.47271424259997,3.62664461004643,2.50659785712427,-2.20556008667227,1.29585519074226,-1.24828199285417,0.224466780653751,-1.93756863758007,-2.68145403340501,-0.529951033122491,-0.261506534732039,0.102938055720208,-4.31283381319078,0.0783106457144287,-0.249975374750361,-4.03651737430951,-3.99913325772188
-2.0242807049978,1.060759283883,0.491233929786188,-1.55834103908413,-0.212193458377864,-3.63305154035731,1.75897482757319,1.05344779406346,-1.31111051217394,-0.852049306109287,-0.718741193289074,0.851407119173719,-2.25983949519147,-3.01330586232122,-4.05867838543227,4.05969064144982,3.72552064211346,3.5709933285548,1.66375923405878,3.74695581004286,2.8440545975487,4.37512239134154,3.53760718373152,2.8230695996142,-3.33777785381485,0.359115637998513,-0.422111803883475,1.24621049770531,0.141301203819352,0.899817767437199,-2.21619388936227,-4.26696715456117,0.308842294235664,2.70003712696663,1.52322525920568,-4.11878196679403,-1.79213705851187,-3.18188284721637,-0.365830547653152,2.0031420923125,-1.24808274706249,-1.07045839193825,-0.215148211684242,-4.50142256418017,-0.816831607594624,-1.76325669305826,1.12168263447982,-1.03762450403734,-4.52640385799447,-4.5779211098894,-2.11693322452125,1.25027467208413,1,-0.277406242300382,-1.94197972860541,-3.09613377271273,1.69437776175195,-0.0805005134402865,-1.95745801546596,-2.5806592119749,-3.04887417342742,-1.45921544925845,-2.51995697003223,-2.37883347865473,0.427615906220115,-3.33499316215039,1.58637918595947,2.98435211423542,2.97870739093162,2.43738499216531,2.35522573036969,2.73752636881853,2.60764997922615,1.48313878734932,1.62369938931864,-0.377638418377012,0.487342781368613,2.13309928171221,-3.8152790932221,-2.15868421551412,3.19191090821596,-0.902027541704402,0.90740932711523,1.5256359554567,3.03270974657632,3.0929314228609,-2.33260424512521,1.27970104895189,-0.132932434190793,-0.294342571626784,-2.66694319992435,-2.66415753424645,-0.0919432200507204,-1.33361474530991,-0.564791988657833,-4.72710643648727,-0.674835952970948,0.00527254551602319,-4.1374229236356,-3.82020685273159
-2.3775499156958,-1.18822370455529,-0.242460699194387,-1.42753415951938,-1.24379456891853,-2.8224479521488,0.163260795841258,-1.07118028781592,-1.73121471488798,-2.37702113694366,-2.15744225276277,-0.0750038646234548,-3.57607719060236,-3.99421099771035,-5.55055412444684,3.96142494698516,3.9556765436273,2.36137781021972,0.376862056391042,4.00525112499569,2.48085991377608,4.47883548676877,2.98270792936159,3.9391072889314,-2.75310323434749,-1.24217526544588,1.48523551685876,2.88028465561558,-0.460303725780078,1.22790528581165,-1.53166328560015,-3.13651482965223,1.63071870148066,3.13959474640306,3.75165255205183,-1.96150561351761,-1.56855409879922,-1.667675074528,1.23187550087389,1.36359470074331,1.06605494643756,0.677337097855745,1.55381598432576,-2.39616906262644,0.0967623176706978,0.558588166556508,2.71471514216326,1.1433339664716,-3.06486891647359,-2.91291856024618,-3.80227319636495,-0.77840242297885,-0.277406242300382,1,-2.35831459230936,-1.79087800617734,-1.32658222140162,-1.57861864648556,-4.1221936791651,-4.2060328298979,-4.98975788624628,-2.96871012901681,-4.57589925123285,-3.96511564391843,-1.74733139461475,-3.91676168181968,0.635585628290384,1.12018503111061,1.08977369824811,-0.448991626248109,0.912504985820812,1.10552433802526,0.359480644332216,-0.0939214669542119,0.353658724323208,-1.3271727670317,0.334461719389844,1.2702301974391,-0.824040753609366,0.273926766834441,3.47380106757008,-1.74488418065332,1.06733701136113,1.24874530249093,3.3084702799988,1.77878432948106,-2.7891535656686,0.966190091300204,-2.29375549081647,0.800008853465639,-0.879479513056382,-2.24649720385419,-1.12894270006757,1.11967664576766,1.32662940951001,-3.72324659351578,1.22525161918774,-0.342244888814577,-3.52062450212233,-4.19952950550802
-0.629936823093431,-1.60095713857748,-1.13752184540479,-0.617746950240838,-2.03543699787613,-1.3463254592921,-0.785601196885523,-1.45413820836342,-2.0973845555835,-2.98502510027985,-2.4788127090811,-1.95492025183856,-2.26472221112166,-2.39460944061676,-3.44934642135111,2.33962402759395,1.45550171116963,0.330012591747972,-1.01164572404003,3.0974439097262,0.534182601677593,1.62172802454191,1.47315250696471,2.31139397329588,-2.71331038894565,-3.56303810957004,2.42175032367905,1.94668384313579,-0.851073864546324,-0.0610840166606721,-0.269315601900732,0.627098303127383,2.64102289130358,1.56740943893903,3.4410353457183,0.884678223544372,-1.78258073565574,1.77513875477466,2.62931224106603,0.367203266121116,3.99729791599097,1.6477799430603,2.58240572507533,1.43958142375791,0.536082283205851,3.25712337232308,3.46724350591806,3.50496813502199,-0.146331340280891,0.755515401626944,-2.77893055775971,-2.1776996721435,-1.94197972860541,-2.35831459230936,1,-0.532281016617972,-2.26362947508873,-2.41324508308601,-4.49677686056102,-3.97679215506034,-4.91592535064519,-1.44487661087833,-4.1513284028311,-3.09621407178511,-3.47930342339222,-2.0575614592815,-0.152845102735878,-1.54417291664838,-1.80145500948975,-3.17607865509367,-0.552701342836808,-2.00238044703616,-1.89526284001758,-1.00585566866266,-2.25046856366995,-3.32013330400023,-0.806119052775923,-1.49042723393993,2.36919012411285,2.50930289167459,0.938792596209215,-1.57615997490138,0.539913616192261,-0.518138015536592,0.805162614760161,0.179388414612601,-3.34647270293476,-1.12821852353981,-3.43376615222978,2.3728169323,1.55700561375278,-0.194285444343204,-1.45034558096597,2.64080862451519,1.88768498947016,0.00590846430433456,2.87474393898649,0.166430779507892,-1.05108714386197,-2.23976473642389
-0.246703362269027,-3.30406217505491,-1.53468345899893,-0.235827286695023,-2.13798345282352,0.68174424127157,-2.46474588822098,-3.11180555572139,-1.16642843924239,-2.31210711401871,-1.69335091158894,-1.88602392309577,-1.30347642098544,-0.059120250520579,0.280674253267158,-1.45466222112969,-0.562238399681727,-2.20673288238605,-1.35418275123716,-0.921414543603283,-1.24079668360033,-1.1522361429253,-1.48764543445177,-0.170927247673338,0.211893378777704,-2.00967397161292,3.32974877524433,2.59447178128353,-0.532959956030322,0.618546745705424,1.48567071074782,1.39815061717943,1.39515281833863,0.399519675820876,2.55265059171154,2.83167156996899,1.48501517781481,2.20491228200957,1.04881698356637,-1.92127892805786,3.05003024622375,2.66421431836384,2.42278931657458,3.83109141789264,2.55662937248801,3.73523484017273,2.04487733455574,2.92635327828777,2.66494906074138,2.95106204827424,-1.69391218751624,-2.91535715580028,-3.09613377271273,-1.79087800617734,-0.532281016617972,1,-3.94441016850018,-2.29479634806116,-2.69268191875029,-1.63397920891632,-1.35786983081941,-0.541732985796603,-1.12958412715208,-0.264027368130381,-2.3945639513323,0.983216125810488,-1.46862260260435,-2.15327452170726,-2.08478759568616,-3.53487436305913,-1.8117182702994,-2.04593677286718,-2.18956355912324,-2.52377576061603,-1.99149314602729,-1.41253910251598,-1.1534575515921,-1.39534306153613,3.82291381487651,1.93494159499962,-0.530470925129236,0.542959785784032,0.709558833636658,0.0766336880145693,0.0913380082702675,-1.2498775967324,0.720557071941298,-0.250239242852794,-1.92907293098599,1.21033899106553,2.20037167418768,0.214722526206233,-1.42914067660042,2.82727386132362,1.5618800655496,2.66588668289108,2.47736488628236,0.391411593513124,1.63898221380038,0.483424220400894
-3.47321606254872,-0.495890379740216,-0.941983448014897,-1.99950421795498,-1.00955839673696,-4.6232799681889,0.804291179153599,-0.845033121194923,-2.50300094810914,-1.42249779464474,-0.905459453216809,1.21288164319246,-3.70008785748996,-3.68670482594162,-5.39441349354247,3.93153534648803,5.2291375927885,3.39115911931498,2.17232455506545,3.9021488097908,3.91069080974647,5.41929773672161,3.50659501553269,3.74743878288794,-2.71547250061367,0.992458088712666,1.08954468045672,3.35754614803729,0.28170608231563,2.07640246898367,-2.26641132359833,-5.77000688119674,0.51775979224418,4.05131040719297,2.78820905065326,-4.33586598603452,-0.300633047701033,-3.79639135266109,-0.609851240947579,1.23184883167971,-1.33674618902944,-0.733754404886224,0.336357123526752,-4.67515589720799,0.683668617097669,-1.44080965438393,1.69647409687181,-1.0878461845029,-4.53704575255148,-5.03033312656261,-4.11877247238041,-0.0865530606219767,1.69437776175195,-1.32658222140162,-2.26362947508873,-3.94441016850018,1,-1.39236543019738,-2.80967879913302,-3.21380406181351,-3.22645081714646,-2.39934079433876,-3.1082979452936,-2.9822423198271,0.597847662583044,-3.83082348550169,0.994140873891044,3.50475301778348,3.91000858000793,2.41795460376318,2.72812489662444,3.50240201732729,2.66938175793045,0.303996431046474,2.45594307811701,0.369708933405192,0.824873749492068,3.19591438024326,-4.12030311899418,-2.48411437238894,4.76654072135611,-0.328646173682823,1.84835194100565,2.71941560196327,4.91994862251086,3.27160915886295,-0.928945593122331,2.53515381431936,-0.238598953997948,-0.532537212402065,-2.70179749831586,-3.70305480485494,-0.601488039343002,-1.01472291574994,-0.142539084310698,-5.49432200171037,-0.337778388199502,-0.235027365439855,-4.82304264564907,-4.62025299984039
-1.9152056872052,-0.964491926644709,-1.01306930596595,-1.25410864066453,-1.44563373129991,-2.70562820948398,0.145638182390617,-1.20252305902857,-2.3536838131887,-2.12520663803235,-1.43989172555992,-0.258642299200014,-2.84878992676232,-2.51624866046392,-4.14704475198126,2.90383675749901,3.43847745119542,1.90149700091762,1.12255905824263,3.30403995135392,2.45870993796342,3.25140187686084,2.57081037171459,2.5875095181277,-2.46434412091561,-0.980157936844305,1.95003199837394,2.83092565384894,-0.0236111774805219,0.815472286713448,-1.53461701796057,-2.96194874776121,0.819670175989965,2.43746931927318,2.64167020198345,-1.53964576882789,-0.939634388937437,-1.3303778495892,0.19296632823066,0.474823302488893,0.873522136305391,0.0871731374898601,0.959826555978871,-1.67386912593819,1.07156766372875,0.574337396686121,1.9575123750897,1.0654857398675,-2.24428329821879,-2.16747978490884,-3.45842853450861,-1.11969183451922,-0.0805005134402865,-1.57861864648556,-2.41324508308601,-2.29479634806116,-1.39236543019738,1,-3.32235587000084,-3.0522972110831,-3.48205808511542,-1.71922495645429,-3.32184553616338,-2.55501451631152,-0.982239313323346,-2.78191955646015,0.525522102933471,1.36722000394655,1.23180943746756,-0.0598943320640415,1.62688678197191,0.957585097962242,1.12125818686021,-0.526296135601644,0.497673089309815,-1.11980547219426,0.244123841519525,1.13186003342808,-1.34577367536541,-0.702072947492569,2.7637576692551,-0.801470113933337,1.317834317225,1.00163194195477,3.23203248425251,1.50460776373835,-1.66658846573432,1.00434376043913,-1.50985246271781,0.621733981149954,-0.977627833358487,-2.32526026871235,-1.10625650597931,0.329427132329949,0.422315127787286,-2.61106732657087,0.796611918065953,0.296932398884523,-2.84004210561922,-3.29660607032359
-1.08407353064794,-2.94900099478927,-2.88690931986258,-1.94153542203243,-4.09305149880371,-3.72389098101073,-1.12580012730051,-2.69673903251726,-3.95825668072903,-3.4942338769797,-1.9766824598997,-2.08129873746839,-2.47182210918738,-2.91746260603264,-2.63701767308229,2.03108131640679,1.97410538434687,1.44509227203475,0.0576307318240167,3.69768525436118,1.5597610608971,2.03489196928684,2.10265243766187,2.69667509184922,-3.18173663636451,-2.17797383314625,3.84417065570577,3.50021207746955,0.604186188056944,1.50389036659954,0.155733946064579,-1.75038984583236,2.24636577453252,3.16954457993623,4.43507664383023,-1.00546053643205,0.578111682665001,0.0642130202541855,1.44401202037156,-0.581853145096675,3.24230874312169,2.16257686717028,3.17565735242439,-0.0596053446672419,2.34255556213859,3.11810483021586,4.02741678681234,2.23317779903505,-0.629079328183206,-0.476837601622661,-2.72409889980479,-2.92997543053378,-1.95745801546596,-4.1221936791651,-4.49677686056102,-2.69268191875029,-2.80967879913302,-3.32235587000084,1,-3.80181979676236,-4.23093378135371,-0.555425620629978,-3.00220709082439,-2.21747529475592,-2.5597369021836,-1.41325634449503,-0.218607662560018,-0.78230586282449,-0.513290640475317,-1.17171125565038,0.143925546467408,-1.08001569281875,-0.765586361280933,-1.40350378503057,-2.03381568489962,-2.75136804908236,-1.05377180996501,-0.607462475789578,0.715426481288432,0.832035421218076,1.02048742900894,0.203626289890497,2.60117017057451,1.02774902649411,1.97860948113554,1.21345370317499,-1.22977127275062,0.869889213753126,-1.64844571105117,1.58112203172252,0.907417673901006,-1.41708093080697,-2.09895996557676,1.79230456993369,1.58394477422791,-0.65509481329439,2.98913246245659,0.674508977657168,-1.53729562136815,-2.67627357521117
-0.848154029242338,-3.49765712450608,-2.90031500204587,-1.49510785598751,-4.13473939309685,-2.8664858749996,-1.81747113374699,-2.98455510084992,-3.34120146605503,-3.38055904361168,-1.7825191373835,-2.34403009444942,-1.91753668261136,-2.32169940168291,-1.42036990733456,0.887575522796742,0.75871471780625,0.375002580397851,-0.862738833254583,2.47838741607458,0.378665034640127,0.906150424559374,0.840809832528392,2.01649185413858,-2.13454685481661,-2.63391146707532,3.46699717268414,2.8111520973991,0.117859543472027,1.31874889996497,1.06145096667253,-0.223099327017775,2.69768675521935,2.84691072978138,4.30627247134955,0.283435957736229,1.11475368228755,0.99542312719999,1.97345073668763,-0.995895662678057,3.7730669116533,2.57569471985698,3.47353716145214,1.09593400291046,2.02580962433243,3.64545074387054,4.13498770251884,2.62552519470715,0.428100746382538,0.745107067275075,-2.01943467394081,-3.28600583892712,-2.5806592119749,-4.2060328298979,-3.97679215506034,-1.63397920891632,-3.21380406181351,-3.0522972110831,-3.80181979676236,1,-3.49494553208055,-0.394358319501478,-2.24320100224191,-1.52807949939251,-2.86369499455486,-0.423367388475552,-0.738066552777741,-1.83221554701953,-1.27437096358741,-1.98054735993275,-1.01060736087805,-1.8479536797098,-2.0483334236477,-1.68894034077404,-2.7048200867975,-2.8052322547663,-1.52050325160695,-1.46613409712658,2.18589087694345,1.90702389184085,0.366661887270059,0.549353131770868,2.20758332150158,0.992398671898178,0.884126638584743,0.617984732580757,-0.70020447015948,0.206593799833677,-1.64928137546827,1.68513161046486,1.9938455744013,-0.456992709903936,-1.94133996593308,2.33609726848352,2.09805513048171,0.58049097517165,3.48853895955658,0.493587358164902,-0.376762371322576,-1.67665366366235
-0.215127788583223,-3.55585942145344,-3.40707631221107,-1.79184034592245,-4.75768808225379,-2.89732782823958,-1.71267569367595,-2.89222150633991,-3.7647502765273,-3.73766578242603,-2.27683525244054,-3.04781596385216,-1.66537052007232,-2.53967386919099,-1.38056985321487,1.36186211321582,0.338736063673778,0.62661187599333,-1.2030837505763,3.41417692248768,0.245557429118295,0.74238093948044,1.31727612297153,2.27099730246574,-2.74464636547753,-3.22254462881689,4.018299923134,2.43404453159576,0.504515643235191,1.15005256961155,1.28774151344118,0.561059738660457,3.35430431383293,2.74990708868135,4.54176069589466,0.669534956585757,0.577549129974436,1.61686498100966,2.55549291591879,-0.887222879540901,4.7619713165532,2.77579901413678,3.88632786330486,1.45702334189263,2.19984952142049,4.2386324178641,4.66690856287966,3.26171110646459,0.676695089568601,1.30082555516452,-1.44273195624851,-3.65571865374691,-3.04887417342742,-4.98975788624628,-4.91592535064519,-1.35786983081941,-3.22645081714646,-3.48205808511542,-4.23093378135371,-3.49494553208055,1,0.0567691902345016,-2.68659438758576,-1.7932293117097,-3.58151913620852,-0.285917701784504,-0.535972109525595,-2.6048608326195,-2.1269826627325,-2.24366514033818,-1.09121631083982,-2.84289459948017,-2.53935700227225,-1.55292802835888,-3.65118561022661,-3.80450636166478,-1.44190929002117,-2.36799632992503,2.69163740310987,2.69850590262725,-0.50854646002918,0.17394629456497,2.34157477131715,0.237897591545872,0.103719417723926,0.138414933181141,-1.53428147303234,-0.438364666495403,-1.84747587508821,2.18042823902932,2.63851344756538,0.101144896693598,-2.25874943981611,2.69487583599885,2.25525269211215,1.07081831843099,3.89786054516328,0.800556083876437,-0.114113657809719,-1.48711210230516
-0.416572251798769,-2.7625400580197,-2.66600276181211,-1.03434349571062,-2.56924896824191,-1.50710480366757,-1.39268589528411,-2.49728841497468,-1.79545071543481,-1.0697101366351,-0.0722346349504226,-0.689825697008087,-0.626051167239298,-0.785733677566426,0.607935322963814,-0.926181077969114,-0.0279465605884206,-0.055277987612506,-0.25250230500566,0.341818031784088,0.317807937452619,-0.137684630661603,-0.327771547299041,0.774999522508714,0.70081009527302,0.287361134522134,2.10255180039753,1.67693156681492,0.794501533071364,1.5592286386305,1.24142786553837,-0.632626393639309,0.791887054234662,1.62542263996212,1.76102556457615,0.287340921839714,2.59345620826407,-0.0971777040240658,0.263470797519332,-1.2527423278752,0.957044707538996,1.32978608775483,1.44147449215083,0.305653783870344,1.79686430496451,1.20731021408034,1.31056057650073,0.122043209345692,1.0185809093314,0.514563370284657,-0.149488651764266,-2.1101360114103,-1.45921544925845,-2.96871012901681,-1.44487661087833,-0.541732985796603,-2.39934079433876,-1.71922495645429,-0.555425620629978,-0.394358319501478,0.0567691902345016,1,0.447053256220952,0.300249455222966,-0.320525783184622,0.994119627689922,-0.722516183058968,-0.952028912119128,-0.15142150945708,0.149481285658926,-0.592442302337524,-0.414427880665123,-0.981601713311315,-1.27516238586437,-0.707035966863222,-0.00327260196543921,-0.282582074174649,-0.0939522672134488,0.752371302334119,0.644402733714538,-0.191756903522518,1.39724531132165,1.64448213648049,1.19151322964518,0.463382044055983,-0.203521454442768,2.25442434379988,1.2323677988578,0.90705383126112,-0.0619746945329493,1.16400510552602,-0.101576648880383,-0.890184443031998,0.608618849065954,0.971592640012695,0.507119709393643,1.27845497269165,0.102460934248849,0.552918135725103,0.135401828656477
-0.168476064189576,-3.32335831062166,-3.80966566264272,-1.68741656960387,-4.3408936668909,-2.50584801552266,-1.54718037698509,-2.88766366246806,-3.53240357933654,-2.95105266233753,-1.50308348378011,-2.47748331848777,-1.25846263375955,-1.59506016683337,-0.476808833664719,0.569598880917515,0.155024450954764,0.43952978160979,-0.672022235302089,2.61158537486273,0.378684955605349,0.213055540868901,0.889394807858296,1.52735205969992,-1.61618153955055,-2.1211019671473,3.7508769363388,2.05391777847607,0.798497347264459,1.14928539640257,1.23473953494659,0.348806308210199,2.56655206252833,2.31888198104815,3.30308998706613,0.984317111830635,1.22401469430505,1.23691047832139,1.58673464010174,-1.21892504922659,3.73676618319187,1.92650067177355,2.85402057981034,1.27196789942738,2.46337789975343,3.25135558320916,3.45309033571416,2.45602422172951,0.992530502955183,1.35333176029441,-0.793820842585026,-3.4763096269594,-2.51995697003223,-4.57589925123285,-4.1513284028311,-1.12958412715208,-3.1082979452936,-3.32184553616338,-3.00220709082439,-2.24320100224191,-2.68659438758576,0.447053256220952,1,-0.771034541930036,-2.38276511797462,0.500364143516442,-0.454526086456077,-2.07701244160976,-1.45738131150073,-1.24597963225811,-0.518068221776841,-2.23802845820956,-1.84201430938606,-1.57674906400543,-2.7237080958653,-2.7579742045115,-0.86185310977018,-1.86787575571888,1.90054900757993,1.95389992231504,-0.674077223972783,0.767104854916078,2.20156202921308,0.343251601953315,0.115029397243604,-0.206374103361489,-0.10595583080766,-0.121229871276773,-0.610293390521563,1.46201383826473,2.34279259081246,0.078188884330026,-1.87198801871068,1.72081039519211,1.52067731134386,1.18824700920632,2.88434451988472,0.92296749718216,0.294060939337253,-0.645044926210174
-0.351965050558099,-3.29116989867704,-3.29108270495258,-1.17674234215362,-3.56614312427879,-1.69348388091604,-1.91814189094832,-2.68862315465601,-2.48743488823256,-2.25163784286626,-1.18978806562135,-2.04312632184482,-0.763716154188422,-1.22240861035753,0.168014630794876,-0.208864075274101,-0.46865783392775,-0.413831896537974,-1.40953102195279,1.37103463303869,-0.488088795256233,-0.183529055582615,-0.185373161248833,1.10886684791397,-0.441642117080371,-1.98361899129047,2.75752480393938,1.27845781065379,0.216751497035792,1.04171624697125,1.78208250331512,1.3114122272474,2.86450855135608,2.11165381952617,2.89311198109271,1.47565023550045,1.5398269397378,1.60126633005999,1.9102109092186,-1.23302266032462,3.40224845513161,1.84238929583404,2.73431002959512,1.7018562036212,1.75655499433057,2.96549511588549,3.18342191307121,2.15547049269697,1.27866315700924,1.7627703112555,-0.504351215849714,-3.20254154602401,-2.37883347865473,-3.96511564391843,-3.09621407178511,-0.264027368130381,-2.9822423198271,-2.55501451631152,-2.21747529475592,-1.52807949939251,-1.7932293117097,0.300249455222966,-0.771034541930036,1,-2.19942300509571,1.00288200164292,-0.853159236126928,-2.34412925780816,-1.40226530869218,-1.50834542641706,-1.30467735490873,-2.17769098311301,-2.62096136979038,-1.4307239881825,-2.55828236282373,-2.25570534957856,-1.02810865121321,-2.02578104888616,2.56197025687684,2.57169226311587,-0.56419214050306,0.899379678787361,1.53791735021756,0.518173431121526,-0.572012017973359,-0.508405846598199,0.322166309033774,-0.641546765727441,-0.524782330478311,1.24122746114042,2.76039362064626,0.818733472737951,-1.33171882476947,1.83769803183494,1.73567733746449,1.5382758035799,2.76662172189214,0.422164833917547,0.750044464127556,-0.0203124050924337
-0.914186741029146,0.0283701586790732,-0.813059866963214,-1.34601493780818,-1.66514341105035,-3.35718693188926,0.571676892133522,0.260379602913478,-2.10863491459752,-1.61060461033012,-1.19357384428205,-0.811181414384139,-1.40304398568005,-2.64230153264762,-2.71171702965162,3.02672395268609,1.7730205615188,2.24393555264108,0.177679277083316,3.58609990308186,1.37476498947894,2.62744821682912,2.48904592858558,2.41693806581533,-3.52535500076186,-1.36003473774459,0.684581943321478,0.800952883177321,0.158440632477657,0.683923678900791,-0.650519856012661,-1.41438300569983,2.00407189031404,2.43959661305471,2.38844463440245,-2.52026524662331,-1.25841182028637,-0.629774794235193,1.48346185461808,1.21264725360608,1.46714106037948,0.408103379308591,1.56018073083629,-1.91189054341362,-0.331605358294818,0.796122666307588,2.75869063916614,0.66090338338585,-2.39257980947948,-1.95946109932697,-1.33305407527679,-0.304879437161385,0.427615906220115,-1.74733139461475,-3.47930342339222,-2.3945639513323,0.597847662583044,-0.982239313323346,-2.5597369021836,-2.86369499455486,-3.58151913620852,-0.320525783184622,-2.38276511797462,-2.19942300509571,1,-2.03405905249746,0.724931516510443,0.376375207610794,0.604996828512198,0.408850881477004,0.642898749165282,0.0370395387373033,0.00153999558301199,0.761145921313113,-1.01055650857698,-2.17986044275813,-0.571331523454694,-0.258529728837753,-1.0439001000834,0.238610536835611,1.25836605396257,-0.579358863823657,1.12572779291313,0.614693382009387,0.944491105770269,2.10248410012817,-2.77947580510825,-0.13079696608186,-1.03822193113924,1.06845490380327,-0.21817561326309,-0.892414727591737,-0.652031850275718,0.428529919841921,0.584004882594798,-2.11879831781665,1.36247889383176,0.117573691116706,-2.38026580172695,-2.58598799091
0.705720719596613,-3.904574235639,-3.81836149828351,-0.88619219771221,-3.72925512206638,-0.0467011459273234,-2.51930175793153,-3.38701402878686,-1.99239959841134,-2.02473949974294,-0.952076482851347,-2.50712794434032,-0.109191175208853,0.330592662066638,2.35555614469672,-2.14446710728797,-2.12443531715621,-1.79816720849853,-1.7497499811009,-0.40316176867688,-1.57280223845004,-2.30292798908339,-1.64576388750593,-0.375395248527958,0.949977001820762,-1.5686229113929,3.48981013696051,1.0548516555659,0.494872174605747,0.979979756211514,2.69092188201149,2.65218335812938,2.26387369999861,0.763339184774567,1.96770748165881,3.51989017243529,2.59307516115036,2.67964537739364,1.49096597751564,-2.23412377109705,3.7024632242855,2.40354092950984,2.48238078339843,3.66254441743781,2.66511968750814,3.60546098544775,2.22871903753428,2.50990029727587,3.56261913727587,3.82337361529483,0.999504201473788,-3.69684664442516,-3.33499316215039,-3.91676168181968,-2.0575614592815,0.983216125810488,-3.83082348550169,-2.78191955646015,-1.41325634449503,-0.423367388475552,-0.285917701784504,0.994119627689922,0.500364143516442,1.00288200164292,-2.03405905249746,1,-1.28183589443771,-3.43383231564998,-2.56491199431856,-2.14891058655461,-2.05309865270454,-3.07220612323035,-3.15092051085201,-2.22418244439385,-3.018499905044,-1.795786102685,-0.903033837772969,-2.6448762126115,3.95371278440838,2.99114740132685,-2.39590276338055,1.56546690798273,1.26857666278034,-0.110373371094669,-1.78430252780952,-1.9033098019708,1.99950149614061,-0.712933602600471,0.178748730491923,1.06426014172965,3.68716928750043,1.62369679418425,-1.38926888699377,2.22026813702302,1.59940952801391,3.64184378443384,2.64684333696912,0.732491185123246,2.8948446892044,2.05602399865808
-1.48302035736944,0.7549939915456,0.425519753958475,-0.405918243187797,0.639248603826035,-1.57674093359019,0.537647014688892,0.634900597903833,-0.0623555612383614,0.391002218038275,0.0646277764253417,1.02900058292621,-0.884589736516028,-1.10170245225991,-1.59859212688484,1.2511665153698,1.57994472703293,0.983987082497023,0.548521415970339,0.624499509153395,0.95331894117938,2.0158644558241,0.768379100566185,1.03905615676478,-0.834171166238467,0.83472411040823,-0.910400577706876,0.286475676831307,-0.294135796647725,0.729878631138111,-0.717737752450671,-1.7439348088748,0.365313022024008,1.34546091701855,0.350145667792938,-2.27917604905198,-0.232518109644487,-1.42582481671609,-0.0101158984022899,0.922918361689842,-1.23381353697882,-0.608394584853989,-0.209870056011512,-2.04227714474296,-0.724026034350222,-1.18385417569664,0.311149360635604,-1.18415480196758,-2.08230678100168,-2.19972598004294,-1.09563638196889,0.916737040239284,1.58637918595947,0.635585628290384,-0.152845102735878,-1.46862260260435,0.994140873891044,0.525522102933471,-0.218607662560018,-0.738066552777741,-0.535972109525595,-0.722516183058968,-0.454526086456077,-0.853159236126928,0.724931516510443,-1.28183589443771,1,1.63788876826702,2.01995815494106,1.28077634150195,0.703377126148698,1.81808530378462,0.862610956993382,0.785935940606079,1.27528027427892,0.585450388167315,0.133581039870683,1.31474904262377,-1.86829148317494,-1.02080635380087,1.9454719186114,0.00144487952138783,0.0698318701131475,1.20797314616068,1.24328283715443,1.70306485801222,-0.475731200335836,0.551597580465368,0.147805912224061,-0.441025629175332,-1.2209798584648,-0.959042873687764,0.508073754942321,-0.643309283719853,-0.297923568540489,-2.34248611864683,-0.547923794160869,-0.579398057562383,-1.91114003585698,-1.39904454932508
-1.30342482994079,2.87163262781759,1.82884401517516,-0.506263207216584,1.34287942506397,-2.73111194071954,2.38735082484617,2.90161947318494,-0.0548084094825527,0.377721690374304,-0.168859634181114,1.20859706229861,-0.834450770755259,-2.46837169437945,-3.69646319564674,4.10447863906113,2.72894100361436,3.19932460757403,0.970550862999156,3.33837089758258,2.01270274060013,3.84520607719836,3.12312931521746,2.33612684438845,-3.18915464446752,-0.151542186870081,-2.53748368076167,-0.938004499313971,-0.470275330555107,-0.28327915592918,-2.24288576181951,-2.44314441515174,0.586168126681061,1.64651677114514,0.262320901375665,-4.2443124107075,-3.13774963568284,-2.23621897450886,0.54692449275485,2.89474695545305,-1.33316643440298,-1.80057499608307,-0.674633918580301,-4.35205812967621,-2.82329670013564,-2.28056919899889,0.701089216175021,-1.31372910429478,-4.69010431988546,-4.29570146980323,-1.25742080445114,2.43923839717573,2.98435211423542,1.12018503111061,-1.54417291664838,-2.15327452170726,3.50475301778348,1.36722000394655,-0.78230586282449,-1.83221554701953,-2.6048608326195,-0.952028912119128,-2.07701244160976,-2.34412925780816,0.376375207610794,-3.43383231564998,1.63788876826702,1,2.44220311292309,2.13817726755682,1.86209511582361,2.17162646589362,1.83229089975687,2.5864650622775,1.29779962700111,-0.659484504118225,0.253894951893721,1.34602823980542,-3.56043898402116,-1.32419281462675,2.73211397374658,-1.64923378478587,-0.339501074036752,0.568945601016022,1.46424351568069,2.95143449925451,-3.78355316885947,-0.201138291962383,-0.610976716384238,0.0882488750948645,-2.41140171571474,-1.30559203011671,0.806114062745454,-1.48621674187687,-0.606280589805737,-4.40677036125269,-0.873640907245189,-0.563019669939709,-3.99021060194026,-3.35348028713796
-0.603233136023707,3.11077648458905,1.51846226433916,-0.634071933223822,0.957984053852393,-2.53376392964189,2.74098745101121,3.16609539513387,-0.216291249251624,0.204985686759182,0.0549901905104017,0.682099541078746,-0.380831498239794,-1.63591489588309,-2.49219340283104,3.80395376083353,2.02940625011356,3.33921385905809,1.27108254226477,3.28250438620577,1.76729034000044,2.89423122945605,3.18389328042672,1.41947512255542,-3.44319944674633,-0.402862710741903,-2.42113617746884,-1.52229820652902,-0.252191215140416,-0.758315425577645,-2.246127977662,-2.02724888882611,0.151642987385778,1.05833744003318,-0.536392188362669,-3.53286610710494,-3.39163434755497,-1.96653309893578,0.0045328642609701,2.68569182693528,-1.11460131691748,-2.13012400254153,-1.18085463664818,-4.01668498002261,-2.62259846735852,-2.28937350224943,0.246240665187061,-1.00735894167272,-4.24406574458272,-3.73086899702729,-0.108168017550461,2.46215912159959,2.97870739093162,1.08977369824811,-1.80145500948975,-2.08478759568616,3.91000858000793,1.23180943746756,-0.513290640475317,-1.27437096358741,-2.1269826627325,-0.15142150945708,-1.45738131150073,-1.40226530869218,0.604996828512198,-2.56491199431856,2.01995815494106,2.44220311292309,1,2.45770638774317,2.21085024915975,1.81560518198585,2.33158130294271,2.63072685459489,0.961969890069455,-1.04147244627208,0.161663749073888,0.841242010178574,-3.64690436766373,-1.67334187019299,1.68222685240949,-1.31087983966148,-0.35661825093812,0.125225348094706,0.882530763476276,2.76747704463795,-3.57838100390848,-0.505038554439087,0.0831710490420022,0.0562228967309168,-2.34221908461357,-1.17049102631817,0.781068469871989,-2.01580198090588,-1.18994344880355,-3.60709923438033,-1.15119991219524,0.12516235951958,-3.30022473480629,-2.63798319098876
-1.26647056213084,1.62180281220824,-0.419128862525969,-1.27624388320241,-0.632382711554679,-4.23463720770151,1.68062288989155,1.52505724942501,-1.93297583619806,-0.448887580832965,0.00366670726361884,0.291960317575555,-1.01360063070378,-2.18072030743004,-2.46555637820733,3.20194571925375,2.33886847224082,3.08253566603737,1.33640027367912,3.41659940420873,2.1525564497845,3.0637498804709,2.87500702895462,1.96990732774386,-3.68040240775423,-0.0896090441444337,-0.814939277474785,0.0798712173053701,0.236934803360075,0.554330644348105,-1.52768448900861,-2.75493926641043,0.949393799066857,2.42099089693919,0.870130917292272,-4.28594155538638,-1.37824420395181,-1.87763481203028,0.390878731814167,1.80554188744645,-0.427066084158425,-1.07140880607743,0.139119687607353,-3.67628380448954,-1.16631985678837,-1.09183701827916,1.54758026491932,-1.04797081101439,-3.68507368917663,-3.55643835056755,-0.98160515418285,1.07314096568309,2.43738499216531,-0.448991626248109,-3.17607865509367,-3.53487436305913,2.41795460376318,-0.0598943320640415,-1.17171125565038,-1.98054735993275,-2.24366514033818,0.149481285658926,-1.24597963225811,-1.50834542641706,0.408850881477004,-2.14891058655461,1.28077634150195,2.13817726755682,2.45770638774317,1,1.90500512403923,1.75434200403354,1.71047540380903,1.68839562382414,0.539752679689454,-1.08325215778283,-0.339096238099748,0.982353064994211,-3.50524775584859,-1.64337862322783,1.98473806636575,-0.0469768077575223,0.919333129767065,1.20270317368224,1.52453033338824,3.34469836911419,-2.24133991424576,0.452736975804936,0.296265548600165,0.263422526297081,-1.75632987031305,-1.52387891167979,0.24634783291233,-1.40003471405711,-0.657055019933517,-3.44718960842957,-0.0487027617848617,0.00871435801833334,-3.33000471603876,-2.80387326606286
-1.22367644695106,1.76700981128761,1.54965968953344,-0.366955869983504,1.06468667692215,-2.28681058637616,1.30031547982645,2.0100372157839,0.373465386205257,0.789502468252331,0.264553599368652,1.28681076845027,-0.273194758176379,-1.96964301552797,-1.92684395176194,2.20564974872865,1.56897707275535,1.97623400186121,0.297273260781368,1.43967309757738,0.987534212453171,2.72264254805754,1.49243000533285,1.6662821489774,-1.76067488925348,0.63000980785897,-2.36454844907874,-0.658049603229643,-0.363406418934519,0.492646101873167,-0.922866154848036,-1.95128765040993,0.561370807263201,1.60824670395812,0.445677028477764,-3.94747929629483,-1.06992894757445,-1.97165046564096,0.535413106655947,1.9705918009486,-1.62482465399269,-0.741261385026404,-0.0873666874252865,-3.41057370849551,-2.28030704974812,-1.79821318260082,0.648790189104477,-1.9174050983287,-3.39641174217877,-3.41150471327522,-0.679018077707105,2.05860099423003,2.35522573036969,0.912504985820812,-0.552701342836808,-1.8117182702994,2.72812489662444,1.62688678197191,0.143925546467408,-1.01060736087805,-1.09121631083982,-0.592442302337524,-0.518068221776841,-1.30467735490873,0.642898749165282,-2.05309865270454,0.703377126148698,1.86209511582361,2.21085024915975,1.90500512403923,1,2.06044083265012,0.895858318033878,2.00417462588702,1.05542978021053,0.234822986533927,-0.269590619139415,1.31952849212118,-2.54204118847347,-1.02010683298796,2.10689953650413,-0.499146171843841,-0.0958336293121578,1.24756458459061,0.840263877625878,2.5893690724564,-1.80168695715789,0.355817061182852,0.0477938612788121,-0.339727382720798,-1.76368288483544,-0.754947122838933,0.874926973937966,-0.967780109999519,-0.161278070250905,-3.32235591944485,-0.487992725480731,-0.955015318006852,-2.78512847737311,-2.20615315457871
-0.748683671090121,3.11186551478585,1.49614845698104,-0.510378623983954,1.11260297861291,-2.41025205344856,2.50992192997589,3.01487381496271,-0.373006989515476,0.0970309753221097,-0.416895348576608,0.606700587224326,-0.651712059391456,-1.93792999142074,-3.35675591435098,4.13794634867692,2.30980353017259,3.05473050919307,1.03051975576067,3.5790906223248,1.81794156890154,3.24753679518273,3.24191815828752,1.86315528081308,-3.68463293081871,-0.675369558002728,-2.02652755893375,-1.20803995885582,-0.321157429033262,-0.726979060320351,-2.28868981382504,-1.72720425366058,0.681849096964714,1.1097572572386,-0.0723741658008331,-3.51181629179907,-3.64259392840742,-1.52134746814715,0.576034075671312,2.74174168232166,-0.603317970793859,-1.88837711821091,-0.735396261159778,-3.57876880801054,-2.44753984425108,-1.76220449182262,0.70869622347647,-0.57216750287972,-4.1528807898791,-3.48960168196902,-0.854035620815523,2.18807147510463,2.73752636881853,1.10552433802526,-2.00238044703616,-2.04593677286718,3.50240201732729,0.957585097962242,-1.08001569281875,-1.8479536797098,-2.84289459948017,-0.414427880665123,-2.23802845820956,-2.17769098311301,0.0370395387373033,-3.07220612323035,1.81808530378462,2.17162646589362,1.81560518198585,1.75434200403354,2.06044083265012,1,1.82731908829725,2.46489527939434,0.732811209121915,-1.35753621616827,0.282208938405564,0.649192671732628,-3.21555702764689,-1.14685587479582,1.93236915278036,-1.75220249407827,-0.420817468728444,-0.170991033448965,0.942363057469314,2.56105203411503,-4.25701673606019,-0.798226486394114,-0.780815187475597,0.47451978616991,-2.04611525830682,-1.05677695350204,0.616585348633278,-1.37004360054869,-0.882308142765668,-3.60765114547339,-0.791442311066118,-0.0705528867814494,-3.49287437160083,-2.88198854629161
-1.7604369803732,2.01584000118997,1.01639826576191,-0.519509805382398,0.936856475080228,-3.19943136065466,1.45517613016067,2.1223055913259,-0.367930976304546,0.525053474989803,-0.209615105509811,1.2441176129688,-0.826362420030712,-2.93643368380371,-3.68798652614066,3.52738962854269,2.47857594517993,2.49659417632953,0.175730273794628,2.96050642146189,1.64210689536719,3.934786816862,2.33708079978708,2.8590420894397,-2.60832817845969,0.0123964964949888,-2.26357305443066,-0.656376540290461,-0.515681330611895,0.483778313750044,-1.33531378621782,-1.90260982596549,1.73331751640894,2.42181942589024,1.1245107533086,-4.48306698009204,-1.91346866737214,-1.73050787815532,1.56399279006924,2.57857365935764,-0.849912932954568,-1.05759143494304,0.363776716054911,-3.87633306605118,-2.63865665459131,-1.58310600630012,1.64451096429493,-1.47079600744417,-4.22012164295497,-3.88766805751915,-1.6500549345753,1.72580883046739,2.60764997922615,0.359480644332216,-1.89526284001758,-2.18956355912324,2.66938175793045,1.12125818686021,-0.765586361280933,-2.0483334236477,-2.53935700227225,-0.981601713311315,-1.84201430938606,-2.62096136979038,0.00153999558301199,-3.15092051085201,0.862610956993382,1.83229089975687,2.33158130294271,1.71047540380903,0.895858318033878,1.82731908829725,1,2.2541444144057,0.864569358357326,-0.579270888685965,-0.0456096262289953,1.07275611103731,-2.74269578460624,-0.293831716544052,2.96061139387626,-1.17328768889221,-0.0583978962084529,1.10621712204314,1.11655266797697,2.91576556003301,-3.21092427132359,-0.21865568497376,-0.790218940024828,0.293779772686093,-1.4693551747981,-0.68805095540414,0.799698228526183,-0.67717689220622,0.19626749184202,-4.18432433833665,-0.0262368244296267,-1.20032368633898,-3.81542125468111,-3.15848252557916
-1.96265904505013,0.256421006429524,-0.134015822190306,-1.06098763172226,-0.159158624718601,-2.59854548677173,0.870110185511818,-0.0280400914500889,-1.24695762768232,-0.619640969088073,-0.312748941300315,0.893110624869177,-2.05214406746257,-1.80671664838772,-2.94983278898435,2.28837035478408,3.13926200147639,2.09074523135437,1.62774948165395,2.07044526830732,2.36723689824078,3.07164719445352,2.13211362136052,1.76172511955153,-1.74555332508816,0.671413333118355,0.260757358359808,1.7978216545341,0.0390982017568237,0.90480981165512,-1.69697700502407,-3.63856855444117,-0.255503719039736,1.99360573391292,1.02497554848504,-2.72667952732664,-0.537720497320189,-2.4076458876375,-0.844112325130363,0.857632567104586,-1.24790494758859,-0.837052343962886,-0.34777746635786,-2.89507755456564,0.197833390184535,-1.25742424363749,0.456737707602745,-0.850885213058943,-2.88889104012359,-3.18430371186576,-2.33877964340989,0.430017995009955,1.48313878734932,-0.0939214669542119,-1.00585566866266,-2.52377576061603,0.303996431046474,-0.526296135601644,-1.40350378503057,-1.68894034077404,-1.55292802835888,-1.27516238586437,-1.57674906400543,-1.4307239881825,0.761145921313113,-2.22418244439385,0.785935940606079,2.5864650622775,2.63072685459489,1.68839562382414,2.00417462588702,2.46489527939434,2.2541444144057,1,1.84865624189129,0.395584120635366,0.448997107334522,2.17375190862485,-2.94306295535718,-2.10790872707258,2.8417164707021,-0.17466141850509,0.84515996430135,1.53187815010479,3.04554010752734,2.14659737417967,-0.556146620322221,1.52986267462628,0.0485967072730895,-0.479926664233903,-2.13954592684177,-2.40242773401932,-0.116764889012869,-1.08472500354396,-0.578061149370761,-3.33237817751478,-0.661984563760015,-0.0110531719535438,-2.96646985548577,-2.71148252867567
-0.739897111890035,1.96435607854728,1.39726934419464,-0.6469823888362,0.308964335295173,-2.41952339873618,1.70576017930435,2.13829731608547,-0.606777799736988,-0.716439360746177,-1.0583570473367,-0.0362749064155516,-1.00931226375132,-2.46865656218025,-3.35725926275096,3.83968815518317,2.0462465113387,2.55444717183647,0.330979425840375,3.43457710191304,1.32829002474317,3.08441656720037,2.87040425437994,2.17470445089688,-3.88633957614416,-1.39457117401644,-1.15145005253635,-0.31270120496806,-0.479699830523161,-0.33829637092791,-1.63805974208518,-1.4113499619739,1.24514076442516,1.43650223615948,1.23595406073092,-3.15291348600054,-3.1422663871988,-0.973128774749474,1.24513942980456,2.34197912514477,0.392897344587486,-0.531807006251073,0.4694816358491,-2.64020721042279,-1.95564500316863,-0.420857470403352,1.72077313695487,0.185641011964659,-3.51910377152556,-2.8520185625288,-1.33937278580064,1.4591875270605,1.62369938931864,0.353658724323208,-2.25046856366995,-1.99149314602729,2.45594307811701,0.497673089309815,-2.03381568489962,-2.7048200867975,-3.65118561022661,-0.707035966863222,-2.7237080958653,-2.55828236282373,-1.01055650857698,-3.018499905044,1.27528027427892,1.29779962700111,0.961969890069455,0.539752679689454,1.05542978021053,0.732811209121915,0.864569358357326,1.84865624189129,1,-1.911471520422,-0.376797941053748,0.213629000438154,-1.82563451372158,-0.336151814937737,1.73533905233601,-1.71571449469943,-0.0666263388207571,-0.000690720088591501,0.877113158886194,2.41087636616366,-4.31771327331596,-0.684366406894379,-1.60158919693255,0.93628888419853,-1.38847927201052,-0.932031999092844,0.0992859770677795,-0.174188216059168,-0.011238638626667,-2.97862366451634,0.33993149814668,-0.179029759652268,-3.13342036792445,-3.04818916939029
0.186847141162338,0.362434204190848,-0.405998764183991,-0.673225020472855,-1.37731267165218,-1.95350171027828,0.528393354034196,0.43878331009706,-1.81882719636035,-1.7743463705353,-1.47028970307476,-1.48802630171916,-0.893717006472665,-1.83816105017653,-2.32034867773573,2.6244787459353,0.868252147653796,1.43646221382857,-0.166328648698902,3.28745289996363,0.746685096696972,1.38650267600286,2.11984219350032,1.7014667663909,-3.56995082465062,-2.33912655646549,1.00185529153734,0.439720666752648,0.0119711034110886,-0.291752471791006,-0.652182217731843,0.0679621555542214,1.72960220160772,1.01713497017885,1.94077569165187,-1.11101033990793,-2.09168029541616,0.774785668620458,1.8236408103328,1.01636277051898,2.49767538257592,0.722427077333691,1.60825275886575,-0.255755088771347,-0.287559470405078,1.76837425544521,2.50521460779989,1.79807594125147,-1.11746204388105,-0.428481820863196,-1.01800040098171,-0.502303410550821,-0.377638418377012,-1.3271727670317,-3.32013330400023,-1.41253910251598,0.369708933405192,-1.11980547219426,-2.75136804908236,-2.8052322547663,-3.80450636166478,-0.00327260196543921,-2.7579742045115,-2.25570534957856,-2.17986044275813,-1.795786102685,0.585450388167315,-0.659484504118225,-1.04147244627208,-1.08325215778283,0.234822986533927,-1.35753621616827,-0.579270888685965,0.395584120635366,-1.911471520422,1,-0.685847181090434,-1.22849375620757,0.289586501399881,0.989140354901249,0.0732367825085554,-1.22552346628751,0.605107346483485,-0.737958716510644,0.0742381117203168,1.07294376306521,-3.57749246638419,-0.91168575786812,-2.03263970616383,1.7818016620783,0.407731400226582,-0.208606872533216,-0.864797624069639,1.14322828526034,0.722585707773867,-0.619912171418555,1.74442873795593,0.360140504204816,-1.35220484340766,-1.90238352052032
-0.267357021482442,0.566924644582722,0.622446482468026,-0.20223491831994,0.0423320951668101,-1.08679562632004,0.334298226475761,0.595995016270917,-0.198696040026688,-0.418818520809068,-0.475600428140184,-0.194452425775091,-0.599079465598761,-0.962135242144001,-0.867313598090147,0.899384942098336,0.432205812912192,0.488791196118951,-0.101503854232655,0.619403560208733,0.118583193728141,0.806780922511594,0.509080469614438,0.610466974831667,-1.76837890654881,-0.55095004727453,-0.27898706942596,0.315725619553564,-0.429108652851724,0.248076186726292,-0.298940159541421,-0.493062803195996,0.520147687523788,0.505540411418862,0.78138726028899,-1.44710661781059,-0.672302255518379,0.00145502399284525,0.812022817887598,0.809344081148513,0.378591432889728,0.649372760969866,0.657813969175315,-0.395867260941417,-0.724248156986261,0.524055536139385,0.943526430270422,0.11362759527056,-0.800559094588285,-0.741648505239558,-0.504479870010942,0.612191858405188,0.487342781368613,0.334461719389844,-0.806119052775923,-1.1534575515921,0.824873749492068,0.244123841519525,-1.05377180996501,-1.52050325160695,-1.44190929002117,-0.282582074174649,-0.86185310977018,-1.02810865121321,-0.571331523454694,-0.903033837772969,0.133581039870683,0.253894951893721,0.161663749073888,-0.339096238099748,-0.269590619139415,0.282208938405564,-0.0456096262289953,0.448997107334522,-0.376797941053748,-0.685847181090434,1,0.155383826833199,-0.175610376446839,-0.0933156652022253,0.442918092877897,-0.267506957715935,-0.025929596335437,0.313648718596829,0.210535205702609,1.37605770125979,-1.34357749512744,0.0619787802050102,-0.814967012494514,0.540435630825601,-0.420757429052627,-0.348639794860434,0.0599491138138343,0.54783895939773,0.248749766421548,-0.788276097178046,0.624004342805848,-0.322754512739739,-0.833875895969896,-0.954017227940122
-0.0945969347845715,2.99469794681678,1.72367764312308,-0.0396043531821111,1.31345133952922,-1.53071001678131,2.10278122273114,2.88362016730273,-0.0160885243619782,0.423498724888325,-0.34766740754423,0.471114331101446,-0.00353524298148533,-1.49611807645461,-2.69633782159137,3.28905433097495,1.44755361361601,2.22311439913287,0.570502478198007,2.80635001760578,1.2115298044297,2.34486713351018,2.504506688089,1.48304973053812,-3.09347591923995,-0.637639926154468,-1.8923843029678,-1.30754982232602,-0.172171201647127,-0.853383299177092,-1.78400372205851,-0.845185833050839,0.531679898061739,0.344830300771047,-0.184735188803819,-3.06313607894672,-3.22645299944994,-0.808466167827595,0.858766708417835,2.37514579963809,-0.364813231227937,-1.29491808756504,-0.398901968185351,-2.5789124490532,-2.29029053769347,-1.18452808652153,0.551665175759203,-0.509610657430178,-3.11069268475163,-2.55146464203094,-0.563649151293257,2.04577872190221,2.13309928171221,1.2702301974391,-1.49042723393993,-1.39534306153613,3.19591438024326,1.13186003342808,-0.607462475789578,-1.46613409712658,-2.36799632992503,-0.0939522672134488,-1.86787575571888,-2.02578104888616,-0.258529728837753,-2.6448762126115,1.31474904262377,1.34602823980542,0.841242010178574,0.982353064994211,1.31952849212118,0.649192671732628,1.07275611103731,2.17375190862485,0.213629000438154,-1.22849375620757,0.155383826833199,1,-2.27584086399691,-0.598648523812823,1.12340555957154,-1.79458934333624,-0.540910438530291,-0.680538785528061,0.24207092655257,1.82797926683718,-4.0234638683754,-0.88716585394838,-1.13481610371938,0.659729602579137,-1.53492586248079,-0.421773456406928,0.545178801460255,-0.757697230579215,-0.550287017182771,-2.6075881226924,-0.457529965860428,-0.283960710395582,-2.66290648587292,-2.19639000678753
1.80274161788091,-3.09914891404829,-1.45347730883305,1.06555477029443,-0.942997523067253,4.50324226686785,-2.74916893333972,-3.00420397127516,0.919823207717967,-0.422208961922793,-0.198593311269012,-1.58369017945659,1.13992489628602,3.18342926787387,4.16917437889394,-4.6727959298301,-3.58282400439309,-4.27031037994754,-1.77999389072388,-4.11014596787672,-2.99261892835388,-4.8188830751528,-3.91843043527585,-2.97892873590061,4.103882420399,-0.693390171322189,2.53928596495671,0.328946471288684,-0.0638160180260059,-0.475657598657676,2.60041426782882,4.18899271916277,-0.384343359964134,-2.64593039206753,-0.654946705490369,6.33967041075268,2.51623714001587,3.46547552317994,-0.177906426605923,-3.13651579128891,2.1168715233837,1.89210794735402,0.57869588609783,5.93791652011491,2.70579541467265,2.82989520183383,-1.00254851600418,2.39281092984321,5.78700614145687,5.80533990429061,1.5972290341802,-2.78009722736428,-3.8152790932221,-0.824040753609366,2.36919012411285,3.82291381487651,-4.12030311899418,-1.34577367536541,0.715426481288432,2.18589087694345,2.69163740310987,0.752371302334119,1.90054900757993,2.56197025687684,-1.0439001000834,3.95371278440838,-1.86829148317494,-3.56043898402116,-3.64690436766373,-3.50524775584859,-2.54204118847347,-3.21555702764689,-2.74269578460624,-2.94306295535718,-1.82563451372158,0.289586501399881,-0.175610376446839,-2.27584086399691,1,2.53106478834825,-3.42831794022871,1.07483995349132,-0.474281931499448,-1.4902450564132,-2.39972439838127,-4.28275666938686,3.46786654252173,-0.889525840074087,-0.0559096610647294,0.233270192919028,3.34098901873955,2.20786877013482,-0.792260279760936,2.13427841256678,0.892699179348214,5.72217416219713,1.01206886315977,0.64142522455208,5.05298340739114,4.22186998784846
1.18492761234989,-1.91433722038698,-0.521146571864753,0.567478294242661,-0.389941193660786,3.14210862637368,-1.52340020301348,-1.96505836306165,0.79417346502939,-0.211405418738009,0.185691460245527,-0.781052380674567,0.632836137185155,2.75385941113254,3.49240952367213,-3.58618971806457,-2.17613132906558,-2.71268131345303,-0.316870804882936,-3.48227522913828,-1.77629744008568,-3.49690280014544,-2.63170648466636,-2.81077671864924,2.74167750310934,0.273268832809765,1.80726864660214,0.791601064691733,0.131170271008161,-0.265579873121011,1.31587743095847,1.57502621500531,-1.63791396290669,-2.19178212354736,-1.09290419316399,3.94960980602733,2.0335891249212,1.43200946709407,-1.59725936699993,-2.41658334862603,0.296966881509854,1.02753337761188,-0.409995160646887,3.67966609316816,2.37301925522146,1.28187805055948,-1.68870499164141,1.05296158029981,3.75910779777388,3.43190583855015,1.14182097687307,-1.34665279004132,-2.15868421551412,0.273926766834441,2.50930289167459,1.93494159499962,-2.48411437238894,-0.702072947492569,0.832035421218076,1.90702389184085,2.69850590262725,0.644402733714538,1.95389992231504,2.57169226311587,0.238610536835611,2.99114740132685,-1.02080635380087,-1.32419281462675,-1.67334187019299,-1.64337862322783,-1.02010683298796,-1.14685587479582,-0.293831716544052,-2.10790872707258,-0.336151814937737,0.989140354901249,-0.0933156652022253,-0.598648523812823,2.53106478834825,1,-2.26073655511588,1.26453483519625,-0.185341699493602,-0.62458130844837,-0.82376447226411,-2.50945023048354,3.31848301674668,0.314879253433222,0.709739024986978,-0.528632242700085,1.09950480373793,0.51904591900908,-0.47342871657432,0.630472879671938,-0.271857904395326,3.6969511977647,-0.175238932816,0.865868298219478,3.39126485552435,2.93039995079738
0.200915149490024,4.35767748704815,3.84802103136855,0.671922073533453,3.08758678854184,0.106371891068168,3.12504980765311,4.29477308097986,1.89336026193471,1.42314191994982,0.628325269028106,1.43246427882305,0.768582872882793,-0.107680745698833,-1.60745852800046,2.85392968313063,1.24308445362197,2.3694879123017,1.33537575549612,1.39854165134023,0.970443128757205,1.72752384723843,2.29030759511647,-0.0550573129096004,-2.05099769274962,-0.0136218024845999,-3.81889422738467,-2.48568112645026,-0.644456344324781,-2.0102856586145,-2.61577864725795,-1.26449798118968,-1.63798497095124,-1.096877952729,-2.29632653326393,-2.62017039867587,-4.16661346455179,-1.87705412650487,-1.05320204852211,2.62863583169587,-2.47971725964288,-2.74474741031504,-2.51293297067902,-3.38687740326621,-3.3266330751575,-3.25312476520339,-1.77700563284903,-1.42484342179094,-3.72806740036953,-3.24789581838441,0.329283929677459,3.74763725136937,3.19191090821596,3.47380106757008,0.938792596209215,-0.530470925129236,4.76654072135611,2.7637576692551,1.02048742900894,0.366661887270059,-0.50854646002918,-0.191756903522518,-0.674077223972783,-0.56419214050306,1.25836605396257,-2.39590276338055,1.9454719186114,2.73211397374658,1.68222685240949,1.98473806636575,2.10689953650413,1.93236915278036,2.96061139387626,2.8417164707021,1.73533905233601,0.0732367825085554,0.442918092877897,1.12340555957154,-3.42831794022871,-2.26073655511588,1,-1.99032400277646,-1.56082585048335,-0.839864337589592,0.450350309225174,1.70826479446051,-3.54469518055551,-0.793392424252854,-0.210542412269124,-0.474941431191281,-3.08837370226847,-0.868361848895668,1.32659573207441,-2.43021947054424,-1.77875818468195,-2.85812778590301,-2.35123642296171,0.0221699470471155,-2.54890648072222,-1.81959159007524
1.08949379381893,-0.676989484955924,-1.74324912991352,-0.389409455569442,-1.64355792593336,-0.214096324333956,-0.312880893908342,-0.400615936379348,-0.912155119889153,-0.464377047692658,0.0680087609459069,-1.28364445227934,0.907893304478923,0.5441232217502,1.72812410706868,-0.570235922230226,-1.60664779208189,-0.101105058930781,-0.555704430119926,0.474612333947472,-0.696061724319881,-1.45017718759277,-0.20255767121491,-0.493420610034834,-0.0407239064391132,-0.725347828760537,0.760844591594434,-1.01155387196879,0.634903588219187,-0.136898284007604,1.04864183214393,1.75920697735834,0.940313211588947,-0.0735356287595074,-0.0805820595221383,1.3074797126689,0.40784849631891,1.24063633652751,0.664051825629442,-0.542448904979403,1.58418124328921,0.299813880978573,0.562408017403307,0.958639955289869,0.481391488676984,0.98928095486198,0.673684750194713,0.794983221031108,1.27265979093596,1.57098988019278,1.89227271948305,-1.09117433179534,-0.902027541704402,-1.74488418065332,-1.57615997490138,0.542959785784032,-0.328646173682823,-0.801470113933337,0.203626289890497,0.549353131770868,0.17394629456497,1.39724531132165,0.767104854916078,0.899379678787361,-0.579358863823657,1.56546690798273,0.00144487952138783,-1.64923378478587,-1.31087983966148,-0.0469768077575223,-0.499146171843841,-1.75220249407827,-1.17328768889221,-0.17466141850509,-1.71571449469943,-1.22552346628751,-0.267506957715935,-1.79458934333624,1.07483995349132,1.26453483519625,-1.99032400277646,1,0.467621054545347,-0.682657616676029,-1.76871335299202,-0.789604377330959,0.252567379658458,-0.909758600182644,0.776512473446706,0.494126225816178,1.65668872483076,1.25772314830083,-0.37536794828746,0.213199117832321,0.242168724441456,1.69913742919444,0.799971361948858,0.628572513368058,1.41441614121301,1.30332481105109
1.42063146822625,1.64182538867827,0.398306694326606,0.932496975501476,1.03809982787398,0.808391935000817,0.650179731929792,1.49722908647939,0.838097496062852,1.69042094043936,1.59389199104119,0.397064204127407,2.22581993558128,1.63707847169026,2.22869069577209,-1.24205166795021,-1.78633466119794,-0.362716564296514,0.0407136500563185,-1.12761750937265,-0.722084907180607,-1.78918388333531,-0.823689224230511,-1.48124666725752,0.945558647237862,0.682343060044049,-1.79598692611936,-2.29100845568197,0.327655315875372,-0.955724432133711,0.279503562431553,1.40985423223672,-0.873128223034792,-1.51464216960972,-2.26500161386186,-0.0698792890116229,0.123604029895558,0.532601261995978,-0.272875938437034,0.0996128440311752,-0.838751720185908,-0.973468572736575,-1.08395681679593,0.062614936149231,-1.18775678201673,-0.992885216544875,-1.43453318107534,-1.16734204512279,0.739274946448431,0.62934386041703,2.20882543727531,1.0613926585664,0.90740932711523,1.06733701136113,0.539913616192261,0.709558833636658,1.84835194100565,1.317834317225,2.60117017057451,2.20758332150158,2.34157477131715,1.64448213648049,2.20156202921308,1.53791735021756,1.12572779291313,1.26857666278034,0.0698318701131475,-0.339501074036752,-0.35661825093812,0.919333129767065,-0.0958336293121578,-0.420817468728444,-0.0583978962084529,0.84515996430135,-0.0666263388207571,0.605107346483485,-0.025929596335437,-0.540910438530291,-0.474281931499448,-0.185341699493602,-1.56082585048335,0.467621054545347,1,-0.800403318978585,-1.79824928599021,-0.381427720631392,0.588588914798504,-0.577717884628541,1.24472251975067,-0.28035742305642,0.104503173731357,1.27884561631914,0.888539734850332,-1.0971887089585,-0.700958024973163,1.06146598877519,-0.777389705824419,-0.113497775535269,1.12915428460783,1.61636186191312
1.01331793464754,2.57662042110099,0.840087472307858,0.344272192609028,1.01256496174069,0.169630420347321,1.75058750790524,2.441157559817,0.412890205213468,0.803268980798298,0.623191983319717,0.0129923204017366,1.28774513547529,0.909927200027922,0.407468903438856,1.11468946490547,-0.483681883829758,1.0923485818514,0.656999205022025,0.98603211973774,0.120581689865855,-0.315857744307191,1.08576530519123,-0.802629655316209,-1.13178289591451,-0.387075740567127,-1.73831818737369,-2.4671130296563,0.116651754653809,-1.56664331292452,-0.992030630720268,0.796949834543886,-0.45034875922057,-1.09997821796321,-2.05444468681052,-0.360864806349155,-2.2890993627907,0.0650389699428089,-0.338079561613229,1.07707415767094,-0.392075915585543,-1.8959026043826,-1.49831495358802,-1.01967638141404,-1.50040477891982,-1.35265079582939,-0.965700308160023,-0.231910638071552,-1.03840663801711,-0.473856566207752,1.60993299222945,1.47271424259997,1.5256359554567,1.24874530249093,-0.518138015536592,0.0766336880145693,2.71941560196327,1.00163194195477,1.02774902649411,0.992398671898178,0.237897591545872,1.19151322964518,0.343251601953315,0.518173431121526,0.614693382009387,-0.110373371094669,1.20797314616068,0.568945601016022,0.125225348094706,1.20270317368224,1.24756458459061,-0.170991033448965,1.10621712204314,1.53187815010479,-0.000690720088591501,-0.737958716510644,0.313648718596829,-0.680538785528061,-1.4902450564132,-0.62458130844837,-0.839864337589592,-0.682657616676029,-0.800403318978585,1,-1.11768610688185,0.275757055012691,-1.85327242106823,-1.38074280611919,0.527755737681153,0.100311125619887,-0.636009614983663,0.4706126660303,0.665195299747069,-1.52811882216542,-1.27299058594608,-0.208456261335605,-1.14819433096954,0.586045714696488,-0.307606761872566,0.241430769718255
0.668606932612295,4.48649630979693,3.54133062851242,1.19664011312211,3.34228665454703,0.360913530807176,2.54193061089807,4.45772484737755,2.18671256827892,2.31049188948477,0.982538200952814,1.48332047796528,1.85980332929156,0.0268652802941071,-0.869464847143999,1.99375754645463,1.84494496142662e-05,1.43118853786202,0.266425168467572,0.717392467610581,0.067861461846503,1.01540520460376,1.22037434694673,-0.0362290586463354,-1.30574090793049,0.180637251882186,-4.36972270714435,-3.47699607440839,-0.553116394571209,-1.82546823327692,-1.55396336944793,0.413270544212845,-0.602165352164505,-1.25712094960021,-2.34240924189735,-2.73656873297415,-3.35009883776986,-0.775267862115868,0.285713199586092,2.58956321838316,-2.00581856549245,-2.25258915873694,-1.76534049754287,-2.61347499847358,-3.88980594571911,-2.72473309323719,-1.30368759464527,-1.788978286481,-2.81292592849114,-2.29409062668259,1.03040247309032,3.62664461004643,3.03270974657632,3.3084702799988,0.805162614760161,0.0913380082702675,4.91994862251086,3.23203248425251,1.97860948113554,0.884126638584743,0.103719417723926,0.463382044055983,0.115029397243604,-0.572012017973359,0.944491105770269,-1.78430252780952,1.24328283715443,1.46424351568069,0.882530763476276,1.52453033338824,0.840263877625878,0.942363057469314,1.11655266797697,3.04554010752734,0.877113158886194,0.0742381117203168,0.210535205702609,0.24207092655257,-2.39972439838127,-0.82376447226411,0.450350309225174,-1.76871335299202,-1.79824928599021,-1.11768610688185,1,1.27081921748391,-3.44134336125218,-1.47011996683774,-0.321564456630947,-0.104736760822429,-1.85263952840859,0.607733802795077,1.65397029282909,-1.67545128021841,-1.09813605556991,-2.0060255763077,-1.67512913602752,-0.730184955021854,-1.75297543904816,-0.853033305119383
-0.752881842866372,3.01408131105594,1.36588362488636,-0.220717208021604,1.86731421156539,-1.22988762985688,2.41302644950964,2.6042480323191,0.499559242514362,1.42363522165758,0.903339596139746,1.78050851053523,-0.0411827654423157,-0.441826102013423,-1.83540723063346,2.48347619946271,1.95882819755456,2.58383416015681,1.92064943941754,1.70846090162061,1.96880600358003,2.32488633092868,2.25993149688157,0.719538010941358,-1.14716125964292,1.69619632293615,-2.37256970167581,-1.3910274271824,0.374706290429242,-0.361891364163083,-2.16625542503045,-2.46608086716917,-1.12884931002798,0.363041124385451,-1.72260915854564,-2.93442479787135,-1.95596692605921,-2.69285808926604,-1.36094374168672,1.87639699869515,-2.82863439964034,-2.78128643330678,-2.28933457419176,-4.10021411024146,-1.71978560740018,-3.51558450311878,-1.50173806859812,-2.22313795767617,-3.45296302497981,-3.55855300914692,0.163373254150942,2.50659785712427,3.0929314228609,1.77878432948106,0.179388414612601,-1.2498775967324,3.27160915886295,1.50460776373835,1.21345370317499,0.617984732580757,0.138414933181141,-0.203521454442768,-0.206374103361489,-0.508405846598199,2.10248410012817,-1.9033098019708,1.70306485801222,2.95143449925451,2.76747704463795,3.34469836911419,2.5893690724564,2.56105203411503,2.91576556003301,2.14659737417967,2.41087636616366,1.07294376306521,1.37605770125979,1.82797926683718,-4.28275666938686,-2.50945023048354,1.70826479446051,-0.789604377330959,-0.381427720631392,0.275757055012691,1.27081921748391,1,-1.34897741513201,0.409495933172474,1.23110032607787,-1.10709753218367,-2.66860038693076,-1.35086577119047,0.993695441365549,-2.68357232675156,-1.73275950645475,-3.48905635938331,-2.49436654255184,-0.0311471458309318,-2.58828715013908,-1.51335397815697
2.12072185217097,-1.18680257821633,-2.36758543734352,-0.37457291007833,-2.85447725421693,-0.180633258216343,-0.995370736317782,-0.653919346717271,-1.76216466161329,-1.54418227610472,-1.0264174645239,-3.04880439013048,1.33556334580513,0.348012977179579,2.08676386893341,-0.543507099544031,-2.90508442038346,-0.878064459869047,-1.88133737050139,1.14090395665854,-1.84145174287496,-2.41610033574611,-0.41859228065238,-0.46095619466708,-1.4544732653447,-2.86120659205765,1.93125665120063,-1.17077638525188,0.548839357850708,-0.557285518077832,1.99299338921108,4.06660049167987,2.67422834648603,-0.309063527937833,1.09214917240264,2.23658625751339,-0.141433705815022,3.54652036554745,2.55023266236262,-0.790000578962123,4.39177362270777,1.76593179827467,2.38872745678339,3.19296797134356,0.807028934451928,3.60190030808143,2.56391776211583,2.77421228354482,2.57183092256941,3.56891948029795,2.06558943635508,-2.20556008667227,-2.33260424512521,-2.7891535656686,-3.34647270293476,0.720557071941298,-0.928945593122331,-1.66658846573432,-1.22977127275062,-0.70020447015948,-1.53428147303234,2.25442434379988,-0.10595583080766,0.322166309033774,-2.77947580510825,1.99950149614061,-0.475731200335836,-3.78355316885947,-3.57838100390848,-2.24133991424576,-1.80168695715789,-4.25701673606019,-3.21092427132359,-0.556146620322221,-4.31771327331596,-3.57749246638419,-1.34357749512744,-4.0234638683754,3.46786654252173,3.31848301674668,-3.54469518055551,0.252567379658458,0.588588914798504,-1.85327242106823,-3.44134336125218,-1.34897741513201,1,-2.42922818223243,-0.847073104797342,2.12613080546815,3.48203968204593,2.55557128651388,-1.03097211934255,2.04103272921233,1.19619039818287,3.65488644945574,2.78326959075169,0.876344957726846,2.35698172265876,1.70333143908294
1.10505336813145,2.59738952228983,0.752007811731243,0.598129452889578,1.06665824027238,-0.303041285250491,1.272135102463,2.32244813095837,0.0866394362816139,1.0966606423602,0.422184273475974,0.0573002750557601,1.4661342495541,0.125681337734613,-0.361178212066817,1.15391513171207,-0.570337002170072,0.70198243036294,0.0248200450359095,1.21080762523299,0.0767491671690577,0.0331941471114876,0.864006012881586,0.125498676735005,-1.46702949307893,-0.29304810637903,-1.54842822478974,-2.10507906222753,0.324631546480975,-1.04070321794456,-0.538378140168519,1.15895033281328,0.426922010617825,-0.794259215172675,-1.09446969113754,-1.51045737615936,-1.75934092120718,0.660866425280162,1.01655070056599,1.24515673496674,0.168621164175144,-0.899053638146467,-0.25927292817371,-0.699618376290754,-1.64953550661252,-0.439469351270943,0.033652819597959,-0.44952151567276,-0.747872376677585,-0.348503341995239,0.954955102787213,1.29585519074226,1.27970104895189,0.966190091300204,-1.12821852353981,-0.250239242852794,2.53515381431936,1.00434376043913,0.869889213753126,0.206593799833677,-0.438364666495403,1.2323677988578,-0.121229871276773,-0.641546765727441,-0.13079696608186,-0.712933602600471,0.551597580465368,-0.201138291962383,-0.505038554439087,0.452736975804936,0.355817061182852,-0.798226486394114,-0.21865568497376,1.52986267462628,-0.684366406894379,-0.91168575786812,0.0619787802050102,-0.88716585394838,-0.889525840074087,0.314879253433222,-0.793392424252854,-0.909758600182644,-0.577717884628541,-1.38074280611919,-1.47011996683774,0.409495933172474,-2.42922818223243,1,-0.466490929933916,0.740752338211376,-0.0871231140959438,1.012594798815,0.569256793197818,-0.392979842894598,-0.393754026567207,-0.254722992295345,-0.151127068249596,-0.250283804589547,-0.508546241577118,-0.0362526694091363
-0.360488105612577,-0.800708291738346,-2.33380037856013,-1.33672468798366,-2.41647331866948,-2.8624726341244,-0.239442476266265,-0.586474893997631,-2.41109992382948,-1.3703861534311,-0.682417156582839,-1.3438723811252,-0.58112553163268,-1.21991054085376,-0.303665190897312,1.07189790299089,0.189484519662108,0.971662038454826,-0.211529357150571,2.12041272467001,0.359703981158423,0.722424790823787,1.01036639817462,1.03801317779229,-2.30187593960229,-1.07600864482011,1.36785197296196,0.385539149311704,0.450822691982274,0.850821859707221,0.547807323065676,0.00659456698121308,2.22027522225536,1.96284529731344,1.6473277969271,-1.03116565105276,0.299129711224814,0.509939979825538,1.343966345659,0.0544845841331272,1.9902098660972,0.649613360585408,1.6181402685825,-0.241143442851216,0.660337932112089,1.47063952795189,2.48202829432254,0.817960806198807,-0.498924737046083,-0.0982358704441293,-0.00581584293978987,-1.24828199285417,-0.132932434190793,-2.29375549081647,-3.43376615222978,-1.92907293098599,-0.238598953997948,-1.50985246271781,-1.64844571105117,-1.64928137546827,-1.84747587508821,0.90705383126112,-0.610293390521563,-0.524782330478311,-1.03822193113924,0.178748730491923,0.147805912224061,-0.610976716384238,0.0831710490420022,0.296265548600165,0.0477938612788121,-0.780815187475597,-0.790218940024828,0.0485967072730895,-1.60158919693255,-2.03263970616383,-0.814967012494514,-1.13481610371938,-0.0559096610647294,0.709739024986978,-0.210542412269124,0.776512473446706,1.24472251975067,0.527755737681153,-0.321564456630947,1.23110032607787,-0.847073104797342,-0.466490929933916,1,0.947759810260988,1.02052476544995,0.083692651138993,-0.58192253266253,0.45893408120986,0.392374699526819,-0.131565535518089,1.53515719311177,0.438968188881852,-0.595001754335221,-0.621328643038116
0.233843832145339,-0.406838033748156,0.511005124378084,0.468635598380179,0.804751602619292,1.74211246986627,-0.43247120491697,-0.448634142225208,1.26202944078535,0.95838897557693,0.652166761973206,0.733083678916139,0.568687460717285,1.19340052285834,1.45522124508194,-1.72242688235631,-0.72988275809336,-1.04484220804869,0.0648230728593169,-2.1168123246922,-0.557518174424174,-1.11615433644258,-1.32258654007998,-1.08421504449228,2.24114830236637,1.46944963346031,-0.188437936591094,0.00990820757203884,0.221719077277332,0.173141695441079,0.454017716914656,0.0267993563698548,-1.36447387638036,-1.03834622680287,-1.04125637967643,0.990181577282766,1.26794704373915,-0.39315868377887,-1.21944446550665,-0.80276520521814,-1.42945695550172,-0.0200695172042787,-0.841019982351138,0.500586985084298,0.540749038091178,-0.781184955198756,-1.65487242474556,-0.906544739051727,1.08821864287657,0.571585826354369,0.688948563190176,0.224466780653751,-0.294342571626784,0.800008853465639,2.3728169323,1.21033899106553,-0.532537212402065,0.621733981149954,1.58112203172252,1.68513161046486,2.18042823902932,-0.0619746945329493,1.46201383826473,1.24122746114042,1.06845490380327,1.06426014172965,-0.441025629175332,0.0882488750948645,0.0562228967309168,0.263422526297081,-0.339727382720798,0.47451978616991,0.293779772686093,-0.479926664233903,0.93628888419853,1.7818016620783,0.540435630825601,0.659729602579137,0.233270192919028,-0.528632242700085,-0.474941431191281,0.494126225816178,-0.28035742305642,0.100311125619887,-0.104736760822429,-1.10709753218367,2.12613080546815,0.740752338211376,0.947759810260988,1,-0.203593797029798,0.114701419868094,0.241804867087827,-0.328281564719616,-0.302370459503281,0.70995718022308,-0.982388060051658,-0.136679509379364,1.14741854029644,1.29184028748176
1.53572479172241,-2.46640442134481,-1.45816868674628,0.377432854995147,-1.31255323650116,2.73363752215387,-1.92779754208027,-2.29224054831076,0.377488308839688,-0.421159988848146,0.242827911542511,-1.36261570528831,1.02463188998306,2.6344850913855,4.24584141508781,-3.91717264395383,-3.05355510445085,-2.82553647043767,-0.938148070625773,-3.29407129097508,-2.25551662883049,-4.04379191823401,-2.93968218917662,-2.70643427506361,2.80728366550159,-0.0672147257193163,1.98932436025297,0.268056241451393,0.32570044313336,-0.00877286243266384,2.14818109929114,2.56358858649211,-0.721213588065656,-1.81491175105907,-0.69834523078435,4.31619534940178,2.58870547545123,2.09535117906485,-0.740810979842056,-2.57652683471725,1.21599763539484,1.52822655262624,0.290293192547235,4.04228891472747,2.30920339047309,1.93287970724301,-0.914598815650297,1.30935503929272,4.37331571433419,4.13245956768005,2.0721334981141,-1.93756863758007,-2.66694319992435,-0.879479513056382,1.55700561375278,2.20037167418768,-2.70179749831586,-0.977627833358487,0.907417673901006,1.9938455744013,2.63851344756538,1.16400510552602,2.34279259081246,2.76039362064626,-0.21817561326309,3.68716928750043,-1.2209798584648,-2.41140171571474,-2.34221908461357,-1.75632987031305,-1.76368288483544,-2.04611525830682,-1.4693551747981,-2.13954592684177,-1.38847927201052,0.407731400226582,-0.420757429052627,-1.53492586248079,3.34098901873955,1.09950480373793,-3.08837370226847,1.65668872483076,0.104503173731357,-0.636009614983663,-1.85263952840859,-2.66860038693076,3.48203968204593,-0.0871231140959438,1.02052476544995,-0.203593797029798,1,1.34895115723625,-0.61338777041056,1.07413115680044,0.287293199346305,4.3861254289189,0.600131159990218,0.828644134440413,4.07022593694977,3.49201421089739
0.0129404742117503,-3.4285889746326,-2.20643168917888,-0.752377310870177,-2.49969846801828,0.348994021220258,-1.92703934273716,-3.27978946973929,-1.39294866253116,-1.84991237661867,-0.814474020277576,-1.37230081704208,-1.03339838017844,0.350872342318663,1.21164223434585,-1.81700458867091,-0.420994503782991,-1.30006316028211,-0.287079806163302,-0.867222494103311,-0.417772153873402,-1.32331581764479,-1.05423188856129,-0.448036602160603,1.00935416645053,-0.425975106526983,3.42133467775398,2.6257981733411,0.46577444709865,1.00571057837754,1.24980535146031,-0.0558606063427436,0.015659842761431,0.36367074886894,1.60936028477754,2.48978240624806,2.39513001223342,0.762610387592477,-0.536698654655334,-2.19796580729144,1.59659784028721,1.89651812031454,1.30069396524977,2.49687957726701,3.11572462132601,2.29945676497159,0.72607419330205,1.61495111703638,2.49158507484169,2.15325571371065,-0.579336569230875,-2.68145403340501,-2.66415753424645,-2.24649720385419,-0.194285444343204,0.214722526206233,-3.70305480485494,-2.32526026871235,-1.41708093080697,-0.456992709903936,0.101144896693598,-0.101576648880383,0.078188884330026,0.818733472737951,-0.892414727591737,1.62369679418425,-0.959042873687764,-1.30559203011671,-1.17049102631817,-1.52387891167979,-0.754947122838933,-1.05677695350204,-0.68805095540414,-2.40242773401932,-0.932031999092844,-0.208606872533216,-0.348639794860434,-0.421773456406928,2.20786877013482,0.51904591900908,-0.868361848895668,1.25772314830083,1.27884561631914,0.4706126660303,0.607733802795077,-1.35086577119047,2.55557128651388,1.012594798815,0.083692651138993,0.114701419868094,1.34895115723625,1,-1.37972860960932,1.32315300457141,0.725964185309459,2.14792835238882,1.26729102823353,0.825232588473604,1.72986003471835,0.882730567999173
-1.04811716513605,-0.715504223098269,-0.554242507763804,-1.1278243782992,-1.15591071394695,-1.71857002828167,0.172026980633937,-0.625041222135116,-1.31691887340911,-1.43695249110097,-1.09697428829185,-0.372848975368673,-1.70210083337408,-1.64688305605453,-2.08951681656906,1.8729559590084,1.84959563552513,1.38756165873705,0.541010658927245,2.06903370997045,1.2537646223213,1.96973860227694,1.68040602714564,1.51793391002225,-1.78401935938358,-0.53393918454928,1.25299897992657,1.58056137221597,0.123245600759003,0.678548443094791,-0.711206212383512,-1.83785449367733,0.642008827039103,1.60363250134943,1.71124246045996,-0.984725527226174,-0.580898402519666,-0.999603751795219,0.0268662304679689,0.343907860104645,0.522930733220683,0.253100376547289,0.658868014342768,-1.16748340814065,0.723067797584895,0.326784044245393,1.29839521415536,0.609835815876218,-1.50825265673248,-1.39449704749796,-1.5408805433485,-0.529951033122491,-0.0919432200507204,-1.12894270006757,-1.45034558096597,-1.42914067660042,-0.601488039343002,-1.10625650597931,-2.09895996557676,-1.94133996593308,-2.25874943981611,-0.890184443031998,-1.87198801871068,-1.33171882476947,-0.652031850275718,-1.38926888699377,0.508073754942321,0.806114062745454,0.781068469871989,0.24634783291233,0.874926973937966,0.616585348633278,0.799698228526183,-0.116764889012869,0.0992859770677795,-0.864797624069639,0.0599491138138343,0.545178801460255,-0.792260279760936,-0.47342871657432,1.32659573207441,-0.37536794828746,0.888539734850332,0.665195299747069,1.65397029282909,0.993695441365549,-1.03097211934255,0.569256793197818,-0.58192253266253,0.241804867087827,-0.61338777041056,-1.37972860960932,1,0.153123684171733,0.152711916407355,-1.57736836327742,0.416757390208225,0.376544343595161,-1.62231794060202,-1.86260688224096
1.76117062493649,-0.209658047933723,0.336868680605844,1.31664999766357,1.02026361516298,3.71213066634585,-0.654385314822536,-0.483968227435919,1.666696563613,0.920116697170517,0.645915173022395,-0.152657528447514,1.37626735197665,2.75791464556759,2.82430955121998,-2.93871334867117,-2.40395950289066,-2.41299674758221,-0.451592951906328,-3.04531427484391,-1.64844013792655,-3.34250870536469,-2.35006921380221,-2.48685993075912,2.88640045326282,0.481571617809332,0.210729627265645,-0.847334430322486,0.036626518698324,-0.974741833617518,0.80826202867893,2.39901339889582,-1.65571956788087,-2.9611274563375,-2.15031038344298,3.55590208198703,0.79171454369873,1.68714380293647,-0.867994668120141,-1.30410111520512,-0.0671286074452091,0.160520101652272,-1.09364347276906,3.0168870336182,0.669084268708904,0.360272063434751,-2.31454744328143,0.517331841923507,3.38615891109362,3.14485663793913,1.85432744159612,-0.261506534732039,-1.33361474530991,1.11967664576766,2.64080862451519,2.82727386132362,-1.01472291574994,0.329427132329949,1.79230456993369,2.33609726848352,2.69487583599885,0.608618849065954,1.72081039519211,1.83769803183494,0.428529919841921,2.22026813702302,-0.643309283719853,-1.48621674187687,-2.01580198090588,-1.40003471405711,-0.967780109999519,-1.37004360054869,-0.67717689220622,-1.08472500354396,-0.174188216059168,1.14322828526034,0.54783895939773,-0.757697230579215,2.13427841256678,0.630472879671938,-2.43021947054424,0.213199117832321,-1.0971887089585,-1.52811882216542,-1.67545128021841,-2.68357232675156,2.04103272921233,-0.392979842894598,0.45893408120986,-0.328281564719616,1.07413115680044,1.32315300457141,0.153123684171733,1,-0.264356662391148,3.16101535991104,-0.663485922328845,0.264805958077444,3.19349416045553,3.03220934738306
1.41160996634289,0.435069254837908,0.559484978689341,1.05327957632619,0.921333854581805,2.5919021224639,-0.153999447203795,0.151021533352377,1.07525204628408,0.806777443935466,0.703393700678257,-0.101902624377202,1.41947482414939,2.41360445924793,2.25745482366788,-1.99362493701739,-1.69620995858568,-1.53442222382109,0.116454511602572,-2.11848375188249,-1.08059220759001,-2.51659142074664,-1.41659758016724,-2.22837483145521,1.66739648195365,0.292227778413782,-0.0623506117283134,-0.81817734152784,0.176601262661089,-1.12412463786907,0.272604423021426,1.5539909118807,-1.60792915863165,-2.3848749473126,-1.97407126573885,2.14328815883295,0.251793810382368,1.02043505119306,-1.15924135237067,-1.02383078391125,-0.366653103793851,-0.343977277199221,-1.09730476345303,1.93358612998337,0.569578493251809,-0.013039207405328,-1.91023542082416,0.222838317797559,2.06793242092582,2.00296062452336,1.27032389014302,0.102938055720208,-0.564791988657833,1.32662940951001,1.88768498947016,1.5618800655496,-0.142539084310698,0.422315127787286,1.58394477422791,2.09805513048171,2.25525269211215,0.971592640012695,1.52067731134386,1.73567733746449,0.584004882594798,1.59940952801391,-0.297923568540489,-0.606280589805737,-1.18994344880355,-0.657055019933517,-0.161278070250905,-0.882308142765668,0.19626749184202,-0.578061149370761,-0.011238638626667,0.722585707773867,0.248749766421548,-0.550287017182771,0.892699179348214,-0.271857904395326,-1.77875818468195,0.242168724441456,-0.700958024973163,-1.27299058594608,-1.09813605556991,-1.73275950645475,1.19619039818287,-0.393754026567207,0.392374699526819,-0.302370459503281,0.287293199346305,0.725964185309459,0.152711916407355,-0.264356662391148,1,2.30527714156637,-0.791856442222479,0.50893572360661,2.05355578083653,2.05389832570366
0.953150534880082,-5.15904285449628,-3.40461006045185,-0.125680338285237,-3.3089142847187,2.00042367398951,-3.74769037996857,-4.58048162307682,-0.911464627785117,-1.64263306989265,-0.829494617009616,-2.25802357681718,0.247726707027099,1.08628028019907,3.29909000645999,-4.05808614953665,-3.02757480334288,-3.55605031249427,-2.45938910387879,-2.50399185370584,-2.52052447979609,-3.57580310980694,-3.37885617899952,-1.02796366142407,3.31304558473839,-1.07626900244464,3.9057382275952,1.63432810687137,0.386466865457736,1.1350794225376,3.58180130349371,3.49486307237214,1.58470908890837,-0.185123205938774,1.9981535434361,5.16802986637086,3.98705748793554,3.21748418761832,1.26219459416709,-3.32290505136124,3.45669010514149,3.33398471715614,2.70920371239838,5.27598633107504,3.37409880652645,4.11517522399396,1.50710585525222,2.5560639904984,5.36286943187318,5.25252256806172,0.855959311711798,-4.31283381319078,-4.72710643648727,-3.72324659351578,0.00590846430433456,2.66588668289108,-5.49432200171037,-2.61106732657087,-0.65509481329439,0.58049097517165,1.07081831843099,0.507119709393643,1.18824700920632,1.5382758035799,-2.11879831781665,3.64184378443384,-2.34248611864683,-4.40677036125269,-3.60709923438033,-3.44718960842957,-3.32235591944485,-3.60765114547339,-4.18432433833665,-3.33237817751478,-2.97862366451634,-0.619912171418555,-0.788276097178046,-2.6075881226924,5.72217416219713,3.6969511977647,-2.85812778590301,1.69913742919444,1.06146598877519,-0.208456261335605,-2.0060255763077,-3.48905635938331,3.65488644945574,-0.254722992295345,-0.131565535518089,0.70995718022308,4.3861254289189,2.14792835238882,-1.57736836327742,3.16101535991104,2.30527714156637,1,2.83246898398166,0.312392135463435,4.34738091778584,3.13539101488775
1.6871714979476,0.0839384685733249,0.282325886069299,1.22278588157581,1.08267701381107,3.34470887300523,-0.444532917158756,-0.112761490619632,1.68735033823796,1.58598496572345,1.39520848558201,0.31275043082524,2.1466177901946,3.111982211989,3.57155900053883,-3.16267656613077,-2.4920933181614,-2.02606877134749,-0.0472090411086152,-3.2216317309432,-1.49723667420702,-3.33862375322876,-2.27992513230463,-2.79663903192309,3.34336288944559,1.29867116245178,-0.391027971301059,-1.36942343501049,0.503445927575327,-0.911454867149106,0.904740715977927,1.95898567351618,-2.03650529577466,-2.74821787820829,-2.72038888316908,2.77790439369092,1.33845188650608,0.879903068177996,-1.61623083108284,-1.49078699769997,-1.11579387255397,-0.530262308998418,-1.56175048044699,2.02207643843041,0.683984534058041,-0.650335559873149,-2.77808804216969,-0.558603303509796,2.80394273355746,2.44557658629815,2.32911677471079,0.0783106457144287,-0.674835952970948,1.22525161918774,2.87474393898649,2.47736488628236,-0.337778388199502,0.796611918065953,2.98913246245659,3.48853895955658,3.89786054516328,1.27845497269165,2.88434451988472,2.76662172189214,1.36247889383176,2.64684333696912,-0.547923794160869,-0.873640907245189,-1.15119991219524,-0.0487027617848617,-0.487992725480731,-0.791442311066118,-0.0262368244296267,-0.661984563760015,0.33993149814668,1.74442873795593,0.624004342805848,-0.457529965860428,1.01206886315977,-0.175238932816,-2.35123642296171,0.799971361948858,-0.777389705824419,-1.14819433096954,-1.67512913602752,-2.49436654255184,2.78326959075169,-0.151127068249596,1.53515719311177,-0.982388060051658,0.600131159990218,1.26729102823353,0.416757390208225,-0.663485922328845,-0.791856442222479,2.83246898398166,1,0.368101356814887,2.94771265377798,3.15889641842909
-0.331967621173775,-0.515966081051564,-0.46108207831654,0.133298201806045,-0.0704896063487332,-0.102406953673607,-0.656373314248341,-0.310630688679639,0.29902622529601,0.48922294328245,0.392780641083678,0.229058733819263,0.384741560896257,0.0236749255364865,0.767060207057082,-0.875236803282035,-0.666146490926199,-0.690390023047894,-0.789459759846276,-0.90453019184088,-0.688031469533518,-0.310526447534608,-1.05219248637346,-0.0462431654454329,1.04091852442008,0.275306588823021,-0.536632179676478,-0.512693359302557,-0.282711860968779,0.467207692916755,0.942231263860661,0.827086867467846,0.824298398549057,0.47571269385553,0.110744078860954,0.120757072232126,1.04853115647283,0.386285750885211,0.695780998630442,-0.184390048752372,0.0166587894775948,0.272022838668929,0.419087779758513,0.266993046828509,-0.390837184653832,0.0622904904758605,0.351267205301267,-0.441539514338189,0.4086402662808,0.379693982007506,0.408378159939711,-0.249975374750361,0.00527254551602319,-0.342244888814577,0.166430779507892,0.391411593513124,-0.235027365439855,0.296932398884523,0.674508977657168,0.493587358164902,0.800556083876437,0.102460934248849,0.92296749718216,0.422164833917547,0.117573691116706,0.732491185123246,-0.579398057562383,-0.563019669939709,0.12516235951958,0.00871435801833334,-0.955015318006852,-0.0705528867814494,-1.20032368633898,-0.0110531719535438,-0.179029759652268,0.360140504204816,-0.322754512739739,-0.283960710395582,0.64142522455208,0.865868298219478,0.0221699470471155,0.628572513368058,-0.113497775535269,0.586045714696488,-0.730184955021854,-0.0311471458309318,0.876344957726846,-0.250283804589547,0.438968188881852,-0.136679509379364,0.828644134440413,0.825232588473604,0.376544343595161,0.264805958077444,0.50893572360661,0.312392135463435,0.368101356814887,1,0.453563791829172,0.619522962751486
0.710043831227279,-4.37971901703473,-3.46319750327964,-0.415377338400216,-3.36503462289273,1.06293886837783,-3.22374287139848,-4.03545283554168,-1.52776364479394,-2.00425929300469,-1.2260698160793,-2.49122697175867,-0.302374673103996,0.665352169912672,2.31424926371715,-2.93403633995609,-2.41997103291153,-2.90788975079649,-2.06019050611339,-1.4603040843243,-2.02219684913411,-2.83906033511967,-2.52632736482899,-0.615301884480279,1.69404141440396,-1.43366515487579,4.01811794439585,1.68375845035997,0.35311422302792,1.13261556275751,2.98319639327987,3.11257376059411,2.05660473995876,0.181836839263014,2.22334418744728,4.30764650053458,3.08236486350141,3.20680715034635,1.61929416839516,-2.73708369378369,3.84984282411191,3.15932341767535,2.82520316995569,4.80671288161617,3.21096566844373,4.29131891916206,2.08633177510156,2.86122637939609,4.59830921509034,4.69169042532689,0.494529471277542,-4.03651737430951,-4.1374229236356,-3.52062450212233,-1.05108714386197,1.63898221380038,-4.82304264564907,-2.84004210561922,-1.53729562136815,-0.376762371322576,-0.114113657809719,0.552918135725103,0.294060939337253,0.750044464127556,-2.38026580172695,2.8948446892044,-1.91114003585698,-3.99021060194026,-3.30022473480629,-3.33000471603876,-2.78512847737311,-3.49287437160083,-3.81542125468111,-2.96646985548577,-3.13342036792445,-1.35220484340766,-0.833875895969896,-2.66290648587292,5.05298340739114,3.39126485552435,-2.54890648072222,1.41441614121301,1.12915428460783,-0.307606761872566,-1.75297543904816,-2.58828715013908,2.35698172265876,-0.508546241577118,-0.595001754335221,1.14741854029644,4.07022593694977,1.72986003471835,-1.62231794060202,3.19349416045553,2.05355578083653,4.34738091778584,2.94771265377798,0.453563791829172,1,2.47897356758435
0.204708646435087,-4.50100888898168,-3.77115960962891,-1.18104194721512,-4.07203780060016,-0.424346922767298,-2.79680603360899,-4.0691585898444,-2.34945480703642,-2.7981897597297,-1.66527089065936,-2.67880690084505,-1.2670483029681,-0.48311735235813,1.22004237502206,-1.68297835481414,-1.3521028735143,-1.70292078138992,-1.64986098229218,-0.0312032199734051,-1.1665314750004,-1.60813526740487,-1.34445704405623,0.338785179659278,0.281467558293326,-1.71341965201749,4.38096122282613,2.38572095809659,0.39246467513278,1.55681340016039,2.45724048975757,1.78595635758934,2.35957980970427,1.23389595305602,3.09090796254101,3.234765187007,2.64810515683358,2.45643448641202,1.70683002801911,-2.19753518767837,4.04696605115503,3.24310043061112,3.1007878519775,3.70724580599368,3.17008300981599,4.279584507416,2.83838717296946,2.95381675862168,3.46075663322634,3.53994074100226,-0.0386296899074978,-3.99913325772188,-3.82020685273159,-4.19952950550802,-2.23976473642389,0.483424220400894,-4.62025299984039,-3.29660607032359,-2.67627357521117,-1.67665366366235,-1.48711210230516,0.135401828656477,-0.645044926210174,-0.0203124050924337,-2.58598799091,2.05602399865808,-1.39904454932508,-3.35348028713796,-2.63798319098876,-2.80387326606286,-2.20615315457871,-2.88198854629161,-3.15848252557916,-2.71148252867567,-3.04818916939029,-1.90238352052032,-0.954017227940122,-2.19639000678753,4.22186998784846,2.93039995079738,-1.81959159007524,1.30332481105109,1.61636186191312,0.241430769718255,-0.853033305119383,-1.51335397815697,1.70333143908294,-0.0362526694091363,-0.621328643038116,1.29184028748176,3.49201421089739,0.882730567999173,-1.86260688224096,3.03220934738306,2.05389832570366,3.13539101488775,3.15889641842909,0.619522962751486,2.47897356758435,1
