1,-0.0978599507351592,0.0586806962268581,-0.173798146880197,-0.0803231784328706,-0.231272126523065,0.139335240320689,0.239332736183541,0.18792127932548,0.270581190175481,-0.220420707439465,0.221800866345576,-0.295779552711379,-0.349451748049309,-0.30316922488921,0.0842456884843719,0.318565216103338,0.0739613231020101,-0.142732883126035,0.187164202339275,0.261774335963521,0.158125121067467,0.185114332566172,0.498305426689336,0.426525612994231,0.334539330512781,0.0591697185695919,0.19428289337729,0.17984405545989,0.305417406214522,0.102975226979551,-0.236851071365832,0.101635253250096,-0.419934974767394,-0.0738734159670959,-0.215396632633824,0.191615753134247,-0.339041412119722,-0.212950496728086,0.101156306342804,-0.459500178577602,-0.0670988988710556,0.134271831492228,-0.0508637402098722,-0.101393850487383,-0.0801844754276645,-0.299193857923915,-0.339980043494911,-0.329311591199211,-0.238414996663229,-0.247723620719082,-0.00900290945126751,0.0594222530730471,0.0486872414098854,0.0962867940047812,-0.345486524732277,-0.105215237915053,0.112701347644124,0.312760621794899,-0.223071283416678,0.0893944431907943,-0.246293536731259,-0.0837309375621915,-0.230673927400185,0.168541755999966,-0.158092374796439,-0.183004972116369,0.0757370757006149,-0.142000421658832,-0.123281112606115,0.108737335307524,0.500471708534645,0.141279371287551,0.107673631535858,0.550310313148106,0.641507914844016,0.481004054580039,0.379367797547289,0.19410609624881,0.00232703308355128,0.306781723061088,-0.462683344157348,-0.0463328757102296,-0.137670272970789,0.660589697652909,-0.123415674938977,0.094947791658667,0.185300155790865,-0.0610001548709474,0.194718365169652,0.0845171032932569,-0.0701260920825247,0.203813821918413,0.405153038438041,0.727033251287719,-0.211174587937744,0.0235307270885459,-0.225780088528175,-0.407624064141581,-0.206034018138257
-0.0978599507351592,1,-0.0718322821884581,-0.31490135962147,0.270085358611137,-0.298496605172681,0.316417529516284,-0.0284305862514865,-0.193859259705174,-0.0113432036416436,-0.074255911976579,0.590047277927829,-0.72240514840851,-0.690094311767191,-1.058673396605,0.497506133553301,0.943365813609523,0.7215963646929,0.538473242153687,0.656897672451749,0.714263833272303,0.823972003652472,0.470832105340368,0.545860048508983,-0.25496846667754,0.349601668022732,-0.0854229098853714,0.130347965875066,0.126088388072827,0.127668905073595,-0.521523667868555,-0.899515889291024,-0.256088382961301,0.126497442835646,-0.0943412340801107,-0.50130885614726,-0.170324543643441,-0.649587673999359,-0.160069291384729,0.32823303994774,-0.572200323849758,-0.193245220962389,-0.3454768659803,-0.628238275460735,-0.287051454478311,-0.420503644849658,-0.284070803187886,-0.26743083771323,-0.514080332443345,-0.554515365669678,-0.200392122379131,-0.120539205287143,0.124743918151042,0.236324940146176,-0.115702752035382,-0.3721601514579,0.186046263026205,-0.162508788256776,-0.363439236254826,-0.482786266937341,-0.351544290901317,-0.586871508839297,-0.608994739584295,-0.678379666356113,0.532094516743805,-0.929353804249801,0.603082228108965,0.774963279255608,0.565571564071572,0.568975627998496,0.551313227365191,0.713737472517466,0.713000377034769,0.121211779498308,0.735231981160181,0.0837998866571496,0.454845107152998,0.353578607130977,-0.499506363316321,-0.33430041380479,0.452356926216255,-0.154960803904708,-0.183313357102951,0.0580256019252561,0.620178530667219,0.360883508479626,-0.207094553151585,-0.0223663573093419,0.293979935326083,-0.319819128540059,-0.479266382683497,-0.49794378453104,0.0434080911436482,-0.228651319755588,-0.397826059263533,-0.759197523344594,-0.40849785295527,0.0961411226893798,-0.327595605508651,-0.561697464248801
0.0586806962268581,-0.0718322821884581,1,-0.179332823202489,0.335436492027328,0.310668980937342,-0.307577650465663,-0.369253754952124,0.213185269412922,0.418227295719366,0.369338580777433,0.391178198565117,-0.244987605768255,0.0309449886673759,-0.688489765039828,-0.0969238486791471,0.414670597551381,-0.0276264188359091,0.262578220118818,0.0422907642796239,0.417676354489495,0.25469183600001,0.201594554998485,0.065924029325159,0.168686449473242,0.306147561763392,0.144452820287702,0.535814478914916,0.368941772608654,-0.00633212728945896,-0.305735488732778,-0.315255291851872,-0.30208418042516,-0.05535296401028,0.0898651445206466,-0.217173706931729,-0.0494559495282797,-0.194712254616313,-0.21359611657704,-0.447814700429812,-0.30857683110233,-0.212545684813053,-0.182030084878508,-0.113089694832136,-0.023709192353054,-0.107635772971378,-0.133203268203165,-0.0639279276118394,-0.0314893056049659,-0.207118809219571,-0.190005634157493,-0.125047402347594,-0.366160093537867,0.20912467138384,0.508144065056676,0.217971850413592,-0.440192617783333,0.149927664356151,0.366716357424202,0.326933840983495,0.191662205539577,-0.312310917947463,-0.123792569195529,-0.0663875991711716,0.0614925281019124,-0.390620037552794,-0.193430882802028,0.383413787606048,0.202340258016592,-0.068682882172895,0.200585683693203,0.112332207182655,0.264938183094006,-0.544735449711266,0.344469331503304,0.469028797308643,0.339578897294534,0.491310371746238,-0.406139201238957,-0.364004119967251,0.248981699005175,-0.126279351132386,-0.0507157612860863,-0.103603518227635,0.428176049294762,-0.0190289777023885,0.00357787980458217,0.367068471840341,-0.321305186747246,-0.375015147226154,-0.30410055446315,-0.273426182320519,-0.335050823811025,-0.0841456922537581,-0.399843625099369,-0.180459741881132,-0.250907527408852,0.108358524643628,-0.217473558536891,-0.242691086455079
-0.173798146880197,-0.31490135962147,-0.179332823202489,1,-0.214189351032429,-0.0264366923204948,-0.394931922900697,-0.739023403509896,-0.548794160988969,0.00808190032317826,0.358584629239506,0.438698667899355,-0.0103499365467718,0.267312484948489,-0.431038824229229,-0.133274144426323,0.614016365133077,0.120168618556502,0.445760634698381,0.0659511414974163,0.408369697064078,0.328897910169978,-0.237605746229479,0.417673751224827,0.352933748984369,0.158242265492883,-0.171299709271968,0.188795631091355,-0.025175483213551,-0.498666279146462,0.185886323544026,0.00903000874298773,0.120219141123333,0.391682690267292,0.391082675211486,0.288864690389247,0.120362191511343,0.0742705942233498,0.355827558178772,-0.00419944855515187,0.0821487241759078,0.540768181439367,0.269631219535659,-0.261566836597202,-0.0100075776299469,0.103619167292568,0.159196806947595,0.0909896007157381,-0.0227042807983337,-0.0420551344050505,-0.57852875468288,-0.738556805001155,-0.753578306684346,-0.283624160902794,-0.298259954458041,-0.361750033406063,-0.695769048475356,-0.74989664269687,-0.158123843358044,0.122140191314758,-0.0488565353561437,-0.355759500041494,-0.371824859564631,-0.500093804779538,-0.107088105718727,-0.518386756828584,0.304002223747662,0.0518998222961571,-0.0650345200267247,-0.168160284488664,0.0941651724205551,-0.0504760755804811,-0.215592523082384,0.0907576121109308,0.225461169114361,0.042153952850904,0.192835125173286,-0.0823809435285892,0.100906279713829,0.189123557059387,0.0457515085298741,0.128663568082074,0.109234982024135,0.135999555896688,-0.0982095049975486,-0.0942678702628673,0.0984622049240416,-0.0551223913918911,-0.25555104321284,0.0283300987342104,0.288479322280961,0.0965276698368271,0.0928727524033012,0.0766847523829251,0.0786948532082671,-0.104100517527069,0.171070846512194,-0.199239485225639,-0.0113724495387262,-0.322547336214003
-0.0803231784328706,0.270085358611137,0.335436492027328,-0.214189351032429,1,-0.15263232423682,0.385902962492293,0.243249375287304,0.120351038624257,-0.138285284548988,-0.0464817961746244,0.21147516421739,-0.66035410759957,-0.598397880931569,-1.08140992200013,0.466735898840336,0.517384796419974,0.363631124666931,0.0674358681913607,0.55733104011841,0.387137088171411,0.410430266774909,0.344571315189,0.732741628569424,-0.235222401600418,0.120476562377938,0.190745356537051,0.425515829644237,0.162105520116993,0.209706459539591,-0.0526066914608405,-0.553963039142224,-0.107854880440749,-0.0994380560315732,0.202265513570892,-0.288065353806565,-0.488495553768695,-0.226007824165325,0.234486567737823,0.380331742090539,-0.242760889923469,0.115160371688058,0.0890794550440926,-0.425691972990572,-0.138258810157086,0.0286859020169111,-0.0759005266170491,-0.248671278153293,-0.523466231638968,-0.360656285481978,-0.405572847312356,0.0134086547588065,-0.128825292478732,0.273570889327177,-0.20796334460382,-0.272443326365177,0.0469057402023977,0.00527556060508927,-0.440121848260402,-0.335890164912242,-0.562022697623895,-0.647194288091306,-0.816668944659165,-0.72780526104226,0.0183274518320491,-0.92019457255742,0.298113703803116,0.245244585138979,-0.149409547834787,-0.25918440124385,0.276908305100204,0.24035545178543,0.230237433615201,0.267882708649957,0.324058570659077,0.028689127767521,0.576474806060524,0.329412734299664,-0.120979494024751,-0.0429571924394325,0.126632520156172,-0.50025086932213,-0.0986175227471412,-0.293147287376407,0.534982440349897,0.190818273526763,-0.420026242205899,-0.145854367130131,-0.321967517003794,0.0660415062295105,-0.265118905064458,-0.200258269831961,0.256424800445529,0.160641596830103,0.0659202055470292,-0.588863285042032,-0.0156376434779847,-0.215719112986407,-0.535102265047797,-0.666815114748836
-0.231272126523065,-0.298496605172681,0.310668980937342,-0.0264366923204948,-0.15263232423682,1,-0.623283862688062,-0.405715454535386,0.136945326982735,0.182326066396587,0.182426844946813,0.0886691580251501,-0.249636397179978,0.0663129054715706,-0.198891767566324,-0.461077371030886,-0.101991393230689,-0.380722083545364,-0.375213154378026,-0.348038308111417,-0.375816543052119,-0.227722142256154,-0.481579727450702,0.396187356676007,0.535505433820965,0.12854377487607,0.367354210945007,0.485339582615373,0.107879321166892,0.0243394344852192,0.371861476206,0.109383964218476,0.256984941922316,0.212226766021399,0.732511471744192,-0.29610553266188,0.157229597309495,0.255722070275593,0.429848045403468,-0.435706101868962,0.13656536392447,0.349927326351813,0.585037985266008,0.190467593795931,0.289678357742914,0.492437392682091,0.354959790182629,-0.0448011320886285,0.0413586542497714,0.0392853225596763,-0.195863900483769,-0.185652410313839,-0.90914525636126,-0.10830499476052,0.287871970101937,0.013621651326639,-0.583389799567825,0.16380100225832,0.317079791498173,0.0176312545019554,0.138193605216774,-0.230973897594288,-0.247828550797931,-0.405093201668433,-0.727804849137226,-0.161399354378104,-0.624507027833723,-0.473306146289738,-0.299672508441628,-0.817747379497318,-0.677952311976158,-0.215757042485508,-0.631085228577321,-0.349927905587098,-0.0336099239771007,0.438784174141848,0.109085817445545,0.117701645812307,0.699451658495654,0.467823734901771,0.117624313392919,0.0402890950909544,0.35130430468799,0.136676697602022,0.157592510686068,-0.0322755837730421,0.167420059792411,0.138097954656603,-0.587691172581146,0.36654737112932,0.451447306659077,0.251024720057664,0.00472994148179118,0.422408835218523,0.410482804537889,0.0368304556825516,0.532957607234551,-0.25869277661296,-0.264969190158177,-0.221264567037755
0.139335240320689,0.316417529516284,-0.307577650465663,-0.394931922900697,0.385902962492293,-0.623283862688062,1,0.309038183854496,-0.269765550578894,-0.107045635369072,-0.157762559937117,0.729514475508256,-0.342740381580431,-0.44680164801016,-0.833461082966537,0.563587032616268,1.21880063333609,0.925068423198543,0.969937407915185,0.640058477574531,1.18480996290931,1.03297675233709,0.803339810638149,0.332367543848764,-0.634099209636603,0.0137637672423398,-0.471687201606606,-0.430526415240279,-0.122543563347639,-0.0880697829758245,-0.576174583881763,-0.658698154415739,-0.298330117838507,-0.0498763298024987,-0.53928704625082,-0.530224022081835,-0.223859383256544,-0.542650402355939,-0.520774608707719,0.455032116942275,-0.730619492151796,-0.0804759519407516,-0.498184686105503,-0.690928428960887,-0.503754903789336,-0.556464897029306,-0.58151261672553,-0.521631916301413,-0.517925314095669,-0.665378573642696,-0.211267472618332,0.0597881095283558,0.63720786370505,0.169954270702178,-0.29629273763532,-0.837478837285065,0.460856598993458,-0.222569857088261,-0.625380637772731,-0.697810556693937,-0.567310965163676,-0.293915637724017,-0.572398008676709,-0.364149366756986,0.830717462692139,-0.856093263755965,0.45955755441275,1.30368146483795,0.84723439238867,1.05989056924098,1.03551881829274,0.944302704502476,1.08164445243622,0.427437109277636,0.752813855798783,-0.153667194240581,0.219129498624542,0.315960269576827,-0.503264269457618,-0.218660133975205,0.573026153558351,-0.188047753367438,-0.168861109847841,0.0743969206225829,0.618173735145186,0.291435306107913,-0.488898001688328,0.0425595646678198,0.357575874639876,-0.21631907408808,-0.433180418829374,-0.532429791141471,-0.107692527835769,-0.00359785192665707,-0.199003328899769,-0.693190386993155,-0.515698831300716,-0.0397742572824556,-0.152872755191363,-0.40124710203769
0.239332736183541,-0.0284305862514865,-0.369253754952124,-0.739023403509896,0.243249375287304,-0.405715454535386,0.309038183854496,1,-0.253560096815616,-0.180994807147656,-0.238848427946768,0.605941537324464,-0.695113532891114,-0.756303869276756,-1.17943248833028,0.514047384783117,1.22911410888904,0.913890595747817,0.839794497317894,0.696010890492144,1.21070322913292,0.929764228813499,0.905586447724066,0.106897572988466,-0.431642715526009,0.108821416386857,-0.115071096307673,-0.0417263241049603,0.158778359674098,0.131462592029196,-0.814796163842977,-1.01816930750609,-0.430458040706531,-0.0938489385665114,-0.598016799050475,-0.388466236852535,-0.00770038764155939,-0.858483743241218,-0.703909171763339,0.0489320867927686,-0.742674451263271,-0.410600642222795,-0.805751302172659,-0.597201566281373,-0.31450562762216,-0.599941738070626,-0.615501276929463,-0.412691041722359,-0.415215210228425,-0.589367261840799,-0.328093458547506,-0.192954888167307,0.356634273969074,0.170705163224415,-0.207761491522167,-0.447350810007699,0.052742862855446,-0.257742840425958,-0.506047855671668,-0.425855516764488,-0.42721599476815,-0.507000702539917,-0.573212438751792,-0.136564109923901,1.00584698404577,-0.927433382995756,0.7078293105473,1.42944364679048,0.863859347577192,0.98422622275287,1.14368662809153,0.991082124480593,1.27186209121481,0.0216263354791861,0.884295194689889,0.00430721538795023,0.367994939526845,0.457179266613298,-0.657918528242582,-0.54921677704979,0.584672901691248,-0.0115066102603886,-0.0583658757525958,0.0543864200429783,0.943404484198557,0.369854883033701,-0.0961321755592773,0.108365345294854,0.53711153241024,-0.349093554722144,-0.406253919023373,-0.719059680890001,-0.270098105728472,-0.178861428351658,-0.628505121617699,-0.569302361515156,-0.595963753540438,0.432454802163253,-0.0229582221162076,-0.265086668668169
0.18792127932548,-0.193859259705174,0.213185269412922,-0.548794160988969,0.120351038624257,0.136945326982735,-0.269765550578894,-0.253560096815616,1,0.0515462573428163,-0.00047190995786997,0.2841099502822,-0.525305738026606,-0.163806549578707,-0.604922833575626,0.0260952984308854,0.378415742206092,0.0641885676841226,0.119631067319206,0.129839291032605,0.222505970451214,0.217661337505533,0.263472020403028,-0.0244307669099152,0.0566504890755281,0.247437081192175,0.337824836019313,0.395918822339633,0.35197176858253,0.00862043960233491,-0.289543976224756,-0.311079062034521,-0.161104953300438,-0.0600629058698041,0.0427449987322014,-0.353730437232373,0.00594458933398642,-0.296086307576553,-0.284102264501976,-0.488959548575203,-0.295589072617976,-0.309702513259588,-0.363068350771652,0.0650858841140433,0.0354342439919392,-0.127381506746432,-0.183489398500435,-0.0812818657009034,-0.0359357245166347,-0.137545665242356,-0.130051015698879,-0.10421641531087,-0.435990421279223,0.168978280070456,0.320271409813532,0.135540153791025,-0.337080759761619,0.068557358274739,0.0285802356457517,-0.0783088655291431,-0.0329331434244138,-0.122459539952778,-0.216129896011634,-0.0592733452473047,0.0142541840238196,-0.293661626602865,-0.00668437030914482,0.431975587292432,0.203130939546048,-0.101701653340156,0.193222345483955,0.20546963566107,0.385180087702448,-0.462370237645655,0.365767260712171,0.344750759698857,0.270363099383155,0.392902477051545,-0.0558932040211648,-0.0652782366589185,0.301102362826992,0.0960670519918211,0.00233877599285687,-0.0570228047387729,0.589236717666106,0.0635385390099914,0.0917833016248872,0.0923199087118043,-0.17510011910267,-0.0611148226002576,0.0615946698063062,-0.214497535189154,-0.321143778960521,-0.0552660886968367,-0.445454242976631,-0.021265163002436,-0.171163394055859,0.480130809296822,-0.0129903793703763,-0.055490272139699
0.270581190175481,-0.0113432036416436,0.418227295719366,0.00808190032317826,-0.138285284548988,0.182326066396587,-0.107045635369072,-0.180994807147656,0.0515462573428163,1,0.0607862729500861,-0.140131532793676,-0.0497873724010113,-0.163473930832449,-0.126915383917973,0.00453161819137407,-0.0126330696290213,-0.12185283411539,-0.103585970567737,0.376898399167135,0.0680289531027519,0.0547986256305853,0.1674834036891,0.702273520716516,-0.0869791701232326,0.0266926188103559,0.778163021936617,0.872719681703985,0.251056977397407,0.349775606332403,0.251544331233271,0.154992689357377,-0.0168846959764536,-0.148968143404581,0.738997797961334,-0.263187163756455,-0.270080480238874,0.434503548947769,0.275803294820043,-0.082633632119034,0.226443877527151,0.571597129339457,0.52608449023265,0.383985323879642,0.207392196894575,0.589700610241886,0.199603983226463,0.223574391335073,0.0863884021508843,0.0444206779653357,-0.170332932708929,-0.0648864720788458,-0.369476351461679,-0.388658177553486,-0.0398726570336697,-0.188219430087768,-0.286432623997053,-0.0757160966453628,-0.144835981401109,-0.528206078586771,-0.449182728014244,-0.289015440931699,-0.359616366699932,-0.407776355365145,-0.605949088668137,-0.124486354848309,-0.0553523144617121,-0.375148069764558,-0.751158684571851,-0.63419221244703,-0.301400227747607,-0.455351179762653,-0.207100539536916,-0.15451417183284,-0.249523833207646,0.0237888301855922,-0.177132326210861,0.233742158281036,0.374260214597796,0.231527827016836,-0.315982340704861,-0.422220677355346,-0.185310849454957,-0.39281054209034,0.182393019501902,-0.25643469316992,-0.619584043411721,0.0560698668232392,-0.752166721872837,0.274334400263388,-0.148726083843242,0.0627584850284603,-0.242138981522375,-0.0716090542205011,0.227428803544074,0.146514040858683,0.185631740232754,-0.141718599307475,-0.307521578253764,-0.604382643960221
-0.220420707439465,-0.074255911976579,0.369338580777433,0.358584629239506,-0.0464817961746244,0.182426844946813,-0.157762559937117,-0.238848427946768,-0.00047190995786997,0.0607862729500861,1,0.044132704131287,-0.0179910426437124,0.163028951040815,0.0885586328371141,0.0825496843530507,-0.0515716199943261,-0.0680651461168414,-0.128342736344633,0.0603431694535429,-0.286192569860196,0.00058678866905762,-0.11425959281633,0.343313048432333,0.165698642024346,0.103677322264344,0.280746370214986,0.456230285214958,0.319593396770466,-0.16817351076297,0.383645182738916,0.174180264299555,0.136490346328791,0.371765000039188,0.621087476898715,-0.291500185200918,0.116327189454378,0.168265015945435,0.165453623793604,-0.22293077817878,0.216865930136056,0.246438460485442,0.437991825922768,0.0611518910909049,0.199956100089631,0.231215376123825,0.402936951293287,0.294772782541512,-0.101262848620733,0.179915560546609,0.0111642857303791,-0.234092580553757,-0.305690927796446,-0.18259967407623,0.0892631458016633,0.0611656158833736,-0.293387735000095,0.0485175141706507,0.0530749562964658,0.0358041869631492,0.0852589871302893,-0.113702287680702,-0.0103138296494852,-0.346983857617253,-0.557594548368054,-0.0364370169989614,-0.0214765551255019,-0.541742700668056,-0.360914194377013,-0.274733487492433,-0.506223383356284,-0.503985215035625,-0.365341433546794,-0.305261351271777,-0.143094253000234,0.102376768049231,0.117350384472031,0.00564286489456312,0.214316435919817,0.160247016106654,-0.140804203251342,0.169359566766017,0.0650619180961945,0.0358052894027362,-0.23925632632132,-0.0712865204871357,-0.126728678575362,-0.073939095492082,-0.264411393566697,-0.101628317094878,0.0469600063353258,-0.0655573381924275,-0.399035370462634,-0.475447968784891,-0.0433863303415784,0.0922549741084603,0.0771251647152037,0.0748208731754016,-0.117733960013235,-0.379154135939393
0.221800866345576,0.590047277927829,0.391178198565117,0.438698667899355,0.21147516421739,0.0886691580251501,0.729514475508256,0.605941537324464,0.2841099502822,-0.140131532793676,0.044132704131287,1,-0.200479954467807,-0.464530910121976,-0.404274440539031,0.703514217513469,0.164800540269366,0.216291739748821,-0.136429949789884,0.460367577156241,0.160662916277933,0.131925135909043,0.35649983887493,0.339743551811689,-0.418971948119982,-0.0321944747104149,0.0781775250398935,0.238960113466453,0.163361569150523,0.173256571721935,-0.130129301565233,-0.116609092846155,-0.302155708348812,-0.445559493078806,-0.139896710838434,-0.268961366838394,-0.544223700127611,0.0961360229702247,-0.250965357500883,0.145584603400858,-0.0917580204337198,-0.00957882876502611,-0.067136172349498,0.067914698460485,-0.314739239644446,0.0589313360515092,-0.115924590832859,0.0217968687987946,-0.111669773229206,0.0441637562420497,0.0359059695914878,0.405405591538515,0.313500420288294,0.52941888430558,-0.148949203228943,0.0784431917525029,0.540113621221283,0.447065976502607,-0.350357192841734,-0.312321444682861,-0.48505380065969,-0.404287338632741,-0.295286267270502,-0.538765029358599,0.0257569112909197,-0.483498238914195,0.441022487311769,-0.0059466110697316,-0.508838559963355,-0.272949647524347,0.192882524712212,-0.158755498459419,0.105753254535838,0.00242865562124528,0.139128772937764,-0.18851985247959,0.395352178149853,-0.00228078809556276,0.0717948745657052,-0.204108752540121,-0.517347915666826,-0.576529002011726,-0.518967504501918,-0.610024055413714,-0.187017321387321,-0.0893541926092055,-0.656129177657877,-0.310524442689695,-0.387679996498862,-0.223493504966258,-0.507788952612166,-0.234912992244778,-0.284799314575871,-0.225999518580467,-0.417838001645063,0.013986423491603,-0.279844173408431,0.0823811826490847,0.0233579207886556,-0.495495324247773
-0.295779552711379,-0.72240514840851,-0.244987605768255,-0.0103499365467718,-0.66035410759957,-0.249636397179978,-0.342740381580431,-0.695113532891114,-0.525305738026606,-0.0497873724010113,-0.0179910426437124,-0.200479954467807,1,-0.176663042044365,0.0396827688010079,-0.299536807397848,-0.00422921174568247,-0.347267214241255,-0.394722753633049,-0.143616542609208,-0.339441075463106,-0.069154536180627,-0.4631445243673,0.58716721885055,0.512057236676427,-0.0543988458653464,0.495319606441108,0.554410163509783,0.0508050485572741,0.249738306863758,0.411166950745213,0.193855179319226,0.65589247133187,0.390352582101822,0.67839798511611,-0.173044789715354,0.120769969070978,0.299616084441668,0.478567602417278,-0.534672969736879,0.373061440798169,0.588298641160994,0.8199082401188,0.149279867652215,0.431533223389653,0.663480019234798,0.538910760661931,0.0728366662236815,-0.188625384265457,-0.100806438785435,-0.696407562858048,-0.606545144878495,-0.686446707564597,-0.691504262395803,-0.174979728647855,-0.282485887631384,-0.732355254693391,-0.367292251383655,0.2128880652255,0.0122034036454436,0.0598724799069423,-0.405739222934943,-0.170341001993623,-0.143939142396211,-0.480721253515328,0.0563765102186856,-0.212281462943254,-0.488832597387235,-0.292742039622563,-0.583851325357804,-0.466510411313833,-0.218352589568043,-0.587688331016322,-0.22003526819805,-0.0499605073216848,0.155708671416305,-0.324329497213846,-0.087298260279658,0.427992346389692,0.382363568580035,0.103150654048311,0.143565498128609,0.323316825615861,0.183410588085929,0.121038995580613,-0.0150150056106468,-0.00517119634531601,-0.00676699591423993,-0.48489259379899,0.418748708397349,0.386410497220587,0.181501822805767,0.122787341309297,0.113015547097073,0.424517074424076,0.119738875480098,0.682229436582325,-0.258850316337197,-0.460768542638781,-0.604031511808599
-0.349451748049309,-0.690094311767191,0.0309449886673759,0.267312484948489,-0.598397880931569,0.0663129054715706,-0.44680164801016,-0.756303869276756,-0.163806549578707,-0.163473930832449,0.163028951040815,-0.464530910121976,-0.176663042044365,1,0.195774623469151,-0.326237121658911,-0.367760309813417,-0.470361710880743,-0.495516579408679,-0.16234154966563,-0.721231712520006,-0.364240416016089,-0.75476675560009,0.32926512711793,0.410397952903125,-0.154648516383238,0.316771917082158,0.52255561721703,-0.172920171892117,0.107087535779563,0.585911055643707,0.332117250566467,0.729859072416688,0.665543714609353,0.996495966345704,0.300183533774607,0.185194941912284,0.417423519883522,0.64971226099367,-0.475381150529155,0.603984952292651,0.484644920302263,0.782980591810857,0.297283258744719,0.355688412264267,0.633485569842936,0.743127172544606,0.420373893437613,0.158770732632049,0.354559492740456,-0.204870702014473,-0.567275366733404,-0.989004911262196,-0.549899552046743,0.016514651067675,0.180262795163217,-0.743775950304765,-0.22297611409022,0.137192013548595,0.131778525891325,0.0768289634199857,-0.360445020873261,-0.10353711996132,-0.268535596810749,-0.727368887540172,0.116691749541313,-0.0330047442818484,-0.818153517882874,-0.356899995532973,-0.751680422985264,-0.865194132489518,-0.575822770818515,-1.01297217345213,-0.256959159112193,-0.342158540364008,0.0297223884341241,-0.167395298992987,-0.411839882037737,0.61325288340431,0.44341781511054,-0.130951771021822,0.367223509432018,0.32219916017426,0.432691432362091,-0.44830888433111,0.129034839209863,0.0446252315673748,-0.0116524546462021,-0.349616027677105,0.280416287579838,0.556645532835519,0.23600593823249,0.112070678285438,0.147433496106061,0.224983915019396,0.251515452105005,0.606818220224812,0.0187627092398293,0.100920698074285,-0.0905614646016877
-0.30316922488921,-1.058673396605,-0.688489765039828,-0.431038824229229,-1.08140992200013,-0.198891767566324,-0.833461082966537,-1.17943248833028,-0.604922833575626,-0.126915383917973,0.0885586328371141,-0.404274440539031,0.0396827688010079,0.195774623469151,1,-0.682285337435019,-0.241955777244206,-0.319444586841326,-0.387963052386922,-0.171751074058761,-0.488147587379022,-0.307560971003949,-0.600912016542701,0.0215458828475631,0.500745401861993,-0.267304037397463,0.549902932128303,0.11943586740693,0.284310989039104,-0.330340609273623,0.69674646206691,0.314333565527939,0.728409953135916,0.938492770802028,0.75402885881157,0.481828835712072,0.897918675078868,0.443800902165636,0.631336064254505,-0.654032066712575,0.792189164570845,0.488082550412715,0.647195891516108,0.31751545805883,0.865464290229845,0.63409666637865,0.868818541543854,0.417752460674727,0.422347776653537,0.553255721800609,-0.327484133917852,-0.918205412802376,-1.09770658909899,-1.18945712298458,-0.350009065165614,0.116704310745585,-1.3324185750073,-0.720733929285443,0.124973330743819,0.162236617559367,0.294136971866762,0.138037664970795,0.0220025097860429,0.152810971829216,-0.725921819994162,0.120975620726878,-0.252738157286064,-0.633886584569737,0.123461312262076,-0.246052611311216,-0.580058469862409,-0.688428880623572,-0.880428639667826,-0.345822777747119,-0.436489886269432,-0.115941717419212,-0.228815354068853,-0.516826170676825,0.538955324260039,0.538986110601175,0.135773644855004,1.1194613123222,1.09477271775466,0.799451027183397,-0.195083884083586,0.119879189088854,0.856667009607293,0.311751438458197,0.193938152578035,0.57905576956273,1.04806926157431,0.392483378339625,-0.202725344829345,0.305204519962772,0.180432428705985,0.483169651463068,0.743545805885442,0.21134382640599,0.418309747987899,0.579252045141412
0.0842456884843719,0.497506133553301,-0.0969238486791471,-0.133274144426323,0.466735898840336,-0.461077371030886,0.563587032616268,0.514047384783117,0.0260952984308854,0.00453161819137407,0.0825496843530507,0.703514217513469,-0.299536807397848,-0.326237121658911,-0.682285337435019,1,0.71594532120899,0.437955464698871,0.580907454158334,0.210256567828677,0.734240810914373,0.502761265817172,0.2545278793121,0.158403889962743,-0.33531158425279,0.150629641932642,-0.975573609563037,-0.527235468965183,-0.289766376936389,-0.163621675017312,-0.622397795116213,-0.710286415737781,-0.342156088699787,-0.393470076032088,-0.874494491607334,-0.412256752467561,-0.0861174504712221,-0.384555589438597,-0.348658281373465,0.858435395594796,-0.701695345361266,-0.240657044230038,-0.671116608868283,-0.65926452483873,-0.918185700972053,-0.627479938940517,-0.647387276271673,-0.470137479003574,-0.439606432581478,-0.561492031360594,-0.023916761621936,0.484282257427524,0.646910656203881,0.562205002898682,-0.11191737582701,-0.611495710148298,0.600928072177825,0.0886607807814676,-0.321414466219143,-0.210422198168475,-0.025513635184334,-0.302841864686361,-0.248535170540402,-0.328789702833421,0.82838786358922,-0.527380111517473,0.722408625603707,1.0234426228397,0.671171556526718,0.594291900730097,0.701002196497372,0.985212875878977,0.762096156176936,0.764788017404276,0.861164739237,0.169918003716552,0.408018913751059,0.423693589929403,-0.506815784536237,-0.504924719685217,0.494113826582403,-0.176531044425431,-0.402217580302159,0.180453721763768,0.355568367863757,0.585892730519615,-0.160567595495582,0.0982798643814911,0.353068975266057,-0.0986500929858804,-0.42121612314525,-0.349943116879243,0.392052463323096,0.0336086741852457,-0.265523937204096,-0.672531177666402,-0.545816603549606,0.00113495477968684,-0.0231304994651369,-0.110866159800545
0.318565216103338,0.943365813609523,0.414670597551381,0.614016365133077,0.517384796419974,-0.101991393230689,1.21880063333609,1.22911410888904,0.378415742206092,-0.0126330696290213,-0.0515716199943261,0.164800540269366,-0.00422921174568247,-0.367760309813417,-0.241955777244206,0.71594532120899,1,0.175617414568885,-0.0186970094403414,0.23079970071897,0.00543791529265136,0.0865961152134399,0.255656237212148,0.0931490299294845,-0.553973933850378,-0.0930357641201945,-0.909401995025106,-0.415690454147083,-0.32625583365125,-0.0976374611654671,-0.30939998738546,-0.169996918827936,-0.230924842505587,-0.802243161942684,-0.76302246211907,-0.293632695838575,-0.673379288765042,-0.115908131006733,-0.322172444177132,0.87374813020993,-0.391543053312524,-0.386122131903201,-0.455515366786835,-0.198413993606466,-1.03688415609488,-0.453259432501092,-0.492001106876015,-0.102854660244072,-0.38279182590178,-0.28433555527164,0.299891088582211,0.858281732616985,1.01208036412352,0.933360557021617,-0.121292522857573,-0.0903898483783399,1.2727871015978,0.570017344273371,-0.270292775785021,-0.283192450851175,-0.290534751309675,-0.180784397641119,-0.15199676379721,-0.504145694086352,0.444015126525281,-0.264664099131057,0.642008866402323,0.20568436046102,-0.189680654117119,-0.0132268597533314,0.214048103113631,0.278409488555367,0.26577018593399,0.710511718702937,0.294615154130414,-0.221635269973541,0.415870532113607,-0.0525848956231395,-0.141951600114858,-0.345441745703743,-0.246823900365839,-0.776896314788506,-0.849045183236949,-0.523411289528318,-0.401017391849462,0.15401500127339,-0.796710252275199,-0.38151810594052,-0.127023407045468,-0.217293500369359,-0.630981836667789,-0.144707853560586,0.336476121177016,-0.118970936809448,-0.318629475691436,-0.269154432479816,-0.583208897077993,0.0208055676761052,-0.0251318641733008,-0.235480462377612
0.0739613231020101,0.7215963646929,-0.0276264188359091,0.120168618556502,0.363631124666931,-0.380722083545364,0.925068423198543,0.913890595747817,0.0641885676841226,-0.12185283411539,-0.0680651461168414,0.216291739748821,-0.347267214241255,-0.470361710880743,-0.319444586841326,0.437955464698871,0.175617414568885,1,0.164635020084231,-0.0453053888567404,0.33878347405194,0.091545691018257,0.169419307623344,-0.285064610342813,-0.654544597227945,-0.0114144505388928,-0.636224065998006,-0.386143896582702,-0.299317620369065,0.183142092316307,-0.537918187045599,-0.533962367205992,-0.280391661667317,-0.742270628161399,-0.96671010080739,-0.47330751540973,-0.0726600133865895,-0.37677283726161,-0.641031849496619,0.407540396208349,-0.558952584761799,-0.599251031197894,-0.614303243938695,-0.20952378443308,-0.564018573798765,-0.428060069705873,-0.522851868864605,-0.533925817736435,-0.29280490209849,-0.475930697043869,0.0595306535474758,0.655014632604609,1.07766650204697,0.755099968492974,-0.0820932601966537,-0.298177709139169,0.903392069830956,0.415648162092324,-0.331117429692572,-0.183311417582788,-0.0452326147782037,-0.13905065490472,0.0624626625172975,-0.0597428096082004,0.884742622050352,-0.103584950098233,0.341191723384148,0.689417096988273,0.317158261189944,0.353152607647167,0.549419805675008,0.612872700010647,0.532736817273939,0.257068890971099,0.503071327387559,-0.103390574867811,0.23468195224053,0.0681647018410527,-0.411959567379962,-0.541789723947927,0.116969891005964,-0.28127532008383,-0.367435400286317,-0.175074694692925,0.112431755559486,0.379458567878493,-0.198046261976665,-0.170321321479236,0.0400958550634256,-0.268465917615445,-0.509698157927433,-0.398829538406269,0.0874156195905678,-0.0179931642464312,-0.451502286883258,-0.263012374936835,-0.398626321119617,0.0858519912011813,0.0596620094325052,-0.16598673808564
-0.142732883126035,0.538473242153687,0.262578220118818,0.445760634698381,0.0674358681913607,-0.375213154378026,0.969937407915185,0.839794497317894,0.119631067319206,-0.103585970567737,-0.128342736344633,-0.136429949789884,-0.394722753633049,-0.495516579408679,-0.387963052386922,0.580907454158334,-0.0186970094403414,0.164635020084231,1,0.258976327678549,-0.166569122871268,0.0636921106517722,-0.119537690630779,0.328715116598574,-0.401708789795178,-0.228156365146992,-0.546835691792685,-0.19796290624801,-0.340707752572172,0.130785390334077,0.0777347963853978,-0.18843998800389,0.222553280995577,-0.203118137417342,-0.171835556328021,-0.222230693973042,-0.327506496694578,-0.0170028759686723,0.143375174883986,0.635401496785902,-0.102100290444119,-0.121877587786092,0.126580302022199,-0.250114657261273,-0.470123129979221,-0.0115379499093091,-0.0369107269952915,-0.0493048299781688,-0.457212407193308,-0.212483927924142,0.0579800781849285,0.382777153828955,0.599798644521631,0.450619393036305,-0.346670617798032,-0.323023110513423,0.855469098258889,0.321807612442775,-0.362122652997493,-0.402298992364913,-0.366244407365165,-0.482816094548519,-0.615035020417881,-0.901045490111818,0.152176973716537,-0.531786145162864,0.577788342973367,-0.185926512890106,-0.191870561709761,-0.152482389000054,-0.0998371454431406,0.0833508266722369,-0.271566791587725,0.548156224043401,0.117745930085333,-0.379218365934563,0.375638673879499,-0.401167715593273,0.150109255183014,0.000880079026142566,-0.140351146691905,-0.417725764297956,-0.210724667271486,-0.0445974517338371,-0.293103688546975,0.410132898686347,-0.634940600163972,-0.376691641169288,-0.0147257516577638,0.0887125995692726,-0.138826760668472,-0.175357200105782,0.338100079101091,0.0296874079941011,-0.0178920987229796,-0.319618734156621,0.0585410563570293,-0.0161389056589648,-0.0446253405448544,-0.340013552631279
0.187164202339275,0.656897672451749,0.0422907642796239,0.0659511414974163,0.55733104011841,-0.348038308111417,0.640058477574531,0.696010890492144,0.129839291032605,0.376898399167135,0.0603431694535429,0.460367577156241,-0.143616542609208,-0.16234154966563,-0.171751074058761,0.210256567828677,0.23079970071897,-0.0453053888567404,0.258976327678549,1,-0.0195058095858496,0.19186402314684,0.0351436766435147,0.0147795485218249,-0.0431569434832341,0.222363676862518,-0.485565212009315,-0.484232219936946,-0.348031975649853,0.0091438061680879,-0.402928738131769,-0.203646016315276,-0.216303235562586,-0.562542266106508,-0.863264553055091,-0.668699560586569,-0.0255637323738011,-0.168980663414169,-0.288670498565108,0.377498154717274,-0.733151872287573,-0.494384573351248,-0.459364735796402,-0.190924049892966,-0.661855065274771,-0.5615317467679,-0.659292253367461,-0.723583740766147,-0.376621233851769,-0.416182198970866,0.123020584500649,0.575962522459411,0.93928676174274,0.646024340887675,0.214279823077642,-0.338798756218236,0.803773049533995,0.383411557910384,0.161925222948146,-0.286825304111925,0.244863881624268,-0.105237416374193,0.0913251153460203,-0.231742281487569,0.561620633159208,-0.0740256776318824,0.270296071344656,0.618166522248626,0.400610517941583,0.313135950489615,0.195952461203718,0.734262247861786,0.404236289384415,0.497655225540469,0.651122424547269,0.209162705651647,0.105410939475989,0.176648354467781,-0.18844571178472,-0.240544398938617,0.38547388016606,-0.278395356446319,-0.412218859981076,-0.0559950928315334,0.200954908450631,0.254387735483469,-0.298999956901606,-0.362299433844294,0.145643501321635,0.0371925864284265,-0.23571921456987,0.0568822521233281,0.611141174472712,-0.308604102134472,-0.226672741350903,-0.253417726770714,-0.558623126073693,-0.0865418152907709,-0.154796102448459,-0.103399999864818
0.261774335963521,0.714263833272303,0.417676354489495,0.408369697064078,0.387137088171411,-0.375816543052119,1.18480996290931,1.21070322913292,0.222505970451214,0.0680289531027519,-0.286192569860196,0.160662916277933,-0.339441075463106,-0.721231712520006,-0.488147587379022,0.734240810914373,0.00543791529265136,0.33878347405194,-0.166569122871268,-0.0195058095858496,1,0.141838261000059,0.125441918075145,0.135972590799495,-0.528708244071202,-0.162319980638986,-0.779125340722395,-0.266832889756302,-0.306043536246026,-0.0819335057683711,0.115478652160732,-0.319295337496734,-0.0219158112194292,-0.658776226877506,-0.46193654138574,-0.61553351951608,-0.413030942828784,-0.206534896451658,-0.259473857858939,0.593421793896432,-0.404421483331575,0.0356568225761479,-0.0637985625626802,-0.200093088713545,-0.775036144833552,-0.11514496328602,-0.292128400877552,-0.282708077079495,-0.541703064043319,-0.491575611118591,0.159072589504038,0.620009451964293,0.903429145901286,0.775872031905191,-0.199405231250302,-0.428525530776203,1.2355833717471,0.558059753056788,-0.265752960560962,-0.447953946856389,-0.467433281999132,-0.4896334754487,-0.542636561428636,-0.745760805370171,0.322780494214366,-0.626394469848307,0.605833867864342,0.027269805888039,-0.246564236510667,0.0321345209448503,0.0869760943944324,0.247309617939011,0.0981895594237091,0.533635944342243,0.250919278373158,-0.308011998137864,0.383422060540783,-0.265195442272937,0.195659952192017,-0.185450398203674,-0.403797108028068,-0.572990503568138,-0.466101885872923,-0.34754855410524,-0.363260181665082,0.395534238946868,-0.641714144329201,-0.13997988388563,-0.121793270908119,-0.206148007917365,-0.398991468132184,-0.253632997289712,0.0762107046163651,0.103196683979478,-0.14310266077674,-0.246843983030142,-0.17151747598517,-0.135503047155268,-0.242417753334617,-0.439508321744521
0.158125121067467,0.823972003652472,0.25469183600001,0.328897910169978,0.410430266774909,-0.227722142256154,1.03297675233709,0.929764228813499,0.217661337505533,0.0547986256305853,0.00058678866905762,0.131925135909043,-0.069154536180627,-0.364240416016089,-0.307560971003949,0.502761265817172,0.0865961152134399,0.091545691018257,0.0636921106517722,0.19186402314684,0.141838261000059,1,0.184644019539755,0.0591384226920759,-0.666262213416426,-0.211768371286545,-0.861205804228513,-0.437016312886747,-0.4271785528274,-0.0886236186766583,-0.324503331306769,-0.267871316330669,-0.185495524768946,-0.712178297381841,-0.833926759968676,-0.21160299274161,-0.734269243649692,0.0271568644349296,-0.086436976578173,0.9501945136159,-0.233594546093809,-0.318369134233445,-0.445729574934344,-0.192577737787658,-0.871950181093658,-0.319937709476954,-0.411663598227601,-0.206179176171672,-0.380220919204472,-0.216917477570176,0.205442762643557,0.715124344851905,0.912511133913666,0.691713116160311,-0.129145953438845,-0.352167318216843,0.970648640686944,0.368091831566186,-0.205651671243359,-0.285862082797482,-0.325954951262944,-0.234271679386828,-0.232548390262052,-0.338261914287636,0.502866461224612,-0.360523518269738,0.698604989909554,0.43321341033336,-0.00738479862554131,0.062625476720961,0.351269020845606,0.371815323872553,0.377125467927487,0.781805724723278,0.316949021873492,-0.312923342345715,0.315113064365607,-0.0423670654520862,-0.184406999837304,-0.29779292471287,-0.241421055792217,-0.538851263933567,-0.711946983528772,-0.450836311429203,-0.370952335070872,0.368232881525615,-0.714396599552052,-0.29883244926037,-0.114168305166829,-0.0183084465749148,-0.560020352463823,0.0393698164507219,0.582498002479028,-0.232023925606281,-0.372468376454301,-0.311110380055678,-0.485429361236184,-0.0833796950506147,-0.0322415765718055,-0.201472556383586
0.185114332566172,0.470832105340368,0.201594554998485,-0.237605746229479,0.344571315189,-0.481579727450702,0.803339810638149,0.905586447724066,0.263472020403028,0.1674834036891,-0.11425959281633,0.35649983887493,-0.4631445243673,-0.75476675560009,-0.600912016542701,0.2545278793121,0.255656237212148,0.169419307623344,-0.119537690630779,0.0351436766435147,0.125441918075145,0.184644019539755,1,0.0520889392580969,-0.273855446151458,-0.0508608090754125,-0.820067170823533,-0.434734330434879,-0.149801682248642,0.0961180551297899,-0.379587001359913,-0.607425335707856,0.0299396666463088,-0.556746416468575,-0.838531444543555,-0.819519205029293,-0.217712988209003,-0.384632094563083,-0.301251720732835,0.475625392861733,-0.749102739437702,-0.282050745200555,-0.429698567888965,-0.509926462736208,-0.762073514918653,-0.464050909169471,-0.614115458131676,-0.810103944614142,-0.742368917635937,-0.698122814249805,0.118460976240778,0.685199740480563,0.818166277098875,0.649223128755388,0.130336149973586,-0.442781208067638,0.890224715632007,0.690390949930681,-0.00979089243906506,-0.236725665300101,-0.0479692389018914,-0.568856455950894,-0.33428662532599,-0.431547630633172,0.555793853988708,-0.476345909047573,0.499863962685364,0.530836260701102,0.507521415924768,0.326725475603043,0.307211101063691,0.808141048864956,0.318193895493983,0.64634853531706,0.720319315672856,0.140736728768152,0.363562852411169,0.228031911469409,-0.209671212001228,-0.357066654241394,0.378097408028893,-0.212761468359342,-0.226858739799698,0.125244646520172,0.354808464681101,0.770761780666708,-0.27410333216707,0.0870139061810273,0.175311151370111,0.0383606100534419,-0.290439238855443,-0.270278073683161,0.419267604052827,-0.00692315894417439,-0.300085305542862,-0.543187979373401,-0.278528842996196,0.0325111962438245,-0.240577907637212,-0.239279112106106
0.498305426689336,0.545860048508983,0.065924029325159,0.417673751224827,0.732741628569424,0.396187356676007,0.332367543848764,0.106897572988466,-0.0244307669099152,0.702273520716516,0.343313048432333,0.339743551811689,0.58716721885055,0.32926512711793,0.0215458828475631,0.158403889962743,0.0931490299294845,-0.285064610342813,0.328715116598574,0.0147795485218249,0.135972590799495,0.0591384226920759,0.0520889392580969,1,-0.0990011801136457,0.1899241740635,-0.205740366884964,-0.0889956408808027,-0.10352538904597,-0.41153358093433,-0.15849376551166,0.392366825276588,-0.557988080130385,-0.7392176623907,-0.674390155009442,-0.0406283120279246,-0.447529487046536,0.393277562175838,-0.019580235080321,0.371356765097602,-0.209855165425232,-0.100791725430156,-0.359439935412001,0.438964784492174,-0.512330619058172,-0.194092633503554,-0.446799166897558,0.137486160428957,0.288936683136986,0.406390570506463,0.134719329346663,0.0965536309748078,0.492009004588611,0.541270333220729,0.218748814673988,0.0178933485620981,0.24282340234787,-0.0730490255056135,0.33857710879217,-0.17160682634839,0.0452864274151357,0.306919705994088,0.203049036214492,-0.00163359592407591,0.293068044110828,-0.120855198375777,0.411957483680967,0.362917423549966,-0.249688344721514,-0.0300249029463225,0.196555820283806,-0.097996681351116,0.282987777739941,0.228921877823703,0.0652696514936454,-0.0859883295837754,0.00286437814304802,0.0313906245627446,-0.139051766505931,-0.0786556041102872,-0.398000219379355,-0.337205987349512,-0.765146936533218,-0.735456392130564,-0.485438315519075,-0.347245973242568,-0.603963231478089,-0.303908121731288,-0.316944707649843,-0.127414489828387,-0.461032601947611,0.528150054031802,0.347759933686527,-0.56756404884271,-0.488059757462587,0.421430932151638,-0.671423475268427,-0.0495061560595613,0.131482305976013,0.134311400368375
0.426525612994231,-0.25496846667754,0.168686449473242,0.352933748984369,-0.235222401600418,0.535505433820965,-0.634099209636603,-0.431642715526009,0.0566504890755281,-0.0869791701232326,0.165698642024346,-0.418971948119982,0.512057236676427,0.410397952903125,0.500745401861993,-0.33531158425279,-0.553973933850378,-0.654544597227945,-0.401708789795178,-0.0431569434832341,-0.528708244071202,-0.666262213416426,-0.273855446151458,-0.0990011801136457,1,-0.198526254154294,0.866915789412752,0.690552038618506,0.204358059416308,-0.0151820628389906,0.39594426337074,0.66928494334784,-0.0541353501003523,-0.123129986358345,0.53537008287954,0.24040382930559,0.0110681890602572,0.792400686064922,0.299076089041375,-0.622595094078271,0.615191426385952,0.513545848279188,0.543415930063967,1.00751196960576,0.357138453258536,0.778794944190861,0.365855778181332,0.452547212708038,0.701366820322746,0.84892846810132,-0.183553352100134,-0.363729986897134,-0.647167665440363,-0.25281182535633,0.0512285876726144,0.353727932807426,-0.573407441917172,-0.0467581676827561,0.110637507016315,0.0509834708601139,0.052727957730012,0.334669661214377,0.38245915096105,0.320850362916189,-0.785002450547959,0.462590644646051,-0.515134713170452,-0.644231281624248,-0.884649517612214,-0.933725401458763,-0.629640644003201,-1.07714006703121,-0.604140963152604,-0.534711070475847,-0.791211730838248,-0.148113220078709,-0.419316352599246,-0.214747651595786,0.607075290330957,0.368883786660417,-0.536474393372512,0.0398456935919948,-0.0810199985258743,-0.535829508957577,-0.305154932128717,-0.570926456198798,-0.394932127768838,-0.202114986049956,-0.851079623681641,0.230578712631872,0.181416863588808,0.386592371635122,-0.336226432512433,0.00943781579250694,0.030003686159027,0.963622128029052,0.267700849430707,0.0605989648086136,0.288509827559035,0.0191039804037509
0.334539330512781,0.349601668022732,0.306147561763392,0.158242265492883,0.120476562377938,0.12854377487607,0.0137637672423398,0.108821416386857,0.247437081192175,0.0266926188103559,0.103677322264344,-0.0321944747104149,-0.0543988458653464,-0.154648516383238,-0.267304037397463,0.150629641932642,-0.0930357641201945,-0.0114144505388928,-0.228156365146992,0.222363676862518,-0.162319980638986,-0.211768371286545,-0.0508608090754125,0.1899241740635,-0.198526254154294,1,0.164183165976939,0.201801805137849,0.10148611799394,-0.073259495040001,0.100208714527616,0.0349601589815768,-0.0858765170135051,-0.0863045414414479,0.222878551675164,-0.278170916785835,-0.245519568883457,0.435932571821986,0.235939058515393,-0.119156266713677,0.192699064518706,0.202110273636949,0.140629743344558,0.247812617145063,-0.260270842044166,0.259009416638235,0.185658409791806,0.0510764364917799,0.16594949415097,0.344396528374941,0.25372748102342,0.161888412923185,-0.350241709831232,0.176816082504906,-0.0465979938965939,0.126029315074215,0.120491061523729,0.347929000440316,0.0326954655638044,-0.163447365279924,-0.240393262801752,-0.0875545995558388,-0.0818579514963886,-0.437310652589878,-0.458764187451815,-0.324645339112229,0.0594239674917478,-0.252246615049713,-0.407549280100298,-0.45146410487007,-0.316229512308815,-0.440062876392919,-0.286875429346839,-0.122155062096619,-0.124831448544059,-0.0538530307188815,0.24934050809799,-0.0915677027992527,0.287326308094302,0.0932091977022368,-0.457628496528855,-0.130270004513457,-0.182799332590293,-0.367128627514971,-0.344354956972232,-0.0572176137018939,-0.384437482888829,-0.114051835836946,-0.416221724860601,0.0477341201328267,0.0147964844375021,0.216380316611816,-0.134112693351259,-0.0595056130169678,-0.338381624483187,0.264317274236364,-0.0699492474927593,0.0458066305967949,0.0973712376423371,-0.112695782413767
0.0591697185695919,-0.0854229098853714,0.144452820287702,-0.171299709271968,0.190745356537051,0.367354210945007,-0.471687201606606,-0.115071096307673,0.337824836019313,0.778163021936617,0.280746370214986,0.0781775250398935,0.495319606441108,0.316771917082158,0.549902932128303,-0.975573609563037,-0.909401995025106,-0.636224065998006,-0.546835691792685,-0.485565212009315,-0.779125340722395,-0.861205804228513,-0.820067170823533,-0.205740366884964,0.866915789412752,0.164183165976939,1,-0.341389435392563,0.343223105565914,-0.383733894499024,0.465063001622749,0.56984316081227,0.096321056436997,-0.103772884423547,-0.0556810608539638,-0.0733550155017203,0.423014986969488,0.680978338559206,0.727149311012271,-0.111509618544978,0.101963337424579,0.164459920983341,0.164694327840906,0.377238477484647,-0.020516382144308,0.226381176544092,0.0151276973269091,-0.545387152015669,0.292187504981748,0.583985448583425,0.433372204852346,-0.0484458588896743,-0.638923033489224,-0.247673206473241,0.427479139815263,0.326798385513533,-0.187976566630949,0.353251937736953,0.942266550212284,0.517031809395875,0.746230970261407,0.359403784818977,0.583378685600475,0.290133052570852,-0.417006305227656,0.425390221685739,-0.440967779111728,-0.711954531250371,-0.224298624157771,-0.366080788208608,-0.716101189559558,-0.430992085763424,-0.769134311858277,0.0336893527297485,-0.315217678701439,0.23032618701553,0.0521584739014056,-0.230662084649767,0.446177158348182,0.498266622745328,-0.25740299820343,0.478828763070157,0.20600353228626,0.0141417836703443,-0.381988704488787,-0.0607562647043719,0.561675574884671,-0.0960372594004834,0.140822617957158,0.309067194265472,0.618413270292864,0.756771010467898,0.399833212975621,-0.233600358967293,0.0039715503381815,0.441414830390849,0.361923796023194,-0.420058516088538,0.134678234812647,0.602025429147594
0.19428289337729,0.130347965875066,0.535814478914916,0.188795631091355,0.425515829644237,0.485339582615373,-0.430526415240279,-0.0417263241049603,0.395918822339633,0.872719681703985,0.456230285214958,0.238960113466453,0.554410163509783,0.52255561721703,0.11943586740693,-0.527235468965183,-0.415690454147083,-0.386143896582702,-0.19796290624801,-0.484232219936946,-0.266832889756302,-0.437016312886747,-0.434734330434879,-0.0889956408808027,0.690552038618506,0.201801805137849,-0.341389435392563,1,0.0814700116376652,-0.335077088380899,0.599993424035863,0.638426257916518,0.185043552955165,-0.15263236138432,0.0950034316519083,-0.131271978974554,-0.27193040759008,0.456181953316923,0.540441671936206,-0.180824300381821,-0.082876494149132,0.194240864119396,0.189915389102862,0.0582429558654385,-0.273097772901429,0.0795719141474066,-0.0145580190119079,-0.416471640150997,-0.0661210218124361,0.13065704048361,0.0472909983337647,-0.0931987402021135,-0.635248459050772,0.123709297913594,0.494324512594228,0.236616439077393,-0.226263861122916,0.355092371024549,0.957062308360809,0.638030331844564,0.384955489195927,-0.037053087544368,0.147930999266944,0.0672632335600303,-0.350143053496099,-0.0389516652915637,-0.187635029061017,-0.351107309360711,-0.321839565387836,-0.430434098913025,-0.417302586073036,-0.369369960775492,-0.543615721438579,0.160370577369971,-0.134359460458664,0.346740192587222,0.120819116636342,0.0256965832511192,0.228794554601863,0.230246025910016,-0.436744885009597,0.0661315033728311,-0.0206706594992029,-0.262525320525314,-0.478035270038669,-0.0425483421948239,0.0125563992103403,0.00800861474116218,-0.375489931894139,0.034213156448362,0.278622302601943,0.578985591594026,0.340069094082133,-0.0224555881518575,-0.0234525926250061,0.175255123241767,0.246709003404505,-0.359925129283659,-0.192769395187895,0.0970028117026134
0.17984405545989,0.126088388072827,0.368941772608654,-0.025175483213551,0.162105520116993,0.107879321166892,-0.122543563347639,0.158778359674098,0.35197176858253,0.251056977397407,0.319593396770466,0.163361569150523,0.0508050485572741,-0.172920171892117,0.284310989039104,-0.289766376936389,-0.32625583365125,-0.299317620369065,-0.340707752572172,-0.348031975649853,-0.306043536246026,-0.4271785528274,-0.149801682248642,-0.10352538904597,0.204358059416308,0.10148611799394,0.343223105565914,0.0814700116376652,1,0.228354762643018,-0.0942014081406865,0.0204287428770006,-0.173659614053316,-0.31363005314238,-0.151733220467891,-0.616935255963272,0.13937748997232,0.114539476573895,-0.0323006192522214,-0.474132722671571,-0.150411938679014,-0.00548182428568798,-0.0500055822905401,0.277702406971408,0.0112612300931074,0.167759490303309,-0.0696261726109457,-0.573233580055923,0.20336125715585,0.0355162663704563,0.148233027178349,0.38591310720567,-0.172337702771074,0.0560803060072426,0.334440966316764,0.280534026369156,0.102098113192931,0.598458889660345,0.414756574126913,0.122439759480965,0.33879806743464,0.12146328272328,0.367107796310713,0.203888426169457,-0.145617459774816,0.248255122941915,-0.354440345531541,0.00179590668539674,-0.250504264931482,-0.331788548014545,-0.271814400650801,-0.0636313889168436,-0.124638169989122,-0.207783347750144,-0.00714988386191593,0.321252128950615,-0.207004547472135,0.1949108239141,0.44809496887951,0.173811449314282,-0.203535372502917,0.0615894549095519,0.0764251943292093,-0.167601202467359,0.0144204899166201,0.0488255155279017,-0.0292534776922089,-0.115806293310595,-0.342823725491928,0.187456627638614,0.0807963914171875,0.165332245217177,-0.0933534829229659,-0.0816555313504462,-0.185085357421325,0.330543264700086,0.131933419988469,-0.0558672252670598,0.126785393399139,-0.0089332621402724
0.305417406214522,0.127668905073595,-0.00633212728945896,-0.498666279146462,0.209706459539591,0.0243394344852192,-0.0880697829758245,0.131462592029196,0.00862043960233491,0.349775606332403,-0.16817351076297,0.173256571721935,0.249738306863758,0.107087535779563,-0.330340609273623,-0.163621675017312,-0.0976374611654671,0.183142092316307,0.130785390334077,0.0091438061680879,-0.0819335057683711,-0.0886236186766583,0.0961180551297899,-0.41153358093433,-0.0151820628389906,-0.073259495040001,-0.383733894499024,-0.335077088380899,0.228354762643018,1,0.140986118072925,0.0111838898386875,0.160263078145507,0.0873627610588438,-0.290548768946218,-0.279016541224065,-0.280870199720513,0.186056192422822,0.15552213170216,-0.0469927713782588,-0.0348371423145156,0.0624719294856237,-0.151076700228476,-0.0943858773876741,-0.280555460326365,-0.137266362315113,-0.161900936843875,-0.132439672871544,-0.161538116416616,0.102205427412592,0.283223651672431,0.224160850163558,-0.250377658958635,-0.0739058858580023,0.105930735538776,-0.00868617562377241,0.246428249261262,0.239619363624693,0.206400842788616,-0.248062185287678,-0.21490543672458,-0.191391166320768,-0.397135787552939,-0.182632689149445,-0.255927095897632,-0.3258627649989,0.220927030223712,0.0926081144212248,0.272387870380934,0.138440209060527,-0.122405778017733,-0.000524580857277124,-0.0166597946236974,0.139916962201558,-0.169683387976542,-0.273319152348361,0.0271492289399469,-0.114400976651933,-0.0392222597865429,-0.0769677545451055,-0.127785152884223,0.42038267180015,0.166929776412032,0.0844679356611662,-0.0750911541805482,0.524709769277059,-0.00909879461588489,0.224746877888833,0.31895195966993,0.121506380312166,0.113817710262311,0.249506405597644,0.0895580446079901,-0.16963637105893,-0.554369015043259,0.0481214769310087,0.0905949197355072,0.429924498810351,0.117847859862544,0.28124972969394
0.102975226979551,-0.521523667868555,-0.305735488732778,0.185886323544026,-0.0526066914608405,0.371861476206,-0.576174583881763,-0.814796163842977,-0.289543976224756,0.251544331233271,0.383645182738916,-0.130129301565233,0.411166950745213,0.585911055643707,0.69674646206691,-0.622397795116213,-0.30939998738546,-0.537918187045599,0.0777347963853978,-0.402928738131769,0.115478652160732,-0.324503331306769,-0.379587001359913,-0.15849376551166,0.39594426337074,0.100208714527616,0.465063001622749,0.599993424035863,-0.0942014081406865,0.140986118072925,1,0.449250507289342,0.118330382794825,-0.0580028855024599,0.382172025483346,0.70430760504712,-0.166018614865068,0.388924625647672,0.226788654875803,-0.470621067368347,0.408512143429732,0.153883828871321,0.232531249515985,0.622231427219178,0.311534663387248,0.497494242413407,0.126512031527645,0.354086450890511,0.448231752102706,0.460200705564444,-0.359137276917693,-0.936593235649132,-0.642606596830375,-0.415995770647411,0.0168123322436102,-0.051585251700201,-0.89866686739387,-0.615256923815524,0.45279072492334,0.559892985954373,0.274264769625337,0.245038475008053,0.516346990634466,0.813750339684982,0.138745661093086,0.652155313978388,-0.0793763548758791,-0.213498446702051,-0.513373486529675,-0.363894693455615,-0.000765034278497556,-0.343150176893438,-0.239816788177053,-0.411329879719736,-0.319960129315634,0.0794401652000636,-0.365599728246006,-0.0986751311134658,0.0644909153738408,0.192628247967891,-0.542000179052981,0.0177542331516516,-0.30193859602734,-0.371770378628034,-0.417965486812065,-0.665348939255556,0.161429305394501,-0.177587313677795,-0.413546100183246,-0.239089054152048,0.277684195273235,0.241543089547704,0.12272490512522,-0.232594834565514,0.0511705072632613,0.514664507653393,0.232107443018549,-0.293454020322633,-0.0597283635894588,0.0565240162360544
-0.236851071365832,-0.899515889291024,-0.315255291851872,0.00903000874298773,-0.553963039142224,0.109383964218476,-0.658698154415739,-1.01816930750609,-0.311079062034521,0.154992689357377,0.174180264299555,-0.116609092846155,0.193855179319226,0.332117250566467,0.314333565527939,-0.710286415737781,-0.169996918827936,-0.533962367205992,-0.18843998800389,-0.203646016315276,-0.319295337496734,-0.267871316330669,-0.607425335707856,0.392366825276588,0.66928494334784,0.0349601589815768,0.56984316081227,0.638426257916518,0.0204287428770006,0.0111838898386875,0.449250507289342,1,0.374225230733778,0.344820461407671,0.792308255014216,0.712129707449187,0.355277218579702,0.384368697639909,0.642926590144259,-0.0738179051378353,0.522839222011418,0.672397503177129,0.770404107743623,0.493345174179149,0.53156347313368,0.6708751036975,0.421660306822418,0.457492044255914,0.293404761752102,0.597141080022425,-0.284208347616133,-0.887346766984408,-0.85161678533663,-0.885169077602256,0.00932971303622852,-0.273396039737237,-1.05238464600319,-0.677799865666366,0.263877873133331,0.142442077185233,0.235002818168036,-0.134277471848566,0.0332573378673238,0.186812238492216,-0.493438455438186,0.180626031078364,-0.122969127331931,-0.566581462620528,-0.356855933423713,-0.530729889707636,-0.556134538378157,-0.390083686770387,-0.6181836627498,-0.0277757055247055,-0.247175196922795,0.164060260882183,-0.158529202430401,-0.0868452451932769,0.478488845248338,0.277087497484117,-0.0115329089203326,0.31685371431748,0.192892153082587,0.273896315566879,-0.122892032168752,-0.253905812762502,0.332987690574094,0.246084927593222,-0.295595111163908,0.346196227436293,0.463770524956564,0.248785952665986,0.407636894251876,0.0733965350158497,0.524857866634686,0.348423993307756,0.431937568533772,-0.312070412190337,-0.00995616916045851,0.0868252330685176
0.101635253250096,-0.256088382961301,-0.30208418042516,0.120219141123333,-0.107854880440749,0.256984941922316,-0.298330117838507,-0.430458040706531,-0.161104953300438,-0.0168846959764536,0.136490346328791,-0.302155708348812,0.65589247133187,0.729859072416688,0.728409953135916,-0.342156088699787,-0.230924842505587,-0.280391661667317,0.222553280995577,-0.216303235562586,-0.0219158112194292,-0.185495524768946,0.0299396666463088,-0.557988080130385,-0.0541353501003523,-0.0858765170135051,0.096321056436997,0.185043552955165,-0.173659614053316,0.160263078145507,0.118330382794825,0.374225230733778,1,0.140860148264514,-0.115862324027494,0.809551301066548,-0.023312039743542,0.14113753076275,-0.132308725309355,-0.0246279710123827,0.271983751088836,-0.0912771982848902,-0.145431008011347,0.166827364247011,0.265831940991262,-0.0984765821669068,0.0335879353779185,0.392700087705588,0.432358570199558,0.331911458929467,0.0264154523353597,-0.131901328220906,0.0947849590381857,-0.142633146396442,0.0964794874048627,0.196455464458334,-0.301981633922272,-0.336442836309882,0.115949792560579,0.29953184837419,0.135976525756711,0.390916698495059,0.426475613534022,0.824463477769637,0.101084434013676,0.649952781398447,-0.154413996919486,0.148671365949432,0.156192533517713,0.150592511607245,0.228952044310479,-0.177318784038762,0.19694851452234,-0.109326454052434,-0.451538455305766,-0.191101678209076,-0.415640096190577,0.0964043701441575,-0.360693094937403,-0.369327516164899,-0.26391050780407,0.269434232461661,-0.151357737810698,0.00282309988455176,-0.198187370898407,-0.157341496099958,0.300867887944888,0.0802547509723403,0.230364574952664,-0.236326471048632,-0.30045394118934,0.1542533121697,0.141879966640028,-0.280204245180027,-0.25310938991409,0.208382084088361,-0.177653999229957,0.170645253606962,0.264467691563418,0.434878576076514
-0.419934974767394,0.126497442835646,-0.05535296401028,0.391682690267292,-0.0994380560315732,0.212226766021399,-0.0498763298024987,-0.0938489385665114,-0.0600629058698041,-0.148968143404581,0.371765000039188,-0.445559493078806,0.390352582101822,0.665543714609353,0.938492770802028,-0.393470076032088,-0.802243161942684,-0.742270628161399,-0.203118137417342,-0.562542266106508,-0.658776226877506,-0.712178297381841,-0.556746416468575,-0.7392176623907,-0.123129986358345,-0.0863045414414479,-0.103772884423547,-0.15263236138432,-0.31363005314238,0.0873627610588438,-0.0580028855024599,0.344820461407671,0.140860148264514,1,-0.143917654230538,0.464337954640958,-0.023526740263682,0.368391229251472,0.101651170919973,-0.0973913202191696,0.415053438583629,-0.436184814707844,-0.086424903169624,0.281539682307848,0.187399715821908,0.103780645393672,0.305693329254603,0.121671612641734,0.271919232868942,0.268178899474964,0.228373149396727,0.182458950648786,0.0301093621389682,0.0697404462775105,0.141792832613409,0.378482387574253,0.081950979663749,0.0960018671069261,0.188725903763008,0.646766665588821,0.533672139970953,0.471436820705973,0.810991429835597,0.757729297152808,-0.0141488306612599,0.967801720328926,-0.314404966874258,-0.264719185115805,-0.0235631700605784,-0.263392847639427,-0.31563612222416,-0.402330771934885,-0.342508473488955,-0.204315881989601,-0.406309732779697,-0.128973125381704,-0.4256947380931,-0.295077253228592,-0.31517425697251,-0.30386409504049,-0.316636703899998,0.320334574286002,-0.0397002408106549,0.0349744723029471,-0.613928063803851,-0.013387108995905,0.219316855476301,-0.309131133261746,-0.139950138399279,-0.1154553247952,-0.0370475814393074,0.146435760171264,0.223183446402056,-0.206607602947795,-0.40064514304353,0.334567467146836,0.132386831972996,0.0897994758866435,0.270742320906319,0.302574107060805
-0.0738734159670959,-0.0943412340801107,0.0898651445206466,0.391082675211486,0.202265513570892,0.732511471744192,-0.53928704625082,-0.598016799050475,0.0427449987322014,0.738997797961334,0.621087476898715,-0.139896710838434,0.67839798511611,0.996495966345704,0.75402885881157,-0.874494491607334,-0.76302246211907,-0.96671010080739,-0.171835556328021,-0.863264553055091,-0.46193654138574,-0.833926759968676,-0.838531444543555,-0.674390155009442,0.53537008287954,0.222878551675164,-0.0556810608539638,0.0950034316519083,-0.151733220467891,-0.290548768946218,0.382172025483346,0.792308255014216,-0.115862324027494,-0.143917654230538,1,0.640372088966732,0.110198349914311,0.630159360801781,0.253331763403473,-0.448652661132873,0.302230305796015,-0.100767574697583,0.0434910687303321,0.498147145762551,0.191337774529473,0.196041737755382,0.155590863336499,0.104626349955241,0.61251188920765,0.5577341798742,0.16901408783593,-0.240906927894776,-0.398391860125193,0.042787094937591,0.601631469948888,0.496071008616563,-0.598552236860146,-0.0707233065581876,1.02892874803597,0.98806229501132,0.814316156383285,0.429668021998683,0.714333403960606,0.644203143837234,-0.207319380929324,0.628143423335529,-0.428708407117419,-0.401846973660136,-0.306154847201311,-0.428276427176399,-0.335840814442864,-0.65159655983359,-0.53549864963427,-0.488656826236202,-0.367343286347115,0.258335551346171,-0.250914186700175,-0.1423234273462,-0.0298833672728553,0.00299778208223639,-0.558152688275969,0.364650660948614,-0.0314364617895312,-0.0928190104618949,-0.769138236751909,-0.372756150478345,0.420424594297776,0.0581837082234179,-0.375988361317997,-0.162629393487344,0.270305192872647,0.634167027551645,0.173323608770042,-0.298467718606516,-0.199585889270708,0.652728243986874,0.143342340126101,-0.218823421567196,0.15991775596259,0.438270578163172
-0.215396632633824,-0.50130885614726,-0.217173706931729,0.288864690389247,-0.288065353806565,-0.29610553266188,-0.530224022081835,-0.388466236852535,-0.353730437232373,-0.263187163756455,-0.291500185200918,-0.268961366838394,-0.173044789715354,0.300183533774607,0.481828835712072,-0.412256752467561,-0.293632695838575,-0.47330751540973,-0.222230693973042,-0.668699560586569,-0.61553351951608,-0.21160299274161,-0.819519205029293,-0.0406283120279246,0.24040382930559,-0.278170916785835,-0.0733550155017203,-0.131271978974554,-0.616935255963272,-0.279016541224065,0.70430760504712,0.712129707449187,0.809551301066548,0.464337954640958,0.640372088966732,1,0.168044052416291,0.383212830592041,0.266877897923532,-0.302982355855458,0.433948813126357,0.367115485053433,0.667714108900464,0.228327799390529,0.342613993280814,0.497692545623768,0.583258919015644,0.388763367016213,0.133946514451306,0.133922734416724,-0.0837855239447625,-0.380166777283031,-0.300384937559704,-0.2264337050623,0.00773130573382638,-0.284635399923643,-0.371753291927698,-0.16164693816083,-0.0226332396819962,-0.170139235626971,0.052543037468294,0.0131315623602592,-0.137121402154135,-0.20090625533678,-0.525276856774502,0.317987705775827,-0.441883295892132,-0.552227626522335,-0.00726291841512811,-0.429719829211916,-0.769136863239168,-0.197461817972352,-0.840520634835737,-0.175343929579422,-0.195201327074823,-0.113699592162578,-0.531712263534535,-0.516635937819874,0.703226368111538,0.596378279141855,0.116105192098671,0.395530529915289,0.334540816445857,0.603370067157004,-0.498154206399193,-0.0119780814768799,0.145347698326435,0.00130050810324499,-0.246909475315701,0.268401591058442,0.685814236447102,0.26378151115838,-0.205497845642499,0.440874244680716,0.606153050197645,0.205667822960046,0.642781356116963,-0.173565768697758,-0.0591907559494923,-0.0782687627140318
0.191615753134247,-0.170324543643441,-0.0494559495282797,0.120362191511343,-0.488495553768695,0.157229597309495,-0.223859383256544,-0.00770038764155939,0.00594458933398642,-0.270080480238874,0.116327189454378,-0.544223700127611,0.120769969070978,0.185194941912284,0.897918675078868,-0.0861174504712221,-0.673379288765042,-0.0726600133865895,-0.327506496694578,-0.0255637323738011,-0.413030942828784,-0.734269243649692,-0.217712988209003,-0.447529487046536,0.0110681890602572,-0.245519568883457,0.423014986969488,-0.27193040759008,0.13937748997232,-0.280870199720513,-0.166018614865068,0.355277218579702,-0.023312039743542,-0.023526740263682,0.110198349914311,0.168044052416291,1,0.137984555210375,-0.154187688562602,-0.558143917901605,0.364780404138712,-0.374741639398993,-0.0942544538663031,0.405387792594089,0.431186495144126,0.225038075337038,0.131987487058852,0.189217421202702,0.454417131552845,0.388717406910278,0.41571579173396,-0.181170807950803,-0.413896944466972,-0.267541825773058,-0.23707969559144,0.483258396475031,-0.0734796144078154,0.144549680803896,0.277534051396216,0.321166528847591,0.298555831336886,0.672128893110324,0.603539229177675,0.479043987004083,-0.251057627837528,0.738590761413512,-0.528837394477467,-0.605119302521892,-0.388652059001745,-0.267695087664529,-0.371926163779439,-0.566683070942563,-0.449581794826381,-0.451370509865458,-0.436550456429476,-0.168805372408305,-0.307157141241187,-0.553002159051563,0.320250098142091,0.385194987363288,-0.367269177119651,0.218399010138066,0.437439439842523,-0.126676229062683,-0.262000398968522,-0.434193682080248,0.16000906688086,-0.23628601368204,0.0172437122300502,0.160003890117667,0.480579313770263,0.107367006503115,-0.530501533602776,0.0618684683587347,0.0165705788387201,0.633087983555315,0.43635377965293,0.268085525168353,0.413497237742256,0.374770993686838
-0.339041412119722,-0.649587673999359,-0.194712254616313,0.0742705942233498,-0.226007824165325,0.255722070275593,-0.542650402355939,-0.858483743241218,-0.296086307576553,0.434503548947769,0.168265015945435,0.0961360229702247,0.299616084441668,0.417423519883522,0.443800902165636,-0.384555589438597,-0.115908131006733,-0.37677283726161,-0.0170028759686723,-0.168980663414169,-0.206534896451658,0.0271568644349296,-0.384632094563083,0.393277562175838,0.792400686064922,0.435932571821986,0.680978338559206,0.456181953316923,0.114539476573895,0.186056192422822,0.388924625647672,0.384368697639909,0.14113753076275,0.368391229251472,0.630159360801781,0.383212830592041,0.137984555210375,1,0.291097784117303,-0.378790889390282,0.0260145072515183,0.322703185230123,0.498585503984064,0.174476534127136,0.582436428976227,0.171274863941574,0.0832397663753386,0.00200467957618067,0.0477297692749593,0.154177310464416,-0.35639480165212,-0.733011183880017,-0.565705519477376,-0.494398975297393,0.252624195037097,0.0180001759240462,-0.840068792809071,-0.613687481147285,0.460493095115682,0.21740609803725,0.237925574501926,-0.0340211135509109,0.0765949982629148,0.105513542206284,-0.307375752194998,0.307891505812458,-0.227835262423247,-0.418407428016669,-0.16577430975021,-0.153980863505013,-0.32784294791022,-0.149915099128677,-0.322626722692116,-0.206971943729679,-0.119824754315971,0.329718094937344,-0.18595688901927,0.112553064371524,0.142774590660152,0.222005344723215,0.0383107093316313,0.142772293053909,0.0924910728464372,0.128533691236589,0.0628783611092081,-0.387734964066475,0.234693061906663,-0.0528962835234239,-0.053455038550574,-0.0757638004910894,0.181677453497819,0.100227382528258,0.292026721942914,-0.336634718965744,0.331271541509465,0.00698805601675057,0.123906611558965,-0.39734126055189,-0.330376325026457,-0.0980515515678422
-0.212950496728086,-0.160069291384729,-0.21359611657704,0.355827558178772,0.234486567737823,0.429848045403468,-0.520774608707719,-0.703909171763339,-0.284102264501976,0.275803294820043,0.165453623793604,-0.250965357500883,0.478567602417278,0.64971226099367,0.631336064254505,-0.348658281373465,-0.322172444177132,-0.641031849496619,0.143375174883986,-0.288670498565108,-0.259473857858939,-0.086436976578173,-0.301251720732835,-0.019580235080321,0.299076089041375,0.235939058515393,0.727149311012271,0.540441671936206,-0.0323006192522214,0.15552213170216,0.226788654875803,0.642926590144259,-0.132308725309355,0.101651170919973,0.253331763403473,0.266877897923532,-0.154187688562602,0.291097784117303,1,-0.385456345252149,0.132508580768614,0.0864922337447759,0.256662849875571,0.379568223014842,0.618757551793644,0.177991976943549,0.0439095398162395,0.258290055237002,0.269524056254554,0.293774852567151,-0.32098485348979,-0.392156738909202,-0.0871128205697062,-0.0241231854536381,0.542264825715322,0.0980153267152203,-0.591898049708124,-0.419418025730573,0.344918029370917,0.22005939401602,0.236601795660191,0.233901061626726,0.360195399026657,0.56653845514143,-0.0736883794141459,0.587252708422236,-0.288355919900523,-0.159874335746345,-0.127709661884191,-0.0694171416859113,-0.0958915021762035,-0.339913271532654,-0.0615661533301184,-0.382519242633585,-0.332003347746848,0.151578604297944,-0.586334915140923,0.119737964208827,-0.346250890757737,-0.124461663640292,-0.0703190183228962,0.0959955261459823,-0.235365916837365,-0.18633758159313,-0.0370110657426244,-0.524376740661493,-0.0641342927981074,-0.146660385568164,-0.223935154122958,-0.20924217844191,-0.271623801758121,0.109244108013456,0.196093712036462,-0.569910679613431,-0.031194844877396,0.2016859624515,-0.17448935466963,-0.207073552562102,-0.320613649317894,-0.0800503863351866
0.101156306342804,0.32823303994774,-0.447814700429812,-0.00419944855515187,0.380331742090539,-0.435706101868962,0.455032116942275,0.0489320867927686,-0.488959548575203,-0.082633632119034,-0.22293077817878,0.145584603400858,-0.534672969736879,-0.475381150529155,-0.654032066712575,0.858435395594796,0.87374813020993,0.407540396208349,0.635401496785902,0.377498154717274,0.593421793896432,0.9501945136159,0.475625392861733,0.371356765097602,-0.622595094078271,-0.119156266713677,-0.111509618544978,-0.180824300381821,-0.474132722671571,-0.0469927713782588,-0.470621067368347,-0.0738179051378353,-0.0246279710123827,-0.0973913202191696,-0.448652661132873,-0.302982355855458,-0.558143917901605,-0.378790889390282,-0.385456345252149,1,-0.417684752446365,-0.166093912441292,-0.33871741704908,-0.307776298962493,-0.303032366797566,-0.371826317065217,-0.307506155691587,-0.130874788581595,-0.398877360955928,-0.581957314804557,-0.333816228054626,-0.0961613303652338,0.859836608129737,0.388858571825067,-0.0856743368950725,-0.508648665454501,0.306873336019232,-0.43691746595194,-0.48291102107819,-0.579623127353386,-0.614597477840991,-0.415035263394868,-0.507861963062756,-0.279695370929304,0.792364734765293,-0.562992050044256,0.66793369853515,0.949490840302014,0.610190495201971,0.753109216834686,0.804258754473405,0.691201071151381,0.794481165771207,0.183721376107796,0.599662585079435,-0.244217722322786,-0.12730962048733,-0.00473897539170515,-0.513635502759372,-0.21154079384139,0.32426508585203,-0.36891370568518,-0.487782016485212,-0.0726000557530738,0.218145414269099,0.173386734020367,-0.751717379855628,-0.327128768669199,0.10246296096834,-0.214925158390622,-0.453892963545942,-0.297590290133658,0.178380873729122,-0.295805061640202,-0.28352556437189,-0.533774431717665,-0.614797253976969,-0.104801698470262,-0.37982837224716,-0.503948477419989
-0.459500178577602,-0.572200323849758,-0.30857683110233,0.0821487241759078,-0.242760889923469,0.13656536392447,-0.730619492151796,-0.742674451263271,-0.295589072617976,0.226443877527151,0.216865930136056,-0.0917580204337198,0.373061440798169,0.603984952292651,0.792189164570845,-0.701695345361266,-0.391543053312524,-0.558952584761799,-0.102100290444119,-0.733151872287573,-0.404421483331575,-0.233594546093809,-0.749102739437702,-0.209855165425232,0.615191426385952,0.192699064518706,0.101963337424579,-0.082876494149132,-0.150411938679014,-0.0348371423145156,0.408512143429732,0.522839222011418,0.271983751088836,0.415053438583629,0.302230305796015,0.433948813126357,0.364780404138712,0.0260145072515183,0.132508580768614,-0.417684752446365,1,0.151677720713104,0.271493148989181,0.00110860297950488,0.552550017094858,0.0207142545085977,0.111124829618081,-0.110796991751017,0.141914667723963,0.0155329856736658,-0.130934994234732,-0.449452286861622,-0.364737435612344,-0.276403421068963,0.367003463491856,0.135807117985265,-0.639833459915995,-0.405669838237074,0.481114491822993,0.559809623375068,0.567564771117826,0.377257347853579,0.458998208624249,0.536437117489422,-0.108043638750484,0.645654153449962,-0.520652425437102,-0.318686121441579,0.309280005476588,0.0642037335040752,-0.324486989996722,-0.0279468468239858,-0.402418464385785,-0.194800738443099,-0.140845160247415,0.306110352717145,-0.437491433069049,-0.0688234750694784,-0.0090179033371956,0.161009083199579,0.16541687112235,0.521190896858798,0.458394160135266,0.615571923107554,-0.138836718318605,-0.0917830358068565,0.63011225718066,0.203559599367676,0.195889977878314,-0.0759572748280073,0.349743509532627,0.207080533806788,0.235490161887738,0.0913051511030517,0.339647799324841,0.030684573159921,0.288324255834431,-0.339245018960233,-0.103067093340847,0.296272730863931
-0.0670988988710556,-0.193245220962389,-0.212545684813053,0.540768181439367,0.115160371688058,0.349927326351813,-0.0804759519407516,-0.410600642222795,-0.309702513259588,0.571597129339457,0.246438460485442,-0.00957882876502611,0.588298641160994,0.484644920302263,0.488082550412715,-0.240657044230038,-0.386122131903201,-0.599251031197894,-0.121877587786092,-0.494384573351248,0.0356568225761479,-0.318369134233445,-0.282050745200555,-0.100791725430156,0.513545848279188,0.202110273636949,0.164459920983341,0.194240864119396,-0.00548182428568798,0.0624719294856237,0.153883828871321,0.672397503177129,-0.0912771982848902,-0.436184814707844,-0.100767574697583,0.367115485053433,-0.374741639398993,0.322703185230123,0.0864922337447759,-0.166093912441292,0.151677720713104,1,0.140564588297551,0.523064019022397,0.139500744846943,0.219928693756933,-0.0879738775908394,0.0830640907319229,0.249685678555902,0.282801960950771,-0.1921960265369,-0.449652213629456,-0.0903066472049169,-0.0541974529652651,0.176167852379156,0.0643596276361153,-0.471835879027817,-0.461324464148296,0.650843797980468,0.447294211192762,0.197253650886693,0.134195236674216,0.304023947985771,0.404558947759072,0.122169078929649,0.36140230244208,0.0654616543332603,-0.334090006625763,-0.57587260870652,-0.223961760259507,-0.0739511255816623,-0.275142672118387,-0.205972680822911,-0.134482035891859,-0.226417131776132,0.175711718541039,-0.222924887734514,-0.0734436869478899,0.0527638465175005,0.199371162879719,-0.480727625431557,-0.10719570964029,-0.408304110340564,-0.524375686709828,-0.381995723386052,-0.507286426702433,0.038244375183527,-0.132494967318908,-0.4249643171579,-0.0407207329934764,-0.0172322647546017,0.355155470891284,0.349330821194101,-0.266015436996426,0.207200506607495,0.371011827713373,0.106172962802187,-0.313905229592663,-0.102923957519126,0.101690454849932
0.134271831492228,-0.3454768659803,-0.182030084878508,0.269631219535659,0.0890794550440926,0.585037985266008,-0.498184686105503,-0.805751302172659,-0.363068350771652,0.52608449023265,0.437991825922768,-0.067136172349498,0.8199082401188,0.782980591810857,0.647195891516108,-0.671116608868283,-0.455515366786835,-0.614303243938695,0.126580302022199,-0.459364735796402,-0.0637985625626802,-0.445729574934344,-0.429698567888965,-0.359439935412001,0.543415930063967,0.140629743344558,0.164694327840906,0.189915389102862,-0.0500055822905401,-0.151076700228476,0.232531249515985,0.770404107743623,-0.145431008011347,-0.086424903169624,0.0434910687303321,0.667714108900464,-0.0942544538663031,0.498585503984064,0.256662849875571,-0.33871741704908,0.271493148989181,0.140564588297551,1,0.448109901904343,0.236767460567801,0.144014997342866,-0.013343660063631,0.209998617838184,0.545941033701524,0.53169276203675,-0.0818190261186183,-0.644276961589306,-0.472344304713962,-0.334136420753627,0.240317148294225,0.298641987538034,-0.777763678792626,-0.565553109710132,0.689307023074128,0.682124319231751,0.41607103786127,0.389525554630745,0.419631475643087,0.636461377966078,-0.0126621150484749,0.521897041219954,-0.0332857798256751,-0.244457482750941,-0.321857728990098,-0.155337285312867,-0.0684942898746119,-0.497207563332554,-0.22878405449599,-0.29278741637495,-0.401011666487435,-0.00365768098122501,-0.402286934714336,-0.100392275351978,-0.0216444163310288,0.108751804676885,-0.545013787787761,0.271650039383206,-0.144597247038317,-0.229204739768959,-0.512265158415594,-0.500633900456584,0.265824742854538,-0.0133138592391681,-0.138865589988709,-0.190533078596998,0.183010449649516,0.558302242259142,0.228250202495509,-0.461440085239648,-0.183658851411532,0.527006334675648,0.0402076681098416,-0.197597406429673,0.105016369767849,0.31542975506624
-0.0508637402098722,-0.628238275460735,-0.113089694832136,-0.261566836597202,-0.425691972990572,0.190467593795931,-0.690928428960887,-0.597201566281373,0.0650858841140433,0.383985323879642,0.0611518910909049,0.067914698460485,0.149279867652215,0.297283258744719,0.31751545805883,-0.65926452483873,-0.198413993606466,-0.20952378443308,-0.250114657261273,-0.190924049892966,-0.200093088713545,-0.192577737787658,-0.509926462736208,0.438964784492174,1.00751196960576,0.247812617145063,0.377238477484647,0.0582429558654385,0.277702406971408,-0.0943858773876741,0.622231427219178,0.493345174179149,0.166827364247011,0.281539682307848,0.498147145762551,0.228327799390529,0.405387792594089,0.174476534127136,0.379568223014842,-0.307776298962493,0.00110860297950488,0.523064019022397,0.448109901904343,1,0.434368360721195,0.195590415209135,0.0097627061075953,-0.0995202341872625,0.109457445756994,0.102258375738785,-0.10519814154472,-0.481149138360151,-0.862986103346295,-0.528953932626695,0.146738286174149,0.144658318041139,-0.875767930922036,-0.33018604115527,0.5590260312299,0.287201969871084,0.343567718929078,0.0891330620904833,-0.107224648034777,-0.153197520454533,-0.568548410067766,0.22399741831208,-0.472804411477501,-0.602323894913411,-0.251181768668337,-0.364015204527073,-0.429222150968249,-0.13763057919684,-0.573881805147452,-0.00208448599230188,-0.0481998443359982,0.504404560891672,0.175752934375093,0.0726899509782928,0.466422154801575,0.725635359414595,0.141795782093073,0.186451940195058,0.51599321914836,0.28190812338764,0.173654480763022,-0.327132260626468,0.549438312328479,0.222094043243455,0.0400303225205534,0.38100299066898,0.663582955716153,0.437175318428377,0.146412844432281,0.331581096477064,0.806916283882526,0.0433624031227023,0.463090001037077,-0.315424205876505,-0.123051717131675,0.217682871801739
-0.101393850487383,-0.287051454478311,-0.023709192353054,-0.0100075776299469,-0.138258810157086,0.289678357742914,-0.503754903789336,-0.31450562762216,0.0354342439919392,0.207392196894575,0.199956100089631,-0.314739239644446,0.431533223389653,0.355688412264267,0.865464290229845,-0.918185700972053,-1.03688415609488,-0.564018573798765,-0.470123129979221,-0.661855065274771,-0.775036144833552,-0.871950181093658,-0.762073514918653,-0.512330619058172,0.357138453258536,-0.260270842044166,-0.020516382144308,-0.273097772901429,0.0112612300931074,-0.280555460326365,0.311534663387248,0.53156347313368,0.265831940991262,0.187399715821908,0.191337774529473,0.342613993280814,0.431186495144126,0.582436428976227,0.618757551793644,-0.303032366797566,0.552550017094858,0.139500744846943,0.236767460567801,0.434368360721195,1,0.438778090054616,0.334117578200707,-0.111407515538907,0.420229159768181,0.487441060579872,0.429376933030388,-0.226314807194426,-0.696519306419835,-0.450722566129316,0.178594948214654,0.461157752680517,-0.256638822898941,0.041725300584608,0.45702112125193,0.52853202324649,0.511841042497257,0.481940252409015,0.608088624651448,0.623743137752909,-0.382537740557994,0.717004615617483,-0.430547743590258,-0.75497856324964,-0.253917297342495,-0.314649144551602,-0.662184128014185,-0.592916435976766,-0.742794448585827,-0.285654319507227,-0.711850479657237,-0.225756951562946,-0.371949185528127,-0.535732006948529,0.484782910250719,0.475942980381146,-0.49402467477904,0.539420833440728,0.3231280294377,0.229246065260632,-0.724359137646247,0.00983416857755576,0.469222829862672,-0.354806935883563,0.0741114568069671,0.102782234137369,0.748319716325143,0.467057041737518,0.140221947826946,-0.0392550449197098,-0.0831200252343097,0.493676867665483,0.633332684013925,-0.342453011950076,0.239827416842225,0.584081487217593
-0.0801844754276645,-0.420503644849658,-0.107635772971378,0.103619167292568,0.0286859020169111,0.492437392682091,-0.556464897029306,-0.599941738070626,-0.127381506746432,0.589700610241886,0.231215376123825,0.0589313360515092,0.663480019234798,0.633485569842936,0.63409666637865,-0.627479938940517,-0.453259432501092,-0.428060069705873,-0.0115379499093091,-0.5615317467679,-0.11514496328602,-0.319937709476954,-0.464050909169471,-0.194092633503554,0.778794944190861,0.259009416638235,0.226381176544092,0.0795719141474066,0.167759490303309,-0.137266362315113,0.497494242413407,0.6708751036975,-0.0984765821669068,0.103780645393672,0.196041737755382,0.497692545623768,0.225038075337038,0.171274863941574,0.177991976943549,-0.371826317065217,0.0207142545085977,0.219928693756933,0.144014997342866,0.195590415209135,0.438778090054616,1,-0.0656086432951779,-0.0566470660993878,0.341947376367884,0.287424520243028,-0.0486157955680436,-0.514573215845956,-0.440253826948978,-0.314137420550176,0.34496577446662,0.313070178126092,-0.667750196501998,-0.405953070056305,0.713664892818661,0.628821250072791,0.454595474560412,0.385859730014399,0.387711892394049,0.501274730013287,-0.0752668710233981,0.447581317145295,-0.373309153368336,-0.417255335179791,-0.169102069669297,0.00553876971604772,-0.129117078236792,-0.350215069404925,-0.303527736338999,-0.274658768620628,-0.317694412217282,0.227116336341667,-0.127032075029009,-0.0179924659684505,0.105894745009804,0.311342523049498,-0.272271701568161,0.307958554451282,0.199072366517678,0.0538188831998896,-0.26006844959805,-0.448795905301427,0.584466805833293,0.0975092717400141,0.0983068795343526,-0.204534320827643,0.259442640155105,0.391342529124264,0.104125385772052,-0.227309105333958,0.202127137110128,0.258657888691855,0.140524629962877,-0.3872886907207,-0.0444636038334661,0.374785253936638
-0.299193857923915,-0.284070803187886,-0.133203268203165,0.159196806947595,-0.0759005266170491,0.354959790182629,-0.58151261672553,-0.615501276929463,-0.183489398500435,0.199603983226463,0.402936951293287,-0.115924590832859,0.538910760661931,0.743127172544606,0.868818541543854,-0.647387276271673,-0.492001106876015,-0.522851868864605,-0.0369107269952915,-0.659292253367461,-0.292128400877552,-0.411663598227601,-0.614115458131676,-0.446799166897558,0.365855778181332,0.185658409791806,0.0151276973269091,-0.0145580190119079,-0.0696261726109457,-0.161900936843875,0.126512031527645,0.421660306822418,0.0335879353779185,0.305693329254603,0.155590863336499,0.583258919015644,0.131987487058852,0.0832397663753386,0.0439095398162395,-0.307506155691587,0.111124829618081,-0.0879738775908394,-0.013343660063631,0.0097627061075953,0.334117578200707,-0.0656086432951779,1,-0.0332050448405583,0.205953224676434,0.116485888356974,-0.0144993427279516,-0.288790666743824,-0.230148204608436,-0.155072156946637,0.361930705774336,0.239399634662016,-0.443250278841073,-0.285880862487726,0.513472500955291,0.783189843252247,0.609493322396527,0.43412529026749,0.673334245042399,0.80678463376524,-0.00419607095349872,0.72632323300731,-0.390786224748182,-0.245206558504628,0.19479160489984,0.112870477695555,-0.14718063485641,-0.220137543906472,-0.252834618381514,-0.231654023044054,-0.254599835831765,0.200970153188817,-0.42464773785933,-0.00891073991283214,-0.305007193416873,-0.091373192594187,-0.0896687514803815,0.455015878006686,0.201418354533588,0.334024528488882,-0.332276508067438,-0.133638746171967,0.443798302632925,0.112082368000966,0.0638919632901691,-0.301127782921544,0.0828167965035633,0.121287339821727,0.165370552568602,-0.263992172401389,-0.0496178098502198,0.135077210898256,0.0743492273079431,-0.286227759416024,-0.091641088118312,0.253836160513478
-0.339980043494911,-0.26743083771323,-0.0639279276118394,0.0909896007157381,-0.248671278153293,-0.0448011320886285,-0.521631916301413,-0.412691041722359,-0.0812818657009034,0.223574391335073,0.294772782541512,0.0217968687987946,0.0728366662236815,0.420373893437613,0.417752460674727,-0.470137479003574,-0.102854660244072,-0.533925817736435,-0.0493048299781688,-0.723583740766147,-0.282708077079495,-0.206179176171672,-0.810103944614142,0.137486160428957,0.452547212708038,0.0510764364917799,-0.545387152015669,-0.416471640150997,-0.573233580055923,-0.132439672871544,0.354086450890511,0.457492044255914,0.392700087705588,0.121671612641734,0.104626349955241,0.388763367016213,0.189217421202702,0.00200467957618067,0.258290055237002,-0.130874788581595,-0.110796991751017,0.0830640907319229,0.209998617838184,-0.0995202341872625,-0.111407515538907,-0.0566470660993878,-0.0332050448405583,1,-0.0692035514845333,-0.155010533719671,-0.0263227128521834,-0.157897705678173,-0.24669531239212,-0.167070469360275,0.282684702826493,-0.0536069130511612,-0.488165245429871,-0.294304623536136,0.485618431612764,0.358119377503115,0.457243462938643,0.309761298819594,0.278222087431294,0.157330372561992,0.00843382992647534,0.311355790175738,-0.319703214499561,-0.152163686789829,0.199049318923175,-0.204396203018469,-0.356948045364798,0.245741199869982,-0.444162663907178,0.300563769618623,0.248635313711658,0.437170194374093,-0.0913090064720299,-0.105078963190519,0.402128078019907,0.678820548926361,0.382076944440823,0.106461759855968,0.374270761361224,0.672454636208156,-0.297843458077073,0.0809961892957089,0.18906496714132,0.166392633794043,-0.215061307489958,0.349916265536762,0.733819467535222,0.524304672577442,0.615254448108679,0.670814264455428,0.915522487015694,-0.0393537312607389,0.365116112022732,-0.434685206624739,-0.0637620356897302,0.0944560000441292
-0.329311591199211,-0.514080332443345,-0.0314893056049659,-0.0227042807983337,-0.523466231638968,0.0413586542497714,-0.517925314095669,-0.415215210228425,-0.0359357245166347,0.0863884021508843,-0.101262848620733,-0.111669773229206,-0.188625384265457,0.158770732632049,0.422347776653537,-0.439606432581478,-0.38279182590178,-0.29280490209849,-0.457212407193308,-0.376621233851769,-0.541703064043319,-0.380220919204472,-0.742368917635937,0.288936683136986,0.701366820322746,0.16594949415097,0.292187504981748,-0.0661210218124361,0.20336125715585,-0.161538116416616,0.448231752102706,0.293404761752102,0.432358570199558,0.271919232868942,0.61251188920765,0.133946514451306,0.454417131552845,0.0477297692749593,0.269524056254554,-0.398877360955928,0.141914667723963,0.249685678555902,0.545941033701524,0.109457445756994,0.420229159768181,0.341947376367884,0.205953224676434,-0.0692035514845333,1,0.0684878550099525,0.0364576135590421,-0.401948730572644,-0.789851362301928,-0.375533373689444,0.0986379061647983,0.0908596541828504,-0.54393542465196,-0.134992323284565,0.388048726367064,0.164845114464079,0.352309235135766,0.0601728615629878,0.0228397800022473,-0.255166589985412,-0.636471607378831,0.292619517664581,-0.566602271145643,-0.877070219660836,-0.269530015841721,-0.443838961058517,-0.775075802392586,-0.219221602190308,-0.830628358848307,-0.209239341399551,-0.0266635146576938,0.451845862250451,0.0717957356246239,-0.221366078691605,0.611753937816325,0.61637902872071,0.0868224028829897,0.223458785733235,0.652425010371998,0.415855960312722,-0.0372972848928884,-0.174870139683581,0.416719140324254,0.0940413237553421,-0.0750554230851918,0.356961960583044,0.79389550816377,0.195861296562857,-0.0618982472269586,0.509640896527518,0.791063188441225,0.117420178816919,0.678021466043363,-0.310111953272593,-0.145337855841168,0.0966349907527988
-0.238414996663229,-0.554515365669678,-0.207118809219571,-0.0420551344050505,-0.360656285481978,0.0392853225596763,-0.665378573642696,-0.589367261840799,-0.137545665242356,0.0444206779653357,0.179915560546609,0.0441637562420497,-0.100806438785435,0.354559492740456,0.553255721800609,-0.561492031360594,-0.28433555527164,-0.475930697043869,-0.212483927924142,-0.416182198970866,-0.491575611118591,-0.216917477570176,-0.698122814249805,0.406390570506463,0.84892846810132,0.344396528374941,0.583985448583425,0.13065704048361,0.0355162663704563,0.102205427412592,0.460200705564444,0.597141080022425,0.331911458929467,0.268178899474964,0.5577341798742,0.133922734416724,0.388717406910278,0.154177310464416,0.293774852567151,-0.581957314804557,0.0155329856736658,0.282801960950771,0.53169276203675,0.102258375738785,0.487441060579872,0.287424520243028,0.116485888356974,-0.155010533719671,0.0684878550099525,1,-0.219192928065449,-0.503320639805736,-0.702648957854986,-0.357228473386147,0.181423569059013,0.143765702559609,-0.712204098929471,-0.308591730045269,0.332208385964544,0.290545214672244,0.506625081198995,0.170974813443026,0.191946353121286,-0.0382189569334068,-0.404798852147933,0.603863518669559,-0.652821441057652,-0.600208905028817,-0.225217551571742,-0.467398320129169,-0.561591249386006,-0.140289194411817,-0.632092121413064,-0.304380731041877,0.0376434614430727,0.494795758209987,-0.0590916243363598,-0.00994423890436352,0.471831694441716,0.650672942907148,0.109149838244562,0.0652533712851576,0.337814430825233,0.234573337850857,0.0506377945573581,-0.430099995797792,0.357142599186721,-0.251806165763036,-0.199860476951071,0.11652874059143,0.602907748574528,0.217337193514054,0.0838016624744467,0.286296190880897,0.679141171442751,0.0571587712865301,0.431711271349407,-0.441989812396145,-0.299666137884485,-0.182089258643503
-0.247723620719082,-0.200392122379131,-0.190005634157493,-0.57852875468288,-0.405572847312356,-0.195863900483769,-0.211267472618332,-0.328093458547506,-0.130051015698879,-0.170332932708929,0.0111642857303791,0.0359059695914878,-0.696407562858048,-0.204870702014473,-0.327484133917852,-0.023916761621936,0.299891088582211,0.0595306535474758,0.0579800781849285,0.123020584500649,0.159072589504038,0.205442762643557,0.118460976240778,0.134719329346663,-0.183553352100134,0.25372748102342,0.433372204852346,0.0472909983337647,0.148233027178349,0.283223651672431,-0.359137276917693,-0.284208347616133,0.0264154523353597,0.228373149396727,0.16901408783593,-0.0837855239447625,0.41571579173396,-0.35639480165212,-0.32098485348979,-0.333816228054626,-0.130934994234732,-0.1921960265369,-0.0818190261186183,-0.10519814154472,0.429376933030388,-0.0486157955680436,-0.0144993427279516,-0.0263227128521834,0.0364576135590421,-0.219192928065449,1,0.0944963560938695,0.0562696672485688,-0.198853248282833,0.0823728330992142,-0.0222844990464467,-0.278839780133214,-0.195610253391184,-0.205911350455458,-0.267889036464375,0.0803701059597592,0.0475838223173145,-0.144331959058844,-0.258788128280998,-0.0651283025109613,-0.00819754454993511,-0.152878850613211,0.162535235575007,0.398639066404025,0.175736790152642,0.0571337069542109,0.373978171443277,0.125867784295632,-0.322592076783218,0.357443459068261,0.338694735108588,0.0231851026457625,0.228369400473211,-0.040098058643519,-0.0145368211581694,0.53071887626945,0.247619047605629,0.505636669153218,0.630151693032534,0.62866354261802,0.301674079773542,0.283846209721364,0.585516116458413,0.294332967584276,0.226360603345293,0.31408788595236,-0.304347154214358,-0.411326814801888,0.230895583713802,0.272968893184319,-0.188154651279141,0.0779961300517316,0.268930062552705,0.0348866720501064,0.0998195331420668
-0.00900290945126751,-0.120539205287143,-0.125047402347594,-0.738556805001155,0.0134086547588065,-0.185652410313839,0.0597881095283558,-0.192954888167307,-0.10421641531087,-0.0648864720788458,-0.234092580553757,0.405405591538515,-0.606545144878495,-0.567275366733404,-0.918205412802376,0.484282257427524,0.858281732616985,0.655014632604609,0.382777153828955,0.575962522459411,0.620009451964293,0.715124344851905,0.685199740480563,0.0965536309748078,-0.363729986897134,0.161888412923185,-0.0484458588896743,-0.0931987402021135,0.38591310720567,0.224160850163558,-0.936593235649132,-0.887346766984408,-0.131901328220906,0.182458950648786,-0.240906927894776,-0.380166777283031,-0.181170807950803,-0.733011183880017,-0.392156738909202,-0.0961613303652338,-0.449452286861622,-0.449652213629456,-0.644276961589306,-0.481149138360151,-0.226314807194426,-0.514573215845956,-0.288790666743824,-0.157897705678173,-0.401948730572644,-0.503320639805736,0.0944963560938695,1,-0.0154515242424329,0.0325520706810896,0.0186927268519211,-0.00212260206652781,0.00329081609277382,-0.0700815807575107,-0.268411689281302,-0.310523234303909,-0.308346440053689,-0.363453632189099,-0.455413761220896,-0.246961082616359,0.346667520436416,-0.648128289229429,0.459653269373325,0.882640940092186,0.817966008021442,0.639617478693482,0.452552199623241,0.769350090709947,0.840747867107412,-0.0877266290350098,0.628438912857268,0.219909778792151,0.285596087140354,0.480734098959039,-0.607068054831922,-0.384143383953158,0.650210380605515,0.100795947519585,0.111055828701698,0.247036337122111,0.806872919508325,0.570092310082002,-0.172122893524924,0.363887872205603,0.421234272199396,-0.0823628939793679,-0.279229234912939,-0.474860625005457,-0.206995985887485,-0.103684172585856,-0.567329026044396,-0.517656957879235,-0.41098280512671,0.644198127547714,0.0194121881211416,-0.0283927038167842
0.0594222530730471,0.124743918151042,-0.366160093537867,-0.753578306684346,-0.128825292478732,-0.90914525636126,0.63720786370505,0.356634273969074,-0.435990421279223,-0.369476351461679,-0.305690927796446,0.313500420288294,-0.686446707564597,-0.989004911262196,-1.09770658909899,0.646910656203881,1.01208036412352,1.07766650204697,0.599798644521631,0.93928676174274,0.903429145901286,0.912511133913666,0.818166277098875,0.492009004588611,-0.647167665440363,-0.350241709831232,-0.638923033489224,-0.635248459050772,-0.172337702771074,-0.250377658958635,-0.642606596830375,-0.85161678533663,0.0947849590381857,0.0301093621389682,-0.398391860125193,-0.300384937559704,-0.413896944466972,-0.565705519477376,-0.0871128205697062,0.859836608129737,-0.364737435612344,-0.0903066472049169,-0.472344304713962,-0.862986103346295,-0.696519306419835,-0.440253826948978,-0.230148204608436,-0.24669531239212,-0.789851362301928,-0.702648957854986,0.0562696672485688,-0.0154515242424329,1,-0.19584379960017,-0.724777004271313,-0.910487976596233,0.440991565072172,-0.345793129171889,-0.745721447791187,-0.802769073761054,-0.847923247188872,-0.564023294974144,-0.897434458847003,-0.599748230902293,0.680619819213888,-1.0081464738909,1.17760303667162,0.96272185605101,0.67141625907221,0.749858929416483,0.838987154054251,0.993209460842692,0.864342354770247,0.908221261428956,0.71699211714107,-0.406363492272279,0.310946360063112,-0.0264638638775234,-0.32813458312301,-0.100878047985959,0.441020280871497,-0.168789320552749,-0.0242223250590035,0.297891969355982,0.48226691685775,0.788263176063433,-0.498798676692792,0.00606791399770695,0.497005969760608,0.206807075051769,-0.0603730290404945,-0.357405761280637,0.278836562993272,0.146907504367119,-0.192723487772628,-0.76435421784878,-0.272744582091162,0.294889887541308,-0.103612184172552,-0.276605442760705
0.0486872414098854,0.236324940146176,0.20912467138384,-0.283624160902794,0.273570889327177,-0.10830499476052,0.169954270702178,0.170705163224415,0.168978280070456,-0.388658177553486,-0.18259967407623,0.52941888430558,-0.691504262395803,-0.549899552046743,-1.18945712298458,0.562205002898682,0.933360557021617,0.755099968492974,0.450619393036305,0.646024340887675,0.775872031905191,0.691713116160311,0.649223128755388,0.541270333220729,-0.25281182535633,0.176816082504906,-0.247673206473241,0.123709297913594,0.0560803060072426,-0.0739058858580023,-0.415995770647411,-0.885169077602256,-0.142633146396442,0.0697404462775105,0.042787094937591,-0.2264337050623,-0.267541825773058,-0.494398975297393,-0.0241231854536381,0.388858571825067,-0.276403421068963,-0.0541974529652651,-0.334136420753627,-0.528953932626695,-0.450722566129316,-0.314137420550176,-0.155072156946637,-0.167070469360275,-0.375533373689444,-0.357228473386147,-0.198853248282833,0.0325520706810896,-0.19584379960017,1,-0.161873090747009,-0.172930235545121,0.0504721373667014,-0.0297410934788069,-0.634833929634767,-0.375565155610669,-0.520313422421181,-0.709947563866006,-0.628357500184652,-0.558383394656195,0.322189708479418,-0.951436415321039,0.466779909542487,0.715202137619452,0.223484537717538,0.275413630415724,0.520268926631666,0.515511214652462,0.60709121213156,0.217966732875443,0.616381533322396,0.114875228243834,0.749464077453769,0.411813190628298,-0.243102922017824,-0.130141172316246,0.358411860773276,-0.392102226290489,-0.212017213450162,-0.214405709951287,0.456040135166253,0.0547887018428398,-0.112619123424848,-0.0383627738503974,0.00255591525120254,-0.172450761276012,-0.245742513942078,-0.414191916020451,-0.0489042071202317,0.173633521916716,-0.105912571752177,-0.617375627595606,-0.336929716809454,-0.0257400472511515,-0.16335567386853,-0.372473771362463
0.0962867940047812,-0.115702752035382,0.508144065056676,-0.298259954458041,-0.20796334460382,0.287871970101937,-0.29629273763532,-0.207761491522167,0.320271409813532,-0.0398726570336697,0.0892631458016633,-0.148949203228943,-0.174979728647855,0.016514651067675,-0.350009065165614,-0.11191737582701,-0.121292522857573,-0.0820932601966537,-0.346670617798032,0.214279823077642,-0.199405231250302,-0.129145953438845,0.130336149973586,0.218748814673988,0.0512285876726144,-0.0465979938965939,0.427479139815263,0.494324512594228,0.334440966316764,0.105930735538776,0.0168123322436102,0.00932971303622852,0.0964794874048627,0.141792832613409,0.601631469948888,0.00773130573382638,-0.23707969559144,0.252624195037097,0.542264825715322,-0.0856743368950725,0.367003463491856,0.176167852379156,0.240317148294225,0.146738286174149,0.178594948214654,0.34496577446662,0.361930705774336,0.282684702826493,0.0986379061647983,0.181423569059013,0.0823728330992142,0.0186927268519211,-0.724777004271313,-0.161873090747009,1,0.401288231174945,-0.368940249012125,0.173134236159179,-0.015892564857539,0.0557793501811303,-0.176255456428148,-0.0189141759745094,-0.376653058858316,-0.355471528024828,-0.825173089398707,-0.18695823465957,-0.280922490444392,-0.412896269148339,-0.410858929237065,-0.761584729393421,-0.443712944595606,-0.368561021040909,-0.317317592267776,-0.182559891733938,-0.332520696571649,0.0945627491530625,0.193038007984227,0.253656623090253,0.260289573322864,0.253921802284299,-0.0669758592941294,-0.141610668131855,0.176216171160279,-0.153515173066975,0.269893565193624,0.0448929975368143,-0.0543064820637447,0.264959467577935,-0.385064499456185,0.375069479129887,0.193336148296144,0.25379704318559,-0.0916280572267272,0.259262166964502,0.141747819376586,0.0447240400673774,0.335489723610997,0.186987063893081,-0.0566067050510675,0.0383961992619301
-0.345486524732277,-0.3721601514579,0.217971850413592,-0.361750033406063,-0.272443326365177,0.013621651326639,-0.837478837285065,-0.447350810007699,0.135540153791025,-0.188219430087768,0.0611656158833736,0.0784431917525029,-0.282485887631384,0.180262795163217,0.116704310745585,-0.611495710148298,-0.0903898483783399,-0.298177709139169,-0.323023110513423,-0.338798756218236,-0.428525530776203,-0.352167318216843,-0.442781208067638,0.0178933485620981,0.353727932807426,0.126029315074215,0.326798385513533,0.236616439077393,0.280534026369156,-0.00868617562377241,-0.051585251700201,-0.273396039737237,0.196455464458334,0.378482387574253,0.496071008616563,-0.284635399923643,0.483258396475031,0.0180001759240462,0.0980153267152203,-0.508648665454501,0.135807117985265,0.0643596276361153,0.298641987538034,0.144658318041139,0.461157752680517,0.313070178126092,0.239399634662016,-0.0536069130511612,0.0908596541828504,0.143765702559609,-0.0222844990464467,-0.00212260206652781,-0.910487976596233,-0.172930235545121,0.401288231174945,1,-0.55283887704302,0.298880917909584,0.0984318946021041,0.0480332428719404,0.371674459372918,-0.039490075562929,0.090539207836073,-0.0130913638874846,-0.68438589775091,0.182830369954164,-0.70831318905616,-0.277913631109464,0.0771975386274941,-0.5083966719648,-0.620263650065257,-0.061586388948022,-0.434243148758923,-0.411799980283988,0.0270566632157616,0.457750093655686,-0.0358021040728425,0.236155058749038,0.418923891738595,0.180448331620451,0.461940202991167,0.460368219323986,0.566323115890063,0.439407504709194,0.439406737223186,0.132074147278338,0.46805970917174,0.311654989567115,-0.231583930024813,0.375066675952785,0.443113354713336,0.00100213342774885,-0.170659802097925,0.33274301931054,0.220451587305072,0.0975242060232235,0.468734368880262,0.0762274723913257,0.0508069083283675,0.0500641088681261
-0.105215237915053,0.186046263026205,-0.440192617783333,-0.695769048475356,0.0469057402023977,-0.583389799567825,0.460856598993458,0.052742862855446,-0.337080759761619,-0.286432623997053,-0.293387735000095,0.540113621221283,-0.732355254693391,-0.743775950304765,-1.3324185750073,0.600928072177825,1.2727871015978,0.903392069830956,0.855469098258889,0.803773049533995,1.2355833717471,0.970648640686944,0.890224715632007,0.24282340234787,-0.573407441917172,0.120491061523729,-0.187976566630949,-0.226263861122916,0.102098113192931,0.246428249261262,-0.89866686739387,-1.05238464600319,-0.301981633922272,0.081950979663749,-0.598552236860146,-0.371753291927698,-0.0734796144078154,-0.840068792809071,-0.591898049708124,0.306873336019232,-0.639833459915995,-0.471835879027817,-0.777763678792626,-0.875767930922036,-0.256638822898941,-0.667750196501998,-0.443250278841073,-0.488165245429871,-0.54393542465196,-0.712204098929471,-0.278839780133214,0.00329081609277382,0.440991565072172,0.0504721373667014,-0.368940249012125,-0.55283887704302,1,-0.318935183088564,-0.679507481217646,-0.529666893510702,-0.533441183630115,-0.632695883924785,-0.718658676121895,-0.413330455402025,0.84801950037557,-1.02678356036425,0.778942348480114,1.35991819153511,0.972287103318395,1.01117240200597,1.10187878482856,1.08524703876074,1.14775612160772,0.192396352478518,0.88480166575922,-0.00186248370041733,0.389227197026952,0.524957092993466,-0.806006041109176,-0.598186718332319,0.766267497582832,0.00731674747353922,0.105270351421203,0.245268674723624,1.04353308146055,0.574034961070588,-0.0874887996754765,0.164674247857517,0.619551132646457,-0.183525459703225,-0.399955287933082,-0.676378813209932,-0.126620467319642,-0.185035754568535,-0.496676120562349,-0.853726748693761,-0.55239818179767,0.347115386049187,-0.122810690818975,-0.271482556612976
0.112701347644124,-0.162508788256776,0.149927664356151,-0.74989664269687,0.00527556060508927,0.16380100225832,-0.222569857088261,-0.257742840425958,0.068557358274739,-0.0757160966453628,0.0485175141706507,0.447065976502607,-0.367292251383655,-0.22297611409022,-0.720733929285443,0.0886607807814676,0.570017344273371,0.415648162092324,0.321807612442775,0.383411557910384,0.558059753056788,0.368091831566186,0.690390949930681,-0.0730490255056135,-0.0467581676827561,0.347929000440316,0.353251937736953,0.355092371024549,0.598458889660345,0.239619363624693,-0.615256923815524,-0.677799865666366,-0.336442836309882,0.0960018671069261,-0.0707233065581876,-0.16164693816083,0.144549680803896,-0.613687481147285,-0.419418025730573,-0.43691746595194,-0.405669838237074,-0.461324464148296,-0.565553109710132,-0.33018604115527,0.041725300584608,-0.405953070056305,-0.285880862487726,-0.294304623536136,-0.134992323284565,-0.308591730045269,-0.195610253391184,-0.0700815807575107,-0.345793129171889,-0.0297410934788069,0.173134236159179,0.298880917909584,-0.318935183088564,1,-0.105742608087189,0.166744879493564,0.069466646632966,-0.0888455382561147,-0.120461590682534,0.173180692021436,0.254116417923626,-0.326125764150171,0.0147651518986163,0.731174825052065,0.460422364246547,0.31677040008893,0.555427717929084,0.361375603385611,0.790702161112446,-0.453155278046889,0.400836779947856,0.326360261203028,0.332588424806431,0.67643045591176,-0.534923284112819,-0.421425562781314,0.384094314880086,0.161517962306216,0.162284680662329,0.00279280401365048,0.918118509613015,0.161560341884523,0.315275478467243,0.237427428269671,0.211068003549027,-0.300419815072732,-0.234698382266225,-0.500554650586537,-0.437481978379527,-0.171924972058396,-0.599190780226975,-0.273595426338606,-0.318920981484018,0.469643063700852,-0.00647003139926844,-0.088350080346324
0.312760621794899,-0.363439236254826,0.366716357424202,-0.158123843358044,-0.440121848260402,0.317079791498173,-0.625380637772731,-0.506047855671668,0.0285802356457517,-0.144835981401109,0.0530749562964658,-0.350357192841734,0.2128880652255,0.137192013548595,0.124973330743819,-0.321414466219143,-0.270292775785021,-0.331117429692572,-0.362122652997493,0.161925222948146,-0.265752960560962,-0.205651671243359,-0.00979089243906506,0.33857710879217,0.110637507016315,0.0326954655638044,0.942266550212284,0.957062308360809,0.414756574126913,0.206400842788616,0.45279072492334,0.263877873133331,0.115949792560579,0.188725903763008,1.02892874803597,-0.0226332396819962,0.277534051396216,0.460493095115682,0.344918029370917,-0.48291102107819,0.481114491822993,0.650843797980468,0.689307023074128,0.5590260312299,0.45702112125193,0.713664892818661,0.513472500955291,0.485618431612764,0.388048726367064,0.332208385964544,-0.205911350455458,-0.268411689281302,-0.745721447791187,-0.634833929634767,-0.015892564857539,0.0984318946021041,-0.679507481217646,-0.105742608087189,1,-0.230226359361514,-0.0921998708564035,0.197818461361344,0.0273752026131692,-0.0116776214749823,-0.953401979716017,0.230967719207837,-0.486694706732003,-0.666359559215304,-0.729919410569305,-0.794895979412702,-0.600026765655844,-0.776284889761214,-0.507592389472267,-0.424195904540873,-0.601097479601381,0.117540053121596,-0.334717248531464,0.175884482661423,0.42406271471794,0.35247838511811,-0.174894862845121,0.00719304602753087,0.219735413736058,-0.13872393921812,0.21698885208513,-0.333824279505719,-0.0845107485211242,0.329778930875527,-0.672571831034727,0.329582520401249,0.189924604915191,0.215402723936256,-0.492063878646529,0.187676637805866,0.403690438986752,0.506914200893466,0.413819686170769,0.0806853001197709,-0.102655379110782,-0.208849835790335
-0.223071283416678,-0.482786266937341,0.326933840983495,0.122140191314758,-0.335890164912242,0.0176312545019554,-0.697810556693937,-0.425855516764488,-0.0783088655291431,-0.528206078586771,0.0358041869631492,-0.312321444682861,0.0122034036454436,0.131778525891325,0.162236617559367,-0.210422198168475,-0.283192450851175,-0.183311417582788,-0.402298992364913,-0.286825304111925,-0.447953946856389,-0.285862082797482,-0.236725665300101,-0.17160682634839,0.0509834708601139,-0.163447365279924,0.517031809395875,0.638030331844564,0.122439759480965,-0.248062185287678,0.559892985954373,0.142442077185233,0.29953184837419,0.646766665588821,0.98806229501132,-0.170139235626971,0.321166528847591,0.21740609803725,0.22005939401602,-0.579623127353386,0.559809623375068,0.447294211192762,0.682124319231751,0.287201969871084,0.52853202324649,0.628821250072791,0.783189843252247,0.358119377503115,0.164845114464079,0.290545214672244,-0.267889036464375,-0.310523234303909,-0.802769073761054,-0.375565155610669,0.0557793501811303,0.0480332428719404,-0.529666893510702,0.166744879493564,-0.230226359361514,1,0.0572307836044098,0.0571610899602071,0.175480070547884,0.0771056054464259,-0.844941933697846,0.0799222710805603,-0.477614030867059,-0.676717091486893,-0.336586175086503,-0.50922448658764,-0.693023386035349,-0.778656131640223,-0.681534745577206,-0.563010191564509,-0.58823434027752,-0.0846540419626925,-0.44658883476944,-0.182655617375153,0.494695265907297,0.212925589083879,-0.120879259824509,0.482261645246948,0.482873163722323,0.225559992672891,-0.0876597715630021,-0.0100894764539228,0.188833422963564,0.182534905186811,-0.481314147888658,-0.0507554130758519,0.255592723591888,-0.216707993365931,-0.697286790355457,0.161170295736753,0.104093404171641,0.411866194290692,0.523989074773841,0.132316133486068,-0.0218058861509608,-0.227387349674562
0.0893944431907943,-0.351544290901317,0.191662205539577,-0.0488565353561437,-0.562022697623895,0.138193605216774,-0.567310965163676,-0.42721599476815,-0.0329331434244138,-0.449182728014244,0.0852589871302893,-0.48505380065969,0.0598724799069423,0.0768289634199857,0.294136971866762,-0.025513635184334,-0.290534751309675,-0.0452326147782037,-0.366244407365165,0.244863881624268,-0.467433281999132,-0.325954951262944,-0.0479692389018914,0.0452864274151357,0.052727957730012,-0.240393262801752,0.746230970261407,0.384955489195927,0.33879806743464,-0.21490543672458,0.274264769625337,0.235002818168036,0.135976525756711,0.533672139970953,0.814316156383285,0.052543037468294,0.298555831336886,0.237925574501926,0.236601795660191,-0.614597477840991,0.567564771117826,0.197253650886693,0.41607103786127,0.343567718929078,0.511841042497257,0.454595474560412,0.609493322396527,0.457243462938643,0.352309235135766,0.506625081198995,0.0803701059597592,-0.308346440053689,-0.847923247188872,-0.520313422421181,-0.176255456428148,0.371674459372918,-0.533441183630115,0.069466646632966,-0.0921998708564035,0.0572307836044098,1,0.374159336916287,0.187794966307371,0.0819303657207093,-0.851535090509336,0.222501559145152,-0.421590584929915,-0.688662674596088,-0.423497661194714,-0.51698752363352,-0.575811363158618,-0.819487212163569,-0.5863472801218,-0.444990435495721,-0.557189355660502,-0.152090578951763,-0.232356839140944,-0.263145277135125,0.454872143631644,0.432810025634034,-0.134769196438943,0.348755615287058,0.513124563167872,0.12240106232433,-0.0599367162487341,-0.243244476672285,0.0491503845872862,-0.034854573585846,-0.27339755440908,0.255399856086136,0.488462740151765,0.105426477275611,-0.578866406810424,0.0650876878126224,0.104268789369836,0.516560841274383,0.413576288025525,0.326592730715614,0.279542715185785,0.0346066925424841
-0.246293536731259,-0.586871508839297,-0.312310917947463,-0.355759500041494,-0.647194288091306,-0.230973897594288,-0.293915637724017,-0.507000702539917,-0.122459539952778,-0.289015440931699,-0.113702287680702,-0.404287338632741,-0.405739222934943,-0.360445020873261,0.138037664970795,-0.302841864686361,-0.180784397641119,-0.13905065490472,-0.482816094548519,-0.105237416374193,-0.4896334754487,-0.234271679386828,-0.568856455950894,0.306919705994088,0.334669661214377,-0.0875545995558388,0.359403784818977,-0.037053087544368,0.12146328272328,-0.191391166320768,0.245038475008053,-0.134277471848566,0.390916698495059,0.471436820705973,0.429668021998683,0.0131315623602592,0.672128893110324,-0.0340211135509109,0.233901061626726,-0.415035263394868,0.377257347853579,0.134195236674216,0.389525554630745,0.0891330620904833,0.481940252409015,0.385859730014399,0.43412529026749,0.309761298819594,0.0601728615629878,0.170974813443026,0.0475838223173145,-0.363453632189099,-0.564023294974144,-0.709947563866006,-0.0189141759745094,-0.039490075562929,-0.632695883924785,-0.0888455382561147,0.197818461361344,0.0571610899602071,0.374159336916287,1,0.217118487319629,0.165950091594442,-0.22782108047512,0.175389913065467,-0.183761514901198,-0.453485711567944,0.0164694202601447,-0.0831083072477401,-0.447768632965067,-0.20237629931333,-0.517953783460344,-0.165430280502833,0.102012405451476,0.225178244937931,-0.0497503642576909,-0.29478130507476,0.373401756988445,0.581999884139181,0.321028409905749,0.494242291462773,0.688194905825202,0.542322174381502,-0.0428496380077471,-0.0374426502326827,0.503805462326051,0.100995265338246,0.101711606412986,0.414045585715861,0.748585480603608,0.0986543618311371,-0.0954049388267524,0.227547518153997,0.458406969661331,0.268110111397052,0.404014888936221,0.0500663949748122,0.0636658566560969,0.0492510218172809
-0.0837309375621915,-0.608994739584295,-0.123792569195529,-0.371824859564631,-0.816668944659165,-0.247828550797931,-0.572398008676709,-0.573212438751792,-0.216129896011634,-0.359616366699932,-0.0103138296494852,-0.295286267270502,-0.170341001993623,-0.10353711996132,0.0220025097860429,-0.248535170540402,-0.15199676379721,0.0624626625172975,-0.615035020417881,0.0913251153460203,-0.542636561428636,-0.232548390262052,-0.33428662532599,0.203049036214492,0.38245915096105,-0.0818579514963886,0.583378685600475,0.147930999266944,0.367107796310713,-0.397135787552939,0.516346990634466,0.0332573378673238,0.426475613534022,0.810991429835597,0.714333403960606,-0.137121402154135,0.603539229177675,0.0765949982629148,0.360195399026657,-0.507861963062756,0.458998208624249,0.304023947985771,0.419631475643087,-0.107224648034777,0.608088624651448,0.387711892394049,0.673334245042399,0.278222087431294,0.0228397800022473,0.191946353121286,-0.144331959058844,-0.455413761220896,-0.897434458847003,-0.628357500184652,-0.376653058858316,0.090539207836073,-0.718658676121895,-0.120461590682534,0.0273752026131692,0.175480070547884,0.187794966307371,0.217118487319629,1,-0.0301815225647341,-0.867583131531793,0.0639514150049083,-0.315047563639264,-0.614046752286257,0.00321676592476919,-0.331695548549737,-0.534849637416508,-0.456283217989221,-0.620156537254257,-0.110922421087907,-0.25608698442419,0.155021410618406,-0.0220140038328007,-0.153335212103209,0.273554012323513,0.406122848079862,0.261984627423964,0.746635816682331,0.878703938095788,0.529020434850124,0.17658106180865,0.143902608323312,0.534964633729156,0.246699659506015,0.0960381943134594,0.504203935183809,0.762959159835314,0.146451842440047,-0.327038008596384,0.216101332683989,0.245925099450039,0.20522614530628,0.541986176508979,0.317081856865882,-0.0111374522644273,0.135641340671224
-0.230673927400185,-0.678379666356113,-0.0663875991711716,-0.500093804779538,-0.72780526104226,-0.405093201668433,-0.364149366756986,-0.136564109923901,-0.0592733452473047,-0.407776355365145,-0.346983857617253,-0.538765029358599,-0.143939142396211,-0.268535596810749,0.152810971829216,-0.328789702833421,-0.504145694086352,-0.0597428096082004,-0.901045490111818,-0.231742281487569,-0.745760805370171,-0.338261914287636,-0.431547630633172,-0.00163359592407591,0.320850362916189,-0.437310652589878,0.290133052570852,0.0672632335600303,0.203888426169457,-0.182632689149445,0.813750339684982,0.186812238492216,0.824463477769637,0.757729297152808,0.644203143837234,-0.20090625533678,0.479043987004083,0.105513542206284,0.56653845514143,-0.279695370929304,0.536437117489422,0.404558947759072,0.636461377966078,-0.153197520454533,0.623743137752909,0.501274730013287,0.80678463376524,0.157330372561992,-0.255166589985412,-0.0382189569334068,-0.258788128280998,-0.246961082616359,-0.599748230902293,-0.558383394656195,-0.355471528024828,-0.0130913638874846,-0.413330455402025,0.173180692021436,-0.0116776214749823,0.0771056054464259,0.0819303657207093,0.165950091594442,-0.0301815225647341,1,-0.768800565876076,0.211416017546803,-0.46260600245484,-0.873854242792768,0.0159133083119474,-0.390950958340859,-0.62626035319555,-0.425766228548793,-0.83947728474549,0.0727233616721594,-0.481092681674847,-0.113379395625512,-0.166381021164166,-0.290402418110078,0.361147904183305,0.45922894231413,0.226748478774077,0.634934434504392,0.891640976918552,0.572888902983191,0.115402229828482,0.374474554356224,0.636062425828666,0.278347446126433,0.164505726062604,0.440138140658691,0.612369378384273,0.100501899207162,-0.183620648531239,0.439805175721328,0.474189505446496,0.0202085162664195,0.862327290076991,0.0835438197592029,-0.263658000782328,0.0748281729316597
0.168541755999966,0.532094516743805,0.0614925281019124,-0.107088105718727,0.0183274518320491,-0.727804849137226,0.830717462692139,1.00584698404577,0.0142541840238196,-0.605949088668137,-0.557594548368054,0.0257569112909197,-0.480721253515328,-0.727368887540172,-0.725921819994162,0.82838786358922,0.444015126525281,0.884742622050352,0.152176973716537,0.561620633159208,0.322780494214366,0.502866461224612,0.555793853988708,0.293068044110828,-0.785002450547959,-0.458764187451815,-0.417006305227656,-0.350143053496099,-0.145617459774816,-0.255927095897632,0.138745661093086,-0.493438455438186,0.101084434013676,-0.0141488306612599,-0.207319380929324,-0.525276856774502,-0.251057627837528,-0.307375752194998,-0.0736883794141459,0.792364734765293,-0.108043638750484,0.122169078929649,-0.0126621150484749,-0.568548410067766,-0.382537740557994,-0.0752668710233981,-0.00419607095349872,0.00843382992647534,-0.636471607378831,-0.404798852147933,-0.0651283025109613,0.346667520436416,0.680619819213888,0.322189708479418,-0.825173089398707,-0.68438589775091,0.84801950037557,0.254116417923626,-0.953401979716017,-0.844941933697846,-0.851535090509336,-0.22782108047512,-0.867583131531793,-0.768800565876076,1,-0.791361761343399,0.462630356021473,0.175600845070988,0.0889398333331483,0.236225257141588,0.278900832558005,0.237810281727272,0.169865318228007,0.680252539619353,0.0857437392573884,-0.642268482814722,0.310715690999803,-0.226706496123264,0.0212185291595977,-0.0665286258389788,0.060330472684922,-0.296604387100017,0.0947736866174285,-0.055821628486263,0.121339113610327,0.435613903648055,-0.534526234268272,-0.126722886831779,0.212329650583597,0.0458798593538741,-0.169496135763085,-0.40388743624781,-0.246373178948788,0.320149324904402,0.100084059608579,-0.486731074877952,0.0158139876933301,0.062262888032885,-0.289050056237719,-0.38001319108166
-0.158092374796439,-0.929353804249801,-0.390620037552794,-0.518386756828584,-0.92019457255742,-0.161399354378104,-0.856093263755965,-0.927433382995756,-0.293661626602865,-0.124486354848309,-0.0364370169989614,-0.483498238914195,0.0563765102186856,0.116691749541313,0.120975620726878,-0.527380111517473,-0.264664099131057,-0.103584950098233,-0.531786145162864,-0.0740256776318824,-0.626394469848307,-0.360523518269738,-0.476345909047573,-0.120855198375777,0.462590644646051,-0.324645339112229,0.425390221685739,-0.0389516652915637,0.248255122941915,-0.3258627649989,0.652155313978388,0.180626031078364,0.649952781398447,0.967801720328926,0.628143423335529,0.317987705775827,0.738590761413512,0.307891505812458,0.587252708422236,-0.562992050044256,0.645654153449962,0.36140230244208,0.521897041219954,0.22399741831208,0.717004615617483,0.447581317145295,0.72632323300731,0.311355790175738,0.292619517664581,0.603863518669559,-0.00819754454993511,-0.648128289229429,-1.0081464738909,-0.951436415321039,-0.18695823465957,0.182830369954164,-1.02678356036425,-0.326125764150171,0.230967719207837,0.0799222710805603,0.222501559145152,0.175389913065467,0.0639514150049083,0.211416017546803,-0.791361761343399,1,-0.263447154592719,-0.569825469395575,0.247012679355952,-0.120750518703734,-0.629736737917414,-0.521524634256807,-0.720563949576942,-0.130004856867055,-0.444213812182191,-0.117232078411656,-0.292573915362963,-0.442468505459679,0.595499229766152,0.515123116031616,0.200049738244955,1.10615284369909,1.02510487138448,0.745091840812502,-0.0565448289061821,0.27235756678583,0.815824296350506,0.305497620510027,0.365074059543729,0.68390177781453,0.964848601358953,0.472010032747049,-0.0119413502519229,0.21966701067047,0.148645511872524,0.439768372389938,0.623716989335518,0.387388676680987,0.495749356795808,0.68912623487105
-0.183004972116369,0.603082228108965,-0.193430882802028,0.304002223747662,0.298113703803116,-0.624507027833723,0.45955755441275,0.7078293105473,-0.00668437030914482,-0.0553523144617121,-0.0214765551255019,0.441022487311769,-0.212281462943254,-0.0330047442818484,-0.252738157286064,0.722408625603707,0.642008866402323,0.341191723384148,0.577788342973367,0.270296071344656,0.605833867864342,0.698604989909554,0.499863962685364,0.411957483680967,-0.515134713170452,0.0594239674917478,-0.440967779111728,-0.187635029061017,-0.354440345531541,0.220927030223712,-0.0793763548758791,-0.122969127331931,-0.154413996919486,-0.314404966874258,-0.428708407117419,-0.441883295892132,-0.528837394477467,-0.227835262423247,-0.288355919900523,0.66793369853515,-0.520652425437102,0.0654616543332603,-0.0332857798256751,-0.472804411477501,-0.430547743590258,-0.373309153368336,-0.390786224748182,-0.319703214499561,-0.566602271145643,-0.652821441057652,-0.152878850613211,0.459653269373325,1.17760303667162,0.466779909542487,-0.280922490444392,-0.70831318905616,0.778942348480114,0.0147651518986163,-0.486694706732003,-0.477614030867059,-0.421590584929915,-0.183761514901198,-0.315047563639264,-0.46260600245484,0.462630356021473,-0.263447154592719,1,0.603240968165984,0.256475506690668,0.392038876673277,0.525380889996472,0.622451869241985,0.52720883154334,0.48360851575328,0.431837155936605,-0.0367996525380651,0.2164831089984,0.265806859732478,-0.316448322764952,-0.158452995509522,0.262103978561702,-0.715765122742807,-0.448466393603915,-0.179706374545721,0.185302548621777,0.106308627956909,-0.6901378507045,-0.130992196489113,-0.170838421656021,-0.165720724391726,-0.628110553357057,-0.285675230873442,0.229414693758174,0.147450676492564,0.360941957516311,-0.672826344715223,-0.419553780022421,-0.408534371305774,-0.4587221667041,-0.628013210111485
0.0757370757006149,0.774963279255608,0.383413787606048,0.0518998222961571,0.245244585138979,-0.473306146289738,1.30368146483795,1.42944364679048,0.431975587292432,-0.375148069764558,-0.541742700668056,-0.0059466110697316,-0.488832597387235,-0.818153517882874,-0.633886584569737,1.0234426228397,0.20568436046102,0.689417096988273,-0.185926512890106,0.618166522248626,0.027269805888039,0.43321341033336,0.530836260701102,0.362917423549966,-0.644231281624248,-0.252246615049713,-0.711954531250371,-0.351107309360711,0.00179590668539674,0.0926081144212248,-0.213498446702051,-0.566581462620528,0.148671365949432,-0.264719185115805,-0.401846973660136,-0.552227626522335,-0.605119302521892,-0.418407428016669,-0.159874335746345,0.949490840302014,-0.318686121441579,-0.334090006625763,-0.244457482750941,-0.602323894913411,-0.75497856324964,-0.417255335179791,-0.245206558504628,-0.152163686789829,-0.877070219660836,-0.600208905028817,0.162535235575007,0.882640940092186,0.96272185605101,0.715202137619452,-0.412896269148339,-0.277913631109464,1.35991819153511,0.731174825052065,-0.666359559215304,-0.676717091486893,-0.688662674596088,-0.453485711567944,-0.614046752286257,-0.873854242792768,0.175600845070988,-0.569825469395575,0.603240968165984,1,0.0597676331044305,0.134954799458743,0.194352884085611,0.406223943929205,0.172782608126827,0.778149994295969,0.313020976113311,-0.358053626923015,0.634577344103834,-0.0222258368569785,-0.264575081794197,-0.339808714048783,0.107837788653545,-0.720908028897185,-0.428499737961387,-0.214814769103152,0.067020156149199,0.464874022662905,-0.664336399842666,-0.221194275368219,0.214763349385809,-0.126386408226805,-0.564338859699823,-0.496884279712922,0.123416377946488,0.0308862780221191,-0.138757761006131,-0.740992516590641,-0.316775549134988,0.092246355402737,-0.38355214427187,-0.41408348344418
-0.142000421658832,0.565571564071572,0.202340258016592,-0.0650345200267247,-0.149409547834787,-0.299672508441628,0.84723439238867,0.863859347577192,0.203130939546048,-0.751158684571851,-0.360914194377013,-0.508838559963355,-0.292742039622563,-0.356899995532973,0.123461312262076,0.671171556526718,-0.189680654117119,0.317158261189944,-0.191870561709761,0.400610517941583,-0.246564236510667,-0.00738479862554131,0.507521415924768,-0.249688344721514,-0.884649517612214,-0.407549280100298,-0.224298624157771,-0.321839565387836,-0.250504264931482,0.272387870380934,-0.513373486529675,-0.356855933423713,0.156192533517713,-0.0235631700605784,-0.306154847201311,-0.00726291841512811,-0.388652059001745,-0.16577430975021,-0.127709661884191,0.610190495201971,0.309280005476588,-0.57587260870652,-0.321857728990098,-0.251181768668337,-0.253917297342495,-0.169102069669297,0.19479160489984,0.199049318923175,-0.269530015841721,-0.225217551571742,0.398639066404025,0.817966008021442,0.67141625907221,0.223484537717538,-0.410858929237065,0.0771975386274941,0.972287103318395,0.460422364246547,-0.729919410569305,-0.336586175086503,-0.423497661194714,0.0164694202601447,0.00321676592476919,0.0159133083119474,0.0889398333331483,0.247012679355952,0.256475506690668,0.0597676331044305,1,0.0402980720824621,0.130909776989338,0.102936594957479,0.25037783632676,0.346061937924376,-0.200784801867023,-0.548152569183891,-0.0804554704841341,-0.126537964761591,-0.322769037887842,-0.336437417729295,-0.049334172394834,-0.336449639539799,-0.26954686224221,-0.155322722262233,-0.0595381107960745,0.317165586460543,-0.408196721275155,-0.394655726713501,0.133114439814612,0.0791528811278451,-0.359928081822297,-0.300107626937993,0.0326702029690986,-0.0978929994880282,-0.299483365125941,-0.225223101956896,-0.120388535434148,0.408181896170946,0.105662343377835,-0.0862987404434708
-0.123281112606115,0.568975627998496,-0.068682882172895,-0.168160284488664,-0.25918440124385,-0.817747379497318,1.05989056924098,0.98422622275287,-0.101701653340156,-0.63419221244703,-0.274733487492433,-0.272949647524347,-0.583851325357804,-0.751680422985264,-0.246052611311216,0.594291900730097,-0.0132268597533314,0.353152607647167,-0.152482389000054,0.313135950489615,0.0321345209448503,0.062625476720961,0.326725475603043,-0.0300249029463225,-0.933725401458763,-0.45146410487007,-0.366080788208608,-0.430434098913025,-0.331788548014545,0.138440209060527,-0.363894693455615,-0.530729889707636,0.150592511607245,-0.263392847639427,-0.428276427176399,-0.429719829211916,-0.267695087664529,-0.153980863505013,-0.0694171416859113,0.753109216834686,0.0642037335040752,-0.223961760259507,-0.155337285312867,-0.364015204527073,-0.314649144551602,0.00553876971604772,0.112870477695555,-0.204396203018469,-0.443838961058517,-0.467398320129169,0.175736790152642,0.639617478693482,0.749858929416483,0.275413630415724,-0.761584729393421,-0.5083966719648,1.01117240200597,0.31677040008893,-0.794895979412702,-0.50922448658764,-0.51698752363352,-0.0831083072477401,-0.331695548549737,-0.390950958340859,0.236225257141588,-0.120750518703734,0.392038876673277,0.134954799458743,0.0402980720824621,1,0.217646272718588,0.394259078464595,0.153439505327763,0.530110637309548,0.0478053913656394,-0.592383938666247,0.0215656129439666,-0.277649860981385,-0.0770959049897336,-0.2034053531378,-0.0569002266283647,-0.302208430511577,-0.0312679075178951,-0.00810132447804704,0.061286442645207,0.633157136210943,-0.372819553872482,-0.178119388504434,0.112208301861328,0.213906412770181,-0.172304352647874,-0.279158273951859,0.0581152213111032,0.207835482321828,-0.0771275376201832,-0.351048018457749,0.146296374987004,0.130820422673751,-0.0950109460887869,-0.260523822605216
0.108737335307524,0.551313227365191,0.200585683693203,0.0941651724205551,0.276908305100204,-0.677952311976158,1.03551881829274,1.14368662809153,0.193222345483955,-0.301400227747607,-0.506223383356284,0.192882524712212,-0.466510411313833,-0.865194132489518,-0.580058469862409,0.701002196497372,0.214048103113631,0.549419805675008,-0.0998371454431406,0.195952461203718,0.0869760943944324,0.351269020845606,0.307211101063691,0.196555820283806,-0.629640644003201,-0.316229512308815,-0.716101189559558,-0.417302586073036,-0.271814400650801,-0.122405778017733,-0.000765034278497556,-0.556134538378157,0.228952044310479,-0.31563612222416,-0.335840814442864,-0.769136863239168,-0.371926163779439,-0.32784294791022,-0.0958915021762035,0.804258754473405,-0.324486989996722,-0.0739511255816623,-0.0684942898746119,-0.429222150968249,-0.662184128014185,-0.129117078236792,-0.14718063485641,-0.356948045364798,-0.775075802392586,-0.561591249386006,0.0571337069542109,0.452552199623241,0.838987154054251,0.520268926631666,-0.443712944595606,-0.620263650065257,1.10187878482856,0.555427717929084,-0.600026765655844,-0.693023386035349,-0.575811363158618,-0.447768632965067,-0.534849637416508,-0.62626035319555,0.278900832558005,-0.629736737917414,0.525380889996472,0.194352884085611,0.130909776989338,0.217646272718588,1,0.470789122595801,0.129749840609424,0.686177684557397,0.301789274839229,-0.423307666412895,0.251687317147191,-0.208422227323824,0.0659613440620631,-0.214489167205231,0.00440618799988406,-0.380815027103959,-0.181890582776326,-0.0983758915323172,-0.112123170624608,0.537589528772609,-0.578893678276186,-0.160687562070442,0.142774850898797,-0.159075331216483,-0.315188769662971,-0.42641030475695,-0.00154393472764602,0.154178507806338,-0.105912896670661,-0.483817831086967,-0.104166245624617,-0.120745852215071,-0.369555612760466,-0.436512558165451
0.500471708534645,0.713737472517466,0.112332207182655,-0.0504760755804811,0.24035545178543,-0.215757042485508,0.944302704502476,0.991082124480593,0.20546963566107,-0.455351179762653,-0.503985215035625,-0.158755498459419,-0.218352589568043,-0.575822770818515,-0.688428880623572,0.985212875878977,0.278409488555367,0.612872700010647,0.0833508266722369,0.734262247861786,0.247309617939011,0.371815323872553,0.808141048864956,-0.097996681351116,-1.07714006703121,-0.440062876392919,-0.430992085763424,-0.369369960775492,-0.0636313889168436,-0.000524580857277124,-0.343150176893438,-0.390083686770387,-0.177318784038762,-0.402330771934885,-0.65159655983359,-0.197461817972352,-0.566683070942563,-0.149915099128677,-0.339913271532654,0.691201071151381,-0.0279468468239858,-0.275142672118387,-0.497207563332554,-0.13763057919684,-0.592916435976766,-0.350215069404925,-0.220137543906472,0.245741199869982,-0.219221602190308,-0.140289194411817,0.373978171443277,0.769350090709947,0.993209460842692,0.515511214652462,-0.368561021040909,-0.061586388948022,1.08524703876074,0.361375603385611,-0.776284889761214,-0.778656131640223,-0.819487212163569,-0.20237629931333,-0.456283217989221,-0.425766228548793,0.237810281727272,-0.521524634256807,0.622451869241985,0.406223943929205,0.102936594957479,0.394259078464595,0.470789122595801,1,0.539998943023597,0.447593411368562,-0.0113716559206667,-0.656336126490902,0.309955402042377,-0.109191141653923,-0.285069601915344,-0.409465738443978,-0.147691929420688,-0.462296709590622,-0.508284633481204,-0.474676052293532,-0.0404004856600293,0.266457747452206,-0.769911792073354,-0.177218619070693,0.15670279934909,-0.0583454689368951,-0.620638250771971,-0.21479815017275,-0.114906073635116,-0.0217348820017812,-0.53639950637968,-0.191997578772771,-0.612716078104998,0.521146944206863,0.187116987450276,-0.0156626587252656
0.141279371287551,0.713000377034769,0.264938183094006,-0.215592523082384,0.230237433615201,-0.631085228577321,1.08164445243622,1.27186209121481,0.385180087702448,-0.207100539536916,-0.365341433546794,0.105753254535838,-0.587688331016322,-1.01297217345213,-0.880428639667826,0.762096156176936,0.26577018593399,0.532736817273939,-0.271566791587725,0.404236289384415,0.0981895594237091,0.377125467927487,0.318193895493983,0.282987777739941,-0.604140963152604,-0.286875429346839,-0.769134311858277,-0.543615721438579,-0.124638169989122,-0.0166597946236974,-0.239816788177053,-0.6181836627498,0.19694851452234,-0.342508473488955,-0.53549864963427,-0.840520634835737,-0.449581794826381,-0.322626722692116,-0.0615661533301184,0.794481165771207,-0.402418464385785,-0.205972680822911,-0.22878405449599,-0.573881805147452,-0.742794448585827,-0.303527736338999,-0.252834618381514,-0.444162663907178,-0.830628358848307,-0.632092121413064,0.125867784295632,0.840747867107412,0.864342354770247,0.60709121213156,-0.317317592267776,-0.434243148758923,1.14775612160772,0.790702161112446,-0.507592389472267,-0.681534745577206,-0.5863472801218,-0.517953783460344,-0.620156537254257,-0.83947728474549,0.169865318228007,-0.720563949576942,0.52720883154334,0.172782608126827,0.25037783632676,0.153439505327763,0.129749840609424,0.539998943023597,1,0.803082823283307,0.425995082645356,-0.265957324450917,0.460184413476001,-0.0749649508393863,-0.0351828747953543,-0.160873197601625,0.280120263947548,-0.474630903527916,-0.127916365211817,-0.00928033995150454,0.173925101382925,0.683968551347505,-0.556698004267648,0.00703159046324549,0.139115256157991,0.11489599495955,-0.227216064556784,-0.273375619353355,0.16614921535486,0.265093277122454,-0.0604607082771041,-0.625743899840087,-0.105469193942395,0.0174451954958176,-0.356014370018851,-0.314851833749958
0.107673631535858,0.121211779498308,-0.544735449711266,0.0907576121109308,0.267882708649957,-0.349927905587098,0.427437109277636,0.0216263354791861,-0.462370237645655,-0.15451417183284,-0.305261351271777,0.00242865562124528,-0.22003526819805,-0.256959159112193,-0.345822777747119,0.764788017404276,0.710511718702937,0.257068890971099,0.548156224043401,0.497655225540469,0.533635944342243,0.781805724723278,0.64634853531706,0.228921877823703,-0.534711070475847,-0.122155062096619,0.0336893527297485,0.160370577369971,-0.207783347750144,0.139916962201558,-0.411329879719736,-0.0277757055247055,-0.109326454052434,-0.204315881989601,-0.488656826236202,-0.175343929579422,-0.451370509865458,-0.206971943729679,-0.382519242633585,0.183721376107796,-0.194800738443099,-0.134482035891859,-0.29278741637495,-0.00208448599230188,-0.285654319507227,-0.274658768620628,-0.231654023044054,0.300563769618623,-0.209239341399551,-0.304380731041877,-0.322592076783218,-0.0877266290350098,0.908221261428956,0.217966732875443,-0.182559891733938,-0.411799980283988,0.192396352478518,-0.453155278046889,-0.424195904540873,-0.563010191564509,-0.444990435495721,-0.165430280502833,-0.110922421087907,0.0727233616721594,0.680252539619353,-0.130004856867055,0.48360851575328,0.778149994295969,0.346061937924376,0.530110637309548,0.686177684557397,0.447593411368562,0.803082823283307,1,0.362443692278209,-0.149339768983233,-0.173459637917058,0.160630688557515,-0.604878612642339,-0.291397696664626,0.361497733133296,-0.434797760758925,-0.690556441931277,-0.317503802023992,0.300548350290782,-0.0696522840996068,-0.678730005278466,-0.265795450572623,-0.0478426569330276,-0.182519199914183,-0.613155813967097,-0.225508594307412,0.162036131809697,-0.257284052047452,-0.13771787315591,-0.229220369582084,-0.662093307318056,0.166986912793912,-0.280672472166388,-0.383147738656013
0.550310313148106,0.735231981160181,0.344469331503304,0.225461169114361,0.324058570659077,-0.0336099239771007,0.752813855798783,0.884295194689889,0.365767260712171,-0.249523833207646,-0.143094253000234,0.139128772937764,-0.0499605073216848,-0.342158540364008,-0.436489886269432,0.861164739237,0.294615154130414,0.503071327387559,0.117745930085333,0.651122424547269,0.250919278373158,0.316949021873492,0.720319315672856,0.0652696514936454,-0.791211730838248,-0.124831448544059,-0.315217678701439,-0.134359460458664,-0.00714988386191593,-0.169683387976542,-0.319960129315634,-0.247175196922795,-0.451538455305766,-0.406309732779697,-0.367343286347115,-0.195201327074823,-0.436550456429476,-0.119824754315971,-0.332003347746848,0.599662585079435,-0.140845160247415,-0.226417131776132,-0.401011666487435,-0.0481998443359982,-0.711850479657237,-0.317694412217282,-0.254599835831765,0.248635313711658,-0.0266635146576938,0.0376434614430727,0.357443459068261,0.628438912857268,0.71699211714107,0.616381533322396,-0.332520696571649,0.0270566632157616,0.88480166575922,0.400836779947856,-0.601097479601381,-0.58823434027752,-0.557189355660502,0.102012405451476,-0.25608698442419,-0.481092681674847,0.0857437392573884,-0.444213812182191,0.431837155936605,0.313020976113311,-0.200784801867023,0.0478053913656394,0.301789274839229,-0.0113716559206667,0.425995082645356,0.362443692278209,1,-0.424607620312392,0.383217767491415,0.0240772582784725,-0.111800368771053,-0.171975129764246,-0.227252641557563,-0.582533046917622,-0.597088448342635,-0.524732302810488,-0.202946288989188,-0.0335339841115616,-0.734225306806842,-0.246176256062303,-0.151025147389226,-0.188358220381576,-0.543473265394953,-0.175951726708762,-0.255345050761138,-0.0726982405967702,-0.393523491305901,-0.035123633227745,-0.631943691526481,0.339123574734438,0.241956863574112,-0.104580124475514
0.641507914844016,0.0837998866571496,0.469028797308643,0.042153952850904,0.028689127767521,0.438784174141848,-0.153667194240581,0.00430721538795023,0.344750759698857,0.0237888301855922,0.102376768049231,-0.18851985247959,0.155708671416305,0.0297223884341241,-0.115941717419212,0.169918003716552,-0.221635269973541,-0.103390574867811,-0.379218365934563,0.209162705651647,-0.308011998137864,-0.312923342345715,0.140736728768152,-0.0859883295837754,-0.148113220078709,-0.0538530307188815,0.23032618701553,0.346740192587222,0.321252128950615,-0.273319152348361,0.0794401652000636,0.164060260882183,-0.191101678209076,-0.128973125381704,0.258335551346171,-0.113699592162578,-0.168805372408305,0.329718094937344,0.151578604297944,-0.244217722322786,0.306110352717145,0.175711718541039,-0.00365768098122501,0.504404560891672,-0.225756951562946,0.227116336341667,0.200970153188817,0.437170194374093,0.451845862250451,0.494795758209987,0.338694735108588,0.219909778792151,-0.406363492272279,0.114875228243834,0.0945627491530625,0.457750093655686,-0.00186248370041733,0.326360261203028,0.117540053121596,-0.0846540419626925,-0.152090578951763,0.225178244937931,0.155021410618406,-0.113379395625512,-0.642268482814722,-0.117232078411656,-0.0367996525380651,-0.358053626923015,-0.548152569183891,-0.592383938666247,-0.423307666412895,-0.656336126490902,-0.265957324450917,-0.149339768983233,-0.424607620312392,1,0.0795354074551793,-0.0117470295058271,0.33653863821745,0.179308907776469,-0.354203148696874,-0.0951589039058089,-0.195660582168479,-0.427252525805118,-0.286882905108854,-0.120782687400095,-0.381610747616522,0.174012473899833,-0.563870105375324,0.210340338977184,0.00189497450626691,0.326233960737665,-0.300057397390644,0.08448444802263,-0.184827701344397,0.5829177091431,-0.0906613432649462,0.440529360097213,0.348059954922201,0.197308667444687
0.481004054580039,0.454845107152998,0.339578897294534,0.192835125173286,0.576474806060524,0.109085817445545,0.219129498624542,0.367994939526845,0.270363099383155,-0.177132326210861,0.117350384472031,0.395352178149853,-0.324329497213846,-0.167395298992987,-0.228815354068853,0.408018913751059,0.415870532113607,0.23468195224053,0.375638673879499,0.105410939475989,0.383422060540783,0.315113064365607,0.363562852411169,0.00286437814304802,-0.419316352599246,0.24934050809799,0.0521584739014056,0.120819116636342,-0.207004547472135,0.0271492289399469,-0.365599728246006,-0.158529202430401,-0.415640096190577,-0.4256947380931,-0.250914186700175,-0.531712263534535,-0.307157141241187,-0.18595688901927,-0.586334915140923,-0.12730962048733,-0.437491433069049,-0.222924887734514,-0.402286934714336,0.175752934375093,-0.371949185528127,-0.127032075029009,-0.42464773785933,-0.0913090064720299,0.0717957356246239,-0.0590916243363598,0.0231851026457625,0.285596087140354,0.310946360063112,0.749464077453769,0.193038007984227,-0.0358021040728425,0.389227197026952,0.332588424806431,-0.334717248531464,-0.44658883476944,-0.232356839140944,-0.0497503642576909,-0.0220140038328007,-0.166381021164166,0.310715690999803,-0.292573915362963,0.2164831089984,0.634577344103834,-0.0804554704841341,0.0215656129439666,0.251687317147191,0.309955402042377,0.460184413476001,-0.173459637917058,0.383217767491415,0.0795354074551793,1,0.167238907275825,0.0415906292095482,-0.273018343798538,-0.19220791501423,-0.360273210175722,-0.498110024554784,-0.449786347828707,-0.053293979404831,-0.151537176822081,-0.543218996495506,-0.260618961592268,-0.273186550980515,-0.433361762485319,-0.382322414338769,-0.402692684114443,-0.459135175384249,-0.107225109439601,-0.477414409657063,0.112261748494845,-0.520698951371059,0.2309705694464,0.123609736027578,-0.187779790724106
0.379367797547289,0.353578607130977,0.491310371746238,-0.0823809435285892,0.329412734299664,0.117701645812307,0.315960269576827,0.457179266613298,0.392902477051545,0.233742158281036,0.00564286489456312,-0.00228078809556276,-0.087298260279658,-0.411839882037737,-0.516826170676825,0.423693589929403,-0.0525848956231395,0.0681647018410527,-0.401167715593273,0.176648354467781,-0.265195442272937,-0.0423670654520862,0.228031911469409,0.0313906245627446,-0.214747651595786,-0.0915677027992527,-0.230662084649767,0.0256965832511192,0.1949108239141,-0.114400976651933,-0.0986751311134658,-0.0868452451932769,0.0964043701441575,-0.295077253228592,-0.1423234273462,-0.516635937819874,-0.553002159051563,0.112553064371524,0.119737964208827,-0.00473897539170515,-0.0688234750694784,-0.0734436869478899,-0.100392275351978,0.0726899509782928,-0.535732006948529,-0.0179924659684505,-0.00891073991283214,-0.105078963190519,-0.221366078691605,-0.00994423890436352,0.228369400473211,0.480734098959039,-0.0264638638775234,0.411813190628298,0.253656623090253,0.236155058749038,0.524957092993466,0.67643045591176,0.175884482661423,-0.182655617375153,-0.263145277135125,-0.29478130507476,-0.153335212103209,-0.290402418110078,-0.226706496123264,-0.442468505459679,0.265806859732478,-0.0222258368569785,-0.126537964761591,-0.277649860981385,-0.208422227323824,-0.109191141653923,-0.0749649508393863,0.160630688557515,0.0240772582784725,-0.0117470295058271,0.167238907275825,1,0.0973789589498201,-0.128851356893592,-0.191686210340354,-0.277088715037803,-0.302461544622219,-0.354206697994885,-0.172190832714527,0.296572576685992,-0.60783848189095,0.0813159802473095,-0.361662313146545,0.110561474706395,-0.196329226112637,0.125058885285531,0.0685094430025815,0.0016049100140631,-0.431933850552373,0.0843362940385669,-0.149732031275022,0.233430992847033,-0.0829707026832134,-0.125327321412587
0.19410609624881,-0.499506363316321,-0.406139201238957,0.100906279713829,-0.120979494024751,0.699451658495654,-0.503264269457618,-0.657918528242582,-0.0558932040211648,0.374260214597796,0.214316435919817,0.0717948745657052,0.427992346389692,0.61325288340431,0.538955324260039,-0.506815784536237,-0.141951600114858,-0.411959567379962,0.150109255183014,-0.18844571178472,0.195659952192017,-0.184406999837304,-0.209671212001228,-0.139051766505931,0.607075290330957,0.287326308094302,0.446177158348182,0.228794554601863,0.44809496887951,-0.0392222597865429,0.0644909153738408,0.478488845248338,-0.360693094937403,-0.31517425697251,-0.0298833672728553,0.703226368111538,0.320250098142091,0.142774590660152,-0.346250890757737,-0.513635502759372,-0.0090179033371956,0.0527638465175005,-0.0216444163310288,0.466422154801575,0.484782910250719,0.105894745009804,-0.305007193416873,0.402128078019907,0.611753937816325,0.471831694441716,-0.040098058643519,-0.607068054831922,-0.32813458312301,-0.243102922017824,0.260289573322864,0.418923891738595,-0.806006041109176,-0.534923284112819,0.42406271471794,0.494695265907297,0.454872143631644,0.373401756988445,0.273554012323513,0.361147904183305,0.0212185291595977,0.595499229766152,-0.316448322764952,-0.264575081794197,-0.322769037887842,-0.0770959049897336,0.0659613440620631,-0.285069601915344,-0.0351828747953543,-0.604878612642339,-0.111800368771053,0.33653863821745,0.0415906292095482,0.0973789589498201,1,0.139214427435133,-0.140493000151055,0.0786450980418935,-0.0865070479249158,-0.232186395485576,0.114690359996212,-0.805407738419347,0.463682161335472,0.190685707995954,0.0853630223237614,-0.185397493458233,0.13498399960422,0.0965220255722919,-0.387547631732065,-0.178383466004132,0.146781939627894,0.450975290024999,-0.0562338266066753,0.15518911884881,0.362406286976993,0.393409631535221
0.00232703308355128,-0.33430041380479,-0.364004119967251,0.189123557059387,-0.0429571924394325,0.467823734901771,-0.218660133975205,-0.54921677704979,-0.0652782366589185,0.231527827016836,0.160247016106654,-0.204108752540121,0.382363568580035,0.44341781511054,0.538986110601175,-0.504924719685217,-0.345441745703743,-0.541789723947927,0.000880079026142566,-0.240544398938617,-0.185450398203674,-0.29779292471287,-0.357066654241394,-0.0786556041102872,0.368883786660417,0.0932091977022368,0.498266622745328,0.230246025910016,0.173811449314282,-0.0769677545451055,0.192628247967891,0.277087497484117,-0.369327516164899,-0.30386409504049,0.00299778208223639,0.596378279141855,0.385194987363288,0.222005344723215,-0.124461663640292,-0.21154079384139,0.161009083199579,0.199371162879719,0.108751804676885,0.725635359414595,0.475942980381146,0.311342523049498,-0.091373192594187,0.678820548926361,0.61637902872071,0.650672942907148,-0.0145368211581694,-0.384143383953158,-0.100878047985959,-0.130141172316246,0.253921802284299,0.180448331620451,-0.598186718332319,-0.421425562781314,0.35247838511811,0.212925589083879,0.432810025634034,0.581999884139181,0.406122848079862,0.45922894231413,-0.0665286258389788,0.515123116031616,-0.158452995509522,-0.339808714048783,-0.336437417729295,-0.2034053531378,-0.214489167205231,-0.409465738443978,-0.160873197601625,-0.291397696664626,-0.171975129764246,0.179308907776469,-0.273018343798538,-0.128851356893592,0.139214427435133,1,-0.149447066570192,0.120985671342817,-0.039144953839527,-0.0858318734642181,-0.161642532834509,-0.549175062460574,0.184598109554368,0.241870295628645,0.00469304171059637,-0.012785066090475,0.0514080704955995,0.157283115192226,-0.112040887862225,-0.0592481437909842,0.234286775662645,0.579679809681459,-0.142449877625723,0.112460813020922,0.295485566448783,0.402377253803518
0.306781723061088,0.452356926216255,0.248981699005175,0.0457515085298741,0.126632520156172,0.117624313392919,0.573026153558351,0.584672901691248,0.301102362826992,-0.315982340704861,-0.140804203251342,-0.517347915666826,0.103150654048311,-0.130951771021822,0.135773644855004,0.494113826582403,-0.246823900365839,0.116969891005964,-0.140351146691905,0.38547388016606,-0.403797108028068,-0.241421055792217,0.378097408028893,-0.398000219379355,-0.536474393372512,-0.457628496528855,-0.25740299820343,-0.436744885009597,-0.203535372502917,-0.127785152884223,-0.542000179052981,-0.0115329089203326,-0.26391050780407,-0.316636703899998,-0.558152688275969,0.116105192098671,-0.367269177119651,0.0383107093316313,-0.0703190183228962,0.32426508585203,0.16541687112235,-0.480727625431557,-0.545013787787761,0.141795782093073,-0.49402467477904,-0.272271701568161,-0.0896687514803815,0.382076944440823,0.0868224028829897,0.109149838244562,0.53071887626945,0.650210380605515,0.441020280871497,0.358411860773276,-0.0669758592941294,0.461940202991167,0.766267497582832,0.384094314880086,-0.174894862845121,-0.120879259824509,-0.134769196438943,0.321028409905749,0.261984627423964,0.226748478774077,0.060330472684922,0.200049738244955,0.262103978561702,0.107837788653545,-0.049334172394834,-0.0569002266283647,0.00440618799988406,-0.147691929420688,0.280120263947548,0.361497733133296,-0.227252641557563,-0.354203148696874,-0.19220791501423,-0.191686210340354,-0.140493000151055,-0.149447066570192,1,-0.334073527957004,-0.316322794883813,-0.285395173373508,-0.132413036423019,0.161970875649402,-0.687383399142837,-0.266473997401615,0.00747690936054834,0.309709346418013,-0.218349972544623,0.200374291296169,0.220751437985899,-0.0211513560226198,-0.263366065425262,0.243800330494884,-0.377955948687255,0.570513141709161,0.359403547913954,0.25035548379892
-0.462683344157348,-0.154960803904708,-0.126279351132386,0.128663568082074,-0.50025086932213,0.0402890950909544,-0.188047753367438,-0.0115066102603886,0.0960670519918211,-0.422220677355346,0.169359566766017,-0.576529002011726,0.143565498128609,0.367223509432018,1.1194613123222,-0.176531044425431,-0.776896314788506,-0.28127532008383,-0.417725764297956,-0.278395356446319,-0.572990503568138,-0.538851263933567,-0.212761468359342,-0.337205987349512,0.0398456935919948,-0.130270004513457,0.478828763070157,0.0661315033728311,0.0615894549095519,0.42038267180015,0.0177542331516516,0.31685371431748,0.269434232461661,0.320334574286002,0.364650660948614,0.395530529915289,0.218399010138066,0.142772293053909,0.0959955261459823,-0.36891370568518,0.521190896858798,-0.10719570964029,0.271650039383206,0.186451940195058,0.539420833440728,0.307958554451282,0.455015878006686,0.106461759855968,0.223458785733235,0.0652533712851576,0.247619047605629,0.100795947519585,-0.168789320552749,-0.392102226290489,-0.141610668131855,0.460368219323986,0.00731674747353922,0.161517962306216,0.00719304602753087,0.482261645246948,0.348755615287058,0.494242291462773,0.746635816682331,0.634934434504392,-0.296604387100017,1.10615284369909,-0.715765122742807,-0.720908028897185,-0.336449639539799,-0.302208430511577,-0.380815027103959,-0.462296709590622,-0.474630903527916,-0.434797760758925,-0.582533046917622,-0.0951589039058089,-0.360273210175722,-0.277088715037803,0.0786450980418935,0.120985671342817,-0.334073527957004,1,0.259200360206246,0.0761240371037681,-0.308276091700516,-0.277437780005249,0.284454860577126,-0.308428263993675,-0.0777319446339741,-0.093522603009386,0.183588042811482,-0.106736806203267,-0.257999059529713,0.0938770290242964,0.198823140114946,0.202766776840992,0.440101576442807,-0.15341517040642,0.0722769110904997,0.0513302017893411
-0.0463328757102296,-0.183313357102951,-0.0507157612860863,0.109234982024135,-0.0986175227471412,0.35130430468799,-0.168861109847841,-0.0583658757525958,0.00233877599285687,-0.185310849454957,0.0650619180961945,-0.518967504501918,0.323316825615861,0.32219916017426,1.09477271775466,-0.402217580302159,-0.849045183236949,-0.367435400286317,-0.210724667271486,-0.412218859981076,-0.466101885872923,-0.711946983528772,-0.226858739799698,-0.765146936533218,-0.0810199985258743,-0.182799332590293,0.20600353228626,-0.0206706594992029,0.0764251943292093,0.166929776412032,-0.30193859602734,0.192892153082587,-0.151357737810698,-0.0397002408106549,-0.0314364617895312,0.334540816445857,0.437439439842523,0.0924910728464372,-0.235365916837365,-0.487782016485212,0.458394160135266,-0.408304110340564,-0.144597247038317,0.51599321914836,0.3231280294377,0.199072366517678,0.201418354533588,0.374270761361224,0.652425010371998,0.337814430825233,0.505636669153218,0.111055828701698,-0.0242223250590035,-0.212017213450162,0.176216171160279,0.566323115890063,0.105270351421203,0.162284680662329,0.219735413736058,0.482873163722323,0.513124563167872,0.688194905825202,0.878703938095788,0.891640976918552,0.0947736866174285,1.02510487138448,-0.448466393603915,-0.428499737961387,-0.26954686224221,-0.0312679075178951,-0.181890582776326,-0.508284633481204,-0.127916365211817,-0.690556441931277,-0.597088448342635,-0.195660582168479,-0.498110024554784,-0.302461544622219,-0.0865070479249158,-0.039144953839527,-0.316322794883813,0.259200360206246,1,0.0186807572359271,-0.366730180307566,-0.345975944014441,0.35770961372688,-0.144570563368387,0.0973791546175468,-0.165363045480377,0.135063780016309,-0.10650299479233,-0.421026005141211,-0.237348330690167,-0.223767937646214,0.55376557683834,0.224467853739681,0.215269875408346,0.477507164584526,0.420602938701391
-0.137670272970789,0.0580256019252561,-0.103603518227635,0.135999555896688,-0.293147287376407,0.136676697602022,0.0743969206225829,0.0543864200429783,-0.0570228047387729,-0.39281054209034,0.0358052894027362,-0.610024055413714,0.183410588085929,0.432691432362091,0.799451027183397,0.180453721763768,-0.523411289528318,-0.175074694692925,-0.0445974517338371,-0.0559950928315334,-0.34754855410524,-0.450836311429203,0.125244646520172,-0.735456392130564,-0.535829508957577,-0.367128627514971,0.0141417836703443,-0.262525320525314,-0.167601202467359,0.0844679356611662,-0.371770378628034,0.273896315566879,0.00282309988455176,0.0349744723029471,-0.0928190104618949,0.603370067157004,-0.126676229062683,0.128533691236589,-0.18633758159313,-0.0726000557530738,0.615571923107554,-0.524375686709828,-0.229204739768959,0.28190812338764,0.229246065260632,0.0538188831998896,0.334024528488882,0.672454636208156,0.415855960312722,0.234573337850857,0.630151693032534,0.247036337122111,0.297891969355982,-0.214405709951287,-0.153515173066975,0.439407504709194,0.245268674723624,0.00279280401365048,-0.13872393921812,0.225559992672891,0.12240106232433,0.542322174381502,0.529020434850124,0.572888902983191,-0.055821628486263,0.745091840812502,-0.179706374545721,-0.214814769103152,-0.155322722262233,-0.00810132447804704,-0.0983758915323172,-0.474676052293532,-0.00928033995150454,-0.317503802023992,-0.524732302810488,-0.427252525805118,-0.449786347828707,-0.354206697994885,-0.232186395485576,-0.0858318734642181,-0.285395173373508,0.0761240371037681,0.0186807572359271,1,-0.508228289578625,-0.143189497859655,-0.154225119849027,-0.0881769851608739,-0.0411399485818938,0.0317508674442605,0.00786998116619503,-0.0333338731408067,-0.363182313565147,-0.093402443360529,-0.166364453572016,0.437756409950413,0.0454491524590883,0.486986116816189,0.516968406448115,0.305993729710222
0.660589697652909,0.620178530667219,0.428176049294762,-0.0982095049975486,0.534982440349897,0.157592510686068,0.618173735145186,0.943404484198557,0.589236717666106,0.182393019501902,-0.23925632632132,-0.187017321387321,0.121038995580613,-0.44830888433111,-0.195083884083586,0.355568367863757,-0.401017391849462,0.112431755559486,-0.293103688546975,0.200954908450631,-0.363260181665082,-0.370952335070872,0.354808464681101,-0.485438315519075,-0.305154932128717,-0.344354956972232,-0.381988704488787,-0.478035270038669,0.0144204899166201,-0.0750911541805482,-0.417965486812065,-0.122892032168752,-0.198187370898407,-0.613928063803851,-0.769138236751909,-0.498154206399193,-0.262000398968522,0.0628783611092081,-0.0370110657426244,0.218145414269099,-0.138836718318605,-0.381995723386052,-0.512265158415594,0.173654480763022,-0.724359137646247,-0.26006844959805,-0.332276508067438,-0.297843458077073,-0.0372972848928884,0.0506377945573581,0.62866354261802,0.806872919508325,0.48226691685775,0.456040135166253,0.269893565193624,0.439406737223186,1.04353308146055,0.918118509613015,0.21698885208513,-0.0876597715630021,-0.0599367162487341,-0.0428496380077471,0.17658106180865,0.115402229828482,0.121339113610327,-0.0565448289061821,0.185302548621777,0.067020156149199,-0.0595381107960745,0.061286442645207,-0.112123170624608,-0.0404004856600293,0.173925101382925,0.300548350290782,-0.202946288989188,-0.286882905108854,-0.053293979404831,-0.172190832714527,0.114690359996212,-0.161642532834509,-0.132413036423019,-0.308276091700516,-0.366730180307566,-0.508228289578625,1,0.30905164768658,-0.518996380160079,-0.24451922794977,0.102051905115036,0.170015544384856,-0.212355125462878,0.2475224588298,0.238789908765461,-0.124416388602242,-0.454318136065859,0.229364349697239,-0.275999758033614,0.30565367722198,0.217005090611823,0.205854726703675
-0.123415674938977,0.360883508479626,-0.0190289777023885,-0.0942678702628673,0.190818273526763,-0.0322755837730421,0.291435306107913,0.369854883033701,0.0635385390099914,-0.25643469316992,-0.0712865204871357,-0.0893541926092055,-0.0150150056106468,0.129034839209863,0.119879189088854,0.585892730519615,0.15401500127339,0.379458567878493,0.410132898686347,0.254387735483469,0.395534238946868,0.368232881525615,0.770761780666708,-0.347245973242568,-0.570926456198798,-0.0572176137018939,-0.0607562647043719,-0.0425483421948239,0.0488255155279017,0.524709769277059,-0.665348939255556,-0.253905812762502,-0.157341496099958,-0.013387108995905,-0.372756150478345,-0.0119780814768799,-0.434193682080248,-0.387734964066475,-0.524376740661493,0.173386734020367,-0.0917830358068565,-0.507286426702433,-0.500633900456584,-0.327132260626468,0.00983416857755576,-0.448795905301427,-0.133638746171967,0.0809961892957089,-0.174870139683581,-0.430099995797792,0.301674079773542,0.570092310082002,0.788263176063433,0.0547887018428398,0.0448929975368143,0.132074147278338,0.574034961070588,0.161560341884523,-0.333824279505719,-0.0100894764539228,-0.243244476672285,-0.0374426502326827,0.143902608323312,0.374474554356224,0.435613903648055,0.27235756678583,0.106308627956909,0.464874022662905,0.317165586460543,0.633157136210943,0.537589528772609,0.266457747452206,0.683968551347505,-0.0696522840996068,-0.0335339841115616,-0.120782687400095,-0.151537176822081,0.296572576685992,-0.805407738419347,-0.549175062460574,0.161970875649402,-0.277437780005249,-0.345975944014441,-0.143189497859655,0.30905164768658,1,-0.201887944031864,0.0308472898279747,0.225574513527555,-0.28991668487663,-0.649908890631538,-0.469893279957239,-0.146201652631582,-0.304656813572567,-0.28425395761883,-0.35526697518718,-0.384194507349462,0.327911110468485,-0.00605740861443305,-0.0796102285277529
0.094947791658667,-0.207094553151585,0.00357787980458217,0.0984622049240416,-0.420026242205899,0.167420059792411,-0.488898001688328,-0.0961321755592773,0.0917833016248872,-0.619584043411721,-0.126728678575362,-0.656129177657877,-0.00517119634531601,0.0446252315673748,0.856667009607293,-0.160567595495582,-0.796710252275199,-0.198046261976665,-0.634940600163972,-0.298999956901606,-0.641714144329201,-0.714396599552052,-0.27410333216707,-0.603963231478089,-0.394932127768838,-0.384437482888829,0.561675574884671,0.0125563992103403,-0.0292534776922089,-0.00909879461588489,0.161429305394501,0.332987690574094,0.300867887944888,0.219316855476301,0.420424594297776,0.145347698326435,0.16000906688086,0.234693061906663,-0.0641342927981074,-0.751717379855628,0.63011225718066,0.038244375183527,0.265824742854538,0.549438312328479,0.469222829862672,0.584466805833293,0.443798302632925,0.18906496714132,0.416719140324254,0.357142599186721,0.283846209721364,-0.172122893524924,-0.498798676692792,-0.112619123424848,-0.0543064820637447,0.46805970917174,-0.0874887996754765,0.315275478467243,-0.0845107485211242,0.188833422963564,0.0491503845872862,0.503805462326051,0.534964633729156,0.636062425828666,-0.534526234268272,0.815824296350506,-0.6901378507045,-0.664336399842666,-0.408196721275155,-0.372819553872482,-0.578893678276186,-0.769911792073354,-0.556698004267648,-0.678730005278466,-0.734225306806842,-0.381610747616522,-0.543218996495506,-0.60783848189095,0.463682161335472,0.184598109554368,-0.687383399142837,0.284454860577126,0.35770961372688,-0.154225119849027,-0.518996380160079,-0.201887944031864,1,-0.308569003520856,-0.229190318533216,-0.178405715596229,0.422298498358099,-0.0599326944683265,-0.762512988621795,0.267680151177646,-0.22393299525322,0.639339761508299,0.465231700711023,0.105725160521567,0.250660052279957,0.141674524877529
0.185300155790865,-0.0223663573093419,0.367068471840341,-0.0551223913918911,-0.145854367130131,0.138097954656603,0.0425595646678198,0.108365345294854,0.0923199087118043,0.0560698668232392,-0.073939095492082,-0.310524442689695,-0.00676699591423993,-0.0116524546462021,0.311751438458197,0.0982798643814911,-0.38151810594052,-0.170321321479236,-0.376691641169288,-0.362299433844294,-0.13997988388563,-0.29883244926037,0.0870139061810273,-0.303908121731288,-0.202114986049956,-0.114051835836946,-0.0960372594004834,0.00800861474116218,-0.115806293310595,0.224746877888833,-0.177587313677795,0.246084927593222,0.0802547509723403,-0.309131133261746,0.0581837082234179,0.00130050810324499,-0.23628601368204,-0.0528962835234239,-0.146660385568164,-0.327128768669199,0.203559599367676,-0.132494967318908,-0.0133138592391681,0.222094043243455,-0.354806935883563,0.0975092717400141,0.112082368000966,0.166392633794043,0.0940413237553421,-0.251806165763036,0.585516116458413,0.363887872205603,0.00606791399770695,-0.0383627738503974,0.264959467577935,0.311654989567115,0.164674247857517,0.237427428269671,0.329778930875527,0.182534905186811,-0.034854573585846,0.100995265338246,0.246699659506015,0.278347446126433,-0.126722886831779,0.305497620510027,-0.130992196489113,-0.221194275368219,-0.394655726713501,-0.178119388504434,-0.160687562070442,-0.177218619070693,0.00703159046324549,-0.265795450572623,-0.246176256062303,0.174012473899833,-0.260618961592268,0.0813159802473095,0.190685707995954,0.241870295628645,-0.266473997401615,-0.308428263993675,-0.144570563368387,-0.0881769851608739,-0.24451922794977,0.0308472898279747,-0.308569003520856,1,-0.584407585866777,0.112215441178787,0.170487774251945,0.0902282684143756,-0.0641160136136854,0.431614937139848,0.290115323515899,0.273774630884892,0.228625942723042,0.039700194493704,-0.0395008782972679,-0.0241969989883486
-0.0610001548709474,0.293979935326083,-0.321305186747246,-0.25555104321284,-0.321967517003794,-0.587691172581146,0.357575874639876,0.53711153241024,-0.17510011910267,-0.752166721872837,-0.264411393566697,-0.387679996498862,-0.48489259379899,-0.349616027677105,0.193938152578035,0.353068975266057,-0.127023407045468,0.0400958550634256,-0.0147257516577638,0.145643501321635,-0.121793270908119,-0.114168305166829,0.175311151370111,-0.316944707649843,-0.851079623681641,-0.416221724860601,0.140822617957158,-0.375489931894139,-0.342823725491928,0.31895195966993,-0.413546100183246,-0.295595111163908,0.230364574952664,-0.139950138399279,-0.375988361317997,-0.246909475315701,0.0172437122300502,-0.053455038550574,-0.223935154122958,0.10246296096834,0.195889977878314,-0.4249643171579,-0.138865589988709,0.0400303225205534,0.0741114568069671,0.0983068795343526,0.0638919632901691,-0.215061307489958,-0.0750554230851918,-0.199860476951071,0.294332967584276,0.421234272199396,0.497005969760608,0.00255591525120254,-0.385064499456185,-0.231583930024813,0.619551132646457,0.211068003549027,-0.672571831034727,-0.481314147888658,-0.27339755440908,0.101711606412986,0.0960381943134594,0.164505726062604,0.212329650583597,0.365074059543729,-0.170838421656021,0.214763349385809,0.133114439814612,0.112208301861328,0.142774850898797,0.15670279934909,0.139115256157991,-0.0478426569330276,-0.151025147389226,-0.563870105375324,-0.273186550980515,-0.361662313146545,0.0853630223237614,0.00469304171059637,0.00747690936054834,-0.0777319446339741,0.0973791546175468,-0.0411399485818938,0.102051905115036,0.225574513527555,-0.229190318533216,-0.584407585866777,1,0.170410733727739,0.0889736169442255,-0.170262833009417,-0.0395836692335188,0.164338383169761,-0.178619938565837,0.0187700554946807,0.135041467581235,0.176395862981603,0.140532714540002,-0.0922138480720857
0.194718365169652,-0.319819128540059,-0.375015147226154,0.0283300987342104,0.0660415062295105,0.36654737112932,-0.21631907408808,-0.349093554722144,-0.0611148226002576,0.274334400263388,-0.101628317094878,-0.223493504966258,0.418748708397349,0.280416287579838,0.57905576956273,-0.0986500929858804,-0.217293500369359,-0.268465917615445,0.0887125995692726,0.0371925864284265,-0.206148007917365,-0.0183084465749148,0.0383606100534419,-0.127414489828387,0.230578712631872,0.0477341201328267,0.309067194265472,0.034213156448362,0.187456627638614,0.121506380312166,-0.239089054152048,0.346196227436293,-0.236326471048632,-0.1154553247952,-0.162629393487344,0.268401591058442,0.160003890117667,-0.0757638004910894,-0.20924217844191,-0.214925158390622,-0.0759572748280073,-0.0407207329934764,-0.190533078596998,0.38100299066898,0.102782234137369,-0.204534320827643,-0.301127782921544,0.349916265536762,0.356961960583044,0.11652874059143,0.226360603345293,-0.0823628939793679,0.206807075051769,-0.172450761276012,0.375069479129887,0.375066675952785,-0.183525459703225,-0.300419815072732,0.329582520401249,-0.0507554130758519,0.255399856086136,0.414045585715861,0.504203935183809,0.440138140658691,0.0458798593538741,0.68390177781453,-0.165720724391726,-0.126386408226805,0.0791528811278451,0.213906412770181,-0.159075331216483,-0.0583454689368951,0.11489599495955,-0.182519199914183,-0.188358220381576,0.210340338977184,-0.433361762485319,0.110561474706395,-0.185397493458233,-0.012785066090475,0.309709346418013,-0.093522603009386,-0.165363045480377,0.0317508674442605,0.170015544384856,-0.28991668487663,-0.178405715596229,0.112215441178787,0.170410733727739,1,-0.186092908494991,0.110993021616756,0.118388446758262,-0.139378995420346,0.176906500443811,0.21670086154014,-0.356195947252334,0.191908320521395,0.104976728998282,0.374839418019945
0.0845171032932569,-0.479266382683497,-0.30410055446315,0.288479322280961,-0.265118905064458,0.451447306659077,-0.433180418829374,-0.406253919023373,0.0615946698063062,-0.148726083843242,0.0469600063353258,-0.507788952612166,0.386410497220587,0.556645532835519,1.04806926157431,-0.42121612314525,-0.630981836667789,-0.509698157927433,-0.138826760668472,-0.23571921456987,-0.398991468132184,-0.560020352463823,-0.290439238855443,-0.461032601947611,0.181416863588808,0.0147964844375021,0.618413270292864,0.278622302601943,0.0807963914171875,0.113817710262311,0.277684195273235,0.463770524956564,-0.30045394118934,-0.0370475814393074,0.270305192872647,0.685814236447102,0.480579313770263,0.181677453497819,-0.271623801758121,-0.453892963545942,0.349743509532627,-0.0172322647546017,0.183010449649516,0.663582955716153,0.748319716325143,0.259442640155105,0.0828167965035633,0.733819467535222,0.79389550816377,0.602907748574528,0.31408788595236,-0.279229234912939,-0.0603730290404945,-0.245742513942078,0.193336148296144,0.443113354713336,-0.399955287933082,-0.234698382266225,0.189924604915191,0.255592723591888,0.488462740151765,0.748585480603608,0.762959159835314,0.612369378384273,-0.169496135763085,0.964848601358953,-0.628110553357057,-0.564338859699823,-0.359928081822297,-0.172304352647874,-0.315188769662971,-0.620638250771971,-0.227216064556784,-0.613155813967097,-0.543473265394953,0.00189497450626691,-0.382322414338769,-0.196329226112637,0.13498399960422,0.0514080704955995,-0.218349972544623,0.183588042811482,0.135063780016309,0.00786998116619503,-0.212355125462878,-0.649908890631538,0.422298498358099,0.170487774251945,0.0889736169442255,-0.186092908494991,1,-0.0281603234679779,-0.439013927720577,-0.00786061519535058,0.254230752346464,0.657742423555892,-0.0246584494234299,0.267898055380393,0.478223057926856,0.436213611526332
-0.0701260920825247,-0.49794378453104,-0.273426182320519,0.0965276698368271,-0.200258269831961,0.251024720057664,-0.532429791141471,-0.719059680890001,-0.214497535189154,0.0627584850284603,-0.0655573381924275,-0.234912992244778,0.181501822805767,0.23600593823249,0.392483378339625,-0.349943116879243,-0.144707853560586,-0.398829538406269,-0.175357200105782,0.0568822521233281,-0.253632997289712,0.0393698164507219,-0.270278073683161,0.528150054031802,0.386592371635122,0.216380316611816,0.756771010467898,0.578985591594026,0.165332245217177,0.249506405597644,0.241543089547704,0.248785952665986,0.1542533121697,0.146435760171264,0.634167027551645,0.26378151115838,0.107367006503115,0.100227382528258,0.109244108013456,-0.297590290133658,0.207080533806788,0.355155470891284,0.558302242259142,0.437175318428377,0.467057041737518,0.391342529124264,0.121287339821727,0.524304672577442,0.195861296562857,0.217337193514054,-0.304347154214358,-0.474860625005457,-0.357405761280637,-0.414191916020451,0.25379704318559,0.00100213342774885,-0.676378813209932,-0.500554650586537,0.215402723936256,-0.216707993365931,0.105426477275611,0.0986543618311371,0.146451842440047,0.100501899207162,-0.40388743624781,0.472010032747049,-0.285675230873442,-0.496884279712922,-0.300107626937993,-0.279158273951859,-0.42641030475695,-0.21479815017275,-0.273375619353355,-0.225508594307412,-0.175951726708762,0.326233960737665,-0.402692684114443,0.125058885285531,0.0965220255722919,0.157283115192226,0.200374291296169,-0.106736806203267,-0.10650299479233,-0.0333338731408067,0.2475224588298,-0.469893279957239,-0.0599326944683265,0.0902282684143756,-0.170262833009417,0.110993021616756,-0.0281603234679779,1,0.0945037045318912,-0.0560337235857081,0.576114485111484,0.110721949669262,0.097772443572879,-0.143786107125532,-0.366912765335486,-0.185763547863443
0.203813821918413,0.0434080911436482,-0.335050823811025,0.0928727524033012,0.256424800445529,0.00472994148179118,-0.107692527835769,-0.270098105728472,-0.321143778960521,-0.242138981522375,-0.399035370462634,-0.284799314575871,0.122787341309297,0.112070678285438,-0.202725344829345,0.392052463323096,0.336476121177016,0.0874156195905678,0.338100079101091,0.611141174472712,0.0762107046163651,0.582498002479028,0.419267604052827,0.347759933686527,-0.336226432512433,-0.134112693351259,0.399833212975621,0.340069094082133,-0.0933534829229659,0.0895580446079901,0.12272490512522,0.407636894251876,0.141879966640028,0.223183446402056,0.173323608770042,-0.205497845642499,-0.530501533602776,0.292026721942914,0.196093712036462,0.178380873729122,0.235490161887738,0.349330821194101,0.228250202495509,0.146412844432281,0.140221947826946,0.104125385772052,0.165370552568602,0.615254448108679,-0.0618982472269586,0.0838016624744467,-0.411326814801888,-0.206995985887485,0.278836562993272,-0.0489042071202317,-0.0916280572267272,-0.170659802097925,-0.126620467319642,-0.437481978379527,-0.492063878646529,-0.697286790355457,-0.578866406810424,-0.0954049388267524,-0.327038008596384,-0.183620648531239,-0.246373178948788,-0.0119413502519229,0.229414693758174,0.123416377946488,0.0326702029690986,0.0581152213111032,-0.00154393472764602,-0.114906073635116,0.16614921535486,0.162036131809697,-0.255345050761138,-0.300057397390644,-0.459135175384249,0.0685094430025815,-0.387547631732065,-0.112040887862225,0.220751437985899,-0.257999059529713,-0.421026005141211,-0.363182313565147,0.238789908765461,-0.146201652631582,-0.762512988621795,-0.0641160136136854,-0.0395836692335188,0.118388446758262,-0.439013927720577,0.0945037045318912,1,-0.296103302909574,0.0561202379349036,-0.104547177899095,-0.306942670088252,0.280202921251711,-0.344938111410217,-0.256481386224304
0.405153038438041,-0.228651319755588,-0.0841456922537581,0.0766847523829251,0.160641596830103,0.422408835218523,-0.00359785192665707,-0.178861428351658,-0.0552660886968367,-0.0716090542205011,-0.475447968784891,-0.225999518580467,0.113015547097073,0.147433496106061,0.305204519962772,0.0336086741852457,-0.118970936809448,-0.0179931642464312,0.0296874079941011,-0.308604102134472,0.103196683979478,-0.232023925606281,-0.00692315894417439,-0.56756404884271,0.00943781579250694,-0.0595056130169678,-0.233600358967293,-0.0224555881518575,-0.0816555313504462,-0.16963637105893,-0.232594834565514,0.0733965350158497,-0.280204245180027,-0.206607602947795,-0.298467718606516,0.440874244680716,0.0618684683587347,-0.336634718965744,-0.569910679613431,-0.295805061640202,0.0913051511030517,-0.266015436996426,-0.461440085239648,0.331581096477064,-0.0392550449197098,-0.227309105333958,-0.263992172401389,0.670814264455428,0.509640896527518,0.286296190880897,0.230895583713802,-0.103684172585856,0.146907504367119,0.173633521916716,0.259262166964502,0.33274301931054,-0.185035754568535,-0.171924972058396,0.187676637805866,0.161170295736753,0.0650876878126224,0.227547518153997,0.216101332683989,0.439805175721328,0.320149324904402,0.21966701067047,0.147450676492564,0.0308862780221191,-0.0978929994880282,0.207835482321828,0.154178507806338,-0.0217348820017812,0.265093277122454,-0.257284052047452,-0.0726982405967702,0.08448444802263,-0.107225109439601,0.0016049100140631,-0.178383466004132,-0.0592481437909842,-0.0211513560226198,0.0938770290242964,-0.237348330690167,-0.093402443360529,-0.124416388602242,-0.304656813572567,0.267680151177646,0.431614937139848,0.164338383169761,-0.139378995420346,-0.00786061519535058,-0.0560337235857081,-0.296103302909574,1,0.0650149756905201,0.375675585918655,-0.220952676406803,0.446330364230262,0.401535450858936,0.500085273573028
0.727033251287719,-0.397826059263533,-0.399843625099369,0.0786948532082671,0.0659202055470292,0.410482804537889,-0.199003328899769,-0.628505121617699,-0.445454242976631,0.227428803544074,-0.0433863303415784,-0.417838001645063,0.424517074424076,0.224983915019396,0.180432428705985,-0.265523937204096,-0.318629475691436,-0.451502286883258,-0.0178920987229796,-0.226672741350903,-0.14310266077674,-0.372468376454301,-0.300085305542862,-0.488059757462587,0.030003686159027,-0.338381624483187,0.0039715503381815,-0.0234525926250061,-0.185085357421325,-0.554369015043259,0.0511705072632613,0.524857866634686,-0.25310938991409,-0.40064514304353,-0.199585889270708,0.606153050197645,0.0165705788387201,0.331271541509465,-0.031194844877396,-0.28352556437189,0.339647799324841,0.207200506607495,-0.183658851411532,0.806916283882526,-0.0831200252343097,0.202127137110128,-0.0496178098502198,0.915522487015694,0.791063188441225,0.679141171442751,0.272968893184319,-0.567329026044396,-0.192723487772628,-0.105912571752177,0.141747819376586,0.220451587305072,-0.496676120562349,-0.599190780226975,0.403690438986752,0.104093404171641,0.104268789369836,0.458406969661331,0.245925099450039,0.474189505446496,0.100084059608579,0.148645511872524,0.360941957516311,-0.138757761006131,-0.299483365125941,-0.0771275376201832,-0.105912896670661,-0.53639950637968,-0.0604607082771041,-0.13771787315591,-0.393523491305901,-0.184827701344397,-0.477414409657063,-0.431933850552373,0.146781939627894,0.234286775662645,-0.263366065425262,0.198823140114946,-0.223767937646214,-0.166364453572016,-0.454318136065859,-0.28425395761883,-0.22393299525322,0.290115323515899,-0.178619938565837,0.176906500443811,0.254230752346464,0.576114485111484,0.0561202379349036,0.0650149756905201,1,0.899561987651404,-0.190477774828683,0.44413576924425,0.486973238513649,0.630203809217291
-0.211174587937744,-0.759197523344594,-0.180459741881132,-0.104100517527069,-0.588863285042032,0.0368304556825516,-0.693190386993155,-0.569302361515156,-0.021265163002436,0.146514040858683,0.0922549741084603,0.013986423491603,0.119738875480098,0.251515452105005,0.483169651463068,-0.672531177666402,-0.269154432479816,-0.263012374936835,-0.319618734156621,-0.253417726770714,-0.246843983030142,-0.311110380055678,-0.543187979373401,0.421430932151638,0.963622128029052,0.264317274236364,0.441414830390849,0.175255123241767,0.330543264700086,0.0481214769310087,0.514664507653393,0.348423993307756,0.208382084088361,0.334567467146836,0.652728243986874,0.205667822960046,0.633087983555315,0.00698805601675057,0.2016859624515,-0.533774431717665,0.030684573159921,0.371011827713373,0.527006334675648,0.0433624031227023,0.493676867665483,0.258657888691855,0.135077210898256,-0.0393537312607389,0.117420178816919,0.0571587712865301,-0.188154651279141,-0.517656957879235,-0.76435421784878,-0.617375627595606,0.0447240400673774,0.0975242060232235,-0.853726748693761,-0.273595426338606,0.506914200893466,0.411866194290692,0.516560841274383,0.268110111397052,0.20522614530628,0.0202085162664195,-0.486731074877952,0.439768372389938,-0.672826344715223,-0.740992516590641,-0.225223101956896,-0.351048018457749,-0.483817831086967,-0.191997578772771,-0.625743899840087,-0.229220369582084,-0.035123633227745,0.5829177091431,0.112261748494845,0.0843362940385669,0.450975290024999,0.579679809681459,0.243800330494884,0.202766776840992,0.55376557683834,0.437756409950413,0.229364349697239,-0.35526697518718,0.639339761508299,0.273774630884892,0.0187700554946807,0.21670086154014,0.657742423555892,0.110721949669262,-0.104547177899095,0.375675585918655,0.899561987651404,1,0.535103064320047,-0.39487350087897,-0.181357302687918,0.0533142129046318
0.0235307270885459,-0.40849785295527,-0.250907527408852,0.171070846512194,-0.0156376434779847,0.532957607234551,-0.515698831300716,-0.595963753540438,-0.171163394055859,0.185631740232754,0.0771251647152037,-0.279844173408431,0.682229436582325,0.606818220224812,0.743545805885442,-0.545816603549606,-0.583208897077993,-0.398626321119617,0.0585410563570293,-0.558623126073693,-0.17151747598517,-0.485429361236184,-0.278528842996196,-0.671423475268427,0.267700849430707,-0.0699492474927593,0.361923796023194,0.246709003404505,0.131933419988469,0.0905949197355072,0.232107443018549,0.431937568533772,-0.177653999229957,0.132386831972996,0.143342340126101,0.642781356116963,0.43635377965293,0.123906611558965,-0.17448935466963,-0.614797253976969,0.288324255834431,0.106172962802187,0.0402076681098416,0.463090001037077,0.633332684013925,0.140524629962877,0.0743492273079431,0.365116112022732,0.678021466043363,0.431711271349407,0.0779961300517316,-0.41098280512671,-0.272744582091162,-0.336929716809454,0.335489723610997,0.468734368880262,-0.55239818179767,-0.318920981484018,0.413819686170769,0.523989074773841,0.413576288025525,0.404014888936221,0.541986176508979,0.862327290076991,0.0158139876933301,0.623716989335518,-0.419553780022421,-0.316775549134988,-0.120388535434148,0.146296374987004,-0.104166245624617,-0.612716078104998,-0.105469193942395,-0.662093307318056,-0.631943691526481,-0.0906613432649462,-0.520698951371059,-0.149732031275022,-0.0562338266066753,-0.142449877625723,-0.377955948687255,0.440101576442807,0.224467853739681,0.0454491524590883,-0.275999758033614,-0.384194507349462,0.465231700711023,0.228625942723042,0.135041467581235,-0.356195947252334,-0.0246584494234299,0.097772443572879,-0.306942670088252,-0.220952676406803,-0.190477774828683,0.535103064320047,1,0.0291798091226717,0.312436797948224,0.455385529920941
-0.225780088528175,0.0961411226893798,0.108358524643628,-0.199239485225639,-0.215719112986407,-0.25869277661296,-0.0397742572824556,0.432454802163253,0.480130809296822,-0.141718599307475,0.0748208731754016,0.0823811826490847,-0.258850316337197,0.0187627092398293,0.21134382640599,0.00113495477968684,0.0208055676761052,0.0858519912011813,-0.0161389056589648,-0.0865418152907709,-0.135503047155268,-0.0833796950506147,0.0325111962438245,-0.0495061560595613,0.0605989648086136,0.0458066305967949,-0.420058516088538,-0.359925129283659,-0.0558672252670598,0.429924498810351,-0.293454020322633,-0.312070412190337,0.170645253606962,0.0897994758866435,-0.218823421567196,-0.173565768697758,0.268085525168353,-0.39734126055189,-0.207073552562102,-0.104801698470262,-0.339245018960233,-0.313905229592663,-0.197597406429673,-0.315424205876505,-0.342453011950076,-0.3872886907207,-0.286227759416024,-0.434685206624739,-0.310111953272593,-0.441989812396145,0.268930062552705,0.644198127547714,0.294889887541308,-0.0257400472511515,0.186987063893081,0.0762274723913257,0.347115386049187,0.469643063700852,0.0806853001197709,0.132316133486068,0.326592730715614,0.0500663949748122,0.317081856865882,0.0835438197592029,0.062262888032885,0.387388676680987,-0.408534371305774,0.092246355402737,0.408181896170946,0.130820422673751,-0.120745852215071,0.521146944206863,0.0174451954958176,0.166986912793912,0.339123574734438,0.440529360097213,0.2309705694464,0.233430992847033,0.15518911884881,0.112460813020922,0.570513141709161,-0.15341517040642,0.215269875408346,0.486986116816189,0.30565367722198,0.327911110468485,0.105725160521567,0.039700194493704,0.176395862981603,0.191908320521395,0.267898055380393,-0.143786107125532,0.280202921251711,0.446330364230262,0.44413576924425,-0.39487350087897,0.0291798091226717,1,0.0592675891782567,0.0834219107754588
-0.407624064141581,-0.327595605508651,-0.217473558536891,-0.0113724495387262,-0.535102265047797,-0.264969190158177,-0.152872755191363,-0.0229582221162076,-0.0129903793703763,-0.307521578253764,-0.117733960013235,0.0233579207886556,-0.460768542638781,0.100920698074285,0.418309747987899,-0.0231304994651369,-0.0251318641733008,0.0596620094325052,-0.0446253405448544,-0.154796102448459,-0.242417753334617,-0.0322415765718055,-0.240577907637212,0.131482305976013,0.288509827559035,0.0973712376423371,0.134678234812647,-0.192769395187895,0.126785393399139,0.117847859862544,-0.0597283635894588,-0.00995616916045851,0.264467691563418,0.270742320906319,0.15991775596259,-0.0591907559494923,0.413497237742256,-0.330376325026457,-0.320613649317894,-0.37982837224716,-0.103067093340847,-0.102923957519126,0.105016369767849,-0.123051717131675,0.239827416842225,-0.0444636038334661,-0.091641088118312,-0.0637620356897302,-0.145337855841168,-0.299666137884485,0.0348866720501064,0.0194121881211416,-0.103612184172552,-0.16335567386853,-0.0566067050510675,0.0508069083283675,-0.122810690818975,-0.00647003139926844,-0.102655379110782,-0.0218058861509608,0.279542715185785,0.0636658566560969,-0.0111374522644273,-0.263658000782328,-0.289050056237719,0.495749356795808,-0.4587221667041,-0.38355214427187,0.105662343377835,-0.0950109460887869,-0.369555612760466,0.187116987450276,-0.356014370018851,-0.280672472166388,0.241956863574112,0.348059954922201,0.123609736027578,-0.0829707026832134,0.362406286976993,0.295485566448783,0.359403547913954,0.0722769110904997,0.477507164584526,0.516968406448115,0.217005090611823,-0.00605740861443305,0.250660052279957,-0.0395008782972679,0.140532714540002,0.104976728998282,0.478223057926856,-0.366912765335486,-0.344938111410217,0.401535450858936,0.486973238513649,-0.181357302687918,0.312436797948224,0.0592675891782567,1,-0.0245671786827235
-0.206034018138257,-0.561697464248801,-0.242691086455079,-0.322547336214003,-0.666815114748836,-0.221264567037755,-0.40124710203769,-0.265086668668169,-0.055490272139699,-0.604382643960221,-0.379154135939393,-0.495495324247773,-0.604031511808599,-0.0905614646016877,0.579252045141412,-0.110866159800545,-0.235480462377612,-0.16598673808564,-0.340013552631279,-0.103399999864818,-0.439508321744521,-0.201472556383586,-0.239279112106106,0.134311400368375,0.0191039804037509,-0.112695782413767,0.602025429147594,0.0970028117026134,-0.0089332621402724,0.28124972969394,0.0565240162360544,0.0868252330685176,0.434878576076514,0.302574107060805,0.438270578163172,-0.0782687627140318,0.374770993686838,-0.0980515515678422,-0.0800503863351866,-0.503948477419989,0.296272730863931,0.101690454849932,0.31542975506624,0.217682871801739,0.584081487217593,0.374785253936638,0.253836160513478,0.0944560000441292,0.0966349907527988,-0.182089258643503,0.0998195331420668,-0.0283927038167842,-0.276605442760705,-0.372473771362463,0.0383961992619301,0.0500641088681261,-0.271482556612976,-0.088350080346324,-0.208849835790335,-0.227387349674562,0.0346066925424841,0.0492510218172809,0.135641340671224,0.0748281729316597,-0.38001319108166,0.68912623487105,-0.628013210111485,-0.41408348344418,-0.0862987404434708,-0.260523822605216,-0.436512558165451,-0.0156626587252656,-0.314851833749958,-0.383147738656013,-0.104580124475514,0.197308667444687,-0.187779790724106,-0.125327321412587,0.393409631535221,0.402377253803518,0.25035548379892,0.0513302017893411,0.420602938701391,0.305993729710222,0.205854726703675,-0.0796102285277529,0.141674524877529,-0.0241969989883486,-0.0922138480720857,0.374839418019945,0.436213611526332,-0.185763547863443,-0.256481386224304,0.500085273573028,0.630203809217291,0.0533142129046318,0.455385529920941,0.0834219107754588,-0.0245671786827235,1
