1,-3.52467341997162,-1.14707907998563,-1.19439387857119,-1.230811350164,-0.201462797428164,-3.18757160085543,-3.49202057632656,-1.77946315421258,-2.29739087237919,-2.07863698083258,-1.75918520920444,-2.59579338354519,-1.03043082364368,-1.19151995232593,-1.48405358412552,-0.329082200941796,-0.483897043150757,-0.350592893295648,1.26923822038679,-0.068303679446323,-0.182813572643215,0.349425901444586,-1.04633790333049,-1.23774508118773,-0.602544167732429,2.61537905353843,3.51350439612546,-0.113779617828138,2.92211367347899,-0.140260385075291,-1.5833833859554,0.149544171592072,1.86630397477535,2.09637822440335,0.846375476191435,2.00160033998161,-1.25146419230989,-1.34420798527399,-2.41159673024654,1.27328049750927,2.39303555009376,0.836100572358847,0.517759312111583,2.96130904679413,1.50084728068791,2.19278800642366,1.96051987834365,1.32170224110279,0.395988378699369,-1.08502025544399,-2.18334612877873,-1.79669122214443,-1.49860708572245,0.0499606521156038,0.686485720550159,-3.23540151310464,-2.35699564049468,-2.18700986131947,-1.77742218605166,-2.40010156677743,-1.7589913210421,-1.68379713607307,-0.855155907884517,-1.17063128958127,-0.658415039004084,0.300715263910902,-0.642130571816757,0.569956964068569,-0.467510747336773,-0.318570860690552,-1.51618142385048,-0.757225645325149,-2.54988239920038,-1.8570425766849,-1.52894348746404,-0.83199602726136,-0.247658143854606,0.529735901092385,0.280010800060922,0.15464110006231,1.54050847185332,2.27579182614611,1.67693726127061,1.64578752056582,1.07012509119784,0.519837417403984,2.9465196067146,0.566696274554808,0.251515194937801,1.46039741328705,-1.10355622941799,-2.37640020168578,1.74849327301536,-1.13624994483119,0.605481171439491,1.73098626065995,2.35556397986216,1.37113393546567,-0.0702404806920206
-3.52467341997162,1,-2.70478885724299,-0.187508686585491,-1.42229510865649,-4.31823713531736,0.418231563683996,-1.47868452844352,-2.60881436408365,-3.52725677257879,-1.92274591600419,-1.45104098422966,-4.56172828121815,-3.4291885980812,-2.60878135759325,4.20637653576924,1.96920684330805,-0.974731479493294,-0.369428378410256,-1.26079213032617,0.963885295014025,3.83341126125821,-0.138369350601864,3.53859465138913,-1.18899610690377,-1.48914982235048,2.63702638150515,2.43576700119654,-0.848914111437814,2.31416999873096,2.50577165692903,-2.34035294540883,3.48722904926547,3.60875490819524,2.91227560110507,-2.48714281942904,1.33477840669467,-0.115531251963472,2.08191780202962,0.182192959114166,1.20480079094857,2.57381990926113,4.23803514397598,0.149884293577021,1.85164168003636,3.21285781487238,2.69573617589278,-0.591903262411197,-1.92280941298765,-2.62821815711721,-4.03798533232074,-1.42025750694699,0.625946168362959,-1.56472356053066,-2.26951756567236,-3.88476669449627,-1.03133596567009,-1.83920617974216,-4.56809398605076,-3.93125315974803,-3.82487772582381,-3.56012620611725,-2.70872422845069,-2.6594694178751,-1.66868891406281,-0.599357026800849,-2.33759031698859,-1.00318636965268,0.809719450432942,-0.846841512547827,-1.45303607381733,1.50588124625357,-1.74142697073865,-1.80072994355785,0.240626273394571,-0.543576082885816,-0.615852134992012,-0.0667528012955854,2.26478128587786,1.27173612347511,2.67241799923238,0.251012997495534,1.29671652423269,1.21207515680771,0.575807514862049,0.506740791275699,1.52202123309552,0.58349816862516,-3.75465130820935,-0.108747785247221,0.155599753436506,-1.67118791766955,-0.732908611482932,2.61204735520063,3.25642179261043,-1.30208202531747,2.43272064845267,-2.75132356604063,-2.71265035524496,-4.68247096643971
-1.14707907998563,-2.70478885724299,1,-0.24694351694923,-3.706836443192,0.490615981812771,0.503522911248826,-1.2141415153861,-0.618972252127622,-2.26060691658545,-1.60332855699545,-0.602733218315889,-1.22783226425032,-2.58275123412861,-2.42194858968465,-0.920112084972921,1.38646667864312,1.4646382537388,-1.43304198326299,3.98517417494992,2.09019611877893,0.668263753418033,3.03998139123771,3.27662016636865,-0.862812556779866,-1.73598612455308,2.60103645522759,1.95162944820396,1.35871726118183,0.578799358785177,-0.12571835466461,0.910870140674093,0.700613145762402,0.242475196840465,3.18524485477846,3.1848703347139,-1.33245600446321,0.679002538947429,2.19260962955307,0.000263365893890088,0.706702010730889,0.222238399290419,1.80072028279564,0.319307482313443,0.539062505130735,1.4341537126326,1.33244358124486,1.30087176712332,-0.627092165863172,-0.237102638232645,-0.612036466563625,-2.09530057261748,-3.39511636543394,-3.26787400041754,-0.774818893210911,0.333348090080883,-3.5745501579793,-1.38262623306272,-2.9703082425235,-2.07434363465199,-1.54734765319784,0.824477883376287,-0.342588855481724,0.418696001801145,0.104469630578037,0.376553458897973,-0.829622560790565,-1.0066951410104,-2.30488941078806,-2.37627143969412,2.01792870257588,-1.50543913831708,-0.448956939150446,-0.576303699150648,-0.47230219356798,-1.47907168086843,2.24186414381473,-0.235488439919654,0.443919219016571,2.08352220927423,-0.546230625182783,-2.59615535230309,-0.148847426061398,-0.391251343629045,2.18422629343427,-1.32067497522856,-2.35061790251586,-0.801421173663832,-0.789256080091017,-1.11215254633451,-0.0751544453210202,0.111318719613825,-1.96962955035602,0.0905120155869776,2.15617881719254,-1.06695666874786,0.38932397821543,-0.560202512223323,-2.23065807094514,-0.854301285680848
-1.19439387857119,-0.187508686585491,-0.24694351694923,1,-0.815043495664736,-1.18791188516718,0.947646696998014,-0.156149480137817,-1.04790816784555,-3.31927328756741,-2.32250491557827,-2.13261161765763,-3.30260776406824,-2.27117771812061,-1.52650901543707,2.20854247130414,-0.125776032201565,-0.739168338808739,-0.913295125772199,-0.376348964913668,0.348324117113151,1.52680921762158,0.996138807884191,1.62071870723071,-1.77415979963469,-2.28193375652846,1.73991610599754,0.967282508243078,-0.259530275335381,1.38038983088858,1.83363841077868,-0.303159170354136,1.80420217820135,1.08178683677482,1.36259936404863,0.0731904071159761,-0.518817381390117,0.115612735322324,1.27695868996981,-0.228624013638834,0.606042891203394,1.95660189278903,2.87724606861957,0.674746546186144,1.2182159772323,2.5355949629809,1.37678622223425,0.124403647110324,-1.03257435030445,-1.74587278540211,-1.31538715236833,-0.548678852314744,-0.326864621852613,-0.323509169582288,-0.300115721258461,-1.41074640395568,-0.355891084963506,-0.908777030393799,-3.69578361574891,-2.75214979019706,-3.32557260747812,-2.27922431913749,-1.66844281034039,-0.885754496404048,-0.950657361904804,0.319178725545585,-1.42333580879085,-1.72095991180661,-0.790991882203422,-1.29516033011686,-0.410043016028566,-0.582297747946496,-1.26341462401768,-1.4445645461837,-0.851208046113006,-1.65407034148486,0.190464444541177,-1.32117494675212,1.99174799867996,1.56707421974495,-0.146592633596171,-0.869190030287534,0.396407486219666,-0.414037007034358,-0.485305482046142,-0.409934202937226,-0.447121876364674,0.0638083960685304,-2.75481922935171,-0.947918748195709,0.0873114296627597,-0.608527475594424,-1.43054861770168,1.8766796752304,1.73149560924408,-0.0752507511043133,1.28674739234257,-1.34079970694303,-1.4506837492236,-2.94883780792306
-1.230811350164,-1.42229510865649,-3.706836443192,-0.815043495664736,1,-4.3956696229156,-0.690242803405375,-2.25731791137909,-4.36664702399709,-5.3070353413928,-3.21255106228121,-4.01440418514851,-5.06709346834836,-2.84388731934965,-2.28005653069206,4.14073538414908,0.430914412926095,-0.865616836873236,-0.231556774020668,0.501423409814139,0.253989165213947,2.30985757787776,0.634896645776106,1.5189286574577,-3.83364684055765,-3.65571774469568,3.9189080398755,2.81691898674986,-1.00143815143821,2.31661594786039,1.95741730961333,-1.6356008879808,3.65206623377231,3.52456653924926,2.93034381022695,-1.39299886294837,0.596649976982668,0.646113055266482,1.47130769103519,-0.88407072454403,3.91091236007463,3.58537038411304,4.27969840688754,1.39278896159952,3.0635691157092,4.86399606304607,4.17723208678714,2.20721866054443,-0.384649736673642,-0.9874740850192,-3.11740131998449,-2.45809528151778,-0.188052082733103,-2.23282450556969,-4.1512658008919,-3.32365591396752,-1.31032604914089,-3.58101089686997,-6.0312078861707,-4.99374682497557,-6.20970899842303,-3.35062006939428,-4.28166626988956,-3.0922002948935,-3.49526802347612,-0.786825678694514,-1.07596174550397,-2.25841178051022,-0.181166981634572,-1.43816963218727,-1.514975292292,-1.16277472473517,-2.13508443532738,-2.77767064381112,-2.68352637817614,-3.62047358213142,-1.98692734510102,-2.1152107488145,2.98258627403171,1.69376336111513,0.816661223161227,0.975124372365371,2.42544946182344,0.439558842539367,-0.293192134844878,1.17259276454749,-0.0564818792607094,0.869099316755767,-3.66704460547583,1.55904449742272,1.76715787010081,-1.52763554925018,-2.11062350648341,3.60774496294024,1.68388791189216,0.720757273739441,3.93576731200801,-0.0432278821996137,-0.739428239211248,-4.05922913389068
-0.201462797428164,-4.31823713531736,0.490615981812771,-1.18791188516718,-4.3956696229156,1,-1.14311169311585,-2.3510229020958,-0.670703128683473,-2.41242442401829,-1.98859413651602,-1.02668533046155,-0.899946518488866,-2.50829517497326,-1.8577398242477,-2.36999311894715,0.760816066483766,1.69900803770747,-1.77631348444158,4.68657605379295,1.29462900108911,-0.237169552777273,2.84333982026438,2.23800606717797,-1.43653866561528,-1.7944389758896,2.89590599023504,2.85432742096778,1.27721629866869,1.15690518993323,-0.519615494325124,0.790510870377561,0.380273235477305,0.577162060753631,4.14504375417741,3.54193519226796,-0.58769207661524,0.337599676250571,1.62871598280272,-0.719612984716625,1.50522094365358,1.2401523113296,1.64197049939347,0.51403870318558,0.859439887689791,1.64248378666765,2.24947605018187,2.45554572850469,0.351944166145846,0.756432445719477,0.0152733760473103,-2.55459484915563,-4.49500002808997,-3.92947786431574,-0.73755540862011,1.16979780399512,-4.44618159798771,-1.75400917366298,-2.9150431926036,-2.27478151811985,-1.88594642167245,1.13869552633064,-0.47652129791285,0.478351362571638,-0.6594978100131,0.152857436333386,-0.0854116831277973,-1.10404045599276,-2.38424056124555,-2.59020169169016,1.35287269895509,-2.34514488647546,-0.646394800449925,-0.825666787838077,-1.75108589665475,-2.15980343258017,1.15950650845963,-0.382228497288964,0.587748303805727,1.9722121656905,-1.04406675501412,-1.73957593923157,0.593827817821642,0.474124523676553,2.48085086958126,-0.462333846684878,-2.61704973242227,0.141473722489812,0.253522106523117,-0.437626453771238,0.64955575449899,0.0986595693759452,-2.51695294008125,0.576699601485531,1.36352626242987,-0.510662901905537,1.10785368688528,0.962102449432516,-0.900123754786964,0.213073577744769
-3.18757160085543,0.418231563683996,0.503522911248826,0.947646696998014,-0.690242803405375,-1.14311169311585,1,0.945714229718901,0.676070549163597,-0.160174751800881,-0.0630586131641269,1.21810719946555,-0.776680497187487,-2.18351322195563,-1.53711513676074,1.50252678921058,1.75040581063583,-0.238032143997609,-1.08611349575739,-0.866508226349896,0.983001721127393,2.50669941441279,0.242889034834612,3.96760504495425,1.06216722664962,0.0490582627143773,-0.0483830354653041,-0.0798696319443029,0.180420760357091,0.107316540127839,1.74190230522543,0.369526589420434,1.97195448987915,0.810340912756913,1.75048378492019,-0.898501094641964,-0.207687175145289,0.647835159182001,3.03889834903126,1.49301507187492,-1.14259733629515,-0.0137923958614461,2.52969847009474,-0.314431029872983,-1.02467500385743,0.696149192828778,0.337732414456344,-2.07536135851032,-2.22027059605574,-1.99212512962317,-2.05642518173966,0.184990322179999,0.0987806662902057,-0.464305845296688,0.177613396915095,-1.9354668447973,-0.212543349059185,0.968285764346608,-1.14811833378923,-1.06341774382117,0.136594720800814,-0.438959146289347,0.487610631923185,-0.299875542859521,0.568914847920859,0.371968903887224,-2.4234837807264,-0.233438514536102,-0.387339097778671,-1.15848021310208,-0.217151710036061,1.72256026225812,-0.973304179824003,0.654116643493069,1.82348348806343,1.33476321219964,1.35007511270691,0.720878502848734,0.897145617859717,1.3028183498182,1.61599529212592,-1.83843326422142,-1.15450421614296,0.0545664613148875,0.424226905356084,-0.952291312255775,-0.0111547662227321,-1.6976429133163,-2.36508899078147,-1.40652899981307,-1.0966790312415,0.246167991429108,0.753304172008967,0.270583793114365,3.51737095579629,-1.95714446673021,-0.121006300919317,-3.93596669999546,-3.46775876211406,-2.30137050899265
-3.49202057632656,-1.47868452844352,-1.2141415153861,-0.156149480137817,-2.25731791137909,-2.3510229020958,0.945714229718901,1,-1.18908450895657,-2.10620573868796,-1.011424327213,0.152625564126799,-2.76178056009353,-2.97843685689739,-2.5209814475565,1.94861608435421,2.66603039306338,0.238277521499026,-0.471752559617554,0.353915910100975,1.91028288328419,3.05721014233571,0.976423015555505,4.1862600088438,0.094195166847218,-0.484408310339528,2.22812371621084,2.24962643198854,0.287598450335406,1.32587304713246,1.36930892897587,-1.45588118508977,1.93468763543563,2.15380981035886,3.02308724295722,-0.526556917879533,0.559888761439233,-0.123338259219909,2.12373019666533,0.527290490007131,-0.134785568973511,0.884184614287096,2.94027216557867,-0.332863147052389,0.963973461959159,1.63075242381826,1.35214177426861,-0.861500108315962,-1.94934847762453,-2.13757484371553,-3.0805873982653,-1.36082127663922,-0.759728547824295,-2.10588670524074,-1.06087983209594,-2.58519903987884,-2.11700343801013,-1.06648812728438,-3.12314794647891,-2.52898562550304,-1.53463084280905,-1.4917932942941,-0.949543660373676,-0.998435015168143,-0.0306142720890492,-0.109222279746914,-2.07347880981148,-0.122222652331421,0.0357817336909551,-1.1193895534315,0.323975605020327,1.59402146672748,-0.539088564797666,-0.808381227092803,1.40367079396068,0.535831704030493,1.16660159767598,0.994094576089793,0.872522120122692,0.960238821869841,2.16443120109649,-1.12707046545137,0.295954488455742,0.902666845301078,1.96426275509369,-0.469685807707896,0.711052300857335,-0.119428033239063,-2.26889843594068,-1.13169187240779,-0.827505885660304,-1.18051774413868,-0.571139050343511,0.82369325892821,3.28667773470763,-2.06184703817835,0.75467059771318,-2.74768643094574,-3.35661479566109,-3.16038906572407
-1.77946315421258,-2.60881436408365,-0.618972252127622,-1.04790816784555,-4.36664702399709,-0.670703128683473,0.676070549163597,-1.18908450895657,1,-1.55287913566067,-0.784120436950618,0.139093057181693,-0.332890745728173,-2.3095662129353,-2.16432256704325,-0.202435335255524,2.50408543773033,2.01524963422341,-0.797993930270801,4.0976957748392,2.33160819945429,1.19791545229188,2.69740270556016,3.94644702487127,-0.697360582045273,-1.13816436834133,2.75448127708936,2.00461157092697,1.4996567748496,-0.150394813435808,-0.381106035633193,0.454584506294918,0.983941546310345,0.658627842966544,3.62355103116122,2.12092573241508,-1.11749391870412,0.955327180634928,2.4267072747262,0.577511833103135,1.09764650144309,-0.297163875261435,1.75774007492455,0.0565853501064438,0.412430512080852,1.26568427965774,1.50856662508907,1.19767344207987,-0.992138933860901,0.0353442525367507,-1.22768279269764,-2.23254011951551,-3.09149588071937,-3.87921789985577,-2.12811480452902,-0.878940235156221,-3.41183394878741,-1.50916485799615,-2.55017555583779,-1.88856743300882,-0.882815439360097,1.75699868143727,-0.271506430222668,0.18268655274905,-0.118894377546408,0.101785065397293,-0.737007691749865,-0.143151993140046,-1.92328975928329,-2.06493410500596,1.99163992439097,-0.52253892050753,0.125955692792139,0.118039877304784,0.116435486421804,-0.913338211796524,1.83573038454495,0.391247809944911,-0.00110200272198502,1.33910272894958,0.301762481743652,-2.29161939625109,-0.0198507199600988,-0.0957660648659544,2.59155761096004,-1.03918466281748,-2.0486481970228,-1.41416207902836,-0.765177075359869,-0.304451943282365,-0.398294651600098,-0.186921544665215,-1.20268713303206,-0.344020503615144,2.56956437904604,-1.46682580405529,0.430596841887672,-0.806400046352853,-2.7287229291816,-0.860085590132195
-2.29739087237919,-3.52725677257879,-2.26060691658545,-3.31927328756741,-5.3070353413928,-2.41242442401829,-0.160174751800881,-2.10620573868796,-1.55287913566067,1,0.899894513078392,1.87681098103165,1.29374167329239,-1.68769180690147,-1.44268167257757,0.416319683849992,4.4037147726547,3.58314686512952,0.643178492328436,4.58095069066053,2.38929328593253,1.9318756578831,1.80285855654446,4.42091110122831,0.361925137384115,0.905134291840435,2.4020570307383,2.31268611673356,1.57361856996772,-0.984105190074575,-1.41796577728927,-1.19664831080835,0.799396353408479,1.9685368724952,4.5327609006435,0.273196371116828,0.165277593803875,0.251452019602985,1.81009539016586,1.38500261777002,1.68366163464637,-1.07402194890366,0.608711229632594,-1.39363361007905,-0.0525248798040745,-0.229844370433747,1.73935015866592,1.25982630705277,-1.09160994944725,0.758994275471392,-1.52416377557105,-2.41639379242729,-2.77756430886568,-5.50287383393416,-4.05753860229821,-1.70437599090642,-3.46351782276077,-1.77133009380733,-0.817312974252927,-1.02040689555924,0.483192445506598,2.61161647708865,-0.418464171179464,-0.540353496049257,-0.641115149443731,-1.01771082715975,0.564624327024186,1.7951813631427,-0.42119859868797,-0.458323866227595,1.36541477812563,1.51497663561338,1.35792018728679,1.43326331471894,1.13028833211997,0.658336197267029,0.720616001163153,2.13083150283798,-1.26335785420863,-0.425879505915303,2.05026943664185,-0.918111896098978,0.767483109994945,1.47285720488484,3.67920972379209,0.110401834138111,-0.663544222456282,-1.12951001310514,1.01192171676351,1.34649187721759,-0.584780462571417,-0.893281842462926,0.26882366222998,-1.25613379830601,2.43408792060231,-2.50554227166075,0.327007198601673,-0.161477017529685,-2.4077029757602,-0.0564242263339416
-2.07863698083258,-1.92274591600419,-1.60332855699545,-2.32250491557827,-3.21255106228121,-1.98859413651602,-0.0630586131641269,-1.011424327213,-0.784120436950618,0.899894513078392,1,1.83221851518008,1.51945929429243,-1.3298855981067,-0.995003321476586,0.979601100783003,3.2814169743945,2.24152129687034,0.174251722506512,2.6176692137335,1.48375852188795,1.93245321537471,0.630175587142527,3.54302570440328,0.6548473615118,1.16763479657772,1.34746008822893,1.12933775197218,1.06942602967046,-0.657291592863848,-0.616474438556599,-0.791978606057891,1.19483509924825,1.61677034922811,3.0859824731959,-0.841411454609733,0.289709078401726,0.233409113635074,1.58868742292292,1.31128147638825,0.882844962097039,-0.836710903687668,0.637807911842407,-1.19966496281857,-0.261318439533714,-0.386227682010881,1.2540963566644,0.173592089548593,-1.26879958888307,0.28059456045252,-1.3218077308362,-1.36770831221407,-1.35731146540791,-3.54682141384709,-2.85163042748996,-1.47536886644466,-1.81647496911844,-0.697548790377481,-0.0960879807634898,-0.42908553433797,0.64684116359189,2.01466421956558,-0.129828528155392,-0.728827764593458,-0.485022762628702,-0.855456199594181,0.0602683905861402,1.44329319490663,-0.00538937565539965,-0.0456270739049632,0.510424762868791,1.49028780277757,0.568394905753244,1.4716347645921,1.09150394687347,0.906712529033028,0.450987165630458,1.56844720106909,-0.849388570402658,-0.0883652577178786,2.00892899119409,-0.671782079398196,0.394663754731078,1.05387620790976,2.08611632015471,-0.119666751518618,-0.386884821960812,-1.2793790757148,0.242198289184584,1.0654988129472,-0.43598214998869,-0.419822921774752,0.614431274460007,-0.732927707042979,2.0983364470063,-2.04378457398322,0.242583561830645,-0.784676263755821,-2.00755444390451,-0.228270751693401
-1.75918520920444,-1.45104098422966,-0.602733218315889,-2.13261161765763,-4.01440418514851,-1.02668533046155,1.21810719946555,0.152625564126799,0.139093057181693,1.87681098103165,1.83221851518008,1,3.28508499688705,-0.796587156718169,-0.462223788479951,0.0585235064786194,3.51836232230984,3.36642873175394,0.180680313596843,3.8513696537748,1.88689951535539,1.13212249354266,1.53388840119057,4.14207912852378,1.02297492304299,1.08222955603339,0.483092865688949,-0.0655457095796973,1.66797382590679,-2.47503353129777,-1.34737085350476,0.6823366003541,0.442839356984676,0.168762492794716,2.89917949608521,0.45997123272072,-1.19690617587057,1.15761217937383,2.49218105674007,2.3380498243432,0.69609156825113,-2.29200467233442,-0.0926220695861795,-1.27288494021824,-1.88430109082353,-1.1448306052427,0.371780340871618,0.263426476667219,-1.36071701610124,0.953035325868471,-0.184369803322328,-0.963375724815523,-2.06705601839394,-3.96322619492635,-3.02913038902922,-0.998580120739319,-1.59372707191837,0.0542298775776917,0.887003374920364,0.419877502348605,2.08049761283383,3.98963206296903,1.05510364320217,0.433539006726003,0.207505924851787,-0.341680369560194,0.362469429984232,1.69638640921229,-1.20701176967739,-0.568680683372189,1.50589756337551,1.37702433745812,1.3115247081505,2.80146936682481,1.54724721782895,1.13868482444578,1.2689767298684,1.72727463947391,-1.44284752817513,-0.112898932531022,1.11655976871797,-1.98095757974728,-0.785888117884199,0.169976337319493,2.23586712577035,-0.706927663259729,-1.67181341228194,-2.84233598649985,0.885518663413746,0.944399979735256,-1.07460178265715,0.413334626006588,1.29847146208448,-2.10951371453289,2.52635118329061,-2.27069653447567,-0.744855496796655,-1.11800873692473,-2.57800766276179,0.770189490458679
-2.59579338354519,-4.56172828121815,-1.22783226425032,-3.30260776406824,-5.06709346834836,-0.899946518488866,-0.776680497187487,-2.76178056009353,-0.332890745728173,1.29374167329239,1.51945929429243,3.28508499688705,1,-1.69242559082359,-1.54545172956745,-1.59516292495251,4.87607096458588,3.74287776014221,0.431249417010155,4.611702263706,3.06786234851966,1.63129626578508,1.65160403909652,4.33371837445943,1.99207967434015,2.52955902193532,2.29501054282444,3.13290296001259,2.04420387245167,-0.225960810076988,-2.11922688812389,-1.94677729313606,-0.748376403462015,1.50902246886321,4.35135724426935,1.09962383316738,0.965907177419179,-0.924883905851686,0.650881290100489,0.852662529834599,-0.273694875728205,-1.59799140324141,-0.639633197356525,-2.09723069798727,0.0332556838738762,-1.81998463565306,0.476535179352912,0.338637709070076,-0.984391920527011,0.470208501404518,-1.15060945598495,-2.34024691484374,-3.38397875921766,-5.35801744500559,-1.91399487912356,-0.380601733431798,-4.66401781552429,-1.1846304367657,0.394094468353141,0.102278424679668,2.30532686767526,2.97333291059299,0.935876591386403,0.415594145363104,1.0282251059041,-0.886783991580232,0.561599538297927,2.82756954605689,0.116823973355266,-0.00726258445509648,2.29144225706656,2.12773822471761,2.06459026533018,1.32096841807335,2.40224122778822,2.24513795962281,1.88932486786209,3.62649564347837,-2.48190090892795,-0.885723441233675,2.53434219558535,-1.0468773985818,0.530221678824268,2.33329906866978,5.16526494166566,-0.353022803323694,0.241448594177601,0.0482038663035396,2.38016822806004,0.0394944987859234,-1.34025924672242,-1.23173862842445,2.75313535813559e-06,-2.15907897917371,1.97761339024253,-3.3331243516111,-0.846806408327159,-0.0735726401648436,-2.37663854556387,0.855181445678711
-1.03043082364368,-3.4291885980812,-2.58275123412861,-2.27117771812061,-2.84388731934965,-2.50829517497326,-2.18351322195563,-2.97843685689739,-2.3095662129353,-1.68769180690147,-1.3298855981067,-0.796587156718169,-1.69242559082359,1,-1.77111775997569,0.898168855420649,1.53496773725063,1.00539621372252,-0.329482823276235,2.49375588441284,0.367651498352256,1.65681929879432,0.602388811909957,1.94622991313012,-1.01590721522559,-0.612018001206591,2.2508436727681,2.55541230839407,-0.027353060681886,1.56140267363551,0.173706430150613,-1.25151541172404,2.18637889304756,3.19619693132867,3.82769636070866,-0.516955924534359,1.46050837666525,-0.332651657188368,1.12485756002468,-0.362365025856657,2.66204161435728,1.70961386013587,1.90635992418047,-0.373856112529037,1.36130642113079,1.57902205345441,3.37048428223323,1.90294520614054,0.0219755893774525,0.347146320508459,-1.79352304842261,-2.44081286260932,-1.73876725926933,-3.71387066055908,-2.98869198984145,-0.766750482568758,-2.80226698887731,-2.37976637338144,-2.30006284322395,-2.43796261333125,-2.75912902186493,-1.11623568128476,-2.42987873591545,-2.13386529032272,-2.30406953511355,-1.3789481367493,0.297922225683476,-0.471501107191394,0.286742663296745,-0.473483320191459,-1.04134654174607,-0.387096414458862,-1.24632217189655,-0.806799543088891,-1.38125421303884,-1.30244808996191,-1.04107436107694,-0.0439267355809412,0.894302582389613,0.99232575140444,1.43706846161743,0.794873089275501,2.00513967331308,1.76848862478253,1.42730529202344,1.15632117978481,-0.130717215909486,0.881240890054301,-0.124983675782421,1.58935212219075,1.58297997478745,-0.656476327194229,-1.00751995091555,1.63228625777001,1.14404731913855,-0.74872441586999,2.31534209747963,0.794655447946402,-0.243952471604405,-0.972554407830002
-1.19151995232593,-2.60878135759325,-2.42194858968465,-1.52650901543707,-2.28005653069206,-1.8577398242477,-1.53711513676074,-2.5209814475565,-2.16432256704325,-1.44268167257757,-0.995003321476586,-0.462223788479951,-1.54545172956745,-1.77111775997569,1,0.810434294856693,1.76279292928594,0.694231015048114,-0.171301782013051,2.31411373840161,1.20711725857259,1.60736385031879,0.77792151022471,1.91290213486534,-0.569724289294426,-0.323106567838185,2.53425875234837,2.45053334373054,0.338922598913118,1.52089186924917,-0.0750679694569873,-1.26188625675902,1.5695591594201,2.41001780233895,2.71973680523146,-0.0445829545566037,1.05666889984698,-0.30708617109102,0.611040215675147,-0.584455080508807,1.65099677228234,0.855402820946985,1.32603019594485,-0.262870026413426,1.74418210552014,1.14516249735883,2.25686882558352,1.25555339121818,-0.169952464482265,-0.0224654310203578,-1.88745687989388,-2.33102981355974,-1.32124634752458,-2.95664393344139,-2.30091244423561,-0.668850976737931,-2.77536199908992,-2.25962998256929,-2.09161189331694,-1.84714770993933,-1.98997327095343,-0.700674729523227,-1.8230534900032,-1.60589221425086,-1.17704117976484,-1.06818304957101,-0.0766892263861093,-0.123718587152709,0.298833757344874,-0.341874545276108,0.204989722472218,-0.326702147419561,-0.762468952705952,-1.03336404005257,-0.555430878907791,-0.867379802955268,0.1078129440756,0.210802183958611,0.220491233217882,0.912512043062664,1.48786893481615,0.267103668811986,1.54596069712361,1.15302737926843,1.70550216375139,0.262473341416293,0.0151052891615141,0.723643768831419,-0.395661857341982,0.819309674753692,1.00568358440721,-0.81619178349061,-1.22628396527766,1.0241373789155,0.904816266781287,-0.828373101513485,1.50814215106776,0.455328473245318,-0.692915399518422,-1.03702031219035
-1.48405358412552,4.20637653576924,-0.920112084972921,2.20854247130414,4.14073538414908,-2.36999311894715,1.50252678921058,1.94861608435421,-0.202435335255524,0.416319683849992,0.979601100783003,0.0585235064786194,-1.59516292495251,0.898168855420649,0.810434294856693,1,-0.581824999073067,-3.11467346174152,1.02048131993633,-6.18041842454781,-1.06229467541109,1.35968607007688,-3.20268196484765,-0.981548443900703,0.759995015116507,0.431280792294677,-1.93377801400789,-1.63034819447916,-2.04260062353773,0.116182177068583,2.11045262584166,-1.19923988161884,1.06765796161942,0.483499678784135,-3.07548245472009,-4.23338129113368,1.22718914913359,0.213658321037529,-0.166574514230951,0.513120982115752,-1.30889963459797,0.40581638158343,0.84397203531742,0.463032620581812,-0.280884900159834,0.554158411603517,-1.15085713327034,-2.98310054405579,-0.903461948197932,-2.0329364388245,-2.03799749468793,2.09147324274809,4.75707784692828,4.12561988453645,0.581008563175577,-3.09389270595198,3.91534392973638,1.26452580787042,0.456008555454448,0.192978423902099,0.344541889855984,-2.83758611354446,-0.0685647187698351,-1.0972132001146,0.322001579471405,0.234939768801269,-1.8757173662098,0.0960898223624879,2.30766905815453,1.20909032901161,-2.11685390316002,2.66135449467274,-0.691399329454388,-0.529923286916844,1.72733880585033,1.78041146478532,-1.5478310656829,0.113548090877563,0.992734808363448,-0.990330144442911,1.86514026034509,1.73570949434522,-0.532450699328098,-0.0172704244393034,-2.35265919430952,0.759179185424959,3.28851552642392,0.173443366112779,-2.60743696827727,-0.172967756723209,-0.683260814762007,-0.565661431845441,2.04232942015246,0.923673048696143,0.39134129548562,0.398093309560082,0.197368555849501,-2.90622720967235,-0.465809294568136,-2.46474961566033
-0.329082200941796,1.96920684330805,1.38646667864312,-0.125776032201565,0.430914412926095,0.760816066483766,1.75040581063583,2.66603039306338,2.50408543773033,4.4037147726547,3.2814169743945,3.51836232230984,4.87607096458588,1.53496773725063,1.76279292928594,-0.581824999073067,1,1.44849128818395,0.294318789024984,-0.107166483565741,-0.0346231001157085,-0.367710385930698,-0.82367821317149,1.07680524497232,2.49008874552472,2.3160203971867,-3.13664621957,-3.13253098004811,0.560851385677661,-3.23335056213574,-0.977314225507031,1.62300432116509,-0.828132528219038,-1.78726699089662,-1.15430257652232,-0.832581197976676,-1.12952683581289,0.975746937988815,1.14729628390763,2.52272297972027,-1.45437969206145,-3.06090104755187,-2.00129323072617,-1.22045715232663,-3.63540508257439,-2.95169971803573,-2.10981970342129,-1.80691299887073,-0.849577629605945,0.819885223537987,1.54140116217347,1.84895356915185,0.791587318811453,0.358781797637784,-0.0405106161889021,0.276644245690778,2.09652682368588,2.75480351858445,4.21443466277792,3.02675137946971,4.39884765220272,3.58334910660381,2.76984461145104,1.28241094450933,1.46282342936059,0.239335902987439,0.418284941056664,1.85279623372431,-0.228428642476879,0.796021636330913,0.29883913014969,1.91447185201293,1.18031540160928,3.56532394162163,2.22785154436096,2.65049517073445,0.628971973262734,1.49876940799698,-1.69112120228137,-0.881938716113575,0.418275659968426,-1.12797877963834,-2.15272232452143,-0.528038315832098,-0.441781224915262,-0.631990491043952,-0.533560930896375,-2.8267807113156,1.38889002046779,0.395134619352872,-1.37704921425803,1.46815921205686,2.97893661163761,-2.62764341061373,0.791859737360421,-1.20151465609115,-2.08366169393737,-1.60123602259154,-0.884337026645517,2.01563778808062
-0.483897043150757,-0.974731479493294,1.4646382537388,-0.739168338808739,-0.865616836873236,1.69900803770747,-0.238032143997609,0.238277521499026,2.01524963422341,3.58314686512952,2.24152129687034,3.36642873175394,3.74287776014221,1.00539621372252,0.694231015048114,-3.11467346174152,1.44849128818395,1,0.0330899686098574,1.43134296719589,0.524700449866272,-0.705916807152195,0.0637493045694385,0.946950626720188,2.56617739772992,2.59923648777767,-1.46901843993038,-0.482063733669839,1.16423748859144,-1.59724645545625,-1.53565507641423,0.980453228444126,-1.45685968246639,-1.13544255122726,0.657583377920665,0.824676725948708,0.154009407824094,0.0585605377975572,0.418295390476574,0.892580327000602,-1.54592593146103,-2.32144328863871,-1.8263483318618,-1.04986911534337,-1.87004073457851,-2.67440935137579,-1.24890247489283,-0.782789626498854,-0.0170250458910935,1.18235135076194,0.719805110972639,0.227811937905138,-1.29226227379411,-0.87478019930236,0.97765449741132,1.18857286550949,-1.11929696684324,1.49012524442975,3.40863839470188,2.52055513857624,4.1452176659264,3.30290871832844,2.64026836279685,1.67481701290663,1.70943518909368,0.0946326067338243,0.421416866743853,1.92678378105543,-0.0929930562332456,0.141877952794076,1.10364122396809,1.11303471897104,1.2780307070169,2.15994869910634,1.8815129510052,2.47174143405083,1.21336547484669,2.08948020439827,-2.0866749428625,-0.951933471443288,0.515023610588671,-0.810095876771321,-1.11252353604362,0.64159972769879,1.80625775108952,-0.418327308014583,-0.409059673292212,-1.10780122868631,2.46941368229432,-0.282875657726366,-1.0111149714048,0.906262494590418,1.45323581715669,-2.36519793668702,0.190996192588672,-1.36625249153946,-1.90054367468944,-0.282872301901107,-0.647341679098962,2.63547095173532
-0.350592893295648,-0.369428378410256,-1.43304198326299,-0.913295125772199,-0.231556774020668,-1.77631348444158,-1.08611349575739,-0.471752559617554,-0.797993930270801,0.643178492328436,0.174251722506512,0.180680313596843,0.431249417010155,-0.329482823276235,-0.171301782013051,1.02048131993633,0.294318789024984,0.0330899686098574,1,0.146785606202244,-0.935710896348211,0.817208519452674,-0.921075229806727,0.647593881763205,-0.0759590541574912,0.0490392671155931,-0.59037582027039,-0.39526258540938,-0.605700420960263,-0.135500218198053,0.434167117307518,0.3215883387274,2.00802454129084,1.65998587054034,1.28115842415377,-1.75398391458676,0.861843602998783,0.582251213039324,1.42292181151373,0.600125907267677,1.77658202642588,0.519790100962216,0.929815271978203,-0.182841258541828,-0.685492546713049,0.492963429894754,1.88863194603011,0.518581956627837,0.0446250645556488,0.652513486459472,-0.804921141467428,-0.429397334459018,0.352935113277437,-1.06717207851708,-2.074977971174,-0.629077703558394,0.250605747860472,-0.321348324982276,0.279761387566206,-0.491395503085334,-0.775120652975125,-0.268834630677589,-1.0763120849689,-1.60179273357766,-1.76460464035861,-0.96730744771651,0.185655229311779,-0.340586617126674,0.480055692646883,0.0992531837331405,-1.87827496805368,0.0888682132990676,-1.41737995845892,0.627640726972581,-0.826451531782312,-0.317553444534805,-1.54388001966357,-0.421447758485017,0.752749330840484,0.605127412291576,1.00523948350451,0.898929147117307,0.58657072098603,0.762996405171229,-0.757897880094708,1.0793747574486,-0.138459209005299,-0.590370877561154,-0.231025509843734,1.84593995997197,1.34457234592735,0.626483075136548,0.915988850608424,0.953673407963887,0.646465776995096,-0.114581888108554,1.39376659410957,-0.203635910122433,0.245420023032742,-0.0609752400442025
1.26923822038679,-1.26079213032617,3.98517417494992,-0.376348964913668,0.501423409814139,4.68657605379295,-0.866508226349896,0.353915910100975,4.0976957748392,4.58095069066053,2.6176692137335,3.8513696537748,4.611702263706,2.49375588441284,2.31411373840161,-6.18041842454781,-0.107166483565741,1.43134296719589,0.146785606202244,1,-0.223717042820251,-2.83769872037851,-0.162546873719746,-1.7366440531944,3.45968991506429,3.80460498805871,-2.66214507077421,-0.549832117165461,1.3197011827394,-1.35089565818861,-2.46461428116825,0.811439616508234,-4.39690159013141,-2.9592815514058,-0.977949524083253,2.32837954789365,0.437887683778643,-1.33230900947963,-2.05796307118171,-0.0604655642583385,-3.57680057694309,-2.52733279781692,-4.07878823872977,-1.28120530009659,-2.04140292905186,-4.46461569114183,-3.2598085532435,-1.12327955945751,1.0900241370584,1.56636182432243,2.87454979812466,1.39955607298929,-1.70086549763185,0.88763689694423,4.47298730478152,3.5731675391772,-0.949940409681881,2.75639798784584,5.37099901598228,4.35075828498451,6.09514498365454,3.60616910015524,4.33867772119757,3.581940799201,3.26343516613185,0.743808143746375,1.3620743479156,2.58998648224525,0.147039963316717,0.832381419940689,1.60670681554812,0.930444318820525,2.6328225434902,2.07703586174419,2.14631263896764,3.44220658461589,1.53688520853801,2.822246188899,-3.14160661910079,-2.29398569605502,-0.905524632068468,-0.394484274428155,-1.50153148809935,0.886324935537357,2.13066469755102,-0.391480127452995,0.192325069691414,0.515643737480594,4.80189571866799,-1.611131054761,-1.71445151952916,0.849927327891571,1.19570364780137,-3.42826658761032,-1.98174227777247,-0.767912981480677,-3.48095393122831,1.31283874097298,1.1455198114968,4.7397778475571
-0.068303679446323,0.963885295014025,2.09019611877893,0.348324117113151,0.253989165213947,1.29462900108911,0.983001721127393,1.91028288328419,2.33160819945429,2.38929328593253,1.48375852188795,1.88689951535539,3.06786234851966,0.367651498352256,1.20711725857259,-1.06229467541109,-0.0346231001157085,0.524700449866272,-0.935710896348211,-0.223717042820251,1,-0.509587962470812,-0.481637241923393,0.755753606991413,1.25671125664432,1.00539865637619,-1.91937487250901,-1.8539212132553,0.381705019073648,-1.46097296212781,-0.0849081504842311,1.57440568022508,-0.407313059085203,-1.44663919862274,-0.345878309466676,-0.0560225518423349,-0.845792956862605,0.68118445096771,1.08388691204854,1.38169493951845,-1.27211595382173,-1.15960670898674,-0.63688378917722,-0.354163762787256,-2.38444848641376,-1.38525900179734,-1.13068973835969,-1.26135341604949,-0.567858174175459,0.367045862084992,1.39844220545264,1.3697929093485,-0.107089545202663,0.544327356810492,0.999002870103788,0.677478314017191,1.19519908745424,2.30276443327309,2.19507117429071,1.54479290975242,2.4994842631065,2.3794727984618,2.20132384725231,1.21360307541669,1.00506730251444,0.605366486817711,-0.232033675399747,0.595844841112822,-0.822371428509965,-0.246155666391361,-0.0558485500008783,0.566278841353849,0.125246943385089,2.12785743434711,0.86363175197222,1.25479305327879,0.505695038234992,0.55584360215177,-0.452516709029577,0.241770672304687,-0.31892358712828,-1.19469126102946,-1.66304888062873,-0.413676101469533,-0.615134678447823,-0.680375232754647,-0.966271789461525,-1.84248171278002,0.413924132009814,-0.343321728269932,-0.860669017393481,1.24622122365402,1.31878036531394,-1.14558065870191,0.872995115749031,-0.550573915610776,-1.09206549643703,-1.29411374482274,-0.584131891291424,1.28001371755566
-0.182813572643215,3.83341126125821,0.668263753418033,1.52680921762158,2.30985757787776,-0.237169552777273,2.50669941441279,3.05721014233571,1.19791545229188,1.9318756578831,1.93245321537471,1.13212249354266,1.63129626578508,1.65681929879432,1.60736385031879,1.35968607007688,-0.367710385930698,-0.705916807152195,0.817208519452674,-2.83769872037851,-0.509587962470812,1,-1.32578468792926,-0.449926384473447,0.975057997531338,0.533078919379998,-2.60390341752947,-3.0188803599534,-0.613308576454327,-2.26051399914402,0.39136045843049,0.901571550079922,-0.362175035792638,-1.63578925213599,-2.8929266038386,-1.63868933860594,-1.08862439162302,1.04493997498124,0.422348823406027,1.61715010699631,-1.23789462120862,-1.68515371186279,-0.837204639961564,0.020972074448684,-2.11812426220275,-0.979808406473405,-2.13295476776938,-2.01213523239427,-0.73980664044671,-0.437228036158737,0.478653188328615,2.23808787381113,2.71951691301642,2.65374355555154,0.285770185482075,-1.21658713304479,3.54437428124087,2.04247149057161,2.0644292098225,1.64409613577622,2.15589506294504,0.695482037950213,1.419425579822,0.632966724763205,1.02972989231114,0.689952196015177,-0.523112141558288,0.577192393252172,0.281772030977656,0.710504539274025,-0.304953699367797,1.64511300781548,0.630748772500437,1.53698901854318,1.63838787164937,1.5190975536433,-0.165224330919257,0.161311612952516,-0.276538169272008,-0.943014036901396,0.0364521058079645,-0.251817745931709,-1.7352877962089,-1.28210204400434,-1.87719416662795,-0.292599655249441,0.628522844596925,-1.83199898397723,-0.751021571672373,-0.0669989560302035,-1.21411651474734,0.661868317878996,2.32267581846981,-1.17380939067268,0.275935915995366,0.163612553896822,-1.25424870166355,-1.95458822404386,-0.569533505089236,-0.133171355063124
0.349425901444586,-0.138369350601864,3.03998139123771,0.996138807884191,0.634896645776106,2.84333982026438,0.242889034834612,0.976423015555505,2.69740270556016,1.80285855654446,0.630175587142527,1.53388840119057,1.65160403909652,0.602388811909957,0.77792151022471,-3.20268196484765,-0.82367821317149,0.0637493045694385,-0.921075229806727,-0.162546873719746,-0.481637241923393,-1.32578468792926,1,-0.250639292372856,1.60916376689381,0.959428021810184,-1.98708282685937,-0.976652254400541,0.427160997400412,-0.617377945280501,-0.259031629727157,1.71980714214015,-1.41097473362944,-1.78811346782024,-0.308842204832439,1.66145108022094,-0.391671032138169,-0.0615926103676095,0.408941367562638,0.277345102877978,-1.99584142004057,-0.868795064708795,-0.882613103374449,-0.172631217673056,-1.76946564672626,-1.50795323321134,-1.37441618338833,-0.929162219226037,0.221047716484001,0.26611598866856,1.3805122338209,1.05215268285753,-0.988133447511157,1.00592510427422,3.03943891312695,1.96853984984042,-0.176958985540341,2.01902985181454,2.08645065748782,1.63248441174827,2.47152220240797,1.18415016704003,2.28372134213659,1.92563577817303,1.6181080309284,0.854832781495216,-0.242761304226369,0.128526773326415,-0.749412801467264,-0.593561163271869,0.364566251266507,-0.0945670447194802,0.200973757246613,1.0061664919153,0.772258279399442,1.30667255554412,1.14071284500703,0.602133833995076,-0.518289697066298,0.0688218649995638,-1.02747156589889,-1.12582681344048,-1.47923949191687,-0.141593608305397,0.237971563510415,-0.554173318774482,-0.725303786304824,-0.494816552973445,1.35380842689796,-1.54726373257307,-0.70969189406542,1.26044979500512,0.572333799790407,-1.1512998701483,-0.0404712166165293,-0.322297323831642,-1.58295002405485,-0.562437070096305,-0.113509667941991,1.77437598646451
-1.04633790333049,3.53859465138913,3.27662016636865,1.62071870723071,1.5189286574577,2.23800606717797,3.96760504495425,4.1862600088438,3.94644702487127,4.42091110122831,3.54302570440328,4.14207912852378,4.33371837445943,1.94622991313012,1.91290213486534,-0.981548443900703,1.07680524497232,0.946950626720188,0.647593881763205,-1.7366440531944,0.755753606991413,-0.449926384473447,-0.250639292372856,1,3.45751193272736,2.70375700439343,-3.69330094893779,-3.65033583497542,0.949312325772219,-3.6843307112656,-0.68032682117048,1.65621296044512,-2.36702538611896,-3.54514192612793,-2.75043405358812,0.095638834355767,-2.04154696290744,0.650923440639725,0.688121954880415,2.73695093130331,-4.09297230148407,-4.08582502804785,-2.40569986582027,-1.22646233535965,-3.84732652869099,-3.66319462063403,-4.50901690505233,-3.62753072309959,-1.69111001800866,-0.645966304278594,1.58625727073047,3.07985702517962,1.39622078258957,2.35774346842166,2.63103756951682,0.0048876995760514,2.79995456335674,4.01024738957024,4.46454802464859,3.8561039709975,5.9502297077565,3.38476050136686,4.2927518353111,2.95469672886905,3.67075577083576,1.43419920878057,-0.634598689950835,2.27290712445524,-0.390756738121395,0.715822762127554,1.76829139205791,3.0365352291973,2.52681142568027,3.50171317793542,4.24280704087889,4.12120573706742,2.47925388033797,2.26747803658292,-2.24636470373709,-1.69853145339443,-0.0240764486376464,-2.40229603140599,-3.50448957648216,-1.49176031047133,-0.0516375268144411,-1.84279136485107,0.0847747242394131,-3.05538453624612,0.951143574946916,-2.03783146207863,-3.34270123390113,1.14660345216593,3.20585394938229,-3.84976104234891,1.05629761027917,-1.65347898566691,-4.06249565198776,-3.11740424794309,-2.27367408545263,1.42055325983311
-1.23774508118773,-1.18899610690377,-0.862812556779866,-1.77415979963469,-3.83364684055765,-1.43653866561528,1.06216722664962,0.094195166847218,-0.697360582045273,0.361925137384115,0.6548473615118,1.02297492304299,1.99207967434015,-1.01590721522559,-0.569724289294426,0.759995015116507,2.49008874552472,2.56617739772992,-0.0759590541574912,3.45968991506429,1.25671125664432,0.975057997531338,1.60916376689381,3.45751193272736,1,-0.358154735728615,1.08287137460595,0.130043361258592,1.23091853930249,-1.96084996019833,-0.662797741797934,0.938712776503802,1.21317711128617,0.426558874254285,2.91556848401242,0.38582263136663,-1.37243400042813,1.55281038902648,2.65511071296869,1.8148608514138,1.74126548128744,-1.12257942369162,0.956160615915523,-0.365100722010081,-1.12126364760282,0.398938630555934,1.30713729032593,1.02870751871671,-1.05570524601167,0.936458609769985,-0.446337732858291,-1.17308855706616,-1.91509999174846,-3.5303818198981,-3.43259232257545,-1.43703290393902,-1.26305364032627,-0.561294771312801,-0.581554176076348,-0.70190579207415,0.286203653070376,3.07103192088716,0.0502883801376415,-0.0549826572423988,-0.81896777362375,-0.23517627314335,0.133080850469132,0.577961175828206,-1.57084108843489,-1.15081150430217,0.89622894876659,0.330237668219444,0.543901102660065,1.92947303181136,0.186389452033394,-0.366110747222756,0.496388810051977,0.430563986743579,-0.319756766207239,0.407158968564094,0.418323567684595,-1.6596876573952,-0.345893026247825,-0.268850320614034,1.31360467764257,-0.39224048557883,-2.13771637552187,-2.70919641770066,-0.200137346772007,1.28160552107155,-0.373708401287722,0.391372114003618,0.617942542826918,-0.952176811410605,2.33597200300601,-1.26925983208432,0.27783971386088,-0.74321518733223,-2.1428997049448,0.0630908679010923
-0.602544167732429,-1.48914982235048,-1.73598612455308,-2.28193375652846,-3.65571774469568,-1.7944389758896,0.0490582627143773,-0.484408310339528,-1.13816436834133,0.905134291840435,1.16763479657772,1.08222955603339,2.52955902193532,-0.612018001206591,-0.323106567838185,0.431280792294677,2.3160203971867,2.59923648777767,0.0490392671155931,3.80460498805871,1.00539865637619,0.533078919379998,0.959428021810184,2.70375700439343,-0.358154735728615,1,0.840244705667451,0.120794822994754,0.851379166725558,-1.883232262316,-1.19323417031071,0.811298631968103,1.19214942558148,0.780774872982142,2.66718495261237,0.0562333840381578,-0.846509956503271,1.65012952732964,2.3222922487334,1.65290549907968,2.49730232633125,-1.13083408936429,0.285352275837868,-0.400723853212572,-1.29013539735638,0.144921624507699,1.66175906698595,1.56889450809435,-0.342573191503881,1.74296868209443,-0.15536245007809,-1.4765609226399,-1.70098541016456,-3.91247558895951,-4.29705083895486,-0.944770234319177,-1.33856763576695,-0.917896567507739,0.0529816243227859,-0.467378797741218,0.37317208042289,3.21622121501757,-0.170957070374613,-0.554626727960979,-1.22980845206254,-0.709462269213792,0.753909181353235,0.704258232713549,-1.18743520727397,-0.749063398742583,0.480372917605418,0.0322879290520182,0.211300924643673,1.9083663683116,-0.315732478547512,-0.542912243452859,-0.263625957098899,0.452469590263227,-0.517531511898342,0.44479684591035,0.669874167184149,-0.81459715086217,0.0297441681120825,0.182746034298941,1.20231787930243,0.208806028612908,-1.87935791837468,-2.27450743578589,0.494584087378331,2.32371200910658,0.396124530344262,0.563421863297791,0.774343070339925,-0.848364824006824,1.69738646280379,-0.936033456607366,0.813178120632056,0.0734002035918301,-1.10064399531481,0.787750521950605
2.61537905353843,2.63702638150515,2.60103645522759,1.73991610599754,3.9189080398755,2.89590599023504,-0.0483830354653041,2.22812371621084,2.75448127708936,2.4020570307383,1.34746008822893,0.483092865688949,2.29501054282444,2.2508436727681,2.53425875234837,-1.93377801400789,-3.13664621957,-1.46901843993038,-0.59037582027039,-2.66214507077421,-1.91937487250901,-2.60390341752947,-1.98708282685937,-3.69330094893779,1.08287137460595,0.840244705667451,1,-2.89352710059262,-0.909887733428939,-0.547352174548469,-0.278453054163283,1.40035093347235,-2.01783959987227,-2.58977513369966,-4.07280216687447,0.0240002037873657,-0.356969127077212,-0.133664825797702,-1.72952990759217,-0.147219671176694,-1.88222058461882,-0.588906992595634,-2.58957277648254,0.253684150838023,-1.94426928184853,-1.95621729929133,-2.5157914941879,-1.25345406946701,1.20612693824582,0.648810959520918,3.13464681701283,2.59640380987876,1.82684976603189,3.78552499731777,3.19889048010955,2.7555468032202,3.12264743867859,2.68626899612145,3.37719661399273,2.67207847261067,2.2840621810654,0.452160293977641,2.09715674606277,1.32888938162394,1.33869357992014,0.739602410084979,0.681077914761734,-0.094315441465167,0.159596703080149,1.02628433134095,-0.784376828040626,-0.669080850586508,-0.213252761430374,0.733465456920616,-0.24637978203013,0.720763420657101,-0.527194072779907,-0.494035485456703,-0.367277217813308,-0.187554258891745,-1.67259585346134,0.579255346986244,-1.45067625262915,-0.811248514535437,-2.59377452271262,-0.0860659726797345,0.263980159944963,0.302334176512437,1.27478775254847,-0.437725941336781,0.0660856398233171,1.37741846324286,0.905896566994579,-0.622106608248807,-2.27667135275592,1.52469626895681,-1.19701942053535,0.609922242886239,2.62425877506192,2.29836769176597
3.51350439612546,2.43576700119654,1.95162944820396,0.967282508243078,2.81691898674986,2.85432742096778,-0.0798696319443029,2.24962643198854,2.00461157092697,2.31268611673356,1.12933775197218,-0.0655457095796973,3.13290296001259,2.55541230839407,2.45053334373054,-1.63034819447916,-3.13253098004811,-0.482063733669839,-0.39526258540938,-0.549832117165461,-1.8539212132553,-3.0188803599534,-0.976652254400541,-3.65033583497542,0.130043361258592,0.120794822994754,-2.89352710059262,1,-0.393483629354818,-1.47974280660572,-0.95992711527639,2.35314348202045,-1.64496936162171,-2.77691056841197,-3.67526843228378,0.758267099605775,-1.42900175459535,0.62358659702875,-1.30817244891183,0.0825076376175351,-0.334524835276688,-1.12212213691288,-2.79195815190928,0.399467385621492,-1.93418806300694,-1.69518259425942,-1.7990632367281,0.197722002066918,1.4975101278906,1.76064834173583,3.71026416041355,1.94742490713693,1.07471835526597,2.56828126933806,1.47772296153722,3.09481231420466,2.90475575596727,1.94457180357822,3.20623821857513,2.5927152024369,1.62168169761434,1.64270812562838,1.43122767569694,1.11223248365938,0.429459576662118,0.457234067895931,1.57859674451702,-0.403894370412706,-0.713035361016434,0.806968722338982,-0.292228748921547,-1.86197662683154,-0.108742440541296,1.23288918417616,-1.33311553279607,-0.605380495585269,-0.549768484278943,-1.36895429528248,-0.485884846514972,0.107837434795148,-2.5092581665688,0.155378878849962,-1.20373794959686,-1.64314574526278,-2.83365714847973,-0.236265265671343,-1.36165713287919,-0.730980208055736,1.57538327421946,0.682427009221851,0.74811518972802,1.88732188541772,0.687446614120534,-0.831697902501326,-2.59944460433827,1.97071900631342,-0.907912884278386,1.75946052175468,2.92843643410619,2.95526002140923
-0.113779617828138,-0.848914111437814,1.35871726118183,-0.259530275335381,-1.00143815143821,1.27721629866869,0.180420760357091,0.287598450335406,1.4996567748496,1.57361856996772,1.06942602967046,1.66797382590679,2.04420387245167,-0.027353060681886,0.338922598913118,-2.04260062353773,0.560851385677661,1.16423748859144,-0.605700420960263,1.3197011827394,0.381705019073648,-0.613308576454327,0.427160997400412,0.949312325772219,1.23091853930249,0.851379166725558,-0.909887733428939,-0.393483629354818,1,-0.904807391498946,-0.798926032236252,0.989907755052317,-0.85266538545621,-0.888188884322105,0.679983179272648,1.20598894098893,-0.437743556946432,0.250188798531871,0.802747663446238,0.773676470904238,-0.768740339802867,-1.05245781861539,-0.80396211348793,-0.528789948997528,-1.69440658674856,-1.30327910409008,-0.639325185698621,-0.265814270302992,-0.0350239360471745,0.622833292382037,1.0364360863763,0.170628937615529,-1.31303466118232,-0.923430038117728,0.627398879596526,1.15792759255646,-0.789061504188045,1.02064381587355,1.48522708028856,1.0013820066692,2.01339046205724,1.95042392995018,1.62981916897444,1.13974564435444,0.966166159117855,0.269709201406008,0.187187157163351,0.627890176271659,-0.785588434513949,-0.455900514181564,0.640328705533164,0.205255828069313,0.396447115657552,1.31431504972322,0.719048605790419,0.987593336972501,0.859018450960807,0.962454279520466,-0.802712199545782,0.166745768757886,-0.197505516366292,-1.05324846038288,-0.995205801271234,0.240215592725178,0.935536212675521,-0.388439671060047,-0.806932436560739,-0.785866351994446,1.30576604150509,-0.393616497075982,-0.545736237843489,0.7858748076782,0.563064285407176,-1.25812108123246,0.615094706151702,-0.846775410508598,-0.911116513928831,-0.392612029379447,-0.479908089914259,1.44337578932278
2.92211367347899,2.31416999873096,0.578799358785177,1.38038983088858,2.31661594786039,1.15690518993323,0.107316540127839,1.32587304713246,-0.150394813435808,-0.984105190074575,-0.657291592863848,-2.47503353129777,-0.225960810076988,1.56140267363551,1.52089186924917,0.116182177068583,-3.23335056213574,-1.59724645545625,-0.135500218198053,-1.35089565818861,-1.46097296212781,-2.26051399914402,-0.617377945280501,-3.6843307112656,-1.96084996019833,-1.883232262316,-0.547352174548469,-1.47974280660572,-0.904807391498946,1,0.103876399839063,1.04558887616152,-0.770236544392609,-1.73260822101858,-3.17736607102657,0.435312934628352,-1.12834154706037,0.690523457541276,-1.52949812838727,-0.96457688607741,0.710477792270655,0.70112092342948,-0.833390642441674,1.60360827472418,0.389014938201318,0.958316361640942,-0.648923330565681,0.892701040243816,1.40354714813563,0.772326075670692,1.93835695101506,1.01316882227939,1.34960933357754,2.69505594359156,0.548690118529764,1.01235022473381,2.39667195260286,0.172245678252016,-0.22875031862072,0.155651770528663,-1.2198761100467,-0.406909244149244,-0.275977019768738,0.314833421629116,-0.463577919176735,0.688591441078517,0.613399007204292,-1.39735396580825,-0.666348130028032,0.013555202908087,-0.338155873187839,-2.25858322769097,-0.459907234002732,-0.943995977996577,-2.18007936975152,-2.21362871758319,-1.16763894340985,-2.27274836457892,0.85320801506795,0.26646347862183,-2.42370605298613,0.727775952878394,-0.139644519107615,-1.72610927699069,-2.72690932665055,0.109590050394936,-0.711780318068812,0.300847371733161,-0.579101451278404,0.523175825807285,0.886852056956479,0.499629817994257,-0.767666278691305,0.768038361430021,-2.26161957493281,2.74061845338944,0.540953118973072,1.70721255216033,2.50406841578688,0.569325619517165
-0.140260385075291,2.50577165692903,-0.12571835466461,1.83363841077868,1.95741730961333,-0.519615494325124,1.74190230522543,1.36930892897587,-0.381106035633193,-1.41796577728927,-0.616474438556599,-1.34737085350476,-2.11922688812389,0.173706430150613,-0.0750679694569873,2.11045262584166,-0.977314225507031,-1.53565507641423,0.434167117307518,-2.46461428116825,-0.0849081504842311,0.39136045843049,-0.259031629727157,-0.68032682117048,-0.662797741797934,-1.19323417031071,-0.278453054163283,-0.95992711527639,-0.798926032236252,0.103876399839063,1,-0.230936760078633,0.234712044305473,-0.480443129710666,-2.14907622073823,-0.631924347216972,-0.713921455080942,0.137158419417931,-0.315385155503813,-0.0349136804425047,-0.588555520863428,0.257289385117804,0.602313752775896,0.617206594184366,0.434645891495096,0.92320901639474,-0.925350904687847,-0.967539224959984,-0.524267894126368,-1.48572881248021,-0.475679806013965,0.962190190887323,2.03124744662134,2.29024344216502,0.611907968138798,-1.1205888968049,1.9949663775977,0.155987568384177,-1.17435565909659,-0.575751026459591,-1.17539691461865,-2.09180013577016,-0.628522466112035,-0.244343935029042,0.291972333856265,0.571250453391023,-0.892116798223408,-0.865583251577346,0.235781156816811,0.183619327768201,-0.100279394447159,0.24709022027014,-0.193761780507724,-0.98379773699926,0.31527517532137,-0.351566030689796,0.112539858874415,-0.959793676536718,0.889045547587143,0.0371309031875845,-0.330706889852173,-0.061368947987159,-0.406551599581922,-1.1998988650142,-1.55011140276818,-0.374054030626264,0.80350834459334,0.0353065043947912,-1.91578520352079,-0.882671633079623,-0.434920941480008,-0.397454568086476,-0.0249867548437158,0.5677502306028,-0.0183190613072584,0.667775868283716,-0.0852392893979328,-1.1079188651585,-0.364172285349655,-1.91518479397053
-1.5833833859554,-2.34035294540883,0.910870140674093,-0.303159170354136,-1.6356008879808,0.790510870377561,0.369526589420434,-1.45588118508977,0.454584506294918,-1.19664831080835,-0.791978606057891,0.6823366003541,-1.94677729313606,-1.25151541172404,-1.26188625675902,-1.19923988161884,1.62300432116509,0.980453228444126,0.3215883387274,0.811439616508234,1.57440568022508,0.901571550079922,1.71980714214015,1.65621296044512,0.938712776503802,0.811298631968103,1.40035093347235,2.35314348202045,0.989907755052317,1.04558887616152,-0.230936760078633,1,-1.31862306077602,0.329535576235682,1.73903351531379,1.7527955578154,0.535907980095879,-1.78937074101148,-0.648868289129845,-0.48483661577765,-1.83777140469664,0.00678409504068112,0.230218791743833,-0.943905685564041,1.09527243936316,-0.561975002139927,-0.686988517233045,-0.518803909927442,-0.755068014630437,-1.46825110886207,-0.893409454566292,-0.672018034040623,-1.82215761760062,-1.15557695672805,2.02218522939704,0.0397484602582097,-2.61901129931854,-0.474516193481568,-1.11450152944129,-0.495065306086807,0.336932124401568,-0.980382445202131,0.299419420772209,0.998009793357309,1.44217514554855,0.291519055469569,-0.411399153985192,0.770338794131827,0.22051088990134,-0.195352052326221,1.56643283786929,1.24188903164645,1.52299678213582,-0.79499623697665,1.75045490923011,1.36454913582823,1.99356042922792,1.7584161979208,-0.750781043436271,-0.864824404695821,0.533894513631225,-0.904764285164789,0.217203672475099,0.998190077701757,2.94746036706023,-0.556943616505653,0.978101027121806,1.48523668966405,0.817232582536682,-2.38495653843562,-1.54433490442916,-1.42508155586902,-0.953345517341358,-0.804687980337301,0.688698288001649,-1.6886261215774,-1.28494289373428,-0.364653382688025,-1.61746850361275,-0.762049987528934
0.149544171592072,3.48722904926547,0.700613145762402,1.80420217820135,3.65206623377231,0.380273235477305,1.97195448987915,1.93468763543563,0.983941546310345,0.799396353408479,1.19483509924825,0.442839356984676,-0.748376403462015,2.18637889304756,1.5695591594201,1.06765796161942,-0.828132528219038,-1.45685968246639,2.00802454129084,-4.39690159013141,-0.407313059085203,-0.362175035792638,-1.41097473362944,-2.36702538611896,1.21317711128617,1.19214942558148,-2.01783959987227,-1.64496936162171,-0.85266538545621,-0.770236544392609,0.234712044305473,-1.31862306077602,1,-1.51072407054737,-4.11177565609363,-1.37321625492961,0.0780687666316738,-1.01971098656304,-2.41795834113437,0.0799432958362945,-2.62325085082379,-1.0877983990224,-1.77506216512481,-0.327220681050159,-0.190515351158921,-1.48917617555895,-3.27317039248058,-2.35949275710708,-0.271294494913422,-1.50438926689258,0.232670033072803,2.42574948376866,3.33678558977781,4.0390657352451,2.49013214596265,-0.838585350410243,3.21822315347965,1.42179129965773,1.71112188291369,1.82731400923219,1.81737336113847,-1.73459950192305,0.907459578247582,0.875869186837735,1.83684432466563,0.677643783698194,-0.144464274928067,1.02176796476298,1.79951840569504,1.94566356697167,0.107458746383333,2.26177736690574,1.83509659750581,-0.224365649942678,2.26988036183341,2.18736199600617,0.0457585244738151,0.816077898698978,-0.815123037379478,-2.52618870599637,0.0946790059663454,0.972135882306593,-0.800729779095283,-0.625582496270097,-1.0572753792523,0.0160613910465769,2.83475327992517,0.945553797686397,0.0909372054008619,-1.40202329148443,-1.74778148632845,-0.916308987749245,1.44646432342691,-1.15189417985909,-1.53419875876303,0.379545722492767,-1.99774908019999,-0.76621123221519,0.406913895107365,-0.581691799946817
1.86630397477535,3.60875490819524,0.242475196840465,1.08178683677482,3.52456653924926,0.577162060753631,0.810340912756913,2.15380981035886,0.658627842966544,1.9685368724952,1.61677034922811,0.168762492794716,1.50902246886321,3.19619693132867,2.41001780233895,0.483499678784135,-1.78726699089662,-1.13544255122726,1.65998587054034,-2.9592815514058,-1.44663919862274,-1.63578925213599,-1.78811346782024,-3.54514192612793,0.426558874254285,0.780774872982142,-2.58977513369966,-2.77691056841197,-0.888188884322105,-1.73260822101858,-0.480443129710666,0.329535576235682,-1.51072407054737,1,-4.27050914041064,-1.42801683600399,-0.392423528241694,0.160024495610041,-2.04111965570779,0.15668310131351,-0.745260478636451,-1.36768608547904,-2.41486357491493,0.1872483970995,-0.855226623237285,-1.4441048981231,-2.27792647549937,-0.857988178107946,0.793780616478121,0.572894564738367,1.41281794225144,2.14508068537832,3.0587021509314,3.53729533851496,0.786590194492839,0.138612204798061,3.71747221937662,1.31063901027312,2.846978578635,2.41891376689622,1.80127820323345,0.113444176964676,0.76186055074611,0.539954857559627,0.583150513054196,0.269695920267916,0.967467339134194,0.639726761640967,1.12548430538248,1.81193465178314,-0.478800309563075,0.549128473168071,1.05893286860167,0.636745104171467,0.432603828832024,0.782115078217984,-1.14718093843031,-0.396900381654384,-0.78770581983976,-1.94113865953108,-0.804781194091794,1.41637100509634,-0.622556397883788,-1.127482391959,-2.3021251619084,0.450976475179047,1.1366268027754,-0.142871378720884,0.744757148172649,0.658337382996238,-0.275981466777523,0.352995149815414,1.70038832383581,-0.980469386411638,-2.47728585347636,1.55348305544832,-1.16021023268637,0.771087935971539,1.96704302895545,1.19278529124829
2.09637822440335,2.91227560110507,3.18524485477846,1.36259936404863,2.93034381022695,4.14504375417741,1.75048378492019,3.02308724295722,3.62355103116122,4.5327609006435,3.0859824731959,2.89917949608521,4.35135724426935,3.82769636070866,2.71973680523146,-3.07548245472009,-1.15430257652232,0.657583377920665,1.28115842415377,-0.977949524083253,-0.345878309466676,-2.8929266038386,-0.308842204832439,-2.75043405358812,2.91556848401242,2.66718495261237,-4.07280216687447,-3.67526843228378,0.679983179272648,-3.17736607102657,-2.14907622073823,1.73903351531379,-4.11177565609363,-4.27050914041064,1,1.58333809580029,-1.61726562664291,-0.288541396520673,-2.11866725937068,0.893372991489611,-3.4029192641472,-3.98749384275929,-4.77547181135694,-0.986918141868482,-2.87803680029744,-4.51956456095336,-4.81838388906499,-1.76829349525213,0.645793856207905,0.991776049283545,3.50322109170901,2.83634421742649,1.16717324472916,3.16682055689422,3.57863986213493,2.89898586933498,2.58105132777724,3.13281474023985,5.67363186120634,4.98602579823027,5.55383904754568,2.81909742927338,3.64487388905144,3.13486091514186,3.31724670730913,0.991254383682678,1.52568051682862,1.89877158168213,0.0704680870433983,1.75208114698753,1.8832774931433,0.829352195891718,2.74204947351571,2.40950911740858,2.37490243501989,2.83956505548722,1.72500162966611,1.26689541931353,-2.91248044822135,-2.31067332185499,-1.71734921073005,-0.800553099089425,-2.45236741793263,-1.53986965708438,-0.58090417411396,-1.11483624978049,0.0426047934805389,-0.996686848002046,3.36037621275192,-1.30717620635531,-1.81305024747378,1.33304790956241,2.1969025070662,-3.82295757784269,-2.56653422474243,0.172896478198689,-4.09767785859897,0.600294225175382,1.21184367228121,3.68613729713192
0.846375476191435,-2.48714281942904,3.1848703347139,0.0731904071159761,-1.39299886294837,3.54193519226796,-0.898501094641964,-0.526556917879533,2.12092573241508,0.273196371116828,-0.841411454609733,0.45997123272072,1.09962383316738,-0.516955924534359,-0.0445829545566037,-4.23338129113368,-0.832581197976676,0.824676725948708,-1.75398391458676,2.32837954789365,-0.0560225518423349,-1.63868933860594,1.66145108022094,0.095638834355767,0.38582263136663,0.0562333840381578,0.0240002037873657,0.758267099605775,1.20598894098893,0.435312934628352,-0.631924347216972,1.7527955578154,-1.37321625492961,-1.42801683600399,1.58333809580029,1,-0.550229891575743,-0.329648412482271,0.30243166092039,-0.690092444764674,-1.0764392178126,0.136845609210428,-0.294185761088997,0.126293525897562,-0.458870611175527,-0.628122207908513,-0.113278478639322,0.706520808707468,0.652264737137185,0.795029060586601,1.68645576613946,-0.349521777146276,-3.29840640463519,-0.813426503875904,2.82766887645419,2.9155677940397,-2.409553558702,0.814029573462989,0.433733255693933,0.51367780271316,0.986479185393886,1.64105575385662,1.64970134350521,2.02377500764254,0.990297892499494,0.787700201206226,0.148454800029632,-0.442839955345906,-1.78427798626783,-1.54222056894093,1.06877822908096,-1.78602748182234,-0.00767863054934947,0.229966932839912,-0.695737613896816,-0.292067236529129,1.51811695785897,0.0693816654387008,-0.298931830823251,0.910549235590803,-1.85613369255436,-1.62235641039218,-0.632094497424088,0.0487686192456557,1.28440822742042,-0.813621088648504,-2.10069235351068,0.0975249697498952,1.63595626178149,-1.62206429205713,-0.127028014501043,1.02836421908132,-1.28840226446957,-0.559479951905218,-0.149595246854786,-0.156237747584204,-0.893654083356832,0.879551757331607,0.138060907371356,2.04868667874482
2.00160033998161,1.33477840669467,-1.33245600446321,-0.518817381390117,0.596649976982668,-0.58769207661524,-0.207687175145289,0.559888761439233,-1.11749391870412,0.165277593803875,0.289709078401726,-1.19690617587057,0.965907177419179,1.46050837666525,1.05666889984698,1.22718914913359,-1.12952683581289,0.154009407824094,0.861843602998783,0.437887683778643,-0.845792956862605,-1.08862439162302,-0.391671032138169,-2.04154696290744,-1.37243400042813,-0.846509956503271,-0.356969127077212,-1.42900175459535,-0.437743556946432,-1.12834154706037,-0.713921455080942,0.535907980095879,0.0780687666316738,-0.392423528241694,-1.61726562664291,-0.550229891575743,1,0.752288995906883,-0.803433032840331,0.0247208710172878,1.91469446519164,-0.306921027040093,-1.08994180117686,0.36555852225728,-0.0575371007564132,0.136001529007757,0.235352480543721,1.40588462976697,0.925616623329931,1.36664025537064,1.24444726380077,0.147825648604876,1.02579317520212,0.283934367938133,-2.09217614536249,0.25290129799833,1.70905004264108,-0.642062339246907,0.52528402039704,0.38738390379011,-0.855580634157379,0.550284054403578,-1.03139528708616,-0.690841691090282,-1.31968350516273,-0.465836205624522,1.49663826046418,-0.318177058678574,-0.0924560707556963,0.77539677542387,-0.413605518717261,-1.21521226709419,0.0221598823034324,0.264223827255209,-1.61954280953962,-1.60424119227417,-1.46834512364087,-1.44398831926684,-0.0255586913525363,-0.277222779484012,-1.01084376030265,0.938110585814251,0.509218753018264,-0.968638187483562,-1.75238945491854,0.543958635750219,-0.728133297936522,-0.43978493484128,0.300809474876535,2.03844688222432,1.11490430559352,0.375494056650859,0.238207033261316,0.129154633961605,-1.62691186974786,1.50651484441622,0.670336618260295,1.8389778533647,1.86960051393364,0.761519130045289
-1.25146419230989,-0.115531251963472,0.679002538947429,0.115612735322324,0.646113055266482,0.337599676250571,0.647835159182001,-0.123338259219909,0.955327180634928,0.251452019602985,0.233409113635074,1.15761217937383,-0.924883905851686,-0.332651657188368,-0.30708617109102,0.213658321037529,0.975746937988815,0.0585605377975572,0.582251213039324,-1.33230900947963,0.68118445096771,1.04493997498124,-0.0615926103676095,0.650923440639725,1.55281038902648,1.65012952732964,-0.133664825797702,0.62358659702875,0.250188798531871,0.690523457541276,0.137158419417931,-1.78937074101148,-1.01971098656304,0.160024495610041,-0.288541396520673,-0.329648412482271,0.752288995906883,1,-1.11960153720533,0.0469788101914482,-2.28525317668612,-0.352972236935323,-0.490062048966813,-1.1784329368321,0.345700420525607,-1.31143844837791,-1.45893680613714,-1.73239932562058,-0.965194492215608,-1.65326032544159,-0.530678561099671,0.655488513244894,0.469386251705837,0.633295965381577,2.09802107828455,-0.163110051275956,-0.129592809835445,0.642433411919376,0.437394445253052,0.584682559514045,1.0710409997181,-1.21730676017387,0.532318281526404,0.402000362781715,1.42759882892092,0.0641757160076738,-0.370999802433624,1.08760934566089,1.18995325284529,1.04646392211503,0.48310080494677,2.01967360223514,1.20448919146107,-0.119626785332032,2.11339045332214,2.11690602488361,1.19635056185354,1.65827020054575,-0.793102874051157,-1.16712642809625,1.05470127499981,-0.113684873018186,-0.144974426235801,0.715946619368423,1.18153456098843,-0.409809134675285,1.83275299439004,1.13750715302093,0.462827053844026,-1.75088820847968,-1.43397715515039,-1.09385603838505,0.251138296825773,-0.759740671189775,0.180108854104129,-1.35098762607403,-1.41268961618634,-0.879488582546101,-0.931667113650139,-0.696558101770778
-1.34420798527399,2.08191780202962,2.19260962955307,1.27695868996981,1.47130769103519,1.62871598280272,3.03889834903126,2.12373019666533,2.4267072747262,1.81009539016586,1.58868742292292,2.49218105674007,0.650881290100489,1.12485756002468,0.611040215675147,-0.166574514230951,1.14729628390763,0.418295390476574,1.42292181151373,-2.05796307118171,1.08388691204854,0.422348823406027,0.408941367562638,0.688121954880415,2.65511071296869,2.3222922487334,-1.72952990759217,-1.30817244891183,0.802747663446238,-1.52949812838727,-0.315385155503813,-0.648868289129845,-2.41795834113437,-2.04111965570779,-2.11866725937068,0.30243166092039,-0.803433032840331,-1.11960153720533,1,1.14873710805275,-3.97998437087365,-2.56637538196208,-1.70614175479613,-1.36372924189027,-1.14170621133293,-2.7175624982288,-3.8241219265711,-3.02208353199904,-1.55072485324565,-1.84945588814247,0.214316443755905,2.0902631096646,1.20199521888997,2.1521184796399,3.29002952071209,-0.345868593219396,1.37912839628504,2.17210605143639,2.20299210427588,2.39551723610438,3.57958568216954,0.282085466931154,2.30922124243603,2.08330144378673,3.1510346347395,0.975951592591636,-0.55303505856139,1.88309196202943,0.734856690470925,1.2226120872898,1.8233685821253,3.03088535377538,2.80271718308614,1.23404608732681,3.9264446589757,3.55741895900159,2.53337285666505,2.22923858928524,-1.85842360469082,-2.30052298189492,0.361766151588988,-1.38477138095102,-1.81930116942739,-0.691172770212996,1.01072729253889,-1.39002412900031,1.56190771970043,-0.486923162191705,0.788294772071213,-2.81351539281446,-3.0754431233338,-0.56713158078834,1.62176242500139,-2.76186714953267,0.204265166114462,-1.63046463200273,-3.5748387453634,-1.98905774982893,-1.9580466176736,-0.101905253609598
-2.41159673024654,0.182192959114166,0.000263365893890088,-0.228624013638834,-0.88407072454403,-0.719612984716625,1.49301507187492,0.527290490007131,0.577511833103135,1.38500261777002,1.31128147638825,2.3380498243432,0.852662529834599,-0.362365025856657,-0.584455080508807,0.513120982115752,2.52272297972027,0.892580327000602,0.600125907267677,-0.0604655642583385,1.38169493951845,1.61715010699631,0.277345102877978,2.73695093130331,1.8148608514138,1.65290549907968,-0.147219671176694,0.0825076376175351,0.773676470904238,-0.96457688607741,-0.0349136804425047,-0.48483661577765,0.0799432958362945,0.15668310131351,0.893372991489611,-0.690092444764674,0.0247208710172878,0.0469788101914482,1.14873710805275,1,-1.42947692414996,-1.59466260085466,0.20142734188276,-0.988248767487788,-0.747479082790246,-1.04035887273371,-0.845743224822486,-1.69557293571612,-1.59645819679532,-0.92127079948077,-1.45826511711051,0.137717023549197,0.120653050961823,-0.714684452802777,-0.103884589118116,-1.59694267636409,-0.433074080595262,0.707496715870145,0.783633904392026,0.649546886216413,2.1309720548414,1.05176303656452,1.1253159851669,0.431372946213086,1.26986432593973,0.0752344960746669,-0.967068012955394,1.51443057523492,0.422705730950691,0.150842811821972,0.935814648367284,2.49016593358802,1.16549188408111,1.25707958391605,2.71865678477953,2.39816882086419,1.44425048793812,1.96855217627514,-1.03883276038238,-0.858146405952377,1.72126000992345,-1.06291076518006,-0.829021028163584,0.296986351048478,1.63824375067936,-0.679541793038432,0.683807035993102,-1.24891477727968,-0.151803306528764,-0.81048608548226,-1.66286615849566,-0.317175229006004,1.34841381720827,-1.45715743613019,1.83687098390691,-1.97896818189166,-1.32761063437258,-2.21033814114089,-2.59845984745833,-0.580515579033968
1.27328049750927,1.20480079094857,0.706702010730889,0.606042891203394,3.91091236007463,1.50522094365358,-1.14259733629515,-0.134785568973511,1.09764650144309,1.68366163464637,0.882844962097039,0.69609156825113,-0.273694875728205,2.66204161435728,1.65099677228234,-1.30889963459797,-1.45437969206145,-1.54592593146103,1.77658202642588,-3.57680057694309,-1.27211595382173,-1.23789462120862,-1.99584142004057,-4.09297230148407,1.74126548128744,2.49730232633125,-1.88222058461882,-0.334524835276688,-0.768740339802867,0.710477792270655,-0.588555520863428,-1.83777140469664,-2.62325085082379,-0.745260478636451,-3.4029192641472,-1.0764392178126,1.91469446519164,-2.28525317668612,-3.97998437087365,-1.42947692414996,1,-0.381173223608824,-2.80738429673339,-0.676063932087534,0.83383720269581,-2.33571126024575,-2.44262186050412,-1.39309142469949,1.12472919005794,-0.338851948632438,0.61451109414456,1.62690955861671,2.31949950693145,3.54906271530679,3.51063966120636,1.22707190087442,1.55786697880747,0.928329425968825,2.92220030392411,2.56224194148281,2.07180849810498,-1.88378240428625,0.725284876717268,0.631428797994884,1.41493001605092,-0.130808116007135,0.960414496377341,1.33416402677103,2.74864462178137,2.60102491998854,-0.495698312592586,1.34591887639452,1.47923069218447,-0.802396571317679,1.25419624595561,2.21586809832099,-0.616019574343801,1.13767626911479,-1.41853629407015,-2.81326898387152,0.203085902192942,2.45765246226936,0.476613606797455,0.829447127868087,-0.278990164950582,0.861095914387871,3.18138410187082,2.85505103584742,2.20443835471218,-0.843426754670228,-0.47708892606523,-0.858344116019896,0.740950500327392,-0.738046141428802,-3.40172534449478,0.729858903015089,-1.65484163668854,1.56213694043586,2.44327767057954,1.33171109706859
2.39303555009376,2.57381990926113,0.222238399290419,1.95660189278903,3.58537038411304,1.2401523113296,-0.0137923958614461,0.884184614287096,-0.297163875261435,-1.07402194890366,-0.836710903687668,-2.29200467233442,-1.59799140324141,1.70961386013587,0.855402820946985,0.40581638158343,-3.06090104755187,-2.32144328863871,0.519790100962216,-2.52733279781692,-1.15960670898674,-1.68515371186279,-0.868795064708795,-4.08582502804785,-1.12257942369162,-1.13083408936429,-0.588906992595634,-1.12212213691288,-1.05245781861539,0.70112092342948,0.257289385117804,0.00678409504068112,-1.0877983990224,-1.36768608547904,-3.98749384275929,0.136845609210428,-0.306921027040093,-0.352972236935323,-2.56637538196208,-1.59466260085466,-0.381173223608824,1,-1.16600116000328,1.17468542483261,1.24019836593254,0.396568502465159,-1.35027901157431,0.0793294354690035,1.28628116966758,-0.199604633885385,1.10774083178215,1.10426161542852,2.20275143123799,3.63572768215302,1.77595559281594,1.04718102855385,2.28857618673409,-0.0608732985696288,-0.0788406424551362,0.509142218666737,-1.1532225681579,-2.07247299305819,-0.620643786764339,0.0683879328714139,0.202256362972361,0.470056339703105,0.400331649371867,-1.13905117838516,0.536305571117248,0.86032663775647,-0.126515734199986,-1.57419904248069,-0.244244175437661,-1.8026272185877,-1.21979860679018,-1.30999267615749,-0.589694379272398,-1.81950194553236,0.461426443041656,-0.280046367168206,-1.68706062178133,1.22062083889617,0.181277758080524,-1.39464036562609,-2.36575589828894,-0.00297313999057891,0.733060391752995,1.47144741430265,-0.493857882595226,-0.372692996039172,0.66432706733724,-0.128254883020742,-0.848069517546734,0.761499785625537,-2.86605142050868,2.38822913900884,-0.0640286256114848,1.52642265256335,2.44955560417051,-0.0511792612329045
0.836100572358847,4.23803514397598,1.80072028279564,2.87724606861957,4.27969840688754,1.64197049939347,2.52969847009474,2.94027216557867,1.75774007492455,0.608711229632594,0.637807911842407,-0.0926220695861795,-0.639633197356525,1.90635992418047,1.32603019594485,0.84397203531742,-2.00129323072617,-1.8263483318618,0.929815271978203,-4.07878823872977,-0.63688378917722,-0.837204639961564,-0.882613103374449,-2.40569986582027,0.956160615915523,0.285352275837868,-2.58957277648254,-2.79195815190928,-0.80396211348793,-0.833390642441674,0.602313752775896,0.230218791743833,-1.77506216512481,-2.41486357491493,-4.77547181135694,-0.294185761088997,-1.08994180117686,-0.490062048966813,-1.70614175479613,0.20142734188276,-2.80738429673339,-1.16600116000328,1,0.054086015502767,-0.857179600387012,-1.31061386176514,-3.48582298956449,-2.38596711932602,-0.295387134776065,-1.58514839410327,1.20785746534061,2.81856499153991,3.1452057180354,4.64802162821731,3.30354295517257,0.404836015864699,3.73828044712122,2.04341811452289,1.56074340249423,1.83893730809446,1.32947392561322,-1.71102102308757,1.09089435992466,1.14389509479167,1.99751021524747,1.0856324868636,-0.390695412000632,-0.103451328473739,0.706085897934214,1.3242213938795,0.280359365822164,0.925731620630461,0.904655458202591,-0.121039018259539,1.56936787326268,1.3214263666556,0.804152378311016,-0.326906430786156,-0.23212367977458,-1.10066867386976,-1.05670143541175,-0.156175589087712,-1.57728274470876,-1.75142114348103,-2.22183373469931,-0.823221210376438,1.45370113209751,0.13917958683698,-0.485877226651607,-1.96759381909065,-1.36571979445301,0.101721158761528,1.02873379075872,-0.910149729233156,-1.39631863036806,0.782023604561856,-2.11213814524283,-1.08500149450325,0.431625297482088,-0.480401715937497
0.517759312111583,0.149884293577021,0.319307482313443,0.674746546186144,1.39278896159952,0.51403870318558,-0.314431029872983,-0.332863147052389,0.0565853501064438,-1.39363361007905,-1.19966496281857,-1.27288494021824,-2.09723069798727,-0.373856112529037,-0.262870026413426,0.463032620581812,-1.22045715232663,-1.04986911534337,-0.182841258541828,-1.28120530009659,-0.354163762787256,0.020972074448684,-0.172631217673056,-1.22646233535965,-0.365100722010081,-0.400723853212572,0.253684150838023,0.399467385621492,-0.528789948997528,1.60360827472418,0.617206594184366,-0.943905685564041,-0.327220681050159,0.1872483970995,-0.986918141868482,0.126293525897562,0.36555852225728,-1.1784329368321,-1.36372924189027,-0.988248767487788,-0.676063932087534,1.17468542483261,0.054086015502767,1,1.09193224377712,0.2825319133187,-0.312014647717011,-0.277834858058609,0.157300242609634,-1.06958992431569,0.258540840611066,0.336590309579237,0.5990780809271,1.22068584476534,1.62808888373548,0.772912829641249,0.343273461982043,-0.156648094951769,-0.931720393472459,-0.512315402270802,-1.42050715858657,-2.35111099061376,-0.782889660548853,-0.335551789316565,0.0717795969831065,0.0397950930635705,-0.0685288495168936,-0.725386707723491,0.531976118648362,0.503868913943601,-0.37312239073276,-0.409191868128294,-0.381998325916852,-1.4004781406843,-0.456660655837832,-0.429925069887506,0.0255292923281382,-0.52154622612919,0.580066361058574,0.232989878011192,-0.38643024022563,0.461875132311506,0.492454811282499,0.0355514355844289,-0.608849494998948,-0.0383353634265506,0.862064613023081,1.69330392836764,-0.339099979861197,-0.969556059596617,0.226930870043635,-0.582209454728911,-1.03217080465379,0.925531745831093,-0.85293561975734,0.446717550418313,0.150075424138234,0.454342773644475,0.822460812478866,-0.837208293390431
2.96130904679413,1.85164168003636,0.539062505130735,1.2182159772323,3.0635691157092,0.859439887689791,-1.02467500385743,0.963973461959159,0.412430512080852,-0.0525248798040745,-0.261318439533714,-1.88430109082353,0.0332556838738762,1.36130642113079,1.74418210552014,-0.280884900159834,-3.63540508257439,-1.87004073457851,-0.685492546713049,-2.04140292905186,-2.38444848641376,-2.11812426220275,-1.76946564672626,-3.84732652869099,-1.12126364760282,-1.29013539735638,-1.94426928184853,-1.93418806300694,-1.69440658674856,0.389014938201318,0.434645891495096,1.09527243936316,-0.190515351158921,-0.855226623237285,-2.87803680029744,-0.458870611175527,-0.0575371007564132,0.345700420525607,-1.14170621133293,-0.747479082790246,0.83383720269581,1.24019836593254,-0.857179600387012,1.09193224377712,1,0.437911861074698,-0.0801282672053805,0.599199439326826,1.71995962279744,0.909671302740695,2.1802834374468,1.30676214401373,1.6962119431919,2.63893729798647,0.718804737543462,1.81092717567736,2.66963082250493,0.725356585636878,0.785065014409643,0.325399744430755,-1.11800894262372,-1.28353985766836,-0.381719626045994,-0.413481943775435,-0.93915022129055,0.130333617419615,0.816656121903952,-1.58652955862134,-0.00112414758365231,0.424729758492945,-1.96668976251749,-2.00027433241931,-1.63882257433772,-0.617192530257588,-2.41535161290989,-1.70409417810137,-2.12323779147191,-2.11940351086933,1.27417245564671,0.831593191640786,-1.77064811891785,1.52141282688295,-0.0491056211038774,-0.646715053690556,-3.32843889326498,0.942187427242925,-0.0980430962856312,0.813655996556749,0.0129032738262078,1.04356328402702,1.7104672115487,1.05820340976221,-0.104808610139913,1.36418635551718,-2.12910924307723,2.48515502844889,1.12257220115448,1.47169484260224,3.2767741808769,0.956812031496576
1.50084728068791,3.21285781487238,1.4341537126326,2.5355949629809,4.86399606304607,1.64248378666765,0.696149192828778,1.63075242381826,1.26568427965774,-0.229844370433747,-0.386227682010881,-1.1448306052427,-1.81998463565306,1.57902205345441,1.14516249735883,0.554158411603517,-2.95169971803573,-2.67440935137579,0.492963429894754,-4.46461569114183,-1.38525900179734,-0.979808406473405,-1.50795323321134,-3.66319462063403,0.398938630555934,0.144921624507699,-1.95621729929133,-1.69518259425942,-1.30327910409008,0.958316361640942,0.92320901639474,-0.561975002139927,-1.48917617555895,-1.4441048981231,-4.51956456095336,-0.628122207908513,0.136001529007757,-1.31143844837791,-2.7175624982288,-1.04035887273371,-2.33571126024575,0.396568502465159,-1.31061386176514,0.2825319133187,0.437911861074698,1,-2.49650778359233,-1.79226102138858,0.440108429306685,-1.52045746195713,1.09362922888984,2.35035633727373,3.08938289043641,4.81291696980365,3.78338601274175,1.12558365233398,3.18505259501379,1.40492865698279,0.90988466144871,1.2026709034668,-0.0403039923930706,-3.14660483678655,0.169391666306161,0.365228329001235,1.20719133164912,0.652913681997243,-0.170857912166381,-0.6545421231994,1.34444697941379,1.57189054019357,-0.682988279752171,0.10655703262405,0.0182151644784101,-1.33746167063586,0.329097265801892,0.551449686120928,-0.0998307256680508,-0.791567266370618,0.351109612221853,-0.744978844688605,-1.02229957559806,1.04214882264666,-0.466170568447033,-0.954944197000212,-2.46175156647977,-0.164894384614508,1.98690786755178,1.79774164250817,-0.364114048846998,-1.68453199859824,-0.305175288504701,-0.231017853904283,0.018691613825357,0.407059755208238,-2.33654682142501,1.43563385174347,-1.07212203803796,0.107626295209709,1.79862357488794,-0.478064924573894
2.19278800642366,2.69573617589278,1.33244358124486,1.37678622223425,4.17723208678714,2.24947605018187,0.337732414456344,1.35214177426861,1.50856662508907,1.73935015866592,1.2540963566644,0.371780340871618,0.476535179352912,3.37048428223323,2.25686882558352,-1.15085713327034,-2.10981970342129,-1.24890247489283,1.88863194603011,-3.2598085532435,-1.13068973835969,-2.13295476776938,-1.37441618338833,-4.50901690505233,1.30713729032593,1.66175906698595,-2.5157914941879,-1.7990632367281,-0.639325185698621,-0.648923330565681,-0.925350904687847,-0.686988517233045,-3.27317039248058,-2.27792647549937,-4.81838388906499,-0.113278478639322,0.235352480543721,-1.45893680613714,-3.8241219265711,-0.845743224822486,-2.44262186050412,-1.35027901157431,-3.48582298956449,-0.312014647717011,-0.0801282672053805,-2.49650778359233,1,-1.26398624411683,1.16876304027324,-0.0436555974382438,1.86742083064065,2.29987630626411,2.57505614129592,4.19173962186949,3.37054706616699,1.57329935194925,2.75079082692264,1.41989716742167,3.18680361773188,3.02020715677063,2.40100645126431,-0.97459591983297,1.22931271436839,1.39731412534064,1.86709353223613,0.471331730758914,1.24867645205178,1.025011111876,1.71460008219719,2.37642074279666,0.328033288326377,0.751254540886855,1.95401479649536,-0.242041025245265,1.15628907709413,1.66529367408139,-0.103543258574052,0.465927649107878,-1.51877447280498,-2.67873949202041,-1.07090573934189,1.53780588833854,-0.479413105196063,-0.61351371921848,-1.16654445619877,0.221083674395,2.18234664224483,1.71505816623883,2.06237003387367,-0.953928547658049,-0.841607965864534,-0.315600294869127,0.949814849007186,-1.49174298736853,-3.59808390804118,1.29281350436796,-2.27571714574445,1.54823247639685,2.48550655115907,1.65329732143823
1.96051987834365,-0.591903262411197,1.30087176712332,0.124403647110324,2.20721866054443,2.45554572850469,-2.07536135851032,-0.861500108315962,1.19767344207987,1.25982630705277,0.173592089548593,0.263426476667219,0.338637709070076,1.90294520614054,1.25555339121818,-2.98310054405579,-1.80691299887073,-0.782789626498854,0.518581956627837,-1.12327955945751,-1.26135341604949,-2.01213523239427,-0.929162219226037,-3.62753072309959,1.02870751871671,1.56889450809435,-1.25345406946701,0.197722002066918,-0.265814270302992,0.892701040243816,-0.967539224959984,-0.518803909927442,-2.35949275710708,-0.857988178107946,-1.76829349525213,0.706520808707468,1.40588462976697,-1.73239932562058,-3.02208353199904,-1.69557293571612,-1.39309142469949,0.0793294354690035,-2.38596711932602,-0.277834858058609,0.599199439326826,-1.79226102138858,-1.26398624411683,1,1.72622564999984,0.728696366946271,1.43077745303634,0.650978656620204,0.150777580624209,1.8988488584852,3.12189097651813,2.59369880130744,-0.0948345224946359,0.517236454951883,2.32556704425543,1.95658974679623,1.41628100706364,-0.722743866234715,0.754181109451363,0.929852748680386,0.865234980453127,-0.0802244363761777,1.28020982688719,0.541242728701919,1.29044080278428,1.3155376401818,-0.227969625984821,-0.484303015360021,0.675942927639859,-0.734528743992909,-0.223271941809406,0.821270352993929,-0.424733707307716,0.440795414248344,-1.0569551783272,-1.43707064723472,-0.811928785897948,1.66352975347885,0.540772451217385,0.81551747814851,0.111628127636549,0.702035279665765,1.26041398273162,2.47682955731275,2.65618924755,-0.557078831726257,0.359765944904726,-0.0559463839421236,-0.262715033603514,-0.40520933889369,-3.1173831909476,0.942203736625205,-0.994533772773738,2.39599819573264,2.72718345288259,2.2677070023969
1.32170224110279,-1.92280941298765,-0.627092165863172,-1.03257435030445,-0.384649736673642,0.351944166145846,-2.22027059605574,-1.94934847762453,-0.992138933860901,-1.09160994944725,-1.26879958888307,-1.36071701610124,-0.984391920527011,0.0219755893774525,-0.169952464482265,-0.903461948197932,-0.849577629605945,-0.0170250458910935,0.0446250645556488,1.0900241370584,-0.567858174175459,-0.73980664044671,0.221047716484001,-1.69111001800866,-1.05570524601167,-0.342573191503881,1.20612693824582,1.4975101278906,-0.0350239360471745,1.40354714813563,-0.524267894126368,-0.755068014630437,-0.271294494913422,0.793780616478121,0.645793856207905,0.652264737137185,0.925616623329931,-0.965194492215608,-1.55072485324565,-1.59645819679532,1.12472919005794,1.28628116966758,-0.295387134776065,0.157300242609634,1.71995962279744,0.440108429306685,1.16876304027324,1.72622564999984,1,0.787305306981206,0.331679131734095,-1.06843416541929,-1.02351824061258,-0.712211000266665,-0.0111015192915789,1.21958646093388,-1.3714573480762,-1.42255649204113,-0.704704222624243,-0.542891170921943,-1.57697128152203,-0.85604104637704,-1.27083705504537,-0.52476820026046,-1.06628108218983,-0.593228250719979,1.12165447680454,-0.420824258664065,0.335597060486902,0.252079766807874,-0.31576775943083,-1.50255010068139,-0.251556816478613,-1.29671322448892,-1.76653210754032,-1.389124772673,-0.861073100406925,-0.644638868387623,0.102190060833529,-0.0769800325813598,-0.579318165176301,1.23765520393679,1.58916019570728,0.734202077205663,0.360606260129027,0.757501691820146,-0.0474988553670947,1.87983314605723,1.04380461843586,0.628553856305271,1.2586851501114,-0.487025369499405,-1.45797783598727,0.937317255283059,-1.69884144209019,0.863627339043278,0.921040340689725,2.5334565559712,1.86361207644298,0.672902313997775
0.395988378699369,-2.62821815711721,-0.237102638232645,-1.74587278540211,-0.9874740850192,0.756432445719477,-1.99212512962317,-2.13757484371553,0.0353442525367507,0.758994275471392,0.28059456045252,0.953035325868471,0.470208501404518,0.347146320508459,-0.0224654310203578,-2.0329364388245,0.819885223537987,1.18235135076194,0.652513486459472,1.56636182432243,0.367045862084992,-0.437228036158737,0.26611598866856,-0.645966304278594,0.936458609769985,1.74296868209443,0.648810959520918,1.76064834173583,0.622833292382037,0.772326075670692,-1.48572881248021,-1.46825110886207,-1.50438926689258,0.572894564738367,0.991776049283545,0.795029060586601,1.36664025537064,-1.65326032544159,-1.84945588814247,-0.92127079948077,-0.338851948632438,-0.199604633885385,-1.58514839410327,-1.06958992431569,0.909671302740695,-1.52045746195713,-0.0436555974382438,0.728696366946271,0.787305306981206,1,0.338150353640734,-0.901364654244652,-1.40175184267851,-1.44600902436836,0.601433261408872,1.43069565121203,-2.15102588520916,-0.733844132855652,1.08872384501018,0.819928352187831,0.974640720265478,0.339143953774873,0.110227285653808,0.278889156175534,0.349862881186761,-0.712750368330982,1.35645042487784,1.30690743463629,0.952642318976264,0.965487296555419,0.59374621499476,0.291547325881683,1.18990728240157,-0.204431949905181,0.303115989841242,0.880313558958325,0.178316351770812,1.46903434415902,-1.4866513600666,-1.24677367289934,0.489893325712112,0.913373628126403,1.09345423852913,1.55824709059244,2.14712507496436,0.535425663075005,0.822814014940617,1.87892611086659,2.63948580042119,0.0685712813610355,0.073260094912144,-0.770423729580825,-0.492151393634803,-0.764325506878317,-1.36742882916056,-0.613209972751707,-0.528544533508049,2.05983996600361,1.04298568405963,1.58930104846962
-1.08502025544399,-4.03798533232074,-0.612036466563625,-1.31538715236833,-3.11740131998449,0.0152733760473103,-2.05642518173966,-3.0805873982653,-1.22768279269764,-1.52416377557105,-1.3218077308362,-0.184369803322328,-1.15060945598495,-1.79352304842261,-1.88745687989388,-2.03799749468793,1.54140116217347,0.719805110972639,-0.804921141467428,2.87454979812466,1.39844220545264,0.478653188328615,1.3805122338209,1.58625727073047,-0.446337732858291,-0.15536245007809,3.13464681701283,3.71026416041355,1.0364360863763,1.93835695101506,-0.475679806013965,-0.893409454566292,0.232670033072803,1.41281794225144,3.50322109170901,1.68645576613946,1.24444726380077,-0.530678561099671,0.214316443755905,-1.45826511711051,0.61451109414456,1.10774083178215,1.20785746534061,0.258540840611066,2.1802834374468,1.09362922888984,1.86742083064065,1.43077745303634,0.331679131734095,0.338150353640734,1,-2.60400064520249,-3.08304974453346,-2.90170364137295,-0.340189499283758,0.0991619868868165,-4.43314398626128,-1.97095876193588,-2.09006746014999,-1.57002993889479,-0.910183088744176,0.474927596884233,-0.411389970191367,0.0316709610494823,-0.152922275882782,-0.267584260112225,-0.420560324037618,0.110958317148319,-0.413946820471917,-1.40530370444577,1.16327221218205,-0.891170238325897,-0.18683804821246,-1.420069160128,-0.509507129241791,-0.663687090671828,0.789719813930704,0.733804177356951,-0.198432116989396,0.632519870526229,0.683287887730226,-0.215844352673636,1.3108332292777,1.47684011239027,3.09543992531567,-0.0355118310370535,-0.451785865708377,1.27323582285651,0.336657604112229,-0.392647184420802,0.347845265846532,-0.874239809172074,-2.08940560323621,0.587524956578176,0.638238282111172,-0.733379111319527,0.895841911124141,0.885366536183366,-0.763355360882927,-0.0331924463147069
-2.18334612877873,-1.42025750694699,-2.09530057261748,-0.548678852314744,-2.45809528151778,-2.55459484915563,0.184990322179999,-1.36082127663922,-2.23254011951551,-2.41639379242729,-1.36770831221407,-0.963375724815523,-2.34024691484374,-2.44081286260932,-2.33102981355974,2.09147324274809,1.84895356915185,0.227811937905138,-0.429397334459018,1.39955607298929,1.3697929093485,2.23808787381113,1.05215268285753,3.07985702517962,-1.17308855706616,-1.4765609226399,2.59640380987876,1.94742490713693,0.170628937615529,1.01316882227939,0.962190190887323,-0.672018034040623,2.42574948376866,2.14508068537832,2.83634421742649,-0.349521777146276,0.147825648604876,0.655488513244894,2.0902631096646,0.137717023549197,1.62690955861671,1.10426161542852,2.81856499153991,0.336590309579237,1.30676214401373,2.35035633727373,2.29987630626411,0.650978656620204,-1.06843416541929,-0.901364654244652,-2.60400064520249,1,-0.900738579872622,-2.46705264632473,-2.56676427276469,-2.23763129747208,-1.97191095916565,-1.92943174145793,-3.37148693599209,-2.76049277789279,-2.58124113131822,-0.939579992729602,-1.79626884195727,-1.51244813560351,-1.22580935310435,-0.423725712664094,-1.3071349688622,-0.770508009540922,-0.433371923474103,-1.31598381680244,0.102859800270896,0.0130209268820567,-1.08308677745068,-0.991918769251834,-0.287415506134656,-1.13425379872222,0.254819331056094,-0.291944278902445,1.15676226617662,1.37232329469166,1.34642417094918,-0.641167536988648,0.845803793901769,0.367896058701935,1.12822337962516,-0.10851606998994,-0.38065585287824,-0.423063496498736,-2.24949402090059,0.296076950707232,0.382194556040552,-0.717316324697612,-0.96570452979779,1.3377233363714,2.37314206449821,-0.906262686600908,1.67315769831375,-1.3237231517744,-2.17132702620611,-2.53700677949113
-1.79669122214443,0.625946168362959,-3.39511636543394,-0.326864621852613,-0.188052082733103,-4.49500002808997,0.0987806662902057,-0.759728547824295,-3.09149588071937,-2.77756430886568,-1.35731146540791,-2.06705601839394,-3.38397875921766,-1.73876725926933,-1.32124634752458,4.75707784692828,0.791587318811453,-1.29226227379411,0.352935113277437,-1.70086549763185,-0.107089545202663,2.71951691301642,-0.988133447511157,1.39622078258957,-1.91509999174846,-1.70098541016456,1.82684976603189,1.07471835526597,-1.31303466118232,1.34960933357754,2.03124744662134,-1.82215761760062,3.33678558977781,3.0587021509314,1.16717324472916,-3.29840640463519,1.02579317520212,0.469386251705837,1.20199521888997,0.120653050961823,2.31949950693145,2.20275143123799,3.1452057180354,0.5990780809271,1.6962119431919,3.08938289043641,2.57505614129592,0.150777580624209,-1.02351824061258,-1.40175184267851,-3.08304974453346,-0.900738579872622,1,-0.547073430233969,-3.34573543319351,-3.71790350768845,0.757342331807768,-1.85297731395407,-3.46858653376677,-3.10351667860532,-3.80136647026612,-2.98787429441709,-3.03688408159399,-2.97097736448929,-2.45848225886104,-0.8227164201441,-1.25709448803485,-1.04426637209252,1.05091471418054,-0.0640694394690746,-2.00970263295264,0.808522282776417,-1.64693672446561,-1.43549708435592,-0.79478292289468,-1.34136690060513,-1.94106287328053,-1.01580293298775,2.15030226712679,0.69282339879745,1.93828087572284,1.33607149843426,1.501019648542,0.491864541331054,-1.03271305446301,1.07178576132647,1.29719875049423,0.226974988681512,-3.36570391473972,1.47337498877594,0.933186253355809,-1.24512184529988,-0.169925191444039,2.59434276798625,1.66536943768518,0.122856424911531,2.727116357576,-1.35334710840169,-0.972472624935233,-3.67688640700812
-1.49860708572245,-1.56472356053066,-3.26787400041754,-0.323509169582288,-2.23282450556969,-3.92947786431574,-0.464305845296688,-2.10588670524074,-3.87921789985577,-5.50287383393416,-3.54682141384709,-3.96322619492635,-5.35801744500559,-3.71387066055908,-2.95664393344139,4.12561988453645,0.358781797637784,-0.87478019930236,-1.06717207851708,0.88763689694423,0.544327356810492,2.65374355555154,1.00592510427422,2.35774346842166,-3.5303818198981,-3.91247558895951,3.78552499731777,2.56828126933806,-0.923430038117728,2.69505594359156,2.29024344216502,-1.15557695672805,4.0390657352451,3.53729533851496,3.16682055689422,-0.813426503875904,0.283934367938133,0.633295965381577,2.1521184796399,-0.714684452802777,3.54906271530679,3.63572768215302,4.64802162821731,1.22068584476534,2.63893729798647,4.81291696980365,4.19173962186949,1.8988488584852,-0.712211000266665,-1.44600902436836,-2.90170364137295,-2.46705264632473,-0.547073430233969,1,-3.64940515301777,-2.61186890707722,-1.59069146227492,-3.30099927192862,-6.34991358591464,-5.24616339021293,-6.56193625436501,-3.72530061180609,-4.24591180565919,-3.1806865488556,-3.24125657111506,-0.711690316886562,-1.4261591814788,-2.78733433137728,-0.630115845833877,-1.76326003993355,-1.41163201395625,-1.53303821781211,-2.85839430312859,-2.78055264685319,-2.66396954519708,-3.72082431720874,-1.22312216154887,-2.32108939142834,3.30650577111729,2.82034425061936,0.762047465273558,0.159077651409185,2.03790619360717,0.269292870825647,-0.458699285806801,0.59227455719431,-0.495351640341616,0.670184169926567,-4.01445811054354,0.932626938990608,1.88014327500129,-1.11720021219331,-2.44268648381257,3.82215793936594,2.34584839180543,0.30339895874319,3.89444617177934,-0.712127960671097,-1.18050812930224,-4.39833317447853
0.0499606521156038,-2.26951756567236,-0.774818893210911,-0.300115721258461,-4.1512658008919,-0.73755540862011,0.177613396915095,-1.06087983209594,-2.12811480452902,-4.05753860229821,-2.85163042748996,-3.02913038902922,-1.91399487912356,-2.98869198984145,-2.30091244423561,0.581008563175577,-0.0405106161889021,0.97765449741132,-2.074977971174,4.47298730478152,0.999002870103788,0.285770185482075,3.03943891312695,2.63103756951682,-3.43259232257545,-4.29705083895486,3.19889048010955,1.47772296153722,0.627398879596526,0.548690118529764,0.611907968138798,2.02218522939704,2.49013214596265,0.786590194492839,3.57863986213493,2.82766887645419,-2.09217614536249,2.09802107828455,3.29002952071209,-0.103884589118116,3.51063966120636,1.77595559281594,3.30354295517257,1.62808888373548,0.718804737543462,3.78338601274175,3.37054706616699,3.12189097651813,-0.0111015192915789,0.601433261408872,-0.340189499283758,-2.56676427276469,-3.34573543319351,-3.64940515301777,1,-0.198029488475453,-2.71794797769057,-2.37862110502211,-4.88269217682495,-3.8265589959074,-4.43560283863447,0.475964685863448,-2.04190545432776,-0.772515818832839,-2.21858009356894,0.21567467244796,-0.626972714970709,-2.8236657985999,-3.38934617600794,-3.36665465558234,0.693345228981793,-3.54840154306984,-2.09896787931191,-1.05149454025194,-3.23914586210851,-4.38804544120476,0.425350989124369,-2.60905834923887,2.26411218003347,3.51830830426789,-1.6865625042861,-2.20535970453364,0.436600901527425,-1.1702271759386,0.200117812794665,-0.649922431609121,-3.91453688898228,-1.50746021383949,-2.32237289152134,0.657006986475793,1.57355241423846,0.690324109474166,-2.61513453837132,1.88156054640517,2.24134966558495,0.531238742575022,2.54474659199306,0.159229406611411,-1.25942108455298,-1.49682984021883
0.686485720550159,-3.88476669449627,0.333348090080883,-1.41074640395568,-3.32365591396752,1.16979780399512,-1.9354668447973,-2.58519903987884,-0.878940235156221,-1.70437599090642,-1.47536886644466,-0.998580120739319,-0.380601733431798,-0.766750482568758,-0.668850976737931,-3.09389270595198,0.276644245690778,1.18857286550949,-0.629077703558394,3.5731675391772,0.677478314017191,-1.21658713304479,1.96853984984042,0.0048876995760514,-1.43703290393902,-0.944770234319177,2.7555468032202,3.09481231420466,1.15792759255646,1.01235022473381,-1.1205888968049,0.0397484602582097,-0.838585350410243,0.138612204798061,2.89898586933498,2.9155677940397,0.25290129799833,-0.163110051275956,-0.345868593219396,-1.59694267636409,1.22707190087442,1.04718102855385,0.404836015864699,0.772912829641249,1.81092717567736,1.12558365233398,1.57329935194925,2.59369880130744,1.21958646093388,1.43069565121203,0.0991619868868165,-2.23763129747208,-3.71790350768845,-2.61186890707722,-0.198029488475453,1,-3.91629425489896,-1.83608045557981,-1.777626492219,-1.2026966087393,-0.898402539756436,1.41368950641338,-0.138388221799106,0.938549143751028,-0.427244529075131,0.173223406332241,0.578030295133347,-0.224113060759359,-1.35241201450394,-1.68719962663623,1.38018052663052,-2.04830784712689,0.450186357311146,-1.14556256444437,-1.65064131410862,-1.7149928008908,0.304620922319479,-0.0411168948276992,-0.209758320650073,0.19947469115368,-1.15530197662612,-0.259330395947727,1.14445691146719,0.723218063394884,2.52764742287967,0.179871139600496,-1.55055821695927,1.07297533507795,1.22142429505584,-0.027386996398464,0.479061930994624,-0.468035770897273,-2.28934385702583,0.190769657773481,-0.491121822953441,0.396654675618328,0.701045464168511,2.3727795791368,0.448804924855433,1.19546002177952
-3.23540151310464,-1.03133596567009,-3.5745501579793,-0.355891084963506,-1.31032604914089,-4.44618159798771,-0.212543349059185,-2.11700343801013,-3.41183394878741,-3.46351782276077,-1.81647496911844,-1.59372707191837,-4.66401781552429,-2.80226698887731,-2.77536199908992,3.91534392973638,2.09652682368588,-1.11929696684324,0.250605747860472,-0.949940409681881,1.19519908745424,3.54437428124087,-0.176958985540341,2.79995456335674,-1.26305364032627,-1.33856763576695,3.12264743867859,2.90475575596727,-0.789061504188045,2.39667195260286,1.9949663775977,-2.61901129931854,3.21822315347965,3.71747221937662,2.58105132777724,-2.409553558702,1.70905004264108,-0.129592809835445,1.37912839628504,-0.433074080595262,1.55786697880747,2.28857618673409,3.73828044712122,0.343273461982043,2.66963082250493,3.18505259501379,2.75079082692264,-0.0948345224946359,-1.3714573480762,-2.15102588520916,-4.43314398626128,-1.97191095916565,0.757342331807768,-1.59069146227492,-2.71794797769057,-3.91629425489896,1,-2.60489794444339,-4.4329500676935,-3.69731725072531,-3.75951223531616,-3.49570442608705,-2.99101105288687,-2.78435161354316,-1.67673702296061,-0.836177742262987,-2.02549288412851,-0.744295002631372,1.24441078811366,-0.569828990798613,-1.01084224224413,1.23976338393203,-1.47070263488527,-2.31284732281722,0.151649859588381,-0.689748562345207,-0.718890690870997,-0.034121820455945,1.78343856143804,0.822976536989284,2.83366403673623,0.856785599299688,1.80426796902284,1.27749496742335,0.982064801734174,0.692366642013896,1.83822008166326,1.03444822969133,-3.37660660198713,0.306685584653541,0.462482253490614,-1.91323959025019,-0.947636424977903,2.51018108485259,2.41362525447144,-0.939460726274223,2.48527132499438,-1.92593993589949,-2.21785608389145,-4.34686839880808
-2.35699564049468,-1.83920617974216,-1.38262623306272,-0.908777030393799,-3.58101089686997,-1.75400917366298,0.968285764346608,-1.06648812728438,-1.50916485799615,-1.77133009380733,-0.697548790377481,0.0542298775776917,-1.1846304367657,-2.37976637338144,-2.25962998256929,1.26452580787042,2.75480351858445,1.49012524442975,-0.321348324982276,2.75639798784584,2.30276443327309,2.04247149057161,2.01902985181454,4.01024738957024,-0.561294771312801,-0.917896567507739,2.68626899612145,1.94457180357822,1.02064381587355,0.172245678252016,0.155987568384177,-0.474516193481568,1.42179129965773,1.31063901027312,3.13281474023985,0.814029573462989,-0.642062339246907,0.642433411919376,2.17210605143639,0.707496715870145,0.928329425968825,-0.0608732985696288,2.04341811452289,-0.156648094951769,0.725356585636878,1.40492865698279,1.41989716742167,0.517236454951883,-1.42255649204113,-0.733844132855652,-1.97095876193588,-1.92943174145793,-1.85297731395407,-3.30099927192862,-2.37862110502211,-1.83608045557981,-2.60489794444339,1,-2.79429222952385,-2.12984727343698,-1.25799479488154,0.588933804033078,-0.794632720471574,-0.507267337075696,-0.249114452542993,-0.125038418871473,-1.04826957240487,0.00532078152265658,-1.05654902683142,-1.42533129382586,1.44574249784179,0.413908335742685,0.0783095760520992,-0.145928191405199,0.630804301640226,-0.460174122408422,1.46762187610414,0.581577497813667,0.210828958361963,1.01319506977713,1.12842197473036,-1.72899153950149,0.208320867915287,0.112041812032764,2.22253441651625,-0.804756049766717,-0.926811858002243,-1.07626825685776,-1.41902968352116,-0.251439803949167,-0.542830393665252,-0.707532157324983,-0.834966840750058,0.00807847450721511,2.74828404956278,-1.63623625501411,0.609536196964677,-1.4107735520652,-2.93221808655933,-1.86004772392997
-2.18700986131947,-4.56809398605076,-2.9703082425235,-3.69578361574891,-6.0312078861707,-2.9150431926036,-1.14811833378923,-3.12314794647891,-2.55017555583779,-0.817312974252927,-0.0960879807634898,0.887003374920364,0.394094468353141,-2.30006284322395,-2.09161189331694,0.456008555454448,4.21443466277792,3.40863839470188,0.279761387566206,5.37099901598228,2.19507117429071,2.0644292098225,2.08645065748782,4.46454802464859,-0.581554176076348,0.0529816243227859,3.37719661399273,3.20623821857513,1.48522708028856,-0.22875031862072,-1.17435565909659,-1.11450152944129,1.71112188291369,2.846978578635,5.67363186120634,0.433733255693933,0.52528402039704,0.437394445253052,2.20299210427588,0.783633904392026,2.92220030392411,-0.0788406424551362,1.56074340249423,-0.931720393472459,0.785065014409643,0.90988466144871,3.18680361773188,2.32556704425543,-0.704704222624243,1.08872384501018,-2.09006746014999,-3.37148693599209,-3.46858653376677,-6.34991358591464,-4.88269217682495,-1.777626492219,-4.4329500676935,-2.79429222952385,1,-2.08560997401804,-1.02258337851147,2.10948758636526,-1.44204272857757,-1.22664722440693,-1.70038025196472,-1.33524134026467,0.548486812554809,1.05857714102573,-0.633987334647954,-1.03810797636138,0.943294722735416,0.520097848769463,0.506757519709539,0.694385098206333,-0.079532582892567,-0.542943395374283,0.174665435422253,1.40007759287979,-0.581701159309977,0.26006858859484,1.96680231843789,-0.590460782659566,1.55609322958779,1.74038730003131,3.74407044551359,0.496878332872057,-1.1645026460673,-0.792059053684548,0.614534785903417,1.91281243593316,0.354718569232503,-0.898258486333969,-0.521066167952435,-0.242402922759569,2.46687317466011,-2.12349405392975,1.43145135099305,0.436357838306795,-2.12381758010156,-0.353538930006447
-1.77742218605166,-3.93125315974803,-2.07434363465199,-2.75214979019706,-4.99374682497557,-2.27478151811985,-1.06341774382117,-2.52898562550304,-1.88856743300882,-1.02040689555924,-0.42908553433797,0.419877502348605,0.102278424679668,-2.43796261333125,-1.84714770993933,0.192978423902099,3.02675137946971,2.52055513857624,-0.491395503085334,4.35075828498451,1.54479290975242,1.64409613577622,1.63248441174827,3.8561039709975,-0.70190579207415,-0.467378797741218,2.67207847261067,2.5927152024369,1.0013820066692,0.155651770528663,-0.575751026459591,-0.495065306086807,1.82731400923219,2.41891376689622,4.98602579823027,0.51367780271316,0.38738390379011,0.584682559514045,2.39551723610438,0.649546886216413,2.56224194148281,0.509142218666737,1.83893730809446,-0.512315402270802,0.325399744430755,1.2026709034668,3.02020715677063,1.95658974679623,-0.542891170921943,0.819928352187831,-1.57002993889479,-2.76049277789279,-3.10351667860532,-5.24616339021293,-3.8265589959074,-1.2026966087393,-3.69731725072531,-2.12984727343698,-2.08560997401804,1,-1.31922111576139,1.51167232199685,-1.20321091243991,-1.10995375561416,-1.62922792771552,-0.989403096462193,0.141688770278715,0.289526792283435,-0.918675254593403,-1.37052362379433,0.337813344780888,-0.0351738407803699,-0.343083108122834,0.448147907615559,-0.564605744682032,-0.857158253530425,-0.0148091646646589,0.756502786672317,0.110127684344339,0.984375908485993,1.40584457029354,-0.684849856890974,1.1267546045923,1.47575936666443,2.72243040256167,0.429885677453372,-1.32592891491765,-0.696645424278198,0.0963823492978333,1.4823000326403,0.597176468919723,-0.417469357286246,-0.651537932199851,0.313396924975631,2.43288048381322,-1.64519863336807,1.62062784459459,0.0339994229092458,-1.7373165516612,-0.460785772684151
-2.40010156677743,-3.82487772582381,-1.54734765319784,-3.32557260747812,-6.20970899842303,-1.88594642167245,0.136594720800814,-1.53463084280905,-0.882815439360097,0.483192445506598,0.64684116359189,2.08049761283383,2.30532686767526,-2.75912902186493,-1.98997327095343,0.344541889855984,4.39884765220272,4.1452176659264,-0.775120652975125,6.09514498365454,2.4994842631065,2.15589506294504,2.47152220240797,5.9502297077565,0.286203653070376,0.37317208042289,2.2840621810654,1.62168169761434,2.01339046205724,-1.2198761100467,-1.17539691461865,0.336932124401568,1.81737336113847,1.80127820323345,5.55383904754568,0.986479185393886,-0.855580634157379,1.0710409997181,3.57958568216954,2.1309720548414,2.07180849810498,-1.1532225681579,1.32947392561322,-1.42050715858657,-1.11800894262372,-0.0403039923930706,2.40100645126431,1.41628100706364,-1.57697128152203,0.974640720265478,-0.910183088744176,-2.58124113131822,-3.80136647026612,-6.56193625436501,-4.43560283863447,-0.898402539756436,-3.75951223531616,-1.25799479488154,-1.02258337851147,-1.31922111576139,1,3.68845041130924,-0.182870228810045,-0.60754437130715,-0.941535406820416,-0.963772660040416,0.273465098922664,1.07494876933852,-1.75878137343548,-1.38240897727731,1.37453587279713,0.577914762468924,0.296788534808487,2.30475957598702,0.516464561200342,-0.00335840463534876,1.39479237856708,1.52225062728988,-0.777409655691939,1.29614554939843,1.61230269151637,-2.37666514615469,0.109144494648821,0.91470300956638,3.24194511679841,-0.658681953805951,-2.53104683669719,-2.58705634233063,0.50547743938079,1.38247280882226,-0.180785546480822,0.22539403890447,0.100153444177219,-1.08462971386182,3.66643266938525,-2.90910303922264,0.588879260443327,-0.873920570393997,-3.13188372328232,0.123138783176913
-1.7589913210421,-3.56012620611725,0.824477883376287,-2.27922431913749,-3.35062006939428,1.13869552633064,-0.438959146289347,-1.4917932942941,1.75699868143727,2.61161647708865,2.01466421956558,3.98963206296903,2.97333291059299,-1.11623568128476,-0.700674729523227,-2.83758611354446,3.58334910660381,3.30290871832844,-0.268834630677589,3.60616910015524,2.3794727984618,0.695482037950213,1.18415016704003,3.38476050136686,3.07103192088716,3.21622121501757,0.452160293977641,1.64270812562838,1.95042392995018,-0.406909244149244,-2.09180013577016,-0.980382445202131,-1.73459950192305,0.113444176964676,2.81909742927338,1.64105575385662,0.550284054403578,-1.21730676017387,0.282085466931154,1.05176303656452,-1.88378240428625,-2.07247299305819,-1.71102102308757,-2.35111099061376,-1.28353985766836,-3.14660483678655,-0.97459591983297,-0.722743866234715,-0.85604104637704,0.339143953774873,0.474927596884233,-0.939579992729602,-2.98787429441709,-3.72530061180609,0.475964685863448,1.41368950641338,-3.49570442608705,0.588933804033078,2.10948758636526,1.51167232199685,3.68845041130924,1,2.29742284888407,1.34881443454105,2.11288397763034,-0.399072789544074,0.62183201351259,2.73222261905393,-0.0824157653364601,0.30812139050935,2.15032600061943,1.97489045188738,1.93564842738267,1.97553360911468,2.73593669851718,3.03205184235202,2.46915267816881,3.65079149463627,-2.70617991031262,-0.628439946941036,1.69948781886472,-1.55931647451372,-0.563666395138371,1.8886320034982,4.20566102938967,-0.889340267211751,0.069218866469254,-0.0493869850450175,3.06828230222771,-0.954674833337676,-1.63916244404483,-0.333133498809847,0.419711829669395,-2.6942708789905,1.43464919546979,-3.2133753999841,-1.9376499167729,-0.369508920663509,-1.76836554431363,1.90555126884946
-1.68379713607307,-2.70872422845069,-0.342588855481724,-1.66844281034039,-4.28166626988956,-0.47652129791285,0.487610631923185,-0.949543660373676,-0.271506430222668,-0.418464171179464,-0.129828528155392,1.05510364320217,0.935876591386403,-2.42987873591545,-1.8230534900032,-0.0685647187698351,2.76984461145104,2.64026836279685,-1.0763120849689,4.33867772119757,2.20132384725231,1.419425579822,2.28372134213659,4.2927518353111,0.0502883801376415,-0.170957070374613,2.09715674606277,1.43122767569694,1.62981916897444,-0.275977019768738,-0.628522466112035,0.299419420772209,0.907459578247582,0.76186055074611,3.64487388905144,1.64970134350521,-1.03139528708616,0.532318281526404,2.30922124243603,1.1253159851669,0.725284876717268,-0.620643786764339,1.09089435992466,-0.782889660548853,-0.381719626045994,0.169391666306161,1.22931271436839,0.754181109451363,-1.27083705504537,0.110227285653808,-0.411389970191367,-1.79626884195727,-3.03688408159399,-4.24591180565919,-2.04190545432776,-0.138388221799106,-2.99101105288687,-0.794632720471574,-1.44204272857757,-1.20321091243991,-0.182870228810045,2.29742284888407,1,0.0376024478206256,-0.0243937934633465,-0.238268106079491,-0.235053207312612,0.381374081401805,-1.71491624517726,-1.37091061247049,1.66473480074098,-0.0694564497405272,0.164383329676266,1.06487953001204,0.401789283208463,-0.260202787597983,1.87985268178529,0.882904696478119,-0.417473998726444,1.43296813313106,0.65414235784708,-2.37896621999113,-0.198987035239494,0.243210149635945,2.40782744142838,-1.16628162598528,-2.03310075938392,-1.57468094202929,-0.0734071984972025,-0.0846207887566965,-0.444361425844862,0.0344075321887168,-0.74956216535554,-0.685967898751529,2.67058845923471,-2.03853555499445,0.133749304145003,-0.824499961383438,-2.50717947482323,-0.287722287674227
-0.855155907884517,-2.6594694178751,0.418696001801145,-0.885754496404048,-3.0922002948935,0.478351362571638,-0.299875542859521,-0.998435015168143,0.18268655274905,-0.540353496049257,-0.728827764593458,0.433539006726003,0.415594145363104,-2.13386529032272,-1.60589221425086,-1.0972132001146,1.28241094450933,1.67481701290663,-1.60179273357766,3.581940799201,1.21360307541669,0.632966724763205,1.92563577817303,2.95469672886905,-0.0549826572423988,-0.554626727960979,1.32888938162394,1.11223248365938,1.13974564435444,0.314833421629116,-0.244343935029042,0.998009793357309,0.875869186837735,0.539954857559627,3.13486091514186,2.02377500764254,-0.690841691090282,0.402000362781715,2.08330144378673,0.431372946213086,0.631428797994884,0.0683879328714139,1.14389509479167,-0.335551789316565,-0.413481943775435,0.365228329001235,1.39731412534064,0.929852748680386,-0.52476820026046,0.278889156175534,0.0316709610494823,-1.51244813560351,-2.97097736448929,-3.1806865488556,-0.772515818832839,0.938549143751028,-2.78435161354316,-0.507267337075696,-1.22664722440693,-1.10995375561416,-0.60754437130715,1.34881443454105,0.0376024478206256,1,-0.188221621884331,-0.104452198684926,-0.246294031521854,-0.476999007537307,-1.71041638495533,-1.57570872351518,0.915272051425789,-1.0390588060292,-0.737077281809345,0.486806645641215,-0.459303698235284,-0.741733995108741,1.44630612070775,0.103357473938277,0.174663779418399,1.93012955773422,-0.0729757007843989,-1.96152845764072,-0.157380446495233,0.248199753538543,1.55524267270733,-0.860955597763664,-2.11996175032674,-0.95129686251251,0.078699852781916,-0.341129872453061,0.269647660447655,0.599641966058717,-1.05075492144479,0.011037802303886,1.9078640261156,-1.26946636176078,0.384455048772018,-0.400153728843745,-1.47348803310649,0.113605560555999
-1.17063128958127,-1.66868891406281,0.104469630578037,-0.950657361904804,-3.49526802347612,-0.6594978100131,0.568914847920859,-0.0306142720890492,-0.118894377546408,-0.641115149443731,-0.485022762628702,0.207505924851787,1.0282251059041,-2.30406953511355,-1.17704117976484,0.322001579471405,1.46282342936059,1.70943518909368,-1.76460464035861,3.26343516613185,1.00506730251444,1.02972989231114,1.6181080309284,3.67075577083576,-0.81896777362375,-1.22980845206254,1.33869357992014,0.429459576662118,0.966166159117855,-0.463577919176735,0.291972333856265,1.44217514554855,1.83684432466563,0.583150513054196,3.31724670730913,0.990297892499494,-1.31968350516273,1.42759882892092,3.1510346347395,1.26986432593973,1.41493001605092,0.202256362972361,1.99751021524747,0.0717795969831065,-0.93915022129055,1.20719133164912,1.86709353223613,0.865234980453127,-1.06628108218983,0.349862881186761,-0.152922275882782,-1.22580935310435,-2.45848225886104,-3.24125657111506,-2.21858009356894,-0.427244529075131,-1.67673702296061,-0.249114452542993,-1.70038025196472,-1.62922792771552,-0.941535406820416,2.11288397763034,-0.0243937934633465,-0.188221621884331,1,0.0584512392721946,-0.644721497449787,-0.634114484483898,-2.21299923105879,-1.98929965935266,0.41415971002612,-0.815396267401325,-0.996319989153786,1.15877179104286,-0.72046533076304,-1.2048768875614,0.769805237573415,-0.356647524702545,0.782591530539661,2.19500847524311,-0.0208495666800628,-2.20012377321601,-0.472487524122716,-0.249336104650054,0.679667713463787,-0.824641057226146,-2.68253746728305,-2.2883465296495,-1.13131548977319,0.427206773801323,0.152329776062839,0.792659414796372,-0.522600682986085,0.286715592274879,2.88364428237905,-1.08506286006513,0.980705957854989,-1.22999697522058,-2.06267134921458,-0.499814836811351
-0.658415039004084,-0.599357026800849,0.376553458897973,0.319178725545585,-0.786825678694514,0.152857436333386,0.371968903887224,-0.109222279746914,0.101785065397293,-1.01771082715975,-0.855456199594181,-0.341680369560194,-0.886783991580232,-1.3789481367493,-1.06818304957101,0.234939768801269,0.239335902987439,0.0946326067338243,-0.96730744771651,0.743808143746375,0.605366486817711,0.689952196015177,0.854832781495216,1.43419920878057,-0.23517627314335,-0.709462269213792,0.739602410084979,0.457234067895931,0.269709201406008,0.688591441078517,0.571250453391023,0.291519055469569,0.677643783698194,0.269695920267916,0.991254383682678,0.787700201206226,-0.465836205624522,0.0641757160076738,0.975951592591636,0.0752344960746669,-0.130808116007135,0.470056339703105,1.0856324868636,0.0397950930635705,0.130333617419615,0.652913681997243,0.471331730758914,-0.0802244363761777,-0.593228250719979,-0.712750368330982,-0.267584260112225,-0.423725712664094,-0.8227164201441,-0.711690316886562,0.21567467244796,0.173223406332241,-0.836177742262987,-0.125038418871473,-1.33524134026467,-0.989403096462193,-0.963772660040416,-0.399072789544074,-0.238268106079491,-0.104452198684926,0.0584512392721946,1,-0.709217975235282,-0.695628196282027,-0.762456878730024,-0.818154419431534,0.326905717062119,-0.453904656385439,-0.685018743681315,-0.30531325232473,-0.137158318466131,-0.490203687297153,0.912413516033429,-0.284019381691302,0.595979734516952,1.27684703877127,-0.0604187065120468,-1.11396538192032,-0.201534254897309,-0.192264678527564,0.243136464380392,-0.689377952653771,-0.723053959294981,-0.280514815887178,-0.894742995125091,-0.792353590342453,-0.0134096854649419,0.0991422648555749,-0.784944868834921,0.48307628203639,1.15270703647813,-0.516344943041651,0.25799853883634,-0.817448291536048,-1.00997174098154,-0.882855915832678
0.300715263910902,-2.33759031698859,-0.829622560790565,-1.42333580879085,-1.07596174550397,-0.0854116831277973,-2.4234837807264,-2.07347880981148,-0.737007691749865,0.564624327024186,0.0602683905861402,0.362469429984232,0.561599538297927,0.297922225683476,-0.0766892263861093,-1.8757173662098,0.418284941056664,0.421416866743853,0.185655229311779,1.3620743479156,-0.232033675399747,-0.523112141558288,-0.242761304226369,-0.634598689950835,0.133080850469132,0.753909181353235,0.681077914761734,1.57859674451702,0.187187157163351,0.613399007204292,-0.892116798223408,-0.411399153985192,-0.144464274928067,0.967467339134194,1.52568051682862,0.148454800029632,1.49663826046418,-0.370999802433624,-0.55303505856139,-0.967068012955394,0.960414496377341,0.400331649371867,-0.390695412000632,-0.0685288495168936,0.816656121903952,-0.170857912166381,1.24867645205178,1.28020982688719,1.12165447680454,1.35645042487784,-0.420560324037618,-1.3071349688622,-1.25709448803485,-1.4261591814788,-0.626972714970709,0.578030295133347,-2.02549288412851,-1.04826957240487,0.548486812554809,0.141688770278715,0.273465098922664,0.62183201351259,-0.235053207312612,-0.246294031521854,-0.644721497449787,-0.709217975235282,1,0.531715133322777,0.57650346967162,0.0225965836593698,-0.266352316223336,-0.480269823077977,-0.0685101669994327,-0.352295066119964,-0.712084907004455,-0.085287191914522,-0.872108170748228,0.512289791894425,-0.574334274069207,-0.460262301842923,0.495847674970584,1.24089569278442,1.19895119653049,1.42788119153306,1.35978414963753,1.0123452830667,0.16568200110884,1.09139944314363,1.5518551957389,1.05783305138266,0.924103987946441,-0.126507623901278,-0.35014806954186,0.184167933378472,-0.890169953299511,0.0957014409856493,0.660800907433712,1.67118760243704,1.05722692820119,1.36425106126749
-0.642130571816757,-1.00318636965268,-1.0066951410104,-1.72095991180661,-2.25841178051022,-1.10404045599276,-0.233438514536102,-0.122222652331421,-0.143151993140046,1.7951813631427,1.44329319490663,1.69638640921229,2.82756954605689,-0.471501107191394,-0.123718587152709,0.0960898223624879,1.85279623372431,1.92678378105543,-0.340586617126674,2.58998648224525,0.595844841112822,0.577192393252172,0.128526773326415,2.27290712445524,0.577961175828206,0.704258232713549,-0.094315441465167,-0.403894370412706,0.627890176271659,-1.39735396580825,-0.865583251577346,0.770338794131827,1.02176796476298,0.639726761640967,1.89877158168213,-0.442839955345906,-0.318177058678574,1.08760934566089,1.88309196202943,1.51443057523492,1.33416402677103,-1.13905117838516,-0.103451328473739,-0.725386707723491,-1.58652955862134,-0.6545421231994,1.025011111876,0.541242728701919,-0.420824258664065,1.30690743463629,0.110958317148319,-0.770508009540922,-1.04426637209252,-2.78733433137728,-2.8236657985999,-0.224113060759359,-0.744295002631372,0.00532078152265658,1.05857714102573,0.289526792283435,1.07494876933852,2.73222261905393,0.381374081401805,-0.476999007537307,-0.634114484483898,-0.695628196282027,0.531715133322777,1,-0.61288696301385,-0.22386163917141,0.0294880096694566,0.358465578478538,-0.167120998846073,2.00519777514081,0.152000131986556,0.297145053032789,-0.0996031938421994,0.693711164757426,-0.632852928681868,0.579527994771548,0.970174397568211,-0.633776608542416,-0.253044100322825,0.435048076424747,0.694293164378051,0.0267660197301626,-1.26496445858949,-1.89520007103498,0.649270778779246,1.73311494777718,0.318195256187597,0.791387765151371,1.03137047527241,-0.771609045900604,1.43933029182008,-1.1021125073461,0.384240676850623,-0.360011227632268,-0.802371470364972,0.986868721328336
0.569956964068569,0.809719450432942,-2.30488941078806,-0.790991882203422,-0.181166981634572,-2.38424056124555,-0.387339097778671,0.0357817336909551,-1.92328975928329,-0.42119859868797,-0.00538937565539965,-1.20701176967739,0.116823973355266,0.286742663296745,0.298833757344874,2.30766905815453,-0.228428642476879,-0.0929930562332456,0.480055692646883,0.147039963316717,-0.822371428509965,0.281772030977656,-0.749412801467264,-0.390756738121395,-1.57084108843489,-1.18743520727397,0.159596703080149,-0.713035361016434,-0.785588434513949,-0.666348130028032,0.235781156816811,0.22051088990134,1.79951840569504,1.12548430538248,0.0704680870433983,-1.78427798626783,-0.0924560707556963,1.18995325284529,0.734856690470925,0.422705730950691,2.74864462178137,0.536305571117248,0.706085897934214,0.531976118648362,-0.00112414758365231,1.34444697941379,1.71460008219719,1.29044080278428,0.335597060486902,0.952642318976264,-0.413946820471917,-0.433371923474103,1.05091471418054,-0.630115845833877,-3.38934617600794,-1.35241201450394,1.24441078811366,-1.05654902683142,-0.633987334647954,-0.918675254593403,-1.75878137343548,-0.0824157653364601,-1.71491624517726,-1.71041638495533,-2.21299923105879,-0.762456878730024,0.57650346967162,-0.61288696301385,1,0.171062159439359,-1.41055459681786,-0.571964930284788,-0.956902013948121,0.173563132653157,-1.5991851586779,-1.62049503471703,-2.07953236584031,-1.34754848370875,0.910922976244848,0.322520134988796,0.211713764201324,1.13919752654114,0.811983467911125,-0.254352177612319,-1.56141741604448,1.05151823826853,-0.428410545269167,-0.802050609186425,-0.931724073798734,2.5407336999548,1.40734969670519,0.229220578152076,0.506295434064609,1.07485863627678,-0.0414852888735995,0.976046972063744,1.79930314251141,0.585080033991476,0.809228458615947,-0.476910917635766
-0.467510747336773,-0.846841512547827,-2.37627143969412,-1.29516033011686,-1.43816963218727,-2.59020169169016,-1.15848021310208,-1.1193895534315,-2.06493410500596,-0.458323866227595,-0.0456270739049632,-0.568680683372189,-0.00726258445509648,-0.473483320191459,-0.341874545276108,1.20909032901161,0.796021636330913,0.141877952794076,0.0992531837331405,0.832381419940689,-0.246155666391361,0.710504539274025,-0.593561163271869,0.715822762127554,-1.15081150430217,-0.749063398742583,1.02628433134095,0.806968722338982,-0.455900514181564,0.013555202908087,0.183619327768201,-0.195352052326221,1.94566356697167,1.81193465178314,1.75208114698753,-1.54222056894093,0.77539677542387,1.04646392211503,1.2226120872898,0.150842811821972,2.60102491998854,0.86032663775647,1.3242213938795,0.503868913943601,0.424729758492945,1.57189054019357,2.37642074279666,1.3155376401818,0.252079766807874,0.965487296555419,-1.40530370444577,-1.31598381680244,-0.0640694394690746,-1.76326003993355,-3.36665465558234,-1.68719962663623,-0.569828990798613,-1.42533129382586,-1.03810797636138,-1.37052362379433,-1.38240897727731,0.30812139050935,-1.37091061247049,-1.57570872351518,-1.98929965935266,-0.818154419431534,0.0225965836593698,-0.22386163917141,0.171062159439359,1,-1.17689082107465,-0.22141289538196,-1.03171614306538,-0.0781744956917438,-1.19969773898466,-1.12792200925003,-1.8118507801237,-0.472349116881288,0.747415554404115,0.41181701771181,1.02689538562648,1.08278056644404,1.08154868045609,0.739189760256441,-0.0242605749579569,1.1842709693403,-0.219940178812249,-0.445082896248161,-0.780091378622318,2.2801004314033,1.24640029895787,-0.066229078907227,0.189003819166005,1.13365919892903,0.724208125880346,0.281091870603245,2.04259398399697,0.246993292416776,0.0653766574015913,-0.475971327809423
-0.318570860690552,-1.45303607381733,2.01792870257588,-0.410043016028566,-1.514975292292,1.35287269895509,-0.217151710036061,0.323975605020327,1.99163992439097,1.36541477812563,0.510424762868791,1.50589756337551,2.29144225706656,-1.04134654174607,0.204989722472218,-2.11685390316002,0.29883913014969,1.10364122396809,-1.87827496805368,1.60670681554812,-0.0558485500008783,-0.304953699367797,0.364566251266507,1.76829139205791,0.89622894876659,0.480372917605418,-0.784376828040626,-0.292228748921547,0.640328705533164,-0.338155873187839,-0.100279394447159,1.56643283786929,0.107458746383333,-0.478800309563075,1.8832774931433,1.06877822908096,-0.413605518717261,0.48310080494677,1.8233685821253,0.935814648367284,-0.495698312592586,-0.126515734199986,0.280359365822164,-0.37312239073276,-1.96668976251749,-0.682988279752171,0.328033288326377,-0.227969625984821,-0.31576775943083,0.59374621499476,1.16327221218205,0.102859800270896,-2.00970263295264,-1.41163201395625,0.693345228981793,1.38018052663052,-1.01084224224413,1.44574249784179,0.943294722735416,0.337813344780888,1.37453587279713,2.15032600061943,1.66473480074098,0.915272051425789,0.41415971002612,0.326905717062119,-0.266352316223336,0.0294880096694566,-1.41055459681786,-1.17689082107465,1,-0.298295503913565,-0.65339457530939,1.57661853753705,-0.0246622367193174,0.473508878274366,0.633552260933454,0.547315350081805,0.0195573125585036,1.31656488984579,-0.297973528600275,-1.49758491221632,-1.06275679490248,0.429798469925514,0.50885229602291,-0.482907860232446,-1.65153193953072,-1.22545518384473,0.689268246417379,-0.368442752516935,-0.178710182154591,1.26852342224174,0.234978183342271,-0.440714008040217,1.54075686555145,-0.957065291957927,-0.209405046140884,-0.875076734685475,-0.723970220741357,1.28247158820632
-1.51618142385048,1.50588124625357,-1.50543913831708,-0.582297747946496,-1.16277472473517,-2.34514488647546,1.72256026225812,1.59402146672748,-0.52253892050753,1.51497663561338,1.49028780277757,1.37702433745812,2.12773822471761,-0.387096414458862,-0.326702147419561,2.66135449467274,1.91447185201293,1.11303471897104,0.0888682132990676,0.930444318820525,0.566278841353849,1.64511300781548,-0.0945670447194802,3.0365352291973,0.330237668219444,0.0322879290520182,-0.669080850586508,-1.86197662683154,0.205255828069313,-2.25858322769097,0.24709022027014,1.24188903164645,2.26177736690574,0.549128473168071,0.829352195891718,-1.78602748182234,-1.21521226709419,2.01967360223514,3.03088535377538,2.49016593358802,1.34591887639452,-1.57419904248069,0.925731620630461,-0.409191868128294,-2.00027433241931,0.10655703262405,0.751254540886855,-0.484303015360021,-1.50255010068139,0.291547325881683,-0.891170238325897,0.0130209268820567,0.808522282776417,-1.53303821781211,-3.54840154306984,-2.04830784712689,1.23976338393203,0.413908335742685,0.520097848769463,-0.0351738407803699,0.577914762468924,1.97489045188738,-0.0694564497405272,-1.0390588060292,-0.815396267401325,-0.453904656385439,-0.480269823077977,0.358465578478538,-0.571964930284788,-0.22141289538196,-0.298295503913565,1,-0.469298700413924,2.29182994695339,0.791239576348006,0.361373923243481,-0.0139808583942375,0.0309388320838493,0.0950623818534955,0.717832639648182,1.27738661136238,-1.12482489537177,-0.919867220047451,-0.781626163693827,-0.713889180227475,-0.363698044018536,-1.18805446635114,-3.38849269517001,-1.35594590192435,1.68707702780784,-0.0651185820171081,0.989040138600673,1.97671612545159,-0.572784428058099,2.4370706711746,-1.06956830749031,0.341893085166248,-2.18680779446824,-2.09296653853171,-0.654444782548903
-0.757225645325149,-1.74142697073865,-0.448956939150446,-1.26341462401768,-2.13508443532738,-0.646394800449925,-0.973304179824003,-0.539088564797666,0.125955692792139,1.35792018728679,0.568394905753244,1.3115247081505,2.06459026533018,-1.24632217189655,-0.762468952705952,-0.691399329454388,1.18031540160928,1.2780307070169,-1.41737995845892,2.6328225434902,0.125246943385089,0.630748772500437,0.200973757246613,2.52681142568027,0.543901102660065,0.211300924643673,-0.213252761430374,-0.108742440541296,0.396447115657552,-0.459907234002732,-0.193761780507724,1.52299678213582,1.83509659750581,1.05893286860167,2.74204947351571,-0.00767863054934947,0.0221598823034324,1.20448919146107,2.80271718308614,1.16549188408111,1.47923069218447,-0.244244175437661,0.904655458202591,-0.381998325916852,-1.63882257433772,0.0182151644784101,1.95401479649536,0.675942927639859,-0.251556816478613,1.18990728240157,-0.18683804821246,-1.08308677745068,-1.64693672446561,-2.85839430312859,-2.09896787931191,0.450186357311146,-1.47070263488527,0.0783095760520992,0.506757519709539,-0.343083108122834,0.296788534808487,1.93564842738267,0.164383329676266,-0.737077281809345,-0.996319989153786,-0.685018743681315,-0.0685101669994327,-0.167120998846073,-0.956902013948121,-1.03171614306538,-0.65339457530939,-0.469298700413924,1,1.52889572509406,-0.580106518797552,-0.19287712244639,-0.0829150242721629,0.141151992368695,0.24467272712616,1.77225158173593,0.789040097615638,-0.850460446503451,-0.234291781739353,0.66137307001991,0.477882928541262,0.103799691360296,-1.78719995067662,-1.73086417062445,0.24690272239191,1.39459717839652,1.06318895096329,1.42035969271777,0.56661193220958,0.145630223795328,1.87680068784859,-1.02635009422042,1.00271837942465,-0.69935581111589,-0.837732307762949,0.866328561215698
-2.54988239920038,-1.80072994355785,-0.576303699150648,-1.4445645461837,-2.77767064381112,-0.825666787838077,0.654116643493069,-0.808381227092803,0.118039877304784,1.43326331471894,1.4716347645921,2.80146936682481,1.32096841807335,-0.806799543088891,-1.03336404005257,-0.529923286916844,3.56532394162163,2.15994869910634,0.627640726972581,2.07703586174419,2.12785743434711,1.53698901854318,1.0061664919153,3.50171317793542,1.92947303181136,1.9083663683116,0.733465456920616,1.23288918417616,1.31431504972322,-0.943995977996577,-0.98379773699926,-0.79499623697665,-0.224365649942678,0.636745104171467,2.40950911740858,0.229966932839912,0.264223827255209,-0.119626785332032,1.23404608732681,1.25707958391605,-0.802396571317679,-1.8026272185877,-0.121039018259539,-1.4004781406843,-0.617192530257588,-1.33746167063586,-0.242041025245265,-0.734528743992909,-1.29671322448892,-0.204431949905181,-1.420069160128,-0.991918769251834,-1.43549708435592,-2.78055264685319,-1.05149454025194,-1.14556256444437,-2.31284732281722,-0.145928191405199,0.694385098206333,0.448147907615559,2.30475957598702,1.97553360911468,1.06487953001204,0.486806645641215,1.15877179104286,-0.30531325232473,-0.352295066119964,2.00519777514081,0.173563132653157,-0.0781744956917438,1.57661853753705,2.29182994695339,1.52889572509406,1,2.61854052617633,2.31696744525954,1.66104155166803,2.61669547484666,-1.65977629786031,-0.8697336779159,1.99867792117641,-1.16473265031676,-0.348133372419226,1.05615858399409,3.18538796863156,-0.500382808502868,0.331370253078963,-0.930613651630032,0.953874089942659,-0.388675313852205,-1.49314841959416,-0.525591169278658,0.936775436690275,-1.87420576790623,1.98254725442252,-2.55774008507381,-1.15758746590139,-1.3994017480296,-2.64689857839396,0.090735231765569
-1.8570425766849,0.240626273394571,-0.47230219356798,-0.851208046113006,-2.68352637817614,-1.75108589665475,1.82348348806343,1.40367079396068,0.116435486421804,1.13028833211997,1.09150394687347,1.54724721782895,2.40224122778822,-1.38125421303884,-0.555430878907791,1.72733880585033,2.22785154436096,1.8815129510052,-0.826451531782312,2.14631263896764,0.86363175197222,1.63838787164937,0.772258279399442,4.24280704087889,0.186389452033394,-0.315732478547512,-0.24637978203013,-1.33311553279607,0.719048605790419,-2.18007936975152,0.31527517532137,1.75045490923011,2.26988036183341,0.432603828832024,2.37490243501989,-0.695737613896816,-1.61954280953962,2.11339045332214,3.9264446589757,2.71865678477953,1.25419624595561,-1.21979860679018,1.56936787326268,-0.456660655837832,-2.41535161290989,0.329097265801892,1.15628907709413,-0.223271941809406,-1.76653210754032,0.303115989841242,-0.509507129241791,-0.287415506134656,-0.79478292289468,-2.66396954519708,-3.23914586210851,-1.65064131410862,0.151649859588381,0.630804301640226,-0.079532582892567,-0.564605744682032,0.516464561200342,2.73593669851718,0.401789283208463,-0.459303698235284,-0.72046533076304,-0.137158318466131,-0.712084907004455,0.152000131986556,-1.5991851586779,-1.19969773898466,-0.0246622367193174,0.791239576348006,-0.580106518797552,2.61854052617633,1,0.1285666990797,0.487978541862962,0.16520078107578,0.329317511691243,1.40134456620108,0.868870184392927,-2.13374880963588,-1.20721050619157,-0.59086730744633,-0.0294968509517004,-0.695383793723327,-2.17141063812996,-3.75083736661894,-1.28761300328105,1.13864455747883,-0.352401300761585,1.20113291325979,1.49062383464388,-0.596896509517,3.43276084726455,-1.58644654130387,0.363985768197867,-2.51945471419243,-2.77952958549699,-0.556416514961314
-1.52894348746404,-0.543576082885816,-1.47907168086843,-1.65407034148486,-3.62047358213142,-2.15980343258017,1.33476321219964,0.535831704030493,-0.913338211796524,0.658336197267029,0.906712529033028,1.13868482444578,2.24513795962281,-1.30244808996191,-0.867379802955268,1.78041146478532,2.65049517073445,2.47174143405083,-0.317553444534805,3.44220658461589,1.25479305327879,1.5190975536433,1.30667255554412,4.12120573706742,-0.366110747222756,-0.542912243452859,0.720763420657101,-0.605380495585269,0.987593336972501,-2.21362871758319,-0.351566030689796,1.36454913582823,2.18736199600617,0.782115078217984,2.83956505548722,-0.292067236529129,-1.60424119227417,2.11690602488361,3.55741895900159,2.39816882086419,2.21586809832099,-1.30999267615749,1.3214263666556,-0.429925069887506,-1.70409417810137,0.551449686120928,1.66529367408139,0.821270352993929,-1.389124772673,0.880313558958325,-0.663687090671828,-1.13425379872222,-1.34136690060513,-3.72082431720874,-4.38804544120476,-1.7149928008908,-0.689748562345207,-0.460174122408422,-0.542943395374283,-0.857158253530425,-0.00335840463534876,3.03205184235202,-0.260202787597983,-0.741733995108741,-1.2048768875614,-0.490203687297153,-0.085287191914522,0.297145053032789,-1.62049503471703,-1.12792200925003,0.473508878274366,0.361373923243481,-0.19287712244639,2.31696744525954,0.1285666990797,1,0.377772942735763,0.107873722467533,0.00687967316660099,1.12061980559843,0.834315991555487,-1.84434920764534,-0.55668677567358,-0.511872991527681,0.627882217747947,-0.484491672704933,-2.38588246137674,-3.47185266403759,-0.843915766094519,1.81564571148364,0.0137892909461996,0.841599696957406,1.05274681730141,-0.693530598793589,2.96125012843905,-1.4262515121928,0.672262056010199,-1.44157114530063,-2.46030067114973,-0.32604933792455
-0.83199602726136,-0.615852134992012,2.24186414381473,0.190464444541177,-1.98692734510102,1.15950650845963,1.35007511270691,1.16660159767598,1.83573038454495,0.720616001163153,0.450987165630458,1.2689767298684,1.88932486786209,-1.04107436107694,0.1078129440756,-1.5478310656829,0.628971973262734,1.21336547484669,-1.54388001966357,1.53688520853801,0.505695038234992,-0.165224330919257,1.14071284500703,2.47925388033797,0.496388810051977,-0.263625957098899,-0.527194072779907,-0.549768484278943,0.859018450960807,-1.16763894340985,0.112539858874415,1.99356042922792,0.0457585244738151,-1.14718093843031,1.72500162966611,1.51811695785897,-1.46834512364087,1.19635056185354,2.53337285666505,1.44425048793812,-0.616019574343801,-0.589694379272398,0.804152378311016,0.0255292923281382,-2.12323779147191,-0.0998307256680508,-0.103543258574052,-0.424733707307716,-0.861073100406925,0.178316351770812,0.789719813930704,0.254819331056094,-1.94106287328053,-1.22312216154887,0.425350989124369,0.304620922319479,-0.718890690870997,1.46762187610414,0.174665435422253,-0.0148091646646589,1.39479237856708,2.46915267816881,1.87985268178529,1.44630612070775,0.769805237573415,0.912413516033429,-0.872108170748228,-0.0996031938421994,-2.07953236584031,-1.8118507801237,0.633552260933454,-0.0139808583942375,-0.0829150242721629,1.66104155166803,0.487978541862962,0.377772942735763,1,0.438849653886837,0.160964099515338,1.12375240696097,-0.680541791599011,-2.38263420880817,-1.65426161030688,-0.449446015583342,0.628235792177911,-0.939904889706952,-2.05947128698591,-2.16672676033419,-0.17890008744281,-0.870815655285449,-0.96249444289444,1.19504012754562,0.393808390649813,-0.879296840786032,2.27473892292936,-1.00404457828633,-0.596543568125561,-1.75377884668095,-1.89142808531859,0.546732423863223
-0.247658143854606,-0.0667528012955854,-0.235488439919654,-1.32117494675212,-2.1152107488145,-0.382228497288964,0.720878502848734,0.994094576089793,0.391247809944911,2.13083150283798,1.56844720106909,1.72727463947391,3.62649564347837,-0.0439267355809412,0.210802183958611,0.113548090877563,1.49876940799698,2.08948020439827,-0.421447758485017,2.822246188899,0.55584360215177,0.161311612952516,0.602133833995076,2.26747803658292,0.430563986743579,0.452469590263227,-0.494035485456703,-1.36895429528248,0.962454279520466,-2.27274836457892,-0.959793676536718,1.7584161979208,0.816077898698978,-0.396900381654384,1.26689541931353,0.0693816654387008,-1.44398831926684,1.65827020054575,2.22923858928524,1.96855217627514,1.13767626911479,-1.81950194553236,-0.326906430786156,-0.52154622612919,-2.11940351086933,-0.791567266370618,0.465927649107878,0.440795414248344,-0.644638868387623,1.46903434415902,0.733804177356951,-0.291944278902445,-1.01580293298775,-2.32108939142834,-2.60905834923887,-0.0411168948276992,-0.034121820455945,0.581577497813667,1.40007759287979,0.756502786672317,1.52225062728988,3.65079149463627,0.882904696478119,0.103357473938277,-0.356647524702545,-0.284019381691302,0.512289791894425,0.693711164757426,-1.34754848370875,-0.472349116881288,0.547315350081805,0.0309388320838493,0.141151992368695,2.61669547484666,0.16520078107578,0.107873722467533,0.438849653886837,1,-0.727126239452762,0.632666444504659,0.155418876590399,-1.46521940673474,-0.94210956686236,-0.606184585502598,0.170663136065816,-0.567027458250827,-2.23885304867627,-2.99260904162874,0.461713905316005,1.54052844028126,0.00911229192276086,1.32086665271359,1.25703696538335,-1.31028609415331,1.45662878234062,-0.869868760188762,-0.179286861756496,-0.527983917774065,-1.10065107421121,1.32862593301897
0.529735901092385,2.26478128587786,0.443919219016571,1.99174799867996,2.98258627403171,0.587748303805727,0.897145617859717,0.872522120122692,-0.00110200272198502,-1.26335785420863,-0.849388570402658,-1.44284752817513,-2.48190090892795,0.894302582389613,0.220491233217882,0.992734808363448,-1.69112120228137,-2.0866749428625,0.752749330840484,-3.14160661910079,-0.452516709029577,-0.276538169272008,-0.518289697066298,-2.24636470373709,-0.319756766207239,-0.517531511898342,-0.367277217813308,-0.485884846514972,-0.802712199545782,0.85320801506795,0.889045547587143,-0.750781043436271,-0.815123037379478,-0.78770581983976,-2.91248044822135,-0.298931830823251,-0.0255586913525363,-0.793102874051157,-1.85842360469082,-1.03883276038238,-1.41853629407015,0.461426443041656,-0.23212367977458,0.580066361058574,1.27417245564671,0.351109612221853,-1.51877447280498,-1.0569551783272,0.102190060833529,-1.4866513600666,-0.198432116989396,1.15676226617662,2.15030226712679,3.30650577111729,2.26411218003347,-0.209758320650073,1.78343856143804,0.210828958361963,-0.581701159309977,0.110127684344339,-0.777409655691939,-2.70617991031262,-0.417473998726444,0.174663779418399,0.782591530539661,0.595979734516952,-0.574334274069207,-0.632852928681868,0.910922976244848,0.747415554404115,0.0195573125585036,0.0950623818534955,0.24467272712616,-1.65977629786031,0.329317511691243,0.00687967316660099,0.160964099515338,-0.727126239452762,1,-0.694171758695174,-0.625777540623569,0.630370191042085,-0.0267173187153821,-0.908555135276303,-1.3029656041835,-0.232221255790172,1.52139232374674,1.33489549451852,-1.03250006325834,-1.44833599323437,-0.434468339193179,-0.70125668310282,-0.430934457005116,0.506360402922233,-1.41292601784981,1.07429376586461,-0.590957986658631,-0.107931231579121,0.620535085293239,-1.26116275948234
0.280010800060922,1.27173612347511,2.08352220927423,1.56707421974495,1.69376336111513,1.9722121656905,1.3028183498182,0.960238821869841,1.33910272894958,-0.425879505915303,-0.0883652577178786,-0.112898932531022,-0.885723441233675,0.99232575140444,0.912512043062664,-0.990330144442911,-0.881938716113575,-0.951933471443288,0.605127412291576,-2.29398569605502,0.241770672304687,-0.943014036901396,0.0688218649995638,-1.69853145339443,0.407158968564094,0.44479684591035,-0.187554258891745,0.107837434795148,0.166745768757886,0.26646347862183,0.0371309031875845,-0.864824404695821,-2.52618870599637,-1.94113865953108,-2.31067332185499,0.910549235590803,-0.277222779484012,-1.16712642809625,-2.30052298189492,-0.858146405952377,-2.81326898387152,-0.280046367168206,-1.10066867386976,0.232989878011192,0.831593191640786,-0.744978844688605,-2.67873949202041,-1.43707064723472,-0.0769800325813598,-1.24677367289934,0.632519870526229,1.37232329469166,0.69282339879745,2.82034425061936,3.51830830426789,0.19947469115368,0.822976536989284,1.01319506977713,0.26006858859484,0.984375908485993,1.29614554939843,-0.628439946941036,1.43296813313106,1.93012955773422,2.19500847524311,1.27684703877127,-0.460262301842923,0.579527994771548,0.322520134988796,0.41181701771181,1.31656488984579,0.717832639648182,1.77225158173593,-0.8697336779159,1.40134456620108,1.12061980559843,1.12375240696097,0.632666444504659,-0.694171758695174,1,-0.932079857097663,-0.205424636998786,-0.672906142138445,-0.588209459758815,0.276193841770723,-0.771407722173498,1.30118990649511,1.22049920326112,0.149442220466025,-2.45580116924817,-1.88282508827293,-0.992108339396325,-0.467106097384248,-0.914957671155035,-1.19769142271505,0.373266870987316,-1.86036729341278,-0.0890006010076487,0.0432170675045749,-0.175307000727909
0.15464110006231,2.67241799923238,-0.546230625182783,-0.146592633596171,0.816661223161227,-1.04406675501412,1.61599529212592,2.16443120109649,0.301762481743652,2.05026943664185,2.00892899119409,1.11655976871797,2.53434219558535,1.43706846161743,1.48786893481615,1.86514026034509,0.418275659968426,0.515023610588671,1.00523948350451,-0.905524632068468,-0.31892358712828,0.0364521058079645,-1.02747156589889,-0.0240764486376464,0.418323567684595,0.669874167184149,-1.67259585346134,-2.5092581665688,-0.197505516366292,-2.42370605298613,-0.330706889852173,0.533894513631225,0.0946790059663454,-0.804781194091794,-1.71734921073005,-1.85613369255436,-1.01084376030265,1.05470127499981,0.361766151588988,1.72126000992345,0.203085902192942,-1.68706062178133,-1.05670143541175,-0.38643024022563,-1.77064811891785,-1.02229957559806,-1.07090573934189,-0.811928785897948,-0.579318165176301,0.489893325712112,0.683287887730226,1.34642417094918,1.93828087572284,0.762047465273558,-1.6865625042861,-1.15530197662612,2.83366403673623,1.12842197473036,1.96680231843789,1.40584457029354,1.61230269151637,1.69948781886472,0.65414235784708,-0.0729757007843989,-0.0208495666800628,-0.0604187065120468,0.495847674970584,0.970174397568211,0.211713764201324,1.02689538562648,-0.297973528600275,1.27738661136238,0.789040097615638,1.99867792117641,0.868870184392927,0.834315991555487,-0.680541791599011,0.155418876590399,-0.625777540623569,-0.932079857097663,1,0.0541496385343108,-0.9084268441974,-0.906452826659959,-1.45255288372553,-0.00775104678179966,0.00516586905394179,-1.9997894467965,-0.109578118812423,1.33011759189714,-0.583080425111487,0.496965975602275,2.0912560371015,-1.14726885689185,0.144278021933486,0.0245613649028684,-0.607869735156112,-0.75024963075372,-0.136321653929946,0.387409809806725
1.54050847185332,0.251012997495534,-2.59615535230309,-0.869190030287534,0.975124372365371,-1.73957593923157,-1.83843326422142,-1.12707046545137,-2.29161939625109,-0.918111896098978,-0.671782079398196,-1.98095757974728,-1.0468773985818,0.794873089275501,0.267103668811986,1.73570949434522,-1.12797877963834,-0.810095876771321,0.898929147117307,-0.394484274428155,-1.19469126102946,-0.251817745931709,-1.12582681344048,-2.40229603140599,-1.6596876573952,-0.81459715086217,0.579255346986244,0.155378878849962,-1.05324846038288,0.727775952878394,-0.061368947987159,-0.904764285164789,0.972135882306593,1.41637100509634,-0.800553099089425,-1.62235641039218,0.938110585814251,-0.113684873018186,-1.38477138095102,-1.06291076518006,2.45765246226936,1.22062083889617,-0.156175589087712,0.461875132311506,1.52141282688295,1.04214882264666,1.53780588833854,1.66352975347885,1.23765520393679,0.913373628126403,-0.215844352673636,-0.641167536988648,1.33607149843426,0.159077651409185,-2.20535970453364,-0.259330395947727,0.856785599299688,-1.72899153950149,-0.590460782659566,-0.684849856890974,-2.37666514615469,-1.55931647451372,-2.37896621999113,-1.96152845764072,-2.20012377321601,-1.11396538192032,1.24089569278442,-0.633776608542416,1.13919752654114,1.08278056644404,-1.49758491221632,-1.12482489537177,-0.850460446503451,-1.16473265031676,-2.13374880963588,-1.84434920764534,-2.38263420880817,-1.46521940673474,0.630370191042085,-0.205424636998786,0.0541496385343108,1,1.84009418634711,0.261786025887243,-1.46912283887593,1.43218622096052,0.61272689100674,1.26438076546548,-0.0862017802839297,2.3253097969309,1.9724612632265,-0.423821258588907,-0.423967474367774,1.56398384369052,-1.90676887514799,1.6238052989353,1.85034594067326,2.24629150063163,2.40963238983819,-0.142452290819213
2.27579182614611,1.29671652423269,-0.148847426061398,0.396407486219666,2.42544946182344,0.593827817821642,-1.15450421614296,0.295954488455742,-0.0198507199600988,0.767483109994945,0.394663754731078,-0.785888117884199,0.530221678824268,2.00513967331308,1.54596069712361,-0.532450699328098,-2.15272232452143,-1.11252353604362,0.58657072098603,-1.50153148809935,-1.66304888062873,-1.7352877962089,-1.47923949191687,-3.50448957648216,-0.345893026247825,0.0297441681120825,-1.45067625262915,-1.20373794959686,-0.995205801271234,-0.139644519107615,-0.406551599581922,0.217203672475099,-0.800729779095283,-0.622556397883788,-2.45236741793263,-0.632094497424088,0.509218753018264,-0.144974426235801,-1.81930116942739,-0.829021028163584,0.476613606797455,0.181277758080524,-1.57728274470876,0.492454811282499,-0.0491056211038774,-0.466170568447033,-0.479413105196063,0.540772451217385,1.58916019570728,1.09345423852913,1.3108332292777,0.845803793901769,1.501019648542,2.03790619360717,0.436600901527425,1.14445691146719,1.80426796902284,0.208320867915287,1.55609322958779,1.1267546045923,0.109144494648821,-0.563666395138371,-0.198987035239494,-0.157380446495233,-0.472487524122716,-0.201534254897309,1.19895119653049,-0.253044100322825,0.811983467911125,1.08154868045609,-1.06275679490248,-0.919867220047451,-0.234291781739353,-0.348133372419226,-1.20721050619157,-0.55668677567358,-1.65426161030688,-0.94210956686236,-0.0267173187153821,-0.672906142138445,-0.9084268441974,1.84009418634711,1,-0.168209772154888,-1.80429620707647,0.980512009087293,0.616253721814773,0.976542895569613,0.981110832344585,1.0962780146996,1.06705302370934,0.376096147856204,0.333741117694213,0.318230489613628,-2.51399407306791,1.79543814442195,0.24845147399857,1.85070549271463,2.78733830250741,1.35477096626678
1.67693726127061,1.21207515680771,-0.391251343629045,-0.414037007034358,0.439558842539367,0.474124523676553,0.0545664613148875,0.902666845301078,-0.0957660648659544,1.47285720488484,1.05387620790976,0.169976337319493,2.33329906866978,1.76848862478253,1.15302737926843,-0.0172704244393034,-0.528038315832098,0.64159972769879,0.762996405171229,0.886324935537357,-0.413676101469533,-1.28210204400434,-0.141593608305397,-1.49176031047133,-0.268850320614034,0.182746034298941,-0.811248514535437,-1.64314574526278,0.240215592725178,-1.72610927699069,-1.1998988650142,0.998190077701757,-0.625582496270097,-1.127482391959,-1.53986965708438,0.0487686192456557,-0.968638187483562,0.715946619368423,-0.691172770212996,0.296986351048478,0.829447127868087,-1.39464036562609,-1.75142114348103,0.0355514355844289,-0.646715053690556,-0.954944197000212,-0.61351371921848,0.81551747814851,0.734202077205663,1.55824709059244,1.47684011239027,0.367896058701935,0.491864541331054,0.269292870825647,-1.1702271759386,0.723218063394884,1.27749496742335,0.112041812032764,1.74038730003131,1.47575936666443,0.91470300956638,1.8886320034982,0.243210149635945,0.248199753538543,-0.249336104650054,-0.192264678527564,1.42788119153306,0.435048076424747,-0.254352177612319,0.739189760256441,0.429798469925514,-0.781626163693827,0.66137307001991,1.05615858399409,-0.59086730744633,-0.511872991527681,-0.449446015583342,-0.606184585502598,-0.908555135276303,-0.588209459758815,-0.906452826659959,0.261786025887243,-0.168209772154888,1,-0.997471567512839,-0.04446677367028,-0.935681021340448,-1.00383948601771,1.03777131849124,1.40791189743389,0.407431788034767,0.680693077642542,0.641706103325188,-0.933661194608013,-1.47138909867251,0.905132435403075,-0.436164847907933,1.46340376313584,1.31170482015142,1.64098990988925
1.64578752056582,0.575807514862049,2.18422629343427,-0.485305482046142,-0.293192134844878,2.48085086958126,0.424226905356084,1.96426275509369,2.59155761096004,3.67920972379209,2.08611632015471,2.23586712577035,5.16526494166566,1.42730529202344,1.70550216375139,-2.35265919430952,-0.441781224915262,1.80625775108952,-0.757897880094708,2.13066469755102,-0.615134678447823,-1.87719416662795,0.237971563510415,-0.0516375268144411,1.31360467764257,1.20231787930243,-2.59377452271262,-2.83365714847973,0.935536212675521,-2.72690932665055,-1.55011140276818,2.94746036706023,-1.0572753792523,-2.3021251619084,-0.58090417411396,1.28440822742042,-1.75238945491854,1.18153456098843,1.01072729253889,1.63824375067936,-0.278990164950582,-2.36575589828894,-2.22183373469931,-0.608849494998948,-3.32843889326498,-2.46175156647977,-1.16654445619877,0.111628127636549,0.360606260129027,2.14712507496436,3.09543992531567,1.12822337962516,-1.03271305446301,-0.458699285806801,0.200117812794665,2.52764742287967,0.982064801734174,2.22253441651625,3.74407044551359,2.72243040256167,3.24194511679841,4.20566102938967,2.40782744142838,1.55524267270733,0.679667713463787,0.243136464380392,1.35978414963753,0.694293164378051,-1.56141741604448,-0.0242605749579569,0.50885229602291,-0.713889180227475,0.477882928541262,3.18538796863156,-0.0294968509517004,0.627882217747947,0.628235792177911,0.170663136065816,-1.3029656041835,0.276193841770723,-1.45255288372553,-1.46912283887593,-1.80429620707647,-0.997471567512839,1,-0.718962069400116,-2.54645147545952,-2.59574196471494,2.24083858563276,0.776963818421632,-0.0661383862134594,2.30249894328298,1.54876761816814,-2.12046921763379,-0.271543515732398,-0.118927987455894,-1.49288578963457,0.459241912265701,0.602275296035498,3.456357464499
1.07012509119784,0.506740791275699,-1.32067497522856,-0.409934202937226,1.17259276454749,-0.462333846684878,-0.952291312255775,-0.469685807707896,-1.03918466281748,0.110401834138111,-0.119666751518618,-0.706927663259729,-0.353022803323694,1.15632117978481,0.262473341416293,0.759179185424959,-0.631990491043952,-0.418327308014583,1.0793747574486,-0.391480127452995,-0.680375232754647,-0.292599655249441,-0.554173318774482,-1.84279136485107,-0.39224048557883,0.208806028612908,-0.0860659726797345,-0.236265265671343,-0.388439671060047,0.109590050394936,-0.374054030626264,-0.556943616505653,0.0160613910465769,0.450976475179047,-1.11483624978049,-0.813621088648504,0.543958635750219,-0.409809134675285,-1.39002412900031,-0.679541793038432,0.861095914387871,-0.00297313999057891,-0.823221210376438,-0.0383353634265506,0.942187427242925,-0.164894384614508,0.221083674395,0.702035279665765,0.757501691820146,0.535425663075005,-0.0355118310370535,-0.10851606998994,1.07178576132647,0.59227455719431,-0.649922431609121,0.179871139600496,0.692366642013896,-0.804756049766717,0.496878332872057,0.429885677453372,-0.658681953805951,-0.889340267211751,-1.16628162598528,-0.860955597763664,-0.824641057226146,-0.689377952653771,1.0123452830667,0.0267660197301626,1.05151823826853,1.1842709693403,-0.482907860232446,-0.363698044018536,0.103799691360296,-0.500382808502868,-0.695383793723327,-0.484491672704933,-0.939904889706952,-0.567027458250827,-0.232221255790172,-0.771407722173498,-0.00775104678179966,1.43218622096052,0.980512009087293,-0.04446677367028,-0.718962069400116,1,0.610876180149078,0.790319865317425,0.558636341032009,1.08314204914867,0.911976102118986,-0.23677974625091,0.058875469851251,0.313053827739,-1.7393061201795,0.871017055344084,0.297728910915704,1.58087133235778,1.51480381663591,0.362847248973672
0.519837417403984,1.52202123309552,-2.35061790251586,-0.447121876364674,-0.0564818792607094,-2.61704973242227,-0.0111547662227321,0.711052300857335,-2.0486481970228,-0.663544222456282,-0.386884821960812,-1.67181341228194,0.241448594177601,-0.130717215909486,0.0151052891615141,3.28851552642392,-0.533560930896375,-0.409059673292212,-0.138459209005299,0.192325069691414,-0.966271789461525,0.628522844596925,-0.725303786304824,0.0847747242394131,-2.13771637552187,-1.87935791837468,0.263980159944963,-1.36165713287919,-0.806932436560739,-0.711780318068812,0.80350834459334,0.978101027121806,2.83475327992517,1.1366268027754,0.0426047934805389,-2.10069235351068,-0.728133297936522,1.83275299439004,1.56190771970043,0.683807035993102,3.18138410187082,0.733060391752995,1.45370113209751,0.862064613023081,-0.0980430962856312,1.98690786755178,2.18234664224483,1.26041398273162,-0.0474988553670947,0.822814014940617,-0.451785865708377,-0.38065585287824,1.29719875049423,-0.495351640341616,-3.91453688898228,-1.55055821695927,1.83822008166326,-0.926811858002243,-1.1645026460673,-1.32592891491765,-2.53104683669719,0.069218866469254,-2.03310075938392,-2.11996175032674,-2.68253746728305,-0.723053959294981,0.16568200110884,-1.26496445858949,-0.428410545269167,-0.219940178812249,-1.65153193953072,-1.18805446635114,-1.78719995067662,0.331370253078963,-2.17141063812996,-2.38588246137674,-2.05947128698591,-2.23885304867627,1.52139232374674,1.30118990649511,0.00516586905394179,0.61272689100674,0.616253721814773,-0.935681021340448,-2.54645147545952,0.610876180149078,1,-1.73688022518633,-2.06165804990588,2.75769359175706,1.76244105124273,0.70419045539015,0.365147746981273,1.63794878712374,0.498587956094025,1.18538179364003,2.26300969186885,0.0541180495276331,0.465390738299568,-0.997711734853702
2.9465196067146,0.58349816862516,-0.801421173663832,0.0638083960685304,0.869099316755767,0.141473722489812,-1.6976429133163,-0.119428033239063,-1.41416207902836,-1.12951001310514,-1.2793790757148,-2.84233598649985,0.0482038663035396,0.881240890054301,0.723643768831419,0.173443366112779,-2.8267807113156,-1.10780122868631,-0.590370877561154,0.515643737480594,-1.84248171278002,-1.83199898397723,-0.494816552973445,-3.05538453624612,-2.70919641770066,-2.27450743578589,0.302334176512437,-0.730980208055736,-0.785866351994446,0.300847371733161,0.0353065043947912,1.48523668966405,0.945553797686397,-0.142871378720884,-0.996686848002046,0.0975249697498952,-0.43978493484128,1.13750715302093,-0.486923162191705,-1.24891477727968,2.85505103584742,1.47144741430265,0.13917958683698,1.69330392836764,0.813655996556749,1.79774164250817,1.71505816623883,2.47682955731275,1.87983314605723,1.87892611086659,1.27323582285651,-0.423063496498736,0.226974988681512,0.670184169926567,-1.50746021383949,1.07297533507795,1.03444822969133,-1.07626825685776,-0.792059053684548,-0.696645424278198,-2.58705634233063,-0.0493869850450175,-1.57468094202929,-0.95129686251251,-2.2883465296495,-0.280514815887178,1.09139944314363,-1.89520007103498,-0.802050609186425,-0.445082896248161,-1.22545518384473,-3.38849269517001,-1.73086417062445,-0.930613651630032,-3.75083736661894,-3.47185266403759,-2.16672676033419,-2.99260904162874,1.33489549451852,1.22049920326112,-1.9997894467965,1.26438076546548,0.976542895569613,-1.00383948601771,-2.59574196471494,0.790319865317425,-1.73688022518633,1,-0.494854454580487,2.17614352125155,2.48322528014119,0.927945170459277,-1.14519336013382,1.83045498937979,-2.02965644601211,2.80252704583152,2.05083516355966,2.59006758722161,2.91705675963355,0.876903691502768
0.566696274554808,-3.75465130820935,-0.789256080091017,-2.75481922935171,-3.66704460547583,0.253522106523117,-2.36508899078147,-2.26889843594068,-0.765177075359869,1.01192171676351,0.242198289184584,0.885518663413746,2.38016822806004,-0.124983675782421,-0.395661857341982,-2.60743696827727,1.38889002046779,2.46941368229432,-0.231025509843734,4.80189571866799,0.413924132009814,-0.751021571672373,1.35380842689796,0.951143574946916,-0.200137346772007,0.494584087378331,1.27478775254847,1.57538327421946,1.30576604150509,-0.579101451278404,-1.91578520352079,0.817232582536682,0.0909372054008619,0.744757148172649,3.36037621275192,1.63595626178149,0.300809474876535,0.462827053844026,0.788294772071213,-0.151803306528764,2.20443835471218,-0.493857882595226,-0.485877226651607,-0.339099979861197,0.0129032738262078,-0.364114048846998,2.06237003387367,2.65618924755,1.04380461843586,2.63948580042119,0.336657604112229,-2.24949402090059,-3.36570391473972,-4.01445811054354,-2.32237289152134,1.22142429505584,-3.37660660198713,-1.41902968352116,0.614534785903417,0.0963823492978333,0.50547743938079,3.06828230222771,-0.0734071984972025,0.078699852781916,-1.13131548977319,-0.894742995125091,1.5518551957389,0.649270778779246,-0.931724073798734,-0.780091378622318,0.689268246417379,-1.35594590192435,0.24690272239191,0.953874089942659,-1.28761300328105,-0.843915766094519,-0.17890008744281,0.461713905316005,-1.03250006325834,0.149442220466025,-0.109578118812423,-0.0862017802839297,0.981110832344585,1.03777131849124,2.24083858563276,0.558636341032009,-2.06165804990588,-0.494854454580487,1,1.8718436524105,1.15991621655953,0.598466210175383,-0.462020540418819,-0.640780955030617,-0.157657138733133,-0.407830402813661,0.633382218372376,2.30767353135983,0.482618183195678,2.50588897656972
0.251515194937801,-0.108747785247221,-1.11215254633451,-0.947918748195709,1.55904449742272,-0.437626453771238,-1.40652899981307,-1.13169187240779,-0.304451943282365,1.34649187721759,1.0654988129472,0.944399979735256,0.0394944987859234,1.58935212219075,0.819309674753692,-0.172967756723209,0.395134619352872,-0.282875657726366,1.84593995997197,-1.611131054761,-0.343321728269932,-0.0669989560302035,-1.54726373257307,-2.03783146207863,1.28160552107155,2.32371200910658,-0.437725941336781,0.682427009221851,-0.393616497075982,0.523175825807285,-0.882671633079623,-2.38495653843562,-1.40202329148443,0.658337382996238,-1.30717620635531,-1.62206429205713,2.03844688222432,-1.75088820847968,-2.81351539281446,-0.81048608548226,-0.843426754670228,-0.372692996039172,-1.96759381909065,-0.969556059596617,1.04356328402702,-1.68453199859824,-0.953928547658049,-0.557078831726257,0.628553856305271,0.0685712813610355,-0.392647184420802,0.296076950707232,1.47337498877594,0.932626938990608,0.657006986475793,-0.027386996398464,0.306685584653541,-0.251439803949167,1.91281243593316,1.4823000326403,1.38247280882226,-0.954674833337676,-0.0846207887566965,-0.341129872453061,0.427206773801323,-0.792353590342453,1.05783305138266,1.73311494777718,2.5407336999548,2.2801004314033,-0.368442752516935,1.68707702780784,1.39459717839652,-0.388675313852205,1.13864455747883,1.81564571148364,-0.870815655285449,1.54052844028126,-1.44833599323437,-2.45580116924817,1.33011759189714,2.3253097969309,1.0962780146996,1.40791189743389,0.776963818421632,1.08314204914867,2.75769359175706,2.17614352125155,1.8718436524105,1,-0.197912792011396,-1.22843714646717,0.715850950499571,-0.610057462456886,-2.08524200318127,-0.071118742198331,-0.6632242486219,1.41803156137958,1.49321140271878,0.803380858137088
1.46039741328705,0.155599753436506,-0.0751544453210202,0.0873114296627597,1.76715787010081,0.64955575449899,-1.0966790312415,-0.827505885660304,-0.398294651600098,-0.584780462571417,-0.43598214998869,-1.07460178265715,-1.34025924672242,1.58297997478745,1.00568358440721,-0.683260814762007,-1.37704921425803,-1.0111149714048,1.34457234592735,-1.71445151952916,-0.860669017393481,-1.21411651474734,-0.70969189406542,-3.34270123390113,-0.373708401287722,0.396124530344262,0.0660856398233171,0.74811518972802,-0.545736237843489,0.886852056956479,-0.434920941480008,-1.54433490442916,-1.74778148632845,-0.275981466777523,-1.81305024747378,-0.127028014501043,1.11490430559352,-1.43397715515039,-3.0754431233338,-1.66286615849566,-0.47708892606523,0.66432706733724,-1.36571979445301,0.226930870043635,1.7104672115487,-0.305175288504701,-0.841607965864534,0.359765944904726,1.2586851501114,0.073260094912144,0.347845265846532,0.382194556040552,0.933186253355809,1.88014327500129,1.57355241423846,0.479061930994624,0.462482253490614,-0.542830393665252,0.354718569232503,0.597176468919723,-0.180785546480822,-1.63916244404483,-0.444361425844862,0.269647660447655,0.152329776062839,-0.0134096854649419,0.924103987946441,0.318195256187597,1.40734969670519,1.24640029895787,-0.178710182154591,-0.0651185820171081,1.06318895096329,-1.49314841959416,-0.352401300761585,0.0137892909461996,-0.96249444289444,0.00911229192276086,-0.434468339193179,-1.88282508827293,-0.583080425111487,1.9724612632265,1.06705302370934,0.407431788034767,-0.0661383862134594,0.911976102118986,1.76244105124273,2.48322528014119,1.15991621655953,-0.197912792011396,1,-1.09804379418722,-0.544079927030777,0.149781700415063,-2.70771348940747,1.28257435065371,-0.299942455665852,2.139342920031,2.14993580617091,0.516037137536657
-1.10355622941799,-1.67118791766955,0.111318719613825,-0.608527475594424,-1.52763554925018,0.0986595693759452,0.246167991429108,-1.18051774413868,-0.186921544665215,-0.893281842462926,-0.419822921774752,0.413334626006588,-1.23173862842445,-0.656476327194229,-0.81619178349061,-0.565661431845441,1.46815921205686,0.906262494590418,0.626483075136548,0.849927327891571,1.24622122365402,0.661868317878996,1.26044979500512,1.14660345216593,0.391372114003618,0.563421863297791,1.37741846324286,1.88732188541772,0.7858748076782,0.499629817994257,-0.397454568086476,-1.42508155586902,-0.916308987749245,0.352995149815414,1.33304790956241,1.02836421908132,0.375494056650859,-1.09385603838505,-0.56713158078834,-0.317175229006004,-0.858344116019896,-0.128254883020742,0.101721158761528,-0.582209454728911,1.05820340976221,-0.231017853904283,-0.315600294869127,-0.0559463839421236,-0.487025369499405,-0.770423729580825,-0.874239809172074,-0.717316324697612,-1.24512184529988,-1.11720021219331,0.690324109474166,-0.468035770897273,-1.91323959025019,-0.707532157324983,-0.898258486333969,-0.417469357286246,0.22539403890447,-0.333133498809847,0.0344075321887168,0.599641966058717,0.792659414796372,0.0991422648555749,-0.126507623901278,0.791387765151371,0.229220578152076,-0.066229078907227,1.26852342224174,0.989040138600673,1.42035969271777,-0.525591169278658,1.20113291325979,0.841599696957406,1.19504012754562,1.32086665271359,-0.70125668310282,-0.992108339396325,0.496965975602275,-0.423821258588907,0.376096147856204,0.680693077642542,2.30249894328298,-0.23677974625091,0.70419045539015,0.927945170459277,0.598466210175383,-1.22843714646717,-1.09804379418722,1,-0.604886336439887,-0.697259578735513,0.378175019226007,-1.08838471269478,-0.780484669005629,0.0385069178914793,-1.1481587059951,-0.500901612543522
-2.37640020168578,-0.732908611482932,-1.96962955035602,-1.43054861770168,-2.11062350648341,-2.51695294008125,0.753304172008967,-0.571139050343511,-1.20268713303206,0.26882366222998,0.614431274460007,1.29847146208448,2.75313535813559e-06,-1.00751995091555,-1.22628396527766,2.04232942015246,2.97893661163761,1.45323581715669,0.915988850608424,1.19570364780137,1.31878036531394,2.32267581846981,0.572333799790407,3.20585394938229,0.617942542826918,0.774343070339925,0.905896566994579,0.687446614120534,0.563064285407176,-0.767666278691305,-0.0249867548437158,-0.953345517341358,1.44646432342691,1.70038832383581,2.1969025070662,-1.28840226446957,0.238207033261316,0.251138296825773,1.62176242500139,1.34841381720827,0.740950500327392,-0.848069517546734,1.02873379075872,-1.03217080465379,-0.104808610139913,0.018691613825357,0.949814849007186,-0.262715033603514,-1.45797783598727,-0.492151393634803,-2.08940560323621,-0.96570452979779,-0.169925191444039,-2.44268648381257,-2.61513453837132,-2.28934385702583,-0.947636424977903,-0.834966840750058,-0.521066167952435,-0.651537932199851,0.100153444177219,0.419711829669395,-0.74956216535554,-1.05075492144479,-0.522600682986085,-0.784944868834921,-0.35014806954186,1.03137047527241,0.506295434064609,0.189003819166005,0.234978183342271,1.97671612545159,0.56661193220958,0.936775436690275,1.49062383464388,1.05274681730141,0.393808390649813,1.25703696538335,-0.430934457005116,-0.467106097384248,2.0912560371015,-0.423967474367774,0.333741117694213,0.641706103325188,1.54876761816814,0.058875469851251,0.365147746981273,-1.14519336013382,-0.462020540418819,0.715850950499571,-0.544079927030777,-0.604886336439887,1,-0.528019942788962,2.02660698150705,-1.84857438448842,0.0938415421497347,-1.40117690937271,-2.30029155516676,-1.23212939710008
1.74849327301536,2.61204735520063,0.0905120155869776,1.8766796752304,3.60774496294024,0.576699601485531,0.270583793114365,0.82369325892821,-0.344020503615144,-1.25613379830601,-0.732927707042979,-2.10951371453289,-2.15907897917371,1.63228625777001,1.0241373789155,0.923673048696143,-2.62764341061373,-2.36519793668702,0.953673407963887,-3.42826658761032,-1.14558065870191,-1.17380939067268,-1.1512998701483,-3.84976104234891,-0.952176811410605,-0.848364824006824,-0.622106608248807,-0.831697902501326,-1.25812108123246,0.768038361430021,0.5677502306028,-0.804687980337301,-1.15189417985909,-0.980469386411638,-3.82295757784269,-0.559479951905218,0.129154633961605,-0.759740671189775,-2.76186714953267,-1.45715743613019,-0.738046141428802,0.761499785625537,-0.910149729233156,0.925531745831093,1.36418635551718,0.407059755208238,-1.49174298736853,-0.40520933889369,0.937317255283059,-0.764325506878317,0.587524956578176,1.3377233363714,2.59434276798625,3.82215793936594,1.88156054640517,0.190769657773481,2.51018108485259,0.00807847450721511,-0.242402922759569,0.313396924975631,-1.08462971386182,-2.6942708789905,-0.685967898751529,0.011037802303886,0.286715592274879,0.48307628203639,0.184167933378472,-0.771609045900604,1.07485863627678,1.13365919892903,-0.440714008040217,-0.572784428058099,0.145630223795328,-1.87420576790623,-0.596896509517,-0.693530598793589,-0.879296840786032,-1.31028609415331,0.506360402922233,-0.914957671155035,-1.14726885689185,1.56398384369052,0.318230489613628,-0.933661194608013,-2.12046921763379,0.313053827739,1.63794878712374,1.83045498937979,-0.640780955030617,-0.610057462456886,0.149781700415063,-0.697259578735513,-0.528019942788962,1,-2.55528898171214,2.04516996568064,-0.138632372815975,1.05119915643313,2.08936998710819,-0.676151856541578
-1.13624994483119,3.25642179261043,2.15617881719254,1.73149560924408,1.68388791189216,1.36352626242987,3.51737095579629,3.28667773470763,2.56956437904604,2.43408792060231,2.0983364470063,2.52635118329061,1.97761339024253,1.14404731913855,0.904816266781287,0.39134129548562,0.791859737360421,0.190996192588672,0.646465776995096,-1.98174227777247,0.872995115749031,0.275935915995366,-0.0404712166165293,1.05629761027917,2.33597200300601,1.69738646280379,-2.27667135275592,-2.59944460433827,0.615094706151702,-2.26161957493281,-0.0183190613072584,0.688698288001649,-1.53419875876303,-2.47728585347636,-2.56653422474243,-0.149595246854786,-1.62691186974786,0.180108854104129,0.204265166114462,1.83687098390691,-3.40172534449478,-2.86605142050868,-1.39631863036806,-0.85293561975734,-2.12910924307723,-2.33654682142501,-3.59808390804118,-3.1173831909476,-1.69884144209019,-1.36742882916056,0.638238282111172,2.37314206449821,1.66536943768518,2.34584839180543,2.24134966558495,-0.491121822953441,2.41362525447144,2.74828404956278,2.46687317466011,2.43288048381322,3.66643266938525,1.43464919546979,2.67058845923471,1.9078640261156,2.88364428237905,1.15270703647813,-0.890169953299511,1.43933029182008,-0.0414852888735995,0.724208125880346,1.54075686555145,2.4370706711746,1.87680068784859,1.98254725442252,3.43276084726455,2.96125012843905,2.27473892292936,1.45662878234062,-1.41292601784981,-1.19769142271505,0.144278021933486,-1.90676887514799,-2.51399407306791,-1.47138909867251,-0.271543515732398,-1.7393061201795,0.498587956094025,-2.02965644601211,-0.157657138733133,-2.08524200318127,-2.70771348940747,0.378175019226007,2.02660698150705,-2.55528898171214,1,-1.24596544565461,-3.08017149046335,-2.7153471990328,-2.09969327048868,-0.00686813259686514
0.605481171439491,-1.30208202531747,-1.06695666874786,-0.0752507511043133,0.720757273739441,-0.510662901905537,-1.95714446673021,-2.06184703817835,-1.46682580405529,-2.50554227166075,-2.04378457398322,-2.27069653447567,-3.3331243516111,-0.74872441586999,-0.828373101513485,0.398093309560082,-1.20151465609115,-1.36625249153946,-0.114581888108554,-0.767912981480677,-0.550573915610776,0.163612553896822,-0.322297323831642,-1.65347898566691,-1.26925983208432,-0.936033456607366,1.52469626895681,1.97071900631342,-0.846775410508598,2.74061845338944,0.667775868283716,-1.6886261215774,0.379545722492767,1.55348305544832,0.172896478198689,-0.156237747584204,1.50651484441622,-1.35098762607403,-1.63046463200273,-1.97896818189166,0.729858903015089,2.38822913900884,0.782023604561856,0.446717550418313,2.48515502844889,1.43563385174347,1.29281350436796,0.942203736625205,0.863627339043278,-0.613209972751707,-0.733379111319527,-0.906262686600908,0.122856424911531,0.30339895874319,0.531238742575022,0.396654675618328,-0.939460726274223,-1.63623625501411,-2.12349405392975,-1.64519863336807,-2.90910303922264,-3.2133753999841,-2.03853555499445,-1.26946636176078,-1.08506286006513,-0.516344943041651,0.0957014409856493,-1.1021125073461,0.976046972063744,0.281091870603245,-0.957065291957927,-1.06956830749031,-1.02635009422042,-2.55774008507381,-1.58644654130387,-1.4262515121928,-1.00404457828633,-0.869868760188762,1.07429376586461,0.373266870987316,0.0245613649028684,1.6238052989353,1.79543814442195,0.905132435403075,-0.118927987455894,0.871017055344084,1.18538179364003,2.80252704583152,-0.407830402813661,-0.071118742198331,1.28257435065371,-1.08838471269478,-1.84857438448842,2.04516996568064,-1.24596544565461,1,1.51646669214262,1.52458303338698,1.52700134685982,-1.09199976487979
1.73098626065995,2.43272064845267,0.38932397821543,1.28674739234257,3.93576731200801,1.10785368688528,-0.121006300919317,0.75467059771318,0.430596841887672,0.327007198601673,0.242583561830645,-0.744855496796655,-0.846806408327159,2.31534209747963,1.50814215106776,0.197368555849501,-2.08366169393737,-1.90054367468944,1.39376659410957,-3.48095393122831,-1.09206549643703,-1.25424870166355,-1.58295002405485,-4.06249565198776,0.27783971386088,0.813178120632056,-1.19701942053535,-0.907912884278386,-0.911116513928831,0.540953118973072,-0.0852392893979328,-1.28494289373428,-1.99774908019999,-1.16021023268637,-4.09767785859897,-0.893654083356832,0.670336618260295,-1.41268961618634,-3.5748387453634,-1.32761063437258,-1.65484163668854,-0.0640286256114848,-2.11213814524283,0.150075424138234,1.12257220115448,-1.07212203803796,-2.27571714574445,-0.994533772773738,0.921040340689725,-0.528544533508049,0.895841911124141,1.67315769831375,2.727116357576,3.89444617177934,2.54474659199306,0.701045464168511,2.48527132499438,0.609536196964677,1.43145135099305,1.62062784459459,0.588879260443327,-1.9376499167729,0.133749304145003,0.384455048772018,0.980705957854989,0.25799853883634,0.660800907433712,0.384240676850623,1.79930314251141,2.04259398399697,-0.209405046140884,0.341893085166248,1.00271837942465,-1.15758746590139,0.363985768197867,0.672262056010199,-0.596543568125561,-0.179286861756496,-0.590957986658631,-1.86036729341278,-0.607869735156112,1.85034594067326,0.24845147399857,-0.436164847907933,-1.49288578963457,0.297728910915704,2.26300969186885,2.05083516355966,0.633382218372376,-0.6632242486219,-0.299942455665852,-0.780484669005629,0.0938415421497347,-0.138632372815975,-3.08017149046335,1.51646669214262,1,1.35470698113981,2.30849913285223,0.355143063251028
2.35556397986216,-2.75132356604063,-0.560202512223323,-1.34079970694303,-0.0432278821996137,0.962102449432516,-3.93596669999546,-2.74768643094574,-0.806400046352853,-0.161477017529685,-0.784676263755821,-1.11800873692473,-0.0735726401648436,0.794655447946402,0.455328473245318,-2.90622720967235,-1.60123602259154,-0.282872301901107,-0.203635910122433,1.31283874097298,-1.29411374482274,-1.95458822404386,-0.562437070096305,-3.11740424794309,-0.74321518733223,0.0734002035918301,0.609922242886239,1.75946052175468,-0.392612029379447,1.70721255216033,-1.1079188651585,-0.364653382688025,-0.76621123221519,0.771087935971539,0.600294225175382,0.879551757331607,1.8389778533647,-0.879488582546101,-1.98905774982893,-2.21033814114089,1.56213694043586,1.52642265256335,-1.08500149450325,0.454342773644475,1.47169484260224,0.107626295209709,1.54823247639685,2.39599819573264,2.5334565559712,2.05983996600361,0.885366536183366,-1.3237231517744,-1.35334710840169,-0.712127960671097,0.159229406611411,2.3727795791368,-1.92593993589949,-1.4107735520652,0.436357838306795,0.0339994229092458,-0.873920570393997,-0.369508920663509,-0.824499961383438,-0.400153728843745,-1.22999697522058,-0.817448291536048,1.67118760243704,-0.360011227632268,0.585080033991476,0.246993292416776,-0.875076734685475,-2.18680779446824,-0.69935581111589,-1.3994017480296,-2.51945471419243,-1.44157114530063,-1.75377884668095,-0.527983917774065,-0.107931231579121,-0.0890006010076487,-0.75024963075372,2.24629150063163,1.85070549271463,1.46340376313584,0.459241912265701,1.58087133235778,0.0541180495276331,2.59006758722161,2.30767353135983,1.41803156137958,2.139342920031,0.0385069178914793,-1.40117690937271,1.05119915643313,-2.7153471990328,1.52458303338698,1.35470698113981,1,3.36404289134686,2.26096643645416
1.37113393546567,-2.71265035524496,-2.23065807094514,-1.4506837492236,-0.739428239211248,-0.900123754786964,-3.46775876211406,-3.35661479566109,-2.7287229291816,-2.4077029757602,-2.00755444390451,-2.57800766276179,-2.37663854556387,-0.243952471604405,-0.692915399518422,-0.465809294568136,-0.884337026645517,-0.647341679098962,0.245420023032742,1.1455198114968,-0.584131891291424,-0.569533505089236,-0.113509667941991,-2.27367408545263,-2.1428997049448,-1.10064399531481,2.62425877506192,2.92843643410619,-0.479908089914259,2.50406841578688,-0.364172285349655,-1.61746850361275,0.406913895107365,1.96704302895545,1.21184367228121,0.138060907371356,1.86960051393364,-0.931667113650139,-1.9580466176736,-2.59845984745833,2.44327767057954,2.44955560417051,0.431625297482088,0.822460812478866,3.2767741808769,1.79862357488794,2.48550655115907,2.72718345288259,1.86361207644298,1.04298568405963,-0.763355360882927,-2.17132702620611,-0.972472624935233,-1.18050812930224,-1.25942108455298,0.448804924855433,-2.21785608389145,-2.93221808655933,-2.12381758010156,-1.7373165516612,-3.13188372328232,-1.76836554431363,-2.50717947482323,-1.47348803310649,-2.06267134921458,-1.00997174098154,1.05722692820119,-0.802371470364972,0.809228458615947,0.0653766574015913,-0.723970220741357,-2.09296653853171,-0.837732307762949,-2.64689857839396,-2.77952958549699,-2.46030067114973,-1.89142808531859,-1.10065107421121,0.620535085293239,0.0432170675045749,-0.136321653929946,2.40963238983819,2.78733830250741,1.31170482015142,0.602275296035498,1.51480381663591,0.465390738299568,2.91705675963355,0.482618183195678,1.49321140271878,2.14993580617091,-1.1481587059951,-2.30029155516676,2.08936998710819,-2.09969327048868,1.52700134685982,2.30849913285223,3.36404289134686,1,0.0554818914839014
-0.0702404806920206,-4.68247096643971,-0.854301285680848,-2.94883780792306,-4.05922913389068,0.213073577744769,-2.30137050899265,-3.16038906572407,-0.860085590132195,-0.0564242263339416,-0.228270751693401,0.770189490458679,0.855181445678711,-0.972554407830002,-1.03702031219035,-2.46474961566033,2.01563778808062,2.63547095173532,-0.0609752400442025,4.7397778475571,1.28001371755566,-0.133171355063124,1.77437598646451,1.42055325983311,0.0630908679010923,0.787750521950605,2.29836769176597,2.95526002140923,1.44337578932278,0.569325619517165,-1.91518479397053,-0.762049987528934,-0.581691799946817,1.19278529124829,3.68613729713192,2.04868667874482,0.761519130045289,-0.696558101770778,-0.101905253609598,-0.580515579033968,1.33171109706859,-0.0511792612329045,-0.480401715937497,-0.837208293390431,0.956812031496576,-0.478064924573894,1.65329732143823,2.2677070023969,0.672902313997775,1.58930104846962,-0.0331924463147069,-2.53700677949113,-3.67688640700812,-4.39833317447853,-1.49682984021883,1.19546002177952,-4.34686839880808,-1.86004772392997,-0.353538930006447,-0.460785772684151,0.123138783176913,1.90555126884946,-0.287722287674227,0.113605560555999,-0.499814836811351,-0.882855915832678,1.36425106126749,0.986868721328336,-0.476910917635766,-0.475971327809423,1.28247158820632,-0.654444782548903,0.866328561215698,0.090735231765569,-0.556416514961314,-0.32604933792455,0.546732423863223,1.32862593301897,-1.26116275948234,-0.175307000727909,0.387409809806725,-0.142452290819213,1.35477096626678,1.64098990988925,3.456357464499,0.362847248973672,-0.997711734853702,0.876903691502768,2.50588897656972,0.803380858137088,0.516037137536657,-0.500901612543522,-1.23212939710008,-0.676151856541578,-0.00686813259686514,-1.09199976487979,0.355143063251028,2.26096643645416,0.0554818914839014,1
