1,-0.0572127068967623,-0.15893724839064,0.48076857876895,-0.0980596092223595,-0.508817111910081,0.150670080403705,-0.429635288446707,-0.34656006341338,0.254266189380196,0.0989091165892917,0.309324318854285,0.200419996359834,-0.0764517968097674,-0.302587278375548,-0.153802865060509,0.51512611491671,-0.381572153251814,0.146094051158796,-0.145784494658938,0.356023170427944,0.341178527879279,0.0709495739478231,0.633901532447835,0.327223695715145,-0.0560881637808375,0.284388393052459,-0.330918059920092,0.104724037524164,0.37841978011217,0.666469181100101,0.193434704778253,0.837598013231801,0.03885330587312,0.263599105799973,0.313221036568884,0.175021339195369,0.220700570903734,0.251951557271426,0.610620629338973,0.297358897884973,0.319351358118519,0.381094517802741,-0.14705100963691,0.247255823257051,0.130836316419621,0.330714360099101,-0.0260846584120091,-0.228548799077407,-0.140865012915172,-0.691460484039574,-0.348083183775977,-0.215060071671014,0.0238065768961619,-0.313232988581755,-0.276236756433029,-0.678100047699491,-0.39332531472036,-0.132978658386641,0.463174992860093,-0.514944964367373,-0.56110849547915,-0.751034114369096,-0.624196286049719,0.202396956040578,-0.292898686830446,0.241065738200731,-0.166510331309272,-0.0956184523738892,-0.38224882550257,0.325536095591993,-0.078823510680916,-0.301210869473672,0.0883275379480553,0.0607053181184499,-0.0806653335052851,0.28842211902064,-0.139833132934152,0.0809617171919798,0.212048958379627,0.290103292014839,-0.0611196189148195,0.20916183121947,-0.118623901114801,0.502961716824587,-0.0508489678507039,0.369631938053809,-0.0468653352676737,-0.319134313349296,0.129601520323955,0.0939000692459635,-0.063624540572959,0.478215972465372,0.236506538495381,0.118405591132793,0.0923082376555922,0.287069131239135,-0.115346173711823,-0.05670764490288,-0.1997615105456
-0.0572127068967623,1,0.378996510217761,-0.0653190739785115,0.349498903276613,0.363807077394584,-0.400090567877467,-0.0825460345129159,0.161826118010914,-0.280431602427955,-0.633486738898861,-0.0431675566381861,-0.660275828949992,-0.543377550217888,-0.416830964316582,0.106237129853227,0.0554157381755117,0.42094675558945,0.0726808438628896,0.309499178626749,0.0761015701035204,0.344926201809398,0.168350975276749,-0.222838090586434,0.151396996540748,0.131642207266952,0.262550616554701,0.514036986774798,-0.215491961440942,-0.312888808829972,-0.462012896994453,0.268665329868264,0.227866285039365,0.62393848537131,0.25281392576895,-0.0676321566535226,0.0313151045007576,-0.0922752573573904,-0.356187295747108,0.0802743940814585,-0.166561602336624,-0.231762958314153,-0.12528692661101,-0.310158072879128,0.151199370814017,-0.476214835896484,-0.35084600488317,-0.282029430735461,0.0224124946349559,-0.373281268741921,0.151673718541305,0.0306686822188641,-0.184284781738228,0.139289078242036,0.457239994535683,0.264492928099363,-0.000279417558658346,0.128768250124446,-0.702424500637483,-0.497178161364142,-0.357966898424358,-0.468578992916746,-0.588136731272216,-0.538362439574962,-0.312761299700603,-0.817319985691642,0.196292732854851,0.246025405415008,0.738854106128515,0.522489338097966,-0.038964241763965,0.119250094474292,0.272217356100727,0.0355474949821917,-0.417915873190604,-0.162743120199078,-0.5392028348027,-0.291904585280719,-0.101231621483383,-0.130515361202874,0.104860146809529,0.550500271599215,0.12792566899006,0.565799607467932,-0.0136364593848058,0.341272491924976,0.403450319138682,-0.0756517144000921,0.32265091995343,-0.401373144634491,-0.44648712288169,-0.504957779710731,-0.656410925758864,-0.115943692651245,-0.195963512461793,-0.546545723788907,-0.495517074528313,0.092557248083476,-0.208251494901052,-0.290353393245322
-0.15893724839064,0.378996510217761,1,-0.0772173119284135,0.393260623867401,0.421643940558552,-0.443280129320883,0.105012206237777,0.0857443139249443,-0.244016815588196,-0.427248203497448,0.00389328542636855,-0.571589093022977,-0.20032032277005,-0.43964019644971,0.0724735870555133,-0.00945864879846131,0.241560693810528,0.128662028716298,0.154784662650551,0.0421671110086021,0.12215036466866,0.091521585952537,-0.354303752914647,0.106105676721958,0.155016574198287,0.377359204653567,0.371248288742276,-0.0996514083373441,-0.480401395415872,-0.668184833207144,0.35404976378613,-0.124413853685228,0.372491832719767,0.0372266721008872,-0.124242594193315,-0.0806183617062724,0.161328594955524,-0.396914001349267,-0.354204286775972,-0.0736273479690088,-0.471322776961721,-0.0275955786064204,-0.149632006793545,0.40041726506986,-0.138867412320479,-0.233928741599744,-0.240235369471705,0.121814620377005,-0.256800329727637,0.120783326131441,0.00571677344326793,0.00268362251574528,0.184107663878762,0.447041650104691,0.141842951354063,0.10329078041533,0.183887482928193,-0.506583003654814,-0.31378805261721,-0.0968964968448473,-0.215928689678701,-0.252125670183877,-0.136331695847624,-0.362412192078269,-0.541578328513806,-0.457920902036859,0.353255743370574,0.526385721483058,0.330515478931545,0.00411878679564406,0.0876544499720011,0.186510218313764,-0.311434982602283,-0.374704905483371,-0.0285358670209225,-0.30162048941838,-0.102523815828512,-0.38050840143164,-0.308059400961099,-0.0225766056204862,0.189382324324389,0.065965456614198,0.149025179926592,-0.0349940855201608,-0.00821788893345249,0.0587641890626808,-0.093119487110944,-0.168632243177773,-0.406906776186036,-0.373981275901889,-0.433309553428557,-0.802191678230529,-0.184647950998811,-0.181082342603598,-0.453038041814547,-0.428300578802188,-0.243222606791512,-0.428423911166561,-0.481337843705628
0.48076857876895,-0.0653190739785115,-0.0772173119284135,1,0.13637465989226,0.214077354556491,-0.423126529823373,-0.704366977971598,-0.224366758945672,-0.446622597592457,-0.191619444614903,-0.565793716784026,-0.184688565493929,-0.61694287204278,-0.475681101354635,-0.20933925589078,-0.0428322407219834,-0.203622607607846,-0.185905222500601,-0.0668576833963346,-0.074782524394657,0.0312091292303194,-0.195743590479441,-0.239723907314175,-0.445567461830508,-0.426442143954512,-0.36740143266568,-0.0709718137313605,-0.0537989338202337,-0.195374790433119,-0.071875557089219,0.0325533342714261,0.329079796794855,0.0746989254604611,-0.189603093369706,0.409368785937622,-0.0984561272202766,0.0170168693049793,0.0217814163817989,0.43025177761038,-0.0129882617413587,0.543397517649823,-0.483824049888604,-0.148946910762073,-0.557914415657963,-0.320978004003978,-0.327345381151464,-0.13854079121622,0.0565325734442236,0.0575122777088092,0.481482648160741,0.0500066454429619,-0.554171698924898,0.279191914239703,0.0701406761835947,0.48360803969909,-0.559377772742032,-0.511350485003722,-0.493300029439618,0.0761838019251125,-0.872259285295315,-0.465355691848582,-0.684852576130921,-0.382077334856902,-0.325394803069561,-0.42788318036808,0.905135621187941,-0.0157768685258358,0.424594010897479,-0.0768949248679573,-0.147285627476165,0.187708625001732,-0.0966035010773674,0.920114747348967,-0.509800326143457,-0.483392352664132,-0.248923082353968,-0.471681420458833,0.435174176576042,0.927833259491036,-0.0860351215588972,0.79682304484829,0.113403824659922,0.636761372664896,0.0753086923435282,0.841042532360934,0.303845570361282,0.15096711896177,0.556512350630164,0.32983455065959,0.575978241022112,0.603547629051906,0.3187605194,0.515404618968625,-0.378122520022218,0.261898716046332,0.00688509490458344,0.781700802516876,0.463592185382529,0.658348154701615
-0.0980596092223595,0.349498903276613,0.393260623867401,0.13637465989226,1,0.244831347780642,-0.192033929706163,0.0823789988542409,0.209972059838629,-0.811445455816584,-0.564768175330256,-0.630535052399351,-0.781362815002093,-0.712325864582107,-0.676671247541779,0.210544953680513,-0.436541286134477,0.0813100363780177,-0.392058445388593,0.0824529029354877,-0.223497634111477,-0.200391104241353,-0.173169012509895,-0.213753788406845,-0.467755546075125,-0.364683670022207,0.10205309693319,0.365169079639733,-0.403893565926042,-0.149912715191137,-0.289992419895425,0.27422728043748,0.220699246187585,0.268386790752664,0.0861734293137242,0.293687055256273,-0.221131813469083,0.188422894731499,-0.223300405098675,0.200434526657992,0.209014786560517,-0.157896595810345,-0.0726353240813498,-0.0748231207906916,-0.00627804704936641,-0.103268025844536,-0.203803145850312,-0.125687027668718,0.0679211244404503,-0.107697441233888,0.349085874712076,0.389703248659889,-0.236783802239538,0.271835260502242,0.0345688660837647,0.29156633700686,-0.0480250716457029,-0.0289835370164517,-0.836649323018492,-0.362194115224117,-0.869432229355012,-0.525462426601646,-0.727800778641472,-0.658087737345392,-0.656095084800096,-0.728967436730511,0.243845440407695,-0.169710944136669,0.153216596865996,-0.199659208781154,-0.305021943831012,-0.11490434607128,-0.067380587014943,0.518578481188139,-0.927797532711314,-0.579954159362039,-0.44392855723523,-0.669114703809895,0.418669119746461,0.423341394224142,-0.414449461212082,0.527491213845978,0.263602644585148,0.428914685003815,-0.241579656320159,0.663832573190533,0.265948516128913,-0.224600738420098,0.0372336134550846,0.193174894393581,0.00932955606874275,0.129874511842411,-0.213612482667961,0.488739272364191,-0.11244358741145,-0.212257269346683,-0.0597112442270565,0.208212143991451,-0.0235039235737212,-0.0277404165102237
-0.508817111910081,0.363807077394584,0.421643940558552,0.214077354556491,0.244831347780642,1,-0.469348677217628,0.169515488862804,0.0484502457012504,-0.638915843360146,-0.452825857833792,-0.207519700242342,-0.826018781387809,-0.727322813682168,-0.516115312957179,-0.107988162328763,-0.239418783170379,0.00657702225997103,-0.423776183089978,-0.35441499347187,-0.497219563738699,-0.0957218544602045,-0.374765906612409,-0.100210379300478,-0.111728612120658,-0.179727739281157,-0.301503422626735,0.167109133840415,-0.582559967185417,-0.457442855492352,-0.321736865815701,0.216072063623839,0.115082731947959,0.274622005160885,0.0825411273680488,-0.325507100851493,-0.430487893018719,0.0882012318295172,-0.242369374109782,0.0558813682016654,-0.143960508353183,-0.0960173729207622,0.0774782554005546,-0.253856001852781,-0.157535284285447,-0.00118374091951701,-0.137357550303535,-0.402387607368331,-0.16784798745085,-0.519039932644184,0.146156353128654,0.361094028514901,-0.289086517105687,0.447599989699471,0.318337730273009,-0.0175214832264979,0.167413759343789,0.323399059830428,-0.525199507303859,-0.592314113984944,-0.387988393330356,-0.297207866986159,-0.540887589386884,-0.602677404230648,-0.73404257033571,-0.524979626893694,-0.274948115357804,-0.167100208229747,0.333841870059,-0.202901594327335,-0.514814951419112,0.382234389682994,-0.391078440860506,0.533122501320613,-0.435467357071975,0.0153663841887535,-0.334325692829927,-0.294440400361424,0.525180072762306,0.515049684038655,-0.0708714533265425,0.406707692135472,0.29202442212771,0.692898508753576,-0.154507538388141,0.713004807608432,0.151861336655428,0.0464820461549302,-0.172568154602244,0.313976222451129,0.289467075760952,0.135271800947613,-0.163847954071042,0.613465194616089,0.341140521934828,-0.447944330774434,0.235424228191158,-0.240410036917504,-0.517990216751738,-0.430400267511603
0.150670080403705,-0.400090567877467,-0.443280129320883,-0.423126529823373,-0.192033929706163,-0.469348677217628,1,-0.348279464377452,-0.427595446936046,0.301480819165753,0.125269249107952,0.773436833343698,0.547387219129182,0.768726424530299,0.0543981800792881,-0.0469966538287753,0.983306467918138,0.194317892914625,0.989847564169991,0.415428458522645,0.92854323606822,0.667826396556703,0.367192752608546,0.545985680574937,0.327868896834335,0.17510104215613,0.49342284244727,-0.00465576076998557,0.499485922264973,0.398504247028699,0.290324846851487,-0.21726455893962,0.455186533201037,0.430412864101041,0.29407448122651,-0.213052833619121,0.473106945001015,0.10400847831048,0.313296983281142,-0.134161869179852,0.052320246833046,0.379717855579862,0.277613957118452,-0.0109791508353973,0.427969266247994,0.0483517127553202,0.162817243534629,0.208771460521505,-0.0729818771245342,0.0488104912784801,-0.962131909610226,-0.63757331610738,-0.17809090158477,-0.690036653294175,-0.277419024095715,-0.787623586891388,-0.403649805720019,-0.262190272764036,0.0437094690531308,-0.141434278407422,0.18355893439651,-0.234044342989681,-0.10171175322998,0.103118574025697,0.485019359393254,-0.380279527067241,-0.327657097177243,0.852697666341285,0.283875316113514,0.2910706332712,0.653799943380404,0.204737392298154,0.556416953942388,-0.523166833798103,0.375674436166056,0.177406923648587,-0.192479212276119,0.468717246871269,0.0524862726407639,-0.163920688738576,0.588639759705544,-0.371811571391426,0.0176224161276925,-0.167405512035488,0.674706416563392,-0.415557035129113,0.0770995463563915,0.0751999457730313,-0.146543376127319,-0.302247664709808,-0.327617139780515,-0.314502989083525,-0.0883517031068703,-0.278321820341394,-0.0525436874550086,-0.102986600326815,-0.102215084834489,-0.00344360968486271,-0.00435109984885009,-0.217615731109741
-0.429635288446707,-0.0825460345129159,0.105012206237777,-0.704366977971598,0.0823789988542409,0.169515488862804,-0.348279464377452,1,-0.0126921334106085,-0.19610459072404,-0.450634396199529,0.35603544539645,-0.64039423636559,0.093962210082565,-0.30806497978995,0.325216090593647,0.459616873676511,0.626680641445489,0.572285979628333,0.353858671465179,0.586275270703067,0.46326301294842,0.222299556550962,-0.191401421285866,0.217329835458134,0.596470653466242,0.552502768657974,0.649782452989657,0.0241077666258366,-0.158789054305152,-0.724285329717991,-0.222872997314857,-0.0491339707177771,0.715273867479224,0.22384666261074,-0.320241008968933,0.451122889243332,-0.347325855195543,-0.39493583521466,-0.617541682263458,-0.277773612830115,-0.523473502863753,-0.113584675797667,-0.226585505963966,0.594799026038745,-0.310452263091825,-0.240430477524073,-0.213234984023488,-0.0203601774358139,-0.244293656702695,-0.321569507791923,-0.242837824655806,0.119488040525861,-0.392609132460563,0.343352392064226,-0.298679801642458,0.00700131736846299,0.017714326973076,-0.456359862619617,-0.470104309437951,0.220774059858852,-0.416476407983102,-0.0563073677542698,0.195768324361324,0.0776435520724293,-0.71958451712416,-0.348866392214738,1.13336650307413,0.826965714527068,0.758546995342174,0.336762570429043,0.493683301775538,0.870910792451964,-0.659422503548402,0.195955835440651,0.269496809654494,-0.53163364231025,0.376118842288378,-0.304373826332734,-0.574750557780703,0.348504305962751,0.217117051037047,0.121246756276501,0.302444094710237,0.380956250415234,-0.00338200489000179,0.143695309454542,-0.0644184129909395,0.0727332741127406,-0.583240799310941,-0.495006422157017,-0.799217490858109,-0.81362752671777,-0.453380724288001,-0.198008606538465,-0.664451891157382,-0.520888496572315,-0.134717525216205,-0.32140150787179,-0.480845421892963
-0.34656006341338,0.161826118010914,0.0857443139249443,-0.224366758945672,0.209972059838629,0.0484502457012504,-0.427595446936046,-0.0126921334106085,1,-0.518423241841713,-0.542479748085461,-0.0742564037869831,-0.935906140440094,-0.275581570586061,-0.63185439121385,0.0192881006016827,-0.16049750907366,0.145878754722026,0.0699132096003381,0.16404625358483,0.206619698936589,-0.200098007310259,-0.258441002533588,-0.219450184626551,-0.0619741586514093,0.0590704485610202,0.270978649863256,0.411339185060639,-0.247947637277427,-0.362733981424539,-0.671489086323021,0.328323992577819,0.0204862147755127,0.141782028015288,-0.279975643808951,-0.0512394262819818,0.14449718533024,0.136598605548347,-0.366762883355382,-0.42760463116728,0.0679211356895068,-0.655519766720827,-0.341180746877413,0.215126016739735,0.226139203841652,-0.208334995687259,-0.228081041864209,-0.0520751504873491,0.289711059426171,0.0162100439449799,-0.109193653247698,-0.0272263626752062,-0.320130991753349,0.0510453699044234,0.0532223213743633,-0.127300957227009,-0.185397271374017,0.0089173320204019,-0.449930607233739,-0.386482041591711,-0.130169443549121,-0.323408088669287,-0.171299717491653,-0.0927902381917896,-0.0752800519572092,-0.625152486521161,-0.0621728976171574,0.455898688121762,0.21989577541495,0.147535752401141,0.196641541289983,0.0271397088510034,0.476663369786705,-0.118662801924113,-0.261153455397099,-0.0347772510763327,-0.54565358168467,-0.3427662409267,0.110066983004649,0.0519723321135749,0.112591799332073,0.447528818055822,0.0628233769226896,-0.0263071312940071,-0.0221473509743583,0.099982512450934,0.437420470966393,-0.611954973087302,-0.135732897295328,0.0355227648244928,-0.0680822117134099,-0.0811464575405506,-0.501504843278412,-0.131586883411883,-0.230086589621756,-0.191055434145982,-0.354545816704797,0.0716097519750595,-0.0839368735792494,-0.199773538215296
0.254266189380196,-0.280431602427955,-0.244016815588196,-0.446622597592457,-0.811445455816584,-0.638915843360146,0.301480819165753,-0.19610459072404,-0.518423241841713,1,0.122766058704298,-0.0799424129795936,0.179266367718566,0.0387817897602079,0.0576834997886094,0.281102578040263,0.790998345683353,0.507505450964993,0.561194882146402,0.818234472699573,0.592348877548782,0.689004579216564,0.788889758579851,0.56089651501142,0.0705284488321369,-0.48860606090135,0.895767216987758,0.0301002643444089,0.37761239014079,0.107401009125667,0.428346930186716,0.251709037969395,0.510854928545143,0.690293471957845,0.97638076858684,0.0497151986694932,0.0638580057356908,0.394497865619793,0.173383367537223,0.149159894837027,0.599305599818815,0.483719778804274,0.794048363716852,-0.351466118091592,0.575791180686989,0.31414675899748,0.559827361540252,0.367761161425402,0.00208535955800564,-0.160041886779624,-0.537126959445133,-0.540851929930966,-0.144693898790894,-0.858571311728947,-0.697050739958425,-0.462584981112777,-0.282496898771335,-0.192623534986337,-0.505928856353002,-0.636927397644283,-0.511258051951574,-0.160457476927165,-0.907694362246975,-0.566370749655834,0.0660797499107603,-0.380481776759626,0.139171870389336,-0.173654489570649,-0.220616910039852,0.137699860843608,0.546436250943898,-0.736968133339173,-0.21424342184541,-0.47951247721028,-0.0361556670798552,-0.570606150170466,-0.347358877422643,-0.300536441631251,-0.0206593014890333,-0.250752952552527,0.00434519376340115,-0.347617302423196,0.229208336468479,-0.105589245023479,0.208416877429677,-0.54894308791737,-0.319667203199376,-0.18777429359363,-0.260507379764799,-0.0469070753053344,-0.222507939388917,-0.660006157203799,-0.675330621589773,-0.323186879113143,0.210962383145435,-0.0269920088335421,0.187342621554094,-0.205754331864695,-0.120571282415249,-0.572312118507792
0.0989091165892917,-0.633486738898861,-0.427248203497448,-0.191619444614903,-0.564768175330256,-0.452825857833792,0.125269249107952,-0.450634396199529,-0.542479748085461,0.122766058704298,1,-0.166981676443913,0.213608939102414,0.0475002308074811,-0.026127067317448,0.298137671973131,0.527543979463911,0.281580205544387,0.217940298163074,0.080261410519135,0.123256118163746,0.461633099312955,0.326004480797686,0.148630480709802,-0.153339839276254,-0.528163967764752,-0.0687321640134945,-0.248489385759695,0.283701539369031,-0.0132403143751091,0.619183339420808,0.016208011669633,0.257768219624999,0.555858956286525,0.587901503874459,0.0091933340771258,0.249648697256881,0.0418931046643408,-0.1632122931087,-0.153311982545508,0.347537490867512,0.352832719840949,0.438061672117041,-0.178702139824248,-0.059497486055085,0.190732416050095,0.446257486830849,0.478351891105348,-0.159108777278273,-0.00364264560521992,0.0115521040369896,-0.455887210794532,-0.069921473517195,-0.486309339587862,-0.454209222279397,-0.244078078228742,-0.444705609437083,-0.421381806307416,0.26453975834736,-0.244201491192851,-0.529124190859191,-0.0817754388718485,-0.518787648661309,-0.53424388824205,0.0296963887602346,0.171690092074405,0.35081261462801,-0.421208431376854,-0.19782028067271,0.0200684704651365,0.0149710337550864,-0.50406633835897,-0.321508663134199,-0.201363960582698,-0.0488434445956489,-0.552146056395613,0.230715554113109,-0.4170525637447,0.165604069240439,0.247576527729736,-0.316526321102597,0.169139578213576,0.0205159305232445,0.195594074556464,-0.30463206100674,-0.0226415023157682,-0.104161751665114,0.0859783184316462,0.0844990401209921,-0.0231512699444074,0.285776877775668,-0.0245329021623978,-0.316643398541225,-0.0645774571962085,-0.24872348163605,0.304312476622542,0.305438149536498,0.239693639396919,0.154526003759782,0.0590280616918475
0.309324318854285,-0.0431675566381861,0.00389328542636855,-0.565793716784026,-0.630535052399351,-0.207519700242342,0.773436833343698,0.35603544539645,-0.0742564037869831,-0.0799424129795936,-0.166981676443913,1,-0.0393954791040134,0.0154179996671114,-0.122460096247268,0.292759324785645,0.149898935245515,0.219364199841579,0.0679037284638687,0.511067491330666,0.142073246509064,-0.0768598773747378,0.281395656083848,0.400322608745356,0.094521790373464,-0.330240005817331,0.69997555061453,-0.08980527710405,0.209971865614667,0.0820574977706115,0.138398855686014,0.287982435042736,0.171444480974081,0.0791403750289648,0.296043736840215,0.183042520981987,0.0424268901515214,0.64901507989566,0.127907684812819,-0.0506478407986456,0.77175209189382,-0.0719496995877519,0.443328004648751,0.39845803010675,0.493919494821361,0.562830319476298,0.494853174607235,0.851923237912183,0.321456323706108,0.309731984531642,-0.380903373305579,-0.145525614097176,-0.142820129704708,-0.52169772756799,-0.541500903921999,-0.342172141643401,0.154603029145654,0.239288093014743,-0.11792140914594,-0.561254083626205,-0.129710177879834,0.054890191551815,-0.432566391709964,-0.52821560462607,0.0237789034285125,-0.13938265893012,-0.0701258055268088,-0.392404312356552,-0.890772064579727,-0.447442490111461,0.416018572147755,-0.736467968602411,-0.219353778786899,-0.667335543505235,-0.199528026715657,-0.477336805914706,0.191604803622385,-0.450147434262281,0.339070547855184,-0.185172339986023,-0.510704755552653,-0.713579054617584,0.0228749400835211,-0.590362766592649,-0.264548986662614,-0.569483314552239,-0.131788539538407,-0.147353719923307,-0.64048643505861,0.0714065714081614,-0.113933173741331,-0.106157499735881,-0.425077378128657,-0.150381100637322,-0.0186553191074071,0.393145032485389,0.253961669140781,0.0514132511041615,0.0976955689801021,-0.289072280988816
0.200419996359834,-0.660275828949992,-0.571589093022977,-0.184688565493929,-0.781362815002093,-0.826018781387809,0.547387219129182,-0.64039423636559,-0.935906140440094,0.179266367718566,0.213608939102414,-0.0393954791040134,1,-0.299679758304201,-0.319650497349505,0.385919761633694,0.928833872837253,0.0517194681598093,0.251082300652199,0.111670556546478,0.278506725051591,0.816983491396323,0.278261738241486,0.65434033267093,0.132191114869617,-0.341336970862133,0.316557466815279,-0.14371904330274,0.0859443681215818,0.276100405610993,0.480604404303054,-0.180557459738273,0.833255773387607,0.542693444462468,0.708126138330246,-0.0286340449058403,-0.0758398189964841,0.0154486423276362,0.303444467157718,0.22724267518368,0.267025110956726,0.646860786566976,0.598245488118366,-0.442465354789178,0.129830234384366,0.230282485000852,0.49207721040943,0.17709127444831,-0.592554854230787,-0.52451366989508,-0.559945586868706,-0.60881070650895,-0.0346778161495807,-0.525065320408888,-0.530665781003922,-0.450007293667379,-0.501336643871824,-0.748874082481424,-0.117143841545144,-0.164319216273524,-0.632925108113352,-0.656625316750723,-1.11946415056484,-0.826593418557629,0.167808939497001,-0.296842754958536,0.571622214351519,-0.140966462831292,0.121197490588073,-0.16556778773018,0.25219219158646,0.108670583701989,-0.334205917583966,-0.0666321141384918,0.345787519435025,-0.329666313084811,0.0310289538512798,-0.305042538935236,0.293039397227842,0.391488478259969,0.198574858463814,-0.148691117645813,0.204947663744778,0.513260970657498,0.380222425344871,0.256796053117842,-0.102866256680023,0.329484630125169,-0.121485669636027,0.130330492453888,0.360696029667092,-0.236351464210489,0.231992160762428,0.273913895449068,0.105217307125181,0.0670388738214473,0.552984174271796,0.192434174869467,-0.237542084813402,-0.283925935487789
-0.0764517968097674,-0.543377550217888,-0.20032032277005,-0.61694287204278,-0.712325864582107,-0.727322813682168,0.768726424530299,0.093962210082565,-0.275581570586061,0.0387817897602079,0.0475002308074811,0.0154179996671114,-0.299679758304201,1,-0.294415212591886,0.55962021401901,0.450610387856807,0.567883246061609,0.191328712379374,0.477247487343047,0.330549935364845,0.541667808078139,0.266943441448196,0.668270123984969,0.336336880691652,-0.379513269132481,0.379221147623392,-0.0592746188632625,0.134020529441024,0.374870579351468,0.346536979854805,-0.0297950570663233,0.700671083688761,0.604486708811777,0.663339906180793,-0.0251308260158578,0.600864881558164,0.109823012874058,0.285755845038208,-0.00919816089346738,0.444558629254709,0.023164158533623,0.625116735307532,-0.210502637859364,0.317034404776266,0.227389908904409,0.418983608668862,0.380572134534669,-0.404506077025988,-0.0516533678938971,-0.345060138913242,-0.252586833063159,-0.0878129750778126,-0.790682393981559,-0.57100754000619,-0.703168577581157,-0.0943616608039049,-0.204562745539333,0.179743826193975,-0.282240220496097,-0.357690301085072,-0.685586325531486,-0.479199756219381,-0.578540458672171,0.284928347882601,-0.459392731251363,0.27770179530054,-0.141688574100629,-0.150869795212068,-0.0608089029105509,0.245608252693506,-0.167300011641521,0.11873983488024,-0.254537132527785,0.166786009205365,-0.309449783895417,0.199963722954283,-0.403182838154943,0.367292889807158,0.0890275094402032,-0.0364845605485134,-0.351752859946756,0.0148944335721251,0.115550127384542,0.0240858107150841,0.0104919009270366,0.10077345415415,-0.0748171087554023,0.0173861881237222,-0.00329627074820349,-0.0565214425289704,-0.355351598035002,-0.0944259798328565,-0.0690425357103281,0.0225937979248699,-0.153695223564565,0.16560096455518,-0.0453437689936099,-0.0668094475194623,-0.346376452765916
-0.302587278375548,-0.416830964316582,-0.43964019644971,-0.475681101354635,-0.676671247541779,-0.516115312957179,0.0543981800792881,-0.30806497978995,-0.63185439121385,0.0576834997886094,-0.026127067317448,-0.122460096247268,-0.319650497349505,-0.294415212591886,1,0.453858337248253,0.692016175221482,0.537416745222032,0.23265847783517,0.285326175134556,0.290784056682861,0.604250081349179,0.215409326641766,0.22429970606662,-0.15772353046344,0.048601813138997,-0.248581029065737,-0.0588854960437841,0.0847462292714882,-0.0751418049385835,0.349027315630606,-0.628901807158404,0.455853172715833,0.699899441573071,0.307427875781687,-0.309087845992885,0.279474338424736,-0.729576511919796,0.173287052709211,-0.0652347521680949,-0.365057976722183,0.415777146311911,0.06673785483577,-0.728508500325171,-0.0292314663630288,-0.243549474187492,0.0292357992857686,-0.206307995838362,-0.539311279074869,-0.251859285575807,-0.220019115820367,-0.535910561336736,-0.0391826344356496,-0.549097943912529,-0.244056753752381,-0.100153602322695,-0.300510756369151,-0.271710242809809,-0.0627728055792253,-0.0097377137327152,-0.0296125711120195,-0.589263403379294,-0.418585577199002,-0.0629752863645636,0.192267867491835,-0.539475219347893,0.523540892101093,0.540311050251148,0.905746673965896,0.682585054051359,0.189669169492639,0.473946771590367,0.0590117540277633,0.347086674830454,0.560946300326852,0.00173643645833443,0.154272438877789,0.234231367146789,0.0211060085403315,0.19716340861067,0.320223122882117,0.369972873036572,0.405058282459843,0.735018350725687,0.400576334677023,0.713398689179537,-0.082496787437533,0.392547668665063,0.873177507845297,0.0114156990781376,0.444644975576779,-0.185989040258726,0.114047046463113,0.0434441265600895,0.166125328325318,-0.599033787486071,0.181769486807275,0.136754349732997,-0.0478834325407061,0.142356816897834
-0.153802865060509,0.106237129853227,0.0724735870555133,-0.20933925589078,0.210544953680513,-0.107988162328763,-0.0469966538287753,0.325216090593647,0.0192881006016827,0.281102578040263,0.298137671973131,0.292759324785645,0.385919761633694,0.55962021401901,0.453858337248253,1,0.108859936993804,0.108348565517869,0.413704362240527,-0.35627370790051,0.28305173138754,0.061540553986146,-0.215986929410558,-0.492625314206517,0.155094300901325,0.571535701317018,-0.230949097804062,0.0856432885956098,-0.136559501028797,-0.054238446094944,-0.0111238250570048,-0.358761583686195,-0.155558355949481,0.356628894665031,0.0352574982847002,-0.813435579430689,0.609179132443807,-0.247518066935071,-0.142008334907246,-0.22573835284183,-0.577650108898957,-0.177119045252222,-0.0352481710504022,-0.375660219929327,-0.026029103441701,-0.303042809971566,-0.356748179971391,-0.610200336934159,-0.348832188020972,-0.31487692783231,0.124942811911593,0.276666921574518,0.606365811168324,-0.0391618033696311,0.355810142939344,-0.426164178181885,0.438544797874522,0.195158039684516,0.270109343059035,0.269110702983936,0.517846635897813,0.125176570192799,0.348066634990657,0.348752171970446,0.22239895239555,0.101246938349361,-0.336803602270071,0.917449368263022,0.745440611785024,0.372130228509717,-0.0623997553844131,0.435516928992251,0.495713578188228,-0.295257008731931,0.314418914691596,0.104957298027036,-0.375121412633979,0.403384773768715,-0.0570808704240446,-0.363647456783418,-0.0455460469437527,0.161873193626052,-0.0596906346572013,0.457150633315601,0.0802958789170187,0.291666538651173,-0.0542064296764422,0.15184194287337,0.0146314687192175,-0.618868064151719,-0.296247717373739,-0.321016764756074,-0.124359611893467,0.00168686878905189,-0.338722212103291,-0.40978435362636,-0.220737933848583,-0.270819782344565,-0.207988646751771,0.0275518392843244
0.51512611491671,0.0554157381755117,-0.00945864879846131,-0.0428322407219834,-0.436541286134477,-0.239418783170379,0.983306467918138,0.459616873676511,-0.16049750907366,0.790998345683353,0.527543979463911,0.149898935245515,0.928833872837253,0.450610387856807,0.692016175221482,0.108859936993804,1,-0.105981770755423,0.12339907846637,0.104400096495596,-0.0799755763311459,-0.00907811503537459,0.318557216049427,0.0538213354334604,0.293122908687406,-0.20743973832866,0.140497009453919,-0.478622448203626,0.249752081529157,0.0577106133415205,0.768902388410349,0.349281645276654,0.164196269657285,-0.0977089681089242,0.340495714218354,-0.0511945478434765,0.0421535952806256,0.407148799126468,0.327883574102875,0.283695470076088,0.296390300608369,0.248241015071984,0.537710097583619,0.0432896066835702,0.0348613044361251,0.232707063404168,0.290307773978578,0.249066694298763,-0.0476312153848321,-0.0542551055234921,-0.0725986132825863,-0.0935983620467503,0.354561633172888,-0.280321387360722,-0.32673418090904,-0.111874273196786,0.455207587990181,0.290571574532878,0.476551105590389,0.0771562176465893,0.256276667189193,0.541374919661231,-0.101508311961396,-0.272557495698374,0.226803081281811,0.405048402593663,-0.0380669856330101,-0.4591672024294,-0.586462903514173,-0.302554253141806,0.0868776154283061,-0.715326386381348,-0.464782970243542,-0.360935067829222,-0.0412144397424185,-0.403571402609106,0.251780398857715,-0.268370242273403,0.0746928926632494,-0.280242347861016,-0.551546227851923,-0.775144620967953,-0.160359875057668,-0.527072905255212,-0.418086706974548,-0.583791983886698,-0.366869364655829,-0.088306957877661,-0.509697450385177,-0.282462290824152,-0.268572369792554,-0.0292021150829257,0.0538635233926095,-0.225765424698128,-0.0603471018068733,0.338932523597862,0.162422081931312,-0.281510245298424,-0.0046779121080055,-0.123210524781015
-0.381572153251814,0.42094675558945,0.241560693810528,-0.203622607607846,0.0813100363780177,0.00657702225997103,0.194317892914625,0.626680641445489,0.145878754722026,0.507505450964993,0.281580205544387,0.219364199841579,0.0517194681598093,0.567883246061609,0.537416745222032,0.108348565517869,-0.105981770755423,1,0.28078880407104,-0.177447628249072,0.0776592425524165,-0.0437222427037458,-0.0354673665680443,-0.40130483601288,0.334570660039163,0.291670981526254,0.204171746392833,0.0269802155515938,-0.294454153622882,-0.127624840884773,0.209013991940602,0.331389325042228,-0.124288954715252,0.215634362007484,0.263449834101855,-0.428258563448173,0.629450845159764,0.0879536219937949,-0.12528271797043,-0.485801639095511,-0.116256995382811,-0.466202985791893,0.47640096278626,-0.122602022164892,0.52045762595822,0.0461298345905836,-0.0209057287780666,-0.587106663316499,-0.0844723084787481,-0.337770583118992,-0.167976659433199,0.118702253585005,0.634847296074814,-0.0995045457552286,0.292712987399441,-0.30240118847333,0.467016961415692,0.501852873377303,0.221418901397279,0.070576398249047,0.655458204107397,0.32390678123222,0.432825809441029,0.161148742053481,0.336694708641766,0.175784954711328,-0.682095545172967,0.268157002323071,0.111947358812964,0.215195700801103,0.0210704553764323,-0.371643389239847,0.0332279377545303,-0.717320621554008,0.158509871184863,-0.0165984914481212,-0.107500523469531,-0.0764189682807909,-0.565326339302757,-0.835656911411244,-0.189837698145801,-0.286032549404357,0.0807205765811663,-0.290464260770159,-0.430509939600902,-0.536057937687787,-0.0754450381009183,-0.370005929193605,-0.62203005941987,-0.553657916764804,-0.661349026439605,-0.526102669277975,-0.483635421838775,-0.435895158920231,0.0222794248653131,-0.332675554324027,-0.203852521450399,-0.990548717413012,-0.420807030965136,-0.707320547716117
0.146094051158796,0.0726808438628896,0.128662028716298,-0.185905222500601,-0.392058445388593,-0.423776183089978,0.989847564169991,0.572285979628333,0.0699132096003381,0.561194882146402,0.217940298163074,0.0679037284638687,0.251082300652199,0.191328712379374,0.23265847783517,0.413704362240527,0.12339907846637,0.28078880407104,1,0.315594555759763,0.0107802054018347,0.314593971553284,0.226790650226072,0.378735907725369,0.485578349586388,-0.335458321523046,0.213300150943126,-0.258619166893608,0.0843231294783438,0.203332316591056,0.750905405531366,0.399147885955166,0.573376606905728,0.41132098059773,0.575653101871324,-0.0720876679822358,0.501597531773882,0.351074635262515,0.334696964679182,0.302678477124371,0.374096535404281,0.0671010448790761,0.790323889508923,-0.244667707858493,0.196143034042362,0.115549653925711,0.297948193062272,0.116652179946019,-0.293346191622953,-0.132248658740563,-0.15638852918444,0.062707002423121,0.329690551327911,-0.337199997879066,-0.368654722627878,-0.305537709001839,0.383181141697638,0.394949657078122,0.325517257599706,-0.158693444229626,-0.053963394174174,-0.238453427884257,-0.458804019227203,-0.837467733065809,0.142904058236639,-0.27449710716395,0.0855267296360874,-0.515357139838197,-0.372733901425596,-0.156410899887681,0.0876737282397579,-0.630483804692797,-0.354160511431387,-0.144214326014053,-0.103927880806012,-0.43728352718554,0.227677869798005,-0.550833843469843,0.206232000685637,-0.15912721997184,-0.366106710100209,-0.585304710505189,-0.0148426150225912,-0.197559546787129,-0.414068026716611,-0.303678176029618,0.0534574795646809,-0.272491017673722,-0.213625013492139,-0.176725238955933,-0.391770180117085,-0.214024562287219,-0.0822213659170807,-0.192386985729753,0.0894580800087563,-0.0575437056529903,0.0616802099942032,-0.398194114539611,-0.124425983027558,-0.329440847935595
-0.145784494658938,0.309499178626749,0.154784662650551,-0.0668576833963346,0.0824529029354877,-0.35441499347187,0.415428458522645,0.353858671465179,0.16404625358483,0.818234472699573,0.080261410519135,0.511067491330666,0.111670556546478,0.477247487343047,0.285326175134556,-0.35627370790051,0.104400096495596,-0.177447628249072,0.315594555759763,1,0.13572270430176,0.0697959932542156,-0.0704260858924762,0.18909861785761,0.771607315213528,0.223727810501567,0.364658955034349,-0.0303037506714601,-0.0499096735538282,-0.0340067881708422,0.41444600803884,0.400594570892072,0.360841215182606,0.0260826590959299,0.0785927112026709,-0.354598037496094,0.627386635061468,0.305141619024906,0.409526152011073,0.0489724787344888,-0.0280436356742135,-0.0126588048295163,0.476721355364895,-0.109119406805856,0.4273292292451,-0.0813389371259084,0.115589234082464,-0.534199916993044,-0.0359939120934962,-0.221005494297221,-0.671808283622784,-0.09761221195778,0.201234193865658,-0.0312729879991699,0.164566529132621,-0.425988927371753,0.141121574235616,0.48287495768015,0.21829919090024,-0.0124727378638259,0.713239597542383,-0.192021053074391,0.07697710952709,-0.0329537333954306,0.463149826739079,-0.352961391519625,-0.450932896432215,0.179290000050504,0.0822313009797408,0.16693296882701,0.26910748062201,-0.222825827627947,0.00290098016762999,-0.391875060608283,0.430516035198787,0.442341956633204,-0.206147429092889,0.105437826424146,-0.208552662910119,-0.67705254216972,0.653471793573854,-0.308134651699585,0.180301132062824,-0.334678870792845,0.198405753627474,-0.545907027427368,0.358523101586235,-0.45324062087341,-0.272308581483373,-0.138135387545978,-0.532050856176753,-0.400451654738526,0.0473977758546885,-0.558149086696334,0.370445486052876,-0.215071049559644,-0.182601465730537,-0.871822808316335,-0.352234909052397,-0.494315900602979
0.356023170427944,0.0761015701035204,0.0421671110086021,-0.074782524394657,-0.223497634111477,-0.497219563738699,0.92854323606822,0.586275270703067,0.206619698936589,0.592348877548782,0.123256118163746,0.142073246509064,0.278506725051591,0.330549935364845,0.290784056682861,0.28305173138754,-0.0799755763311459,0.0776592425524165,0.0107802054018347,0.13572270430176,1,-0.0730880367124627,-0.0864632537149987,0.224674355010575,0.34282394901665,-0.216431623221841,0.0849213444826156,-0.309376010052084,0.117782284005535,0.122907977213145,0.804129100883398,0.275278249733065,0.67220220538129,0.142911097177657,0.233151155288308,-0.0682452064738978,0.714919503339387,0.352630930485593,0.284595281088562,0.0911657224171682,0.441025334637547,0.0138069910735305,0.441157055647951,0.168823837436094,0.00785415901272979,0.0718365704503932,0.216163084079816,0.307672645803676,-0.0277063404414411,0.190630629297399,-0.217156382736097,0.0424707692890609,0.265147167694551,-0.264394613532755,-0.396665550490902,-0.342071547010356,0.389217106173483,0.462539914727581,0.465253305497099,0.0195227498159281,0.0907861491490173,-0.317690622161383,-0.266636075859383,-0.535431002274673,0.292759967174405,-0.175960064523547,0.183524058778612,-0.286092077260223,-0.477487271091819,-0.237117837857921,0.133943263035174,-0.704361138332378,-0.173161110960551,-0.239006281561084,-0.0563736220741899,-0.401027872005544,0.08457093013355,-0.585635994046907,0.420867096582911,-0.215566586336115,-0.337794998787649,-0.438310544419425,-0.107453731874433,-0.52614750822029,-0.476923277169911,-0.301006190736767,0.0936714242386596,-0.472962595459833,-0.271458132972146,-0.178922220459641,-0.285359970322422,-0.0217226112238936,0.110791923459842,-0.296219684929095,-0.24104819769677,0.262087332728658,-0.0857859613405352,-0.159151373037056,0.147941400918669,0.00200684642903864
0.341178527879279,0.344926201809398,0.12215036466866,0.0312091292303194,-0.200391104241353,-0.0957218544602045,0.667826396556703,0.46326301294842,-0.200098007310259,0.689004579216564,0.461633099312955,-0.0768598773747378,0.816983491396323,0.541667808078139,0.604250081349179,0.061540553986146,-0.00907811503537459,-0.0437222427037458,0.314593971553284,0.0697959932542156,-0.0730880367124627,1,0.382308408163318,-0.369710746151378,0.172345451291708,-0.314886431242415,0.0638517159539783,-0.364999334794711,0.0126574971066165,-0.24499522909798,0.472773005815939,0.385086276837738,0.0166888235014114,0.0970588570089083,0.319571884474777,-0.0936448210256927,0.0584779306176671,0.465993266979487,0.205583131048415,0.321496640376885,0.22370841429469,0.0844127075515816,0.518914102750974,-0.208741597414108,0.183536578600139,0.0999538792063039,0.104705746328094,-0.226162637380665,-0.140142109004844,-0.119011506402585,0.116694575680086,0.0783742108982503,0.498835010321631,-0.079169583698093,-0.00994138191406746,-0.134432568407375,0.478500991614213,0.205039554849163,0.208277558631164,-0.0417913782060436,0.113218512920299,0.340306665844923,-0.211889778310963,-0.231279761793829,0.0656701277393849,0.0120099363209399,-0.17172314577997,-0.248135429024434,-0.0354673395924495,-0.0428656240422235,0.00497230153588629,-0.557542519891986,-0.295008200342846,-0.202232538685711,-0.225602612988049,-0.477265794581123,0.00287109767076104,-0.3501158876637,-0.115104479738012,-0.420389953159232,-0.443679867927106,-0.305957509737289,0.00917174964861356,-0.134759734475353,-0.316148962936616,-0.234499594952016,-0.302754917340282,0.0733943154520179,-0.236953219957901,-0.205533194239795,-0.374214828751655,-0.220182600902494,-0.0855918349155855,-0.332647394856266,-0.0905173742475659,0.125994420686434,0.0794548398660664,-0.361874272164534,-0.0568720234889388,-0.195838329032021
0.0709495739478231,0.168350975276749,0.091521585952537,-0.195743590479441,-0.173169012509895,-0.374765906612409,0.367192752608546,0.222299556550962,-0.258441002533588,0.788889758579851,0.326004480797686,0.281395656083848,0.278261738241486,0.266943441448196,0.215409326641766,-0.215986929410558,0.318557216049427,-0.0354673665680443,0.226790650226072,-0.0704260858924762,-0.0864632537149987,0.382308408163318,1,0.0954639473062663,0.563491319788332,-0.157351795409494,0.0627790948658091,-0.384614928389665,-0.119469998582758,-0.267996210931782,0.553546427452173,0.335488423142011,0.478511871404488,0.467116192720038,0.601300059528946,-0.391551734862764,0.454974834900286,0.299514331302496,0.394393985857655,0.150746844710974,0.0395415785497828,0.232269574289176,0.873717951041181,-0.534721276757743,0.372249480563995,0.111936594304698,0.250297550455973,-0.601806557502566,-0.526346377001353,-0.588617179777334,-0.285377628621397,-0.139964231416309,0.287882516986048,-0.0912616606467868,0.131764649028345,-0.426541932086778,0.180813659371718,0.243441604170795,0.156395398447723,-0.040467499335403,0.222546113224154,-0.181583801304236,-0.478288687356197,-0.61127318387102,0.0764900488611236,-0.326439860914596,-0.262995700349624,-0.211135864914271,0.356109198663813,0.0884831960131772,-0.0316761363413963,-0.275804008698107,-0.512771504356836,-0.0703581330551741,0.226180519075847,-0.0987648082812738,0.166388002767965,-0.236859385435805,-0.363995361634342,-0.409974167590747,0.288576467444677,-0.151439308388115,0.314782834979457,0.209635312282167,0.0269206692473747,-0.140406394731832,0.0186964420164652,0.0532748717856641,-0.297614937423595,-0.0677228913233854,-0.246595710318559,-0.430925719519873,-0.0160238614871192,-0.262828008011401,0.197298780494917,-0.29090630318462,0.214684839937099,-0.767673830381997,-0.475231480742059,-0.597738283752474
0.633901532447835,-0.222838090586434,-0.354303752914647,-0.239723907314175,-0.213753788406845,-0.100210379300478,0.545985680574937,-0.191401421285866,-0.219450184626551,0.56089651501142,0.148630480709802,0.400322608745356,0.65434033267093,0.668270123984969,0.22429970606662,-0.492625314206517,0.0538213354334604,-0.40130483601288,0.378735907725369,0.18909861785761,0.224674355010575,-0.369710746151378,0.0954639473062663,1,0.251081953463975,-0.059174923049274,0.492361093254608,-0.1974336408432,0.436675824691676,0.072734959738824,0.0339366892946423,0.163699561685146,-0.148403073710157,-0.618090736185007,-0.503714203555078,0.297097906224275,0.245993815508774,0.62021345077606,0.388856839047336,0.0787832361046132,0.525694255950711,0.0790861125587126,-0.155428244460651,0.849546499562836,0.308977432749706,0.280776793194162,0.271746042672416,0.822833171446274,0.704537271708276,0.867302380343896,-0.460427765472294,-0.470660240147317,-0.262694635881624,-0.199084711718148,-0.347141230694101,-0.181477209107298,-0.282745036861214,-0.01874579513558,0.36462817911858,0.0336663632668116,0.594684453784075,0.350049447136684,0.327713358241798,0.430624287039601,0.480294436231303,0.147816703037227,-0.0108718478481117,0.0307513015553136,-0.63397687591595,-0.259364079180142,0.531359407338558,-0.536379866262615,0.162923515637029,-0.579724376541024,0.0928357800820354,0.0607521007386451,0.11998801646216,0.0444805002654349,0.0217841896922904,-0.348563145489093,0.164130660751973,-0.337435689430915,-0.143086963444712,-0.898279711039575,0.175869481288737,-0.688353895214543,0.255721682508192,-0.0759551638174921,-0.1965076274357,0.133905993093581,-0.0696888281229946,0.257145709324755,0.179357235953704,-0.614974352857246,-0.340125568374269,0.92312631777916,-0.0825697432461906,0.50748519450211,0.636979605791482,0.47551083799039
0.327223695715145,0.151396996540748,0.106105676721958,-0.445567461830508,-0.467755546075125,-0.111728612120658,0.327868896834335,0.217329835458134,-0.0619741586514093,0.0705284488321369,-0.153339839276254,0.094521790373464,0.132191114869617,0.336336880691652,-0.15772353046344,0.155094300901325,0.293122908687406,0.334570660039163,0.485578349586388,0.771607315213528,0.34282394901665,0.172345451291708,0.563491319788332,0.251081953463975,1,-0.448026286183053,1.00264822866562,0.008399319930883,0.276670322161282,-0.139790653272929,-0.0161407585476185,0.573460236264964,0.201629823066822,0.341311686581348,0.476215167529136,0.304692874681536,0.0813838161675885,0.816808924666995,0.219049054651461,0.168702484952684,0.799862877540533,0.0376371707578568,0.583674130583287,0.209271429756797,0.685963216190227,0.34960398317077,0.449536862144532,0.576311804369808,0.512579555931501,0.366202192988748,-0.510770858009683,-0.246593593333183,-0.122657009657635,-0.560734677240831,-0.49659810464044,-0.386995405031121,0.00269554994238717,0.0796580013378007,-0.441946875341651,-0.754640911195734,-0.225553568798861,0.141481704968986,-0.551555251247622,-0.429935351493946,-0.0468056436783946,-0.447177817850141,-0.31469709173817,-0.213632777026488,-0.565166163810204,-0.0806149780679535,0.493175535821419,-0.994617040284451,-0.100878833920133,-0.69424725354896,-0.452620265575531,-0.531819178244147,-0.347762606448215,-0.477139974224165,0.0509826344523244,-0.379655423585295,-0.154632856835418,-0.470712632291807,0.107194939753592,-0.550478900761742,-0.12292923936659,-0.777098690860057,-0.130380346730439,-0.319680285548317,-0.515873296327327,-0.0347873624845369,-0.45061596414624,-0.435819015364887,-0.793354555173415,-0.485114683253165,0.0937604732823576,0.260688643255482,-0.0746479839354244,-0.244515145847449,0.0455604984921419,-0.356193323593269
-0.0560881637808375,0.131642207266952,0.155016574198287,-0.426442143954512,-0.364683670022207,-0.179727739281157,0.17510104215613,0.596470653466242,0.0590704485610202,-0.48860606090135,-0.528163967764752,-0.330240005817331,-0.341336970862133,-0.379513269132481,0.048601813138997,0.571535701317018,-0.20743973832866,0.291670981526254,-0.335458321523046,0.223727810501567,-0.216431623221841,-0.314886431242415,-0.157351795409494,-0.059174923049274,-0.448026286183053,1,0.0918702698414212,0.175841562537796,-0.291876726085938,-0.287089081663638,-0.304712261147987,-0.120423472077913,0.175464113508472,0.172748105069125,0.0716607413341965,-0.500842181795939,-0.2977343198658,0.190700937241046,0.142157831399141,-0.270180072356611,0.217989698041376,0.0134868696079,0.047589228181557,0.288722015594144,0.0237344451204438,0.299242838990579,0.230851892094756,0.260205398438549,-0.0564941193038901,0.151456430927583,0.173845340947227,0.126404450345455,0.065503070382574,-0.28240284640539,-0.222003722805049,-0.285636203640721,0.703419896553152,0.406817780151414,-0.350138415161973,-0.799577485908232,-0.156010967520018,-0.0701179358650801,-0.17437267241801,-0.0302699194420633,-0.431424432826595,-0.157138760428085,-0.262561097019582,0.137310472246219,-0.13178222722598,-0.151697124215814,-0.209320469115364,0.000748347200785149,0.0303527029416896,-0.281716739497048,-0.0732556174758127,-0.229046845165247,-0.297149918809997,-0.183815591725896,0.669496553698131,0.183933537005992,-0.348849658667243,-0.186677693558728,-0.0746644698179965,-0.0284111896638268,-0.213550868853652,0.277012882096468,-0.504715472475185,-0.066238427623889,-0.303362461031873,0.072842564915593,0.241554858593188,0.0511712665537342,-0.227852836654163,0.251672542714497,0.0285640828402591,0.0224103849933295,0.264546456846052,0.0890825397102456,-0.133579650446907,-0.0504197279838461
0.284388393052459,0.262550616554701,0.377359204653567,-0.36740143266568,0.10205309693319,-0.301503422626735,0.49342284244727,0.552502768657974,0.270978649863256,0.895767216987758,-0.0687321640134945,0.69997555061453,0.316557466815279,0.379221147623392,-0.248581029065737,-0.230949097804062,0.140497009453919,0.204171746392833,0.213300150943126,0.364658955034349,0.0849213444826156,0.0638517159539783,0.0627790948658091,0.492361093254608,1.00264822866562,0.0918702698414212,1,-0.687998122804074,0.360901474359822,-0.451859275693143,0.0331830178432086,0.35385096405722,0.501005517251367,0.108101137351021,0.0255389714200062,-0.237999632938381,0.394629661066493,0.452489553423659,0.835636853736822,0.595315930885778,0.157561595515716,-0.224761096296567,0.2639250065371,-0.265170391830569,0.0957196639699122,-0.211636902062421,0.153301636969391,-0.261798124687318,-0.3287401134509,0.0147941617323721,-0.157765342406645,0.0361489995764904,0.00269584682003619,-0.259408638206394,-0.0506088245877586,-0.444281204356678,0.371497347573006,0.322819643451808,0.311166828026527,0.0610208404003414,0.38190683210506,-0.196626532226659,-0.291659939512062,-0.391667061651771,0.172904541443538,-0.638072485401446,-0.167462975504502,-0.0978840582709757,0.0589449465624864,0.115365338647895,0.185234908520437,-0.122409191465426,-0.047679201895396,0.107540597909786,0.322053650400569,0.236151656961985,0.371778902862042,-0.0638990444905917,-0.135675783120933,-0.221130312017215,0.746357129665505,-0.336628229222647,0.146959260928911,-0.220984460214156,0.27980315094552,-0.271110170016287,0.284703783125792,-0.112920644274382,-0.0277864668011925,0.25054964130029,-0.129580787753095,-0.16687550400092,0.345456087338059,-0.587382109517995,0.281723537823779,-0.261891388071036,-0.0728192907269639,-0.473738005013563,-0.180884796216675,-0.0488247735215652
-0.330918059920092,0.514036986774798,0.371248288742276,-0.0709718137313605,0.365169079639733,0.167109133840415,-0.00465576076998557,0.649782452989657,0.411339185060639,0.0301002643444089,-0.248489385759695,-0.08980527710405,-0.14371904330274,-0.0592746188632625,-0.0588854960437841,0.0856432885956098,-0.478622448203626,0.0269802155515938,-0.258619166893608,-0.0303037506714601,-0.309376010052084,-0.364999334794711,-0.384614928389665,-0.1974336408432,0.008399319930883,0.175841562537796,-0.687998122804074,1,-0.228855197452514,-0.305402752604711,-0.465684529406926,0.00230297878933228,-0.20553298237922,-0.324494020762819,-0.630299524249736,-0.477767229113106,-0.310048312702008,-0.0308950417391815,0.205275911536388,0.0567952149298956,-0.457583062270395,-0.439350685341845,-0.354131996260662,-0.0605128104502252,-0.520250447306832,-0.370152763769105,-0.42763860050778,-0.62684226183914,-0.513088751750357,-0.107949169366549,0.414571745704656,0.583638907619637,0.138354912425766,0.386500064061526,0.416896367951584,0.0972115856888406,0.654911367203242,0.406861703312461,0.255840484639871,-0.264190779451561,0.222012132631241,-0.277997299103994,0.213676764934167,0.0990824179409634,-0.298570562704116,-0.378999674671002,-0.172543733126899,0.263587887413671,0.30503707814107,0.0837414165088611,-0.233896077371851,0.594312009431895,0.238826643659019,0.780767126681394,0.081483293406271,0.337154369332374,0.000485309117301089,0.0635754617755644,0.490477657313131,0.40918760527317,0.131462533089327,0.0607841584029508,-0.10624120433798,0.161880482115169,0.0644930328148214,0.557602862579145,-0.181459185846611,-0.170084884886831,0.380338374138914,0.361483630296293,0.290930840267388,0.494220714353835,0.463559850102085,0.187792382793459,0.159395933125357,-0.231403643898966,0.0389033644668953,-0.0178606853124922,-0.222938163010877,0.356575224908093
0.104724037524164,-0.215491961440942,-0.0996514083373441,-0.0537989338202337,-0.403893565926042,-0.582559967185417,0.499485922264973,0.0241077666258366,-0.247947637277427,0.37761239014079,0.283701539369031,0.209971865614667,0.0859443681215818,0.134020529441024,0.0847462292714882,-0.136559501028797,0.249752081529157,-0.294454153622882,0.0843231294783438,-0.0499096735538282,0.117782284005535,0.0126574971066165,-0.119469998582758,0.436675824691676,0.276670322161282,-0.291876726085938,0.360901474359822,-0.228855197452514,1,0.147506891263846,0.114180666765052,0.1031047009749,0.370788365047066,-0.202323847735977,0.168373083599562,-0.134862815152608,0.0642852481693055,0.517952604138495,0.503090028182859,0.0917415310285474,0.409002402078146,0.194427566063036,0.505761852564115,0.20791149378902,0.139347917905433,0.412798833006679,0.545462937889153,0.252289624798689,0.198392668621906,0.189402565240989,-0.514492951181389,-0.256959167218959,-0.0895400803717879,-0.344058209591764,-0.329428986613233,-0.449168338527358,-0.125499634840571,0.07549080337433,0.314935448950992,-0.182965691378921,0.167068757530872,-0.302247181478248,-0.0876163828912219,-0.0618865888042788,0.333448166863935,-0.189123036574415,-0.25210418294925,0.0514278862814006,-0.494594726029969,-0.424147340667473,0.253542349022981,-0.119960093279443,-0.223121874662775,-0.146526370710862,0.224062133112807,0.143758242030908,-0.416478739878348,-0.00108154496913837,0.680862889860231,0.275508530951814,0.206788983341708,-0.54061696511889,-0.233050768550991,-0.374224030428086,0.148391505840579,-0.379622011064596,-0.169100208528341,-0.37727245198093,-0.505747172339748,0.274657782221674,0.159835713261728,0.0399366590594979,0.228529112284803,-0.184099663627346,0.332921111293767,0.340729039402422,0.342613221668085,-0.302949371204527,0.0602788223784065,-0.234619956892845
0.37841978011217,-0.312888808829972,-0.480401395415872,-0.195374790433119,-0.149912715191137,-0.457442855492352,0.398504247028699,-0.158789054305152,-0.362733981424539,0.107401009125667,-0.0132403143751091,0.0820574977706115,0.276100405610993,0.374870579351468,-0.0751418049385835,-0.054238446094944,0.0577106133415205,-0.127624840884773,0.203332316591056,-0.0340067881708422,0.122907977213145,-0.24499522909798,-0.267996210931782,0.072734959738824,-0.139790653272929,-0.287089081663638,-0.451859275693143,-0.305402752604711,0.147506891263846,1,0.298603481335018,-0.327441618867478,0.304220833267075,-0.237064335688928,-0.438372220150029,-0.0900800838704797,0.337961363942329,0.0331786749634337,0.419514721973068,-0.0174383227887392,0.172162284063923,0.0252013620994482,-0.274504665754071,0.391977202884291,-0.333812867879393,-0.012697125255907,0.0336019715185192,0.452233930955426,-0.24138395214868,0.519784403353123,-0.0763200209123777,-0.182446222395894,-0.259756994362386,-0.192277466463786,-0.362785469098535,-0.36325227730098,-0.195293326547425,-0.321583370356268,0.513995179462998,0.177145327839412,-0.0487806275343305,-0.495886384404017,-0.00393154692884823,0.087408907748767,0.221371369281835,-0.147038849093456,0.395082915094226,0.314113377698522,-0.0170464036830816,-0.249001054612681,0.135109182269385,0.208429537654617,0.346504579605702,0.442607931557453,0.0998705430301243,-0.18334672728784,0.303319092914725,-0.199240799657474,0.573428914436758,0.507666897429255,0.161538332378729,0.123733180488436,-0.0972867591475652,-0.137559812443677,0.192451427547164,0.472927272191543,0.224273118209604,0.0860480413459816,0.332315763282004,0.428249177936465,0.400161034955633,0.609290470601937,0.751938164396166,-0.0487643774240739,-0.492822191655493,0.49883506794737,0.183632254000446,0.847162285550539,0.482765303490964,0.784858522564975
0.666469181100101,-0.462012896994453,-0.668184833207144,-0.071875557089219,-0.289992419895425,-0.321736865815701,0.290324846851487,-0.724285329717991,-0.671489086323021,0.428346930186716,0.619183339420808,0.138398855686014,0.480604404303054,0.346536979854805,0.349027315630606,-0.0111238250570048,0.768902388410349,0.209013991940602,0.750905405531366,0.41444600803884,0.804129100883398,0.472773005815939,0.553546427452173,0.0339366892946423,-0.0161407585476185,-0.304712261147987,0.0331830178432086,-0.465684529406926,0.114180666765052,0.298603481335018,1,-0.313061931932363,0.236111029500309,0.0816337140311395,0.134838600353635,0.7610102076886,-0.056358881627423,-0.344243960791626,-0.0207481338712199,-0.103486045597999,0.237039317831792,-0.0656020596662193,-0.171169297269338,-0.0400828812109949,-0.15017036538531,-0.0436370211615623,-0.0731066988266234,0.277754883442583,-0.09941145827901,-0.014430794410721,-0.330661291766533,-0.922741377960221,-0.115663388673504,-0.439889550243687,-0.51610085694244,-0.150619810274653,-0.647579747186839,-0.767823203666721,0.367416176430545,0.6481645265671,-0.160021813068981,-0.0653964395698531,-0.0536397467455895,0.218243508008435,0.849302599156874,0.162482801748681,0.849439046181087,0.402532480873757,0.175612418054894,0.304382118654138,0.72036496372076,0.111568502130266,0.259539250972666,-0.142325203375588,0.406722081129849,-0.328781821851001,0.34696746521511,-0.0853855366334773,-0.451943838951623,-0.229033423229404,-0.00126568463438612,-0.196318538779505,-0.0669443293426043,-0.289361948867038,0.24486257181292,-0.330160474407549,-0.314005836074237,-0.109762410254917,0.124385957547264,-0.145038799739024,0.0573202309425647,-0.164320427915828,0.417076391603646,-0.480410354786791,-0.494318227714288,0.261491814256145,-0.0484045225107476,0.255435524018826,0.345234814828585,0.0476208310746701
0.193434704778253,0.268665329868264,0.35404976378613,0.0325533342714261,0.27422728043748,0.216072063623839,-0.21726455893962,-0.222872997314857,0.328323992577819,0.251709037969395,0.016208011669633,0.287982435042736,-0.180557459738273,-0.0297950570663233,-0.628901807158404,-0.358761583686195,0.349281645276654,0.331389325042228,0.399147885955166,0.400594570892072,0.275278249733065,0.385086276837738,0.335488423142011,0.163699561685146,0.573460236264964,-0.120423472077913,0.35385096405722,0.00230297878933228,0.1031047009749,-0.327441618867478,-0.313061931932363,1,0.180740090756541,0.555396120902359,0.356739791764312,0.616062332444173,0.492910316602991,0.199952826812266,-0.167492258352183,0.740400246565326,0.199703569423561,-0.143093136711131,0.104109667669098,-0.484663441485866,0.286654013921132,-0.404809232090154,-0.210157757619953,-0.181125921182143,0.230564648365344,0.050084775416812,0.0534855771217891,0.0823630041616949,-0.359175379152028,-0.0192550261234875,0.222581483655117,0.0171258913479173,-0.374789968463222,0.00462448929534331,-0.383283896943585,0.00152877862045334,-0.320098802505724,-0.476790966102371,-0.798581624010036,-0.736199981329186,-0.0244908458807576,-0.829223263559692,0.334116034065437,-0.264832962536353,0.330809208478276,0.349657763777537,0.273928486841551,-0.415731215255755,-0.0868274767426528,0.236858998433139,-0.249882826290681,-0.12784546332315,0.142047007221474,-0.360007258175976,-0.51137499364346,-0.55500714900415,0.346700020884623,0.459349492914227,0.253426956457652,0.328816250641428,0.0904616788021024,-0.135224058518877,0.866227536208484,0.1199584201758,0.33012316670933,-0.0563338209504679,-0.43548444636591,-0.63292584539648,-0.259047150080453,-0.464484042174661,-0.12350771919907,-0.286561416040848,-0.522713296592625,-0.187799202185253,0.128017085238577,-0.0653042407381937
0.837598013231801,0.227866285039365,-0.124413853685228,0.329079796794855,0.220699246187585,0.115082731947959,0.455186533201037,-0.0491339707177771,0.0204862147755127,0.510854928545143,0.257768219624999,0.171444480974081,0.833255773387607,0.700671083688761,0.455853172715833,-0.155558355949481,0.164196269657285,-0.124288954715252,0.573376606905728,0.360841215182606,0.67220220538129,0.0166888235014114,0.478511871404488,-0.148403073710157,0.201629823066822,0.175464113508472,0.501005517251367,-0.20553298237922,0.370788365047066,0.304220833267075,0.236111029500309,0.180740090756541,1,-0.325257281092439,-0.375389866209169,0.527243389682555,0.249611218379661,0.0541144049104487,-0.000144025362609712,0.415996383288592,0.13880945033898,0.0565066401241623,-0.414229010706924,0.116810566531774,0.290055882603288,-0.364156388571538,-0.302531982576365,0.131902683885944,0.383801619783078,0.403742909920625,-0.201373831271981,-0.136763129587399,0.214321598274959,0.119096002684415,-0.154185805851851,0.220179937426522,-0.154096349945424,-0.085065295961914,0.029103453493372,0.731258886357971,0.0998996787241516,0.0279556472278656,0.073290252115797,0.37245401894721,0.588918752684039,-0.0586243767523552,0.351185148217899,0.37735947820528,0.0489330899651536,0.268488115804258,0.765922435626792,-0.25529054474928,0.57126718507688,-0.307508088434247,-0.0384280243285912,-0.0880324092716318,0.102631594058076,0.253485561541188,-0.549485226286579,-0.584033148752248,0.104884795351161,-0.167196018673947,-0.0176677896413923,-0.655490420073845,0.488633382945934,-0.473143098605873,0.250350351553326,-0.0717655161961993,0.187101195959508,-0.383551326169519,-0.635716049512568,-0.199442461254202,0.210834008215499,-0.683414567804908,-0.457818186734095,0.276609271012513,-0.527929535370136,0.385271647422945,0.505713095931,0.297649441589682
0.03885330587312,0.62393848537131,0.372491832719767,0.0746989254604611,0.268386790752664,0.274622005160885,0.430412864101041,0.715273867479224,0.141782028015288,0.690293471957845,0.555858956286525,0.0791403750289648,0.542693444462468,0.604486708811777,0.699899441573071,0.356628894665031,-0.0977089681089242,0.215634362007484,0.41132098059773,0.0260826590959299,0.142911097177657,0.0970588570089083,0.467116192720038,-0.618090736185007,0.341311686581348,0.172748105069125,0.108101137351021,-0.324494020762819,-0.202323847735977,-0.237064335688928,0.0816337140311395,0.555396120902359,-0.325257281092439,1,0.0946696125016963,-0.0817331391694053,-0.0307325116168272,0.0557592491536675,-0.239005776756087,-0.0670311681809481,-0.239238821894209,-0.553540597569127,0.184972761665749,-0.350593183898484,0.255466648177048,-0.277665083385981,-0.332012080771598,-0.682827460489989,-0.278900712487447,-0.518413234366506,0.338360272729802,0.247853557113482,0.822578298794025,0.102506001605734,0.312553360002227,0.111362263577363,0.75840096442678,0.344191231598197,0.268137768399112,0.335346597709537,0.343980739690338,0.610415030294418,0.21672285827569,0.121049041910101,0.351587804552917,0.275770806882937,-0.245861676874642,0.136797509995486,0.113231651960178,0.400727591011168,0.17402781529625,-0.432553849363232,0.140563298577945,-0.437325754465076,0.0288473053524645,-0.289507042112171,-0.0353903578230296,-0.259967304879915,-0.735914101340273,-0.826143995287559,-0.628606604545287,-0.457035868215829,-0.0729607908956049,-0.391427984048864,-0.528211975628617,-0.60305319657984,-0.37261693752025,-0.385780903613935,-0.419848365655288,-0.723416500179546,-0.762417657816128,-0.50638229427082,-0.376073684815028,-0.480133095934434,-0.202773079953463,-0.254622154187215,-0.399539574438462,-0.763542572820418,-0.372661717317298,-0.543528180287232
0.263599105799973,0.25281392576895,0.0372266721008872,-0.189603093369706,0.0861734293137242,0.0825411273680488,0.29407448122651,0.22384666261074,-0.279975643808951,0.97638076858684,0.587901503874459,0.296043736840215,0.708126138330246,0.663339906180793,0.307427875781687,0.0352574982847002,0.340495714218354,0.263449834101855,0.575653101871324,0.0785927112026709,0.233151155288308,0.319571884474777,0.601300059528946,-0.503714203555078,0.476215167529136,0.0716607413341965,0.0255389714200062,-0.630299524249736,0.168373083599562,-0.438372220150029,0.134838600353635,0.356739791764312,-0.375389866209169,0.0946696125016963,1,0.0461963586953843,0.0103198161859124,0.0615062913109105,-0.050453502674042,-0.0781557245014497,-0.14641447740673,-0.351580701684654,0.144225352888147,-0.449802627579516,0.321681135242613,-0.193576345577742,-0.101671276019679,-0.523371519714522,-0.355461631531371,-0.397102961549195,0.112740622186284,-0.111902079633425,0.616768900350277,0.0648029443103345,0.263491107322,0.0389432709715337,0.325802851716004,-0.0542785776886155,0.437070158695325,0.411245332767239,0.327997979985118,0.443300683558592,-0.0901571273816897,0.07709937913721,0.319322900599871,0.0107591211210925,-0.159118898521937,0.180835146814318,0.38604130252641,0.519872918714912,0.443962931577669,-0.220309033779145,0.0896701405730679,-0.417194393731156,0.289790866163765,-0.126790672334124,0.421648677215017,-0.0242444695811116,-0.826578670961641,-0.720362092937394,-0.114866352339613,-0.171248327481376,0.154384104816984,-0.159112997685057,0.0387445761154019,-0.42648799511378,-0.284468081113027,0.0832407888811223,-0.0752772050941066,-0.336232924817673,-0.281301286279934,-0.396476021238797,-0.105695051969819,-0.591784008556184,-0.269038472884416,-0.0619863859866006,-0.117681430942995,-0.398921607275769,-0.209569317686461,-0.272265915252896
0.313221036568884,-0.0676321566535226,-0.124242594193315,0.409368785937622,0.293687055256273,-0.325507100851493,-0.213052833619121,-0.320241008968933,-0.0512394262819818,0.0497151986694932,0.0091933340771258,0.183042520981987,-0.0286340449058403,-0.0251308260158578,-0.309087845992885,-0.813435579430689,-0.0511945478434765,-0.428258563448173,-0.0720876679822358,-0.354598037496094,-0.0682452064738978,-0.0936448210256927,-0.391551734862764,0.297097906224275,0.304692874681536,-0.500842181795939,-0.237999632938381,-0.477767229113106,-0.134862815152608,-0.0900800838704797,0.7610102076886,0.616062332444173,0.527243389682555,-0.0817331391694053,0.0461963586953843,1,0.217554502236198,0.568297458866908,0.0970278184137077,0.0838863883842678,0.449563789680603,0.286084045997486,0.29607352330786,0.15800719002708,0.0216615057379789,0.289057893279026,0.255829922080821,0.103813630139773,0.222593741582455,0.00552700331610617,-0.431862683421855,-0.0672148307774348,-0.575081708641455,0.255205619548968,-0.0905496472611672,-0.0912867428528708,-0.580475481680742,0.138151061559543,0.139923461747327,0.196687752715112,-0.235975727564604,-0.333411679814828,-0.361823509093223,-0.713596170866279,-0.0900967170047218,-0.176979778666201,0.108005234244939,-0.632893362874362,-0.249244151323576,-0.44656800131994,-0.0864105185625048,-0.445752891894003,-0.666215384126501,0.249643167657064,-0.244717624872461,-0.144968031993563,0.105356911489819,-0.505740803956736,0.187897980529063,0.195732220138665,0.227153406020945,0.337815668794071,0.384858090682133,-0.0703288033287122,-0.211596970310593,-0.0445874490075663,0.533380133595131,-0.11542523080625,-0.234322324307639,0.481469973919737,0.232768496325888,0.346611717284452,0.107186899670325,0.199506346847944,0.0394319306659524,0.295356584766039,0.342183561207732,-0.052198585739293,0.147940703849278,-0.177767397442104
0.175021339195369,0.0313151045007576,-0.0806183617062724,-0.0984561272202766,-0.221131813469083,-0.430487893018719,0.473106945001015,0.451122889243332,0.14449718533024,0.0638580057356908,0.249648697256881,0.0424268901515214,-0.0758398189964841,0.600864881558164,0.279474338424736,0.609179132443807,0.0421535952806256,0.629450845159764,0.501597531773882,0.627386635061468,0.714919503339387,0.0584779306176671,0.454974834900286,0.245993815508774,0.0813838161675885,-0.2977343198658,0.394629661066493,-0.310048312702008,0.0642852481693055,0.337961363942329,-0.056358881627423,0.492910316602991,0.249611218379661,-0.0307325116168272,0.0103198161859124,0.217554502236198,1,0.202743768176296,-0.0304002717406686,-0.166285674137172,0.359164361864202,-0.634890688769717,-0.0319300834841968,0.0666649811183547,0.203191519278004,-0.0936229327633312,-0.0960905122697851,0.265623639463445,-0.119628215818515,0.199606853251829,0.0463877660622006,-0.13777386872849,0.145635665071432,-0.449428026793531,-0.693887684753694,-0.418601743289152,0.0967491519000099,-0.0102163026746485,0.433746052024275,0.346275897300394,-0.290546925412826,-0.31244355835799,0.114550700205605,0.0572827194515406,0.610333521343884,-0.000615550309958662,0.070816869581353,0.134050635026529,-0.533537883505742,0.041217196736373,0.597768906684143,-0.473267462973842,0.573844084544657,-0.143353713482356,-0.0500232974532378,-0.418447741036425,0.011466531345201,-0.464264753139584,-0.0497569875546294,-0.0415312438745688,-0.424729397352514,-0.632971482129163,-0.341715449099176,-1.00494586754184,-0.200002118886925,-0.697676477736015,-0.149192146854831,-0.891263323511083,-0.17567744746234,-0.208582970025327,-0.444446074525487,-0.160797795762548,-0.08433082942748,-0.585459467631573,-0.263817944742158,0.0159355183783088,-0.311662614752974,-0.189997620008077,0.0403549949741663,-0.291167170692494
0.220700570903734,-0.0922752573573904,0.161328594955524,0.0170168693049793,0.188422894731499,0.0882012318295172,0.10400847831048,-0.347325855195543,0.136598605548347,0.394497865619793,0.0418931046643408,0.64901507989566,0.0154486423276362,0.109823012874058,-0.729576511919796,-0.247518066935071,0.407148799126468,0.0879536219937949,0.351074635262515,0.305141619024906,0.352630930485593,0.465993266979487,0.299514331302496,0.62021345077606,0.816808924666995,0.190700937241046,0.452489553423659,-0.0308950417391815,0.517952604138495,0.0331786749634337,-0.344243960791626,0.199952826812266,0.0541144049104487,0.0557592491536675,0.0615062913109105,0.568297458866908,0.202743768176296,1,-0.201014437666122,0.423408437487601,0.0168020902207779,-0.320098798917558,-0.0842181644211274,-0.251377668823848,0.246380206367993,-0.420775831674819,-0.146301757625542,0.131551051139257,0.115381291829442,-0.0571512631497538,-0.406634539982007,-0.0590078181874925,-0.380948392136216,0.111386112781943,0.0927006151661612,-0.0263119814604339,-0.526496254590918,-0.327851687291382,0.0196991654397229,0.129762663022783,-0.146250329677908,-0.355602180470132,-0.483972451421228,-0.582683899954691,0.211978461432482,-0.496294315318235,0.204305360245099,-0.327376373171282,-0.0768514566534299,0.102668334917872,0.4886868427862,-0.0672335961258437,0.121058612268576,0.021592161910377,0.0872188483903105,0.372978978261927,0.258585283343955,0.0723840528617548,-0.357792308454114,-0.299354919401988,0.680039610491076,0.0131275858624542,-0.0122548671803711,0.0524984360571728,0.51650699868037,-0.358147154529222,0.751628292860358,0.0623973171716341,0.244279488756452,-0.0161366055022341,-0.296222803897596,-0.536610661535617,-0.0725659330010263,-0.464388855682794,-0.0161207016025303,-0.143032810049414,-0.436707720440773,0.0939268434474236,0.0549738155389445,-0.0737592167158548
0.251951557271426,-0.356187295747108,-0.396914001349267,0.0217814163817989,-0.223300405098675,-0.242369374109782,0.313296983281142,-0.39493583521466,-0.366762883355382,0.173383367537223,-0.1632122931087,0.127907684812819,0.303444467157718,0.285755845038208,0.173287052709211,-0.142008334907246,0.327883574102875,-0.12528271797043,0.334696964679182,0.409526152011073,0.284595281088562,0.205583131048415,0.394393985857655,0.388856839047336,0.219049054651461,0.142157831399141,0.835636853736822,0.205275911536388,0.503090028182859,0.419514721973068,-0.0207481338712199,-0.167492258352183,-0.000144025362609712,-0.239005776756087,-0.050453502674042,0.0970278184137077,-0.0304002717406686,-0.201014437666122,1,-0.131389219055336,0.0669826264994805,0.062546423048516,-0.0125137152692518,0.154076343590503,0.691505847191659,0.0843316658259102,0.225462642500639,0.369194309412684,-0.00696850324721794,0.129259695069622,-0.711034321364697,-0.524463653186769,-0.0332041362429779,-0.0408611823780786,-0.0824941635332934,-0.256343250613318,-0.396830643947406,-0.350909654834769,-0.0626241090385539,0.124341844432454,0.227467097005639,-0.0439960148412763,0.147106998426831,0.551780154217542,0.490493979238586,0.183418363271412,-0.0228883805392733,0.131517779594123,-0.0266705772916779,0.233160645746795,0.536080075922565,0.0108070925091326,0.403844710510819,-0.602408061075148,0.479850496140596,0.438593570216089,0.0637037316703967,0.55333877705956,-0.688286341840374,-0.726309436329051,0.881884062812039,-0.231519328286821,0.0317356864022014,-0.404991905225663,0.960278614867407,-0.561193714488166,0.0419758475652678,0.135440583971384,0.196098241483655,-0.0682841515737417,-0.425165514849191,-0.671030094662877,-0.00430063635459971,-0.729306313950483,-0.0294948007935499,0.0869786552358188,-0.175149548882066,0.363481599520979,-0.0300885278275241,-0.168548386885327
0.610620629338973,0.0802743940814585,-0.354204286775972,0.43025177761038,0.200434526657992,0.0558813682016654,-0.134161869179852,-0.617541682263458,-0.42760463116728,0.149159894837027,-0.153311982545508,-0.0506478407986456,0.22724267518368,-0.00919816089346738,-0.0652347521680949,-0.22573835284183,0.283695470076088,-0.485801639095511,0.302678477124371,0.0489724787344888,0.0911657224171682,0.321496640376885,0.150746844710974,0.0787832361046132,0.168702484952684,-0.270180072356611,0.595315930885778,0.0567952149298956,0.0917415310285474,-0.0174383227887392,-0.103486045597999,0.740400246565326,0.415996383288592,-0.0670311681809481,-0.0781557245014497,0.0838863883842678,-0.166285674137172,0.423408437487601,-0.131389219055336,1,0.131525489443985,0.405881151690265,-0.043350231085074,0.101259856525301,0.194820539627279,-0.120494183592098,0.0530624791525755,0.0958645715749463,0.548266205627924,0.0831635368990601,-0.439899120664215,-0.370938371779227,-0.20210032831046,0.303237999244024,0.105279480698709,0.258513030377004,-0.538046607536216,-0.26837610452896,-0.399366549393924,0.0525090738160369,-0.203169022241536,-0.126626353862103,-0.381883652001947,-0.101669847473787,0.249685236669096,-0.289735855897228,0.162141419331998,-0.0745476782316987,0.234618019856842,0.186651108474011,0.415933763613265,-0.280723224325139,-0.110350418023194,-0.415500824338298,-0.179512432361896,-0.0256033595027091,-0.569154145842147,-0.211285876490058,-0.18674731486104,0.00715514424830996,0.511755674866892,0.208445456792614,-0.0909008851214945,0.0882504445335886,0.261445028906752,-0.28544612842399,0.153548219929775,-0.0673017630519015,0.163907738621501,-0.103980086316015,-0.117430452871766,-0.239530887661301,-0.378510463713246,-0.320174025286059,-0.0826945343723161,0.305293379258103,-0.262275688426603,0.221226467258171,0.179996401939745,0.0797669820555822
0.297358897884973,-0.166561602336624,-0.0736273479690088,-0.0129882617413587,0.209014786560517,-0.143960508353183,0.052320246833046,-0.277773612830115,0.0679211356895068,0.599305599818815,0.347537490867512,0.77175209189382,0.267025110956726,0.444558629254709,-0.365057976722183,-0.577650108898957,0.296390300608369,-0.116256995382811,0.374096535404281,-0.0280436356742135,0.441025334637547,0.22370841429469,0.0395415785497828,0.525694255950711,0.799862877540533,0.217989698041376,0.157561595515716,-0.457583062270395,0.409002402078146,0.172162284063923,0.237039317831792,0.199703569423561,0.13880945033898,-0.239238821894209,-0.14641447740673,0.449563789680603,0.359164361864202,0.0168020902207779,0.0669826264994805,0.131525489443985,1,-0.099906698323325,-0.0280340985932708,-0.0953720071064481,0.303044535115895,-0.150556814849189,-0.0934415817360228,-0.107184353543846,-0.0766227081674264,-0.145437997798927,-0.572348172518832,-0.20242523292497,-0.284478352469199,0.0870573167652595,0.00832454938802141,-0.172349137850304,-0.487871809345043,-0.262126071357628,0.364542418360263,0.712960405024591,0.240114468040826,-0.151291294882652,-0.00276872330934785,-0.163725851203398,0.482807039955288,-0.161964430929556,0.103123207261009,-0.149664424046727,-0.0244824068504987,0.0523631174797499,0.506926803467722,0.00944918538028183,0.150020831770634,-0.0825171105643843,0.413859389344308,0.433832597823737,0.61046914034554,0.190015920015472,-0.574729676564215,-0.441765873870821,0.676818165848797,-0.123653300204137,0.296263315433741,-0.264137017640534,0.539488223450875,-0.409294631317054,0.530389953062557,0.0485901886374868,-0.0272864400693034,0.0460005606371103,-0.183793419075377,-0.258691066718948,0.393002556362678,-0.264478836135707,-0.0460897416628229,-0.0512231021635694,-0.163094149663178,-0.113635868994762,0.0439187753935742,-0.155837502717765
0.319351358118519,-0.231762958314153,-0.471322776961721,0.543397517649823,-0.157896595810345,-0.0960173729207622,0.379717855579862,-0.523473502863753,-0.655519766720827,0.483719778804274,0.352832719840949,-0.0719496995877519,0.646860786566976,0.023164158533623,0.415777146311911,-0.177119045252222,0.248241015071984,-0.466202985791893,0.0671010448790761,-0.0126588048295163,0.0138069910735305,0.0844127075515816,0.232269574289176,0.0790861125587126,0.0376371707578568,0.0134868696079,-0.224761096296567,-0.439350685341845,0.194427566063036,0.0252013620994482,-0.0656020596662193,-0.143093136711131,0.0565066401241623,-0.553540597569127,-0.351580701684654,0.286084045997486,-0.634890688769717,-0.320098798917558,0.062546423048516,0.405881151690265,-0.099906698323325,1,-0.346816609873223,0.0136007617895555,-0.314202653128241,-0.126514379329465,-0.0533805348549723,0.136910258725748,-0.146134842915188,0.0632499943167112,-0.20722959136537,-0.569152515452355,-0.0296601909509809,0.235891521354017,-0.135672316671802,0.221015901948242,-0.377142489456942,-0.477133271595393,0.347384638038368,0.435627655951624,0.178459033070752,0.286024781873754,0.104133292370864,0.401336767413985,0.486619215171753,0.389278868389443,0.679036102992577,-0.179899949829608,0.0375591297453798,0.0713915857802521,0.19505690077211,0.276818563615471,-0.191277238330198,0.262684350834268,0.495691597903986,0.271741702091095,0.356958804523775,0.250055248371429,-0.431968216117296,0.111257418971857,0.449213550762779,-0.0190779301299467,-0.212495282811906,-0.123307189225352,0.447689726826112,-0.0723369252957134,-0.23680588238972,0.197462739015927,0.330811991883551,0.24427043981016,0.357940247816237,0.0515145163838519,0.675487321958811,-0.360251750285097,0.0419123736638356,0.323490248946138,0.194648153112053,0.497757321043029,0.198220393958625,0.305155314764507
0.381094517802741,-0.12528692661101,-0.0275955786064204,-0.483824049888604,-0.0726353240813498,0.0774782554005546,0.277613957118452,-0.113584675797667,-0.341180746877413,0.794048363716852,0.438061672117041,0.443328004648751,0.598245488118366,0.625116735307532,0.06673785483577,-0.0352481710504022,0.537710097583619,0.47640096278626,0.790323889508923,0.476721355364895,0.441157055647951,0.518914102750974,0.873717951041181,-0.155428244460651,0.583674130583287,0.047589228181557,0.2639250065371,-0.354131996260662,0.505761852564115,-0.274504665754071,-0.171169297269338,0.104109667669098,-0.414229010706924,0.184972761665749,0.144225352888147,0.29607352330786,-0.0319300834841968,-0.0842181644211274,-0.0125137152692518,-0.043350231085074,-0.0280340985932708,-0.346816609873223,1,-0.370355631808027,0.377155101856465,-0.261637026907451,-0.0387390255603659,-0.119305023037723,-0.216231619729465,-0.268629422112784,-0.109849668997391,-0.324948779130012,0.216649783394877,-0.292042496236476,0.0889178264005004,0.000562900764502883,-0.051563086339049,-0.361544854088185,0.256048155386778,0.193177611096422,0.258193137218409,0.369824614260588,-0.0896212472105883,0.103571087388061,0.339586187087684,-0.0743985335799028,0.0963383371083732,0.160730191009678,0.307231132745312,0.600359808021424,0.599096465493711,-0.0898809185873527,0.309248365735942,-0.375944781596195,0.353263796038196,0.00757622210377165,0.464331363989085,0.206954905703123,-0.86677812388829,-0.731600538333579,0.286045980571057,-0.200224373713325,0.127774194127272,-0.125885446285979,0.363175797596084,-0.579828128057233,-0.150091843552022,0.17234374537454,0.22548187902331,-0.216164754499519,-0.272853577738011,-0.556243676221474,-0.174220596747987,-0.84770331713202,-0.259210567532104,-0.0946992651246563,-0.249064531334967,-0.0594975684633589,-0.0686308137804152,-0.154195293018638
-0.14705100963691,-0.310158072879128,-0.149632006793545,-0.148946910762073,-0.0748231207906916,-0.253856001852781,-0.0109791508353973,-0.226585505963966,0.215126016739735,-0.351466118091592,-0.178702139824248,0.39845803010675,-0.442465354789178,-0.210502637859364,-0.728508500325171,-0.375660219929327,0.0432896066835702,-0.122602022164892,-0.244667707858493,-0.109119406805856,0.168823837436094,-0.208741597414108,-0.534721276757743,0.849546499562836,0.209271429756797,0.288722015594144,-0.265170391830569,-0.0605128104502252,0.20791149378902,0.391977202884291,-0.0400828812109949,-0.484663441485866,0.116810566531774,-0.350593183898484,-0.449802627579516,0.15800719002708,0.0666649811183547,-0.251377668823848,0.154076343590503,0.101259856525301,-0.0953720071064481,0.0136007617895555,-0.370355631808027,1,-0.208340089332367,-0.0306773070820507,-0.105367547108287,0.167317600557973,-0.275148694676486,0.00359886229603934,-0.362788829224633,0.0827701707099859,-0.567606264578285,0.04632726694288,-0.203664957941311,-0.210313563462387,-0.478155547939354,-0.224554033362057,0.223359035888579,0.312645018682516,-0.0152331298768903,-0.674406412340661,-0.078940518489336,-0.203168932673589,-0.0659414624661662,-0.188994642040838,0.142640949625806,0.00890695215285697,-0.222791613475354,-0.42872264891192,0.118142223707071,0.712838633365512,0.208151109560125,0.620249958897015,0.380023889971908,0.66235061645773,0.662045858458866,0.516443249375797,0.325835302150113,0.509892775418417,0.597313530034221,-0.0403486626496098,0.143829785721716,0.00889763847885505,0.730434349450507,0.400521841152719,0.484082542127116,0.182602966537422,0.13606174678901,0.592343305628374,0.476942085357792,0.441180180641639,0.822426879176589,0.416836461090973,0.198248853866858,-0.164985033304772,0.241157682487968,0.363450811381356,-0.0176844409365704,0.167169855327864
0.247255823257051,0.151199370814017,0.40041726506986,-0.557914415657963,-0.00627804704936641,-0.157535284285447,0.427969266247994,0.594799026038745,0.226139203841652,0.575791180686989,-0.059497486055085,0.493919494821361,0.129830234384366,0.317034404776266,-0.0292314663630288,-0.026029103441701,0.0348613044361251,0.52045762595822,0.196143034042362,0.4273292292451,0.00785415901272979,0.183536578600139,0.372249480563995,0.308977432749706,0.685963216190227,0.0237344451204438,0.0957196639699122,-0.520250447306832,0.139347917905433,-0.333812867879393,-0.15017036538531,0.286654013921132,0.290055882603288,0.255466648177048,0.321681135242613,0.0216615057379789,0.203191519278004,0.246380206367993,0.691505847191659,0.194820539627279,0.303044535115895,-0.314202653128241,0.377155101856465,-0.208340089332367,1,0.0600445786731043,0.225067600590876,-0.139068554566368,-0.406496690481267,-0.193654354372598,0.0634621669287305,-0.0244532866164624,0.0655920390893757,-0.454543202575773,-0.0672349700274084,-0.291576580257248,0.553369227005037,0.157443456953997,0.0412350366251796,-0.0755765469944926,0.253667721722908,0.0693181899613229,-0.0879674514221521,-0.107664545281074,0.0360629909185832,-0.234733685651535,-0.177048062586294,-0.133516631252397,-0.056253104704855,0.163358663854337,0.0188698176339234,-0.135120322274205,0.0411511468306509,-0.19489546167887,0.16990096504947,0.0223299150036792,0.282518744615884,-0.0469375885284489,-0.369480066082403,-0.422047287617744,0.326831432201558,-0.54436781183927,0.0830136551304804,-0.243481109106057,-0.00891200879845028,-0.331405820562258,-0.257664799149446,-0.344535974975214,-0.250613045950809,0.0496088873188294,-0.11559699964788,-0.441742259900769,0.101325656775194,-0.51082543190774,0.251261122527273,-0.389995296326113,0.00169840079103056,-0.617878446981005,-0.363187460508781,-0.44817715574349
0.130836316419621,-0.476214835896484,-0.138867412320479,-0.320978004003978,-0.103268025844536,-0.00118374091951701,0.0483517127553202,-0.310452263091825,-0.208334995687259,0.31414675899748,0.190732416050095,0.562830319476298,0.230282485000852,0.227389908904409,-0.243549474187492,-0.303042809971566,0.232707063404168,0.0461298345905836,0.115549653925711,-0.0813389371259084,0.0718365704503932,0.0999538792063039,0.111936594304698,0.280776793194162,0.34960398317077,0.299242838990579,-0.211636902062421,-0.370152763769105,0.412798833006679,-0.012697125255907,-0.0436370211615623,-0.404809232090154,-0.364156388571538,-0.277665083385981,-0.193576345577742,0.289057893279026,-0.0936229327633312,-0.420775831674819,0.0843316658259102,-0.120494183592098,-0.150556814849189,-0.126514379329465,-0.261637026907451,-0.0306773070820507,0.0600445786731043,1,0.0596424889992576,0.188217504840489,-0.204414829529697,-0.0486893978852017,-0.211362874267189,-0.264272827479748,-0.200992287244108,-0.0909785542531984,0.00900632174656663,-0.0602466676531964,-0.251008127998432,-0.461113192905565,0.433045694357014,0.42173435802269,0.336955608152032,0.216086171722185,0.312693682472806,0.294078652818225,0.20797470668961,0.302035481465141,0.00268795289549109,-0.0885647326112523,-0.0254616176810077,0.060737414380826,0.192568592103528,0.395344743930214,0.119244695151724,-0.0550512709882507,0.578487146642376,0.549309982220222,0.880107580707041,0.625295273785279,-0.458367440398913,-0.175196245057422,0.531287746837675,-0.0802585373740227,0.172376160205827,-0.017315360111015,0.556141646908276,-0.0895456344323762,0.0706271114331263,0.539915583855674,0.189585046786205,0.24479088753482,0.298602397079335,0.00287731993295787,0.481628615789186,-0.180561035455755,0.00666774744952295,0.0057452647697871,0.168127734543432,0.247227124725705,0.0583816696908787,0.0985443659002043
0.330714360099101,-0.35084600488317,-0.233928741599744,-0.327345381151464,-0.203803145850312,-0.137357550303535,0.162817243534629,-0.240430477524073,-0.228081041864209,0.559827361540252,0.446257486830849,0.494853174607235,0.49207721040943,0.418983608668862,0.0292357992857686,-0.356748179971391,0.290307773978578,-0.0209057287780666,0.297948193062272,0.115589234082464,0.216163084079816,0.104705746328094,0.250297550455973,0.271746042672416,0.449536862144532,0.230851892094756,0.153301636969391,-0.42763860050778,0.545462937889153,0.0336019715185192,-0.0731066988266234,-0.210157757619953,-0.302531982576365,-0.332012080771598,-0.101671276019679,0.255829922080821,-0.0960905122697851,-0.146301757625542,0.225462642500639,0.0530624791525755,-0.0934415817360228,-0.0533805348549723,-0.0387390255603659,-0.105367547108287,0.225067600590876,0.0596424889992576,1,-0.0109360099244415,-0.265233328067893,-0.148686785969455,-0.272481540590219,-0.345353570527366,0.0148913920826321,-0.131734962021471,-0.0830056312338883,-0.225441036000007,-0.156383106259696,-0.43014302925541,0.356504101967439,0.498467528795122,0.441853485800552,0.405390612565475,0.248324574298953,0.360886688105006,0.407051797827887,0.400772705847099,-0.0512719913620586,-0.113321314556697,-0.0547989230636681,0.129098226442161,0.322847449932201,0.0818022887241969,0.0890096457613584,-0.273782028412899,0.636324720135021,0.407703387354841,0.629995681607481,0.465494231416398,-0.713124256280584,-0.48194258589126,0.581426732412318,-0.320734437735793,0.168060426664957,-0.217964148254332,0.58196286242527,-0.41558287478564,-0.178068457426723,0.321017495869363,-0.0318656848313602,0.0877375089432759,0.0288389330697986,-0.319619456124597,0.375869285879701,-0.318345608611291,0.052212806050986,0.044960186064476,0.0737470036992748,-0.0481411549461389,-0.0839428950962004,-0.114614892480496
-0.0260846584120091,-0.282029430735461,-0.240235369471705,-0.13854079121622,-0.125687027668718,-0.402387607368331,0.208771460521505,-0.213234984023488,-0.0520751504873491,0.367761161425402,0.478351891105348,0.851923237912183,0.17709127444831,0.380572134534669,-0.206307995838362,-0.610200336934159,0.249066694298763,-0.587106663316499,0.116652179946019,-0.534199916993044,0.307672645803676,-0.226162637380665,-0.601806557502566,0.822833171446274,0.576311804369808,0.260205398438549,-0.261798124687318,-0.62684226183914,0.252289624798689,0.452233930955426,0.277754883442583,-0.181125921182143,0.131902683885944,-0.682827460489989,-0.523371519714522,0.103813630139773,0.265623639463445,0.131551051139257,0.369194309412684,0.0958645715749463,-0.107184353543846,0.136910258725748,-0.119305023037723,0.167317600557973,-0.139068554566368,0.188217504840489,-0.0109360099244415,1,-0.0307432380177877,0.0804721223179155,-0.70549715964468,-0.135782506383242,-0.427679524746402,-0.0683441575149064,-0.179123367704358,-0.448627065501694,-0.523210396633315,-0.147320412628047,0.726237797912727,0.748177216873906,0.554203247094814,-0.15708326784862,0.363131432140784,0.0564582078755352,0.603924726937325,0.193878103696898,-0.149368890008302,0.00119765466753574,-0.459506190996364,-0.516020221523392,0.356781562150969,0.375146083401559,-0.0775291127849334,0.0729746505564378,0.706687395412164,0.719250727163365,0.682876190474903,0.453140618807311,0.324616667157298,0.387769111527487,0.494025927203451,-0.450346167392557,0.0685806128596403,-0.241593554458796,0.397062471792589,-0.139439559142696,0.383860860296452,0.139962672070132,-0.343255994533206,0.421782836671173,0.504849854205788,0.459441057386899,0.961665896612063,0.327899417361817,0.373856815872355,0.161965329917417,0.386323216188454,-0.200555922830319,0.144842405830643,0.0190309377927762
-0.228548799077407,0.0224124946349559,0.121814620377005,0.0565325734442236,0.0679211244404503,-0.16784798745085,-0.0729818771245342,-0.0203601774358139,0.289711059426171,0.00208535955800564,-0.159108777278273,0.321456323706108,-0.592554854230787,-0.404506077025988,-0.539311279074869,-0.348832188020972,-0.0476312153848321,-0.0844723084787481,-0.293346191622953,-0.0359939120934962,-0.0277063404414411,-0.140142109004844,-0.526346377001353,0.704537271708276,0.512579555931501,-0.0564941193038901,-0.3287401134509,-0.513088751750357,0.198392668621906,-0.24138395214868,-0.09941145827901,0.230564648365344,0.383801619783078,-0.278900712487447,-0.355461631531371,0.222593741582455,-0.119628215818515,0.115381291829442,-0.00696850324721794,0.548266205627924,-0.0766227081674264,-0.146134842915188,-0.216231619729465,-0.275148694676486,-0.406496690481267,-0.204414829529697,-0.265233328067893,-0.0307432380177877,1,-0.0586148662088459,-0.172745678520054,-0.00605552233713494,-0.654301098438682,0.171005761513775,-0.154879633661189,-0.125206870650782,-0.331431165659697,0.142889107389202,0.205589043899108,0.183990855210697,-0.0102703861923323,-0.351379257044068,-0.310166818950388,-0.608703774566198,0.092759166275093,-0.299636239132466,0.253234644698207,-0.55178347858872,-0.287094755985432,-0.208134723763886,0.0546714309937441,0.0772882967637423,-0.433135779811582,0.524557063547645,0.23277354605614,0.456686024491776,0.210677655561633,-0.163630430859779,0.218019449969977,0.431730113472714,0.419108351567361,0.0691453717813726,0.167973090273337,0.0943540129023436,0.0441126084780395,0.10726888421658,0.452720892836078,-0.256998336649014,0.120914024137069,0.459380319873881,0.418159372404211,0.166396272808051,0.290635969913793,0.199453489516272,0.52059179182027,-0.23774023596721,0.101016307209595,-0.238511533308248,-0.112270489568118,-0.0876751575789859
-0.140865012915172,-0.373281268741921,-0.256800329727637,0.0575122777088092,-0.107697441233888,-0.519039932644184,0.0488104912784801,-0.244293656702695,0.0162100439449799,-0.160041886779624,-0.00364264560521992,0.309731984531642,-0.52451366989508,-0.0516533678938971,-0.251859285575807,-0.31487692783231,-0.0542551055234921,-0.337770583118992,-0.132248658740563,-0.221005494297221,0.190630629297399,-0.119011506402585,-0.588617179777334,0.867302380343896,0.366202192988748,0.151456430927583,0.0147941617323721,-0.107949169366549,0.189402565240989,0.519784403353123,-0.014430794410721,0.050084775416812,0.403742909920625,-0.518413234366506,-0.397102961549195,0.00552700331610617,0.199606853251829,-0.0571512631497538,0.129259695069622,0.0831635368990601,-0.145437997798927,0.0632499943167112,-0.268629422112784,0.00359886229603934,-0.193654354372598,-0.0486893978852017,-0.148686785969455,0.0804721223179155,-0.0586148662088459,1,-0.40744616589021,-0.126376952940526,-0.525128632942558,0.0254229320164936,-0.320511728427461,-0.318742920072325,-0.560756162911359,-0.238952679033094,0.296314662924007,0.513294470200748,0.0995261022002449,-0.678649303247864,0.119861024660258,-0.0538119144955793,0.430559132617964,0.0765127406513011,0.116291695093021,-0.134280178631,-0.328443804217805,-0.38548001309124,0.177676901619921,0.342042531401022,0.106925936439717,0.282758558578933,0.41987243026658,0.66605427232136,0.0934800883495381,0.262648817504877,0.309036191096037,0.573560358234765,0.601156879436451,-0.104868376221485,-0.100163764513029,-0.111461249118297,0.516191987819036,0.126136435083801,0.496849100399623,-0.228304914239795,0.139264237435541,0.351920076083756,0.311071640194442,0.139380553520317,0.560174379047145,0.185122085310525,0.389285586411401,-0.141713889691571,0.126943615700937,0.064605825268403,-0.0209664890517393,-0.101864513220233
-0.691460484039574,0.151673718541305,0.120783326131441,0.481482648160741,0.349085874712076,0.146156353128654,-0.962131909610226,-0.321569507791923,-0.109193653247698,-0.537126959445133,0.0115521040369896,-0.380903373305579,-0.559945586868706,-0.345060138913242,-0.220019115820367,0.124942811911593,-0.0725986132825863,-0.167976659433199,-0.15638852918444,-0.671808283622784,-0.217156382736097,0.116694575680086,-0.285377628621397,-0.460427765472294,-0.510770858009683,0.173845340947227,-0.157765342406645,0.414571745704656,-0.514492951181389,-0.0763200209123777,-0.330661291766533,0.0534855771217891,-0.201373831271981,0.338360272729802,0.112740622186284,-0.431862683421855,0.0463877660622006,-0.406634539982007,-0.711034321364697,-0.439899120664215,-0.572348172518832,-0.20722959136537,-0.109849668997391,-0.362788829224633,0.0634621669287305,-0.211362874267189,-0.272481540590219,-0.70549715964468,-0.172745678520054,-0.40744616589021,1,0.336131127420579,0.321323067032455,0.621640315666993,0.507955653683283,0.132264901544751,-0.222826062318584,-0.231827426122731,-0.321185065914725,0.148554730844986,-0.324968776549361,0.0198494210679401,0.00113759536764932,0.0980930915264712,-0.202200435756602,0.192709358467611,-0.29330992560218,0.276380368293495,0.701767749519109,0.159616933174896,-0.372405732663401,0.369298264485645,0.00264700691530703,0.154066164662919,-0.119358220056501,0.0394060759600767,-0.534622915093065,0.0110243304975934,-0.188890056933682,0.277401778279168,0.0124120829034964,0.818291830108936,0.0456398285864344,0.801303252812006,0.0228205731593421,0.580831798962228,0.0889057964147349,0.223611370724273,0.148306129425652,-0.163575733340861,0.127384683979381,-0.17580675251799,-0.448359865685494,0.42119532172194,-0.0245600129751402,-0.381137947057973,-0.037083658838525,-0.209849460891145,-0.327990907043522,-0.149455385782086
-0.348083183775977,0.0306686822188641,0.00571677344326793,0.0500066454429619,0.389703248659889,0.361094028514901,-0.63757331610738,-0.242837824655806,-0.0272263626752062,-0.540851929930966,-0.455887210794532,-0.145525614097176,-0.60881070650895,-0.252586833063159,-0.535910561336736,0.276666921574518,-0.0935983620467503,0.118702253585005,0.062707002423121,-0.09761221195778,0.0424707692890609,0.0783742108982503,-0.139964231416309,-0.470660240147317,-0.246593593333183,0.126404450345455,0.0361489995764904,0.583638907619637,-0.256959167218959,-0.182446222395894,-0.922741377960221,0.0823630041616949,-0.136763129587399,0.247853557113482,-0.111902079633425,-0.0672148307774348,-0.13777386872849,-0.0590078181874925,-0.524463653186769,-0.370938371779227,-0.20242523292497,-0.569152515452355,-0.324948779130012,0.0827701707099859,-0.0244532866164624,-0.264272827479748,-0.345353570527366,-0.135782506383242,-0.00605552233713494,-0.126376952940526,0.336131127420579,1,-0.0633769872081549,0.210454306616438,0.3351535248905,0.0724853558265304,-0.149409624712361,-0.305756495763224,-0.409555132788392,-0.292150392759444,-0.349213964346486,-0.291097462073508,-0.0565464774873774,0.00066223421792657,-0.287287661436987,-0.401853932938563,-0.0612617363463235,0.47144109838089,0.538200520473585,0.225223610695931,-0.21668489780054,0.409667032876756,0.518921357922739,0.0184446131895827,-0.400193807350164,-0.0873880634706853,-0.571188064940607,-0.208389448052756,0.0861551497528906,0.226850897800487,-0.125947478914317,0.559469084423875,-0.18194889640788,0.41730951899457,-0.10669724064252,0.409575158377708,0.0974998935271648,-0.175812005066517,0.114750240890771,-0.255572247777728,-0.0502022715291041,-0.0848261777808638,-0.507501762051452,0.149413203419985,-0.436020449243304,-0.173646860856852,-0.395909097674478,0.271312688201834,-0.114255997105727,0.0258529104718733
-0.215060071671014,-0.184284781738228,0.00268362251574528,-0.554171698924898,-0.236783802239538,-0.289086517105687,-0.17809090158477,0.119488040525861,-0.320130991753349,-0.144693898790894,-0.069921473517195,-0.142820129704708,-0.0346778161495807,-0.0878129750778126,-0.0391826344356496,0.606365811168324,0.354561633172888,0.634847296074814,0.329690551327911,0.201234193865658,0.265147167694551,0.498835010321631,0.287882516986048,-0.262694635881624,-0.122657009657635,0.065503070382574,0.00269584682003619,0.138354912425766,-0.0895400803717879,-0.259756994362386,-0.115663388673504,-0.359175379152028,0.214321598274959,0.822578298794025,0.616768900350277,-0.575081708641455,0.145635665071432,-0.380948392136216,-0.0332041362429779,-0.20210032831046,-0.284478352469199,-0.0296601909509809,0.216649783394877,-0.567606264578285,0.0655920390893757,-0.200992287244108,0.0148913920826321,-0.427679524746402,-0.654301098438682,-0.525128632942558,0.321323067032455,-0.0633769872081549,1,-0.544263327369976,0.0381713483200918,-0.476432740154722,0.275435560469979,-0.198242267584487,-0.217306219492702,-0.399457295576078,-0.393034235064891,-0.168505942680379,-0.354728836287768,-0.027096454699105,-0.174443028300939,-0.391019823035758,0.0473830131261516,0.758882768953225,0.770485443587209,0.439534028095918,-0.09730780612918,0.467348970790085,0.454808317695839,0.0307696300795516,0.00652193272536625,-0.390351019012767,-0.465911632351327,-0.0675735097667169,0.211410866239759,0.141973874232689,-0.170892658560114,0.187746620781206,0.120900008122367,0.653535326593388,0.0795186905502294,0.472059632076353,-0.410640886141629,0.0383823120581809,0.00765227756902542,-0.378901391312485,0.00851078610478057,-0.306815948227418,-0.268250747920488,0.200419393754028,-0.235560481449445,-0.501569077718405,-0.0554669166393811,-0.0446760218133781,-0.340474581456019,-0.135446301463101
0.0238065768961619,0.139289078242036,0.184107663878762,0.279191914239703,0.271835260502242,0.447599989699471,-0.690036653294175,-0.392609132460563,0.0510453699044234,-0.858571311728947,-0.486309339587862,-0.52169772756799,-0.525065320408888,-0.790682393981559,-0.549097943912529,-0.0391618033696311,-0.280321387360722,-0.0995045457552286,-0.337199997879066,-0.0312729879991699,-0.264394613532755,-0.079169583698093,-0.0912616606467868,-0.199084711718148,-0.560734677240831,-0.28240284640539,-0.259408638206394,0.386500064061526,-0.344058209591764,-0.192277466463786,-0.439889550243687,-0.0192550261234875,0.119096002684415,0.102506001605734,0.0648029443103345,0.255205619548968,-0.449428026793531,0.111386112781943,-0.0408611823780786,0.303237999244024,0.0870573167652595,0.235891521354017,-0.292042496236476,0.04632726694288,-0.454543202575773,-0.0909785542531984,-0.131734962021471,-0.0683441575149064,0.171005761513775,0.0254229320164936,0.621640315666993,0.210454306616438,-0.544263327369976,1,0.203201161572536,0.578752297763548,-0.312825092596776,-0.283871810022658,-0.86141014991835,-0.37702312685478,-0.829045545747268,-0.464114676999157,-0.462974235621445,-0.303796301768292,-0.700521045054473,-0.367077715527525,0.381213604706459,-0.0398264906101026,0.274054576886782,-0.109928823525462,-0.492791938550546,0.197852994432039,-0.0981240420456004,0.746865557020463,-0.73165625511936,-0.345588166122983,-0.328098472515018,-0.288195825375193,0.504955624535102,0.850953640238364,-0.237132002946939,0.620928697985346,-0.0289779464890895,0.536380859082535,-0.18957838671232,0.654682604258932,0.16461426126655,0.0601656737282261,0.259149879247175,0.265965502302955,0.383490368647741,0.415274333890851,-0.0659600144610189,0.633771510075797,-0.0644226910213831,-0.00820183615273233,0.0184655697024673,0.386713958630375,0.194524901713867,0.315821599864893
-0.313232988581755,0.457239994535683,0.447041650104691,0.0701406761835947,0.0345688660837647,0.318337730273009,-0.277419024095715,0.343352392064226,0.0532223213743633,-0.697050739958425,-0.454209222279397,-0.541500903921999,-0.530665781003922,-0.57100754000619,-0.244056753752381,0.355810142939344,-0.32673418090904,0.292712987399441,-0.368654722627878,0.164566529132621,-0.396665550490902,-0.00994138191406746,0.131764649028345,-0.347141230694101,-0.49659810464044,-0.222003722805049,-0.0506088245877586,0.416896367951584,-0.329428986613233,-0.362785469098535,-0.51610085694244,0.222581483655117,-0.154185805851851,0.312553360002227,0.263491107322,-0.0905496472611672,-0.693887684753694,0.0927006151661612,-0.0824941635332934,0.105279480698709,0.00832454938802141,-0.135672316671802,0.0889178264005004,-0.203664957941311,-0.0672349700274084,0.00900632174656663,-0.0830056312338883,-0.179123367704358,-0.154879633661189,-0.320511728427461,0.507955653683283,0.3351535248905,0.0381713483200918,0.203201161572536,1,0.288646123594794,0.413283314361836,0.129141304235615,-0.779437485903859,-0.688559687311411,-0.610075922402096,0.0250862995148485,-0.513246076044406,-0.470176286145145,-0.997149700653133,-0.397609042769785,-0.212526248395188,-0.144708406216615,0.191830300702465,-0.144753867778069,-0.506355948430659,0.16048791670854,-0.190835230899712,0.516590974599826,-0.767995777055537,-0.38632064754588,-0.390122943592432,-0.215341201834703,0.327104849163473,0.455154076685796,-0.496390786207233,0.173749809075575,0.0694585605093793,0.423475662587835,-0.199088791255066,0.53875532183042,-0.328277374050477,-0.0325686392645825,-0.0241877356244031,0.187926147103131,0.121492587525958,0.153227318480624,-0.407272257387964,0.421979217271356,0.224893044092152,-0.394192684721416,0.14672931248894,-0.0372346096265082,-0.401017807588541,-0.240208076197486
-0.276236756433029,0.264492928099363,0.141842951354063,0.48360803969909,0.29156633700686,-0.0175214832264979,-0.787623586891388,-0.298679801642458,-0.127300957227009,-0.462584981112777,-0.244078078228742,-0.342172141643401,-0.450007293667379,-0.703168577581157,-0.100153602322695,-0.426164178181885,-0.111874273196786,-0.30240118847333,-0.305537709001839,-0.425988927371753,-0.342071547010356,-0.134432568407375,-0.426541932086778,-0.181477209107298,-0.386995405031121,-0.285636203640721,-0.444281204356678,0.0972115856888406,-0.449168338527358,-0.36325227730098,-0.150619810274653,0.0171258913479173,0.220179937426522,0.111362263577363,0.0389432709715337,-0.0912867428528708,-0.418601743289152,-0.0263119814604339,-0.256343250613318,0.258513030377004,-0.172349137850304,0.221015901948242,0.000562900764502883,-0.210313563462387,-0.291576580257248,-0.0602466676531964,-0.225441036000007,-0.448627065501694,-0.125206870650782,-0.318742920072325,0.132264901544751,0.0724853558265304,-0.476432740154722,0.578752297763548,0.288646123594794,1,-0.264275843125185,0.0802773869639147,-0.499576599255638,-0.227373483092311,-0.490124089482032,-0.333459183244164,-0.444733129784018,-0.385820220713475,-0.518370511562698,-0.281526830772327,0.180314479737589,-0.151659877310642,0.453815054582264,-0.135451338407432,-0.393979389435088,0.301946544946521,-0.505757954336493,0.878215473934406,-0.380356080526318,-0.127259500064386,-0.395295760732026,-0.306904544578827,0.312209754219175,0.55643921096657,0.071953149209454,0.732352295906918,0.258904350577514,0.627137578460135,-0.00227267981745854,0.747430170084452,0.102207069369166,-0.0453778781924946,0.0640294511868817,0.354469082766809,0.389939009132152,0.222104321541534,0.191074246021407,0.506867625483905,0.169068443614188,-0.16935819182417,0.243622375659257,0.00951896073737976,-0.169374315120341,-0.0779896328173739
-0.678100047699491,-0.000279417558658346,0.10329078041533,-0.559377772742032,-0.0480250716457029,0.167413759343789,-0.403649805720019,0.00700131736846299,-0.185397271374017,-0.282496898771335,-0.444705609437083,0.154603029145654,-0.501336643871824,-0.0943616608039049,-0.300510756369151,0.438544797874522,0.455207587990181,0.467016961415692,0.383181141697638,0.141121574235616,0.389217106173483,0.478500991614213,0.180813659371718,-0.282745036861214,0.00269554994238717,0.703419896553152,0.371497347573006,0.654911367203242,-0.125499634840571,-0.195293326547425,-0.647579747186839,-0.374789968463222,-0.154096349945424,0.75840096442678,0.325802851716004,-0.580475481680742,0.0967491519000099,-0.526496254590918,-0.396830643947406,-0.538046607536216,-0.487871809345043,-0.377142489456942,-0.051563086339049,-0.478155547939354,0.553369227005037,-0.251008127998432,-0.156383106259696,-0.523210396633315,-0.331431165659697,-0.560756162911359,-0.222826062318584,-0.149409624712361,0.275435560469979,-0.312825092596776,0.413283314361836,-0.264275843125185,1,-0.0914168479433091,-0.572178236254365,-0.573425543093303,0.130847941363394,-0.175184340048423,-0.135877479849676,0.140504050208859,-0.221870346241696,-0.528123284315355,-0.401047194860247,1.01110424845498,0.972249760434919,0.671234993955403,0.0346888806938486,0.726595146652512,0.563284524735311,-0.537324307909393,0.260165408553675,0.287026943634109,-0.460007234541701,0.560301254280749,-0.34572893955189,-0.426368122880483,0.345527489506266,0.297628038952931,0.320820816319925,0.657476424248611,0.48003053026296,0.25891519209521,-0.118520637200244,0.241434193939992,-0.000954051892200866,-0.532229224251287,-0.238069782879149,-0.713993098181503,-0.714049394069179,-0.100972816340493,0.00294051109525598,-0.818031704392558,-0.229494453542264,-0.229700660524634,-0.603006265822843,-0.48019787178097
-0.39332531472036,0.128768250124446,0.183887482928193,-0.511350485003722,-0.0289835370164517,0.323399059830428,-0.262190272764036,0.017714326973076,0.0089173320204019,-0.192623534986337,-0.421381806307416,0.239288093014743,-0.748874082481424,-0.204562745539333,-0.271710242809809,0.195158039684516,0.290571574532878,0.501852873377303,0.394949657078122,0.48287495768015,0.462539914727581,0.205039554849163,0.243441604170795,-0.01874579513558,0.0796580013378007,0.406817780151414,0.322819643451808,0.406861703312461,0.07549080337433,-0.321583370356268,-0.767823203666721,0.00462448929534331,-0.085065295961914,0.344191231598197,-0.0542785776886155,0.138151061559543,-0.0102163026746485,-0.327851687291382,-0.350909654834769,-0.26837610452896,-0.262126071357628,-0.477133271595393,-0.361544854088185,-0.224554033362057,0.157443456953997,-0.461113192905565,-0.43014302925541,-0.147320412628047,0.142889107389202,-0.238952679033094,-0.231827426122731,-0.305756495763224,-0.198242267584487,-0.283871810022658,0.129141304235615,0.0802773869639147,-0.0914168479433091,1,-0.490059769908088,-0.364107321044218,0.202344633575296,-0.185542247933743,-0.15265281734115,0.0435508967498751,0.0942663023951906,-0.583337951828079,0.0142745427033331,0.76634462020995,0.474529222949627,0.584878406679478,0.446890847769111,0.35728628381179,0.606789346906947,-0.114208664010879,0.0805254345338229,0.248583084313113,-0.27621498181539,0.230802216869292,-0.256385921939073,-0.171985121408642,0.168690270593791,0.0704089411963241,0.0425587488033636,0.0501135229956063,0.225806064059019,-0.00483658770365231,0.124564271685079,-0.368955430301028,0.113750383000163,-0.3001762405182,-0.274305002318693,-0.44382349560918,-0.520899782189926,-0.414678754337576,0.0676971576314903,-0.6372918040157,-0.489820294147969,-0.137231469992395,-0.266158330168735,-0.386535003033528
-0.132978658386641,-0.702424500637483,-0.506583003654814,-0.493300029439618,-0.836649323018492,-0.525199507303859,0.0437094690531308,-0.456359862619617,-0.449930607233739,-0.505928856353002,0.26453975834736,-0.11792140914594,-0.117143841545144,0.179743826193975,-0.0627728055792253,0.270109343059035,0.476551105590389,0.221418901397279,0.325517257599706,0.21829919090024,0.465253305497099,0.208277558631164,0.156395398447723,0.36462817911858,-0.441946875341651,-0.350138415161973,0.311166828026527,0.255840484639871,0.314935448950992,0.513995179462998,0.367416176430545,-0.383283896943585,0.029103453493372,0.268137768399112,0.437070158695325,0.139923461747327,0.433746052024275,0.0196991654397229,-0.0626241090385539,-0.399366549393924,0.364542418360263,0.347384638038368,0.256048155386778,0.223359035888579,0.0412350366251796,0.433045694357014,0.356504101967439,0.726237797912727,0.205589043899108,0.296314662924007,-0.321185065914725,-0.409555132788392,-0.217306219492702,-0.86141014991835,-0.779437485903859,-0.499576599255638,-0.572178236254365,-0.490059769908088,1,-0.357201938812888,-0.334763859635432,0.00423511005294472,-0.0989639986959591,0.0230620450890343,0.164027714505285,0.275778180887727,0.0900889663206755,0.103984558816234,-0.534419292487775,-0.270308814866479,0.247721983210367,-0.314619538354544,0.107555338327514,-0.315512387892398,0.0105122624950815,-0.360540285750261,-0.0561104208394922,-0.030830779715139,0.499005763496294,0.329374902097384,-0.35823011501759,-0.182325756507507,-0.0596154031680376,-0.107930243424651,-0.0196432102389607,-0.158201381017462,-0.0687458748324619,-0.0138183126683827,-0.239765589359796,0.0368246059792504,0.207587100516832,0.0817000047975881,-0.308184492201318,0.244550547208109,-0.0750565463347656,0.347169685116661,0.296737309585466,0.186636757358611,0.268047102164317,0.051513703642822
0.463174992860093,-0.497178161364142,-0.31378805261721,0.0761838019251125,-0.362194115224117,-0.592314113984944,-0.141434278407422,-0.470104309437951,-0.386482041591711,-0.636927397644283,-0.244201491192851,-0.561254083626205,-0.164319216273524,-0.282240220496097,-0.0097377137327152,0.269110702983936,0.0771562176465893,0.070576398249047,-0.158693444229626,-0.0124727378638259,0.0195227498159281,-0.0417913782060436,-0.040467499335403,0.0336663632668116,-0.754640911195734,-0.799577485908232,0.0610208404003414,-0.264190779451561,-0.182965691378921,0.177145327839412,0.6481645265671,0.00152877862045334,0.731258886357971,0.335346597709537,0.411245332767239,0.196687752715112,0.346275897300394,0.129762663022783,0.124341844432454,0.0525090738160369,0.712960405024591,0.435627655951624,0.193177611096422,0.312645018682516,-0.0755765469944926,0.42173435802269,0.498467528795122,0.748177216873906,0.183990855210697,0.513294470200748,0.148554730844986,-0.292150392759444,-0.399457295576078,-0.37702312685478,-0.688559687311411,-0.227373483092311,-0.573425543093303,-0.364107321044218,-0.357201938812888,1,-1.01163698070149,-0.461815160006232,-0.422217260875546,-0.288927779928405,-0.0735988403375959,0.0782264931996611,0.630281188749028,-0.268819178864437,-0.269782299189325,-0.286264449025722,-0.169313303913004,-0.631497401936861,-0.268113489435802,0.095975022040004,-0.539904706501772,-1.04911805683538,-0.291855268134388,-0.726955649786666,0.576316295654347,0.701005544279553,-0.387853463677897,0.40929000603697,0.0324356908180876,-0.0851933713600371,-0.334541921088311,0.274253687379603,-0.0890245012970202,-0.265265319691814,0.0533319392751866,0.18580900753764,0.416217198099213,0.220441612132771,-0.091386450381602,0.220505645262286,-0.444757081204995,0.55139929695247,0.273639995112392,0.583066645783111,0.616534132015325,0.332915786449457
-0.514944964367373,-0.357966898424358,-0.0968964968448473,-0.872259285295315,-0.869432229355012,-0.387988393330356,0.18355893439651,0.220774059858852,-0.130169443549121,-0.511258051951574,-0.529124190859191,-0.129710177879834,-0.632925108113352,-0.357690301085072,-0.0296125711120195,0.517846635897813,0.256276667189193,0.655458204107397,-0.053963394174174,0.713239597542383,0.0907861491490173,0.113218512920299,0.222546113224154,0.594684453784075,-0.225553568798861,-0.156010967520018,0.38190683210506,0.222012132631241,0.167068757530872,-0.0487806275343305,-0.160021813068981,-0.320098802505724,0.0998996787241516,0.343980739690338,0.327997979985118,-0.235975727564604,-0.290546925412826,-0.146250329677908,0.227467097005639,-0.203169022241536,0.240114468040826,0.178459033070752,0.258193137218409,-0.0152331298768903,0.253667721722908,0.336955608152032,0.441853485800552,0.554203247094814,-0.0102703861923323,0.0995261022002449,-0.324968776549361,-0.349213964346486,-0.393034235064891,-0.829045545747268,-0.610075922402096,-0.490124089482032,0.130847941363394,0.202344633575296,-0.334763859635432,-1.01163698070149,1,0.0367042992447385,-0.105240076830085,-0.00194292291997655,-0.20206978355167,-0.157707434423572,-0.182829561303938,-0.0537859302019285,-0.386666318910629,0.0626988699706085,0.0894185484971785,-0.0316062679275583,-0.0624118517941316,-0.250267064906363,0.224217031128048,0.0643926130165295,-0.138911642700505,0.110301612226806,0.33010536902877,0.0865299658608628,0.118562003329964,-0.4300152968851,0.220170688175563,-0.0547466732282969,0.0651176976259337,-0.115070482883625,-0.411175806627714,-0.102319508451275,-0.0440516991054138,0.281465473111852,0.223157055463016,-0.163517041005035,-0.41090957471,-0.0506526587858088,0.672429244098638,-0.313115519076035,0.365137329366666,-0.0680472947995434,-0.265903643574604,-0.343250497034708
-0.56110849547915,-0.468578992916746,-0.215928689678701,-0.465355691848582,-0.525462426601646,-0.297207866986159,-0.234044342989681,-0.416476407983102,-0.323408088669287,-0.160457476927165,-0.0817754388718485,0.054890191551815,-0.656625316750723,-0.685586325531486,-0.589263403379294,0.125176570192799,0.541374919661231,0.32390678123222,-0.238453427884257,-0.192021053074391,-0.317690622161383,0.340306665844923,-0.181583801304236,0.350049447136684,0.141481704968986,-0.0701179358650801,-0.196626532226659,-0.277997299103994,-0.302247181478248,-0.495886384404017,-0.0653964395698531,-0.476790966102371,0.0279556472278656,0.610415030294418,0.443300683558592,-0.333411679814828,-0.31244355835799,-0.355602180470132,-0.0439960148412763,-0.126626353862103,-0.151291294882652,0.286024781873754,0.369824614260588,-0.674406412340661,0.0693181899613229,0.216086171722185,0.405390612565475,-0.15708326784862,-0.351379257044068,-0.678649303247864,0.0198494210679401,-0.291097462073508,-0.168505942680379,-0.464114676999157,0.0250862995148485,-0.333459183244164,-0.175184340048423,-0.185542247933743,0.00423511005294472,-0.461815160006232,0.0367042992447385,1,-0.411944635124249,-0.353198633101767,-0.150532163111915,0.0264516359694085,-0.0524820449619498,-0.240315596712942,0.227211683805311,0.273375056830744,-0.376687188897294,0.281849237355784,-0.633163316219361,-0.161542595891902,0.628121353032877,0.249134341350816,0.158094730122026,0.0210227940538833,-0.227438670520507,-0.000488307533362001,0.339355284253488,0.175658038451964,0.537798379633263,0.811180220082643,-0.121970266300015,0.217530454231192,-0.110433170907493,0.569668312758981,-0.15794154337931,0.201086544210995,0.440819120281074,-0.255587955264436,-0.222352396333478,0.334177346290411,0.551824387389361,-0.398510360653609,0.435618175195929,-0.460993264264285,-0.559376179014259,-0.458848650295355
-0.751034114369096,-0.588136731272216,-0.252125670183877,-0.684852576130921,-0.727800778641472,-0.540887589386884,-0.10171175322998,-0.0563073677542698,-0.171299717491653,-0.907694362246975,-0.518787648661309,-0.432566391709964,-1.11946415056484,-0.479199756219381,-0.418585577199002,0.348066634990657,-0.101508311961396,0.432825809441029,-0.458804019227203,0.07697710952709,-0.266636075859383,-0.211889778310963,-0.478288687356197,0.327713358241798,-0.551555251247622,-0.17437267241801,-0.291659939512062,0.213676764934167,-0.0876163828912219,-0.00393154692884823,-0.0536397467455895,-0.798581624010036,0.073290252115797,0.21672285827569,-0.0901571273816897,-0.361823509093223,0.114550700205605,-0.483972451421228,0.147106998426831,-0.381883652001947,-0.00276872330934785,0.104133292370864,-0.0896212472105883,-0.078940518489336,-0.0879674514221521,0.312693682472806,0.248324574298953,0.363131432140784,-0.310166818950388,0.119861024660258,0.00113759536764932,-0.0565464774873774,-0.354728836287768,-0.462974235621445,-0.513246076044406,-0.444733129784018,-0.135877479849676,-0.15265281734115,-0.0989639986959591,-0.422217260875546,-0.105240076830085,-0.411944635124249,1,0.105683386876925,-0.368818382515331,-0.134681490958369,0.105067445501266,0.119726412369896,0.0292675430504105,-0.093070951359829,-0.376273698907041,0.531717420527143,0.133654386400097,0.393176202778962,0.259990073326617,0.160299232898549,0.0176180439227694,0.17080862582045,0.531170297901395,0.534876910309962,0.212675618680182,0.337228337075497,0.336358293241599,0.4811634357564,0.188056394782543,0.801695481088966,-0.0718556061547634,0.174073941761594,0.486635199366239,0.679910080787803,0.77273848026436,0.283777475790688,0.107290087444291,0.508056704835488,0.377482028800468,-0.316117981689109,0.542186828141903,0.371851761018941,-0.0851842490917589,0.158640784926024
-0.624196286049719,-0.538362439574962,-0.136331695847624,-0.382077334856902,-0.658087737345392,-0.602677404230648,0.103118574025697,0.195768324361324,-0.0927902381917896,-0.566370749655834,-0.53424388824205,-0.52821560462607,-0.826593418557629,-0.578540458672171,-0.0629752863645636,0.348752171970446,-0.272557495698374,0.161148742053481,-0.837467733065809,-0.0329537333954306,-0.535431002274673,-0.231279761793829,-0.61127318387102,0.430624287039601,-0.429935351493946,-0.0302699194420633,-0.391667061651771,0.0990824179409634,-0.0618865888042788,0.087408907748767,0.218243508008435,-0.736199981329186,0.37245401894721,0.121049041910101,0.07709937913721,-0.713596170866279,0.0572827194515406,-0.582683899954691,0.551780154217542,-0.101669847473787,-0.163725851203398,0.401336767413985,0.103571087388061,-0.203168932673589,-0.107664545281074,0.294078652818225,0.360886688105006,0.0564582078755352,-0.608703774566198,-0.0538119144955793,0.0980930915264712,0.00066223421792657,-0.027096454699105,-0.303796301768292,-0.470176286145145,-0.385820220713475,0.140504050208859,0.0435508967498751,0.0230620450890343,-0.288927779928405,-0.00194292291997655,-0.353198633101767,0.105683386876925,1,-0.422547133138516,0.0873998864125071,-0.00552805622038181,-0.165935588564102,0.0860485494081767,-0.223027444912398,-0.744032153794125,0.607254440867682,-0.223417515294706,0.597450605093458,0.391749725019721,0.31160756313841,0.113905338670202,0.369805937858565,0.445905550269865,0.646304395711963,0.438607994172788,0.120876306994113,0.268047673108069,0.442954732686272,0.36811741925531,0.864992479474787,-0.198629153907702,0.359918283752603,0.444375385802205,0.610052623728485,0.625200867720694,0.265523901301255,0.426876980952809,0.45264753947941,0.659503910208065,-0.491773574594458,0.659351001859876,0.163739030672279,-0.316254847112764,0.0643100164621906
0.202396956040578,-0.312761299700603,-0.362412192078269,-0.325394803069561,-0.656095084800096,-0.73404257033571,0.485019359393254,0.0776435520724293,-0.0752800519572092,0.0660797499107603,0.0296963887602346,0.0237789034285125,0.167808939497001,0.284928347882601,0.192267867491835,0.22239895239555,0.226803081281811,0.336694708641766,0.142904058236639,0.463149826739079,0.292759967174405,0.0656701277393849,0.0764900488611236,0.480294436231303,-0.0468056436783946,-0.431424432826595,0.172904541443538,-0.298570562704116,0.333448166863935,0.221371369281835,0.849302599156874,-0.0244908458807576,0.588918752684039,0.351587804552917,0.319322900599871,-0.0900967170047218,0.610333521343884,0.211978461432482,0.490493979238586,0.249685236669096,0.482807039955288,0.486619215171753,0.339586187087684,-0.0659414624661662,0.0360629909185832,0.20797470668961,0.407051797827887,0.603924726937325,0.092759166275093,0.430559132617964,-0.202200435756602,-0.287287661436987,-0.174443028300939,-0.700521045054473,-0.997149700653133,-0.518370511562698,-0.221870346241696,0.0942663023951906,0.164027714505285,-0.0735988403375959,-0.20206978355167,-0.150532163111915,-0.368818382515331,-0.422547133138516,1,-0.090566380881987,0.190708692895921,-0.226436680476074,-0.444888754807511,-0.216295630508791,0.0902328263205701,-0.631824907381832,-0.240006047784713,0.0042384125920526,-0.11002606143936,-0.465289352182112,-0.0446737004102878,-0.264884879099446,0.420517800931072,0.168819963042804,-0.109975339815757,-0.191121499647294,0.167084463538047,-0.300691617031345,-0.139914781878267,-0.116723953824933,0.0946995296343834,-0.200910406518839,0.131311575158391,0.123409185854302,0.0706062088939003,0.177146161916579,-0.0564582286814218,-0.0864045309560885,0.081327123526838,0.0967921666611544,0.181587008200808,0.0878559080366417,0.261768337418691,0.205127044370884
-0.292898686830446,-0.817319985691642,-0.541578328513806,-0.42788318036808,-0.728967436730511,-0.524979626893694,-0.380279527067241,-0.71958451712416,-0.625152486521161,-0.380481776759626,0.171690092074405,-0.13938265893012,-0.296842754958536,-0.459392731251363,-0.539475219347893,0.101246938349361,0.405048402593663,0.175784954711328,-0.27449710716395,-0.352961391519625,-0.175960064523547,0.0120099363209399,-0.326439860914596,0.147816703037227,-0.447177817850141,-0.157138760428085,-0.638072485401446,-0.378999674671002,-0.189123036574415,-0.147038849093456,0.162482801748681,-0.829223263559692,-0.0586243767523552,0.275770806882937,0.0107591211210925,-0.176979778666201,-0.000615550309958662,-0.496294315318235,0.183418363271412,-0.289735855897228,-0.161964430929556,0.389278868389443,-0.0743985335799028,-0.188994642040838,-0.234733685651535,0.302035481465141,0.400772705847099,0.193878103696898,-0.299636239132466,0.0765127406513011,0.192709358467611,-0.401853932938563,-0.391019823035758,-0.367077715527525,-0.397609042769785,-0.281526830772327,-0.528123284315355,-0.583337951828079,0.275778180887727,0.0782264931996611,-0.157707434423572,0.0264516359694085,-0.134681490958369,0.0873998864125071,-0.090566380881987,1,0.319398787745442,0.0742920828572423,0.237108573380837,-0.0086429477530337,-0.290106154761956,0.442282286821072,-0.206304925214021,0.413149940212746,0.476231911069808,-0.0443456427136679,0.401699421824392,0.0538776352733437,0.33476578528765,0.683509464637408,0.0816969707406189,0.571823616976976,0.378759226351226,0.71274198936267,0.0685985932542783,0.827106455562605,0.0601943198132281,0.765230990412561,0.362677423867541,0.599456070070877,1.07667579247916,0.549008058658251,0.454035286633918,0.683576917582191,0.0299229618513343,0.10027840080576,0.670537195961425,0.458877705498744,0.293226713939663,0.516650396611747
0.241065738200731,0.196292732854851,-0.457920902036859,0.905135621187941,0.243845440407695,-0.274948115357804,-0.327657097177243,-0.348866392214738,-0.0621728976171574,0.139171870389336,0.35081261462801,-0.0701258055268088,0.571622214351519,0.27770179530054,0.523540892101093,-0.336803602270071,-0.0380669856330101,-0.682095545172967,0.0855267296360874,-0.450932896432215,0.183524058778612,-0.17172314577997,-0.262995700349624,-0.0108718478481117,-0.31469709173817,-0.262561097019582,-0.167462975504502,-0.172543733126899,-0.25210418294925,0.395082915094226,0.849439046181087,0.334116034065437,0.351185148217899,-0.245861676874642,-0.159118898521937,0.108005234244939,0.070816869581353,0.204305360245099,-0.0228883805392733,0.162141419331998,0.103123207261009,0.679036102992577,0.0963383371083732,0.142640949625806,-0.177048062586294,0.00268795289549109,-0.0512719913620586,-0.149368890008302,0.253234644698207,0.116291695093021,-0.29330992560218,-0.0612617363463235,0.0473830131261516,0.381213604706459,-0.212526248395188,0.180314479737589,-0.401047194860247,0.0142745427033331,0.0900889663206755,0.630281188749028,-0.182829561303938,-0.0524820449619498,0.105067445501266,-0.00552805622038181,0.190708692895921,0.319398787745442,1,-0.143198476425097,-0.0674269784797836,-0.228107554434588,0.0588084454453283,-0.385759402223572,-0.321258063525323,0.176219768436257,-0.337636951321088,-0.283488481987505,-0.153208536313911,-0.232052756392001,-0.0145650439842637,0.215775732428882,-0.1013948273103,0.150373104592592,0.118405137026127,-0.283835480876462,-0.157506301154706,-0.00979440407634524,0.10455193965992,-0.234514855618205,-0.200256560716552,-0.0439254575187184,-0.109991604785607,0.41787271861179,0.39777783051198,0.262709079903692,-0.0483439169647068,0.326143626255131,0.0706560563084412,-0.0338391519208785,0.259075570801072,0.133045550136512
-0.166510331309272,0.246025405415008,0.353255743370574,-0.0157768685258358,-0.169710944136669,-0.167100208229747,0.852697666341285,1.13336650307413,0.455898688121762,-0.173654489570649,-0.421208431376854,-0.392404312356552,-0.140966462831292,-0.141688574100629,0.540311050251148,0.917449368263022,-0.4591672024294,0.268157002323071,-0.515357139838197,0.179290000050504,-0.286092077260223,-0.248135429024434,-0.211135864914271,0.0307513015553136,-0.213632777026488,0.137310472246219,-0.0978840582709757,0.263587887413671,0.0514278862814006,0.314113377698522,0.402532480873757,-0.264832962536353,0.37735947820528,0.136797509995486,0.180835146814318,-0.632893362874362,0.134050635026529,-0.327376373171282,0.131517779594123,-0.0745476782316987,-0.149664424046727,-0.179899949829608,0.160730191009678,0.00890695215285697,-0.133516631252397,-0.0885647326112523,-0.113321314556697,0.00119765466753574,-0.55178347858872,-0.134280178631,0.276380368293495,0.47144109838089,0.758882768953225,-0.0398264906101026,-0.144708406216615,-0.151659877310642,1.01110424845498,0.76634462020995,0.103984558816234,-0.268819178864437,-0.0537859302019285,-0.240315596712942,0.119726412369896,-0.165935588564102,-0.226436680476074,0.0742920828572423,-0.143198476425097,1,-0.168844586463402,-0.171036653822006,-0.408970991721905,0.0239141680287454,0.0215183113887745,0.0912493118334649,-0.10434114522436,-0.226874295969195,-0.0188164830785654,-0.0109578100518378,0.569612333456739,0.0734617050083725,-0.493313147678879,-0.620144499283398,-0.285208524468345,-0.269748135753764,-0.259475588507845,0.184127157950052,-0.470393140477379,-0.342260113779131,-0.160968814343108,-0.430015957378715,-0.37174892277067,-0.0506081502399652,0.0514895547137835,0.00779919158171172,-0.00927983804914984,-0.409136231944455,-0.104375519648321,-0.168660969497821,-0.413431770419377,-0.149793327490527
-0.0956184523738892,0.738854106128515,0.526385721483058,0.424594010897479,0.153216596865996,0.333841870059,0.283875316113514,0.826965714527068,0.21989577541495,-0.220616910039852,-0.19782028067271,-0.890772064579727,0.121197490588073,-0.150869795212068,0.905746673965896,0.745440611785024,-0.586462903514173,0.111947358812964,-0.372733901425596,0.0822313009797408,-0.477487271091819,-0.0354673395924495,0.356109198663813,-0.63397687591595,-0.565166163810204,-0.13178222722598,0.0589449465624864,0.30503707814107,-0.494594726029969,-0.0170464036830816,0.175612418054894,0.330809208478276,0.0489330899651536,0.113231651960178,0.38604130252641,-0.249244151323576,-0.533537883505742,-0.0768514566534299,-0.0266705772916779,0.234618019856842,-0.0244824068504987,0.0375591297453798,0.307231132745312,-0.222791613475354,-0.056253104704855,-0.0254616176810077,-0.0547989230636681,-0.459506190996364,-0.287094755985432,-0.328443804217805,0.701767749519109,0.538200520473585,0.770485443587209,0.274054576886782,0.191830300702465,0.453815054582264,0.972249760434919,0.474529222949627,-0.534419292487775,-0.269782299189325,-0.386666318910629,0.227211683805311,0.0292675430504105,0.0860485494081767,-0.444888754807511,0.237108573380837,-0.0674269784797836,-0.168844586463402,1,0.0385535331597291,-0.503794078605271,-0.242600188594133,-0.160239990230848,0.131241340232866,-0.603234631796824,-0.607680680310001,-0.555981831027581,-0.257419093833082,-0.0354282928517299,-0.0686847568632321,-0.816026321605848,-0.294749307232731,-0.259806600369482,-0.112024094456748,-0.557490726937632,0.0155650289555527,-0.85292944733569,-0.440396359317892,-0.161468872717712,-0.392047300789399,-0.433561129403889,-0.188004766813235,-0.317330165550862,0.00863970044125337,0.172165337209679,-0.239889757384125,-0.0526276387095318,-0.380335298516736,-0.387056296557219,-0.353384153806942
-0.38224882550257,0.522489338097966,0.330515478931545,-0.0768949248679573,-0.199659208781154,-0.202901594327335,0.2910706332712,0.758546995342174,0.147535752401141,0.137699860843608,0.0200684704651365,-0.447442490111461,-0.16556778773018,-0.0608089029105509,0.682585054051359,0.372130228509717,-0.302554253141806,0.215195700801103,-0.156410899887681,0.16693296882701,-0.237117837857921,-0.0428656240422235,0.0884831960131772,-0.259364079180142,-0.0806149780679535,-0.151697124215814,0.115365338647895,0.0837414165088611,-0.424147340667473,-0.249001054612681,0.304382118654138,0.349657763777537,0.268488115804258,0.400727591011168,0.519872918714912,-0.44656800131994,0.041217196736373,0.102668334917872,0.233160645746795,0.186651108474011,0.0523631174797499,0.0713915857802521,0.600359808021424,-0.42872264891192,0.163358663854337,0.060737414380826,0.129098226442161,-0.516020221523392,-0.208134723763886,-0.38548001309124,0.159616933174896,0.225223610695931,0.439534028095918,-0.109928823525462,-0.144753867778069,-0.135451338407432,0.671234993955403,0.584878406679478,-0.270308814866479,-0.286264449025722,0.0626988699706085,0.273375056830744,-0.093070951359829,-0.223027444912398,-0.216295630508791,-0.0086429477530337,-0.228107554434588,-0.171036653822006,0.0385535331597291,1,-0.324743557744682,-0.350061729628277,-0.387774706274249,-0.00332135915043887,-0.23029363420576,-0.414835793040117,-0.513389032709172,-0.367070209882168,-0.117331482824084,-0.275824614358024,-0.352922112005806,-0.25012762051545,0.16364219963446,0.00929502309038172,-0.494718882248353,-0.0487387005075032,-0.459650952221114,-0.427190605705402,-0.284055220060648,-0.167436029326773,-0.334055770934909,-0.291889622631731,-0.375163085936955,-0.0956177779746583,0.497185074394129,-0.484732042339069,0.105895400039772,-0.833740091628243,-0.527044734658969,-0.579015386588016
0.325536095591993,-0.038964241763965,0.00411878679564406,-0.147285627476165,-0.305021943831012,-0.514814951419112,0.653799943380404,0.336762570429043,0.196641541289983,0.546436250943898,0.0149710337550864,0.416018572147755,0.25219219158646,0.245608252693506,0.189669169492639,-0.0623997553844131,0.0868776154283061,0.0210704553764323,0.0876737282397579,0.26910748062201,0.133943263035174,0.00497230153588629,-0.0316761363413963,0.531359407338558,0.493175535821419,-0.209320469115364,0.185234908520437,-0.233896077371851,0.253542349022981,0.135109182269385,0.72036496372076,0.273928486841551,0.765922435626792,0.17402781529625,0.443962931577669,-0.0864105185625048,0.597768906684143,0.4886868427862,0.536080075922565,0.415933763613265,0.506926803467722,0.19505690077211,0.599096465493711,0.118142223707071,0.0188698176339234,0.192568592103528,0.322847449932201,0.356781562150969,0.0546714309937441,0.177676901619921,-0.372405732663401,-0.21668489780054,-0.09730780612918,-0.492791938550546,-0.506355948430659,-0.393979389435088,0.0346888806938486,0.446890847769111,0.247721983210367,-0.169313303913004,0.0894185484971785,-0.376687188897294,-0.376273698907041,-0.744032153794125,0.0902328263205701,-0.290106154761956,0.0588084454453283,-0.408970991721905,-0.503794078605271,-0.324743557744682,1,-0.657343268216642,-0.454041166883007,-0.0518092544750392,-0.0912046389323104,-0.256925011726404,0.0739081207389101,-0.391221097430109,0.46869470745532,-0.120594659607772,-0.0280587225656935,-0.467611759294494,0.0278324558651601,-0.477220704764807,-0.28832784007546,-0.38462507905634,0.100449818806231,-0.366305548750051,-0.278507528106121,-0.0403516527105591,-0.210942736159745,-0.0633773508766161,0.036888817465719,-0.226702665918057,0.105002723333661,0.137224117107387,0.0665042192527732,-0.341866740991624,0.0588340232942908,-0.096215870741956
-0.078823510680916,0.119250094474292,0.0876544499720011,0.187708625001732,-0.11490434607128,0.382234389682994,0.204737392298154,0.493683301775538,0.0271397088510034,-0.736968133339173,-0.50406633835897,-0.736467968602411,0.108670583701989,-0.167300011641521,0.473946771590367,0.435516928992251,-0.715326386381348,-0.371643389239847,-0.630483804692797,-0.222825827627947,-0.704361138332378,-0.557542519891986,-0.275804008698107,-0.536379866262615,-0.994617040284451,0.000748347200785149,-0.122409191465426,0.594312009431895,-0.119960093279443,0.208429537654617,0.111568502130266,-0.415731215255755,-0.25529054474928,-0.432553849363232,-0.220309033779145,-0.445752891894003,-0.473267462973842,-0.0672335961258437,0.0108070925091326,-0.280723224325139,0.00944918538028183,0.276818563615471,-0.0898809185873527,0.712838633365512,-0.135120322274205,0.395344743930214,0.0818022887241969,0.375146083401559,0.0772882967637423,0.342042531401022,0.369298264485645,0.409667032876756,0.467348970790085,0.197852994432039,0.16048791670854,0.301946544946521,0.726595146652512,0.35728628381179,-0.314619538354544,-0.631497401936861,-0.0316062679275583,0.281849237355784,0.531717420527143,0.607254440867682,-0.631824907381832,0.442282286821072,-0.385759402223572,0.0239141680287454,-0.242600188594133,-0.350061729628277,-0.657343268216642,1,-0.0462606995055695,-0.0891369402895896,-0.455853135134305,-0.191969792994659,-0.22334890224656,0.226353946361203,0.716102134942616,0.28807981087609,-0.662358237671261,-0.178096470944408,-0.365014966966164,-0.174571586795878,-0.251309651520366,0.302492832483036,-0.735217659764513,0.153066553621618,-0.184845370058781,-0.0905422439148092,0.0971333354443291,0.432052684471384,-0.0875655005717328,0.470501115113552,-0.139871696279088,0.355640746622812,0.208442587332615,0.461864815608161,0.0198163123143251,0.320286346499538
-0.301210869473672,0.272217356100727,0.186510218313764,-0.0966035010773674,-0.067380587014943,-0.391078440860506,0.556416953942388,0.870910792451964,0.476663369786705,-0.21424342184541,-0.321508663134199,-0.219353778786899,-0.334205917583966,0.11873983488024,0.0590117540277633,0.495713578188228,-0.464782970243542,0.0332279377545303,-0.354160511431387,0.00290098016762999,-0.173161110960551,-0.295008200342846,-0.512771504356836,0.162923515637029,-0.100878833920133,0.0303527029416896,-0.047679201895396,0.238826643659019,-0.223121874662775,0.346504579605702,0.259539250972666,-0.0868274767426528,0.57126718507688,0.140563298577945,0.0896701405730679,-0.666215384126501,0.573844084544657,0.121058612268576,0.403844710510819,-0.110350418023194,0.150020831770634,-0.191277238330198,0.309248365735942,0.208151109560125,0.0411511468306509,0.119244695151724,0.0890096457613584,-0.0775291127849334,-0.433135779811582,0.106925936439717,0.00264700691530703,0.518921357922739,0.454808317695839,-0.0981240420456004,-0.190835230899712,-0.505757954336493,0.563284524735311,0.606789346906947,0.107555338327514,-0.268113489435802,-0.0624118517941316,-0.633163316219361,0.133654386400097,-0.223417515294706,-0.240006047784713,-0.206304925214021,-0.321258063525323,0.0215183113887745,-0.160239990230848,-0.387774706274249,-0.454041166883007,-0.0462606995055695,1,0.15403082045064,-0.135186779157751,-0.147724238940027,-0.0782800175683197,-0.226436384397932,0.632481233348622,0.181946236760535,-0.0910061347764032,-0.33438558119429,-0.144807998675641,-0.237703830327601,-0.195493946026426,0.197004673250505,-0.0195837270895627,-0.388704281671716,-0.255424767598548,-0.040478482926262,-0.15843673314399,0.136671066087946,0.146102908953709,0.144382640092628,0.0184417555570211,-0.228366952178826,0.0406229504821222,-0.281869347295447,-0.299720244402474,-0.0635919393307339
0.0883275379480553,0.0355474949821917,-0.311434982602283,0.920114747348967,0.518578481188139,0.533122501320613,-0.523166833798103,-0.659422503548402,-0.118662801924113,-0.47951247721028,-0.201363960582698,-0.667335543505235,-0.0666321141384918,-0.254537132527785,0.347086674830454,-0.295257008731931,-0.360935067829222,-0.717320621554008,-0.144214326014053,-0.391875060608283,-0.239006281561084,-0.202232538685711,-0.0703581330551741,-0.579724376541024,-0.69424725354896,-0.281716739497048,0.107540597909786,0.780767126681394,-0.146526370710862,0.442607931557453,-0.142325203375588,0.236858998433139,-0.307508088434247,-0.437325754465076,-0.417194393731156,0.249643167657064,-0.143353713482356,0.021592161910377,-0.602408061075148,-0.415500824338298,-0.0825171105643843,0.262684350834268,-0.375944781596195,0.620249958897015,-0.19489546167887,-0.0550512709882507,-0.273782028412899,0.0729746505564378,0.524557063547645,0.282758558578933,0.154066164662919,0.0184446131895827,0.0307696300795516,0.746865557020463,0.516590974599826,0.878215473934406,-0.537324307909393,-0.114208664010879,-0.315512387892398,0.095975022040004,-0.250267064906363,-0.161542595891902,0.393176202778962,0.597450605093458,0.0042384125920526,0.413149940212746,0.176219768436257,0.0912493118334649,0.131241340232866,-0.00332135915043887,-0.0518092544750392,-0.0891369402895896,0.15403082045064,1,-0.546292396184401,-0.116274352063109,-0.467035700868303,-0.0476601452460776,-0.0610836134378014,0.217712895196067,-0.221581939159434,0.480471515733182,-0.447776438631044,-0.134754351288705,-0.0503873714224373,0.0562210733774948,0.188219309257307,-0.27761955688789,0.234466063211954,-0.293221289794564,-0.174697356405827,0.250280189541574,-0.126148865631504,-0.0340842144968052,-0.522747251674902,0.525494852192534,-0.357637969575639,0.573734754125446,0.359623402660928,0.332811926996791
0.0607053181184499,-0.417915873190604,-0.374704905483371,-0.509800326143457,-0.927797532711314,-0.435467357071975,0.375674436166056,0.195955835440651,-0.261153455397099,-0.0361556670798552,-0.0488434445956489,-0.199528026715657,0.345787519435025,0.166786009205365,0.560946300326852,0.314418914691596,-0.0412144397424185,0.158509871184863,-0.103927880806012,0.430516035198787,-0.0563736220741899,-0.225602612988049,0.226180519075847,0.0928357800820354,-0.452620265575531,-0.0732556174758127,0.322053650400569,0.081483293406271,0.224062133112807,0.0998705430301243,0.406722081129849,-0.249882826290681,-0.0384280243285912,0.0288473053524645,0.289790866163765,-0.244717624872461,-0.0500232974532378,0.0872188483903105,0.479850496140596,-0.179512432361896,0.413859389344308,0.495691597903986,0.353263796038196,0.380023889971908,0.16990096504947,0.578487146642376,0.636324720135021,0.706687395412164,0.23277354605614,0.41987243026658,-0.119358220056501,-0.400193807350164,0.00652193272536625,-0.73165625511936,-0.767995777055537,-0.380356080526318,0.260165408553675,0.0805254345338229,0.0105122624950815,-0.539904706501772,0.224217031128048,0.628121353032877,0.259990073326617,0.391749725019721,-0.11002606143936,0.476231911069808,-0.337636951321088,-0.10434114522436,-0.603234631796824,-0.23029363420576,-0.0912046389323104,-0.455853135134305,-0.135186779157751,-0.546292396184401,1,-0.233824303559415,-0.0296440198603029,0.160610457458481,0.271510685203782,-0.0404084487860047,-0.249745043479157,-0.494829773571203,-0.010896487170634,-0.47060957651449,-0.124118285074428,-0.302339250384793,-0.595001459181794,0.0559110194458173,-0.309667369783924,0.0897926174036733,0.116461823801648,0.135740381579696,-0.166724447525798,0.0291509554484125,0.251256439865297,0.3172048852201,0.433829286403915,0.0775714366014155,0.117392896840999,0.0431074282595737
-0.0806653335052851,-0.162743120199078,-0.0285358670209225,-0.483392352664132,-0.579954159362039,0.0153663841887535,0.177406923648587,0.269496809654494,-0.0347772510763327,-0.570606150170466,-0.552146056395613,-0.477336805914706,-0.329666313084811,-0.309449783895417,0.00173643645833443,0.104957298027036,-0.403571402609106,-0.0165984914481212,-0.43728352718554,0.442341956633204,-0.401027872005544,-0.477265794581123,-0.0987648082812738,0.0607521007386451,-0.531819178244147,-0.229046845165247,0.236151656961985,0.337154369332374,0.143758242030908,-0.18334672728784,-0.328781821851001,-0.12784546332315,-0.0880324092716318,-0.289507042112171,-0.126790672334124,-0.144968031993563,-0.418447741036425,0.372978978261927,0.438593570216089,-0.0256033595027091,0.433832597823737,0.271741702091095,0.00757622210377165,0.66235061645773,0.0223299150036792,0.549309982220222,0.407703387354841,0.719250727163365,0.456686024491776,0.66605427232136,0.0394060759600767,-0.0873880634706853,-0.390351019012767,-0.345588166122983,-0.38632064754588,-0.127259500064386,0.287026943634109,0.248583084313113,-0.360540285750261,-1.04911805683538,0.0643926130165295,0.249134341350816,0.160299232898549,0.31160756313841,-0.465289352182112,-0.0443456427136679,-0.283488481987505,-0.226874295969195,-0.607680680310001,-0.414835793040117,-0.256925011726404,-0.191969792994659,-0.147724238940027,-0.116274352063109,-0.233824303559415,1,-0.292599305310582,0.0115132729166249,0.714099677857567,0.354163456911263,-0.101868911082002,-0.244056300432001,-0.126595477555804,-0.27748919762989,-0.0629167849954804,0.0371548061826634,-0.373143419043816,0.0525923460195602,-0.112033748295933,0.509094709033514,0.363203290362572,0.356648218417683,-0.207380994077735,0.145500976979561,0.391024839193643,0.382553572315244,0.401246142061566,0.353083420447687,0.156223679785044,0.180871819717464
0.28842211902064,-0.5392028348027,-0.30162048941838,-0.248923082353968,-0.44392855723523,-0.334325692829927,-0.192479212276119,-0.53163364231025,-0.54565358168467,-0.347358877422643,0.230715554113109,0.191604803622385,0.0310289538512798,0.199963722954283,0.154272438877789,-0.375121412633979,0.251780398857715,-0.107500523469531,0.227677869798005,-0.206147429092889,0.08457093013355,0.00287109767076104,0.166388002767965,0.11998801646216,-0.347762606448215,-0.297149918809997,0.371778902862042,0.000485309117301089,-0.416478739878348,0.303319092914725,0.34696746521511,0.142047007221474,0.102631594058076,-0.0353903578230296,0.421648677215017,0.105356911489819,0.011466531345201,0.258585283343955,0.0637037316703967,-0.569154145842147,0.61046914034554,0.356958804523775,0.464331363989085,0.662045858458866,0.282518744615884,0.880107580707041,0.629995681607481,0.682876190474903,0.210677655561633,0.0934800883495381,-0.534622915093065,-0.571188064940607,-0.465911632351327,-0.328098472515018,-0.390122943592432,-0.395295760732026,-0.460007234541701,-0.27621498181539,-0.0561104208394922,-0.291855268134388,-0.138911642700505,0.158094730122026,0.0176180439227694,0.113905338670202,-0.0446737004102878,0.401699421824392,-0.153208536313911,-0.0188164830785654,-0.555981831027581,-0.513389032709172,0.0739081207389101,-0.22334890224656,-0.0782800175683197,-0.467035700868303,-0.0296440198603029,-0.292599305310582,1,-0.0846094734034421,0.229560250750196,-0.0297687989654176,-0.271870778408191,-0.260810987920598,-0.00299246225176127,-0.479705676028783,-0.0721734733418219,-0.301784019492334,-0.343963932131092,-0.0189259794488653,-0.775674573422344,0.169923479372467,0.226031919665359,0.0738568399856937,-0.125151678278709,0.222334399310848,-0.178365962164744,0.667342046206896,0.55093611575718,0.0805491607528024,0.102848265131163,-0.390393297515657
-0.139833132934152,-0.291904585280719,-0.102523815828512,-0.471681420458833,-0.669114703809895,-0.294440400361424,0.468717246871269,0.376118842288378,-0.3427662409267,-0.300536441631251,-0.4170525637447,-0.450147434262281,-0.305042538935236,-0.403182838154943,0.234231367146789,0.403384773768715,-0.268370242273403,-0.0764189682807909,-0.550833843469843,0.105437826424146,-0.585635994046907,-0.3501158876637,-0.236859385435805,0.0444805002654349,-0.477139974224165,-0.183815591725896,-0.0638990444905917,0.0635754617755644,-0.00108154496913837,-0.199240799657474,-0.0853855366334773,-0.360007258175976,0.253485561541188,-0.259967304879915,-0.0242444695811116,-0.505740803956736,-0.464264753139584,0.0723840528617548,0.55333877705956,-0.211285876490058,0.190015920015472,0.250055248371429,0.206954905703123,0.516443249375797,-0.0469375885284489,0.625295273785279,0.465494231416398,0.453140618807311,-0.163630430859779,0.262648817504877,0.0110243304975934,-0.208389448052756,-0.0675735097667169,-0.288195825375193,-0.215341201834703,-0.306904544578827,0.560301254280749,0.230802216869292,-0.030830779715139,-0.726955649786666,0.110301612226806,0.0210227940538833,0.17080862582045,0.369805937858565,-0.264884879099446,0.0538776352733437,-0.232052756392001,-0.0109578100518378,-0.257419093833082,-0.367070209882168,-0.391221097430109,0.226353946361203,-0.226436384397932,-0.0476601452460776,0.160610457458481,0.0115132729166249,-0.0846094734034421,1,0.816952292928559,0.428625590133701,-0.0843660784637088,-0.393934589296439,-0.153203036212912,-0.110656210015287,-0.0303130835078662,0.279330500417702,-0.747099980962514,0.153411669599151,-0.196116719535395,0.403728893993172,0.556223284558436,0.26917548162689,0.184670090956564,0.310952017913359,0.329936922330579,0.271490706360847,0.64490307636346,0.192641578920929,-0.102328695393603,0.0295872817421339
0.0809617171919798,-0.101231621483383,-0.38050840143164,0.435174176576042,0.418669119746461,0.525180072762306,0.0524862726407639,-0.304373826332734,0.110066983004649,-0.0206593014890333,0.165604069240439,0.339070547855184,0.293039397227842,0.367292889807158,0.0211060085403315,-0.0570808704240446,0.0746928926632494,-0.565326339302757,0.206232000685637,-0.208552662910119,0.420867096582911,-0.115104479738012,-0.363995361634342,0.0217841896922904,0.0509826344523244,0.669496553698131,-0.135675783120933,0.490477657313131,0.680862889860231,0.573428914436758,-0.451943838951623,-0.51137499364346,-0.549485226286579,-0.735914101340273,-0.826578670961641,0.187897980529063,-0.0497569875546294,-0.357792308454114,-0.688286341840374,-0.18674731486104,-0.574729676564215,-0.431968216117296,-0.86677812388829,0.325835302150113,-0.369480066082403,-0.458367440398913,-0.713124256280584,0.324616667157298,0.218019449969977,0.309036191096037,-0.188890056933682,0.0861551497528906,0.211410866239759,0.504955624535102,0.327104849163473,0.312209754219175,-0.34572893955189,-0.256385921939073,0.499005763496294,0.576316295654347,0.33010536902877,-0.227438670520507,0.531170297901395,0.445905550269865,0.420517800931072,0.33476578528765,-0.0145650439842637,0.569612333456739,-0.0354282928517299,-0.117331482824084,0.46869470745532,0.716102134942616,0.632481233348622,-0.0610836134378014,0.271510685203782,0.714099677857567,0.229560250750196,0.816952292928559,1,0.147152236330672,0.155763008615745,-0.109334597671051,-0.785487164864762,-0.193097969086975,0.632260619999709,-0.122865860145434,0.26948304860234,0.187284007304424,0.260294857070431,-0.395768466185273,-0.164061651085209,0.188619268303918,0.229586751825859,-0.114809360352503,-0.515713111511918,0.244027491055348,-0.452779026219301,0.70075366307946,0.276411640996308,0.613283289790611
0.212048958379627,-0.130515361202874,-0.308059400961099,0.927833259491036,0.423341394224142,0.515049684038655,-0.163920688738576,-0.574750557780703,0.0519723321135749,-0.250752952552527,0.247576527729736,-0.185172339986023,0.391488478259969,0.0890275094402032,0.19716340861067,-0.363647456783418,-0.280242347861016,-0.835656911411244,-0.15912721997184,-0.67705254216972,-0.215566586336115,-0.420389953159232,-0.409974167590747,-0.348563145489093,-0.379655423585295,0.183933537005992,-0.221130312017215,0.40918760527317,0.275508530951814,0.507666897429255,-0.229033423229404,-0.55500714900415,-0.584033148752248,-0.826143995287559,-0.720362092937394,0.195732220138665,-0.0415312438745688,-0.299354919401988,-0.726309436329051,0.00715514424830996,-0.441765873870821,0.111257418971857,-0.731600538333579,0.509892775418417,-0.422047287617744,-0.175196245057422,-0.48194258589126,0.387769111527487,0.431730113472714,0.573560358234765,0.277401778279168,0.226850897800487,0.141973874232689,0.850953640238364,0.455154076685796,0.55643921096657,-0.426368122880483,-0.171985121408642,0.329374902097384,0.701005544279553,0.0865299658608628,-0.000488307533362001,0.534876910309962,0.646304395711963,0.168819963042804,0.683509464637408,0.215775732428882,0.0734617050083725,-0.0686847568632321,-0.275824614358024,-0.120594659607772,0.28807981087609,0.181946236760535,0.217712895196067,-0.0404084487860047,0.354163456911263,-0.0297687989654176,0.428625590133701,0.147152236330672,1,-0.189643907829332,0.354066350107801,-0.696585917878719,0.0432095021354674,0.197863230765006,0.268701859737092,0.239441004127473,0.477001910487619,0.459796183534611,-0.296341847442555,-0.0214036163903031,0.187946951668088,0.239839557465918,0.114718028930904,-0.684462128301508,0.609197859986616,-0.370502289363326,0.884093438953732,0.585892858685655,0.904049012174438
0.290103292014839,0.104860146809529,-0.0225766056204862,-0.0860351215588972,-0.414449461212082,-0.0708714533265425,0.588639759705544,0.348504305962751,0.112591799332073,0.00434519376340115,-0.316526321102597,-0.510704755552653,0.198574858463814,-0.0364845605485134,0.320223122882117,-0.0455460469437527,-0.551546227851923,-0.189837698145801,-0.366106710100209,0.653471793573854,-0.337794998787649,-0.443679867927106,0.288576467444677,0.164130660751973,-0.154632856835418,-0.348849658667243,0.746357129665505,0.131462533089327,0.206788983341708,0.161538332378729,-0.00126568463438612,0.346700020884623,0.104884795351161,-0.628606604545287,-0.114866352339613,0.227153406020945,-0.424729397352514,0.680039610491076,0.881884062812039,0.511755674866892,0.676818165848797,0.449213550762779,0.286045980571057,0.597313530034221,0.326831432201558,0.531287746837675,0.581426732412318,0.494025927203451,0.419108351567361,0.601156879436451,0.0124120829034964,-0.125947478914317,-0.170892658560114,-0.237132002946939,-0.496390786207233,0.071953149209454,0.345527489506266,0.168690270593791,-0.35823011501759,-0.387853463677897,0.118562003329964,0.339355284253488,0.212675618680182,0.438607994172788,-0.109975339815757,0.0816969707406189,-0.1013948273103,-0.493313147678879,-0.816026321605848,-0.352922112005806,-0.0280587225656935,-0.662358237671261,-0.0910061347764032,-0.221581939159434,-0.249745043479157,-0.101868911082002,-0.271870778408191,-0.0843660784637088,0.155763008615745,-0.189643907829332,1,-0.636835211947215,-0.143327233591783,-0.869974023150056,0.0652727804140453,-0.546961760842037,-0.474238641153302,-0.376238084013254,-0.126773212858244,0.406049258423621,-0.129364000456358,0.128408276508474,0.048270717248484,-0.209229249472896,0.481619236578443,0.475364352666373,0.125458479415702,0.0320645346692267,0.148805051371358,0.0405523071141455
-0.0611196189148195,0.550500271599215,0.189382324324389,0.79682304484829,0.527491213845978,0.406707692135472,-0.371811571391426,0.217117051037047,0.447528818055822,-0.347617302423196,0.169139578213576,-0.713579054617584,-0.148691117645813,-0.351752859946756,0.369972873036572,0.161873193626052,-0.775144620967953,-0.286032549404357,-0.585304710505189,-0.308134651699585,-0.438310544419425,-0.305957509737289,-0.151439308388115,-0.337435689430915,-0.470712632291807,-0.186677693558728,-0.336628229222647,0.0607841584029508,-0.54061696511889,0.123733180488436,-0.196318538779505,0.459349492914227,-0.167196018673947,-0.457035868215829,-0.171248327481376,0.337815668794071,-0.632971482129163,0.0131275858624542,-0.231519328286821,0.208445456792614,-0.123653300204137,-0.0190779301299467,-0.200224373713325,-0.0403486626496098,-0.54436781183927,-0.0802585373740227,-0.320734437735793,-0.450346167392557,0.0691453717813726,-0.104868376221485,0.818291830108936,0.559469084423875,0.187746620781206,0.620928697985346,0.173749809075575,0.732352295906918,0.297628038952931,0.0704089411963241,-0.182325756507507,0.40929000603697,-0.4300152968851,0.175658038451964,0.337228337075497,0.120876306994113,-0.191121499647294,0.571823616976976,0.150373104592592,-0.620144499283398,-0.294749307232731,-0.25012762051545,-0.467611759294494,-0.178096470944408,-0.33438558119429,0.480471515733182,-0.494829773571203,-0.244056300432001,-0.260810987920598,-0.393934589296439,-0.109334597671051,0.354066350107801,-0.636835211947215,1,-0.293116857652769,-0.0760909075421079,-0.624517875045099,0.0991511361946003,-0.381273293125663,-0.384099576838636,0.00894559617459267,-0.0290829433141305,0.0445453329117567,0.247819224979866,0.107247822127734,0.420441524900904,0.183737589168204,0.00977233021689788,-0.0476858707162037,-0.266993688613363,-0.0362554598087658,-0.0171065303561534
0.20916183121947,0.12792566899006,0.065965456614198,0.113403824659922,0.263602644585148,0.29202442212771,0.0176224161276925,0.121246756276501,0.0628233769226896,0.229208336468479,0.0205159305232445,0.0228749400835211,0.204947663744778,0.0148944335721251,0.405058282459843,-0.0596906346572013,-0.160359875057668,0.0807205765811663,-0.0148426150225912,0.180301132062824,-0.107453731874433,0.00917174964861356,0.314782834979457,-0.143086963444712,0.107194939753592,-0.0746644698179965,0.146959260928911,-0.10624120433798,-0.233050768550991,-0.0972867591475652,-0.0669443293426043,0.253426956457652,-0.0176677896413923,-0.0729607908956049,0.154384104816984,0.384858090682133,-0.341715449099176,-0.0122548671803711,0.0317356864022014,-0.0909008851214945,0.296263315433741,-0.212495282811906,0.127774194127272,0.143829785721716,0.0830136551304804,0.172376160205827,0.168060426664957,0.0685806128596403,0.167973090273337,-0.100163764513029,0.0456398285864344,-0.18194889640788,0.120900008122367,-0.0289779464890895,0.0694585605093793,0.258904350577514,0.320820816319925,0.0425587488033636,-0.0596154031680376,0.0324356908180876,0.220170688175563,0.537798379633263,0.336358293241599,0.268047673108069,0.167084463538047,0.378759226351226,0.118405137026127,-0.285208524468345,-0.259806600369482,0.16364219963446,0.0278324558651601,-0.365014966966164,-0.144807998675641,-0.447776438631044,-0.010896487170634,-0.126595477555804,-0.00299246225176127,-0.153203036212912,-0.785487164864762,-0.696585917878719,-0.143327233591783,-0.293116857652769,1,-0.458878594041209,-0.356929122444744,-0.61665648899104,-0.437578277392363,-0.339837872791776,-0.347509892668262,-0.193303796248412,-0.366235432435375,-0.319953900295524,-0.0964709537590223,-0.498460497873428,0.00898988883716489,0.0190461688048852,-0.121203985700806,-0.250420924000933,-0.123731659369742,-0.387253790455201
-0.118623901114801,0.565799607467932,0.149025179926592,0.636761372664896,0.428914685003815,0.692898508753576,-0.167405512035488,0.302444094710237,-0.0263071312940071,-0.105589245023479,0.195594074556464,-0.590362766592649,0.513260970657498,0.115550127384542,0.735018350725687,0.457150633315601,-0.527072905255212,-0.290464260770159,-0.197559546787129,-0.334678870792845,-0.52614750822029,-0.134759734475353,0.209635312282167,-0.898279711039575,-0.550478900761742,-0.0284111896638268,-0.220984460214156,0.161880482115169,-0.374224030428086,-0.137559812443677,-0.289361948867038,0.328816250641428,-0.655490420073845,-0.391427984048864,-0.159112997685057,-0.0703288033287122,-1.00494586754184,0.0524984360571728,-0.404991905225663,0.0882504445335886,-0.264137017640534,-0.123307189225352,-0.125885446285979,0.00889763847885505,-0.243481109106057,-0.017315360111015,-0.217964148254332,-0.241593554458796,0.0943540129023436,-0.111461249118297,0.801303252812006,0.41730951899457,0.653535326593388,0.536380859082535,0.423475662587835,0.627137578460135,0.657476424248611,0.0501135229956063,-0.107930243424651,-0.0851933713600371,-0.0547466732282969,0.811180220082643,0.4811634357564,0.442954732686272,-0.300691617031345,0.71274198936267,-0.283835480876462,-0.269748135753764,-0.112024094456748,0.00929502309038172,-0.477220704764807,-0.174571586795878,-0.237703830327601,-0.134754351288705,-0.47060957651449,-0.27748919762989,-0.479705676028783,-0.110656210015287,-0.193097969086975,0.0432095021354674,-0.869974023150056,-0.0760909075421079,-0.458878594041209,1,-0.688320288301103,-0.134502045715772,-0.796576294236297,0.0506759664658115,-0.0744849498515073,-0.351213769605421,-0.157797027233441,0.131017797465661,-0.400110117327813,0.1232038228838,0.00850492267237285,0.217971252891514,-0.0555884272507097,-0.0288347289217913,-0.127691481407023,0.018480504947152
0.502961716824587,-0.0136364593848058,-0.0349940855201608,0.0753086923435282,-0.241579656320159,-0.154507538388141,0.674706416563392,0.380956250415234,-0.0221473509743583,0.208416877429677,-0.30463206100674,-0.264548986662614,0.380222425344871,0.0240858107150841,0.400576334677023,0.0802958789170187,-0.418086706974548,-0.430509939600902,-0.414068026716611,0.198405753627474,-0.476923277169911,-0.316148962936616,0.0269206692473747,0.175869481288737,-0.12292923936659,-0.213550868853652,0.27980315094552,0.0644930328148214,0.148391505840579,0.192451427547164,0.24486257181292,0.0904616788021024,0.488633382945934,-0.528211975628617,0.0387445761154019,-0.211596970310593,-0.200002118886925,0.51650699868037,0.960278614867407,0.261445028906752,0.539488223450875,0.447689726826112,0.363175797596084,0.730434349450507,-0.00891200879845028,0.556141646908276,0.58196286242527,0.397062471792589,0.0441126084780395,0.516191987819036,0.0228205731593421,-0.10669724064252,0.0795186905502294,-0.18957838671232,-0.199088791255066,-0.00227267981745854,0.48003053026296,0.225806064059019,-0.0196432102389607,-0.334541921088311,0.0651176976259337,-0.121970266300015,0.188056394782543,0.36811741925531,-0.139914781878267,0.0685985932542783,-0.157506301154706,-0.259475588507845,-0.557490726937632,-0.494718882248353,-0.28832784007546,-0.251309651520366,-0.195493946026426,-0.0503873714224373,-0.124118285074428,-0.0629167849954804,-0.0721734733418219,-0.0303130835078662,0.632260619999709,0.197863230765006,0.0652727804140453,-0.624517875045099,-0.356929122444744,-0.688320288301103,1,-0.238225794467051,-0.548187963177642,-0.196227408135942,-0.302558148055057,0.290425605073274,0.114662772332869,0.307761227498486,0.462211024249939,-0.0499823601974133,0.217957315365488,0.594413749424782,0.32029556042148,0.0964095643296703,0.136199211345198,0.185401078962054
-0.0508489678507039,0.341272491924976,-0.00821788893345249,0.841042532360934,0.663832573190533,0.713004807608432,-0.415557035129113,-0.00338200489000179,0.099982512450934,-0.54894308791737,-0.0226415023157682,-0.569483314552239,0.256796053117842,0.0104919009270366,0.713398689179537,0.291666538651173,-0.583791983886698,-0.536057937687787,-0.303678176029618,-0.545907027427368,-0.301006190736767,-0.234499594952016,-0.140406394731832,-0.688353895214543,-0.777098690860057,0.277012882096468,-0.271110170016287,0.557602862579145,-0.379622011064596,0.472927272191543,-0.330160474407549,-0.135224058518877,-0.473143098605873,-0.60305319657984,-0.42648799511378,-0.0445874490075663,-0.697676477736015,-0.358147154529222,-0.561193714488166,-0.28544612842399,-0.409294631317054,-0.0723369252957134,-0.579828128057233,0.400521841152719,-0.331405820562258,-0.0895456344323762,-0.41558287478564,-0.139439559142696,0.10726888421658,0.126136435083801,0.580831798962228,0.409575158377708,0.472059632076353,0.654682604258932,0.53875532183042,0.747430170084452,0.25891519209521,-0.00483658770365231,-0.158201381017462,0.274253687379603,-0.115070482883625,0.217530454231192,0.801695481088966,0.864992479474787,-0.116723953824933,0.827106455562605,-0.00979440407634524,0.184127157950052,0.0155650289555527,-0.0487387005075032,-0.38462507905634,0.302492832483036,0.197004673250505,0.0562210733774948,-0.302339250384793,0.0371548061826634,-0.301784019492334,0.279330500417702,-0.122865860145434,0.268701859737092,-0.546961760842037,0.0991511361946003,-0.61665648899104,-0.134502045715772,-0.238225794467051,1,-0.417092719776051,-0.00997847841209637,0.0694956215016032,-0.375721213633264,-0.0583523737493606,0.319843489237999,0.0802773822484547,0.205823549589857,-0.302091415946808,0.256061155599953,-0.185614328597235,0.431907182990535,0.128272720836078,0.304954229467177
0.369631938053809,0.403450319138682,0.0587641890626808,0.303845570361282,0.265948516128913,0.151861336655428,0.0770995463563915,0.143695309454542,0.437420470966393,-0.319667203199376,-0.104161751665114,-0.131788539538407,-0.102866256680023,0.10077345415415,-0.082496787437533,-0.0542064296764422,-0.366869364655829,-0.0754450381009183,0.0534574795646809,0.358523101586235,0.0936714242386596,-0.302754917340282,0.0186964420164652,0.255721682508192,-0.130380346730439,-0.504715472475185,0.284703783125792,-0.181459185846611,-0.169100208528341,0.224273118209604,-0.314005836074237,0.866227536208484,0.250350351553326,-0.37261693752025,-0.284468081113027,0.533380133595131,-0.149192146854831,0.751628292860358,0.0419758475652678,0.153548219929775,0.530389953062557,-0.23680588238972,-0.150091843552022,0.484082542127116,-0.257664799149446,0.0706271114331263,-0.178068457426723,0.383860860296452,0.452720892836078,0.496849100399623,0.0889057964147349,0.0974998935271648,-0.410640886141629,0.16461426126655,-0.328277374050477,0.102207069369166,-0.118520637200244,0.124564271685079,-0.0687458748324619,-0.0890245012970202,-0.411175806627714,-0.110433170907493,-0.0718556061547634,-0.198629153907702,0.0946995296343834,0.0601943198132281,0.10455193965992,-0.470393140477379,-0.85292944733569,-0.459650952221114,0.100449818806231,-0.735217659764513,-0.0195837270895627,0.188219309257307,-0.595001459181794,-0.373143419043816,-0.343963932131092,-0.747099980962514,0.26948304860234,0.239441004127473,-0.474238641153302,-0.381273293125663,-0.437578277392363,-0.796576294236297,-0.548187963177642,-0.417092719776051,1,-0.814476406701944,-0.250159735304282,0.0748441337502718,-0.151627750253113,0.26921269454636,-0.208079379797252,-0.107192680792205,-0.178494011237685,0.395343006797461,-0.343052759103976,-0.00331795421489361,0.236681114758892,-0.0407242029743436
-0.0468653352676737,-0.0756517144000921,-0.093119487110944,0.15096711896177,-0.224600738420098,0.0464820461549302,0.0751999457730313,-0.0644184129909395,-0.611954973087302,-0.18777429359363,0.0859783184316462,-0.147353719923307,0.329484630125169,-0.0748171087554023,0.392547668665063,0.15184194287337,-0.088306957877661,-0.370005929193605,-0.272491017673722,-0.45324062087341,-0.472962595459833,0.0733943154520179,0.0532748717856641,-0.0759551638174921,-0.319680285548317,-0.066238427623889,-0.112920644274382,-0.170084884886831,-0.37727245198093,0.0860480413459816,-0.109762410254917,0.1199584201758,-0.0717655161961993,-0.385780903613935,0.0832407888811223,-0.11542523080625,-0.891263323511083,0.0623973171716341,0.135440583971384,-0.0673017630519015,0.0485901886374868,0.197462739015927,0.17234374537454,0.182602966537422,-0.344535974975214,0.539915583855674,0.321017495869363,0.139962672070132,-0.256998336649014,-0.228304914239795,0.223611370724273,-0.175812005066517,0.0383823120581809,0.0601656737282261,-0.0325686392645825,-0.0453778781924946,0.241434193939992,-0.368955430301028,-0.0138183126683827,-0.265265319691814,-0.102319508451275,0.569668312758981,0.174073941761594,0.359918283752603,-0.200910406518839,0.765230990412561,-0.234514855618205,-0.342260113779131,-0.440396359317892,-0.427190605705402,-0.366305548750051,0.153066553621618,-0.388704281671716,-0.27761955688789,0.0559110194458173,0.0525923460195602,-0.0189259794488653,0.153411669599151,0.187284007304424,0.477001910487619,-0.376238084013254,-0.384099576838636,-0.339837872791776,0.0506759664658115,-0.196227408135942,-0.00997847841209637,-0.814476406701944,1,-0.60741325073196,0.149207889356126,0.578484630668674,0.243254672629057,0.253648176871417,0.468092055924687,0.308561271676279,0.332822525275198,0.647254763661992,-0.0340568179421771,-0.327399845144184,-0.296453296898215
-0.319134313349296,0.32265091995343,-0.168632243177773,0.556512350630164,0.0372336134550846,-0.172568154602244,-0.146543376127319,0.0727332741127406,-0.135732897295328,-0.260507379764799,0.0844990401209921,-0.64048643505861,-0.121485669636027,0.0173861881237222,0.873177507845297,0.0146314687192175,-0.509697450385177,-0.62203005941987,-0.213625013492139,-0.272308581483373,-0.271458132972146,-0.236953219957901,-0.297614937423595,-0.1965076274357,-0.515873296327327,-0.303362461031873,-0.0277864668011925,0.380338374138914,-0.505747172339748,0.332315763282004,0.124385957547264,0.33012316670933,0.187101195959508,-0.419848365655288,-0.0752772050941066,-0.234322324307639,-0.17567744746234,0.244279488756452,0.196098241483655,0.163907738621501,-0.0272864400693034,0.330811991883551,0.22548187902331,0.13606174678901,-0.250613045950809,0.189585046786205,-0.0318656848313602,-0.343255994533206,0.120914024137069,0.139264237435541,0.148306129425652,0.114750240890771,0.00765227756902542,0.259149879247175,-0.0241877356244031,0.0640294511868817,-0.000954051892200866,0.113750383000163,-0.239765589359796,0.0533319392751866,-0.0440516991054138,-0.15794154337931,0.486635199366239,0.444375385802205,0.131311575158391,0.362677423867541,-0.200256560716552,-0.160968814343108,-0.161468872717712,-0.284055220060648,-0.278507528106121,-0.184845370058781,-0.255424767598548,0.234466063211954,-0.309667369783924,-0.112033748295933,-0.775674573422344,-0.196116719535395,0.260294857070431,0.459796183534611,-0.126773212858244,0.00894559617459267,-0.347509892668262,-0.0744849498515073,-0.302558148055057,0.0694956215016032,-0.250159735304282,-0.60741325073196,1,0.138801642454211,0.0718229337851561,0.210795835104966,0.139512038582897,0.23035841500919,0.497975005543202,0.108047434299307,0.204437719019095,-0.339968016125594,0.00506070661858943,-0.138657958213257
0.129601520323955,-0.401373144634491,-0.406906776186036,0.32983455065959,0.193174894393581,0.313976222451129,-0.302247664709808,-0.583240799310941,0.0355227648244928,-0.0469070753053344,-0.0231512699444074,0.0714065714081614,0.130330492453888,-0.00329627074820349,0.0114156990781376,-0.618868064151719,-0.282462290824152,-0.553657916764804,-0.176725238955933,-0.138135387545978,-0.178922220459641,-0.205533194239795,-0.0677228913233854,0.133905993093581,-0.0347873624845369,0.072842564915593,0.25054964130029,0.361483630296293,0.274657782221674,0.428249177936465,-0.145038799739024,-0.0563338209504679,-0.383551326169519,-0.723416500179546,-0.336232924817673,0.481469973919737,-0.208582970025327,-0.0161366055022341,-0.0682841515737417,-0.103980086316015,0.0460005606371103,0.24427043981016,-0.216164754499519,0.592343305628374,0.0496088873188294,0.24479088753482,0.0877375089432759,0.421782836671173,0.459380319873881,0.351920076083756,-0.163575733340861,-0.255572247777728,-0.378901391312485,0.265965502302955,0.187926147103131,0.354469082766809,-0.532229224251287,-0.3001762405182,0.0368246059792504,0.18580900753764,0.281465473111852,0.201086544210995,0.679910080787803,0.610052623728485,0.123409185854302,0.599456070070877,-0.0439254575187184,-0.430015957378715,-0.392047300789399,-0.167436029326773,-0.0403516527105591,-0.0905422439148092,-0.040478482926262,-0.293221289794564,0.0897926174036733,0.509094709033514,0.169923479372467,0.403728893993172,-0.395768466185273,-0.296341847442555,0.406049258423621,-0.0290829433141305,-0.193303796248412,-0.351213769605421,0.290425605073274,-0.375721213633264,0.0748441337502718,0.149207889356126,0.138801642454211,1,-0.086947832253666,-0.0361130813113391,0.124044057217614,-0.112218210725852,-0.00563322078894929,0.416007673921167,-0.112953084694755,0.344086377524361,0.231794098071534,0.181175368091579
0.0939000692459635,-0.44648712288169,-0.373981275901889,0.575978241022112,0.00932955606874275,0.289467075760952,-0.327617139780515,-0.495006422157017,-0.0680822117134099,-0.222507939388917,0.285776877775668,-0.113933173741331,0.360696029667092,-0.0565214425289704,0.444644975576779,-0.296247717373739,-0.268572369792554,-0.661349026439605,-0.391770180117085,-0.532050856176753,-0.285359970322422,-0.374214828751655,-0.246595710318559,-0.0696888281229946,-0.45061596414624,0.241554858593188,-0.129580787753095,0.290930840267388,0.159835713261728,0.400161034955633,0.0573202309425647,-0.43548444636591,-0.635716049512568,-0.762417657816128,-0.281301286279934,0.232768496325888,-0.444446074525487,-0.296222803897596,-0.425165514849191,-0.117430452871766,-0.183793419075377,0.357940247816237,-0.272853577738011,0.476942085357792,-0.11559699964788,0.298602397079335,0.0288389330697986,0.504849854205788,0.418159372404211,0.311071640194442,0.127384683979381,-0.0502022715291041,0.00851078610478057,0.383490368647741,0.121492587525958,0.389939009132152,-0.238069782879149,-0.274305002318693,0.207587100516832,0.416217198099213,0.223157055463016,0.440819120281074,0.77273848026436,0.625200867720694,0.0706062088939003,1.07667579247916,-0.109991604785607,-0.37174892277067,-0.433561129403889,-0.334055770934909,-0.210942736159745,0.0971333354443291,-0.15843673314399,-0.174697356405827,0.116461823801648,0.363203290362572,0.226031919665359,0.556223284558436,-0.164061651085209,-0.0214036163903031,-0.129364000456358,0.0445453329117567,-0.366235432435375,-0.157797027233441,0.114662772332869,-0.0583523737493606,-0.151627750253113,0.578484630668674,0.0718229337851561,-0.086947832253666,1,0.0855377053841827,0.162224670861851,0.270001956570182,-0.0652994666067493,0.530131975771112,0.174451479908854,0.538891133571179,0.395967970244788,0.344007456384213
-0.063624540572959,-0.504957779710731,-0.433309553428557,0.603547629051906,0.129874511842411,0.135271800947613,-0.314502989083525,-0.799217490858109,-0.0811464575405506,-0.660006157203799,-0.0245329021623978,-0.106157499735881,-0.236351464210489,-0.355351598035002,-0.185989040258726,-0.321016764756074,-0.0292021150829257,-0.526102669277975,-0.214024562287219,-0.400451654738526,-0.0217226112238936,-0.220182600902494,-0.430925719519873,0.257145709324755,-0.435819015364887,0.0511712665537342,-0.16687550400092,0.494220714353835,0.0399366590594979,0.609290470601937,-0.164320427915828,-0.63292584539648,-0.199442461254202,-0.50638229427082,-0.396476021238797,0.346611717284452,-0.160797795762548,-0.536610661535617,-0.671030094662877,-0.239530887661301,-0.258691066718948,0.0515145163838519,-0.556243676221474,0.441180180641639,-0.441742259900769,0.00287731993295787,-0.319619456124597,0.459441057386899,0.166396272808051,0.139380553520317,-0.17580675251799,-0.0848261777808638,-0.306815948227418,0.415274333890851,0.153227318480624,0.222104321541534,-0.713993098181503,-0.44382349560918,0.0817000047975881,0.220441612132771,-0.163517041005035,-0.255587955264436,0.283777475790688,0.265523901301255,0.177146161916579,0.549008058658251,0.41787271861179,-0.0506081502399652,-0.188004766813235,-0.291889622631731,-0.0633773508766161,0.432052684471384,0.136671066087946,0.250280189541574,0.135740381579696,0.356648218417683,0.0738568399856937,0.26917548162689,0.188619268303918,0.187946951668088,0.128408276508474,0.247819224979866,-0.319953900295524,0.131017797465661,0.307761227498486,0.319843489237999,0.26921269454636,0.243254672629057,0.210795835104966,-0.0361130813113391,0.0855377053841827,1,0.30500071278004,0.353790875690875,-0.334432413446393,0.293567197814443,-0.0600070843379966,0.743665026722805,0.24508287765766,0.369283056338558
0.478215972465372,-0.656410925758864,-0.802191678230529,0.3187605194,-0.213612482667961,-0.163847954071042,-0.0883517031068703,-0.81362752671777,-0.501504843278412,-0.675330621589773,-0.316643398541225,-0.425077378128657,0.231992160762428,-0.0944259798328565,0.114047046463113,-0.124359611893467,0.0538635233926095,-0.483635421838775,-0.0822213659170807,0.0473977758546885,0.110791923459842,-0.0855918349155855,-0.0160238614871192,0.179357235953704,-0.793354555173415,-0.227852836654163,0.345456087338059,0.463559850102085,0.228529112284803,0.751938164396166,0.417076391603646,-0.259047150080453,0.210834008215499,-0.376073684815028,-0.105695051969819,0.107186899670325,-0.08433082942748,-0.0725659330010263,-0.00430063635459971,-0.378510463713246,0.393002556362678,0.675487321958811,-0.174220596747987,0.822426879176589,0.101325656775194,0.481628615789186,0.375869285879701,0.961665896612063,0.290635969913793,0.560174379047145,-0.448359865685494,-0.507501762051452,-0.268250747920488,-0.0659600144610189,-0.407272257387964,0.191074246021407,-0.714049394069179,-0.520899782189926,-0.308184492201318,-0.091386450381602,-0.41090957471,-0.222352396333478,0.107290087444291,0.426876980952809,-0.0564582286814218,0.454035286633918,0.39777783051198,0.0514895547137835,-0.317330165550862,-0.375163085936955,0.036888817465719,-0.0875655005717328,0.146102908953709,-0.126148865631504,-0.166724447525798,-0.207380994077735,-0.125151678278709,0.184670090956564,0.229586751825859,0.239839557465918,0.048270717248484,0.107247822127734,-0.0964709537590223,-0.400110117327813,0.462211024249939,0.0802773822484547,-0.208079379797252,0.253648176871417,0.139512038582897,0.124044057217614,0.162224670861851,0.30500071278004,1,0.160880899354096,-0.450460963444278,0.743740280693122,0.237641636191127,1.17830254323707,0.501369316287133,0.478293426308704
0.236506538495381,-0.115943692651245,-0.184647950998811,0.515404618968625,0.488739272364191,0.613465194616089,-0.278321820341394,-0.453380724288001,-0.131586883411883,-0.323186879113143,-0.0645774571962085,-0.150381100637322,0.273913895449068,-0.0690425357103281,0.0434441265600895,0.00168686878905189,-0.225765424698128,-0.435895158920231,-0.192386985729753,-0.558149086696334,-0.296219684929095,-0.332647394856266,-0.262828008011401,-0.614974352857246,-0.485114683253165,0.251672542714497,-0.587382109517995,0.187792382793459,-0.184099663627346,-0.0487643774240739,-0.480410354786791,-0.464484042174661,-0.683414567804908,-0.480133095934434,-0.591784008556184,0.199506346847944,-0.585459467631573,-0.464388855682794,-0.729306313950483,-0.320174025286059,-0.264478836135707,-0.360251750285097,-0.84770331713202,0.416836461090973,-0.51082543190774,-0.180561035455755,-0.318345608611291,0.327899417361817,0.199453489516272,0.185122085310525,0.42119532172194,0.149413203419985,0.200419393754028,0.633771510075797,0.421979217271356,0.506867625483905,-0.100972816340493,-0.414678754337576,0.244550547208109,0.220505645262286,-0.0506526587858088,0.334177346290411,0.508056704835488,0.45264753947941,-0.0864045309560885,0.683576917582191,0.262709079903692,0.00779919158171172,0.00863970044125337,-0.0956177779746583,-0.226702665918057,0.470501115113552,0.144382640092628,-0.0340842144968052,0.0291509554484125,0.145500976979561,0.222334399310848,0.310952017913359,-0.114809360352503,0.114718028930904,-0.209229249472896,0.420441524900904,-0.498460497873428,0.1232038228838,-0.0499823601974133,0.205823549589857,-0.107192680792205,0.468092055924687,0.23035841500919,-0.112218210725852,0.270001956570182,0.353790875690875,0.160880899354096,1,-0.689903825330216,0.527164335128172,-0.121981547548844,0.868482706580795,0.346126421221696,0.655074970215707
0.118405591132793,-0.195963512461793,-0.181082342603598,-0.378122520022218,-0.11244358741145,0.341140521934828,-0.0525436874550086,-0.198008606538465,-0.230086589621756,0.210962383145435,-0.24872348163605,-0.0186553191074071,0.105217307125181,0.0225937979248699,0.166125328325318,-0.338722212103291,-0.0603471018068733,0.0222794248653131,0.0894580800087563,0.370445486052876,-0.24104819769677,-0.0905173742475659,0.197298780494917,-0.340125568374269,0.0937604732823576,0.0285640828402591,0.281723537823779,0.159395933125357,0.332921111293767,-0.492822191655493,-0.494318227714288,-0.12350771919907,-0.457818186734095,-0.202773079953463,-0.269038472884416,0.0394319306659524,-0.263817944742158,-0.0161207016025303,-0.0294948007935499,-0.0826945343723161,-0.0460897416628229,0.0419123736638356,-0.259210567532104,0.198248853866858,0.251261122527273,0.00666774744952295,0.052212806050986,0.373856815872355,0.52059179182027,0.389285586411401,-0.0245600129751402,-0.436020449243304,-0.235560481449445,-0.0644226910213831,0.224893044092152,0.169068443614188,0.00294051109525598,0.0676971576314903,-0.0750565463347656,-0.444757081204995,0.672429244098638,0.551824387389361,0.377482028800468,0.659503910208065,0.081327123526838,0.0299229618513343,-0.0483439169647068,-0.00927983804914984,0.172165337209679,0.497185074394129,0.105002723333661,-0.139871696279088,0.0184417555570211,-0.522747251674902,0.251256439865297,0.391024839193643,-0.178365962164744,0.329936922330579,-0.515713111511918,-0.684462128301508,0.481619236578443,0.183737589168204,0.00898988883716489,0.00850492267237285,0.217957315365488,-0.302091415946808,-0.178494011237685,0.308561271676279,0.497975005543202,-0.00563322078894929,-0.0652994666067493,-0.334432413446393,-0.450460963444278,-0.689903825330216,1,0.162146895972346,-0.255829579767392,0.329867078480902,0.167120135795815,0.233931613447719
0.0923082376555922,-0.546545723788907,-0.453038041814547,0.261898716046332,-0.212257269346683,-0.447944330774434,-0.102986600326815,-0.664451891157382,-0.191055434145982,-0.0269920088335421,0.304312476622542,0.393145032485389,0.0670388738214473,-0.153695223564565,-0.599033787486071,-0.40978435362636,0.338932523597862,-0.332675554324027,-0.0575437056529903,-0.215071049559644,0.262087332728658,0.125994420686434,-0.29090630318462,0.92312631777916,0.260688643255482,0.0224103849933295,-0.261891388071036,-0.231403643898966,0.340729039402422,0.49883506794737,0.261491814256145,-0.286561416040848,0.276609271012513,-0.254622154187215,-0.0619863859866006,0.295356584766039,0.0159355183783088,-0.143032810049414,0.0869786552358188,0.305293379258103,-0.0512231021635694,0.323490248946138,-0.0946992651246563,-0.164985033304772,-0.389995296326113,0.0057452647697871,0.044960186064476,0.161965329917417,-0.23774023596721,-0.141713889691571,-0.381137947057973,-0.173646860856852,-0.501569077718405,-0.00820183615273233,-0.394192684721416,-0.16935819182417,-0.818031704392558,-0.6372918040157,0.347169685116661,0.55139929695247,-0.313115519076035,-0.398510360653609,-0.316117981689109,-0.491773574594458,0.0967921666611544,0.10027840080576,0.326143626255131,-0.409136231944455,-0.239889757384125,-0.484732042339069,0.137224117107387,0.355640746622812,-0.228366952178826,0.525494852192534,0.3172048852201,0.382553572315244,0.667342046206896,0.271490706360847,0.244027491055348,0.609197859986616,0.475364352666373,0.00977233021689788,0.0190461688048852,0.217971252891514,0.594413749424782,0.256061155599953,0.395343006797461,0.332822525275198,0.108047434299307,0.416007673921167,0.530131975771112,0.293567197814443,0.743740280693122,0.527164335128172,0.162146895972346,1,0.367468304826695,0.223892146515968,0.0510527146001942,0.213042991129619
0.287069131239135,-0.495517074528313,-0.428300578802188,0.00688509490458344,-0.0597112442270565,0.235424228191158,-0.102215084834489,-0.520888496572315,-0.354545816704797,0.187342621554094,0.305438149536498,0.253961669140781,0.552984174271796,0.16560096455518,0.181769486807275,-0.220737933848583,0.162422081931312,-0.203852521450399,0.0616802099942032,-0.182601465730537,-0.0857859613405352,0.0794548398660664,0.214684839937099,-0.0825697432461906,-0.0746479839354244,0.264546456846052,-0.0728192907269639,0.0389033644668953,0.342613221668085,0.183632254000446,-0.0484045225107476,-0.522713296592625,-0.527929535370136,-0.399539574438462,-0.117681430942995,0.342183561207732,-0.311662614752974,-0.436707720440773,-0.175149548882066,-0.262275688426603,-0.163094149663178,0.194648153112053,-0.249064531334967,0.241157682487968,0.00169840079103056,0.168127734543432,0.0737470036992748,0.386323216188454,0.101016307209595,0.126943615700937,-0.037083658838525,-0.395909097674478,-0.0554669166393811,0.0184655697024673,0.14672931248894,0.243622375659257,-0.229494453542264,-0.489820294147969,0.296737309585466,0.273639995112392,0.365137329366666,0.435618175195929,0.542186828141903,0.659351001859876,0.181587008200808,0.670537195961425,0.0706560563084412,-0.104375519648321,-0.0526276387095318,0.105895400039772,0.0665042192527732,0.208442587332615,0.0406229504821222,-0.357637969575639,0.433829286403915,0.401246142061566,0.55093611575718,0.64490307636346,-0.452779026219301,-0.370502289363326,0.125458479415702,-0.0476858707162037,-0.121203985700806,-0.0555884272507097,0.32029556042148,-0.185614328597235,-0.343052759103976,0.647254763661992,0.204437719019095,-0.112953084694755,0.174451479908854,-0.0600070843379966,0.237641636191127,-0.121981547548844,-0.255829579767392,0.367468304826695,1,0.46933513895816,0.236014631403468,0.260664120633777
-0.115346173711823,0.092557248083476,-0.243222606791512,0.781700802516876,0.208212143991451,-0.240410036917504,-0.00344360968486271,-0.134717525216205,0.0716097519750595,-0.205754331864695,0.239693639396919,0.0514132511041615,0.192434174869467,-0.0453437689936099,0.136754349732997,-0.270819782344565,-0.281510245298424,-0.990548717413012,-0.398194114539611,-0.871822808316335,-0.159151373037056,-0.361874272164534,-0.767673830381997,0.50748519450211,-0.244515145847449,0.0890825397102456,-0.473738005013563,-0.0178606853124922,-0.302949371204527,0.847162285550539,0.255435524018826,-0.187799202185253,0.385271647422945,-0.763542572820418,-0.398921607275769,-0.052198585739293,-0.189997620008077,0.0939268434474236,0.363481599520979,0.221226467258171,-0.113635868994762,0.497757321043029,-0.0594975684633589,0.363450811381356,-0.617878446981005,0.247227124725705,-0.0481411549461389,-0.200555922830319,-0.238511533308248,0.064605825268403,-0.209849460891145,0.271312688201834,-0.0446760218133781,0.386713958630375,-0.0372346096265082,0.00951896073737976,-0.229700660524634,-0.137231469992395,0.186636757358611,0.583066645783111,-0.0680472947995434,-0.460993264264285,0.371851761018941,0.163739030672279,0.0878559080366417,0.458877705498744,-0.0338391519208785,-0.168660969497821,-0.380335298516736,-0.833740091628243,-0.341866740991624,0.461864815608161,-0.281869347295447,0.573734754125446,0.0775714366014155,0.353083420447687,0.0805491607528024,0.192641578920929,0.70075366307946,0.884093438953732,0.0320645346692267,-0.266993688613363,-0.250420924000933,-0.0288347289217913,0.0964095643296703,0.431907182990535,-0.00331795421489361,-0.0340568179421771,-0.339968016125594,0.344086377524361,0.538891133571179,0.743665026722805,1.17830254323707,0.868482706580795,0.329867078480902,0.223892146515968,0.46933513895816,1,0.0411988917896978,0.222714983929765
-0.05670764490288,-0.208251494901052,-0.428423911166561,0.463592185382529,-0.0235039235737212,-0.517990216751738,-0.00435109984885009,-0.32140150787179,-0.0839368735792494,-0.120571282415249,0.154526003759782,0.0976955689801021,-0.237542084813402,-0.0668094475194623,-0.0478834325407061,-0.207988646751771,-0.0046779121080055,-0.420807030965136,-0.124425983027558,-0.352234909052397,0.147941400918669,-0.0568720234889388,-0.475231480742059,0.636979605791482,0.0455604984921419,-0.133579650446907,-0.180884796216675,-0.222938163010877,0.0602788223784065,0.482765303490964,0.345234814828585,0.128017085238577,0.505713095931,-0.372661717317298,-0.209569317686461,0.147940703849278,0.0403549949741663,0.0549738155389445,-0.0300885278275241,0.179996401939745,0.0439187753935742,0.198220393958625,-0.0686308137804152,-0.0176844409365704,-0.363187460508781,0.0583816696908787,-0.0839428950962004,0.144842405830643,-0.112270489568118,-0.0209664890517393,-0.327990907043522,-0.114255997105727,-0.340474581456019,0.194524901713867,-0.401017807588541,-0.169374315120341,-0.603006265822843,-0.266158330168735,0.268047102164317,0.616534132015325,-0.265903643574604,-0.559376179014259,-0.0851842490917589,-0.316254847112764,0.261768337418691,0.293226713939663,0.259075570801072,-0.413431770419377,-0.387056296557219,-0.527044734658969,0.0588340232942908,0.0198163123143251,-0.299720244402474,0.359623402660928,0.117392896840999,0.156223679785044,0.102848265131163,-0.102328695393603,0.276411640996308,0.585892858685655,0.148805051371358,-0.0362554598087658,-0.123731659369742,-0.127691481407023,0.136199211345198,0.128272720836078,0.236681114758892,-0.327399845144184,0.00506070661858943,0.231794098071534,0.395967970244788,0.24508287765766,0.501369316287133,0.346126421221696,0.167120135795815,0.0510527146001942,0.236014631403468,0.0411988917896978,1,-0.0516560664016523
-0.1997615105456,-0.290353393245322,-0.481337843705628,0.658348154701615,-0.0277404165102237,-0.430400267511603,-0.217615731109741,-0.480845421892963,-0.199773538215296,-0.572312118507792,0.0590280616918475,-0.289072280988816,-0.283925935487789,-0.346376452765916,0.142356816897834,0.0275518392843244,-0.123210524781015,-0.707320547716117,-0.329440847935595,-0.494315900602979,0.00200684642903864,-0.195838329032021,-0.597738283752474,0.47551083799039,-0.356193323593269,-0.0504197279838461,-0.0488247735215652,0.356575224908093,-0.234619956892845,0.784858522564975,0.0476208310746701,-0.0653042407381937,0.297649441589682,-0.543528180287232,-0.272265915252896,-0.177767397442104,-0.291167170692494,-0.0737592167158548,-0.168548386885327,0.0797669820555822,-0.155837502717765,0.305155314764507,-0.154195293018638,0.167169855327864,-0.44817715574349,0.0985443659002043,-0.114614892480496,0.0190309377927762,-0.0876751575789859,-0.101864513220233,-0.149455385782086,0.0258529104718733,-0.135446301463101,0.315821599864893,-0.240208076197486,-0.0779896328173739,-0.48019787178097,-0.386535003033528,0.051513703642822,0.332915786449457,-0.343250497034708,-0.458848650295355,0.158640784926024,0.0643100164621906,0.205127044370884,0.516650396611747,0.133045550136512,-0.149793327490527,-0.353384153806942,-0.579015386588016,-0.096215870741956,0.320286346499538,-0.0635919393307339,0.332811926996791,0.0431074282595737,0.180871819717464,-0.390393297515657,0.0295872817421339,0.613283289790611,0.904049012174438,0.0405523071141455,-0.0171065303561534,-0.387253790455201,0.018480504947152,0.185401078962054,0.304954229467177,-0.0407242029743436,-0.296453296898215,-0.138657958213257,0.181175368091579,0.344007456384213,0.369283056338558,0.478293426308704,0.655074970215707,0.233931613447719,0.213042991129619,0.260664120633777,0.222714983929765,-0.0516560664016523,1
