1,-0.0379994820899472,0.0384426903028716,0.454555258347351,0.282143862868775,-0.247197150691884,-1.0738316082939,0.0585006169881538,-0.269108992515531,0.213802847980131,0.0494063388358582,0.305052955097033,-0.0872910837223639,0.0276267399026822,-0.389332957547512,-0.510341069452246,0.274998453520696,0.00306657419747925,-0.0796687653264586,-0.134955620443307,0.255904650718321,0.193917319519301,-0.138706974161837,0.429056915383884,0.549897696092946,0.225826762594453,0.00988827211578318,0.199604747350718,0.0246530143165023,0.252673399853202,0.0280346818369105,-0.375223768524658,-0.157164462263698,0.0926266776045122,0.0149664485715174,-0.0467433372176672,0.229517375904229,-0.177912158687346,0.0412318253265539,-0.241704139764776,-0.138504792983325,-0.584552905890178,-0.00446463872789593,-0.284064400877634,0.0364280802543965,-0.196537569870169,0.0722660187824742,0.0756721968999828,-0.326706355791755,-0.224322680344056,0.0871085475846411,0.293624551805807,-0.673771278783278,0.398261725859579,-0.350608661537547,-0.209301216045106,-0.219352029748189,-0.273661410866509,0.0583437878480815,0.379941932635271,0.28226145926687,-0.0161160605894401,0.123166584750044,-0.101121743729683,0.133565082032727,-0.212158297467183,-0.867310708148193,0.458983078061217,0.223232737261867,-0.103717178282301,0.0354176405767254,0.500880462569609,0.297599549755208,-0.319016127762786,0.498906095781788,0.460559412823921,0.0076487419302719,0.317421950175284,-0.283637261634812,-0.172464820595343,0.597531105483328,-0.0450294542205254,0.000635522485484485,0.245689716735639,0.462964882950834,-0.0727200677789892,0.172475781142849,-0.0566786807957459,-0.314466641045692,-0.149285680660813,0.0587265870917063,-0.294505957318264,0.208632479662842,-0.154585467933149,0.200982184473693,-0.376329145855298,-0.00816851428452667,-0.396381457289968,-0.149009976092015,-0.381256760865728
-0.0379994820899472,1,0.104080827408095,0.198175101267779,0.287900497695586,-0.932493009361266,-0.471870872646183,0.110685973195977,-0.819028816174321,-1.17283025482375,-1.32477529804281,-0.432962082364549,-0.889538311896529,-0.445631584894816,-1.21282901188807,0.865209204969146,0.977575248706365,1.08625598401122,0.173656112058039,-0.107423108631626,-0.0707059036292644,0.942431326101182,0.285476300200068,0.0699290628080381,-0.76947782607099,-0.321458932046702,-0.0113572764120656,0.679554839319847,-0.870651119782651,0.501238801923705,-0.387572216248667,-0.97247424218754,0.277059782123786,1.41532934973703,1.06137390835552,-0.389379571608856,-0.12826970692894,-0.678709775840052,0.182744334133909,-0.50287313979117,0.407062363020288,0.200372880564579,0.145913051417714,-0.465439040120672,-0.341999593695912,0.116476582631115,0.705691270979379,0.407952544757052,-0.780377007264281,-0.594079163883322,0.0949415620226917,0.0681298887095567,-0.162694985703364,-0.0592275339017578,-0.444030320493249,-0.850543481076172,0.196730624986902,-0.694687975797489,-1.13944278060836,-1.29332073526104,-1.16830316129126,-0.89351278909481,-1.00313719582262,-0.89471882039689,-0.863974486571471,-1.11853145062876,0.16070005396199,0.0979669349579011,0.515125328126581,0.291891929851537,-0.692220877122482,0.398448141072656,0.246115427899935,-0.531066022043456,-0.214117141521837,-0.661402801238927,-0.926529881083299,0.109120733216349,0.48235308806465,0.0175315630492528,0.119679560752961,0.139848947742214,-0.0204859633730086,0.748724211590858,0.169707505110679,0.371991670260043,-0.695780773007325,0.169106831966755,-0.283767558481897,-0.40572369645953,-0.0377435050020364,-0.826342432033716,-0.610545630648629,0.176155282588204,-0.187035309451384,-0.404511778947012,-0.044774114812046,-0.113366418962389,-0.530156140632377,-0.907326156286538
0.0384426903028716,0.104080827408095,1,-0.238982014946848,-0.0588608143564551,-0.597454841397442,-0.188872051574907,-0.194165012217389,-0.573842593700198,-0.252564765620455,-0.192985615181366,-0.0759102579228205,-0.251674700378219,-0.288711934372281,-1.13231082348508,0.463179972173084,0.989048799713965,0.302621496047417,0.00525300871254336,0.312179968961164,0.614332497737191,0.420323852646163,0.0545264734050126,0.189698883225944,-0.0810903221899315,-0.123669295305924,0.0540807289019369,0.0545554268588641,-0.0135722819150027,-0.344184462956981,-0.508768388251329,-0.324587909938046,0.511046286442012,0.425765110210377,0.15917961385634,-0.0288452854246045,-0.247743169051479,0.25343553082188,0.262126139543257,-0.34814153342699,0.269864601946929,-0.204935095243546,-0.0471763361013286,0.0407710279887481,0.137359169730104,0.176061841726464,0.498256121230431,0.534208272682165,-0.366670951252413,0.0343229378050073,-0.343687661134924,-0.369017504603149,-0.189643323684295,-0.502336427837687,-0.394674620731926,-0.454259501060429,-0.390043950788277,-0.327512012649158,-0.25183596626521,-0.190002268320533,-0.381895039273463,-0.577924108859915,-0.597832564574153,-0.417194729165223,-0.107990708233382,-0.931518073788729,0.353294031645161,0.197885148424058,0.448502171208104,0.115420614524071,0.124651008997184,0.100144012802467,-0.0954970559193379,-0.407757069197643,0.499520902246605,-0.164517240265719,-0.116880024174285,-0.219119756206304,0.0956364615571242,-0.149835402616449,0.334700155270007,0.171776283205654,0.319593524412169,0.191607474303068,0.0862284426091783,0.168310128138062,-0.635028737350117,0.0127103237233613,-0.213032048058588,0.250039898672395,0.280394680306311,-0.310870176197385,-0.258742060500668,0.023155531030083,-0.160633213217174,-0.0621062249310935,0.146716703330303,0.0731034690592471,-0.157597991724723,-0.375362441638672
0.454555258347351,0.198175101267779,-0.238982014946848,1,0.455122328042831,-0.569057088444819,-0.352286432077779,0.206981937345214,-0.975358855794536,-1.0835245640742,-0.955111757169105,-0.454887653327566,-0.509500634994148,-0.0399911674560083,-0.639355763432154,0.675436620639377,0.514441262888715,0.652810390702395,0.438374095649367,-0.0788659237356625,0.0313543810874144,0.60547612410212,0.106670056958473,-0.138015175395519,-0.689480866861233,-0.587622774809999,0.153534389668409,0.246743577537045,-0.606835664789982,0.273802736468947,-0.0992387474234115,-0.214436883598727,-0.129700973661069,0.726201380800027,0.421073576945708,-0.0799977205458773,-0.171563681840192,-0.248958448051094,0.1362543019232,-0.576157054817044,0.352522100403902,0.476147234869084,-0.0164083662325603,-0.210096968054243,-0.45449273541381,0.249732457250345,0.166711966417424,0.144271012731466,-0.171382660691307,-0.432644291329366,0.47645577591518,0.0301457795698927,-0.214090527376662,0.141096623918387,-0.828139486674472,-0.709958765925679,0.243310193313644,-1.02330513050407,-1.15515922910759,-0.949601496416182,-1.06194559545702,-0.0902165561862164,-0.828921107130182,-0.424973636265538,-0.749892579409814,-0.61393480250824,-0.245597816080496,-0.058057125526664,-0.121099013920629,-0.172584843318719,-0.328212668123882,-0.202403484996326,0.00979629517897983,-0.677024195857168,-0.649751812063857,-0.991734956016939,-0.726689453064825,-0.167722568330922,0.314518587995564,0.58438008048752,-0.421234113582089,-0.442033639439437,-0.253315411446083,0.117945805384002,-0.0427131726117831,-0.188689415939656,-0.965428737888721,-0.0671673304526191,-0.63868308124939,-0.580789963765376,0.221960528004343,-0.144610963436865,-0.928138650142605,0.00806346022501797,-0.293172837487413,0.119982145815323,-0.172075549243929,-0.365773118562856,-0.364119586703177,-0.761183351732455
0.282143862868775,0.287900497695586,-0.0588608143564551,0.455122328042831,1,-1.06820898114508,-0.234310065189069,0.543424201214582,-1.1836525812662,-1.46607952595215,-1.16092712805024,-0.830215245518707,-0.544572454564188,-0.14139600743012,-1.07217360522132,1.10653227344562,0.534855508338357,0.963153870095059,0.215940679613165,0.261215886468507,-0.0348701917051104,0.580678438695218,0.547361951776653,0.136339680888176,-1.25752050665685,-0.990405825242054,0.404308190762963,0.33426091708376,-0.883241974989863,0.417286771200013,-0.217220635765756,-0.2928159151162,0.137131946954895,0.842309490007789,1.0483311681238,-0.0338596919412359,-0.878117488786058,-0.0573986491841499,0.496538522880316,-0.292582099969385,0.843650386417305,0.317750402283541,0.412333912593385,-0.240370655900073,-0.397201887292028,0.61322137167965,0.793678791112714,0.522860607017064,-0.680446433821325,-0.562743653522476,0.345127731765639,0.0325285477033928,-0.369116777291063,-0.155715860283232,-1.35869575443383,-1.04472065602972,0.424700471370594,-1.23994233723267,-1.52089554031105,-1.42702771910016,-1.66214567246149,-0.117597389721967,-1.22313265554502,-0.94100380820467,-1.29140293699773,-0.998199507457893,-0.226404092113968,-0.365728392867469,-0.365128629071112,-0.492910589196649,-0.711155181438102,-0.345507258256335,-0.00153683086181253,-0.449193607315612,-0.976225068741469,-1.43423826770964,-1.09807155448471,-0.355604766383412,0.668043230315997,0.620883527364004,-0.677070719037036,-0.516364157352113,-0.01665533204769,0.0534239274770353,-0.0713750013405167,0.110202489303764,-1.46114419235985,-0.373787869054886,-0.939986746807437,-0.113569575685175,0.209054349780135,-0.402844598929958,-0.757594493093,0.417451312971623,0.0745153463372658,-0.150116436240864,0.329358374663018,-0.385977430537167,-0.662901404127582,-1.11476059432687
-0.247197150691884,-0.932493009361266,-0.597454841397442,-0.569057088444819,-1.06820898114508,1,-0.601934732176901,-0.750050926075324,-0.127268173812375,-0.0930847715543479,0.0984917616153698,-0.0947948837455426,-0.12690839810084,-0.772270498387131,-0.703247701717956,-0.556733361034541,0.153728696918806,-0.108309119551873,-0.424495957826309,0.420494760345026,0.220278223385589,-0.00228454010669718,-0.0537387415211334,0.705627000505072,0.156895500649499,-0.614025821952625,0.545348823560683,-0.141608929865968,0.116472783643968,-0.365411059025542,-3.94053273347905e-05,0.0700872672298941,0.481993106684107,0.189996732016235,0.619300504571237,0.194363237438264,0.311423586647045,0.423185404757811,0.585076208151368,0.11112053493668,0.424047718257207,0.28876601026553,0.882284416194247,0.00126270141598137,0.299761799229699,0.87776452405078,0.877394161426623,0.549209716761997,0.151956719730837,0.119057591255622,-0.525676411592167,-0.735446661156701,-1.2258622287506,-0.776176731266585,-0.439611169231091,-0.278028935857066,-0.942636177308476,-0.317797440172327,-0.313047508136062,-0.286704374796319,-0.196569935405392,0.120676238590544,-0.268466983871543,-0.372128841669032,-0.248246662555594,-0.644644847066826,-0.227278064266528,-0.187679447946919,0.0229955024901093,-0.474468276332456,0.0468556009973128,0.0492759887869296,-0.363837633390532,0.123684273440119,0.0768630649363843,-0.171382098878468,-0.0541288626734832,-0.368622291759542,0.0929296284604324,0.258014384619921,0.450618728181816,0.257995413858284,0.722087747873748,0.708136187783059,0.346892482622288,0.547709754089897,0.123012307361529,0.0909288412826106,-0.197149891897556,0.795897243110918,0.714484423725137,0.00102645469211593,0.278301448273311,0.705877243398149,0.783366714275588,-0.088068931928765,0.988911566810986,-0.176960893052753,-0.0286056423846858,-0.0956139580240601
-1.0738316082939,-0.471870872646183,-0.188872051574907,-0.352286432077779,-0.234310065189069,-0.601934732176901,1,-0.601984827121522,-0.301355116226876,-0.0976924083001524,0.100163863932486,0.7035440243964,-0.19634608098994,0.0139295301835345,-0.338457309836858,0.405755764318212,1.01449731868205,0.11050940260988,0.465935855495407,-0.18267055140122,0.632358486802364,0.927307363564032,-0.127822506198582,0.413971748045179,0.203362122537714,0.621147143114418,0.0982728410090489,0.426855600370296,-0.0437816917125088,0.140889406593405,0.148217516276502,-0.189457073275335,0.554760774300624,0.747071910274857,0.365182604782997,-0.678238550255487,0.213927777948251,-0.327455862241627,-0.465790541861122,0.0199280727409138,-0.797961016160927,0.766897860708034,0.223997589102567,-0.210916065978422,0.0386767633136267,0.0350695880155505,-0.354526709492974,-0.808701853828181,-0.426494566342965,-0.493991192851727,-1.14686253231508,-0.50990310822648,0.635745361403826,-0.347734436197497,0.458195951604075,-0.844703846472785,-0.606683830935734,-0.172588574162088,0.0834208645592607,-0.260080511701371,0.127127787506393,-0.211525382244522,-0.264284020987668,0.192290329615414,0.0753788136503767,-0.488455436152174,0.243460851272617,0.572840142523886,0.604943672440569,0.284032313658318,0.276526562132129,0.622962726546595,0.012310766840739,0.066431515578354,0.548338925195429,0.591474537827214,-0.0434674527393519,0.632671412201395,0.012510246676327,0.15161255304441,0.592904149820191,0.164585891356705,0.17175758640824,0.517728740305366,0.530516494661769,0.0821866658834323,-0.0745152226119602,0.114702161013492,-0.084252942035047,-0.326775942196696,-0.143852985867813,-0.404477248298992,-0.228608576565234,0.265347640215225,0.176565742782458,-0.374958805189117,0.151338294722263,-0.648231222392146,-0.420013160224369,-0.369233671534748
0.0585006169881538,0.110685973195977,-0.194165012217389,0.206981937345214,0.543424201214582,-0.750050926075324,-0.601984827121522,1,-0.987511495246524,-0.813927888323188,-0.893020284292015,-0.149500062466722,-0.688655246366104,-0.2222882891854,-1.19933498035497,0.601566404810338,1.11878024451797,0.694550883555297,0.390989315888072,-0.285317146022432,0.252489239322929,0.876603863770895,-0.0324865430610571,-0.206614662725692,-0.462497934696281,-0.0868729330267256,0.0020298541450075,0.556688383820881,-0.67309760085017,0.234838337204438,-0.447909109668317,-0.913957568819021,0.089892926502769,1.12210196540714,0.450944084512517,-0.319366923627496,0.269661222052881,-0.604823417006157,-0.0873482172144456,-0.779933059236915,0.100861678405679,0.0806153350253019,-0.219279245968236,-0.255171192051887,-0.196067525070082,-0.0218305975797292,0.298884693773945,0.237759640057231,-0.444517825896603,-0.329655157534084,-0.063746696594088,-0.129291965011307,-0.0517754999447215,0.050666443013563,-0.354801971011662,-0.818279598412183,-0.182854199767836,-0.808997276160756,-0.816708325933009,-0.747119245015818,-0.695862681265069,-0.777684792877316,-0.782455864198863,-0.470432837188017,-0.494594168842363,-1.0468111231042,0.0854840509187045,0.50952553579527,0.787598178520425,0.42809702025873,-0.307772484512783,0.412059529625814,0.24919241650303,-0.736524908576069,0.150148531205891,-0.331185924967523,-0.740637843841667,0.261699960269413,0.182275149534597,-0.173192791524241,0.406874651106375,0.426223810244445,0.136295655004487,0.654043217109992,0.254352577139371,0.293964376534849,-0.425539004270692,0.317402007105843,-0.165996763579598,-0.415286968442972,0.148367416851105,-0.665968898553147,-0.659792788414634,0.0030796808983283,-0.48583292453237,-0.132350740886042,-0.187320213172214,-0.0359435574542874,-0.265225406244623,-0.56486394871563
-0.269108992515531,-0.819028816174321,-0.573842593700198,-0.975358855794536,-1.1836525812662,-0.127268173812375,-0.301355116226876,-0.987511495246524,1,-0.0519899212816377,0.042161781713255,-0.194376269741497,-0.300683727189139,-0.670451234062958,-0.629484724788763,-0.337413245800881,0.222393601725374,-0.345534601641003,-0.377763955707443,0.494032363246017,0.21686490828635,-0.123721179000634,-0.0989963810177611,0.320744335970851,-0.135120056428547,-0.419127904618044,0.561300086159399,-0.0658095375913878,0.276683572884112,-0.550269873691552,0.0302324087321648,-0.0624335627876866,0.651677094029748,0.066489247766253,0.169712761410777,0.343656648410869,0.251140160753968,0.550425675464113,0.546000272043383,0.0970358353435461,0.509911435611799,0.306046255023857,0.418500926024195,0.340123828025024,0.759733353978514,0.681350203784652,0.938978514668087,0.777104694756373,0.343475773431764,0.462404654884167,-0.829878939616178,-0.88863504531404,-0.797397405994977,-0.785359781209308,-0.268537301422247,-0.104637459861917,-1.11765739933376,-0.11159853425877,-0.423451823181769,-0.0578749198417627,-0.137315343390389,-0.0764457025150803,-0.415393755430817,-0.149492685532577,0.0353571601648446,-0.453611411735151,0.225400606868408,-0.0318859380973462,0.140327919710674,-0.281259081744276,0.494383712758648,-0.127033145114929,-0.278738397610512,0.0900125546428623,0.207243571398991,-0.282493335678266,0.0826803394433512,-0.55717746041026,-0.0031749864770815,-0.0684391705537227,0.479345903922427,0.586551726692198,0.817153601189666,0.465390900299772,0.293713697636407,0.463176160570696,0.0913519851670136,0.170777324520303,-0.0283054335234202,0.880290854623693,0.637773461179568,0.160595949331946,0.396708329373782,0.42197338642082,0.278015775023912,0.301665983300476,0.778396990978648,0.410517507507592,0.255485328414578,0.192623326582849
0.213802847980131,-1.17283025482375,-0.252564765620455,-1.0835245640742,-1.46607952595215,-0.0930847715543479,-0.0976924083001524,-0.813927888323188,-0.0519899212816377,1,0.558200530043352,0.183369380634657,-0.0245891581509543,-0.292586102467396,0.139399017632378,-0.801628563969926,0.145798995982978,-0.516810540884264,-0.146569650098677,1.31174849980232,0.794613244303425,-0.158707732032796,0.0851122948360935,1.36746161486451,0.328565526013566,-0.259468687506957,1.40715911387108,0.343681042104933,0.847378849842899,-0.157960230482985,0.417022700573046,0.0197723382756033,0.549657177417118,-0.600076160096919,0.70583999182456,0.514815837297637,0.228905991131293,0.951716312086095,0.440205614513395,0.531901375783275,0.465124325274998,1.45273471368168,0.789945657383293,0.668374544251632,0.935756441611585,1.32478919422661,0.45574766966289,0.570489517464062,0.648113541313335,0.398615243989368,-0.457411762295179,-0.698471084923886,-1.30849022356599,-1.51173939170986,-0.66163323318131,-0.497865944045391,-1.15343336134519,-0.446290763557761,-0.211322440037524,-0.171931047404197,-0.0472260713278887,0.152975091944483,-0.126563727247688,0.173504340869395,-0.102964254971176,0.240623440396326,-0.130958103762251,-0.179262085266987,-1.04015418029441,-1.28394257847828,0.313696397074966,-0.578161122205778,-0.524872366414713,0.435060425443684,0.120075324568794,0.137584898420277,0.474618721097247,-0.0979013957072642,0.281635372815695,0.232220559443461,-0.155265246963629,-0.597770988111899,0.305158705766272,-0.384872187176307,0.351664612632457,-0.13282530960203,-0.110907437099512,0.148300679798379,-0.605228826884114,0.727693306868318,-0.00649883604207885,-0.182222493073533,-0.516232375152497,0.586463579703729,0.923317168360635,0.0169420024094789,1.10842332387536,-0.273658510891664,0.217906814650099,-0.387989738618708
0.0494063388358582,-1.32477529804281,-0.192985615181366,-0.955111757169105,-1.16092712805024,0.0984917616153698,0.100163863932486,-0.893020284292015,0.042161781713255,0.558200530043352,1,0.571532193312953,0.280506131584681,-0.219607008573784,0.418663650983881,-0.435802662110737,0.294278923251547,-0.537086202495222,-0.186726790318032,1.01672649554951,1.10970966304922,-0.112992660379239,-0.0299478010091008,1.06105791328204,0.86350129526571,0.569676431158555,0.891755249345646,0.326825722994717,1.06356612467828,-0.292144600546759,0.510568345273271,-0.0790213393969286,0.775687722498774,-0.540606790524209,0.124763655632707,0.462611247459126,0.16323349417056,0.521662545862514,-0.0353227622727012,0.373215552729242,0.0547778705661384,0.508996865370555,0.579184526556634,0.80847124998349,0.931164224060126,0.637994400784086,0.00468919743590201,0.605181075545377,0.499852909067943,0.522783035504422,-0.208341916477274,-0.885723859748609,-0.880827805383559,-1.30143123653703,-0.441039394889641,-0.20441199339555,-1.17023319646157,-0.19981042816371,0.606029315428042,0.662503803807323,0.48408345560373,0.135115580092943,0.241859992740576,0.601167981939734,0.739701143166413,0.401750353533557,0.227921371640109,0.221379335638501,-0.797113440447901,-0.734627772708352,0.705648545774857,-0.241140552220554,-0.196281686003338,0.146983376583499,0.618131192475749,0.687637598020016,1.09929758660777,-0.025472613372202,-0.00128776475092662,0.00986502079712169,0.0651168792704863,-0.495059017326752,-0.115077698484174,-0.783783509889163,0.228518067791613,-0.530286007933715,0.104249009155568,-0.228366779705625,-0.324665970993957,0.183698580315125,-0.103826853805634,0.0511623910554878,-0.0573423709330304,-0.399341758472248,0.300955025433453,0.204868194204467,0.340647571450984,0.134652941664065,0.58843872489295,-0.0278537759298985
0.305052955097033,-0.432962082364549,-0.0759102579228205,-0.454887653327566,-0.830215245518707,-0.0947948837455426,0.7035440243964,-0.149500062466722,-0.194376269741497,0.183369380634657,0.571532193312953,1,0.519273953784909,0.353790967425247,0.0287027793084988,0.239287832465828,0.387677391165682,-0.258781779500463,0.145364871561869,1.03857710623193,0.775773423825004,-0.0829950788817514,0.553259488776045,0.788848059970914,0.271917366492496,0.0258252861672551,1.088120168218,-0.0128619191916785,0.434263268275818,-0.0903033753585933,0.0545007297005161,0.625984210047487,0.303410952131739,-0.774947441203707,0.391823335262928,0.374983139738531,-0.586447869276653,0.96003409903558,0.160971073189699,0.360257799518664,0.171062369617646,0.664807623007189,0.514333791492774,0.742922251908259,0.471158616746408,0.703795815281335,0.0829112972881565,0.256027734844838,0.313975511284544,0.186512716505338,-0.170074914137186,-0.534104140289392,-0.349680634020012,-0.84712735631573,-0.686345928089417,-0.477363741512094,-0.378999366815733,-0.415530194260221,0.150038382756434,0.0593596797637427,0.0941292533898589,0.831307080257735,-0.0995136232864217,0.0560805226997066,-0.0270443935110511,0.0980156312941832,0.168961331673507,-0.0804523889239818,-1.1891617343055,-1.11849000510892,0.213588708852586,-0.546867266562888,-0.178087159286226,0.130324785875017,-0.00610840169930005,-0.105527454650633,0.248246699838337,-0.284194828655923,0.220492303989032,0.243551087213664,-0.920215330642896,-0.899507576901384,-0.168620807427545,-0.946651293186477,-0.277751128257408,-0.431264875984289,-0.680138861907264,-0.373042618082303,-0.729628607243048,0.282562450602516,-0.251604196647104,0.226121451464003,-0.544557337866004,-0.0529465840395858,0.383039156494952,0.125451265535481,0.479281865883873,-0.233312027172282,0.119061596970178,-0.40064803889909
-0.0872910837223639,-0.889538311896529,-0.251674700378219,-0.509500634994148,-0.544572454564188,-0.12690839810084,-0.19634608098994,-0.688655246366104,-0.300683727189139,-0.0245891581509543,0.280506131584681,0.519273953784909,1,-0.108005769230422,-0.400721004227327,-0.34520352038336,0.665775041535464,-0.211790398629494,0.154393681802448,0.122392826255494,0.89053650974487,0.454284957813415,0.00134134351813321,0.748458061586854,0.66624618677773,0.294526105760294,0.823229681557719,0.293122973652091,0.310777475120895,0.0134766291718053,-0.0437950441008991,-0.201392690486806,0.217101613154351,-0.0771348037783797,0.435087954170744,0.00232870998933164,0.624590301102371,0.365087096432339,0.360567967668409,0.0108907964916355,-0.161789316085305,0.548729616384617,0.573197127143254,0.298340242265241,0.429262488278021,0.673627173532307,0.291396754573335,0.258512534983142,0.296305381157108,-0.13158278431328,-0.436848020906588,-0.685043964766099,-0.803188936071429,-0.891483169286595,-0.442911685369825,-0.714086030446049,-0.936128320420394,-0.583699045534878,-0.178536299916005,0.170280472397802,0.161153976043781,0.323699178705064,-0.165577663455178,-0.0812903572517194,0.208085570240382,-0.314072537300383,-0.256284671252021,0.159638986004653,-0.38544997198618,-0.674788330492206,0.443375085806367,-0.146835890764676,-0.153220854508199,-0.362529531214726,0.359046849975868,0.126904756602662,0.230557692515081,0.143689478716419,-0.182332535063748,0.169998124532695,0.0234144532525692,-0.375166169026364,0.109811836215873,0.145053839067004,0.361846799623605,-0.229386078810766,0.229954844025685,0.205243928453455,-0.723539397741896,-0.0607094132525175,-0.0338773835075565,-0.199148498146651,-0.290428765604404,-0.0148213022742955,0.293619618790038,-0.0127038262586587,0.411705101122661,-0.57330387137258,-0.0810492380140151,-0.542738868652098
0.0276267399026822,-0.445631584894816,-0.288711934372281,-0.0399911674560083,-0.14139600743012,-0.772270498387131,0.0139295301835345,-0.2222882891854,-0.670451234062958,-0.292586102467396,-0.219607008573784,0.353790967425247,-0.108005769230422,1,-0.480646069982815,0.406230806585161,1.04535962352806,0.496693702386445,0.663843585600106,0.377393339999601,0.762662118031461,0.864692046971415,0.650970654859726,0.846161955351904,0.0458640877154295,0.0282353278139106,0.475353122994929,0.211161057352971,-0.28369421821916,0.691674811963039,-0.00608245278811329,-0.145630441503226,0.465482295767424,0.40482263905094,0.767037751096763,-0.141863898304747,-0.0365769214852118,0.091271069501255,0.39585820578631,-0.11509875751398,0.0254666518537029,0.686730913962981,0.32655585407013,0.0154120954485896,-0.41930972619716,0.262269646231225,0.122980383702554,-0.155742656831887,-0.404662253209297,-0.483482917776009,-0.0143709816666657,-0.442727924329003,-0.489296931023558,-0.725777655636859,-0.671354061454023,-0.879661263092166,-0.239421143471978,-0.783533001530454,-0.125438038453451,-0.48580098220481,-0.435846329272654,-0.0967196352021465,-0.363114949337077,-0.200969143028703,-0.12776819518401,-0.322389278671141,0.077053408267355,0.334764536647095,-0.421149416796172,-0.419665786250318,-0.102815256202209,0.0258497094134924,0.269925021148924,-0.0438827448140534,-0.0288891722379652,-0.221021879954407,-0.0707305086937871,0.0993793377286993,0.362168544787989,0.581977575099763,-0.605774404565797,-0.893832040219108,-0.446672655582284,-0.221253470036069,-0.195222759826153,-0.264676640844274,-0.512831637690794,-0.501031897372174,-0.713585837992818,-0.553176266799312,-0.360481251279973,-0.193668130670472,-0.631070818476838,-0.11107763437682,0.00694157426208447,-0.424148766092244,-0.153174782129744,-0.757633977539461,-0.372856932984976,-0.866804799620912
-0.389332957547512,-1.21282901188807,-1.13231082348508,-0.639355763432154,-1.07217360522132,-0.703247701717956,-0.338457309836858,-1.19933498035497,-0.629484724788763,0.139399017632378,0.418663650983881,0.0287027793084988,-0.400721004227327,-0.480646069982815,1,-0.186769263139736,0.366544069075713,-0.0579058013373878,0.16459200110375,0.323992436017376,0.817785517721914,0.284032785475163,-0.0313059140691371,0.453637840643407,0.113831546588538,-0.236086250009399,0.303373272202799,0.139746909393341,0.489210002733361,0.0287235293381361,0.603152801320988,-0.522449088111132,0.899404279114182,0.397654134989229,-0.0592554871641258,0.0305924571166736,0.605668261864352,-0.0449183244402493,0.339724905215507,-0.404492865946053,0.145458167984427,0.330552875611931,0.285600335327756,0.223562006177126,0.53066913590663,0.160684390369636,0.324315053974968,-0.0899845653526617,0.290160783005655,0.0528469735257541,-0.38848031459786,-1.12646116531413,-0.583495242795535,-1.19511230318319,-0.672364155968654,-0.235039292283208,-1.25607810837406,-0.45285030714935,0.202903446124867,0.448656867146346,-0.255440511982146,-0.508849552487695,-0.119440492285669,0.446453054421093,0.708992656023944,0.0449990574452607,0.0177650792094118,0.371166098828232,0.452964816297606,0.37140906518559,0.896745476528032,-0.254593503181207,-0.129724746010765,-0.107927481488459,0.259899784335427,-0.00430615763118679,0.867278027944434,-0.394991348947089,0.120767144561311,0.21643810052507,0.462390862157468,0.291056572843323,0.610051846404852,0.118676368816491,0.214775318991271,0.0315173134533713,0.564736612252948,-0.0576049101529377,0.14538569878314,0.0191010983019183,0.432162670296788,0.13693269016099,0.250157046601225,-0.0890782916852085,-0.310005607261928,-0.103560608130545,-0.0214077811891212,-0.0923293476685917,0.237390454270547,0.131509853122359
-0.510341069452246,0.865209204969146,0.463179972173084,0.675436620639377,1.10653227344562,-0.556733361034541,0.405755764318212,0.601566404810338,-0.337413245800881,-0.801628563969926,-0.435802662110737,0.239287832465828,-0.34520352038336,0.406230806585161,-0.186769263139736,1,0.57928783624483,0.47176789021394,0.561448173647096,-1.19681325455327,-0.351524381759988,0.625226358203776,-0.0587292262826252,-0.605586115554194,-0.425509848594998,0.611980720463541,-0.686366276509266,0.499866704236781,-1.07219413393185,0.693292646863599,-0.666126032445742,-0.496441297505071,-0.287424755511085,0.645494654601616,0.169889191522798,-1.20792712234184,-0.065341592473349,-0.704872370763751,-0.539001249119119,-0.290554327472042,-0.742826871238317,-0.175737253242846,-0.467945063490332,-0.388836708162434,-0.958913167931511,-0.570521879946282,-0.677868378333477,-0.927968014250194,-0.721200093334887,-0.76410893636006,-0.258506863470984,0.638908766367087,1.35217988355775,0.88865175854154,0.730352868448829,-0.772901365954962,0.934531799672418,0.226327386299199,-0.276686877146545,-0.425048751377895,0.102960011078378,-0.254205756716553,-0.0219143365088058,-0.0304761512431367,-0.175901708586863,-0.0735863874470243,0.364025644577033,0.418991602353787,0.670880143643651,0.562418730703055,-0.573785997266886,0.824924998726454,0.5114735792485,-0.228819273921162,0.203555890439924,0.220688748441084,-0.981432027802975,0.863001282155227,0.109765480988908,-0.375305813342928,0.0151771176232246,0.259621686663866,-0.542303338325771,0.594409710964216,0.030345283219598,0.348433015082405,-0.200692396488764,0.0730154190901827,-0.134880871239919,-0.712597575886316,-0.493849141622404,-0.675807318307926,-0.174902680135997,0.0463915658996775,-0.514852967502784,-0.354652759688929,-0.55738526650735,-0.478452276503915,-0.599428733897623,-0.497239331384193
0.274998453520696,0.977575248706365,0.989048799713965,0.514441262888715,0.534855508338357,0.153728696918806,1.01449731868205,1.11878024451797,0.222393601725374,0.145798995982978,0.294278923251547,0.387677391165682,0.665775041535464,1.04535962352806,0.366544069075713,0.57928783624483,1,-0.0525792240093531,0.196238391992747,0.00585885432005057,-0.219909004833255,-0.0488387764530371,0.559047176589206,0.00929181010641816,-0.0669713325008531,0.444816868604125,-0.107757861202984,-0.177546914644436,-0.317731949213505,0.375075766145111,-0.28547604786773,0.745781261221291,-0.122765972540533,-0.715065006570364,0.0729205548690542,-0.245202782152296,-0.959500523377595,0.409906698178583,-0.169548854950836,0.351397935938728,-0.334142378967497,-0.229863948616845,-0.189304855429076,0.280924934805545,-0.461659655250127,-0.312953827462633,-0.470356839277618,-0.491810456644333,-0.312442184957252,-0.218196239318195,0.224556241618813,0.825315666913602,0.933945695339677,0.626421836761586,0.327407283000397,-0.01704499891913,1.20091003245652,0.448065621325898,0.372590042728055,0.123301197281537,0.324071273454545,0.807682320347588,0.145521716900158,-0.109664336573118,-0.214094624923175,0.468428907665801,0.182565072729862,-0.127585582482077,-0.844618736055509,-0.544276669214554,-0.4657487767275,-0.230637609412579,0.103135729661565,0.229762949000272,-0.231578342163827,-0.0612688553747046,-0.368762837213072,0.053653906941825,0.15424542862742,-0.119174287513299,-1.14155760386383,-0.79439010886867,-0.842188367357321,-0.962402195805823,-0.817387067898805,-0.425669234361251,-0.767437106514892,-0.60088657511892,-0.448490770377579,-0.280324549905451,-0.854383114375545,0.0821889047395158,-0.31033010273571,-0.280875160093806,-0.149109824133641,-0.108283189749779,-0.355525698694323,-0.290215413848771,-0.246360559875145,-0.314338288980387
0.00306657419747925,1.08625598401122,0.302621496047417,0.652810390702395,0.963153870095059,-0.108309119551873,0.11050940260988,0.694550883555297,-0.345534601641003,-0.516810540884264,-0.537086202495222,-0.258781779500463,-0.211790398629494,0.496693702386445,-0.0579058013373878,0.47176789021394,-0.0525792240093531,1,0.127661973702913,-0.858240188077838,-0.868556127675108,0.17670792326603,0.109718972294297,-0.836148548136994,-0.784874002269897,0.114914869108457,-0.416658871736785,0.320105204201171,-0.795755078135957,0.83705097397116,-0.509340249719872,0.0272637240748284,-0.217520607942032,0.197885967377013,0.0764016933157099,-0.923325911691812,-0.183218222728568,-0.283641629670263,-0.316654887087035,-0.593960720608258,-0.145514255800425,-0.484803096239785,-0.460315169314768,0.0538219837399095,-0.417483748503999,-0.558274413427029,-0.199539848360011,-0.505423936436533,-0.35986958222133,-0.335042476704995,-0.073564099527374,0.789948763706419,1.17225294244852,1.19377510398588,0.620893596585218,0.087216710319979,0.96856491156922,0.363540750111003,-0.29739799704293,-0.304027735248913,0.0350657214484105,0.177690279423475,0.258934247247897,-0.244964536704375,-0.352836455830402,0.399480850968809,-0.0738531335423731,0.10808084207115,0.414715285164822,0.362636584660924,-0.757670754175152,0.219055755076607,0.367351572333424,-0.366203506804746,-0.282152753049906,-0.247243424653443,-0.924480899292612,0.194396581034641,0.0772967468188796,-0.523229979128175,-0.251902983966698,0.421775790244537,-0.310231103098038,0.081766765163291,-0.516941175179563,0.17380055073118,-0.20797665815899,-0.0533633186926227,-0.117494567433197,-0.343083730761066,-0.319684610933056,-0.196315697457792,-0.248418357864712,0.0194702884945776,-0.715600913957257,-0.0297366264779062,-0.538550019693332,0.0904310903319895,-0.295632115474797,-0.225336584274431
-0.0796687653264586,0.173656112058039,0.00525300871254336,0.438374095649367,0.215940679613165,-0.424495957826309,0.465935855495407,0.390989315888072,-0.377763955707443,-0.146569650098677,-0.186726790318032,0.145364871561869,0.154393681802448,0.663843585600106,0.16459200110375,0.561448173647096,0.196238391992747,0.127661973702913,1,0.0102691755135403,-0.00379616340410349,0.35678722899357,0.434832166152681,0.217381965790357,-0.27452347157974,-0.0534404911641196,0.130932940066875,0.0851764800425526,-0.394096229822406,0.665524261878394,0.229060534955597,0.408712527923841,0.0965248931006756,-0.0020250982089573,0.458780412674517,-0.329489448746555,-0.383703185376848,0.118651308556097,0.126286422842727,0.0203354390225071,0.00310541350151561,0.402228296311201,0.260414603281042,0.0638550430338212,-0.453603649821966,0.0729316703912216,-0.108294044411636,-0.505979813268562,-0.37217124596809,-0.419810334208476,0.127723364133381,0.0330723131520924,0.420561089811169,0.0550171791163953,-0.240099714609843,-0.402975568886293,0.521712690662732,-0.314015205462192,-0.0153535902907184,-0.488678871722567,-0.280156508175932,0.350787066493153,-0.0826329907511818,-0.134176171074145,-0.294643596064132,0.277183722659395,-0.0908053848765946,-0.122197708668789,-0.600033323982466,-0.387773317876589,-0.467111495741561,-0.227061038983388,0.0468627732321619,-0.0181395828603295,-0.515553447614259,-0.344686342530657,-0.30670195990231,-0.0468857905408978,0.349064077280456,0.487750070229534,-0.84760021427946,-0.774080061720766,-0.566234911418546,-0.504372239049246,-0.453865553095538,-0.285177734748237,-0.463480356824531,-0.639987559214069,-0.641677573309669,-0.522517675368306,-0.472455999270083,0.0341677552266323,-0.497810678239085,0.00939225293443868,0.0267382656653012,-0.195351776318528,-0.181296237710497,-0.566733812759779,-0.44903297661223,-0.560991120970259
-0.134955620443307,-0.107423108631626,0.312179968961164,-0.0788659237356625,0.261215886468507,0.420494760345026,-0.18267055140122,-0.285317146022432,0.494032363246017,1.31174849980232,1.01672649554951,1.03857710623193,0.122392826255494,0.377393339999601,0.323992436017376,-1.19681325455327,0.00585885432005057,-0.858240188077838,0.0102691755135403,1,0.102301751745631,-0.337337444924205,-0.554214958935016,0.0756022382025631,0.922702206681169,0.682195058364117,-0.24287511250877,-0.246136056570774,0.103623019247422,-0.250133518152287,0.257296704862753,-0.123233700113845,-0.275595532021418,-0.649178271185169,-0.578466028202002,-0.0241129998170407,0.427943481816138,-0.0922569734012409,-0.519636203720741,-0.0744254638223199,-0.915071712389253,-0.152257675361927,-0.398916268596471,-0.0127181217058341,0.367423442204326,-0.689841036279031,-0.387171636255237,-0.894340897980348,0.298244955696059,0.0778406712774566,-0.428848811608127,0.302675851688092,0.118666640904366,0.689086644122107,1.2644011248401,0.384010603704348,-0.278059564473492,0.640613397011249,1.14658563383369,1.06565853236411,1.3944384393824,0.0611902719895842,0.6571379626344,0.634214333180971,0.923505874743317,0.466823922134141,-0.159672299846982,0.830898975612066,0.601443700977352,0.149416562719718,0.311142891120206,0.67365705001485,0.145992995704379,0.323890812172776,1.09567520718138,1.22787224804163,0.365696736477283,0.362514721824031,-0.27038332976862,-0.885215613098659,0.774573390366655,0.631939142687945,0.219651427006901,0.207656857590228,0.0802436577355834,0.386838464505267,0.827498415029136,0.349269762033862,0.611492241109044,0.128212429922305,-0.219748130484807,-0.0841444042401525,0.406733448807619,-0.261059936181066,-0.036258177589643,-0.384950181546468,-0.20794356863156,0.0501377986596769,0.235443056621581,0.536924003985418
0.255904650718321,-0.0707059036292644,0.614332497737191,0.0313543810874144,-0.0348701917051104,0.220278223385589,0.632358486802364,0.252489239322929,0.21686490828635,0.794613244303425,1.10970966304922,0.775773423825004,0.89053650974487,0.762662118031461,0.817785517721914,-0.351524381759988,-0.219909004833255,-0.868556127675108,-0.00379616340410349,0.102301751745631,1,-0.418371126825198,-0.220708085348728,0.309286475980077,0.685119586800475,0.589305751118127,0.107785907509398,-0.276068316044057,0.317676797174828,-0.17034086788759,0.42090046528222,0.592515104714823,0.080424950173387,-1.1716122154829,-0.438367908329839,0.0814521098842257,-0.0948043205403346,0.706489664127676,-0.0526138811754083,0.398583410592194,-0.50413498096723,0.161543163076615,0.0206830575423454,0.819249149965,-0.0219091585439111,0.129936609818942,-0.505926587934214,-0.369892533186779,0.470704819531718,0.268103243640624,0.10184527603598,0.115817104539945,0.0898237506548877,-0.022918298634452,0.0870050866243617,-0.134130277250067,0.162018205914144,0.200555860039383,0.965282244860457,0.927603792617214,0.828502255611677,0.943692805834254,0.534545576974467,0.68808593448097,0.641419694816269,0.802597423895073,-0.0482121985453932,0.0925644030423598,-1.07905989072829,-1.02177654505545,0.272775762561928,-0.452477135814476,-0.250721718395871,0.262904012113289,0.155193325386075,0.39078394916495,0.461764206656603,-0.0748797682450079,0.232372392740714,0.111951445422347,-0.76228185893942,-0.784221291151462,-0.682407023673973,-1.1286661289766,-0.551078477238383,-0.56945883802563,-0.264220026326106,-0.559425225289571,-0.684067032631107,-0.129223577551597,-0.454234445786058,0.400507569868064,-0.0187108704485102,-0.492905111437628,-0.0189066801757642,0.346456514964958,-0.0575396843865525,-0.370837382761284,0.342800261645388,0.0321927355788243
0.193917319519301,0.942431326101182,0.420323852646163,0.60547612410212,0.580678438695218,-0.00228454010669718,0.927307363564032,0.876603863770895,-0.123721179000634,-0.158707732032796,-0.112992660379239,-0.0829950788817514,0.454284957813415,0.864692046971415,0.284032785475163,0.625226358203776,-0.0488387764530371,0.17670792326603,0.35678722899357,-0.337337444924205,-0.418371126825198,1,0.497795568063394,-0.627720973907205,-0.518290513578293,-0.0681479025201792,-0.415021255134676,-0.427017392983711,-0.590827010534458,0.281936254403156,-0.738623559707898,0.401356043252071,-0.265243862777513,-0.451357567874906,-0.24946197942449,-0.469910682585977,-0.6066941543542,0.274725591068782,-0.173000925111668,0.180252160880338,-0.0796564847359194,-0.527642869607219,-0.427625103832145,0.367620645330196,-0.771996829266821,-0.23990804001564,-0.394417001055632,-0.265334919802386,-0.0964674603234033,0.0114638767129618,0.331865852500305,0.565635022281084,1.0060039692643,0.701547075138249,0.188922247026275,-0.203922705418035,1.05980020749576,0.216031388097417,0.326766347435604,0.076262471947316,0.157508331183659,0.681945087323475,0.29369428202861,-0.00928837353888995,-0.175516744229148,0.381495058024151,0.45503779733438,0.00799160971216328,-0.407443506387208,-0.128088214926502,-0.520756173095965,-0.192831382448047,0.368936391515307,0.160586987459258,-0.372421082605607,-0.510427317556871,-0.639562828175278,-0.16167157912946,0.134258041613241,-0.262491466005235,-1.19507400889901,-0.225452272547544,-0.736009452500372,-0.669262682501902,-0.992523785630106,-0.0886143626244236,-0.527794330935028,-0.53576365584864,-0.17040151769782,-0.269116351077349,-0.584825730666152,0.0633994369124998,-0.165191085045146,-0.379345628451948,-0.687442882430059,0.260326651160732,-0.513263406781433,-0.150237408357398,0.0711698118564901,0.0238232011125212
-0.138706974161837,0.285476300200068,0.0545264734050126,0.106670056958473,0.547361951776653,-0.0537387415211334,-0.127822506198582,-0.0324865430610571,-0.0989963810177611,0.0851122948360935,-0.0299478010091008,0.553259488776045,0.00134134351813321,0.650970654859726,-0.0313059140691371,-0.0587292262826252,0.559047176589206,0.109718972294297,0.434832166152681,-0.554214958935016,-0.220708085348728,0.497795568063394,1,-0.151273925679698,-0.137833381529779,0.425675293957019,-0.296374996807453,-0.0704014769105898,-0.414846386555282,0.650627464488524,-0.387520299867056,-0.0524249498413618,0.155183858162626,0.290243544818266,0.124833990999708,-0.855917779840296,0.188603767001771,-0.19834217307293,-0.224741823633028,-0.412496838789994,-0.547633462474665,-0.351915095632198,-0.206926026379128,-0.127407110650661,-0.395239873252709,-0.733849309805012,-0.189503162194756,-0.789509404683228,-0.222242543400221,-0.414848385849389,-0.37044765969086,0.317185340896477,0.738976504286495,0.642963324321452,0.8687504790104,-0.163218563056341,0.323988984952177,0.494354260921527,0.273934808673732,0.182773130840224,0.534732482921732,0.113240507652943,0.4282496958304,0.00859002942665582,0.212657156820077,0.224292443055605,0.106269435041975,0.653706994425687,0.689770756607998,0.588623696927023,-0.196501159087119,0.480745647147763,0.622339826840074,-0.101270711394611,0.397217606468503,0.235273307409109,-0.38225892516698,0.28139169633421,-0.233741029858515,-0.570824652007502,0.0136774173403519,0.459097343569652,-0.251391705052048,0.294752042419531,-0.450705758090506,0.189796172618303,0.207345664456816,-0.103504608219821,0.210871762704576,-0.490715709739521,-0.474373293594694,-0.303964426401221,-0.139346413903391,-0.409097348190907,-0.690952405625204,-0.447897545786128,-0.786510069869377,-0.229829225018394,-0.180504189310677,-0.134012492591812
0.429056915383884,0.0699290628080381,0.189698883225944,-0.138015175395519,0.136339680888176,0.705627000505072,0.413971748045179,-0.206614662725692,0.320744335970851,1.36746161486451,1.06105791328204,0.788848059970914,0.748458061586854,0.846161955351904,0.453637840643407,-0.605586115554194,0.00929181010641816,-0.836148548136994,0.217381965790357,0.0756022382025631,0.309286475980077,-0.627720973907205,-0.151273925679698,1,0.840681767485269,0.3323658748872,-0.144563844604744,-0.68708179646959,0.504780180799717,-0.7260046798894,-0.00144821355621622,0.520966583578048,-0.187523976689896,-1.1819212925945,-1.06829400465827,0.446326523563524,0.0737997950571194,0.602712357358993,-0.381919906680086,-0.0174512023218124,-0.325795132046764,-0.461796362954046,-0.43998376203951,0.715094096457802,0.473152442444393,-0.290990297598371,-0.451624225646577,-0.0801667468073793,0.803164866177679,0.695748955493358,0.0277468103111445,0.0495924754123494,0.149646126187729,0.435596233479303,0.552922502090644,0.425686033321915,-0.246678364281695,0.405427508149615,1.26186706837054,1.28545572358435,1.23640518949114,0.676026094681953,0.590498229665666,0.689406658128622,0.909460487404641,0.411033894786843,0.0631397116174471,0.585413943330014,-0.235838243290499,-0.23126316249896,0.619239571399303,-0.206364654591571,0.067749385454589,-0.0405729439517714,0.637227153112183,0.511195712203507,0.522643931455093,-0.356702647873098,-0.406645361437712,-0.73130420118932,-0.340247222690494,0.0946143848647363,-0.133444429535266,-0.794645003320636,-0.530005241999358,-0.320545060406915,0.483059786397589,-0.183033598557128,0.282798420093366,-0.0181153875005258,-0.325033425811373,0.487804957311671,0.097547608558939,-0.878482347367914,-0.564832157465577,0.496597060658754,-0.493094601062228,0.205953021121471,0.763959470000467,0.761765796222567
0.549897696092946,-0.76947782607099,-0.0810903221899315,-0.689480866861233,-1.25752050665685,0.156895500649499,0.203362122537714,-0.462497934696281,-0.135120056428547,0.328565526013566,0.86350129526571,0.271917366492496,0.66624618677773,0.0458640877154295,0.113831546588538,-0.425509848594998,-0.0669713325008531,-0.784874002269897,-0.27452347157974,0.922702206681169,0.685119586800475,-0.518290513578293,-0.137833381529779,0.840681767485269,1,-0.258969644551899,1.05053292611166,-0.219777801540384,0.720570101063187,-0.784302997616353,0.419126369461362,0.702341003280531,0.50443844631338,-1.0023760395135,0.0900779220898453,0.635416247751205,-0.22150595410367,1.17296431191614,0.241821980981898,0.39456815458906,0.385358455999446,0.890418954371264,0.73865518442639,1.05761907016948,0.796411600806677,1.25560145528007,0.178613500522086,0.685934720064887,0.801359362737851,0.663160354397014,-0.231625044121342,-0.617906935610132,-0.915838798829174,-0.929255902807531,-0.828305628739331,-0.284706670302352,-0.840025309018476,-0.430695901506153,0.184916533829399,0.297642923085034,0.210895607920868,0.911317047687133,-0.0873118049909977,0.258689525789288,-0.0815466868882716,-0.0833133042421337,-0.103951924392811,-0.214491908729356,-1.26139892693721,-1.42793830415616,0.376093803451746,-0.843459659482675,-0.72711711934511,0.335348092127264,-0.0597852979860555,-0.0620665000948897,0.389407320478735,-0.560604697727038,0.232273391262737,0.304642461401946,-0.547786108692008,-0.579767963126298,0.175542741023555,-0.784846901404583,-0.102066054854821,-0.336065790798476,-0.504320200571687,-0.202304869710966,-0.799386109026546,0.748268615267928,0.259773316229698,0.439493150845803,-0.266305545393441,0.235751762702263,0.618217786541544,0.589961947959106,1.02190772063659,-0.121071362117845,0.595452731374581,0.000944568271512319
0.225826762594453,-0.321458932046702,-0.123669295305924,-0.587622774809999,-0.990405825242054,-0.614025821952625,0.621147143114418,-0.0868729330267256,-0.419127904618044,-0.259468687506957,0.569676431158555,0.0258252861672551,0.294526105760294,0.0282353278139106,-0.236086250009399,0.611980720463541,0.444816868604125,0.114914869108457,-0.0534404911641196,0.682195058364117,0.589305751118127,-0.0681479025201792,0.425675293957019,0.3323658748872,-0.258969644551899,1,0.555124751036861,-0.118199320507366,0.00537811653236903,-0.282800189450491,-0.0537996011941794,0.4432971932951,0.630913106455007,-0.30149189202626,0.300387233388649,0.121500505326008,-0.814178166843521,0.805600439855973,0.294690924162533,0.296425208158648,0.141254389106375,0.443510242155702,0.370451751810754,0.554369267309187,-0.19197921852529,0.605156189930877,0.1127583806889,0.303099877167188,-0.106233528362993,0.125748559888478,-0.0744148939309597,-0.558689029151595,-0.129825207771685,-0.977973467295135,-0.838710697358292,-0.549383626486199,-0.0548622045667072,-0.190721629646588,0.0535106722113363,-0.0740593855226718,-0.220720678342139,0.328944981206745,-0.338760405417475,-0.00700279149908306,-0.245158092713555,-0.32067759767749,0.810292556270355,-0.140109577970998,-0.649556671673679,-0.706028139163235,-0.0134214987886883,-0.225093918593039,-0.158059485317509,0.433747968402304,0.00427184503389777,-0.234757370535855,0.00197854400226766,-0.354796109474978,0.541660650403369,0.363525953763962,-0.71760879587972,-0.461821947339911,-0.0778798166263821,-0.46980063142887,-0.332334178444955,0.153399112806014,-0.985146296206824,-0.418335462638417,-0.531258646240256,0.547734547761318,0.174116480331938,0.186002244437246,-0.11570357560866,0.347190510239451,0.297004451802268,0.116561099828343,0.644059047689858,0.0546359607253206,0.143107940814716,-0.202364590934005
0.00988827211578318,-0.0113572764120656,0.0540807289019369,0.153534389668409,0.404308190762963,0.545348823560683,0.0982728410090489,0.0020298541450075,0.561300086159399,1.40715911387108,0.891755249345646,1.088120168218,0.823229681557719,0.475353122994929,0.303373272202799,-0.686366276509266,-0.107757861202984,-0.416658871736785,0.130932940066875,-0.24287511250877,0.107785907509398,-0.415021255134676,-0.296374996807453,-0.144563844604744,1.05053292611166,0.555124751036861,1,-1.01067745811633,-0.00659064191801051,-0.651972631538237,0.0509299689312718,0.494549758732603,-0.293776368637955,-0.706118050787493,-0.73241685737759,-0.0541215776837762,0.225196445516853,0.0608745343504762,-0.137512267279606,0.145097629876389,-0.953962738647232,-0.10695377021397,-0.228262185477532,-0.133979769249826,-0.534266467323913,-0.507090079916666,-0.698818454151144,-0.865947167764667,0.0804489980069016,-0.0644373929563014,0.255569697998286,-0.146027011319414,-0.0528220223218441,0.256595378368563,0.733275041408094,0.22073422231277,-0.00547428760429103,0.426799042482217,1.41942826056559,0.938731737589972,1.28583382050095,0.527594317369767,0.722658874402511,0.508587103442137,0.621417751280646,-0.0882820147498088,-0.103890394840687,0.418252860168367,0.288385486937256,0.15573488909599,0.0855325158176492,0.285378691747512,0.0205850988121031,0.373841351572939,0.637459805269921,0.821794958595742,0.353342386647071,0.106898056173653,-0.399500892191944,-0.0615129395130125,0.12304353330151,0.190944720749931,-0.0135244542118788,0.0657917905911904,-0.2821698877051,0.317555750509568,0.440917885787801,0.0563510345806173,0.305866625738602,0.11043616724577,0.0818708493591427,0.389165531134783,0.376008138727625,-0.259527741324881,0.0898042557733176,-0.287257777360216,-0.0496950279632316,-0.247949188853248,0.0659772211933937,0.466211769720244
0.199604747350718,0.679554839319847,0.0545554268588641,0.246743577537045,0.33426091708376,-0.141608929865968,0.426855600370296,0.556688383820881,-0.0658095375913878,0.343681042104933,0.326825722994717,-0.0128619191916785,0.293122973652091,0.211161057352971,0.139746909393341,0.499866704236781,-0.177546914644436,0.320105204201171,0.0851764800425526,-0.246136056570774,-0.276068316044057,-0.427017392983711,-0.0704014769105898,-0.68708179646959,-0.219777801540384,-0.118199320507366,-1.01067745811633,1,-0.511562494133795,-0.571232683714189,-0.0660744604416783,0.365318496462677,0.171825782933772,-0.173659175480022,-0.801824526754393,-0.00853383535507038,-0.711440616761233,-0.164259506291583,-0.0481700038122779,-0.13102704317461,-0.3097503166949,-0.404620940079233,-0.663704806779902,-0.172574789685231,-1.01142031949969,-0.607524368253033,-0.612616197423122,-0.53878966404139,-0.419026503293734,-0.0502315592278447,0.766464307057378,0.0983306643532574,0.367824627341229,0.195607402864025,0.10174910904921,0.30075573515838,0.73453175172034,0.283310218636886,0.76854073212484,0.398052839115076,0.117835239716826,0.0019290290671376,0.0111721181316044,0.346756302718752,0.122748122190856,-0.229134003624958,0.586522477725024,0.1781966946304,0.406635030650794,0.568822384393993,-0.143865796008044,0.0875035212546685,0.0826732730191328,0.452684423152824,-0.0354022993969675,-0.0694824457908634,0.0166342438780051,-0.400103894803247,0.179307757955347,0.24918574876177,-0.328044841520106,0.243088917907496,-0.104825147555267,-0.250984385675457,-0.716569042081413,0.394669836644117,-0.521613353687535,-0.455543027657778,0.405121339758113,0.184055389212776,0.435692246634881,0.563387902141381,0.399038166624392,-0.00353484401853387,-0.486026497195996,-0.0139942365538321,-0.233178633353924,0.250228936206713,0.0768619334194081,0.478520282410585
0.0246530143165023,-0.870651119782651,-0.0135722819150027,-0.606835664789982,-0.883241974989863,0.116472783643968,-0.0437816917125088,-0.67309760085017,0.276683572884112,0.847378849842899,1.06356612467828,0.434263268275818,0.310777475120895,-0.28369421821916,0.489210002733361,-1.07219413393185,-0.317731949213505,-0.795755078135957,-0.394096229822406,0.103623019247422,0.317676797174828,-0.590827010534458,-0.414846386555282,0.504780180799717,0.720570101063187,0.00537811653236903,-0.00659064191801051,-0.511562494133795,1,-0.576160136319908,0.492940398119373,0.0672631443289491,0.513632262479356,-0.746389120351123,-0.416088924806956,0.279479390814113,0.645618441899272,0.657495195026632,0.61519221676907,0.337044999493402,-0.107804220242718,0.271412721651442,0.200568423777663,0.51936660128907,0.307164268517317,0.331500231632266,0.305371924731454,-0.00320754166563866,0.781166626231121,0.533515740679259,-0.000630561999480556,-0.447471740234203,-0.947468554226611,-0.715605020862466,0.0121592199129392,0.0646537140149995,-0.796927361664077,0.429760904695657,0.789326062275152,1.06352374464377,0.693042910724669,0.135182736600536,0.294714541229388,0.627601205116273,0.774288690762096,0.329679776607491,0.0460561979387455,0.178672193875608,-0.215180599436758,-0.492860634260312,0.59322727774681,-0.207602646382036,-0.494939230060906,0.470326471170277,0.48320913993617,0.450125797730507,0.677529973111916,-0.383831325632759,0.130636778820445,-0.0196554837398498,0.163665447611683,0.25098536970162,0.37382422458372,-0.015899535336327,-0.207039112425211,0.324184387870025,0.766756613610756,0.109290877552253,0.0551419339664614,0.582507329955949,0.328828685172361,0.528717446922824,0.659607288233366,0.182182062551078,0.248587042352109,0.188068827084513,0.468865471897647,-0.167866751515417,0.642218356264702,0.619670093408397
0.252673399853202,0.501238801923705,-0.344184462956981,0.273802736468947,0.417286771200013,-0.365411059025542,0.140889406593405,0.234838337204438,-0.550269873691552,-0.157960230482985,-0.292144600546759,-0.0903033753585933,0.0134766291718053,0.691674811963039,0.0287235293381361,0.693292646863599,0.375075766145111,0.83705097397116,0.665524261878394,-0.250133518152287,-0.17034086788759,0.281936254403156,0.650627464488524,-0.7260046798894,-0.784302997616353,-0.282800189450491,-0.651972631538237,-0.571232683714189,-0.576160136319908,1,-0.454177706733802,-0.0436515383438229,0.0311504022675045,0.407570213627388,-0.473471457072748,-0.206483763185943,-0.352414257957641,-0.348210529968865,-0.136679143584752,-0.39462175217273,-0.0466131415937606,-0.662276658191463,-0.724482117304218,-0.0801303811512316,-0.957531967445927,-0.796503568898595,-0.408523605231162,-0.300317916560018,-0.271099160447336,-0.0982943151967567,0.454087168614904,0.0495966118450052,0.647009621234609,0.449694384743874,-0.143100207339604,-0.214364448238536,0.644012546597139,-0.0958464206237397,0.191061101281677,0.0668111357742624,-0.124902543696003,0.157845974790847,0.0528524546230421,0.171643468072692,0.108519447158532,-0.013669732426725,0.547608647970296,0.589961535413465,0.497777850253215,0.876685164460257,0.0938528617423273,0.0881620328208126,0.910163817295891,0.0414077267465493,-0.235225373565987,-0.620429145129897,-0.302587383708479,-0.29428908869508,-0.00934322598881009,-0.0281227568558561,-0.57958234710343,0.31439253891513,-0.435920952373317,-0.244537413245719,-0.796460362316939,0.078668054675137,-0.301880871170395,-0.694805258895009,0.407499335378927,-0.449948193801153,-0.111218382693026,0.110614178444076,0.0708317110627269,-0.705416834386464,-1.16908880691213,0.0290944455769745,-0.974080685664593,0.248712261894648,0.145245564591103,0.219800342339076
0.0280346818369105,-0.387572216248667,-0.508768388251329,-0.0992387474234115,-0.217220635765756,-3.94053273347905e-05,0.148217516276502,-0.447909109668317,0.0302324087321648,0.417022700573046,0.510568345273271,0.0545007297005161,-0.0437950441008991,-0.00608245278811329,0.603152801320988,-0.666126032445742,-0.28547604786773,-0.509340249719872,0.229060534955597,0.257296704862753,0.42090046528222,-0.738623559707898,-0.387520299867056,-0.00144821355621622,0.419126369461362,-0.0537996011941794,0.0509299689312718,-0.0660744604416783,0.492940398119373,-0.454177706733802,1,-0.167982256182839,-0.0236720987497279,-0.526204561467262,-0.752857068820471,0.490852093108108,0.358284452108077,0.15513481938748,-0.0280186890627315,-0.19182605530932,0.143893663142965,-0.152335571168242,-0.227602071889611,0.382074776587973,0.543388945264406,0.0205120222442509,-0.246116834645908,0.0803571162157175,0.610333494843713,0.434856414530792,-0.0533780451742656,-0.57075745814122,-0.469515281473057,-0.258396746456566,-0.318428699642602,-0.0520191589490789,-0.578132477786272,-0.115768446471155,0.366426851308328,0.623832837420813,0.32291715284317,-0.0663171289087768,0.214821124066468,0.891381897743172,1.06680345707627,0.526842708761311,-0.161579836673676,0.121151468401485,-0.169079880026897,-0.0578657173624096,0.946385660102351,-0.404737103359434,-0.162285647949643,-0.297796505489087,0.208507825126491,0.118235139924239,0.752473257346262,-0.292199044440968,-0.146451272223232,-0.0821587640474764,0.193159838797514,-0.0125709487932807,0.0912627388749015,-0.374150505541913,0.335500425561254,-0.163372638427555,0.462401736862859,0.0634573740624549,0.142638502192606,0.0766091034377864,0.0879303761180968,0.400783958912529,0.322264040581995,-0.626904492842659,-0.293065957693482,0.300842554695564,-0.177042940894934,0.159096675430145,0.328310802660328,0.392229831536103
-0.375223768524658,-0.97247424218754,-0.324587909938046,-0.214436883598727,-0.2928159151162,0.0700872672298941,-0.189457073275335,-0.913957568819021,-0.0624335627876866,0.0197723382756033,-0.0790213393969286,0.625984210047487,-0.201392690486806,-0.145630441503226,-0.522449088111132,-0.496441297505071,0.745781261221291,0.0272637240748284,0.408712527923841,-0.123233700113845,0.592515104714823,0.401356043252071,-0.0524249498413618,0.520966583578048,0.702341003280531,0.4432971932951,0.494549758732603,0.365318496462677,0.0672631443289491,-0.0436515383438229,-0.167982256182839,1,0.00296519193028739,0.296069793644551,0.305258978933955,-0.0158495446388913,0.931743636037248,-0.488324007988651,-0.337751736706694,-0.0697713905034608,-0.318251720353819,0.10666706536085,0.330552376750319,-0.110746561813126,0.551474228910345,0.229984085402701,0.00982030430775905,0.139938283062532,0.158888214900781,-0.177376259491207,-0.602667438428054,-0.627811462931123,-0.612467562714245,-0.434392583660291,0.247325860063088,-0.641053007203717,-0.995832072326635,-0.475399458338577,0.0387122207065426,0.0372942872448731,0.332810098559522,-0.26585965008179,-0.112370310538229,-0.00648006291575596,0.428726168818224,-0.514482566886813,0.0214399195852575,0.472768425480282,0.277422092996425,0.104930189131105,0.422710748173209,0.296190548920225,0.283577336057446,-0.257279595480447,0.643028452101096,0.421721466116989,0.295208788089959,0.446104597331533,-0.457823012364234,-0.521112021686889,0.451968600827125,0.248442366665231,0.175131016598732,0.612452254475236,0.716112639520804,0.047688291577269,0.798013364681362,0.505087694783031,0.0545068518196207,-0.344369099298378,-0.362648979447855,-0.64226471595512,-0.0181974016838901,-0.432136292199868,-0.0893098456576595,-0.221706111502224,-0.128190115037651,-0.195551893699793,-0.0213625186004049,-0.208321445272915
-0.157164462263698,0.277059782123786,0.511046286442012,-0.129700973661069,0.137131946954895,0.481993106684107,0.554760774300624,0.089892926502769,0.651677094029748,0.549657177417118,0.775687722498774,0.303410952131739,0.217101613154351,0.465482295767424,0.899404279114182,-0.287424755511085,-0.122765972540533,-0.217520607942032,0.0965248931006756,-0.275595532021418,0.080424950173387,-0.265243862777513,0.155183858162626,-0.187523976689896,0.50443844631338,0.630913106455007,-0.293776368637955,0.171825782933772,0.513632262479356,0.0311504022675045,-0.0236720987497279,0.00296519193028739,1,-0.546243010452241,-0.614523596164658,0.0447541356665714,0.253680029175472,-0.084903209048297,-0.504618023932706,-0.0293256674135018,-0.481906122431025,-0.42026936612714,-0.401164236046029,0.260691826114782,0.557868565307739,-0.563035716278549,-0.53883706078545,-0.252503651929101,0.231305623851636,0.142559337634499,-0.149915558136529,0.410230951803607,0.547210464366192,0.234439932500645,0.816699767252548,0.608074964263821,0.158608115364619,0.846189797729142,0.760813808431748,0.991423593685951,0.72697554111095,0.00879068325233895,0.50477536622134,0.520982116171819,0.877911151168953,0.832046077471211,0.14977964272302,0.22692974750481,0.205616937441796,0.479099789906335,0.659554859538602,0.0150370780761312,0.291448856471351,-0.0957865231834182,0.491324422641511,0.621439473435798,0.595157638959642,0.227699572182526,-0.447131226396703,-0.941949527221724,0.0280233593567656,0.281929648611242,-0.029771519193086,-0.377973063529298,-0.0326983549334209,-0.289374301201066,0.994847458138496,0.211032655461126,0.802111174270463,-0.156294685502933,-0.869830276802745,-0.0892422980112485,0.346437768096722,-0.624854354260872,-0.593806822123794,0.028017996529801,-0.536501310755302,0.27849649406591,0.24043114526084,0.484615111860353
0.0926266776045122,1.41532934973703,0.425765110210377,0.726201380800027,0.842309490007789,0.189996732016235,0.747071910274857,1.12210196540714,0.066489247766253,-0.600076160096919,-0.540606790524209,-0.774947441203707,-0.0771348037783797,0.40482263905094,0.397654134989229,0.645494654601616,-0.715065006570364,0.197885967377013,-0.0020250982089573,-0.649178271185169,-1.1716122154829,-0.451357567874906,0.290243544818266,-1.1819212925945,-1.0023760395135,-0.30149189202626,-0.706118050787493,-0.173659175480022,-0.746389120351123,0.407570213627388,-0.526204561467262,0.296069793644551,-0.546243010452241,1,-0.331208575521032,-0.387204477534428,-0.77559341108913,-0.150660461560792,-0.213535117567726,-0.162899231368034,0.196145040112853,-0.757245613558418,-0.61357731749879,-0.0891355894057009,-0.552978395455692,-0.548861367728155,-0.187556527766524,-0.233801945251058,-0.379374734504791,-0.175126027866908,0.525198241862585,0.899437924396371,1.13677951552459,1.04753118413426,0.486020522279981,0.537200553753551,1.44115933556796,0.557027791478078,-0.314924343004467,-0.270938114851511,-0.24776036737217,0.154665546396945,0.139499258900017,-0.178933707751806,-0.380418373107933,0.566424390573432,0.242929164786514,-0.392305918525215,0.0637879954305797,0.452565681834,-0.650684926246447,-0.180490405093025,0.367661812645788,-0.157662909451791,-0.670537823647933,-0.621619067779336,-0.756261889372074,-0.188886865196433,0.0231869659692101,-0.46773281567011,-0.779714034876271,0.253596993698883,-0.287427655697105,-0.28441283991027,-0.69939999160486,0.160655723932629,-0.315215160244825,-0.201381061021024,0.250996247945044,-0.0658069878113997,-0.316631886153653,0.0864894813991459,0.0208294684202704,0.0519542573889968,-0.687775077776629,0.15995340632439,-0.476423876626175,0.464464530238805,-0.24453484439087,0.0909985707002365
0.0149664485715174,1.06137390835552,0.15917961385634,0.421073576945708,1.0483311681238,0.619300504571237,0.365182604782997,0.450944084512517,0.169712761410777,0.70583999182456,0.124763655632707,0.391823335262928,0.435087954170744,0.767037751096763,-0.0592554871641258,0.169889191522798,0.0729205548690542,0.0764016933157099,0.458780412674517,-0.578466028202002,-0.438367908329839,-0.24946197942449,0.124833990999708,-1.06829400465827,0.0900779220898453,0.300387233388649,-0.73241685737759,-0.801824526754393,-0.416088924806956,-0.473471457072748,-0.752857068820471,0.305258978933955,-0.614523596164658,-0.331208575521032,1,-0.257438396679945,-0.333955234442284,-0.25812830414561,-0.520655451906532,-0.428009379761697,-0.454403565385735,-1.04995318480969,-0.70173106378139,-0.307628543945911,-0.282241222309436,-0.855611404622499,-0.512754738708053,-0.477090867925336,-0.265750458900079,-0.115960333469532,0.15062526632498,0.295601688700825,0.957500347100064,0.922352132567682,1.02562116698703,0.498729776801292,0.657792967927685,0.401082419665917,0.724635229906255,0.446643273186037,0.680218286745017,0.316981417865581,0.245335912073621,-0.00216559794259263,0.233924252268065,-0.1261206751227,0.237515409794762,0.356084541108529,0.790288791488826,0.906863846319325,-0.107333921763083,0.161967552613425,0.468914437642239,-0.360525022108665,0.297518048175025,0.131942686638179,-0.304082679094347,-0.0455887512060645,-0.673833361900998,-0.867960435408208,-0.112729019204431,0.719294158935121,0.0881680848349051,0.0207614388251504,-0.427566087588589,0.312596962301889,0.253804244803922,0.091262953547357,0.676144424528448,-0.118038505595357,-0.199899117229646,0.00131351517511402,0.0189499710330289,-0.528794622106421,-0.846547244283564,-0.111225614813539,-0.650807364826692,0.422889568359835,-0.19458653913631,0.46155694497872
-0.0467433372176672,-0.389379571608856,-0.0288452854246045,-0.0799977205458773,-0.0338596919412359,0.194363237438264,-0.678238550255487,-0.319366923627496,0.343656648410869,0.514815837297637,0.462611247459126,0.374983139738531,0.00232870998933164,-0.141863898304747,0.0305924571166736,-1.20792712234184,-0.245202782152296,-0.923325911691812,-0.329489448746555,-0.0241129998170407,0.0814521098842257,-0.469910682585977,-0.855917779840296,0.446326523563524,0.635416247751205,0.121500505326008,-0.0541215776837762,-0.00853383535507038,0.279479390814113,-0.206483763185943,0.490852093108108,-0.0158495446388913,0.0447541356665714,-0.387204477534428,-0.257438396679945,1,0.634481214572601,0.177463095810533,-0.242079816889202,-0.0564678945140671,-0.306805290780889,0.118221219007376,0.0367512959286384,0.131421805937056,0.357254391183989,0.110400818803123,-0.0965832727699636,-0.242662476854096,0.293477408100921,0.301233324617649,-0.417607663340397,0.120604996394951,-0.576551751781856,0.279329179279393,0.614244173524512,-0.0317743269988048,-0.575447869442654,0.324107320537003,0.50080673558323,0.44438058890633,0.753013673663259,-0.0404952144869248,0.570228141249772,0.486518235068253,0.46649954432304,0.204636074271524,-0.663068465315544,0.347106555345291,0.168868047152703,-0.385790047126643,0.16752230270787,0.204937495953571,-0.309659322129528,0.133605988676341,0.527978466125567,0.757752113533922,0.31469117693156,0.162002450933533,0.0504682636913668,-0.106029203712889,0.843066727816884,0.232223931122757,0.186102844873885,0.202735615532033,0.243808439704861,0.0711056267151427,0.358019199888924,0.170515579852973,-0.00500420927959291,0.221677162823351,0.111531838280516,0.0256029027540518,0.198328354634987,0.180730591316152,0.386782420041248,-0.0826528715321525,0.276010403465818,-0.106759273125078,0.189423124676797,0.191767963444104
0.229517375904229,-0.12826970692894,-0.247743169051479,-0.171563681840192,-0.878117488786058,0.311423586647045,0.213927777948251,0.269661222052881,0.251140160753968,0.228905991131293,0.16323349417056,-0.586447869276653,0.624590301102371,-0.0365769214852118,0.605668261864352,-0.065341592473349,-0.959500523377595,-0.183218222728568,-0.383703185376848,0.427943481816138,-0.0948043205403346,-0.6066941543542,0.188603767001771,0.0737997950571194,-0.22150595410367,-0.814178166843521,0.225196445516853,-0.711440616761233,0.645618441899272,-0.352414257957641,0.358284452108077,0.931743636037248,0.253680029175472,-0.77559341108913,-0.333955234442284,0.634481214572601,1,0.853294797688246,0.71866531568266,0.563784344861894,0.46087136393158,0.247874371401136,0.355658223157343,0.378604859242601,0.152176155488313,0.607580307872706,0.24536624936195,0.383533196542281,0.458477312255457,0.45112902148997,0.555445715509332,-0.352957491978172,-0.618941307334008,-0.547028922578126,-0.794220982302807,0.17619342141691,-0.0917722957663711,0.022185353225122,0.197506882380766,0.221200008769067,-0.25244514345137,0.675321092885197,0.221033827048023,0.0591006048699019,-0.119920775917566,0.36900526215147,-0.366764993465493,-0.81611695024972,-0.903089171990151,-0.58005845570184,0.169334139290852,-1.03382352869869,-0.550986819097534,0.333908023430917,-0.812532380665757,-0.652580790773004,0.370825614510874,-0.774689536094528,0.0324203902076192,0.685579785171259,-0.65846305060521,-0.43154971837776,0.231673463205605,-0.722481554171033,-0.484262776650919,-0.244275408621798,-0.0269802081081769,-0.316453680437234,-0.151789590140255,0.541661986010046,0.184729105670054,0.758752051836399,0.234985931109293,0.434655002259244,0.439791647673672,0.464068522691638,0.667262149716337,-0.136087925691152,0.155706449817443,0.38662383173824
-0.177912158687346,-0.678709775840052,0.25343553082188,-0.248958448051094,-0.0573986491841499,0.423185404757811,-0.327455862241627,-0.604823417006157,0.550425675464113,0.951716312086095,0.521662545862514,0.96003409903558,0.365087096432339,0.091271069501255,-0.0449183244402493,-0.704872370763751,0.409906698178583,-0.283641629670263,0.118651308556097,-0.0922569734012409,0.706489664127676,0.274725591068782,-0.19834217307293,0.602712357358993,1.17296431191614,0.805600439855973,0.0608745343504762,-0.164259506291583,0.657495195026632,-0.348210529968865,0.15513481938748,-0.488324007988651,-0.084903209048297,-0.150660461560792,-0.25812830414561,0.177463095810533,0.853294797688246,1,-0.159792696219361,0.218167592034621,-0.702437286798521,-0.091101020521179,0.0217477487732027,-0.177188946979001,0.497035038729452,-0.236598690561043,-0.170081828753664,-0.155831216338623,0.226193960838887,-0.00540406473027211,-0.308298280431187,-0.191163170242524,-0.595738785220804,-0.203347332343428,0.544631752254564,-0.0857409968764516,-0.823852430741417,0.174594626943595,0.751375409275596,0.85527009767326,0.745295758980755,-0.191445851023177,0.211368579298934,0.316370495719991,0.847091844035416,-0.268188409675371,-0.149464666515723,0.532252000127756,0.23212761828177,0.15811420715823,0.748496920993046,0.27914075309337,0.122039424539272,0.0831462371753453,0.918392099593064,0.862067319383666,0.780714743130938,0.369779907936236,-0.510322383299309,-0.332629909784582,0.586791178784581,0.0127655604282208,0.159903755825243,0.282367967053569,0.452388023562668,-0.273312312769219,0.904882487071246,0.411510547058762,0.168301654632647,-0.352998945298412,-0.344374599447052,-0.235000612278751,0.357960791250307,-0.536126184769125,0.0704035367553191,-0.206588156819776,-0.321694085304664,-0.384150142895887,0.271868796654304,0.193569609370626
0.0412318253265539,0.182744334133909,0.262126139543257,0.1362543019232,0.496538522880316,0.585076208151368,-0.465790541861122,-0.0873482172144456,0.546000272043383,0.440205614513395,-0.0353227622727012,0.160971073189699,0.360567967668409,0.39585820578631,0.339724905215507,-0.539001249119119,-0.169548854950836,-0.316654887087035,0.126286422842727,-0.519636203720741,-0.0526138811754083,-0.173000925111668,-0.224741823633028,-0.381919906680086,0.241821980981898,0.294690924162533,-0.137512267279606,-0.0481700038122779,0.61519221676907,-0.136679143584752,-0.0280186890627315,-0.337751736706694,-0.504618023932706,-0.213535117567726,-0.520655451906532,-0.242079816889202,0.71866531568266,-0.159792696219361,1,-0.305105004376649,-0.445531592372911,-0.42359499787335,-0.408054634840632,0.000317349341046519,0.746009162418347,-0.43267392589762,-0.181816952753355,-0.159432311467133,0.259662590689096,0.132114704885987,-0.189116909757712,0.321743958831501,0.187827921041081,0.525283655212799,0.864729551185344,0.1374278891648,-0.155562473204166,0.64116911132108,0.301420060263496,0.610534006410751,0.544893453449134,-0.0895523097361048,0.442790005442312,0.30925545259492,0.560494941892016,0.206455297559436,-0.525197984688103,0.26918370937866,0.592304115890332,0.668525107178609,0.510415951136519,-0.200675532111557,0.256973253347485,-0.369915952892108,0.330310575248303,0.285815458126957,0.283638318692103,0.156860489613527,-0.681677659023065,-0.874868101482653,0.385169278216571,0.565296835735335,0.317316396778898,0.111259171050842,0.191669605468364,-0.301223418614634,0.999864382601272,0.537067028950398,0.409155871803721,-0.473101815379637,-0.760745894478274,-0.338638444319564,0.0282861469499242,-0.595690066407076,-0.620555853025257,0.0472992996270199,-0.657776228856329,0.0521633141197524,0.186539671031286,0.328888143191753
-0.241704139764776,-0.50287313979117,-0.34814153342699,-0.576157054817044,-0.292582099969385,0.11112053493668,0.0199280727409138,-0.779933059236915,0.0970358353435461,0.531901375783275,0.373215552729242,0.360257799518664,0.0108907964916355,-0.11509875751398,-0.404492865946053,-0.290554327472042,0.351397935938728,-0.593960720608258,0.0203354390225071,-0.0744254638223199,0.398583410592194,0.180252160880338,-0.412496838789994,-0.0174512023218124,0.39456815458906,0.296425208158648,0.145097629876389,-0.13102704317461,0.337044999493402,-0.39462175217273,-0.19182605530932,-0.0697713905034608,-0.0293256674135018,-0.162899231368034,-0.428009379761697,-0.0564678945140671,0.563784344861894,0.218167592034621,-0.305105004376649,1,-0.435638585140934,0.307980246213661,-0.126484526559677,0.288737515936641,0.322509634001347,0.11676794770983,-0.00602507303329323,-0.190676845290568,0.500531298959082,0.315027837092931,-0.897931802000655,-0.370479704595111,0.164485188905039,-0.181234877927519,0.533517238682664,-0.000705486411519629,-0.859405739694765,0.0861117525142005,0.508191080415577,0.440400480063438,0.60690992801175,-0.113174270649534,0.381134285296159,0.288358610931815,0.405566159532249,-0.314554803566171,0.35641627127564,0.448371765128934,0.435951526702314,-0.0220750675199438,0.451240668378495,0.287066939984273,-0.0860718187533644,0.209092518746935,0.713115338079495,0.526043984508066,0.320676050352299,0.0751646854049824,-0.121937042356184,-0.200364366363356,0.43017299394815,0.356805449852674,0.38454543513201,0.42699695541611,0.118868640268602,0.109011398185808,0.337107241456531,0.52458161209091,0.124304702928325,0.268592580626281,0.307122079785542,0.0580424843657645,-0.0187501623610761,0.174746012012207,0.118980515503717,0.256420693214818,0.221719621263066,-0.0548853096928533,0.470239645409072,0.428991271844254
-0.138504792983325,0.407062363020288,0.269864601946929,0.352522100403902,0.843650386417305,0.424047718257207,-0.797961016160927,0.100861678405679,0.509911435611799,0.465124325274998,0.0547778705661384,0.171062369617646,-0.161789316085305,0.0254666518537029,0.145458167984427,-0.742826871238317,-0.334142378967497,-0.145514255800425,0.00310541350151561,-0.915071712389253,-0.50413498096723,-0.0796564847359194,-0.547633462474665,-0.325795132046764,0.385358455999446,0.141254389106375,-0.953962738647232,-0.3097503166949,-0.107804220242718,-0.0466131415937606,0.143893663142965,-0.318251720353819,-0.481906122431025,0.196145040112853,-0.454403565385735,-0.306805290780889,0.46087136393158,-0.702437286798521,-0.445531592372911,-0.435638585140934,1,-0.616302528324361,-0.294155666812443,-0.769990482258809,0.0551225169281004,-0.669782026086878,-0.248708321946705,-0.582863115465465,-0.190070061710319,-0.271118447228151,0.073516702940745,0.740721912045078,0.100145637765054,0.97769449716166,1.10475281981957,0.615552146194783,0.124450337259498,0.550202362603891,0.428748745220767,0.466478175953128,0.313634798643165,-0.492180962248877,0.398412188036158,0.0851048231269213,0.345144821910715,0.103860300055145,-0.604333189625466,0.321856632522004,1.01584394314402,0.80680014786622,-0.110762439699667,0.523534936841256,0.178616472290799,-0.190395116486072,0.40355849986767,0.531494798220733,-0.0276339683239523,0.233234487588644,-0.358870069169399,-0.523715280312692,0.804708038522496,0.582836959100683,0.324091914370421,0.72710308293516,0.273427351788367,0.156434774710839,0.778005061481486,0.435921398214956,0.61962792454947,-0.369033911096265,0.0267459877858584,-0.255741169478249,0.396757066113705,-0.11149115476036,-0.267872556761644,-0.333962990805126,-0.582015695728019,-0.145717120684056,-0.0780249104251271,0.336555396880241
-0.584552905890178,0.200372880564579,-0.204935095243546,0.476147234869084,0.317750402283541,0.28876601026553,0.766897860708034,0.0806153350253019,0.306046255023857,1.45273471368168,0.508996865370555,0.664807623007189,0.548729616384617,0.686730913962981,0.330552875611931,-0.175737253242846,-0.229863948616845,-0.484803096239785,0.402228296311201,-0.152257675361927,0.161543163076615,-0.527642869607219,-0.351915095632198,-0.461796362954046,0.890418954371264,0.443510242155702,-0.10695377021397,-0.404620940079233,0.271412721651442,-0.662276658191463,-0.152335571168242,0.10666706536085,-0.42026936612714,-0.757245613558418,-1.04995318480969,0.118221219007376,0.247874371401136,-0.091101020521179,-0.42359499787335,0.307980246213661,-0.616302528324361,1,-0.619544914959395,0.161010359154315,0.232014713232014,-0.261582689809893,-0.934600002344156,-0.457113651156817,0.0160254842884276,0.205580789165896,-0.304720218196132,-0.408389602482844,0.49702007975515,0.306154492023768,0.52467308610823,0.148499466431349,-0.21252633298239,-0.0407754448794945,1.53328711444372,0.664126873725126,1.16545221399872,0.3979939386747,0.645653958614022,0.598384310166559,0.782105276368946,0.000117496025965336,-0.0954052180875633,0.215603559973968,0.133665934981911,0.160484302174111,0.453625394143862,0.0148432239207449,0.052956818993096,0.340618270395751,0.41306402500571,0.702417008393207,0.674371064475838,0.160708009529236,-0.55002521189115,-0.257679156032967,0.0634771337106787,0.0996131185364054,0.0672668610903445,-0.390255046661899,0.210774285385035,-0.00660608789766695,0.823424579649076,0.145887500246315,0.242266121058259,0.137449421189505,-0.362296398508813,0.26032903335681,0.4735971080965,-0.437237336031198,-0.138960817921727,0.0569553377983204,0.00478358565047188,-0.0352877199584438,-0.0687087200089266,0.45884806003616
-0.00446463872789593,0.145913051417714,-0.0471763361013286,-0.0164083662325603,0.412333912593385,0.882284416194247,0.223997589102567,-0.219279245968236,0.418500926024195,0.789945657383293,0.579184526556634,0.514333791492774,0.573197127143254,0.32655585407013,0.285600335327756,-0.467945063490332,-0.189304855429076,-0.460315169314768,0.260414603281042,-0.398916268596471,0.0206830575423454,-0.427625103832145,-0.206926026379128,-0.43998376203951,0.73865518442639,0.370451751810754,-0.228262185477532,-0.663704806779902,0.200568423777663,-0.724482117304218,-0.227602071889611,0.330552376750319,-0.401164236046029,-0.61357731749879,-0.70173106378139,0.0367512959286384,0.355658223157343,0.0217477487732027,-0.408054634840632,-0.126484526559677,-0.294155666812443,-0.619544914959395,1,-0.0478205844995581,0.427055153728571,-0.130061264434694,-0.301290082651593,-0.192335122808777,0.430293427183426,0.191880081209251,-0.0708162850577602,-0.21115065453138,0.173229483091837,0.185366758404211,0.724360981851972,0.417859814871672,-0.217795187891958,0.212361707026357,0.711925283697734,0.864432500682683,0.654115640557751,0.320786819196687,0.257217184333306,0.256848483544685,0.54729538550257,0.158422560363295,-0.0364524228571533,0.0555727453651764,0.262787549981733,0.296340094956473,0.299066772016935,-0.282737716582237,-0.131848988012779,-0.456743262360478,0.30654792858647,0.243322426755317,0.235184952327852,-0.0951278964126901,-0.786495058645108,-0.618739480908582,0.0797523173996433,0.392329806115431,0.246321901100392,-0.0496395160853719,0.0229660544657997,-0.0648729178660081,0.684421372480319,0.338218648977367,0.467214730340327,-0.0297963391997911,-0.0947839834764505,0.0933451371243477,0.0542553013957675,-0.564119636040969,-0.429928480513987,0.194754356172145,-0.3215129917322,0.170942791152052,0.106179822965134,0.594112483445821
-0.284064400877634,-0.465439040120672,0.0407710279887481,-0.210096968054243,-0.240370655900073,0.00126270141598137,-0.210916065978422,-0.255171192051887,0.340123828025024,0.668374544251632,0.80847124998349,0.742922251908259,0.298340242265241,0.0154120954485896,0.223562006177126,-0.388836708162434,0.280924934805545,0.0538219837399095,0.0638550430338212,-0.0127181217058341,0.819249149965,0.367620645330196,-0.127407110650661,0.715094096457802,1.05761907016948,0.554369267309187,-0.133979769249826,-0.172574789685231,0.51936660128907,-0.0801303811512316,0.382074776587973,-0.110746561813126,0.260691826114782,-0.0891355894057009,-0.307628543945911,0.131421805937056,0.378604859242601,-0.177188946979001,0.000317349341046519,0.288737515936641,-0.769990482258809,0.161010359154315,-0.0478205844995581,1,0.0183086572512991,-0.240599292264847,-0.557154448100617,-0.429271549935867,-0.0791762922741898,-0.24904923907547,0.032655264707676,-0.117564140064109,-0.440977574745514,-0.398687388583211,-0.0134545514087023,0.0116339189928385,-0.522801123502201,0.0854413103507172,0.793794554721656,0.882680135429142,0.513380676732073,-0.0516879460736988,0.172367240084434,0.359951096560498,0.657735485497756,-0.044398379078034,-0.215502248469743,0.387462949175293,0.0965944451414394,0.123134843432729,0.662204101428178,0.361524170570084,0.0245133677822347,0.415970900595854,0.673329582917772,0.850905460149995,0.81268572242187,0.407188091036194,-0.303295723675689,0.201128081842712,0.448833117290077,-0.328174409521481,0.0250253701813398,-0.00597032146502385,0.358275185580188,-0.364772924045508,0.589742278313234,0.0222782618234463,0.159442556849224,-0.281790694067261,-0.214076322912004,0.0223783603750725,0.492576404383923,-0.195999096761908,0.196909159307657,-0.353814929456265,-0.0905018026173669,-0.647512703096016,0.0501455407336799,0.0250945491108502
0.0364280802543965,-0.341999593695912,0.137359169730104,-0.45449273541381,-0.397201887292028,0.299761799229699,0.0386767633136267,-0.196067525070082,0.759733353978514,0.935756441611585,0.931164224060126,0.471158616746408,0.429262488278021,-0.41930972619716,0.53066913590663,-0.958913167931511,-0.461659655250127,-0.417483748503999,-0.453603649821966,0.367423442204326,-0.0219091585439111,-0.771996829266821,-0.395239873252709,0.473152442444393,0.796411600806677,-0.19197921852529,-0.534266467323913,-1.01142031949969,0.307164268517317,-0.957531967445927,0.543388945264406,0.551474228910345,0.557868565307739,-0.552978395455692,-0.282241222309436,0.357254391183989,0.152176155488313,0.497035038729452,0.746009162418347,0.322509634001347,0.0551225169281004,0.232014713232014,0.427055153728571,0.0183086572512991,1,0.100439767230131,0.325601706400387,-0.243041179515249,0.366072870840851,0.299200458896673,0.259294101212068,-0.315894623817179,-0.792384089190921,-0.539009053591775,0.280142277509004,0.418650437395061,-0.197876935459442,0.719873835758991,0.730244149162601,0.75260759209385,0.44955056368529,0.104252232374034,0.0386076189188307,0.411384080765119,0.665869091310936,0.226804239199126,-0.0323683176753376,-0.208749668480449,0.00578427146816762,-0.0321065483668306,0.317574624297202,-0.278965581907866,-0.780131372080987,0.27799740612738,0.290804328756392,0.253773415184755,0.533551953130217,-0.69763512254731,0.0607989487757996,0.188464980349363,0.368983150281181,0.321747871601329,0.408741873691161,0.129804922291955,-0.269003307656248,0.522207654679426,0.427596867311732,-0.107024604854199,0.402091538139322,0.844674642449883,0.493371504232809,0.614339923241741,0.757849505109817,0.243421954009336,0.530236675942719,-0.187232747351188,0.636506183705646,-0.105618968105904,0.162199219206709,0.582861861745625
-0.196537569870169,0.116476582631115,0.176061841726464,0.249732457250345,0.61322137167965,0.87776452405078,0.0350695880155505,-0.0218305975797292,0.681350203784652,1.32478919422661,0.637994400784086,0.703795815281335,0.673627173532307,0.262269646231225,0.160684390369636,-0.570521879946282,-0.312953827462633,-0.558274413427029,0.0729316703912216,-0.689841036279031,0.129936609818942,-0.23990804001564,-0.733849309805012,-0.290990297598371,1.25560145528007,0.605156189930877,-0.507090079916666,-0.607524368253033,0.331500231632266,-0.796503568898595,0.0205120222442509,0.229984085402701,-0.563035716278549,-0.548861367728155,-0.855611404622499,0.110400818803123,0.607580307872706,-0.236598690561043,-0.43267392589762,0.11676794770983,-0.669782026086878,-0.261582689809893,-0.130061264434694,-0.240599292264847,0.100439767230131,1,-0.720375565128979,-0.324282871530314,0.177509095867698,0.109553794405391,0.0501999132702199,-0.00674018775168672,0.0773467995415538,0.302229231052198,0.814295383891293,0.57333363614423,-0.294124019304848,0.124711969178485,1.28616221967142,0.839059110522513,0.914854829050977,0.133829480280303,0.563626193127868,0.256733816368318,0.535529100949042,-0.172819364612121,-0.332240483305148,0.0386419621314179,0.259788569147631,0.151392340643238,0.114854879875175,0.109647729104891,-0.31954252472342,-0.00418335076529894,0.474666018273887,0.850171972055067,0.510283015832205,0.28549715350921,-0.626332374100756,-0.133972383438906,0.388999958403206,0.0437122394131344,0.16132366322991,0.148135378914155,0.304776892060521,-0.150306938777144,0.941590551027645,0.472314467054103,0.26828587750179,-0.146140086590205,0.0290965128228061,0.159526378509821,0.313803532477801,-0.186357404872271,0.132110840278402,0.141184849769199,-0.0405689365235777,-0.259387798232556,0.0699950896988688,0.592551627800828
0.0722660187824742,0.705691270979379,0.498256121230431,0.166711966417424,0.793678791112714,0.877394161426623,-0.354526709492974,0.298884693773945,0.938978514668087,0.45574766966289,0.00468919743590201,0.0829112972881565,0.291396754573335,0.122980383702554,0.324315053974968,-0.677868378333477,-0.470356839277618,-0.199539848360011,-0.108294044411636,-0.387171636255237,-0.505926587934214,-0.394417001055632,-0.189503162194756,-0.451624225646577,0.178613500522086,0.1127583806889,-0.698818454151144,-0.612616197423122,0.305371924731454,-0.408523605231162,-0.246116834645908,0.00982030430775905,-0.53883706078545,-0.187556527766524,-0.512754738708053,-0.0965832727699636,0.24536624936195,-0.170081828753664,-0.181816952753355,-0.00602507303329323,-0.248708321946705,-0.934600002344156,-0.301290082651593,-0.557154448100617,0.325601706400387,-0.720375565128979,1,-0.343022249837344,0.107609297214727,0.079809579055346,-0.0324741740351685,0.628413954322368,0.281689156708533,0.77433241196996,1.22500892044523,0.601874718186901,0.337718091027708,1.00312955079614,0.213421296269438,0.584465082188078,0.355649329029573,-0.26638804067059,0.281446749930975,0.0595184964540658,0.394810481527227,0.244526772850829,-0.292938499086613,-0.0791279026582031,0.776544226807756,0.840560954672752,0.163278800909157,-0.122420045778476,-0.00719102167680691,-0.274253472888624,0.253112951205647,0.129621237513709,0.0406422359726409,-0.0140593753230648,-0.699502175313759,-0.793461321574291,0.610938887022624,0.720472140820379,0.363501576242071,0.339152427694414,0.0192227250413452,0.062575562298248,0.623999770962414,0.447283023133237,0.865873444461805,-0.0470554797691041,-0.291586261522616,-0.21756375371,0.248187416967646,-0.408172095341737,-0.364038222014664,-0.203549649753271,-0.625957325376967,0.226692022619495,-0.0940774980930872,0.566970950524113
0.0756721968999828,0.407952544757052,0.534208272682165,0.144271012731466,0.522860607017064,0.549209716761997,-0.808701853828181,0.237759640057231,0.777104694756373,0.570489517464062,0.605181075545377,0.256027734844838,0.258512534983142,-0.155742656831887,-0.0899845653526617,-0.927968014250194,-0.491810456644333,-0.505423936436533,-0.505979813268562,-0.894340897980348,-0.369892533186779,-0.265334919802386,-0.789509404683228,-0.0801667468073793,0.685934720064887,0.303099877167188,-0.865947167764667,-0.53878966404139,-0.00320754166563866,-0.300317916560018,0.0803571162157175,0.139938283062532,-0.252503651929101,-0.233801945251058,-0.477090867925336,-0.242662476854096,0.383533196542281,-0.155831216338623,-0.159432311467133,-0.190676845290568,-0.582863115465465,-0.457113651156817,-0.192335122808777,-0.429271549935867,-0.243041179515249,-0.324282871530314,-0.343022249837344,1,-0.103219731371648,-0.095249394935716,0.021999463852824,0.846949821634734,-0.25457508046459,0.763784058730709,1.01506132377136,0.74341052460048,0.100506564458472,0.838815131532117,0.650780065447516,0.743351873905907,0.641163990635138,-0.0815312467270548,0.59632088812162,0.0842706347812538,0.263217734997852,-0.125751884376212,-0.591823862973553,0.153214164757339,0.634064991827235,0.195276710151417,-0.149598607696632,0.520661774106239,-0.173417520847253,0.300162029065826,0.535447509568016,0.772038342237175,0.0962987780223171,0.237309019756434,-0.124498322693814,-0.156639811912319,0.718942977523607,0.328681248443295,0.27926336833625,0.674506705829588,0.113854450561646,0.194416535588369,0.449653020768428,0.359806987976151,0.218244193994181,0.12622305339624,0.372637917556137,0.129773543489649,0.722538648627325,0.346899720756979,0.20593511064094,-0.163578422409514,0.00424974847315227,-0.322214846973947,0.147624271454904,0.385233137996627
-0.326706355791755,-0.780377007264281,-0.366670951252413,-0.171382660691307,-0.680446433821325,0.151956719730837,-0.426494566342965,-0.444517825896603,0.343475773431764,0.648113541313335,0.499852909067943,0.313975511284544,0.296305381157108,-0.404662253209297,0.290160783005655,-0.721200093334887,-0.312442184957252,-0.35986958222133,-0.37217124596809,0.298244955696059,0.470704819531718,-0.0964674603234033,-0.222242543400221,0.803164866177679,0.801359362737851,-0.106233528362993,0.0804489980069016,-0.419026503293734,0.781166626231121,-0.271099160447336,0.610333494843713,0.158888214900781,0.231305623851636,-0.379374734504791,-0.265750458900079,0.293477408100921,0.458477312255457,0.226193960838887,0.259662590689096,0.500531298959082,-0.190070061710319,0.0160254842884276,0.430293427183426,-0.0791762922741898,0.366072870840851,0.177509095867698,0.107609297214727,-0.103219731371648,1,0.118576949953581,0.0174438251389095,-0.366255385162363,-0.931718418799533,-0.422474488842892,-0.216391445095378,0.0634106916872818,-0.797462641830156,0.106068777176502,0.543463646057857,0.696139374369439,0.367396339582132,0.190851653185146,0.329833407786359,0.334213207002855,0.581708001438153,0.129763982063939,-0.521621135239834,-0.00464885967474046,-0.194705415210043,-0.157598640954062,0.617164677528607,-2.5494116013991e-05,-0.221613208167103,0.325221909355094,0.355084532022603,0.475854857988652,0.826353629700275,-0.149476422294076,-0.251524920365922,0.29537273343247,0.449197765072316,-0.148935924291628,0.345247313984284,0.0262908846464522,0.266011119497163,-0.226259178858073,0.67298983976943,-0.125764940292509,-0.0181741241532289,0.170639340689859,0.202432004426389,0.287160095378564,0.586599091855109,0.138970688213338,0.631382467775742,-0.0614768519945599,0.361724314241762,-0.57025632153921,0.226566455050701,0.197455264940922
-0.224322680344056,-0.594079163883322,0.0343229378050073,-0.432644291329366,-0.562743653522476,0.119057591255622,-0.493991192851727,-0.329655157534084,0.462404654884167,0.398615243989368,0.522783035504422,0.186512716505338,-0.13158278431328,-0.483482917776009,0.0528469735257541,-0.76410893636006,-0.218196239318195,-0.335042476704995,-0.419810334208476,0.0778406712774566,0.268103243640624,0.0114638767129618,-0.414848385849389,0.695748955493358,0.663160354397014,0.125748559888478,-0.0644373929563014,-0.0502315592278447,0.533515740679259,-0.0982943151967567,0.434856414530792,-0.177376259491207,0.142559337634499,-0.175126027866908,-0.115960333469532,0.301233324617649,0.45112902148997,-0.00540406473027211,0.132114704885987,0.315027837092931,-0.271118447228151,0.205580789165896,0.191880081209251,-0.24904923907547,0.299200458896673,0.109553794405391,0.079809579055346,-0.095249394935716,0.118576949953581,1,-0.158381484381622,0.0710962147098157,-0.713851523144843,-0.326740177097675,0.179160591108014,0.270089838609653,-0.596952522429563,0.263629579114485,0.341317388776292,0.539782960321048,0.279097474542593,-0.327072752139622,0.241243016034324,0.135398884541497,0.382480087997428,0.0942278452206832,-0.344633394145036,0.0292118423132814,0.0825374983261041,-0.171309618652987,0.372207458262991,0.267374256060868,-0.258338184265397,0.40029078274293,0.505367840102606,0.642024267877029,0.648904834347706,0.153551743663378,-0.0623647765335163,0.148430092015632,0.693841267512767,-0.0884459443594292,0.326401038310514,0.343980105843246,0.430714524961768,-0.0451636942883895,0.612240875335472,0.261024611659952,0.142093246431097,0.241995306063984,0.204926341595884,-0.0283665856645372,0.539327079406139,0.415708264906559,0.671463219363275,-0.249945140816547,0.396206378897567,-0.354268059932182,0.108938770228277,0.169905667985729
0.0871085475846411,0.0949415620226917,-0.343687661134924,0.47645577591518,0.345127731765639,-0.525676411592167,-1.14686253231508,-0.063746696594088,-0.829878939616178,-0.457411762295179,-0.208341916477274,-0.170074914137186,-0.436848020906588,-0.0143709816666657,-0.38848031459786,-0.258506863470984,0.224556241618813,-0.073564099527374,0.127723364133381,-0.428848811608127,0.10184527603598,0.331865852500305,-0.37044765969086,0.0277468103111445,-0.231625044121342,-0.0744148939309597,0.255569697998286,0.766464307057378,-0.000630561999480556,0.454087168614904,-0.0533780451742656,-0.602667438428054,-0.149915558136529,0.525198241862585,0.15062526632498,-0.417607663340397,0.555445715509332,-0.308298280431187,-0.189116909757712,-0.897931802000655,0.073516702940745,-0.304720218196132,-0.0708162850577602,0.032655264707676,0.259294101212068,0.0501999132702199,-0.0324741740351685,0.021999463852824,0.0174438251389095,-0.158381484381622,1,0.216057690886204,-0.184722000701589,0.50585766589219,-0.47864092926178,-0.506005796934357,-0.227353884208082,-0.5383747224392,-0.579952349326194,-0.150519469883383,-0.134018031135516,-0.0665036237435596,-0.0180483647369859,0.0435881736658515,-0.0550884170106568,-0.130189215970345,-0.962816388252378,0.362642456009364,0.423849798710248,0.0581232724701971,0.12140831108129,0.14517011523593,0.113901947955345,-0.657142782235278,0.031367130153708,0.0615998893796673,-0.19749116861274,0.336857627123969,-0.0602035450377746,-0.0944885771386236,0.635980832348299,0.201731028650844,0.158589265182016,0.348826338633844,0.589909075187081,-0.121050570400413,0.188611823552876,0.17180853501451,-0.488287931995787,-0.321525404315329,0.254782781917384,-0.401328060800152,-0.32444502556481,0.0492587270507581,-0.197546019966001,-0.044033979434555,-0.123360799379294,-0.405663358191452,-0.106378690550748,-0.387810515432295
0.293624551805807,0.0681298887095567,-0.369017504603149,0.0301457795698927,0.0325285477033928,-0.735446661156701,-0.50990310822648,-0.129291965011307,-0.88863504531404,-0.698471084923886,-0.885723859748609,-0.534104140289392,-0.685043964766099,-0.442727924329003,-1.12646116531413,0.638908766367087,0.825315666913602,0.789948763706419,0.0330723131520924,0.302675851688092,0.115817104539945,0.565635022281084,0.317185340896477,0.0495924754123494,-0.617906935610132,-0.558689029151595,-0.146027011319414,0.0983306643532574,-0.447471740234203,0.0495966118450052,-0.57075745814122,-0.627811462931123,0.410230951803607,0.899437924396371,0.295601688700825,0.120604996394951,-0.352957491978172,-0.191163170242524,0.321743958831501,-0.370479704595111,0.740721912045078,-0.408389602482844,-0.21115065453138,-0.117564140064109,-0.315894623817179,-0.00674018775168672,0.628413954322368,0.846949821634734,-0.366255385162363,0.0710962147098157,0.216057690886204,1,-0.447820166719175,-0.0659149446364437,-0.851488564725077,-0.388222135539385,-0.153026290267364,-0.637560115742842,-0.715964281665721,-0.607168038412196,-0.818432339479549,-0.678990621364297,-0.722097381271479,-0.525772886064873,-0.425643802928826,-0.931769249291794,0.440281779678862,0.340596970635148,0.404786205510853,0.267534214329954,-0.189280979390238,0.408134139438355,0.343462636841559,-0.221260366443891,0.0984766778978128,-0.566053120564545,-0.468748066171894,-0.308696320159577,0.276767214971194,0.0415427807352523,0.148905668014973,0.208893116852493,-0.00714342759049702,0.297429411295764,-0.084362656787822,0.242322696449808,-0.802648989873409,-0.220814173094622,-0.0728376551443939,0.0188007413945377,0.539869875522991,-0.168834665406903,-0.113140043238749,-0.106409128389527,-0.375956744419272,0.0585940538017349,-0.176512474526682,0.248777853761985,0.151823808665728,-0.311950617603315
-0.673771278783278,-0.162694985703364,-0.189643323684295,-0.214090527376662,-0.369116777291063,-1.2258622287506,0.635745361403826,-0.0517754999447215,-0.797397405994977,-1.30849022356599,-0.880827805383559,-0.349680634020012,-0.803188936071429,-0.489296931023558,-0.583495242795535,1.35217988355775,0.933945695339677,1.17225294244852,0.420561089811169,0.118666640904366,0.0898237506548877,1.0060039692643,0.738976504286495,0.149646126187729,-0.915838798829174,-0.129825207771685,-0.0528220223218441,0.367824627341229,-0.947468554226611,0.647009621234609,-0.469515281473057,-0.612467562714245,0.547210464366192,1.13677951552459,0.957500347100064,-0.576551751781856,-0.618941307334008,-0.595738785220804,0.187827921041081,0.164485188905039,0.100145637765054,0.49702007975515,0.173229483091837,-0.440977574745514,-0.792384089190921,0.0773467995415538,0.281689156708533,-0.25457508046459,-0.931718418799533,-0.713851523144843,-0.184722000701589,-0.447820166719175,1,-0.670066587677767,-0.47061679669263,-1.02334122042451,0.208558524521616,-0.533656963328509,-0.880011450416658,-1.04100887997786,-1.17085247596949,-0.59930833807411,-0.977663501943339,-0.371134530217138,-0.522069336057307,-0.502753282196654,1.16790745059695,0.146690902438236,0.209256229190011,0.299018430635147,-0.385148644663657,0.63662862520443,0.480234987617273,0.270092558291687,-0.200487816896598,-0.621383806478591,-0.69659780755205,0.128137542763833,0.653932685466215,0.494845945990676,-0.381665272202244,-0.146787281826515,-0.180443767537403,0.485995915987518,-0.0472088495995452,0.473357826903947,-0.954183603071447,-0.339414299293638,-0.222246416397897,-0.165632867946234,0.153712966283635,-0.374531741923732,-0.0198307824807372,0.481950917858513,-0.0593535160754753,-0.390958116582879,0.0193465035325752,-0.240614554457362,-0.49603607780564,-0.700463022788025
0.398261725859579,-0.0592275339017578,-0.502336427837687,0.141096623918387,-0.155715860283232,-0.776176731266585,-0.347734436197497,0.050666443013563,-0.785359781209308,-1.51173939170986,-1.30143123653703,-0.84712735631573,-0.891483169286595,-0.725777655636859,-1.19511230318319,0.88865175854154,0.626421836761586,1.19377510398588,0.0550171791163953,0.689086644122107,-0.022918298634452,0.701547075138249,0.642963324321452,0.435596233479303,-0.929255902807531,-0.977973467295135,0.256595378368563,0.195607402864025,-0.715605020862466,0.449694384743874,-0.258396746456566,-0.434392583660291,0.234439932500645,1.04753118413426,0.922352132567682,0.279329179279393,-0.547028922578126,-0.203347332343428,0.525283655212799,-0.181234877927519,0.97769449716166,0.306154492023768,0.185366758404211,-0.398687388583211,-0.539009053591775,0.302229231052198,0.77433241196996,0.763784058730709,-0.422474488842892,-0.326740177097675,0.50585766589219,-0.0659149446364437,-0.670066587677767,1,-1.26284515055086,-0.528393760466564,0.0829359915846188,-0.945646993076093,-1.58866861471119,-1.37521705149656,-1.53588445513989,-0.665891123530724,-1.12114201388345,-0.888572449834663,-1.00973340442902,-1.01398732746771,0.163832220484597,-0.147856677836353,-0.132707158607028,0.0511478039651587,-0.398156519243847,-0.0404471156817601,0.165766231256112,-0.200426450313646,-0.592516974512282,-1.13574523335097,-0.673861700920764,-0.269201007013889,0.522203957045218,0.688782586626594,-0.310611566314595,-0.330558867650607,-0.0792830739805639,0.310969073833828,-0.0510599727249113,0.0795907424604066,-1.09612027032624,-0.243211622961556,-0.28016843417916,-0.0627733046592538,0.404521456210059,-0.139537105100169,-0.538495056830795,0.288640483860813,0.111394690775753,-0.201020596978238,0.145893150956105,-0.0992339822067988,-0.174962486189962,-0.808079103405815
-0.350608661537547,-0.444030320493249,-0.394674620731926,-0.828139486674472,-1.35869575443383,-0.439611169231091,0.458195951604075,-0.354801971011662,-0.268537301422247,-0.66163323318131,-0.441039394889641,-0.686345928089417,-0.442911685369825,-0.671354061454023,-0.672364155968654,0.730352868448829,0.327407283000397,0.620893596585218,-0.240099714609843,1.2644011248401,0.0870050866243617,0.188922247026275,0.8687504790104,0.552922502090644,-0.828305628739331,-0.838710697358292,0.733275041408094,0.10174910904921,0.0121592199129392,-0.143100207339604,-0.318428699642602,0.247325860063088,0.816699767252548,0.486020522279981,1.02562116698703,0.614244173524512,-0.794220982302807,0.544631752254564,0.864729551185344,0.533517238682664,1.10475281981957,0.52467308610823,0.724360981851972,-0.0134545514087023,0.280142277509004,0.814295383891293,1.22500892044523,1.01506132377136,-0.216391445095378,0.179160591108014,-0.47864092926178,-0.851488564725077,-0.47061679669263,-1.26284515055086,1,-0.179513203125079,-0.377351347745322,-0.501924274156831,-0.976856063524922,-1.08103491379271,-1.11185924302429,-0.159085744017017,-0.980200730057118,-0.781399868942386,-0.820241308613693,-0.507750964495514,0.706779555989471,-0.630591110990778,-0.382249626344369,-0.404468600088842,-0.0825815130071773,-0.274741949022969,-0.284131642005136,0.249587670848721,-0.51012413453703,-0.905698673436124,-0.212677022278203,-0.556951326587554,0.361442990171951,0.474108876985104,-0.205125688358033,-0.0640280967982347,0.503948565659383,0.0281255009270361,0.0435069301095146,0.487597978885689,-0.775713998496255,-0.251090400047411,0.0656792006330838,1.03497161038349,0.513483436083696,0.0298121260275312,-0.0473727441091728,0.716925329807735,0.710284982771594,-0.0953728583985214,1.00466906873893,0.445329980947936,-0.323897746814958,-0.221508883247799
-0.209301216045106,-0.850543481076172,-0.454259501060429,-0.709958765925679,-1.04472065602972,-0.278028935857066,-0.844703846472785,-0.818279598412183,-0.104637459861917,-0.497865944045391,-0.20441199339555,-0.477363741512094,-0.714086030446049,-0.879661263092166,-0.235039292283208,-0.772901365954962,-0.01704499891913,0.087216710319979,-0.402975568886293,0.384010603704348,-0.134130277250067,-0.203922705418035,-0.163218563056341,0.425686033321915,-0.284706670302352,-0.549383626486199,0.22073422231277,0.30075573515838,0.0646537140149995,-0.214364448238536,-0.0520191589490789,-0.641053007203717,0.608074964263821,0.537200553753551,0.498729776801292,-0.0317743269988048,0.17619342141691,-0.0857409968764516,0.1374278891648,-0.000705486411519629,0.615552146194783,0.148499466431349,0.417859814871672,0.0116339189928385,0.418650437395061,0.57333363614423,0.601874718186901,0.74341052460048,0.0634106916872818,0.270089838609653,-0.506005796934357,-0.388222135539385,-1.02334122042451,-0.528393760466564,-0.179513203125079,1,-0.789798636187164,-0.0418852902781532,-0.422167569368752,-0.364943408359484,-0.19665003033404,-0.447074061253709,-0.0832165205976672,-0.0618850824990094,-0.115361832359964,-0.210258446721746,0.194146134839225,0.108657031199196,0.435935267568593,0.0362979626562788,-0.0136742797946462,0.551542303067725,0.160855060616229,0.52284873909447,0.272482212174723,0.088174311769909,-0.0680267756443782,-0.135544726158781,0.0900491156824835,-0.29640253912923,0.774270481178279,0.725560346445592,0.574972389651563,0.807220575458317,0.60682585623588,0.761744199258823,0.189525994815844,0.158822416579789,0.273610592401667,0.785733857458505,0.657701459188523,-0.363880173822535,0.51152874881556,0.426545289308415,0.311213388208608,-0.0331898259867109,0.62201125541208,0.451286710797091,0.282021116009457,0.0482478534721205
-0.219352029748189,0.196730624986902,-0.390043950788277,0.243310193313644,0.424700471370594,-0.942636177308476,-0.606683830935734,-0.182854199767836,-1.11765739933376,-1.15343336134519,-1.17023319646157,-0.378999366815733,-0.936128320420394,-0.239421143471978,-1.25607810837406,0.934531799672418,1.20091003245652,0.96856491156922,0.521712690662732,-0.278059564473492,0.162018205914144,1.05980020749576,0.323988984952177,-0.246678364281695,-0.840025309018476,-0.0548622045667072,-0.00547428760429103,0.73453175172034,-0.796927361664077,0.644012546597139,-0.578132477786272,-0.995832072326635,0.158608115364619,1.44115933556796,0.657792967927685,-0.575447869442654,-0.0917722957663711,-0.823852430741417,-0.155562473204166,-0.859405739694765,0.124450337259498,-0.21252633298239,-0.217795187891958,-0.522801123502201,-0.197876935459442,-0.294124019304848,0.337718091027708,0.100506564458472,-0.797462641830156,-0.596952522429563,-0.227353884208082,-0.153026290267364,0.208558524521616,0.0829359915846188,-0.377351347745322,-0.789798636187164,1,-0.751876447107973,-1.0988064200237,-0.943242380411133,-0.964467670423532,-0.95235717442946,-0.877994518787598,-0.602988816844438,-0.552562757781429,-0.944740785367298,0.205958246227106,0.533908547394603,1.00917741796398,0.771566825952947,-0.347003806810583,0.655211557534104,0.548206699789781,-0.745133347418897,0.0964062794622597,-0.409286414046995,-0.84501499040455,0.375732712603041,0.0839524527652334,-0.254782207832467,0.473431489108137,0.47773211877896,0.203373452843802,0.763952279705188,0.377495853631788,0.346674543393879,-0.5112550122452,0.224520415801435,-0.0535733042310979,-0.566978891798028,0.0698051309234319,-0.76325216447419,-0.552160877804197,-0.0115851241330077,-0.589268161931079,-0.387891094199941,-0.418884787663913,0.0355607477449952,-0.49608214547684,-0.698519640245347
-0.273661410866509,-0.694687975797489,-0.327512012649158,-1.02330513050407,-1.23994233723267,-0.317797440172327,-0.172588574162088,-0.808997276160756,-0.11159853425877,-0.446290763557761,-0.19981042816371,-0.415530194260221,-0.583699045534878,-0.783533001530454,-0.45285030714935,0.226327386299199,0.448065621325898,0.363540750111003,-0.314015205462192,0.640613397011249,0.200555860039383,0.216031388097417,0.494354260921527,0.405427508149615,-0.430695901506153,-0.190721629646588,0.426799042482217,0.283310218636886,0.429760904695657,-0.0958464206237397,-0.115768446471155,-0.475399458338577,0.846189797729142,0.557027791478078,0.401082419665917,0.324107320537003,0.022185353225122,0.174594626943595,0.64116911132108,0.0861117525142005,0.550202362603891,-0.0407754448794945,0.212361707026357,0.0854413103507172,0.719873835758991,0.124711969178485,1.00312955079614,0.838815131532117,0.106068777176502,0.263629579114485,-0.5383747224392,-0.637560115742842,-0.533656963328509,-0.945646993076093,-0.501924274156831,-0.0418852902781532,-0.751876447107973,1,-0.787310721355639,-0.0202479618837289,-0.499639875377333,-0.526087228537153,-0.679014300592381,-0.252499833539979,0.0755849224380897,-0.303833218208723,0.586847971549205,0.0289955713487287,0.333360632012619,0.29682993836492,0.66746292030436,0.0550312380952124,0.0793085180118036,0.0742923457418943,0.23094199880945,-0.331273640445762,0.301278516582891,-0.39188449472754,-0.118372909983489,-0.206990805376758,0.485194694358058,0.599682649402729,0.674392373773202,0.423296240301533,0.309089914947115,0.335540710797687,0.191480303020365,0.197806103249863,0.402487779905846,0.619581563931888,0.317385475063073,-0.0250859932557476,0.489049605718229,0.126793875756457,0.0286649519754283,-0.0133602732999748,0.318429963030396,0.566115514511187,0.242595320030779,0.156539681876601
0.0583437878480815,-1.13944278060836,-0.25183596626521,-1.15515922910759,-1.52089554031105,-0.313047508136062,0.0834208645592607,-0.816708325933009,-0.423451823181769,-0.211322440037524,0.606029315428042,0.150038382756434,-0.178536299916005,-0.125438038453451,0.202903446124867,-0.276686877146545,0.372590042728055,-0.29739799704293,-0.0153535902907184,1.14658563383369,0.965282244860457,0.326766347435604,0.273934808673732,1.26186706837054,0.184916533829399,0.0535106722113363,1.41942826056559,0.76854073212484,0.789326062275152,0.191061101281677,0.366426851308328,0.0387122207065426,0.760813808431748,-0.314924343004467,0.724635229906255,0.50080673558323,0.197506882380766,0.751375409275596,0.301420060263496,0.508191080415577,0.428748745220767,1.53328711444372,0.711925283697734,0.793794554721656,0.730244149162601,1.28616221967142,0.213421296269438,0.650780065447516,0.543463646057857,0.341317388776292,-0.579952349326194,-0.715964281665721,-0.880011450416658,-1.58866861471119,-0.976856063524922,-0.422167569368752,-1.0988064200237,-0.787310721355639,1,-0.239893601309936,-0.173515150101895,0.207285479644806,-0.135221424900878,0.159842129854499,-0.1775956450235,0.375625922570443,0.141567660289194,-0.0713397569246583,-1.14960007177469,-1.29277165716748,0.369652011785115,-0.371895174623166,-0.328030919375452,0.455831414816886,0.0137190957666673,0.229963463710811,0.510979076977415,0.187583702206814,0.369229018448541,0.49322645923204,-0.27831861052184,-0.80376784174193,0.0316467979057952,-0.548859630232269,0.383868848865923,-0.34232413565112,-0.17225891622101,-0.0107590377779551,-0.689831081800455,0.569651978570646,0.0561455862426087,-0.119413339634171,-0.564724643471857,0.594638007791595,0.843581016651085,0.198266382502737,1.08453979937154,-0.233594819926548,0.252509162330668,-0.429789925685675
0.379941932635271,-1.29332073526104,-0.190002268320533,-0.949601496416182,-1.42702771910016,-0.286704374796319,-0.260080511701371,-0.747119245015818,-0.0578749198417627,-0.171931047404197,0.662503803807323,0.0593596797637427,0.170280472397802,-0.48580098220481,0.448656867146346,-0.425048751377895,0.123301197281537,-0.304027735248913,-0.488678871722567,1.06565853236411,0.927603792617214,0.076262471947316,0.182773130840224,1.28545572358435,0.297642923085034,-0.0740593855226718,0.938731737589972,0.398052839115076,1.06352374464377,0.0668111357742624,0.623832837420813,0.0372942872448731,0.991423593685951,-0.270938114851511,0.446643273186037,0.44438058890633,0.221200008769067,0.85527009767326,0.610534006410751,0.440400480063438,0.466478175953128,0.664126873725126,0.864432500682683,0.882680135429142,0.75260759209385,0.839059110522513,0.584465082188078,0.743351873905907,0.696139374369439,0.539782960321048,-0.150519469883383,-0.607168038412196,-1.04100887997786,-1.37521705149656,-1.08103491379271,-0.364943408359484,-0.943242380411133,-0.0202479618837289,-0.239893601309936,1,-0.169897655128309,0.0507731278963554,-0.0630620074520798,0.328433245085617,0.371372650733976,0.464300464502248,-0.0146336035691866,-0.145673038990919,-0.961230069362778,-0.848200105702999,0.723940954148198,-0.683917627487403,-0.479657265946606,0.137245289890334,0.1253528952905,-0.0591022009030713,0.748103660715171,-0.321831633048731,0.277319086818925,0.376862059113656,-0.0326536755849425,-0.567852627580264,-0.127052985483398,-0.69603084810013,0.0219954201078882,-0.62916899290605,-0.0396466184950447,-0.447676205880086,-0.472813950047588,0.283593908120649,-0.00951685374301688,0.0933022540208737,0.0249611418612394,-0.132421712939283,0.393651833029147,0.259384480396072,0.416467683143124,-0.166891264401966,0.648205380116304,-0.136468606115385
0.28226145926687,-1.16830316129126,-0.381895039273463,-1.06194559545702,-1.66214567246149,-0.196569935405392,0.127127787506393,-0.695862681265069,-0.137315343390389,-0.0472260713278887,0.48408345560373,0.0941292533898589,0.161153976043781,-0.435846329272654,-0.255440511982146,0.102960011078378,0.324071273454545,0.0350657214484105,-0.280156508175932,1.3944384393824,0.828502255611677,0.157508331183659,0.534732482921732,1.23640518949114,0.210895607920868,-0.220720678342139,1.28583382050095,0.117835239716826,0.693042910724669,-0.124902543696003,0.32291715284317,0.332810098559522,0.72697554111095,-0.24776036737217,0.680218286745017,0.753013673663259,-0.25244514345137,0.745295758980755,0.544893453449134,0.60690992801175,0.313634798643165,1.16545221399872,0.654115640557751,0.513380676732073,0.44955056368529,0.914854829050977,0.355649329029573,0.641163990635138,0.367396339582132,0.279097474542593,-0.134018031135516,-0.818432339479549,-1.17085247596949,-1.53588445513989,-1.11185924302429,-0.19665003033404,-0.964467670423532,-0.499639875377333,-0.173515150101895,-0.169897655128309,1,0.382011868612315,-0.367668795404761,-0.130798879691451,-0.317886958463427,-0.331584417059544,0.305017855492764,-0.171931466215582,-1.00400862582245,-1.00297807613805,0.352310312624784,-0.291893579791691,-0.326770379824172,0.744829410013505,-0.013766615884803,-0.0127441018936714,0.600676389197023,-0.235781339742529,0.337833406044096,0.711176950792907,-0.379557238807824,-0.724958463185863,0.235174826925953,-0.408584074303978,0.0689409519542166,-0.179845230085543,-0.413321048406831,-0.106200317775517,-0.420679820640534,0.655619795982728,0.32065634649864,0.329695658345158,-0.158513455278739,0.555773739468911,0.910912993076695,0.030139016472474,0.987918491876469,-0.093540102232308,0.377796715231648,-0.20576168291408
-0.0161160605894401,-0.89351278909481,-0.577924108859915,-0.0902165561862164,-0.117597389721967,0.120676238590544,-0.211525382244522,-0.777684792877316,-0.0764457025150803,0.152975091944483,0.135115580092943,0.831307080257735,0.323699178705064,-0.0967196352021465,-0.508849552487695,-0.254205756716553,0.807682320347588,0.177690279423475,0.350787066493153,0.0611902719895842,0.943692805834254,0.681945087323475,0.113240507652943,0.676026094681953,0.911317047687133,0.328944981206745,0.527594317369767,0.0019290290671376,0.135182736600536,0.157845974790847,-0.0663171289087768,-0.26585965008179,0.00879068325233895,0.154665546396945,0.316981417865581,-0.0404952144869248,0.675321092885197,-0.191445851023177,-0.0895523097361048,-0.113174270649534,-0.492180962248877,0.3979939386747,0.320786819196687,-0.0516879460736988,0.104252232374034,0.133829480280303,-0.26638804067059,-0.0815312467270548,0.190851653185146,-0.327072752139622,-0.0665036237435596,-0.678990621364297,-0.59930833807411,-0.665891123530724,-0.159085744017017,-0.447074061253709,-0.95235717442946,-0.526087228537153,0.207285479644806,0.0507731278963554,0.382011868612315,1,0.140806530273301,-0.109544774388179,0.31779157640131,-0.571960381451732,-0.170789213918491,0.502412448426079,0.00220171740839881,0.107759420914286,0.291685193739764,0.212816057155259,0.21669082931962,-0.223935794464204,0.602919758112625,0.494516358861397,0.267011936678556,0.423736015085388,-0.336343694493825,0.00756904896110588,0.10458474155534,-0.181822257856161,0.0189598292807172,0.267189979443953,0.238888649909386,-0.265012797437682,0.469594716745685,0.239963827654688,-0.185248827441893,-0.580073282334529,-0.221199873499564,-0.235372206982732,-0.288702917772245,-0.372047274849474,-0.00564900546424992,-0.242792294739015,-0.168206949256612,-0.586810750779878,0.130018345518332,-0.4337692325526
0.123166584750044,-1.00313719582262,-0.597832564574153,-0.828921107130182,-1.22313265554502,-0.268466983871543,-0.264284020987668,-0.782455864198863,-0.415393755430817,-0.126563727247688,0.241859992740576,-0.0995136232864217,-0.165577663455178,-0.363114949337077,-0.119440492285669,-0.0219143365088058,0.145521716900158,0.258934247247897,-0.0826329907511818,0.6571379626344,0.534545576974467,0.29369428202861,0.4282496958304,0.590498229665666,-0.0873118049909977,-0.338760405417475,0.722658874402511,0.0111721181316044,0.294714541229388,0.0528524546230421,0.214821124066468,-0.112370310538229,0.50477536622134,0.139499258900017,0.245335912073621,0.570228141249772,0.221033827048023,0.211368579298934,0.442790005442312,0.381134285296159,0.398412188036158,0.645653958614022,0.257217184333306,0.172367240084434,0.0386076189188307,0.563626193127868,0.281446749930975,0.59632088812162,0.329833407786359,0.241243016034324,-0.0180483647369859,-0.722097381271479,-0.977663501943339,-1.12114201388345,-0.980200730057118,-0.0832165205976672,-0.877994518787598,-0.679014300592381,-0.135221424900878,-0.0630620074520798,-0.367668795404761,0.140806530273301,1,-0.0191712436696428,-0.187746946533228,-0.0961248151699509,0.273175250072058,0.0860769262492745,-0.459909322347019,-0.471786780845011,0.362685923563157,-0.0808936799694172,0.149610910381506,0.59549797659132,-0.13512707888539,-0.189139808286665,0.435372361541528,-0.137476262640785,0.262456066080979,0.628056702570082,-0.216082412819599,-0.300784639849468,0.178101935244722,-0.101471944328964,0.0812704900700194,-0.0478967447219762,-0.0988156426180148,-0.15593298938156,-0.167840646500047,0.413655233853593,0.57161951602241,0.224218258233709,0.130088848163812,0.296422770764213,0.315733080311047,0.172128580299983,0.516483091621463,0.0962797459459286,0.404562567014779,0.0159335507899008
-0.101121743729683,-0.89471882039689,-0.417194729165223,-0.424973636265538,-0.94100380820467,-0.372128841669032,0.192290329615414,-0.470432837188017,-0.149492685532577,0.173504340869395,0.601167981939734,0.0560805226997066,-0.0812903572517194,-0.200969143028703,0.446453054421093,-0.0304761512431367,-0.109664336573118,-0.244964536704375,-0.134176171074145,0.634214333180971,0.68808593448097,-0.00928837353888995,0.00859002942665582,0.689406658128622,0.258689525789288,-0.00700279149908306,0.508587103442137,0.346756302718752,0.627601205116273,0.171643468072692,0.891381897743172,-0.00648006291575596,0.520982116171819,-0.178933707751806,-0.00216559794259263,0.486518235068253,0.0591006048699019,0.316370495719991,0.30925545259492,0.288358610931815,0.0851048231269213,0.598384310166559,0.256848483544685,0.359951096560498,0.411384080765119,0.256733816368318,0.0595184964540658,0.0842706347812538,0.334213207002855,0.135398884541497,0.0435881736658515,-0.525772886064873,-0.371134530217138,-0.888572449834663,-0.781399868942386,-0.0618850824990094,-0.602988816844438,-0.252499833539979,0.159842129854499,0.328433245085617,-0.130798879691451,-0.109544774388179,-0.0191712436696428,1,0.38791314974546,0.427655862654928,-0.0797690865408257,-0.159084580507286,-0.596246031409309,-0.487926030573363,0.621283300204711,-0.398310269259547,-0.345543247148255,0.213158641688561,-0.0205392769956468,0.111062771671647,0.888371314866493,-0.13543269575008,0.32228750064118,0.51380013907992,-0.061420485448687,-0.615885019190951,-0.0545813615458474,-0.58806574611111,0.141920135261778,-0.455748971151942,0.213099705301598,-0.218984290252566,-0.175275877407609,-0.0816361898829898,-0.0909926458927975,0.252718145248179,0.122127039138239,-0.0584172089070305,0.269804735922426,0.0183280795302402,0.151970866971288,-0.164637948505722,0.212993635220996,-0.0198531198561614
0.133565082032727,-0.863974486571471,-0.107990708233382,-0.749892579409814,-1.29140293699773,-0.248246662555594,0.0753788136503767,-0.494594168842363,0.0353571601648446,-0.102964254971176,0.739701143166413,-0.0270443935110511,0.208085570240382,-0.12776819518401,0.708992656023944,-0.175901708586863,-0.214094624923175,-0.352836455830402,-0.294643596064132,0.923505874743317,0.641419694816269,-0.175516744229148,0.212657156820077,0.909460487404641,-0.0815466868882716,-0.245158092713555,0.621417751280646,0.122748122190856,0.774288690762096,0.108519447158532,1.06680345707627,0.428726168818224,0.877911151168953,-0.380418373107933,0.233924252268065,0.46649954432304,-0.119920775917566,0.847091844035416,0.560494941892016,0.405566159532249,0.345144821910715,0.782105276368946,0.54729538550257,0.657735485497756,0.665869091310936,0.535529100949042,0.394810481527227,0.263217734997852,0.581708001438153,0.382480087997428,-0.0550884170106568,-0.425643802928826,-0.522069336057307,-1.00973340442902,-0.820241308613693,-0.115361832359964,-0.552562757781429,0.0755849224380897,-0.1775956450235,0.371372650733976,-0.317886958463427,0.31779157640131,-0.187746946533228,0.38791314974546,1,0.751439633456417,-0.06272082633452,-0.232474214178568,-0.954382627538138,-0.761170400852345,0.636295892140467,-0.763920074989385,-0.490100403423281,0.311407842554655,-0.26007260052619,-0.243837454607215,0.644640138735278,-0.471540667031797,0.469432872436017,0.452317331646631,-0.328714097667023,-0.538529566242952,0.018869013646324,-0.839744660114074,-0.177848817600666,-0.466263693629515,-0.210811333981648,-0.483244344360603,-0.315895220455631,0.192768103887504,-0.156968543047776,0.384452385237412,0.0670017915039171,0.00860232606604605,0.28978222644429,0.225301565508503,0.377052383056463,-0.108960066798688,0.432036350035299,0.027503947556055
-0.212158297467183,-1.11853145062876,-0.931518073788729,-0.61393480250824,-0.998199507457893,-0.644644847066826,-0.488455436152174,-1.0468111231042,-0.453611411735151,0.240623440396326,0.401750353533557,0.0980156312941832,-0.314072537300383,-0.322389278671141,0.0449990574452607,-0.0735863874470243,0.468428907665801,0.399480850968809,0.277183722659395,0.466823922134141,0.802597423895073,0.381495058024151,0.224292443055605,0.411033894786843,-0.0833133042421337,-0.32067759767749,-0.0882820147498088,-0.229134003624958,0.329679776607491,-0.013669732426725,0.526842708761311,-0.514482566886813,0.832046077471211,0.566424390573432,-0.1261206751227,0.204636074271524,0.36900526215147,-0.268188409675371,0.206455297559436,-0.314554803566171,0.103860300055145,0.000117496025965336,0.158422560363295,-0.044398379078034,0.226804239199126,-0.172819364612121,0.244526772850829,-0.125751884376212,0.129763982063939,0.0942278452206832,-0.130189215970345,-0.931769249291794,-0.502753282196654,-1.01398732746771,-0.507750964495514,-0.210258446721746,-0.944740785367298,-0.303833218208723,0.375625922570443,0.464300464502248,-0.331584417059544,-0.571960381451732,-0.0961248151699509,0.427655862654928,0.751439633456417,1,0.279596036437523,0.590596855439692,0.580273008029852,0.713472413375301,0.819657313535735,-0.00969655029893968,0.244286179940002,0.0880939499367766,0.306426058872486,-0.101447092055556,0.774389336112788,-0.416146991747705,0.189416975874094,0.170312148833814,0.405412956205282,0.36158226696941,0.387203326790413,0.000968547792220886,0.0017958268036975,0.0679712880954032,0.417029298260869,-0.489627679659338,0.491626229824043,-0.0673737993779327,0.337785552006338,0.0338954995558401,0.454244525569888,-0.363127542005305,-0.40082736740418,-0.219076272658057,-0.303144629559688,0.0660385974668146,0.345653118843633,0.35887912848656
-0.867310708148193,0.16070005396199,0.353294031645161,-0.245597816080496,-0.226404092113968,-0.227278064266528,0.243460851272617,0.0854840509187045,0.225400606868408,-0.130958103762251,0.227921371640109,0.168961331673507,-0.256284671252021,0.077053408267355,0.0177650792094118,0.364025644577033,0.182565072729862,-0.0738531335423731,-0.0908053848765946,-0.159672299846982,-0.0482121985453932,0.45503779733438,0.106269435041975,0.0631397116174471,-0.103951924392811,0.810292556270355,-0.103890394840687,0.586522477725024,0.0460561979387455,0.547608647970296,-0.161579836673676,0.0214399195852575,0.14977964272302,0.242929164786514,0.237515409794762,-0.663068465315544,-0.366764993465493,-0.149464666515723,-0.525197984688103,0.35641627127564,-0.604333189625466,-0.0954052180875633,-0.0364524228571533,-0.215502248469743,-0.0323683176753376,-0.332240483305148,-0.292938499086613,-0.591823862973553,-0.521621135239834,-0.344633394145036,-0.962816388252378,0.440281779678862,1.16790745059695,0.163832220484597,0.706779555989471,0.194146134839225,0.205958246227106,0.586847971549205,0.141567660289194,-0.0146336035691866,0.305017855492764,-0.170789213918491,0.273175250072058,-0.0797690865408257,-0.06272082633452,0.279596036437523,1,0.110839262968772,0.343578697582656,0.187375962137222,-0.170076765764316,0.741465531305434,0.197487659029718,0.424505704476525,0.408010533706827,0.727218813300835,-0.0648232866660367,0.710080795498238,-0.0515884413040567,-0.242758263570237,0.418266146837513,0.0799428377837796,-0.0261152437205636,0.284141805293393,0.366200467935493,0.124676757009732,-0.00423070475440835,0.138751316493489,0.117596281113991,0.0625027387699744,-0.282088250210537,-0.40653318838142,0.173924572804607,0.429249989506144,0.406767273495172,-0.404914352438963,0.161296328259982,-0.0923466461088935,-0.341067399921852,-0.115762445155611
0.458983078061217,0.0979669349579011,0.197885148424058,-0.058057125526664,-0.365728392867469,-0.187679447946919,0.572840142523886,0.50952553579527,-0.0318859380973462,-0.179262085266987,0.221379335638501,-0.0804523889239818,0.159638986004653,0.334764536647095,0.371166098828232,0.418991602353787,-0.127585582482077,0.10808084207115,-0.122197708668789,0.830898975612066,0.0925644030423598,0.00799160971216328,0.653706994425687,0.585413943330014,-0.214491908729356,-0.140109577970998,0.418252860168367,0.1781966946304,0.178672193875608,0.589961535413465,0.121151468401485,0.472768425480282,0.22692974750481,-0.392305918525215,0.356084541108529,0.347106555345291,-0.81611695024972,0.532252000127756,0.26918370937866,0.448371765128934,0.321856632522004,0.215603559973968,0.0555727453651764,0.387462949175293,-0.208749668480449,0.0386419621314179,-0.0791279026582031,0.153214164757339,-0.00464885967474046,0.0292118423132814,0.362642456009364,0.340596970635148,0.146690902438236,-0.147856677836353,-0.630591110990778,0.108657031199196,0.533908547394603,0.0289955713487287,-0.0713397569246583,-0.145673038990919,-0.171931466215582,0.502412448426079,0.0860769262492745,-0.159084580507286,-0.232474214178568,0.590596855439692,0.110839262968772,1,-1.08902598899121,-0.739237463785862,-0.133948040764034,-0.355325601684849,0.00399921938187142,0.411958426524045,-0.370765198347064,-0.266839277935166,0.189470543492666,-0.182719741160468,0.449608922709858,0.444430103961233,-0.875109375912588,-1.02460811931197,-0.730807636304431,-1.02500415491459,-0.542706551573538,-0.577895505472387,-0.688540677504724,-0.683199607407913,-0.40286143699921,-0.0495560686877949,-0.379318592608943,0.22637364536239,-0.170825429145535,-0.140831531153712,0.185934062532661,-0.0884425735331614,-0.0805322043416571,-0.0804045321393695,0.057121567675486,-0.367701319809072
0.223232737261867,0.515125328126581,0.448502171208104,-0.121099013920629,-0.365128629071112,0.0229955024901093,0.604943672440569,0.787598178520425,0.140327919710674,-1.04015418029441,-0.797113440447901,-1.1891617343055,-0.38544997198618,-0.421149416796172,0.452964816297606,0.670880143643651,-0.844618736055509,0.414715285164822,-0.600033323982466,0.601443700977352,-1.07905989072829,-0.407443506387208,0.689770756607998,-0.235838243290499,-1.26139892693721,-0.649556671673679,0.288385486937256,0.406635030650794,-0.215180599436758,0.497777850253215,-0.169079880026897,0.277422092996425,0.205616937441796,0.0637879954305797,0.790288791488826,0.168868047152703,-0.903089171990151,0.23212761828177,0.592304115890332,0.435951526702314,1.01584394314402,0.133665934981911,0.262787549981733,0.0965944451414394,0.00578427146816762,0.259788569147631,0.776544226807756,0.634064991827235,-0.194705415210043,0.0825374983261041,0.423849798710248,0.404786205510853,0.209256229190011,-0.132707158607028,-0.382249626344369,0.435935267568593,1.00917741796398,0.333360632012619,-1.14960007177469,-0.961230069362778,-1.00400862582245,0.00220171740839881,-0.459909322347019,-0.596246031409309,-0.954382627538138,0.580273008029852,0.343578697582656,-1.08902598899121,1,-0.246629736630896,-0.708300528709143,-0.595941102303575,-0.214196224533238,0.190072315564633,-1.16916914151424,-1.01852902897669,-0.532986488754799,-0.4117551292666,0.399887485893572,0.158842794712762,-0.654450669723667,-0.0973842023545999,-0.118691377614237,-0.393610290871343,-0.424335506498588,0.184831265445926,-0.653983326338982,-0.169261075226655,0.110196186320797,0.626371055856481,-0.0618038227459366,0.0813290016847193,-0.115519498563414,0.563398409816288,0.226895933679305,0.0219860754181659,0.419227828213495,0.75730683401697,-0.298981083117804,-0.180601933534794
-0.103717178282301,0.291891929851537,0.115420614524071,-0.172584843318719,-0.492910589196649,-0.474468276332456,0.284032313658318,0.42809702025873,-0.281259081744276,-1.28394257847828,-0.734627772708352,-1.11849000510892,-0.674788330492206,-0.419665786250318,0.37140906518559,0.562418730703055,-0.544276669214554,0.362636584660924,-0.387773317876589,0.149416562719718,-1.02177654505545,-0.128088214926502,0.588623696927023,-0.23126316249896,-1.42793830415616,-0.706028139163235,0.15573488909599,0.568822384393993,-0.492860634260312,0.876685164460257,-0.0578657173624096,0.104930189131105,0.479099789906335,0.452565681834,0.906863846319325,-0.385790047126643,-0.58005845570184,0.15811420715823,0.668525107178609,-0.0220750675199438,0.80680014786622,0.160484302174111,0.296340094956473,0.123134843432729,-0.0321065483668306,0.151392340643238,0.840560954672752,0.195276710151417,-0.157598640954062,-0.171309618652987,0.0581232724701971,0.267534214329954,0.299018430635147,0.0511478039651587,-0.404468600088842,0.0362979626562788,0.771566825952947,0.29682993836492,-1.29277165716748,-0.848200105702999,-1.00297807613805,0.107759420914286,-0.471786780845011,-0.487926030573363,-0.761170400852345,0.713472413375301,0.187375962137222,-0.739237463785862,-0.246629736630896,1,-0.638983586652178,-0.261671645012992,-0.110121038237545,0.0281555851641368,-1.04718080650213,-1.0710173118678,-0.767582700220682,-0.445304991482284,0.524220418159835,0.082793962082984,-0.440832379238291,0.21455891277292,0.0327678590922211,0.0702295020607469,-0.381226982919607,0.463010156664748,-0.464057581538226,-0.117605420192387,-0.0303947971074766,0.393601522399405,0.00686530579068181,0.0613967074831384,0.0540854047477786,0.59390127463237,-0.0274889877044424,-0.067722518939028,0.292505287909644,0.382762551325115,-0.35124465595779,-0.272849221222455
0.0354176405767254,-0.692220877122482,0.124651008997184,-0.328212668123882,-0.711155181438102,0.0468556009973128,0.276526562132129,-0.307772484512783,0.494383712758648,0.313696397074966,0.705648545774857,0.213588708852586,0.443375085806367,-0.102815256202209,0.896745476528032,-0.573785997266886,-0.4657487767275,-0.757670754175152,-0.467111495741561,0.311142891120206,0.272775762561928,-0.520756173095965,-0.196501159087119,0.619239571399303,0.376093803451746,-0.0134214987886883,0.0855325158176492,-0.143865796008044,0.59322727774681,0.0938528617423273,0.946385660102351,0.422710748173209,0.659554859538602,-0.650684926246447,-0.107333921763083,0.16752230270787,0.169334139290852,0.748496920993046,0.510415951136519,0.451240668378495,-0.110762439699667,0.453625394143862,0.299066772016935,0.662204101428178,0.317574624297202,0.114854879875175,0.163278800909157,-0.149598607696632,0.617164677528607,0.372207458262991,0.12140831108129,-0.189280979390238,-0.385148644663657,-0.398156519243847,-0.0825815130071773,-0.0136742797946462,-0.347003806810583,0.66746292030436,0.369652011785115,0.723940954148198,0.352310312624784,0.291685193739764,0.362685923563157,0.621283300204711,0.636295892140467,0.819657313535735,-0.170076765764316,-0.133948040764034,-0.708300528709143,-0.638983586652178,1,-0.48089679660631,-0.54334059656554,0.327031250539177,0.0323692169089308,0.138208854292981,0.597812832650291,-0.390848110925713,0.348197076851814,0.199177060737519,-0.20525970633227,-0.294885465792402,-0.178760233107609,-0.632615557995973,-0.464247560530704,-0.301677387973399,0.126735871949919,-0.322829547354211,-0.15494742611813,-0.0382270607526674,-0.354717236240469,0.592992756134916,0.405001488886329,-0.257133668094257,0.0986910299285132,0.202008119594915,-0.0143281217872376,-0.227585961546245,0.508256712186112,0.198273548719365
0.500880462569609,0.398448141072656,0.100144012802467,-0.202403484996326,-0.345507258256335,0.0492759887869296,0.622962726546595,0.412059529625814,-0.127033145114929,-0.578161122205778,-0.241140552220554,-0.546867266562888,-0.146835890764676,0.0258497094134924,-0.254593503181207,0.824924998726454,-0.230637609412579,0.219055755076607,-0.227061038983388,0.67365705001485,-0.452477135814476,-0.192831382448047,0.480745647147763,-0.206364654591571,-0.843459659482675,-0.225093918593039,0.285378691747512,0.0875035212546685,-0.207602646382036,0.0881620328208126,-0.404737103359434,0.296190548920225,0.0150370780761312,-0.180490405093025,0.161967552613425,0.204937495953571,-1.03382352869869,0.27914075309337,-0.200675532111557,0.287066939984273,0.523534936841256,0.0148432239207449,-0.282737716582237,0.361524170570084,-0.278965581907866,0.109647729104891,-0.122420045778476,0.520661774106239,-2.5494116013991e-05,0.267374256060868,0.14517011523593,0.408134139438355,0.63662862520443,-0.0404471156817601,-0.274741949022969,0.551542303067725,0.655211557534104,0.0550312380952124,-0.371895174623166,-0.683917627487403,-0.291893579791691,0.212816057155259,-0.0808936799694172,-0.398310269259547,-0.763920074989385,-0.00969655029893968,0.741465531305434,-0.355325601684849,-0.595941102303575,-0.261671645012992,-0.48089679660631,1,0.125608062038964,0.609028396353184,-0.451779831983407,-0.371810836825616,-0.191561785401583,-0.194007990486826,0.360047361210269,0.0652163316536094,-0.815169417824077,-0.294476141559412,-0.36372884562957,-0.562191197489737,-0.422312421429554,-0.0432669293673026,-0.919274609385848,-0.24976866612153,-0.0925026456258413,0.424588433267505,0.126396371197837,0.13921100759246,-0.329825883796597,0.236803121026753,0.0477330501731854,0.244798983315013,0.212995424708407,0.669425272453218,0.296091588156398,-0.00953126519295817
0.297599549755208,0.246115427899935,-0.0954970559193379,0.00979629517897983,-0.00153683086181253,-0.363837633390532,0.012310766840739,0.24919241650303,-0.278738397610512,-0.524872366414713,-0.196281686003338,-0.178087159286226,-0.153220854508199,0.269925021148924,-0.129724746010765,0.5114735792485,0.103135729661565,0.367351572333424,0.0468627732321619,0.145992995704379,-0.250721718395871,0.368936391515307,0.622339826840074,0.067749385454589,-0.72711711934511,-0.158059485317509,0.0205850988121031,0.0826732730191328,-0.494939230060906,0.910163817295891,-0.162285647949643,0.283577336057446,0.291448856471351,0.367661812645788,0.468914437642239,-0.309659322129528,-0.550986819097534,0.122039424539272,0.256973253347485,-0.0860718187533644,0.178616472290799,0.052956818993096,-0.131848988012779,0.0245133677822347,-0.780131372080987,-0.31954252472342,-0.00719102167680691,-0.173417520847253,-0.221613208167103,-0.258338184265397,0.113901947955345,0.343462636841559,0.480234987617273,0.165766231256112,-0.284131642005136,0.160855060616229,0.548206699789781,0.0793085180118036,-0.328030919375452,-0.479657265946606,-0.326770379824172,0.21669082931962,0.149610910381506,-0.345543247148255,-0.490100403423281,0.244286179940002,0.197487659029718,0.00399921938187142,-0.214196224533238,-0.110121038237545,-0.54334059656554,0.125608062038964,1,0.339464457794676,-0.399833775622767,-0.36950306236091,-0.400187386812666,-0.00145019938828272,0.489174478564985,0.394001724464374,-0.564968197798516,-0.360128597960284,-0.508121506441921,-0.21399119718523,-0.611924062795071,-0.0241741733867998,-0.73606663923655,-0.463488610218466,-0.236510929209404,-0.190596066869967,0.0351579003542596,0.17119535936625,-0.190988485860911,0.0141701115249876,-0.184123739456426,-0.233780170410634,-0.299150178538706,-0.0462010713233874,-0.0529340725183223,-0.330932733868324
-0.319016127762786,-0.531066022043456,-0.407757069197643,-0.677024195857168,-0.449193607315612,0.123684273440119,0.066431515578354,-0.736524908576069,0.0900125546428623,0.435060425443684,0.146983376583499,0.130324785875017,-0.362529531214726,-0.0438827448140534,-0.107927481488459,-0.228819273921162,0.229762949000272,-0.366203506804746,-0.0181395828603295,0.323890812172776,0.262904012113289,0.160586987459258,-0.101270711394611,-0.0405729439517714,0.335348092127264,0.433747968402304,0.373841351572939,0.452684423152824,0.470326471170277,0.0414077267465493,-0.297796505489087,-0.257279595480447,-0.0957865231834182,-0.157662909451791,-0.360525022108665,0.133605988676341,0.333908023430917,0.0831462371753453,-0.369915952892108,0.209092518746935,-0.190395116486072,0.340618270395751,-0.456743262360478,0.415970900595854,0.27799740612738,-0.00418335076529894,-0.274253472888624,0.300162029065826,0.325221909355094,0.40029078274293,-0.657142782235278,-0.221260366443891,0.270092558291687,-0.200426450313646,0.249587670848721,0.52284873909447,-0.745133347418897,0.0742923457418943,0.455831414816886,0.137245289890334,0.744829410013505,-0.223935794464204,0.59549797659132,0.213158641688561,0.311407842554655,0.0880939499367766,0.424505704476525,0.411958426524045,0.190072315564633,0.0281555851641368,0.327031250539177,0.609028396353184,0.339464457794676,1,0.69151070362806,0.786817531363159,0.424934827329887,0.378971701883999,-0.228255391862933,-0.400768016754536,0.369938340797959,0.227669036848786,0.0741357013152052,0.170735935363389,0.373397480040378,0.0757304625834725,0.621655912284419,0.483786866667303,0.320255200340711,0.260629521783117,0.00615880360662946,-0.0324617239850836,0.106981759195797,0.0426903006487357,0.170055733689204,0.210165514000638,0.272215728005657,0.40581596184296,0.49409993499017,0.304723798813466
0.498906095781788,-0.214117141521837,0.499520902246605,-0.649751812063857,-0.976225068741469,0.0768630649363843,0.548338925195429,0.150148531205891,0.207243571398991,0.120075324568794,0.618131192475749,-0.00610840169930005,0.359046849975868,-0.0288891722379652,0.259899784335427,0.203555890439924,-0.231578342163827,-0.282152753049906,-0.515553447614259,1.09567520718138,0.155193325386075,-0.372421082605607,0.397217606468503,0.637227153112183,-0.0597852979860555,0.00427184503389777,0.637459805269921,-0.0354022993969675,0.48320913993617,-0.235225373565987,0.208507825126491,0.643028452101096,0.491324422641511,-0.670537823647933,0.297518048175025,0.527978466125567,-0.812532380665757,0.918392099593064,0.330310575248303,0.713115338079495,0.40355849986767,0.41306402500571,0.30654792858647,0.673329582917772,0.290804328756392,0.474666018273887,0.253112951205647,0.535447509568016,0.355084532022603,0.505367840102606,0.031367130153708,0.0984766778978128,-0.200487816896598,-0.592516974512282,-0.51012413453703,0.272482212174723,0.0964062794622597,0.23094199880945,0.0137190957666673,0.1253528952905,-0.013766615884803,0.602919758112625,-0.13512707888539,-0.0205392769956468,-0.26007260052619,0.306426058872486,0.408010533706827,-0.370765198347064,-1.16916914151424,-1.04718080650213,0.0323692169089308,-0.451779831983407,-0.399833775622767,0.69151070362806,1,-0.114722852685361,0.301742532353769,-0.40609001450832,0.454348810059443,0.33107669604401,-0.676401575032674,-0.673824442564854,-0.217974828609231,-0.886071313872471,-0.405892534218705,-0.246469334163121,-0.79552769955547,-0.392793533984524,-0.407572221745279,0.709292880762435,0.0883503436971702,0.430432907874452,-0.0273742826403996,0.198405765250725,0.582932967985915,0.248292603829467,0.6151032231853,0.258757310718849,0.451469509281434,0.0340859526102011
0.460559412823921,-0.661402801238927,-0.164517240265719,-0.991734956016939,-1.43423826770964,-0.171382098878468,0.591474537827214,-0.331185924967523,-0.282493335678266,0.137584898420277,0.687637598020016,-0.105527454650633,0.126904756602662,-0.221021879954407,-0.00430615763118679,0.220688748441084,-0.0612688553747046,-0.247243424653443,-0.344686342530657,1.22787224804163,0.39078394916495,-0.510427317556871,0.235273307409109,0.511195712203507,-0.0620665000948897,-0.234757370535855,0.821794958595742,-0.0694824457908634,0.450125797730507,-0.620429145129897,0.118235139924239,0.421721466116989,0.621439473435798,-0.621619067779336,0.131942686638179,0.757752113533922,-0.652580790773004,0.862067319383666,0.285815458126957,0.526043984508066,0.531494798220733,0.702417008393207,0.243322426755317,0.850905460149995,0.253773415184755,0.850171972055067,0.129621237513709,0.772038342237175,0.475854857988652,0.642024267877029,0.0615998893796673,-0.566053120564545,-0.621383806478591,-1.13574523335097,-0.905698673436124,0.088174311769909,-0.409286414046995,-0.331273640445762,0.229963463710811,-0.0591022009030713,-0.0127441018936714,0.494516358861397,-0.189139808286665,0.111062771671647,-0.243837454607215,-0.101447092055556,0.727218813300835,-0.266839277935166,-1.01852902897669,-1.0710173118678,0.138208854292981,-0.371810836825616,-0.36950306236091,0.786817531363159,-0.114722852685361,1,0.486114526260929,-0.56118213849238,0.539056360218048,0.437271558705055,-0.659590516795238,-0.475270190899248,0.0612572659537371,-0.708051462674995,-0.246902542798502,0.104739240581506,-0.662182628894459,-0.212156247873694,-0.352249443240947,1.00115077708419,0.532723119432069,0.503331116162162,-0.069220723483733,0.45878067555642,0.572395034968671,0.413138389948139,0.985924694343598,0.479647017065401,0.580308569024438,0.159741378392044
0.0076487419302719,-0.926529881083299,-0.116880024174285,-0.726689453064825,-1.09807155448471,-0.0541288626734832,-0.0434674527393519,-0.740637843841667,0.0826803394433512,0.474618721097247,1.09929758660777,0.248246699838337,0.230557692515081,-0.0707305086937871,0.867278027944434,-0.981432027802975,-0.368762837213072,-0.924480899292612,-0.30670195990231,0.365696736477283,0.461764206656603,-0.639562828175278,-0.38225892516698,0.522643931455093,0.389407320478735,0.00197854400226766,0.353342386647071,0.0166342438780051,0.677529973111916,-0.302587383708479,0.752473257346262,0.295208788089959,0.595157638959642,-0.756261889372074,-0.304082679094347,0.31469117693156,0.370825614510874,0.780714743130938,0.283638318692103,0.320676050352299,-0.0276339683239523,0.674371064475838,0.235184952327852,0.81268572242187,0.533551953130217,0.510283015832205,0.0406422359726409,0.0962987780223171,0.826353629700275,0.648904834347706,-0.19749116861274,-0.468748066171894,-0.69659780755205,-0.673861700920764,-0.212677022278203,-0.0680267756443782,-0.84501499040455,0.301278516582891,0.510979076977415,0.748103660715171,0.600676389197023,0.267011936678556,0.435372361541528,0.888371314866493,0.644640138735278,0.774389336112788,-0.0648232866660367,0.189470543492666,-0.532986488754799,-0.767582700220682,0.597812832650291,-0.191561785401583,-0.400187386812666,0.424934827329887,0.301742532353769,0.486114526260929,1,-0.180889258328791,0.297954479062573,0.0174399241651405,0.106605891607861,0.011723483931764,0.182770800895254,-0.424175658789374,-0.0544620491771765,0.0703113939375009,0.399637571034039,-0.121349503699557,-0.0992646213385093,0.458248616650749,0.105629067952371,0.449423655493195,0.361122868489146,0.142858513095648,0.305420340398459,0.392476117912109,0.505808550975297,-0.0102950832959061,0.708143813234116,0.42647504633976
0.317421950175284,0.109120733216349,-0.219119756206304,-0.167722568330922,-0.355604766383412,-0.368622291759542,0.632671412201395,0.261699960269413,-0.55717746041026,-0.0979013957072642,-0.025472613372202,-0.284194828655923,0.143689478716419,0.0993793377286993,-0.394991348947089,0.863001282155227,0.053653906941825,0.194396581034641,-0.0468857905408978,0.362514721824031,-0.0748797682450079,-0.16167157912946,0.28139169633421,-0.356702647873098,-0.560604697727038,-0.354796109474978,0.106898056173653,-0.400103894803247,-0.383831325632759,-0.29428908869508,-0.292199044440968,0.446104597331533,0.227699572182526,-0.188886865196433,-0.0455887512060645,0.162002450933533,-0.774689536094528,0.369779907936236,0.156860489613527,0.0751646854049824,0.233234487588644,0.160708009529236,-0.0951278964126901,0.407188091036194,-0.69763512254731,0.28549715350921,-0.0140593753230648,0.237309019756434,-0.149476422294076,0.153551743663378,0.336857627123969,-0.308696320159577,0.128137542763833,-0.269201007013889,-0.556951326587554,-0.135544726158781,0.375732712603041,-0.39188449472754,0.187583702206814,-0.321831633048731,-0.235781339742529,0.423736015085388,-0.137476262640785,-0.13543269575008,-0.471540667031797,-0.416146991747705,0.710080795498238,-0.182719741160468,-0.4117551292666,-0.445304991482284,-0.390848110925713,-0.194007990486826,-0.00145019938828272,0.378971701883999,-0.40609001450832,-0.56118213849238,-0.180889258328791,1,0.536936055786072,0.516791192470225,-0.868917007835365,-0.286864469103668,-0.241410050993359,-0.462505598382438,-0.72203108322867,0.2422462553256,-1.01192256862994,-0.49249827085403,-0.37162293347006,0.439048168952943,0.475240762610511,0.417620771339185,-0.168358532934723,0.279098742092193,-0.0344401921241278,0.299562750113587,0.348657582242981,0.318302501581553,0.0976399871646648,0.00693407919129646
-0.283637261634812,0.48235308806465,0.0956364615571242,0.314518587995564,0.668043230315997,0.0929296284604324,0.012510246676327,0.182275149534597,-0.0031749864770815,0.281635372815695,-0.00128776475092662,0.220492303989032,-0.182332535063748,0.362168544787989,0.120767144561311,0.109765480988908,0.15424542862742,0.0772967468188796,0.349064077280456,-0.27038332976862,0.232372392740714,0.134258041613241,-0.233741029858515,-0.406645361437712,0.232273391262737,0.541660650403369,-0.399500892191944,0.179307757955347,0.130636778820445,-0.00934322598881009,-0.146451272223232,-0.457823012364234,-0.447131226396703,0.0231869659692101,-0.673833361900998,0.0504682636913668,0.0324203902076192,-0.510322383299309,-0.681677659023065,-0.121937042356184,-0.358870069169399,-0.55002521189115,-0.786495058645108,-0.303295723675689,0.0607989487757996,-0.626332374100756,-0.699502175313759,-0.124498322693814,-0.251524920365922,-0.0623647765335163,-0.0602035450377746,0.276767214971194,0.653932685466215,0.522203957045218,0.361442990171951,0.0900491156824835,0.0839524527652334,-0.118372909983489,0.369229018448541,0.277319086818925,0.337833406044096,-0.336343694493825,0.262456066080979,0.32228750064118,0.469432872436017,0.189416975874094,-0.0515884413040567,0.449608922709858,0.399887485893572,0.524220418159835,0.348197076851814,0.360047361210269,0.489174478564985,-0.228255391862933,0.454348810059443,0.539056360218048,0.297954479062573,0.536936055786072,1,-0.365808070370936,0.390807124019923,0.0793360097589779,-0.21042372185553,-0.188306237910615,0.410298478334948,-0.330943711885096,0.128777408583479,0.159319437648868,0.289284803829065,-0.428750227719327,-0.318522117795331,-0.2955900856611,0.0398927165524704,-0.604323310149276,-0.451755150703668,-0.0210334025453004,-0.573500796429855,0.166714212846274,-0.0732433051596375,0.0204296633829322
-0.172464820595343,0.0175315630492528,-0.149835402616449,0.58438008048752,0.620883527364004,0.258014384619921,0.15161255304441,-0.173192791524241,-0.0684391705537227,0.232220559443461,0.00986502079712169,0.243551087213664,0.169998124532695,0.581977575099763,0.21643810052507,-0.375305813342928,-0.119174287513299,-0.523229979128175,0.487750070229534,-0.885215613098659,0.111951445422347,-0.262491466005235,-0.570824652007502,-0.73130420118932,0.304642461401946,0.363525953763962,-0.0615129395130125,0.24918574876177,-0.0196554837398498,-0.0281227568558561,-0.0821587640474764,-0.521112021686889,-0.941949527221724,-0.46773281567011,-0.867960435408208,-0.106029203712889,0.685579785171259,-0.332629909784582,-0.874868101482653,-0.200364366363356,-0.523715280312692,-0.257679156032967,-0.618739480908582,0.201128081842712,0.188464980349363,-0.133972383438906,-0.793461321574291,-0.156639811912319,0.29537273343247,0.148430092015632,-0.0944885771386236,0.0415427807352523,0.494845945990676,0.688782586626594,0.474108876985104,-0.29640253912923,-0.254782207832467,-0.206990805376758,0.49322645923204,0.376862059113656,0.711176950792907,0.00756904896110588,0.628056702570082,0.51380013907992,0.452317331646631,0.170312148833814,-0.242758263570237,0.444430103961233,0.158842794712762,0.082793962082984,0.199177060737519,0.0652163316536094,0.394001724464374,-0.400768016754536,0.33107669604401,0.437271558705055,0.0174399241651405,0.516791192470225,-0.365808070370936,1,-0.0268313094643284,0.18532639211518,-0.190214022392257,-0.0723563147918224,0.325985934780916,-0.234924574124749,0.706188086832634,0.456794951805435,0.0022868696355598,-0.752278802237685,-0.610356912936687,-0.373965905737543,-0.130247848198654,-0.587328985754945,-0.654137772434947,0.428580616640792,-0.601291268804284,0.035049320448262,0.261806597126414,0.23185696706903
0.597531105483328,0.119679560752961,0.334700155270007,-0.421234113582089,-0.677070719037036,0.450618728181816,0.592904149820191,0.406874651106375,0.479345903922427,-0.155265246963629,0.0651168792704863,-0.920215330642896,0.0234144532525692,-0.605774404565797,0.462390862157468,0.0151771176232246,-1.14155760386383,-0.251902983966698,-0.84760021427946,0.774573390366655,-0.76228185893942,-1.19507400889901,0.0136774173403519,-0.340247222690494,-0.547786108692008,-0.71760879587972,0.12304353330151,-0.328044841520106,0.163665447611683,-0.57958234710343,0.193159838797514,0.451968600827125,0.0280233593567656,-0.779714034876271,-0.112729019204431,0.843066727816884,-0.65846305060521,0.586791178784581,0.385169278216571,0.43017299394815,0.804708038522496,0.0634771337106787,0.0797523173996433,0.448833117290077,0.368983150281181,0.388999958403206,0.610938887022624,0.718942977523607,0.449197765072316,0.693841267512767,0.635980832348299,0.148905668014973,-0.381665272202244,-0.310611566314595,-0.205125688358033,0.774270481178279,0.473431489108137,0.485194694358058,-0.27831861052184,-0.0326536755849425,-0.379557238807824,0.10458474155534,-0.216082412819599,-0.061420485448687,-0.328714097667023,0.405412956205282,0.418266146837513,-0.875109375912588,-0.654450669723667,-0.440832379238291,-0.20525970633227,-0.815169417824077,-0.564968197798516,0.369938340797959,-0.676401575032674,-0.659590516795238,0.106605891607861,-0.868917007835365,0.390807124019923,-0.0268313094643284,1,0.151285397964665,0.254316550842799,-0.561707001773672,-0.520319188782876,0.290840786451012,-0.35742341111407,0.0165774012745148,0.4090775375983,1.06892477456763,0.33948363874726,0.550083817140403,0.21867543021336,0.485075080925538,0.267221189656824,0.437886314731621,0.667268997537841,1.06054412763102,0.411044169646138,0.613633631661349
-0.0450294542205254,0.139848947742214,0.171776283205654,-0.442033639439437,-0.516364157352113,0.257995413858284,0.164585891356705,0.426223810244445,0.586551726692198,-0.597770988111899,-0.495059017326752,-0.899507576901384,-0.375166169026364,-0.893832040219108,0.291056572843323,0.259621686663866,-0.79439010886867,0.421775790244537,-0.774080061720766,0.631939142687945,-0.784221291151462,-0.225452272547544,0.459097343569652,0.0946143848647363,-0.579767963126298,-0.461821947339911,0.190944720749931,0.243088917907496,0.25098536970162,0.31439253891513,-0.0125709487932807,0.248442366665231,0.281929648611242,0.253596993698883,0.719294158935121,0.232223931122757,-0.43154971837776,0.0127655604282208,0.565296835735335,0.356805449852674,0.582836959100683,0.0996131185364054,0.392329806115431,-0.328174409521481,0.321747871601329,0.0437122394131344,0.720472140820379,0.328681248443295,-0.148935924291628,-0.0884459443594292,0.201731028650844,0.208893116852493,-0.146787281826515,-0.330558867650607,-0.0640280967982347,0.725560346445592,0.47773211877896,0.599682649402729,-0.80376784174193,-0.567852627580264,-0.724958463185863,-0.181822257856161,-0.300784639849468,-0.615885019190951,-0.538529566242952,0.36158226696941,0.0799428377837796,-1.02460811931197,-0.0973842023545999,0.21455891277292,-0.294885465792402,-0.294476141559412,-0.360128597960284,0.227669036848786,-0.673824442564854,-0.475270190899248,0.011723483931764,-0.286864469103668,0.0793360097589779,0.18532639211518,0.151285397964665,1,0.382963180946107,0.165164941474027,-0.0170287327204316,0.227890186443799,-0.0174194939207885,0.271364824078941,0.557794780180844,0.700088542176933,0.152452336779793,0.0916440829677214,0.232292276983802,0.743195344715273,0.55848742242867,-0.331750595616802,0.535956041063317,0.540265004557029,-0.381848830952221,0.0193539079646262
0.000635522485484485,-0.0204859633730086,0.319593524412169,-0.253315411446083,-0.01665533204769,0.722087747873748,0.17175758640824,0.136295655004487,0.817153601189666,0.305158705766272,-0.115077698484174,-0.168620807427545,0.109811836215873,-0.446672655582284,0.610051846404852,-0.542303338325771,-0.842188367357321,-0.310231103098038,-0.566234911418546,0.219651427006901,-0.682407023673973,-0.736009452500372,-0.251391705052048,-0.133444429535266,0.175542741023555,-0.0778798166263821,-0.0135244542118788,-0.104825147555267,0.37382422458372,-0.435920952373317,0.0912627388749015,0.175131016598732,-0.029771519193086,-0.287427655697105,0.0881680848349051,0.186102844873885,0.231673463205605,0.159903755825243,0.317316396778898,0.38454543513201,0.324091914370421,0.0672668610903445,0.246321901100392,0.0250253701813398,0.408741873691161,0.16132366322991,0.363501576242071,0.27926336833625,0.345247313984284,0.326401038310514,0.158589265182016,-0.00714342759049702,-0.180443767537403,-0.0792830739805639,0.503948565659383,0.574972389651563,0.203373452843802,0.674392373773202,0.0316467979057952,-0.127052985483398,0.235174826925953,0.0189598292807172,0.178101935244722,-0.0545813615458474,0.018869013646324,0.387203326790413,-0.0261152437205636,-0.730807636304431,-0.118691377614237,0.0327678590922211,-0.178760233107609,-0.36372884562957,-0.508121506441921,0.0741357013152052,-0.217974828609231,0.0612572659537371,0.182770800895254,-0.241410050993359,-0.21042372185553,-0.190214022392257,0.254316550842799,0.382963180946107,1,0.132107363311296,0.0565552037449901,0.29752418125813,0.489820901791004,0.435608432235194,0.424654320594721,0.589789902501111,0.0529421261815587,0.108941906321608,0.186451583872632,0.223791046727899,0.391584662469509,0.0414030154299212,0.430232682776573,0.501166020636744,-0.0570389756365781,0.3485594835256
0.245689716735639,0.748724211590858,0.191607474303068,0.117945805384002,0.0534239274770353,0.708136187783059,0.517728740305366,0.654043217109992,0.465390900299772,-0.384872187176307,-0.783783509889163,-0.946651293186477,0.145053839067004,-0.221253470036069,0.118676368816491,0.594409710964216,-0.962402195805823,0.081766765163291,-0.504372239049246,0.207656857590228,-1.1286661289766,-0.669262682501902,0.294752042419531,-0.794645003320636,-0.784846901404583,-0.46980063142887,0.0657917905911904,-0.250984385675457,-0.015899535336327,-0.244537413245719,-0.374150505541913,0.612452254475236,-0.377973063529298,-0.28441283991027,0.0207614388251504,0.202735615532033,-0.722481554171033,0.282367967053569,0.111259171050842,0.42699695541611,0.72710308293516,-0.390255046661899,-0.0496395160853719,-0.00597032146502385,0.129804922291955,0.148135378914155,0.339152427694414,0.674506705829588,0.0262908846464522,0.343980105843246,0.348826338633844,0.297429411295764,0.485995915987518,0.310969073833828,0.0281255009270361,0.807220575458317,0.763952279705188,0.423296240301533,-0.548859630232269,-0.69603084810013,-0.408584074303978,0.267189979443953,-0.101471944328964,-0.58806574611111,-0.839744660114074,0.000968547792220886,0.284141805293393,-1.02500415491459,-0.393610290871343,0.0702295020607469,-0.632615557995973,-0.562191197489737,-0.21399119718523,0.170735935363389,-0.886071313872471,-0.708051462674995,-0.424175658789374,-0.462505598382438,-0.188306237910615,-0.0723563147918224,-0.561707001773672,0.165164941474027,0.132107363311296,1,-0.278772116832128,0.11301894492162,-0.387373976961347,0.193680923642215,0.213355795893225,0.564329111275643,0.134762579622644,0.363186356365564,-0.0677967310176491,0.389280876712416,0.176379664266043,0.426856633742819,0.330747554581975,0.852594250311657,-0.00835884268567166,0.295569127254519
0.462964882950834,0.169707505110679,0.0862284426091783,-0.0427131726117831,-0.0713750013405167,0.346892482622288,0.530516494661769,0.254352577139371,0.293713697636407,0.351664612632457,0.228518067791613,-0.277751128257408,0.361846799623605,-0.195222759826153,0.214775318991271,0.030345283219598,-0.817387067898805,-0.516941175179563,-0.453865553095538,0.0802436577355834,-0.551078477238383,-0.992523785630106,-0.450705758090506,-0.530005241999358,-0.102066054854821,-0.332334178444955,-0.2821698877051,-0.716569042081413,-0.207039112425211,-0.796460362316939,0.335500425561254,0.716112639520804,-0.0326983549334209,-0.69939999160486,-0.427566087588589,0.243808439704861,-0.484262776650919,0.452388023562668,0.191669605468364,0.118868640268602,0.273427351788367,0.210774285385035,0.0229660544657997,0.358275185580188,-0.269003307656248,0.304776892060521,0.0192227250413452,0.113854450561646,0.266011119497163,0.430714524961768,0.589909075187081,-0.084362656787822,-0.0472088495995452,-0.0510599727249113,0.0435069301095146,0.60682585623588,0.377495853631788,0.309089914947115,0.383868848865923,0.0219954201078882,0.0689409519542166,0.238888649909386,0.0812704900700194,0.141920135261778,-0.177848817600666,0.0017958268036975,0.366200467935493,-0.542706551573538,-0.424335506498588,-0.381226982919607,-0.464247560530704,-0.422312421429554,-0.611924062795071,0.373397480040378,-0.405892534218705,-0.246902542798502,-0.0544620491771765,-0.72203108322867,0.410298478334948,0.325985934780916,-0.520319188782876,-0.0170287327204316,0.0565552037449901,-0.278772116832128,1,0.368251089166809,-0.462228999110929,-0.0960226563584477,-0.114484919577891,0.620123534191307,0.586326706075488,0.760917672312308,0.156751286344824,0.38669324488449,0.235547486221497,0.491784554349373,0.492245240460125,0.505063256113476,0.340693390218739,0.501991070988454
-0.0727200677789892,0.371991670260043,0.168310128138062,-0.188689415939656,0.110202489303764,0.547709754089897,0.0821866658834323,0.293964376534849,0.463176160570696,-0.13282530960203,-0.530286007933715,-0.431264875984289,-0.229386078810766,-0.264676640844274,0.0315173134533713,0.348433015082405,-0.425669234361251,0.17380055073118,-0.285177734748237,0.386838464505267,-0.56945883802563,-0.0886143626244236,0.189796172618303,-0.320545060406915,-0.336065790798476,0.153399112806014,0.317555750509568,0.394669836644117,0.324184387870025,0.078668054675137,-0.163372638427555,0.047688291577269,-0.289374301201066,0.160655723932629,0.312596962301889,0.0711056267151427,-0.244275408621798,-0.273312312769219,-0.301223418614634,0.109011398185808,0.156434774710839,-0.00660608789766695,-0.0648729178660081,-0.364772924045508,0.522207654679426,-0.150306938777144,0.062575562298248,0.194416535588369,-0.226259178858073,-0.0451636942883895,-0.121050570400413,0.242322696449808,0.473357826903947,0.0795907424604066,0.487597978885689,0.761744199258823,0.346674543393879,0.335540710797687,-0.34232413565112,-0.62916899290605,-0.179845230085543,-0.265012797437682,-0.0478967447219762,-0.455748971151942,-0.466263693629515,0.0679712880954032,0.124676757009732,-0.577895505472387,0.184831265445926,0.463010156664748,-0.301677387973399,-0.0432669293673026,-0.0241741733867998,0.0757304625834725,-0.246469334163121,0.104739240581506,0.0703113939375009,0.2422462553256,-0.330943711885096,-0.234924574124749,0.290840786451012,0.227890186443799,0.29752418125813,0.11301894492162,0.368251089166809,1,0.107596040051568,0.589544983981092,0.493739755890251,0.297225042626051,-0.114042966158149,-0.264116041678896,-0.308548241762336,0.374242212333625,0.31812429155726,-0.196938820135387,0.204647817820992,0.692418493655664,-0.343671576593407,0.0443449947713849
0.172475781142849,-0.695780773007325,-0.635028737350117,-0.965428737888721,-1.46114419235985,0.123012307361529,-0.0745152226119602,-0.425539004270692,0.0913519851670136,-0.110907437099512,0.104249009155568,-0.680138861907264,0.229954844025685,-0.512831637690794,0.564736612252948,-0.200692396488764,-0.767437106514892,-0.20797665815899,-0.463480356824531,0.827498415029136,-0.264220026326106,-0.527794330935028,0.207345664456816,0.483059786397589,-0.504320200571687,-0.985146296206824,0.440917885787801,-0.521613353687535,0.766756613610756,-0.301880871170395,0.462401736862859,0.798013364681362,0.994847458138496,-0.315215160244825,0.253804244803922,0.358019199888924,-0.0269802081081769,0.904882487071246,0.999864382601272,0.337107241456531,0.778005061481486,0.823424579649076,0.684421372480319,0.589742278313234,0.427596867311732,0.941590551027645,0.623999770962414,0.449653020768428,0.67298983976943,0.612240875335472,0.188611823552876,-0.802648989873409,-0.954183603071447,-1.09612027032624,-0.775713998496255,0.189525994815844,-0.5112550122452,0.191480303020365,-0.17225891622101,-0.0396466184950447,-0.413321048406831,0.469594716745685,-0.0988156426180148,0.213099705301598,-0.210811333981648,0.417029298260869,-0.00423070475440835,-0.688540677504724,-0.653983326338982,-0.464057581538226,0.126735871949919,-0.919274609385848,-0.73606663923655,0.621655912284419,-0.79552769955547,-0.662182628894459,0.399637571034039,-1.01192256862994,0.128777408583479,0.706188086832634,-0.35742341111407,-0.0174194939207885,0.489820901791004,-0.387373976961347,-0.462228999110929,0.107596040051568,1,-0.309549560398809,-0.0586397131312156,0.860650876068247,0.600278114686708,0.796364269028206,0.153881128509539,0.848165573845,0.469666153713223,0.387163462621601,0.91413595236795,-0.00147537336725517,0.356331394198823,0.493317671317783
-0.0566786807957459,0.169106831966755,0.0127103237233613,-0.0671673304526191,-0.373787869054886,0.0909288412826106,0.114702161013492,0.317402007105843,0.170777324520303,0.148300679798379,-0.228366779705625,-0.373042618082303,0.205243928453455,-0.501031897372174,-0.0576049101529377,0.0730154190901827,-0.60088657511892,-0.0533633186926227,-0.639987559214069,0.349269762033862,-0.559425225289571,-0.53576365584864,-0.103504608219821,-0.183033598557128,-0.202304869710966,-0.418335462638417,0.0563510345806173,-0.455543027657778,0.109290877552253,-0.694805258895009,0.0634573740624549,0.505087694783031,0.211032655461126,-0.201381061021024,0.091262953547357,0.170515579852973,-0.316453680437234,0.411510547058762,0.537067028950398,0.52458161209091,0.435921398214956,0.145887500246315,0.338218648977367,0.0222782618234463,-0.107024604854199,0.472314467054103,0.447283023133237,0.359806987976151,-0.125764940292509,0.261024611659952,0.17180853501451,-0.220814173094622,-0.339414299293638,-0.243211622961556,-0.251090400047411,0.158822416579789,0.224520415801435,0.197806103249863,-0.0107590377779551,-0.447676205880086,-0.106200317775517,0.239963827654688,-0.15593298938156,-0.218984290252566,-0.483244344360603,-0.489627679659338,0.138751316493489,-0.683199607407913,-0.169261075226655,-0.117605420192387,-0.322829547354211,-0.24976866612153,-0.463488610218466,0.483786866667303,-0.392793533984524,-0.212156247873694,-0.121349503699557,-0.49249827085403,0.159319437648868,0.456794951805435,0.0165774012745148,0.271364824078941,0.435608432235194,0.193680923642215,-0.0960226563584477,0.589544983981092,-0.309549560398809,1,-0.102225192731357,1.04877846735295,0.734709609662719,0.451757592784555,0.317323849828942,0.948676507132023,0.780844438563849,0.148492564424607,1.05442232713609,0.283724213801308,-0.138228053341834,0.168211210301834
-0.314466641045692,-0.283767558481897,-0.213032048058588,-0.63868308124939,-0.939986746807437,-0.197149891897556,-0.084252942035047,-0.165996763579598,-0.0283054335234202,-0.605228826884114,-0.324665970993957,-0.729628607243048,-0.723539397741896,-0.713585837992818,0.14538569878314,-0.134880871239919,-0.448490770377579,-0.117494567433197,-0.641677573309669,0.611492241109044,-0.684067032631107,-0.17040151769782,0.210871762704576,0.282798420093366,-0.799386109026546,-0.531258646240256,0.305866625738602,0.405121339758113,0.0551419339664614,0.407499335378927,0.142638502192606,0.0545068518196207,0.802111174270463,0.250996247945044,0.676144424528448,-0.00500420927959291,-0.151789590140255,0.168301654632647,0.409155871803721,0.124304702928325,0.61962792454947,0.242266121058259,0.467214730340327,0.159442556849224,0.402091538139322,0.26828587750179,0.865873444461805,0.218244193994181,-0.0181741241532289,0.142093246431097,-0.488287931995787,-0.0728376551443939,-0.222246416397897,-0.28016843417916,0.0656792006330838,0.273610592401667,-0.0535733042310979,0.402487779905846,-0.689831081800455,-0.472813950047588,-0.420679820640534,-0.185248827441893,-0.167840646500047,-0.175275877407609,-0.315895220455631,0.491626229824043,0.117596281113991,-0.40286143699921,0.110196186320797,-0.0303947971074766,-0.15494742611813,-0.0925026456258413,-0.236510929209404,0.320255200340711,-0.407572221745279,-0.352249443240947,-0.0992646213385093,-0.37162293347006,0.289284803829065,0.0022868696355598,0.4090775375983,0.557794780180844,0.424654320594721,0.213355795893225,-0.114484919577891,0.493739755890251,-0.0586397131312156,-0.102225192731357,1,0.890834881171469,0.328158114250685,0.0480800198509266,0.285052629171632,0.789495387387016,0.353968797258801,-0.199093295687329,0.628782841523863,0.544372668867323,-0.163645725044005,0.0391631549254621
-0.149285680660813,-0.40572369645953,0.250039898672395,-0.580789963765376,-0.113569575685175,0.795897243110918,-0.326775942196696,-0.415286968442972,0.880290854623693,0.727693306868318,0.183698580315125,0.282562450602516,-0.0607094132525175,-0.553176266799312,0.0191010983019183,-0.712597575886316,-0.280324549905451,-0.343083730761066,-0.522517675368306,0.128212429922305,-0.129223577551597,-0.269116351077349,-0.490715709739521,-0.0181153875005258,0.748268615267928,0.547734547761318,0.11043616724577,0.184055389212776,0.582507329955949,-0.449948193801153,0.0766091034377864,-0.344369099298378,-0.156294685502933,-0.0658069878113997,-0.118038505595357,0.221677162823351,0.541661986010046,-0.352998945298412,-0.473101815379637,0.268592580626281,-0.369033911096265,0.137449421189505,-0.0297963391997911,-0.281790694067261,0.844674642449883,-0.146140086590205,-0.0470554797691041,0.12622305339624,0.170639340689859,0.241995306063984,-0.321525404315329,0.0188007413945377,-0.165632867946234,-0.0627733046592538,1.03497161038349,0.785733857458505,-0.566978891798028,0.619581563931888,0.569651978570646,0.283593908120649,0.655619795982728,-0.580073282334529,0.413655233853593,-0.0816361898829898,0.192768103887504,-0.0673737993779327,0.0625027387699744,-0.0495560686877949,0.626371055856481,0.393601522399405,-0.0382270607526674,0.424588433267505,-0.190596066869967,0.260629521783117,0.709292880762435,1.00115077708419,0.458248616650749,0.439048168952943,-0.428750227719327,-0.752278802237685,1.06892477456763,0.700088542176933,0.589789902501111,0.564329111275643,0.620123534191307,0.297225042626051,0.860650876068247,1.04877846735295,0.890834881171469,1,-0.0639038091711576,-0.40430399993113,0.208704191256901,0.190632923962744,0.391035223501104,-0.219023417711863,0.316084489266309,0.685407511870348,0.15297757444898,0.507839656082312
0.0587265870917063,-0.0377435050020364,0.280394680306311,0.221960528004343,0.209054349780135,0.714484423725137,-0.143852985867813,0.148367416851105,0.637773461179568,-0.00649883604207885,-0.103826853805634,-0.251604196647104,-0.0338773835075565,-0.360481251279973,0.432162670296788,-0.493849141622404,-0.854383114375545,-0.319684610933056,-0.472455999270083,-0.219748130484807,-0.454234445786058,-0.584825730666152,-0.474373293594694,-0.325033425811373,0.259773316229698,0.174116480331938,0.0818708493591427,0.435692246634881,0.328828685172361,-0.111218382693026,0.0879303761180968,-0.362648979447855,-0.869830276802745,-0.316631886153653,-0.199899117229646,0.111531838280516,0.184729105670054,-0.344374599447052,-0.760745894478274,0.307122079785542,0.0267459877858584,-0.362296398508813,-0.0947839834764505,-0.214076322912004,0.493371504232809,0.0290965128228061,-0.291586261522616,0.372637917556137,0.202432004426389,0.204926341595884,0.254782781917384,0.539869875522991,0.153712966283635,0.404521456210059,0.513483436083696,0.657701459188523,0.0698051309234319,0.317385475063073,0.0561455862426087,-0.00951685374301688,0.32065634649864,-0.221199873499564,0.57161951602241,-0.0909926458927975,-0.156968543047776,0.337785552006338,-0.282088250210537,-0.379318592608943,-0.0618038227459366,0.00686530579068181,-0.354717236240469,0.126396371197837,0.0351579003542596,0.00615880360662946,0.0883503436971702,0.532723119432069,0.105629067952371,0.475240762610511,-0.318522117795331,-0.610356912936687,0.33948363874726,0.152452336779793,0.0529421261815587,0.134762579622644,0.586326706075488,-0.114042966158149,0.600278114686708,0.734709609662719,0.328158114250685,-0.0639038091711576,1,-0.520005730057633,-0.0300136474921351,-0.0276208232860503,0.264491515877931,0.158906191467979,-0.00871660426429954,0.528469819776491,0.241137308319118,0.200184152903853
-0.294505957318264,-0.826342432033716,-0.310870176197385,-0.144610963436865,-0.402844598929958,0.00102645469211593,-0.404477248298992,-0.665968898553147,0.160595949331946,-0.182222493073533,0.0511623910554878,0.226121451464003,-0.199148498146651,-0.193668130670472,0.13693269016099,-0.675807318307926,0.0821889047395158,-0.196315697457792,0.0341677552266323,-0.0841444042401525,0.400507569868064,0.0633994369124998,-0.303964426401221,0.487804957311671,0.439493150845803,0.186002244437246,0.389165531134783,0.563387902141381,0.528717446922824,0.110614178444076,0.400783958912529,-0.64226471595512,-0.0892422980112485,0.0864894813991459,0.00131351517511402,0.0256029027540518,0.758752051836399,-0.235000612278751,-0.338638444319564,0.0580424843657645,-0.255741169478249,0.26032903335681,0.0933451371243477,0.0223783603750725,0.614339923241741,0.159526378509821,-0.21756375371,0.129773543489649,0.287160095378564,-0.0283665856645372,-0.401328060800152,-0.168834665406903,-0.374531741923732,-0.139537105100169,0.0298121260275312,-0.363880173822535,-0.76325216447419,-0.0250859932557476,-0.119413339634171,0.0933022540208737,0.329695658345158,-0.235372206982732,0.224218258233709,0.252718145248179,0.384452385237412,0.0338954995558401,-0.40653318838142,0.22637364536239,0.0813290016847193,0.0613967074831384,0.592992756134916,0.13921100759246,0.17119535936625,-0.0324617239850836,0.430432907874452,0.503331116162162,0.449423655493195,0.417620771339185,-0.2955900856611,-0.373965905737543,0.550083817140403,0.0916440829677214,0.108941906321608,0.363186356365564,0.760917672312308,-0.264116041678896,0.796364269028206,0.451757592784555,0.0480800198509266,-0.40430399993113,-0.520005730057633,1,0.15320814785254,-0.249231589707054,0.0669305938897135,-0.0557471700879383,-0.102955574017406,-0.207096305636697,0.203963133570372,-0.152424183979864
0.208632479662842,-0.610545630648629,-0.258742060500668,-0.928138650142605,-0.757594493093,0.278301448273311,-0.228608576565234,-0.659792788414634,0.396708329373782,-0.516232375152497,-0.0573423709330304,-0.544557337866004,-0.290428765604404,-0.631070818476838,0.250157046601225,-0.174902680135997,-0.31033010273571,-0.248418357864712,-0.497810678239085,0.406733448807619,-0.0187108704485102,-0.165191085045146,-0.139346413903391,0.097547608558939,-0.266305545393441,-0.11570357560866,0.376008138727625,0.399038166624392,0.659607288233366,0.0708317110627269,0.322264040581995,-0.0181974016838901,0.346437768096722,0.0208294684202704,0.0189499710330289,0.198328354634987,0.234985931109293,0.357960791250307,0.0282861469499242,-0.0187501623610761,0.396757066113705,0.4735971080965,0.0542553013957675,0.492576404383923,0.757849505109817,0.313803532477801,0.248187416967646,0.722538648627325,0.586599091855109,0.539327079406139,-0.32444502556481,-0.113140043238749,-0.0198307824807372,-0.538495056830795,-0.0473727441091728,0.51152874881556,-0.552160877804197,0.489049605718229,-0.564724643471857,0.0249611418612394,-0.158513455278739,-0.288702917772245,0.130088848163812,0.122127039138239,0.0670017915039171,0.454244525569888,0.173924572804607,-0.170825429145535,-0.115519498563414,0.0540854047477786,0.405001488886329,-0.329825883796597,-0.190988485860911,0.106981759195797,-0.0273742826403996,-0.069220723483733,0.361122868489146,-0.168358532934723,0.0398927165524704,-0.130247848198654,0.21867543021336,0.232292276983802,0.186451583872632,-0.0677967310176491,0.156751286344824,-0.308548241762336,0.153881128509539,0.317323849828942,0.285052629171632,0.208704191256901,-0.0300136474921351,0.15320814785254,1,0.00189174428137184,-0.0531453896563622,0.431606589182746,0.187247517634461,0.640194760675353,0.683881250325319,0.293063450998716
-0.154585467933149,0.176155282588204,0.023155531030083,0.00806346022501797,0.417451312971623,0.705877243398149,0.265347640215225,0.0030796808983283,0.42197338642082,0.586463579703729,-0.399341758472248,-0.0529465840395858,-0.0148213022742955,-0.11107763437682,-0.0890782916852085,0.0463915658996775,-0.280875160093806,0.0194702884945776,0.00939225293443868,-0.261059936181066,-0.492905111437628,-0.379345628451948,-0.409097348190907,-0.878482347367914,0.235751762702263,0.347190510239451,-0.259527741324881,-0.00353484401853387,0.182182062551078,-0.705416834386464,-0.626904492842659,-0.432136292199868,-0.624854354260872,0.0519542573889968,-0.528794622106421,0.180730591316152,0.434655002259244,-0.536126184769125,-0.595690066407076,0.174746012012207,-0.11149115476036,-0.437237336031198,-0.564119636040969,-0.195999096761908,0.243421954009336,-0.186357404872271,-0.408172095341737,0.346899720756979,0.138970688213338,0.415708264906559,0.0492587270507581,-0.106409128389527,0.481950917858513,0.288640483860813,0.716925329807735,0.426545289308415,-0.0115851241330077,0.126793875756457,0.594638007791595,-0.132421712939283,0.555773739468911,-0.372047274849474,0.296422770764213,-0.0584172089070305,0.00860232606604605,-0.363127542005305,0.429249989506144,-0.140831531153712,0.563398409816288,0.59390127463237,-0.257133668094257,0.236803121026753,0.0141701115249876,0.0426903006487357,0.198405765250725,0.45878067555642,0.142858513095648,0.279098742092193,-0.604323310149276,-0.587328985754945,0.485075080925538,0.743195344715273,0.223791046727899,0.389280876712416,0.38669324488449,0.374242212333625,0.848165573845,0.948676507132023,0.789495387387016,0.190632923962744,-0.0276208232860503,-0.249231589707054,0.00189174428137184,1,-0.0683293378801771,0.224924413507196,0.0507885268690879,0.783703464607742,0.146220868840502,0.710211181370179
0.200982184473693,-0.187035309451384,-0.160633213217174,-0.293172837487413,0.0745153463372658,0.783366714275588,0.176565742782458,-0.48583292453237,0.278015775023912,0.923317168360635,0.300955025433453,0.383039156494952,0.293619618790038,0.00694157426208447,-0.310005607261928,-0.514852967502784,-0.149109824133641,-0.715600913957257,0.0267382656653012,-0.036258177589643,-0.0189066801757642,-0.687442882430059,-0.690952405625204,-0.564832157465577,0.618217786541544,0.297004451802268,0.0898042557733176,-0.486026497195996,0.248587042352109,-1.16908880691213,-0.293065957693482,-0.0893098456576595,-0.593806822123794,-0.687775077776629,-0.846547244283564,0.386782420041248,0.439791647673672,0.0704035367553191,-0.620555853025257,0.118980515503717,-0.267872556761644,-0.138960817921727,-0.429928480513987,0.196909159307657,0.530236675942719,0.132110840278402,-0.364038222014664,0.20593511064094,0.631382467775742,0.671463219363275,-0.197546019966001,-0.375956744419272,-0.0593535160754753,0.111394690775753,0.710284982771594,0.311213388208608,-0.589268161931079,0.0286649519754283,0.843581016651085,0.393651833029147,0.910912993076695,-0.00564900546424992,0.315733080311047,0.269804735922426,0.28978222644429,-0.40082736740418,0.406767273495172,0.185934062532661,0.226895933679305,-0.0274889877044424,0.0986910299285132,0.0477330501731854,-0.184123739456426,0.170055733689204,0.582932967985915,0.572395034968671,0.305420340398459,-0.0344401921241278,-0.451755150703668,-0.654137772434947,0.267221189656824,0.55848742242867,0.391584662469509,0.176379664266043,0.235547486221497,0.31812429155726,0.469666153713223,0.780844438563849,0.353968797258801,0.391035223501104,0.264491515877931,0.0669305938897135,-0.0531453896563622,-0.0683293378801771,1,0.493395734660318,0.190957668842085,0.644406822472104,0.544579718231872,0.81525112804303
-0.376329145855298,-0.404511778947012,-0.0621062249310935,0.119982145815323,-0.150116436240864,-0.088068931928765,-0.374958805189117,-0.132350740886042,0.301665983300476,0.0169420024094789,0.204868194204467,0.125451265535481,-0.0127038262586587,-0.424148766092244,-0.103560608130545,-0.354652759688929,-0.108283189749779,-0.0297366264779062,-0.195351776318528,-0.384950181546468,0.346456514964958,0.260326651160732,-0.447897545786128,0.496597060658754,0.589961947959106,0.116561099828343,-0.287257777360216,-0.0139942365538321,0.188068827084513,0.0290944455769745,0.300842554695564,-0.221706111502224,0.028017996529801,0.15995340632439,-0.111225614813539,-0.0826528715321525,0.464068522691638,-0.206588156819776,0.0472992996270199,0.256420693214818,-0.333962990805126,0.0569553377983204,0.194754356172145,-0.353814929456265,-0.187232747351188,0.141184849769199,-0.203549649753271,-0.163578422409514,-0.0614768519945599,-0.249945140816547,-0.044033979434555,0.0585940538017349,-0.390958116582879,-0.201020596978238,-0.0953728583985214,-0.0331898259867109,-0.387891094199941,-0.0133602732999748,0.198266382502737,0.259384480396072,0.030139016472474,-0.242792294739015,0.172128580299983,0.0183280795302402,0.225301565508503,-0.219076272658057,-0.404914352438963,-0.0884425735331614,0.0219860754181659,-0.067722518939028,0.202008119594915,0.244798983315013,-0.233780170410634,0.210165514000638,0.248292603829467,0.413138389948139,0.392476117912109,0.299562750113587,-0.0210334025453004,0.428580616640792,0.437886314731621,-0.331750595616802,0.0414030154299212,0.426856633742819,0.491784554349373,-0.196938820135387,0.387163462621601,0.148492564424607,-0.199093295687329,-0.219023417711863,0.158906191467979,-0.0557471700879383,0.431606589182746,0.224924413507196,0.493395734660318,1,0.18696489085194,-0.75333347266395,-0.0394526833088176,-0.0961245338666932
-0.00816851428452667,-0.044774114812046,0.146716703330303,-0.172075549243929,0.329358374663018,0.988911566810986,0.151338294722263,-0.187320213172214,0.778396990978648,1.10842332387536,0.340647571450984,0.479281865883873,0.411705101122661,-0.153174782129744,-0.0214077811891212,-0.55738526650735,-0.355525698694323,-0.538550019693332,-0.181296237710497,-0.20794356863156,-0.0575396843865525,-0.513263406781433,-0.786510069869377,-0.493094601062228,1.02190772063659,0.644059047689858,-0.0496950279632316,-0.233178633353924,0.468865471897647,-0.974080685664593,-0.177042940894934,-0.128190115037651,-0.536501310755302,-0.476423876626175,-0.650807364826692,0.276010403465818,0.667262149716337,-0.321694085304664,-0.657776228856329,0.221719621263066,-0.582015695728019,0.00478358565047188,-0.3215129917322,-0.0905018026173669,0.636506183705646,-0.0405689365235777,-0.625957325376967,0.00424974847315227,0.361724314241762,0.396206378897567,-0.123360799379294,-0.176512474526682,0.0193465035325752,0.145893150956105,1.00466906873893,0.62201125541208,-0.418884787663913,0.318429963030396,1.08453979937154,0.416467683143124,0.987918491876469,-0.168206949256612,0.516483091621463,0.151970866971288,0.377052383056463,-0.303144629559688,0.161296328259982,-0.0805322043416571,0.419227828213495,0.292505287909644,-0.0143281217872376,0.212995424708407,-0.299150178538706,0.272215728005657,0.6151032231853,0.985924694343598,0.505808550975297,0.348657582242981,-0.573500796429855,-0.601291268804284,0.667268997537841,0.535956041063317,0.430232682776573,0.330747554581975,0.492245240460125,0.204647817820992,0.91413595236795,1.05442232713609,0.628782841523863,0.316084489266309,-0.00871660426429954,-0.102955574017406,0.187247517634461,0.0507885268690879,0.190957668842085,0.18696489085194,1,0.522067714273304,0.267619462808404,0.717972273731822
-0.396381457289968,-0.113366418962389,0.0731034690592471,-0.365773118562856,-0.385977430537167,-0.176960893052753,-0.648231222392146,-0.0359435574542874,0.410517507507592,-0.273658510891664,0.134652941664065,-0.233312027172282,-0.57330387137258,-0.757633977539461,-0.0923293476685917,-0.478452276503915,-0.290215413848771,0.0904310903319895,-0.566733812759779,0.0501377986596769,-0.370837382761284,-0.150237408357398,-0.229829225018394,0.205953021121471,-0.121071362117845,0.0546359607253206,-0.247949188853248,0.250228936206713,-0.167866751515417,0.248712261894648,0.159096675430145,-0.195551893699793,0.27849649406591,0.464464530238805,0.422889568359835,-0.106759273125078,-0.136087925691152,-0.384150142895887,0.0521633141197524,-0.0548853096928533,-0.145717120684056,-0.0352877199584438,0.170942791152052,-0.647512703096016,-0.105618968105904,-0.259387798232556,0.226692022619495,-0.322214846973947,-0.57025632153921,-0.354268059932182,-0.405663358191452,0.248777853761985,-0.240614554457362,-0.0992339822067988,0.445329980947936,0.451286710797091,0.0355607477449952,0.566115514511187,-0.233594819926548,-0.166891264401966,-0.093540102232308,-0.586810750779878,0.0962797459459286,-0.164637948505722,-0.108960066798688,0.0660385974668146,-0.0923466461088935,-0.0804045321393695,0.75730683401697,0.382762551325115,-0.227585961546245,0.669425272453218,-0.0462010713233874,0.40581596184296,0.258757310718849,0.479647017065401,-0.0102950832959061,0.318302501581553,0.166714212846274,0.035049320448262,1.06054412763102,0.540265004557029,0.501166020636744,0.852594250311657,0.505063256113476,0.692418493655664,-0.00147537336725517,0.283724213801308,0.544372668867323,0.685407511870348,0.528469819776491,-0.207096305636697,0.640194760675353,0.783703464607742,0.644406822472104,-0.75333347266395,0.522067714273304,1,-0.425581160015366,-0.0110087128366523
-0.149009976092015,-0.530156140632377,-0.157597991724723,-0.364119586703177,-0.662901404127582,-0.0286056423846858,-0.420013160224369,-0.265225406244623,0.255485328414578,0.217906814650099,0.58843872489295,0.119061596970178,-0.0810492380140151,-0.372856932984976,0.237390454270547,-0.599428733897623,-0.246360559875145,-0.295632115474797,-0.44903297661223,0.235443056621581,0.342800261645388,0.0711698118564901,-0.180504189310677,0.763959470000467,0.595452731374581,0.143107940814716,0.0659772211933937,0.0768619334194081,0.642218356264702,0.145245564591103,0.328310802660328,-0.0213625186004049,0.24043114526084,-0.24453484439087,-0.19458653913631,0.189423124676797,0.155706449817443,0.271868796654304,0.186539671031286,0.470239645409072,-0.0780249104251271,-0.0687087200089266,0.106179822965134,0.0501455407336799,0.162199219206709,0.0699950896988688,-0.0940774980930872,0.147624271454904,0.226566455050701,0.108938770228277,-0.106378690550748,0.151823808665728,-0.49603607780564,-0.174962486189962,-0.323897746814958,0.282021116009457,-0.49608214547684,0.242595320030779,0.252509162330668,0.648205380116304,0.377796715231648,0.130018345518332,0.404562567014779,0.212993635220996,0.432036350035299,0.345653118843633,-0.341067399921852,0.057121567675486,-0.298981083117804,-0.35124465595779,0.508256712186112,0.296091588156398,-0.0529340725183223,0.49409993499017,0.451469509281434,0.580308569024438,0.708143813234116,0.0976399871646648,-0.0732433051596375,0.261806597126414,0.411044169646138,-0.381848830952221,-0.0570389756365781,-0.00835884268567166,0.340693390218739,-0.343671576593407,0.356331394198823,-0.138228053341834,-0.163645725044005,0.15297757444898,0.241137308319118,0.203963133570372,0.683881250325319,0.146220868840502,0.544579718231872,-0.0394526833088176,0.267619462808404,-0.425581160015366,1,0.0386184100790654
-0.381256760865728,-0.907326156286538,-0.375362441638672,-0.761183351732455,-1.11476059432687,-0.0956139580240601,-0.369233671534748,-0.56486394871563,0.192623326582849,-0.387989738618708,-0.0278537759298985,-0.40064803889909,-0.542738868652098,-0.866804799620912,0.131509853122359,-0.497239331384193,-0.314338288980387,-0.225336584274431,-0.560991120970259,0.536924003985418,0.0321927355788243,0.0238232011125212,-0.134012492591812,0.761765796222567,0.000944568271512319,-0.202364590934005,0.466211769720244,0.478520282410585,0.619670093408397,0.219800342339076,0.392229831536103,-0.208321445272915,0.484615111860353,0.0909985707002365,0.46155694497872,0.191767963444104,0.38662383173824,0.193569609370626,0.328888143191753,0.428991271844254,0.336555396880241,0.45884806003616,0.594112483445821,0.0250945491108502,0.582861861745625,0.592551627800828,0.566970950524113,0.385233137996627,0.197455264940922,0.169905667985729,-0.387810515432295,-0.311950617603315,-0.700463022788025,-0.808079103405815,-0.221508883247799,0.0482478534721205,-0.698519640245347,0.156539681876601,-0.429789925685675,-0.136468606115385,-0.20576168291408,-0.4337692325526,0.0159335507899008,-0.0198531198561614,0.027503947556055,0.35887912848656,-0.115762445155611,-0.367701319809072,-0.180601933534794,-0.272849221222455,0.198273548719365,-0.00953126519295817,-0.330932733868324,0.304723798813466,0.0340859526102011,0.159741378392044,0.42647504633976,0.00693407919129646,0.0204296633829322,0.23185696706903,0.613633631661349,0.0193539079646262,0.3485594835256,0.295569127254519,0.501991070988454,0.0443449947713849,0.493317671317783,0.168211210301834,0.0391631549254621,0.507839656082312,0.200184152903853,-0.152424183979864,0.293063450998716,0.710211181370179,0.81525112804303,-0.0961245338666932,0.717972273731822,-0.0110087128366523,0.0386184100790654,1
