1,-0.559080217726843,-0.288174586620711,-0.0943423550673769,-0.057922931601006,0.0753716555290592,-0.457187614312325,-0.31404930894299,0.212209654668493,0.588034831573803,-0.224150443397575,0.506780548395959,-0.182106727842135,-0.121690087270746,-0.098525585393744,-0.480371138616975,0.232095254595314,-0.187927904407312,-0.0722127388579507,0.0735916530895999,0.31958527351643,-0.0484318265047408,-0.125638382867415,0.453681243497314,0.937051109333419,0.822512168280645,0.632836502746976,0.796892736065227,0.581911959737454,0.440655890925495,0.336437035437885,-0.31752212911223,-0.134419621820078,-0.205929430511741,0.215861548582124,-0.231331721121571,0.786536267409666,-0.228999274225982,-0.389280745996359,-0.38840915966625,-0.543558686360955,-0.138047871036199,0.165366670689143,0.155467968446999,0.289110265366686,0.0136456844119716,-0.307772889704438,-0.479120884440862,0.0796646227609428,0.139229107765509,-0.456129713511759,-0.515134698989349,-0.437179362763,-0.0892448091832608,0.32636710873255,-0.163866633340605,-0.776290597961923,-0.0850824333113457,0.658889595868249,-0.124323373309958,0.460148636434433,-0.0643984084277402,0.285624915049123,0.0131063207251832,0.147751463930732,0.0726912033607312,-0.758622239310469,0.101921525122177,-0.0978915661663972,-0.204417143082461,0.100125812275258,0.384861282728163,0.11359910019822,-0.667934677722708,0.492962706819566,0.983766921971635,0.735043160660311,0.659365573315969,-0.0268846751480435,-0.108664243779092,0.391660645406331,-0.0635689725861308,0.121005177358051,-0.114059436426706,0.772018177653849,-0.55177498681762,0.725271961380179,0.0945134148579076,-0.0313965465981162,-0.163367467982444,0.0693995238295039,-0.159819848888387,-0.0906031566982555,0.166780464044491,0.389262119293056,-0.0125591974751358,0.0372499195584218,-0.318127342670994,-0.37672658457265,0.0597227823999864
-0.559080217726843,1,0.0988947496023859,-0.61697681804865,0.283573765582016,-0.605748476265521,0.430990731975279,0.0424033740624736,-0.0344414102313499,-0.271761638836932,-0.596983644475156,0.529790234310524,-1.41676680720715,-1.28604758071415,-1.74099944270305,0.886754801976283,1.57366264136504,1.12168972028916,0.7124894558622,1.0104209442769,0.902266289993857,1.37059895921349,0.673168071758613,1.28549661339387,-0.571292920984086,0.238642149690535,-0.0814226093859233,0.369165286794044,-0.0890707166370113,-0.0391919248349945,-0.702055060502409,-1.75850768995366,0.0197833176646046,0.566178140309891,0.267428984586726,-0.720314209480753,-0.0589737959091076,-1.1948599382555,-0.0776848587209436,0.761363366108783,-0.588193150072903,-0.0609345263215387,-0.211258511337289,-1.08542482580033,-0.396566852198712,-0.441164810818042,0.013283877877221,-0.306700656448894,-0.879518083997112,-0.911079085293623,-0.461241727508541,0.124904005524598,0.107303970588838,0.168506673421025,0.0140572532573657,-0.815071142986291,0.161928577700474,-0.123665541454763,-0.782871348631639,-1.1307173055744,-0.858108492255733,-1.12081692328202,-1.13901178129111,-1.13420868202708,0.469377674340401,-1.61968798093499,0.787752396166138,1.10257661185735,0.86943218552846,0.654485991313458,0.668747061682833,1.24274722286953,0.882270695915976,0.515430118186829,1.06321565205038,0.264355032731461,0.728110415585204,0.633549411481743,-0.619535165615055,-0.429148486926776,1.1431058783984,-0.411393242404893,-0.0909180927136789,0.395942510676815,1.09223420708287,0.70945923243578,-0.506230619701917,0.158742921217812,0.300528240832174,-0.0143173594640152,-0.63541080810312,-0.906902417984708,0.160749119679383,-0.0938012167633864,0.0555723250299622,-1.44471115307459,-0.457030320628285,-0.15890534985594,-0.800482366313885,-0.802994332226022
-0.288174586620711,0.0988947496023859,1,-0.118705247596827,0.413210817963475,0.144761922029857,-0.269563658037523,-0.455347218606316,0.12872546205796,0.325483170857159,0.0138642258545029,0.453085407554567,-0.614910481049634,-0.282251811545792,-1.49799288084898,0.393197242045353,1.15047085119166,0.219378918654969,0.546173226419138,0.34708674491389,0.685351895621114,0.57868397086104,0.213049996330796,0.266644729967911,0.078283462668523,0.177158838969585,-0.0601336395755371,0.530192425493542,0.145690034871018,-0.237221986678491,-0.580139695816135,-0.839055415861067,-0.0961948788649308,0.324510885787379,0.21600458380203,-0.125049535605091,-0.0281617284907342,-0.518719161150846,-0.247949435677169,-0.509866615008301,-0.36346820056197,-0.529112537102742,-0.324598541117763,-0.361370664965969,-0.25528373635966,-0.369508819236394,-0.113603668907961,-0.029410543158234,-0.294852367983305,-0.331437242561848,-0.682454879851216,-0.257997065740813,-0.355914199501129,0.182887663986375,0.414582358507504,-0.0558371592396698,-0.662857993627004,0.0656110074120057,0.196710100894853,-0.123546559294947,-0.114149664631213,-0.737050273183379,-0.596306866899559,-0.537561463307064,0.00231613770461719,-1.1521481331443,-0.0217747304389847,0.714078215714917,0.70724570092858,0.0458755131311966,0.337517466059655,0.374769635640781,0.295587264578804,-0.565319857937183,0.827233298957943,0.58370958650941,0.553462050093953,0.541146516170666,-0.374939674196264,-0.309788518710677,0.924210896128771,-0.155068842549227,0.147974785615003,0.206509710463848,0.771558473967875,0.182046892175439,-0.243088966624389,0.25373877119685,-0.41916820877825,-0.192289737827566,-0.105556222476925,-0.36152422918934,-0.292473895348513,-0.0580470712061348,-0.400825724558239,-0.546572068085167,-0.409524278552882,0.114725923886301,-0.430899562251355,-0.493304203496311
-0.0943423550673769,-0.61697681804865,-0.118705247596827,1,-0.375169606075484,0.145481913802698,-0.657831091162655,-1.09507560596052,-0.633683909906649,-0.381390399979992,0.140364833735827,-0.0529716602747584,-0.257949848880725,0.157315884167219,-0.382889205146817,-0.0715782413671686,0.557475138997837,-0.0660749672290971,0.350833396899736,0.00949608358851323,0.17456848621106,0.4505897697232,-0.19801887679559,0.479661598560676,-0.10449020485646,-0.255228328203444,0.0668994060801802,0.670050601098778,-0.444209163440453,-0.129568775421998,0.222292783018922,0.0247924968642403,0.483962040043483,0.567530844281136,1.01124940619937,0.520162404416089,-0.107194894130248,0.143784638183812,0.556898556845431,-0.254563929610402,0.562171977081244,1.08505786317468,0.762362705359257,0.12301218680899,0.143647613784711,0.646917453217657,0.601962217569153,0.774543525745897,0.275522530945611,0.0308275935182872,-0.501833472904346,-0.823920248505884,-0.978197524531583,-0.544346055818997,-0.0943240030980933,-0.123717868674252,-0.948131529332542,-0.835171055839071,-0.55235336917027,-0.250484481077186,-0.49257874009827,-0.47027729535401,-0.797887657856389,-0.579706721404242,-0.613079433359526,-0.430638954621037,0.227425871690978,-0.205444106474029,-0.361238406682451,-0.65010225041207,-0.342989411385335,-0.246024163517936,-0.440704889508289,-0.22776590227378,-0.225962275693628,-0.278317657806522,-0.262790815501152,-0.241659381801005,0.362622958253571,0.319425699137242,-0.0848745903214973,-0.170456419469022,0.0620589896614217,0.250187147825888,-0.271134340482126,-0.0558112506972402,-0.389138217097951,0.303906730788162,-0.641544969598987,0.108278702296776,0.399427908188474,0.0908818330808789,-0.165129687787738,0.543383657700606,0.404914765817216,0.0305783305714679,0.486865527838008,-0.0891762690873186,-0.0378632563445618,-0.431619336887984
-0.057922931601006,0.283573765582016,0.413210817963475,-0.375169606075484,1,-0.300481081349099,0.261204155119342,0.335819076416747,0.108880185959802,-0.543192281624824,-0.530096374804547,-0.0425530004325033,-1.01165233840751,-0.897009553483551,-1.51543517563263,0.878303676450375,0.859051553189776,0.646093687214732,0.306486359907691,0.989954039144902,0.486000529354886,0.7264288169169,0.672121850642581,1.1286581938555,-0.743395414602524,-0.221135005338333,0.299398598983606,0.651294967132168,-0.165612736939222,0.0414719617612172,-0.166571364264402,-0.890786700324628,0.100158216607604,0.0447495449584007,0.674236450657203,-0.274625121933883,-0.933047084585479,-0.355663367263493,0.469425227841111,0.605693527818467,-0.0186284106738057,0.232907855674704,0.236430370773457,-0.436982096983823,-0.402373208651817,0.225714337244192,0.206059404992798,0.0675518936029504,-0.692771092918674,-0.569884895463974,-0.581391820678931,0.0290687516599775,-0.448237491811083,0.166184271733375,-0.34221815267814,-0.594890979357687,0.0799864043476139,-0.169186906355651,-0.932325129322421,-1.1129173568517,-1.2971680349165,-0.685957222580239,-1.30659636724672,-1.05823904696871,-0.293546357103419,-1.34528921805205,0.297999426559206,0.35526809116949,-0.234476548766551,-0.562869529502836,0.266575836746693,0.325090825029287,0.333420874122882,0.480758673147078,0.205753890407865,-0.190690608392784,0.532617653575871,0.304778992956744,-0.108105861900453,0.204850408976751,0.393294885973233,-1.03422350871599,-0.240502358340456,-0.367688522629566,0.734469163647706,0.182997996682804,-1.2221058013242,-0.252345445068627,-0.780125912103995,0.349459715241495,-0.22242598504791,-0.276239910365774,0.309141251473592,0.571464069077108,0.5062561239429,-0.903855048098173,0.0573881759865708,-0.331288517233249,-0.988520480462234,-0.939051423925036
0.0753716555290592,-0.605748476265521,0.144761922029857,0.145481913802698,-0.300481081349099,1,-0.892099390917203,-0.705182639764144,0.235752598078143,0.128077682825558,0.0888493551652861,0.0353507580198379,-0.287128681317642,-0.0447171944607636,-0.543887496661718,-0.493679907239774,0.149429814745392,-0.382165129133525,-0.186621773539174,-0.125619679859241,-0.0351647423048851,-0.259814184193725,-0.37219797914992,0.440555121644016,0.425866632282699,-0.0198648919332591,0.511510027706248,0.905388462598572,-0.00416248235345357,0.119144106005467,0.352236585137105,-0.0524687697309913,0.239762107148582,0.0783183474444709,0.980696225073288,0.404785097107515,0.274584661338479,0.241332159610514,0.312296684862887,-0.72194397072805,0.258092026669683,0.376162238239943,0.616381813626959,0.664513105082577,-0.084266713056338,0.671130498311021,0.251049111616042,0.286695641866046,0.454462405910032,0.433959050011253,-0.428465253056278,-0.586129490398178,-1.42582220829917,-0.212100043622221,0.298035469327722,0.112129447654692,-1.08972536363779,-0.117043577711095,0.301741886197508,-0.276922403692843,-0.152244183365984,-0.228634728172712,-0.383271816834759,-0.41871631063543,-0.754603204442767,-0.405783004733884,-0.599808674792437,-0.412779941351209,-0.519692199316315,-1.11411346408088,-0.581085992863555,-0.321607504544603,-0.594142945978996,-0.700484608959467,-0.0761849942218278,0.384771667682287,0.215096560372639,0.0397759338612314,1.13807358058434,0.634770217371288,-0.00923181103490917,-0.23690362913594,0.0595837131327969,-0.0340688806202615,0.193868916334044,-0.327517025290913,-5.99819621926456e-05,-0.117913014189619,-0.912485473323828,0.229606756769313,0.667066781145115,0.249964943442134,-0.0433289287564776,0.825884388690463,0.456082373912105,0.231244803808767,0.45349077055414,-0.257762500305826,0.0153997365201672,-0.102529332072876
-0.457187614312325,0.430990731975279,-0.269563658037523,-0.657831091162655,0.261204155119342,-0.892099390917203,1,0.292873819660472,-0.377929471536984,-0.269848093228999,-0.453587097362148,0.700639599851035,-0.808786669033984,-0.953911014027795,-1.26900247688658,0.782326727115733,1.46761518738631,1.02445622575848,0.774099090449902,0.637957238536393,0.955850604429606,1.47280465813825,0.530251926141047,0.976266605670818,-0.864746975447738,0.0520361083983505,-0.362051965190894,-0.459336963307865,-0.014776476016278,-0.116174094468298,-0.463501685560441,-0.971696631443968,0.136067738566528,0.557929181685308,-0.215582987362919,-1.14609133781893,-0.141272829351939,-0.920722650900133,-0.448719696612134,0.479306714514022,-0.889285839875968,0.0348480914263869,-0.318126389260341,-1.19562321607524,-0.256546414805495,-0.552198585215338,-0.379505326839434,-0.894096776865907,-1.0633402349118,-1.16592546958227,-0.566461899616963,0.348887285182063,0.909729806192033,0.251411190749353,-0.140107044126635,-1.1506665842293,0.482378289010149,-0.16721594600091,-1.01389129368369,-1.18462117007204,-0.928372424354988,-0.632692442713325,-0.971179041355984,-0.727577143784924,0.55083291676007,-1.34783843366603,0.467758188397869,1.31990405208971,1.40893566677722,1.26910444693679,0.890539038714737,1.24376733084067,0.858570363121788,0.643264384613389,0.979279971989614,-0.0154957916590623,0.245792242461156,0.506340706608706,-0.721970465622027,-0.276448720190089,1.34970583273045,0.0395951671088666,0.296845375766019,0.749669872959187,0.920877291125258,0.830006437512311,-0.789856097947378,0.155651331462823,0.459154154825208,0.00451340695023711,-0.427771146783362,-0.903567741093464,-0.132665575935719,0.00092917125010733,-0.0724366681006006,-1.36948311986674,-0.35525168704129,-0.416346405337241,-0.76693859973841,-0.582286289800672
-0.31404930894299,0.0424033740624736,-0.455347218606316,-1.09507560596052,0.335819076416747,-0.705182639764144,0.292873819660472,1,-0.228254975724164,-0.249267544509517,-0.675089904986994,0.641177924460899,-1.293209869765,-1.2529583161136,-1.69897975933196,0.733276938006436,1.75019637926008,1.08758262144105,0.809028980995369,0.916089730653276,1.08473523652797,1.30708641430195,0.740996389002478,0.679752194958286,-0.371533823130871,0.209085354128709,0.0680116956975775,0.0509168908178207,0.209819338976897,-0.0908107310279904,-0.908069276595513,-1.72082863777514,-0.184566072403395,0.50721755641122,-0.34157987162123,-0.85079309199668,0.392854478238354,-1.25560116425004,-0.598653990413241,0.128336569816713,-0.835820830384349,-0.414299449952445,-0.757620437252621,-1.02984856389215,-0.168961223665293,-0.66766893829202,-0.357511429175692,-0.626893453405324,-0.795195364290876,-0.831899203500269,-0.627243659716863,-0.0596908500299235,0.425875611658704,0.090957816311267,-0.0688001001507474,-0.835093574788511,-0.0476764918165582,-0.139998966587023,-0.725045227992118,-0.942132072432524,-0.576403283117419,-0.951226076628769,-0.82534094552721,-0.468629857635659,0.808824036597761,-1.40195068150214,0.661230230578061,1.61417468014015,1.44693621905869,1.1445647775617,1.11218568523318,1.41293096125905,1.22182363616291,0.161751314843149,1.33868102660065,0.349667322659404,0.653673699555598,0.759217693222405,-0.911939867376955,-0.684188335982505,1.54363981795605,0.127749057916126,0.298602618872826,0.611774066837874,1.39644483019893,0.740573164038371,-0.188739234016172,0.262935738638422,0.672982668749381,-0.0924748331823658,-0.35110429025637,-1.03370812927808,-0.258285995406996,-0.320868269621225,-0.45476470452123,-1.11775951723848,-0.659978990453892,0.164252741720206,-0.601298692587138,-0.455619286525607
0.212209654668493,-0.0344414102313499,0.12872546205796,-0.633683909906649,0.108880185959802,0.235752598078143,-0.377929471536984,-0.228254975724164,1,-0.0133654126023071,-0.305694227466236,0.191844541489834,-0.822620355654254,-0.34642258799838,-1.08472301713398,0.153848346847475,0.666582899949707,0.0476661028583754,0.15599338857377,0.397909166850877,0.224689704600202,0.168648034878625,0.189875901610875,0.0568245341481844,-0.118820770033915,0.225687726457501,0.609954590175451,0.632513909516258,0.235408203596412,-0.084803634217812,-0.379638495405888,-0.78894530355196,-0.0819427512866411,0.0511091297776531,0.203194085037321,-0.00117732610749074,0.251785924935318,-0.391098745434404,-0.296106910958769,-0.589479295447562,-0.164479602096209,-0.485553681926375,-0.35847833619515,0.17051496156158,-0.0514808264462759,-0.00149317874051447,-0.143523863867839,0.0705991186710368,0.0591985197519521,0.0901988090287881,-0.422076700531974,-0.196793130253581,-0.606151165794407,0.258063568496181,0.270243698495568,-0.0128731136067921,-0.567057752639623,0.0755176436784939,-0.0929706084917077,-0.466669710567976,-0.193143874706715,-0.159414213716985,-0.45176732591385,-0.2685774843958,-0.245847882883259,-0.625669081006451,-0.207709241436042,0.497614030000888,0.267008962874838,-0.399781347874123,0.261456875168878,0.164151541899419,0.300316374785339,-0.628992677756151,0.445857737427261,0.363198877563892,0.510788877792108,0.417818516246663,0.0531404444658879,-0.105210838990138,0.578572328496281,-0.0779722562003274,0.0557380395322193,-0.0860633642829218,0.824345473189436,-0.0215159628389887,-0.115983852104123,-0.107539183863219,-0.446929090780507,0.038117769547838,0.32355088192325,-0.252745644649468,-0.37316399628402,0.152037116672227,-0.439764176267869,-0.0546177140382926,-0.283398123560775,0.398702385857279,-0.20126814438999,-0.132976771958476
0.588034831573803,-0.271761638836932,0.325483170857159,-0.381390399979992,-0.543192281624824,0.128077682825558,-0.269848093228999,-0.249267544509517,-0.0133654126023071,1,0.0529383024237369,-0.158506405580569,-0.10174240872085,-0.423882675084525,-0.346650410601001,-0.187521636331429,-0.00287003527670498,-0.0342769624466202,0.0203383710353288,0.593690342767929,0.352086103488407,0.0734045171167965,0.258245064752572,1.00526730701331,-0.447233813961657,-0.0533796708258705,0.890857602854497,1.13469680962965,0.508084210211635,0.603945445818058,0.291489290501469,-0.21163654119644,-0.0669651887980644,-0.308262775878701,1.24514165309326,-0.205746743308057,-0.269172513161599,0.38967109405357,0.321455400140329,-0.154008000557475,0.399379476861254,1.03232381080213,0.75228556143949,0.523538722604088,0.171508371960983,1.01067341337097,0.271540163740662,0.627981434107677,0.251482664076353,-0.122315679184189,-0.104638860106112,-0.0191172399697123,-0.865956379589882,-0.84135550492802,-0.360725165008558,-0.523893441871169,-0.365772368349296,-0.311990441452207,-0.516923517182019,-0.993025684977791,-0.87795212173784,-0.0536247033947657,-0.593965447030123,-0.733448433612398,-0.916496022689435,-0.237677907247256,-0.159403269145163,-0.61245718966435,-1.08601069977232,-1.00178299373224,-0.381893037966797,-0.679528620500533,-0.329599170159812,-0.235449354218716,-0.434829543888121,-0.131559124089592,0.0418200192301978,0.254059922678326,0.65484124451608,0.45840942599407,-0.534620649403983,-0.736408914448832,-0.0377879228201851,-0.368542610168865,0.160951949838504,-0.327658473875254,-0.867639503697025,0.386902322625454,-1.08896612561172,0.270357910404895,-0.0633887886006153,-0.0927832689432259,-0.65364959947838,0.602661468624866,0.489005425504665,0.0889574705853674,0.52648886543627,-0.115757863615811,-0.332704104509651,-0.818100816417222
-0.224150443397575,-0.596983644475156,0.0138642258545029,0.140364833735827,-0.530096374804547,0.0888493551652861,-0.453587097362148,-0.675089904986994,-0.305694227466236,0.0529383024237369,1,-0.238242794111345,0.176188053437408,0.147144002300807,0.0148243149404264,0.0870329806154298,0.0832600075165294,0.124357469678762,0.217191387228412,0.27161495820199,0.0788973378687403,0.14457270159022,0.118362376851705,0.105282263123869,-0.264446650226597,-0.14498333246107,0.34104043736179,0.61801859590298,0.317273333132375,0.135670713751888,0.232464429210509,-0.14712865875749,0.350729979874133,0.632430471997211,0.995256160952053,0.141290098296426,0.126002098499921,-0.0994097494035586,0.144350702990721,-0.323031368248701,0.523922772743162,0.437181330994367,0.680424548173501,0.143760788097795,0.479589067769855,0.444259231794799,0.746048452918315,0.839645435355434,0.0634047266177365,0.0904849583863123,0.0609962641104521,-0.66730172541382,-0.624469485639696,-0.771141898706623,-0.161499363901027,-0.268420349760308,-0.659692141960104,-0.409215606437411,0.0674024763933745,-0.12830218544701,-0.175857834277395,0.00231834273985482,-0.076944116839511,-0.237285502144407,-0.549960574481467,-0.174050215147853,0.0277519776458929,-0.471475291718705,-0.254477073060554,-0.101205453672322,-0.446793198459824,-0.619817094576518,-0.326349286664586,-0.507271430207243,-0.48449378448285,-0.250633076767887,-0.268580040279851,-0.262938655130715,0.251762390229771,0.14228094243225,-0.211055795413587,0.281055087016981,0.355810846557949,0.181204555507866,-0.192331745111593,0.0249733948474168,-0.150174120496025,0.20186126794136,-0.225763068240105,-0.143245480738106,0.0641165450957527,-0.156361394708953,-0.634366910554466,-0.14710550047233,0.0565786144487807,0.156283003901948,0.326098453980556,0.448902219300666,0.100361553906628,-0.331000864972644
0.506780548395959,0.529790234310524,0.453085407554567,-0.0529716602747584,-0.0425530004325033,0.0353507580198379,0.700639599851035,0.641177924460899,0.191844541489834,-0.158506405580569,-0.238242794111345,1,-0.117365756699852,-0.439716260681809,-0.532614575983032,0.774982727485297,0.121829250258246,0.299601969693222,0.162494952906847,0.753126671233417,0.245202741448381,0.099759140506874,0.580567480808768,0.440846415884836,-0.887958571185428,-0.437506062402303,-0.0539861622526894,0.0938125736497362,0.21886638812969,-0.00613562789166065,-0.330849826165429,-0.13150633274046,-0.127197002316642,-0.570167899763688,0.142074758096003,-0.181795269585743,-0.795170720536144,0.184743652685844,0.131704874605794,0.368147321396721,0.244712641082524,0.0440289210550963,-0.0462508292408157,0.186668092808159,-0.434075278276012,0.240116518059042,0.0708063770185736,0.446584408504761,-0.105875884793973,-0.195849767923932,0.299776078935518,0.419564856858885,0.0759186622023727,0.0317299442638939,-0.465505201995706,-0.164097195766097,0.612635796672299,0.108115655325321,-0.517667675151742,-0.785237489578258,-0.937895441490211,-0.0748259395748747,-0.579662248867674,-0.786080982063327,-0.285597373641831,-0.576187836736033,0.300698345141501,-0.13237868958726,-0.617952363307253,-0.503349278841605,0.0362381996887429,-0.352780381096921,0.0629960865641686,0.220088987424521,-0.244444367732234,-0.576873122480254,0.317976837036858,-0.203661086439915,0.157728697938042,0.0937823121054782,-0.497276714757663,-0.873714716225229,-0.272183989416834,-0.592118009866845,-0.214351141892821,0.014185244303325,-1.20627532256488,-0.0680584232485677,-0.611124080184921,0.261289022304649,-0.324792746658339,0.0179359428769855,-0.353007585136367,0.149942954977972,-0.0551557965437366,-0.0709989500789133,0.0313092543584101,0.131337858109053,-0.107948406257058,-0.438835284122945
-0.182106727842135,-1.41676680720715,-0.614910481049634,-0.257949848880725,-1.01165233840751,-0.287128681317642,-0.808786669033984,-1.293209869765,-0.822620355654254,-0.10174240872085,0.176188053437408,-0.117365756699852,1,-0.0828477155696121,0.0929925038210114,-0.739531166750916,0.185304319380364,-0.265829338862228,-0.0270090721621733,-0.0550440218038964,0.217587128954513,-0.00483801030418402,-0.208894518706152,0.41116399457571,0.53851081370721,-0.0855247977714846,0.783345377448493,1.08719333632133,0.185236441752643,0.428505616163292,0.44019243987506,-0.234230364213347,0.318905899391767,0.513590967705489,1.06721844566201,0.0256619133599513,0.583124507418517,0.198444608726028,0.282642726612935,-0.933046600039548,0.482677113302841,0.894602875736292,0.932962836589055,0.466969174503177,0.638730804857062,0.905284730720855,0.705798701487809,0.45099008776382,0.273941014812746,0.0688356865436311,-0.721594844040602,-1.10259310561219,-1.24659010844751,-1.31501267122819,-0.315868085895027,-0.443297313874856,-1.4214650390103,-0.813831661416399,0.201564195430022,0.0246405543799137,0.0807680110105194,0.0108960425702761,-0.0128961341038179,0.213110408662778,-0.479299056090461,0.1607731526482,-0.377254891966899,-0.358291593071831,-0.355344168271722,-0.589539778958826,-0.259600062821334,-0.399397959640937,-0.370614784971875,-0.715239150547682,-0.268672151124183,0.0433364528708103,-0.286242610907227,-0.0295516352313427,0.543932540293213,0.402802166468808,-0.0484486461179926,0.336359029481242,0.493178250244345,0.312160960788886,0.188725774077841,-0.230470189407322,0.420787353537627,0.374840303021548,-0.55057587079467,0.112432070567879,0.470210394128574,0.00811543298377448,-0.342310770532134,0.30589549303885,0.361391463943527,0.355562008582319,0.800316334074283,0.0139892742778421,-0.157548854122896,-0.457722349225806
-0.121690087270746,-1.28604758071415,-0.282251811545792,0.157315884167219,-0.897009553483551,-0.0447171944607636,-0.953911014027795,-1.2529583161136,-0.34642258799838,-0.423882675084525,0.147144002300807,-0.439716260681809,-0.0828477155696121,1,0.130396576454056,-0.536474193867613,-0.141095157878193,-0.304989955134728,-0.148339049018779,-0.12372274379073,-0.23970205826229,-0.266985883613046,-0.467046611217297,0.295845329583007,0.354552690530876,-0.343630796254495,0.2304559252623,0.88530994130938,-0.376081734452448,0.383112548596344,0.776075955266379,0.220485026460536,0.944846295816357,0.841688078699971,1.55709948446739,0.740280115742328,0.294276126381271,0.342350988534086,0.689646706788221,-0.704606419563101,0.931350525193317,0.931690304697406,1.12513559373983,0.426109972619821,0.169531392427631,0.923109472876663,1.06772451860472,0.959553169857157,0.436462654796634,0.397495625421789,-0.0609694084261631,-1.05744981980678,-1.64262532777519,-1.22868059572409,-0.162080404980367,0.0528641474308416,-1.27461727650059,-0.542742988349769,0.0415860343713172,0.0808491502483184,-0.236117179748502,-0.48602821862616,-0.273044700915364,-0.117277872174701,-0.852549161801795,0.114321885377915,-0.138854420905318,-0.761776048695715,-0.569452530867215,-0.86327625191873,-0.914285457874693,-0.695527951565371,-1.00485494454266,-0.508506670678776,-0.641775519613672,-0.135336194252565,-0.323299673954921,-0.450471566388831,0.919604691469059,0.543824666787771,-0.366057749707339,0.254451743833387,0.292944174756607,0.533126455495027,-0.602331032600226,0.00915274830126073,0.0699221394565853,0.242733818660465,-0.621854879423895,0.0759597544068903,0.776817017608295,0.166190949095478,-0.205032280500532,0.707833741538606,0.572262739791569,0.321451537341184,0.878276550211825,0.0254553093044795,0.257848077160625,-0.260236070919891
-0.098525585393744,-1.74099944270305,-1.49799288084898,-0.382889205146817,-1.51543517563263,-0.543887496661718,-1.26900247688658,-1.69897975933196,-1.08472301713398,-0.346650410601001,0.0148243149404264,-0.532614575983032,0.0929925038210114,0.130396576454056,1,-0.628939103138403,-0.0526444890211309,-0.17137344927232,-0.29459408933484,-0.158643920195767,-0.165183565528285,-0.229244584899699,-0.390988780758717,-0.391910649533702,0.371910370221888,-0.504172885225351,0.986014523109496,0.358470739354293,0.00280704860753969,0.19678369337668,0.700074811049398,0.233920402808363,0.943730266988952,1.22998004800123,0.955425711557651,0.676600198099829,0.958778238133389,0.273668935036841,0.283688640509015,-1.5043447040668,0.946995989396302,0.604776565056204,0.856093986211225,0.532572314498248,1.1510778251825,0.814381064329124,1.03065221128397,0.52943985577191,0.570962509187635,0.546562796993467,-0.309414909504145,-1.6290780972269,-1.22486502360961,-1.68346991531482,-0.622040011237287,-0.0363357529924595,-1.80963159423987,-1.02575802374732,0.145598833068363,0.178868222018182,0.0912564693488683,0.0818604806867584,0.150183828980145,0.569577978147175,-0.664501228894245,0.343487270354286,-0.447308261002414,-0.550305406359297,0.314827499025379,0.0955594315561776,-0.438415951018079,-0.778970700763049,-0.788597870659689,-0.962189007032089,-0.635280386066212,-0.418801668169926,-0.581043349870718,-0.737615342346708,0.822659624503768,0.51838801616561,-0.0888293011067035,1.31105390971007,1.22003439998202,0.857155250446295,-0.185419049168481,-0.000513256176528254,1.00848635411745,0.191364737205119,0.265056122055916,0.0890681697350934,1.29681915025812,0.170579264953475,-0.539028730612918,0.376164795038521,-0.0748832961903046,0.668364315376838,0.785524410978404,0.371958565280383,0.5063350119964,0.419193487230159
-0.480371138616975,0.886754801976283,0.393197242045353,-0.0715782413671686,0.878303676450375,-0.493679907239774,0.782326727115733,0.733276938006436,0.153848346847475,-0.187521636331429,0.0870329806154298,0.774982727485297,-0.739531166750916,-0.536474193867613,-0.628939103138403,1,0.880576522940712,0.364424961816328,0.571587706441785,-0.084754240484032,0.508422301284714,0.787297115995342,0.0504515286573679,0.520309417204788,-0.419164359270178,0.329167845943141,-1.18542275850748,-0.499934972033359,-0.57351273166598,-0.206447266936643,-0.829868502261413,-1.04743974182963,-0.19799497971169,-0.186802401131669,-0.839640758471518,-0.966829169072042,-0.231087609618522,-0.78584286121658,-0.494509173451299,0.959223172597532,-1.00108938067103,-0.538370814051357,-0.823523089848405,-1.01484465757232,-0.903291950233551,-0.856308066931146,-0.734239939329346,-0.748867378669428,-0.849188767801508,-0.996560171066933,-0.20692168498539,1.05810300715983,1.14247328212383,0.990273180313613,0.460332809863165,-0.693483190283582,1.06703766857317,0.46453525306284,-0.51449509512011,-0.341412856478635,-0.0241474535591438,-0.648012185726519,-0.248747726984535,-0.232897341012208,1.06477088166752,-0.582789075132476,0.732523593591502,1.3592111923941,1.13208708355332,0.798568251661577,0.750809154200953,1.50853439937568,0.910774960264428,0.927668119347629,1.32532198647364,0.472742006899885,0.213486261980963,0.758816791545655,-0.905439049027815,-0.945079172550306,1.08334120615481,-0.140620924958941,-0.458643924111132,0.660070316839892,0.492769729411338,1.03246088476785,-0.393550819607473,0.185275374369967,0.368250904773522,-0.102618198677999,-0.810033238658179,-0.844704296631376,0.514685202984437,-0.307125619349588,-0.323675003227638,-1.21085908667919,-0.663930547011774,-0.325250216955785,-0.505507862117717,-0.42792927448936
0.232095254595314,1.57366264136504,1.15047085119166,0.557475138997837,0.859051553189776,0.149429814745392,1.46761518738631,1.75019637926008,0.666582899949707,-0.00287003527670498,0.0832600075165294,0.121829250258246,0.185304319380364,-0.141095157878193,-0.0526444890211309,0.880576522940712,1,0.101664644758094,0.0617129646795371,0.201354411543186,-0.107708611280831,0.0663425434558254,0.356137654971105,0.190079675879243,-0.841615084512316,-0.164355118112786,-1.33510481812357,-0.820783014939846,-0.343006841713931,-0.323183440438107,-0.507324289889276,0.041435142288979,-0.325126231123077,-1.07844756197112,-0.922655749909017,-0.547694019236952,-1.20144603167528,-0.0611895812059742,-0.157782021549434,1.33511315524148,-0.45954846579059,-0.73373995679061,-0.716498850749121,-0.437451384361734,-1.16322697776735,-0.654068164895968,-0.561527544425268,-0.238291901114322,-0.599825443417035,-0.607598588653181,0.575939876923826,1.57513161198213,1.31642929001521,1.3008129280332,0.0787923754624834,0.147364869033198,1.94763500638454,0.885733242701648,-0.346303945485836,-0.271271722850333,-0.418661277541968,0.0649968157040073,-0.196929577751679,-0.597110297903304,0.416335188465735,-0.285032091944207,0.463613210395964,0.268201996994193,-0.25486169038964,-0.10708289660036,0.244745761680317,0.266472980022785,0.326135023165615,1.10207720490354,0.157367334132356,-0.380392926822826,0.280108672114805,-0.0179350134742067,-0.501336338416072,-0.448253963859313,-0.284684940592292,-1.0578464285543,-0.880531877945913,-0.624331873161617,-0.562685349035418,0.283783493629855,-1.26122172565531,-0.320413405587233,-0.290205046691065,0.0461649657359252,-0.985780756334635,-0.0103693874806953,0.41320608151607,-0.261131282010057,-0.226686412471552,-0.535973585118672,-0.508905162650887,-0.127541904442812,-0.228117140058903,-0.322802678782997
-0.187927904407312,1.12168972028916,0.219378918654969,-0.0660749672290971,0.646093687214732,-0.382165129133525,1.02445622575848,1.08758262144105,0.0476661028583754,-0.0342769624466202,0.124357469678762,0.299601969693222,-0.265829338862228,-0.304989955134728,-0.17137344927232,0.364424961816328,0.101664644758094,1,0.188411644626231,-0.146017270346029,0.0973319274007013,0.0816869976446185,-0.0092669669806551,-0.27034070662141,-0.547750472305773,0.182317053931594,-0.748544584073888,-0.644215062402293,0.000298632570350024,-0.136332508247509,-0.711656898838969,-0.483399006164406,-0.372259292550968,-0.71362074961541,-1.24947875585108,-1.03921327241891,0.0770338330459606,-0.399238592716455,-0.688809639181916,0.485088380570118,-0.816752431797048,-1.03200960781628,-0.993308216069329,-0.50323712622672,-0.360637358539938,-0.750815997847899,-0.620311584908265,-0.789027458329182,-0.480914130895154,-0.637945431923303,0.0696156146929229,1.09430217536118,1.44767632127476,1.09271288260997,0.173023308054449,-0.211539364140293,1.23709427553228,0.69753412069357,-0.235573986704486,0.0236012184713586,0.331770236747527,0.257928089146543,0.382842790036015,0.105775624760811,0.969006037264178,0.0611285164986058,0.0926555929004008,0.816426575040836,0.771452884536601,0.498568014003081,0.62537654701223,0.706911006074623,0.54161977208251,0.364950095250193,0.692672035934078,0.103613025793386,0.159029106081892,0.263610246765467,-0.929128521776333,-0.923895871450077,0.567084380111687,0.00595353906997835,-0.0699691691239452,0.189559042870229,0.285496619954508,0.669359375624207,-0.189943858142273,0.0883009121317868,0.218952733322913,-0.0961694659805278,-0.630595361948336,-0.410634912735171,-0.0125895636196712,-0.418628974261615,-0.695386552191756,-0.45284363106878,-0.549032571366465,0.101482259875509,-0.162403566722667,-0.128034087910113
-0.0722127388579507,0.7124894558622,0.546173226419138,0.350833396899736,0.306486359907691,-0.186621773539174,0.774099090449902,0.809028980995369,0.15599338857377,0.0203383710353288,0.217191387228412,0.162494952906847,-0.0270090721621733,-0.148339049018779,-0.29459408933484,0.571587706441785,0.0617129646795371,0.188411644626231,1,0.252879880138821,0.186190709413913,0.266402201137811,0.186413729265738,0.569621054042602,-0.448153047723681,-0.111150423599065,-0.798662738721531,-0.255035924522067,-0.1064128611222,0.0689470473647277,-0.119477732204112,0.0122918853799024,0.103417226068358,-0.336881021871836,-0.0307467731432139,-0.29958220700199,-0.520959548982965,-0.0856591082568645,0.203599608190002,0.81432540567692,-0.140015347292587,-0.0880523847582499,0.0244540102628452,-0.414669549266538,-0.770926471320196,-0.140391961235949,0.0354987302482944,0.0428244985007489,-0.381900711750876,-0.468488585865165,0.355377589601463,0.669860321059833,0.492819605759109,0.329124823938406,-0.200887224085856,-0.129375996209512,1.02539411303249,0.296760865715352,-0.291610777255112,-0.259983624149945,-0.399267576833038,-0.220936412939086,-0.411002249603905,-0.771032424571798,0.192272659077454,-0.525802668878333,0.430427866210545,-0.0505323243603782,-0.320303063835698,-0.105341696698118,-0.0101399956665482,0.0506604403393931,-0.120468370867105,0.638595229770364,-0.021873398111541,-0.227781220473632,0.222549681232058,-0.152643539876001,-0.158275794288983,0.00860634553750039,-0.139886122500667,-0.669386551271186,-0.367044965276356,-0.0435486560655521,-0.407592255099027,0.332801218326384,-0.966240043379179,-0.12114972420024,-0.311801953892344,0.0904378997922331,-0.422130448428101,-0.172372238896682,0.11128338964764,0.114536243959003,0.309923759108908,-0.477515901125486,0.0697642674016703,-0.244293524084031,-0.148513912679311,-0.505830656459983
0.0735916530895999,1.0104209442769,0.34708674491389,0.00949608358851323,0.989954039144902,-0.125619679859241,0.637957238536393,0.916089730653276,0.397909166850877,0.593690342767929,0.27161495820199,0.753126671233417,-0.0550440218038964,-0.12372274379073,-0.158643920195767,-0.084754240484032,0.201354411543186,-0.146017270346029,0.252879880138821,1,0.0912849258534317,0.122109789898994,-0.285177912740553,-0.229157848241532,0.0519407576183091,0.592770567917368,-0.794173241521598,-0.684539744770511,-0.0943143447179018,-0.264061403786422,-0.394986795264185,-0.527040641953292,-0.655023696207973,-0.653363384585951,-1.34907547511864,-1.10356624184447,0.443572884434108,-0.605976994078828,-0.763335481645037,0.289972487256093,-1.35782224186033,-0.889435435452832,-1.02504977080637,-0.543476209483886,-0.483566891600466,-0.996889296654593,-1.00750415868079,-1.30754607908269,-0.375527443797123,-0.557184326068856,0.0236717175481821,1.01589480818345,1.28034841244687,1.3932556226661,0.743713241775051,-0.16743484387062,1.01999341207465,0.839177294664874,0.472590952997557,0.178544839227697,0.73978113521208,0.231043928162407,0.567527995136275,0.242100298901575,1.08795570792769,-0.196399978411985,-0.00735554743436551,1.05130002769017,0.980668565378713,0.755404201022888,0.594546319303541,1.0664972703144,0.665761166860176,0.485423980537447,0.991353346078396,0.620142483733219,0.304935107249065,0.501267537808288,-0.828936351378428,-0.873647536232952,0.659820933643842,0.210662441300068,-0.089238283953456,0.29237101179228,0.405804190924675,0.498903045895077,0.340672642265769,0.0996284932929769,0.584976229020429,-0.285528397754741,-0.560945044065173,-0.178806503754552,0.4113148698739,-0.518455059126261,-0.603565208506183,-0.467473933275945,-0.778410381873363,-0.251589812387116,-0.211332895923263,0.245227422607656
0.31958527351643,0.902266289993857,0.685351895621114,0.17456848621106,0.486000529354886,-0.0351647423048851,0.955850604429606,1.08473523652797,0.224689704600202,0.352086103488407,0.0788973378687403,0.245202741448381,0.217587128954513,-0.23970205826229,-0.165183565528285,0.508422301284714,-0.107708611280831,0.0973319274007013,0.186190709413913,0.0912849258534317,1,0.102213443057283,0.16228795334665,0.275917294685643,-0.587521112513383,-0.0566264056658156,-0.859675951650572,-0.585191377820824,-0.0805528210618476,-0.138499693151369,-0.221136663515752,-0.00845348693648701,-0.25200986690162,-0.792236228716808,-0.561394310568634,-0.623279103060792,-0.60377215701405,-0.0527517984291651,-0.00369262614862706,0.783943519598404,-0.38497230422273,-0.115051690720715,-0.311132684706313,-0.169311241965141,-0.811312507579331,-0.22328774415418,-0.318366600200236,-0.198409459973458,-0.306983157677609,-0.426622235149871,0.429073726447372,0.931202315717207,0.839313269598154,0.684813581161911,-0.0548808962452406,-0.247058317905398,1.30624289649288,0.39145603039599,-0.0749295007756949,-0.333329744623308,-0.361221824185622,0.113537925254962,-0.248969213779516,-0.558846747615864,0.330459199488458,-0.479800923063455,0.466472516283118,0.168490736259137,-0.279259327392662,-0.0170281981000107,0.116300626435085,0.135754690101654,0.164799442198349,0.806507363735524,0.0169384004346709,-0.305495499312928,0.184760687465744,-0.162064462139889,-0.176763100498381,-0.102943619536689,-0.309435289669039,-0.602698209268968,-0.493520182118701,-0.324385676405717,-0.471600202719575,0.324423722256673,-1.04550032360256,-0.052628192609181,-0.259528176857711,0.171812791855282,-0.514324499374654,0.0609912194924721,0.222261643619286,-0.112665792100076,-0.0257783075662482,-0.233761583182714,-0.158536505894154,-0.130846767227177,-0.113910714695634,-0.222958320512865
-0.0484318265047408,1.37059895921349,0.57868397086104,0.4505897697232,0.7264288169169,-0.259814184193725,1.47280465813825,1.30708641430195,0.168648034878625,0.0734045171167965,0.14457270159022,0.099759140506874,-0.00483801030418402,-0.266985883613046,-0.229244584899699,0.787297115995342,0.0663425434558254,0.0816869976446185,0.266402201137811,0.122109789898994,0.102213443057283,1,0.230269808172484,0.0924308912953515,-0.974140649073313,-0.365907817627763,-1.41570337639554,-0.91107223429853,-0.611932098976477,-0.490776734220105,-0.588172756800063,-0.272513508644339,-0.293558717525706,-1.00560169777027,-1.1484954534461,-0.59199113067497,-1.36213747500094,-0.0493655485166078,-0.0992100756427483,1.26887809110555,-0.370552240239947,-0.763558700402835,-0.820674868674058,-0.396311660892967,-1.0597648445759,-0.566165156071114,-0.55020068728417,-0.126325650973305,-0.753314464942818,-0.631717047373045,0.385569297963586,1.13834715935807,1.23817973816528,1.10435966827161,-0.0875786483692507,-0.433053921298922,1.55379010852117,0.431934607040999,-0.239843263592792,-0.316217289849069,-0.474015037321951,-0.0396965418025169,-0.273073114873399,-0.338523352876913,0.667506536369606,-0.424206837358112,0.846017804839274,0.655766814634171,0.164830589170081,0.117405046807308,0.454159399457428,0.516707058954682,0.583630171228248,1.14685169410334,0.452385659542541,-0.466473761253327,0.156663016902151,-0.145871448425765,-0.608313968934884,-0.589377891161949,-0.189777326471344,-0.668401298242318,-0.750226439341219,-0.440267731812589,-0.583848128236669,0.677663190777497,-1.25171042817581,-0.231827369767992,-0.204196749622427,0.147518526991416,-0.847996402183102,0.0710037271196923,0.749966228242077,-0.450012040139711,-0.51983322198288,-0.587347217982039,-0.590289504380606,-0.0127448561388846,-0.333178545646186,-0.305208135341922
-0.125638382867415,0.673168071758613,0.213049996330796,-0.19801887679559,0.672121850642581,-0.37219797914992,0.530251926141047,0.740996389002478,0.189875901610875,0.258245064752572,0.118362376851705,0.580567480808768,-0.208894518706152,-0.467046611217297,-0.390988780758717,0.0504515286573679,0.356137654971105,-0.0092669669806551,0.186413729265738,-0.285177912740553,0.16228795334665,0.230269808172484,1,-0.115020767311696,-0.20345084803418,0.209166656829231,-0.97652926140543,-0.63062906110925,-0.0858239661712443,-0.223514351509998,-0.456900485187141,-0.667607768636601,-0.208818211113344,-0.318905886476543,-0.961849084986823,-1.15809007495361,0.154735436685659,-0.583334359640368,-0.597006808573989,0.154321314843698,-0.995804538343894,-0.71560291831079,-0.816844472119609,-0.633609108080993,-0.595260949977948,-0.757850203522917,-0.626249560029598,-0.95072299787427,-0.582910240235109,-0.765494806494698,-0.0128350186880057,0.871973305292714,1.04618946135195,0.875466286153766,0.490323971957212,-0.404324550814261,0.892755870660473,0.730520715807263,0.157320301738703,0.013470149751381,0.353348780704361,-0.0780299778474242,0.2865162260175,0.139129851033487,0.869180532056028,-0.354159956262297,0.121524405319059,0.963895366368597,1.09844976370305,0.697532683044855,0.481295897392976,0.862254073000944,0.490504038475707,0.400244950162055,0.901512303881659,0.36020196961742,0.170054185370912,0.351365003087724,-0.7519231849432,-0.766075208758317,0.830152111052854,0.256060305084012,-0.0138649173761857,0.552084392992166,0.269843134522322,0.788876476619629,-0.147846200430147,0.262626644445889,0.259853286029593,-0.163961598025081,-0.451886220001892,-0.471243200021091,0.0891981169176414,-0.33752232594254,-0.633075396928994,-0.627621856826747,-0.536613903093567,-0.0581203981502083,-0.281979650120457,-0.137183429266575
0.453681243497314,1.28549661339387,0.266644729967911,0.479661598560676,1.1286581938555,0.440555121644016,0.976266605670818,0.679752194958286,0.0568245341481844,1.00526730701331,0.105282263123869,0.440846415884836,0.41116399457571,0.295845329583007,-0.391910649533702,0.520309417204788,0.190079675879243,-0.27034070662141,0.569621054042602,-0.229157848241532,0.275917294685643,0.0924308912953515,-0.115020767311696,1,-0.410958902936518,0.178823090019595,-0.890317908715375,-0.751545276534099,-0.308999133230467,-0.591810752261651,-0.303335402878387,0.16296802313398,-0.752430368205052,-1.24176711626225,-1.41906828838496,-0.342417801994454,-0.738894329830081,0.178623382033776,-0.187657194078186,0.642245811379042,-0.582693516309574,-0.342999892855994,-0.789638328980013,0.254543074032164,-0.667364353315866,-0.475489992906254,-0.834177900856007,-0.209316188016838,0.00980864979616713,0.0531626015496057,0.188112286855048,0.595634040736397,1.17007679505844,1.29814958930375,0.334732479898621,-0.0991467889935484,0.829359932297068,0.016804642770797,0.414336726612391,-0.167884217758018,-0.0907561766634456,0.141169594714815,-0.180557222971535,-0.432265667210846,0.655407898382742,-0.68286876520413,0.622403391889249,0.66070196089783,-0.078568681608459,0.177234565686757,0.453125533916241,0.269977316635538,0.49717885214253,0.567298152866244,0.409707415720361,-0.145410348036298,0.392035944618876,-0.150778647412246,-0.438883636648139,-0.373017080584558,-0.479328394771583,-0.50685335078711,-0.701948552599677,-0.922533038233071,-0.618897610467712,-0.0512785154361708,-0.748772223260394,-0.130636987718878,-0.0747900239185789,-0.0431174696870192,-0.635524438432818,0.685898263248602,0.632510035681539,-0.613049270777812,-0.540607931723677,0.149299654328346,-0.781716992346265,-0.11151615283599,-0.0427943414249408,0.30155708458579
0.937051109333419,-0.571292920984086,0.078283462668523,-0.10449020485646,-0.743395414602524,0.425866632282699,-0.864746975447738,-0.371533823130871,-0.118820770033915,-0.447233813961657,-0.264446650226597,-0.887958571185428,0.53851081370721,0.354552690530876,0.371910370221888,-0.419164359270178,-0.841615084512316,-0.547750472305773,-0.448153047723681,0.0519407576183091,-0.587521112513383,-0.974140649073313,-0.20345084803418,-0.410958902936518,1,-0.75665706418739,1.07165232719099,0.636525551570377,0.311573144046787,0.0650236148445922,0.699424251019197,0.776412778477101,0.198399070506284,-0.178225222460326,0.894744551432316,0.432276923476495,-0.0203072536493225,0.947248107967063,0.413853616761823,-1.03169505388928,1.04673382525954,0.818892429804668,0.82204039793864,1.3266626905908,0.579463840847163,1.31605842701128,0.637273231798917,0.857333456161258,0.849676840595913,0.928569564651888,-0.0796310904464715,-0.644052496356256,-1.15943584458173,-0.57676804339483,-0.408312647113743,0.118590580371117,-0.719423124530158,-0.232922370765523,-0.154796701820628,-0.249307211785148,-0.448564973012112,0.611195115271004,-0.031523128727408,0.187322281747305,-1.24724696149167,0.315157666294349,-0.750278732320463,-1.07979849856666,-1.26389277955161,-1.30008018286272,-0.799046798452011,-1.62237210757055,-0.880243345452242,-0.757355060367807,-1.37958608006693,-0.769916858567926,-0.543486674029878,-0.712372479416165,1.11572268125645,0.680220509483404,-0.94572514735933,0.0495302279858123,0.292071688601508,-0.673081689750889,-0.359742140039391,-0.622027757232268,-0.496479686566159,-0.208571271455786,-1.00505744558843,0.401152310111506,0.705564354889082,0.492856591626873,-0.730259021013449,0.604624518223376,0.201820789251732,1.25210262722222,0.846448664969084,0.331704121817368,0.368417958200808,0.0765207972053151
0.822512168280645,0.238642149690535,0.177158838969585,-0.255228328203444,-0.221135005338333,-0.0198648919332591,0.0520361083983505,0.209085354128709,0.225687726457501,-0.0533796708258705,-0.14498333246107,-0.437506062402303,-0.0855247977714846,-0.343630796254495,-0.504172885225351,0.329167845943141,-0.164355118112786,0.182317053931594,-0.111150423599065,0.592770567917368,-0.0566264056658156,-0.365907817627763,0.209166656829231,0.178823090019595,-0.75665706418739,1,0.130941545796773,0.122611540137264,0.154103701273134,-0.00511935849854922,0.109780660637828,0.0241254568233097,0.212884923349063,-0.220019571370538,0.390769695241739,-0.0693606425475695,-0.507625009368192,0.427377504357456,0.49113110362142,-0.159541366195058,0.53160731465021,0.225683667754189,0.169761926348826,0.425355224678518,-0.520715501206014,0.50913222993169,0.307936884172815,0.430569347613989,0.257582318543764,0.276433820678964,0.527329378004042,0.110456189948282,-0.587465174628822,-0.140599964484114,-0.427930016771115,-0.0520612684793361,0.164222708549649,0.203802501169634,0.00489876573632375,-0.60919800566621,-0.793176437340775,0.0868672344114347,-0.422875497408306,-0.580136218752206,-0.72320473313426,-0.502749736895483,0.0463991418268485,-0.393470519332484,-0.549469673550285,-0.636134990664556,-0.408159554063909,-0.679757850988659,-0.381790697571738,-0.0431983068003436,-0.507831788710176,-0.46693870992031,0.217863338040372,-0.394788280628203,0.530773792245631,0.282424280777463,-0.725487770664607,-0.403084964953062,-0.0937927263780692,-0.519874236195919,-0.44116399482075,0.113185239774641,-0.928094828666962,-0.0993031028209087,-0.567790189918195,0.305348852278058,0.233291033498918,0.348319374239409,-0.180548883854236,0.43330460571442,-0.179220479918003,0.234828495379201,0.183281454275226,0.18018361206261,0.0443376142164899,-0.0334525071433763
0.632836502746976,-0.0814226093859233,-0.0601336395755371,0.0668994060801802,0.299398598983606,0.511510027706248,-0.362051965190894,0.0680116956975775,0.609954590175451,0.890857602854497,0.34104043736179,-0.0539861622526894,0.783345377448493,0.2304559252623,0.986014523109496,-1.18542275850748,-1.33510481812357,-0.748544584073888,-0.798662738721531,-0.794173241521598,-0.859675951650572,-1.41570337639554,-0.97652926140543,-0.890317908715375,1.07165232719099,0.130941545796773,1,-0.882226211344974,0.169002485810159,-0.3297917789056,0.45645798055779,0.820458455177865,-0.314315178025622,-0.658372842378935,-0.904118727902694,0.0584252119242162,0.720436083491011,0.604619852794066,0.26083695217297,-0.543389438352019,-0.0990805174621924,-0.158283027838513,-0.357660385614199,0.829285329194953,-0.403754160937453,0.0205660951097438,-0.450353562084326,-0.588167360607988,0.83681277017112,0.972537246372868,0.886129939142709,0.0586980740417997,-0.46133899959081,0.124346554541058,0.599166002639097,0.797582180382545,-0.0630294475110112,0.695541729141635,1.61441014108552,1.07302872951161,1.22210763667361,0.771459931886166,1.2759191960624,1.14494051133703,0.142362713431243,0.850769990459882,-0.499490749457488,-0.532701827956876,-0.302449621740888,-0.141682085093398,-0.589812666510545,-0.484725158945406,-0.608176471038958,-0.155683979212776,-0.313285560975321,0.383304162741432,-0.0128447211230422,-0.527136139772253,0.677546591991468,0.611213377656154,-0.632510474543269,0.648145993706547,-0.0534357224491656,-0.294934442304732,-0.635242177895574,-0.289328259649563,0.875062619874597,-0.343373821480492,0.359545309160479,0.190934336666502,0.914818719170106,1.10247460828545,0.488466137997502,-0.0429199320127311,-0.135503984006099,1.0723954728303,0.0986298523798392,-0.132722733408873,0.757414883635838,1.18142948044773
0.796892736065227,0.369165286794044,0.530192425493542,0.670050601098778,0.651294967132168,0.905388462598572,-0.459336963307865,0.0509168908178207,0.632513909516258,1.13469680962965,0.61801859590298,0.0938125736497362,1.08719333632133,0.88530994130938,0.358470739354293,-0.499934972033359,-0.820783014939846,-0.644215062402293,-0.255035924522067,-0.684539744770511,-0.585191377820824,-0.91107223429853,-0.63062906110925,-0.751545276534099,0.636525551570377,0.122611540137264,-0.882226211344974,1,-0.318054969792051,-0.426987269417862,0.643074019321136,1.0800348188385,0.0379922930239673,-0.48393562190778,-0.244022563352962,0.373728020706239,-0.467661610861417,0.594303458996224,0.480489605026628,-0.545482146122887,0.0205028491033754,-0.1419957077851,-0.0923586171296342,0.492713445625085,-0.861582293716011,-0.103653431952398,-0.200849442200841,-0.0121135647341787,0.444346077486045,0.606878427471187,0.614769396112616,-0.0176758162253995,-0.632008020745818,0.395234345577991,0.655851368980724,0.812077861369099,-0.097088771324053,0.553975492048123,1.55772120551666,1.0338686270364,0.61049507907434,0.369122396259791,0.434522410204833,0.420254719272968,-0.404284519166183,0.0784212264706229,-0.201795048392233,-0.386410123240998,-0.502738380807642,-0.531141732525119,-0.672591729846853,-0.748187483871119,-0.714792353148385,0.0159706164129361,-0.388516236582237,0.275614691608704,-0.0319881050065063,-0.385485431493051,0.323729436557421,0.388978326576183,-0.868423587443982,-0.000667674380082417,-0.308563766835993,-0.490964750506059,-1.27668152672049,-0.319041019979773,-0.310384824529149,-0.150180597721858,-0.557553332998104,-0.0682018864010417,0.665467192506404,1.21794428549665,0.52211894889135,0.170290378025097,-0.188878664329975,0.73653995286665,-0.0506088960012753,-0.0783972142586259,0.318317679308185,0.634718979746606
0.581911959737454,-0.0890707166370113,0.145690034871018,-0.444209163440453,-0.165612736939222,-0.00416248235345357,-0.014776476016278,0.209819338976897,0.235408203596412,0.508084210211635,0.317273333132375,0.21886638812969,0.185236441752643,-0.376081734452448,0.00280704860753969,-0.57351273166598,-0.343006841713931,0.000298632570350024,-0.1064128611222,-0.0943143447179018,-0.0805528210618476,-0.611932098976477,-0.0858239661712443,-0.308999133230467,0.311573144046787,0.154103701273134,0.169002485810159,-0.318054969792051,1,-0.0462269046887822,-0.153502445712967,-0.34766990079239,-0.474392903456272,-0.464935512407118,-0.389441996473595,-0.420717162550394,0.699610926953417,-0.169418324573877,-0.183368055524115,-0.491975440915014,-0.387170958747459,-0.233692009183259,-0.459968209305927,0.192809745838804,-0.231373235017554,-0.0191095800588157,-0.303906182413007,-0.534122637552048,0.407456676390491,0.145091660590698,0.510682714994918,0.208855920027705,-0.396675649587305,-0.145051745873753,0.0319413324896376,0.117942902299581,0.0892476268575018,0.418513059969768,0.691451483714581,0.209577316474463,0.497364726470244,0.569644817233588,0.346548014925359,0.255949607198846,0.0657316262136271,-0.0276729407261937,-0.173959253697863,0.0340401620748169,-0.0272642525644644,-0.0392604349114125,-0.0821959521663045,-0.0330769148926557,0.00112948232173993,-0.0705223942100313,0.0558247358868874,0.29143417619252,0.0370805031687098,0.0220061301935132,0.48526112292858,0.112756281834731,-0.149151727916101,0.396532008689514,0.422767722345591,0.155719543070078,0.234690918396075,0.272580621253968,0.29142960699621,0.181093794363395,0.242565092722236,0.247073158412988,0.505753827190046,0.149545454113263,-0.204383978692954,0.063197987152806,-0.317804937309532,0.36420905525067,0.121757664506536,0.288366872962885,0.465917970769829,0.476742970568357
0.440655890925495,-0.0391919248349945,-0.237221986678491,-0.129568775421998,0.0414719617612172,0.119144106005467,-0.116174094468298,-0.0908107310279904,-0.084803634217812,0.603945445818058,0.135670713751888,-0.00613562789166065,0.428505616163292,0.383112548596344,0.19678369337668,-0.206447266936643,-0.323183440438107,-0.136332508247509,0.0689470473647277,-0.264061403786422,-0.138499693151369,-0.490776734220105,-0.223514351509998,-0.591810752261651,0.0650236148445922,-0.00511935849854922,-0.3297917789056,-0.426987269417862,-0.0462269046887822,1,0.255677997626086,0.377166383816843,0.0680753815994227,-0.180887017546019,-0.401226187385212,0.142911156150849,-0.302304476752676,0.254926642855475,0.0603013413210906,-0.418984670669125,0.0895122966431464,-0.107375292550248,-0.217476067098463,0.306744239623813,-0.340985510952112,0.0200077364332208,-0.137254934475553,0.165183003658836,0.183246229832526,0.342094625905505,0.448848793228319,-0.176862313170803,-0.15220309836371,-0.0475117729559897,0.0353738440037611,-0.0403789411705922,-0.0649732514790793,-0.0565997445793815,0.749310299120724,0.327484181158722,0.16001248649005,0.269079321966932,0.142378146508016,0.391508879519443,-0.0165440589776747,0.0229612966889206,0.211668089949158,0.0399378137299552,0.0230854874993454,0.0845712165135533,-0.0669450609995133,-0.302726220253178,-0.0645367181179526,-0.0388301347606537,-0.185753654332147,-0.0778138330092187,0.00274767678867963,-0.356718084280721,0.0375304671360963,0.0852127531263803,-0.489411634766119,0.38258578550384,-0.0544352228052216,-0.134091181016814,-0.692508854330336,0.130926438058579,-0.239930975174843,0.0168697435327448,-0.0347173914126945,0.00705025517842164,0.391115015750491,0.398535440053765,0.180416982637995,-0.157478181231529,-0.437921451552368,0.478643719694832,-0.0850400363931185,0.326654191510058,0.215735861193864,0.443129475209829
0.336437035437885,-0.702055060502409,-0.580139695816135,0.222292783018922,-0.166571364264402,0.352236585137105,-0.463501685560441,-0.908069276595513,-0.379638495405888,0.291489290501469,0.232464429210509,-0.330849826165429,0.44019243987506,0.776075955266379,0.700074811049398,-0.829868502261413,-0.507324289889276,-0.711656898838969,-0.119477732204112,-0.394986795264185,-0.221136663515752,-0.588172756800063,-0.456900485187141,-0.303335402878387,0.699424251019197,0.109780660637828,0.45645798055779,0.643074019321136,-0.153502445712967,0.255677997626086,1,0.655602796201448,0.0961797257165093,-0.100239013746131,0.344355313929683,0.90076251145484,0.0536690128732019,0.777025199553981,0.532952320133543,-0.537179931783381,0.784561485139474,0.424159473799549,0.470378892137886,1.09004206832963,0.320407795242706,0.685943770258802,0.217243336749609,0.868527698406645,0.787734714044651,0.995170484531789,-0.278921556460807,-1.02227472040807,-0.8444801275532,-0.594432945906405,-0.12491566565038,0.0555930591816384,-1.05824959957821,-0.750291258596588,0.572340414566264,0.495340787809615,0.426533218112578,0.250817243853595,0.457806986684723,0.700796773556865,-0.129409027267475,0.835270979669769,0.095083690054822,-0.563224491052378,-0.933913945327838,-0.732982988779096,-0.251779006522527,-0.644399585003087,-0.435504046836963,-0.456511764060996,-0.473231091964147,0.0206562603964995,-0.167521422735648,-0.261052622820527,0.464770828536212,0.45764406966986,-0.833250609102285,0.0599883694160161,-0.379703937092292,-0.481977357651093,-0.728685778950501,-0.714820593267698,0.364886862190328,-0.0349063772549481,-0.408608659380262,0.093357400766917,0.722485214943269,0.873029547636704,0.388980134325602,-0.0951956641315641,0.263532349505503,0.986460146858432,0.237942180504469,0.0627864878952364,0.279259750178408,0.38319975848627
-0.31752212911223,-1.75850768995366,-0.839055415861067,0.0247924968642403,-0.890786700324628,-0.0524687697309913,-0.971696631443968,-1.72082863777514,-0.78894530355196,-0.21163654119644,-0.14712865875749,-0.13150633274046,-0.234230364213347,0.220485026460536,0.233920402808363,-1.04743974182963,0.041435142288979,-0.483399006164406,0.0122918853799024,-0.527040641953292,-0.00845348693648701,-0.272513508644339,-0.667607768636601,0.16296802313398,0.776412778477101,0.0241254568233097,0.820458455177865,1.0800348188385,-0.34766990079239,0.377166383816843,0.655602796201448,1,0.33302595412324,0.545738084245326,0.958272516359106,0.817122269361647,0.72118865176453,0.0984901123106506,0.1771415734928,-0.727815007736594,0.622514051986604,0.978284918811125,0.86746680550715,0.778658063252194,0.905175568116435,0.940868544199631,0.535625020504004,0.781652651862549,0.581306218204812,0.596958108554422,-0.598981602623975,-1.46163362328799,-1.37289422939048,-1.19708286248683,0.0741492444139477,-0.481352818671347,-1.81069149708334,-1.22573172540968,0.126374580798953,0.0967495350314925,0.156689736254642,-0.556203216281243,-0.104446221598697,0.388149152711424,-0.240222979353991,0.247293839052523,0.0680961180258606,-0.303309416504307,-0.339232314854649,-0.43600661299339,-0.420883325750489,-0.255192325935172,-0.312996047572396,-0.564043109083333,-0.139326985631203,0.201520459742601,-0.225346281147424,-0.098368679196822,0.7251930892258,0.164221399032607,-0.110715905694155,0.734390463611523,0.267876688715335,0.46472703254366,0.02482623613178,-0.212644725826827,0.871927398377308,0.467609528467927,-0.19869612964314,0.0531694079611979,0.575030804192445,-0.135402223207443,0.131830192537208,0.259780372539636,0.465060521054163,0.524277531525513,0.589278882273364,0.0594837943548004,0.2346642295111,0.0445831387374229
-0.134419621820078,0.0197833176646046,-0.0961948788649308,0.483962040043483,0.100158216607604,0.239762107148582,0.136067738566528,-0.184566072403395,-0.0819427512866411,-0.0669651887980644,0.350729979874133,-0.127197002316642,0.318905899391767,0.944846295816357,0.943730266988952,-0.19799497971169,-0.325126231123077,-0.372259292550968,0.103417226068358,-0.655023696207973,-0.25200986690162,-0.293558717525706,-0.208818211113344,-0.752430368205052,0.198399070506284,0.212884923349063,-0.314315178025622,0.0379922930239673,-0.474392903456272,0.0680753815994227,0.0961797257165093,0.33302595412324,1,-0.0866172737296331,-0.458756414148195,0.610858896281049,-0.137992489849584,0.0624789136795425,-0.439932624297892,-0.0101659450704695,-0.0400131456232354,-0.349073464857479,-0.367264353469212,0.0355030482333844,0.190189978512427,-0.399071588227615,-0.281147224331669,0.171436540530372,0.138492567397893,0.146192620771255,0.102820958023419,0.124020214106897,0.454406398635989,0.288455796658277,0.27965097915005,0.379466739089777,-0.0157467990259652,-0.124507205050234,0.147097046103566,0.654966074741294,0.531468063492507,0.173543963100661,0.524599835774306,0.661512395562668,0.276363260959481,0.877187170130606,0.0540080704218992,0.148679399519765,0.154316350802445,0.169175405421591,0.173058424065051,0.115962465540387,0.254185002336148,-0.0714518404725,0.0363491502447639,0.0656621204554711,-0.206613908749314,0.16531781082642,-0.43718438062145,-0.611064450418411,-0.38759596496695,0.299192320202086,-0.178642694331013,0.067296855885052,-0.433964900003107,-0.124564190378866,0.732877002984585,0.252391717212019,0.388722089433059,-0.457805255576197,-0.340144142382087,0.0935726041361011,0.287988020283568,-0.476469933308215,-0.364041307843465,0.213289753839894,-0.318047605867084,0.234290811255122,0.250801640166306,0.372958222844904
-0.205929430511741,0.566178140309891,0.324510885787379,0.567530844281136,0.0447495449584007,0.0783183474444709,0.557929181685308,0.50721755641122,0.0511091297776531,-0.308262775878701,0.632430471997211,-0.570167899763688,0.513590967705489,0.841688078699971,1.22998004800123,-0.186802401131669,-1.07844756197112,-0.71362074961541,-0.336881021871836,-0.653363384585951,-0.792236228716808,-1.00560169777027,-0.318905886476543,-1.24176711626225,-0.178225222460326,-0.220019571370538,-0.658372842378935,-0.48393562190778,-0.464935512407118,-0.180887017546019,-0.100239013746131,0.545738084245326,-0.0866172737296331,1,-0.741230322493224,0.295964316276292,-0.378493383478037,0.370057935048661,-0.175706499671475,0.112434300437184,0.253050027868852,-0.866596430908723,-0.507651671527248,0.0340707290762834,-0.0941859035145152,-0.301979660490147,0.0195508310063341,0.152019842942211,0.00936885630129303,0.123283336503205,0.560075197827158,0.612844336070495,0.4671768637993,0.486675907863946,0.0723428338331758,0.610370570449008,0.692990064477733,0.573251935535582,0.334696839342435,1.17483734929166,0.821267582589571,0.704424196579567,0.951288493516407,1.01255292159888,0.189009867794532,1.32546379113816,-0.156030521133673,-0.199836033630536,-0.0370483700331383,-0.210959248565539,-0.114839191112676,-0.388939814564769,-0.0879942880199511,0.0361894637162004,-0.342992161693934,-0.217146785104477,-0.551639627396141,-0.283198424977969,-0.498270235114349,-0.68337105658444,-0.628199696134137,0.298465818673054,-0.127988447190713,-0.114594420224599,-0.695327710679361,0.262402196674504,0.320205644228014,-0.140419265400669,0.0147427167871797,-0.16833076735809,-0.215527104091898,0.258499953881571,0.256023061248099,-0.374425211143749,-0.671540311953086,0.404449611510092,-0.0754274278305456,0.48112814602936,0.344654910270399,0.236466971358415
0.215861548582124,0.267428984586726,0.21600458380203,1.01124940619937,0.674236450657203,0.980696225073288,-0.215582987362919,-0.34157987162123,0.203194085037321,1.24514165309326,0.995256160952053,0.142074758096003,1.06721844566201,1.55709948446739,0.955425711557651,-0.839640758471518,-0.922655749909017,-1.24947875585108,-0.0307467731432139,-1.34907547511864,-0.561394310568634,-1.1484954534461,-0.961849084986823,-1.41906828838496,0.894744551432316,0.390769695241739,-0.904118727902694,-0.244022563352962,-0.389441996473595,-0.401226187385212,0.344355313929683,0.958272516359106,-0.458756414148195,-0.741230322493224,1,0.705804438212987,-0.061349515961299,0.574649295792445,-0.178433324710369,-0.685677413309152,-0.0744152746853322,-0.618373233492067,-0.47750973961617,0.713217585055498,-0.343722435711577,-0.321701547352062,-0.455808640161317,0.224240049534825,0.691445095886369,0.731337486371946,0.351475436038187,-0.047758085081502,-0.0150302311524375,0.618945765612981,0.896438121662104,0.867737665462515,-0.329041887747391,0.212030810063855,1.72857038960356,1.61972850289233,1.40828572798123,0.57902989594275,1.00273388591822,0.927388777498003,0.105857584515142,0.84560009813425,-0.275053291017835,-0.190700259132632,-0.265066618435844,-0.407175871790217,-0.338324917636382,-0.574315758700377,-0.390344820041025,-0.558609954910816,-0.0906822829644415,0.541290252268687,-0.159648125674117,-0.184937943177054,-0.0803634572016981,-0.334495210501432,-0.825897339358709,0.426001264170124,-0.315428155633918,-0.313668019672192,-1.16032324461049,-0.343421746017378,0.607427717146292,0.225690392468006,-0.349303264655545,-0.365645660057319,0.291246426827166,0.996461388243573,0.443067646935841,-0.443826157365069,-0.585140974098936,1.02497235286047,-0.254944146928723,0.283521124054084,0.542193572739467,0.774556349695567
-0.231331721121571,-0.720314209480753,-0.125049535605091,0.520162404416089,-0.274625121933883,0.404785097107515,-1.14609133781893,-0.85079309199668,-0.00117732610749074,-0.205746743308057,0.141290098296426,-0.181795269585743,0.0256619133599513,0.740280115742328,0.676600198099829,-0.966829169072042,-0.547694019236952,-1.03921327241891,-0.29958220700199,-1.10356624184447,-0.623279103060792,-0.59199113067497,-1.15809007495361,-0.342417801994454,0.432276923476495,-0.0693606425475695,0.0584252119242162,0.373728020706239,-0.420717162550394,0.142911156150849,0.90076251145484,0.817122269361647,0.610858896281049,0.295964316276292,0.705804438212987,1,0.619650394543406,0.520805958466822,-0.00989096219522126,-0.810254886518895,0.33360349129077,0.608755898894527,0.712894821248481,0.74186816784787,0.46309430022548,0.618066198890917,0.328512061848528,0.364127843051784,0.700893200438006,0.632726478145004,-0.0767147584053142,-0.491951134829826,-0.650522976777026,-0.117014106796022,0.674541699754227,0.264072512079487,-0.93762839841084,-0.148239360584797,0.0491706209830462,0.248699631867092,0.374180302583182,-0.0726443969483947,0.297035170086295,0.221476503231516,-0.531833419561565,0.62154396211912,-0.721594163306812,-0.631312396736087,-0.171847207640086,-0.630705617475638,-0.907849450538499,-0.481664532377291,-1.03142077854745,-0.735342721615923,-0.399918641517263,0.170393706638332,-0.559984809799679,-0.351732150627368,1.02423856146201,0.314891402409129,-0.0896220113687519,0.582706131082429,0.245102001688794,0.61612700385968,-0.552590743694884,-0.141663739067691,0.498803779223763,0.167526785317918,-0.40339806642282,-0.130243697234704,0.602940096099696,0.147423896973626,-0.292161959660859,0.627582247232545,0.395855167601587,0.56580249767957,0.543641055953098,-0.192081524093552,0.553584050198222,0.276963991414991
0.786536267409666,-0.0589737959091076,-0.0281617284907342,-0.107194894130248,-0.933047084585479,0.274584661338479,-0.141272829351939,0.392854478238354,0.251785924935318,-0.269172513161599,0.126002098499921,-0.795170720536144,0.583124507418517,0.294276126381271,0.958778238133389,-0.231087609618522,-1.20144603167528,0.0770338330459606,-0.520959548982965,0.443572884434108,-0.60377215701405,-1.36213747500094,0.154735436685659,-0.738894329830081,-0.0203072536493225,-0.507625009368192,0.720436083491011,-0.467661610861417,0.699610926953417,-0.302304476752676,0.0536690128732019,0.72118865176453,-0.137992489849584,-0.378493383478037,-0.061349515961299,0.619650394543406,1,0.534815976337135,-0.0131537365276524,-0.477201564064267,0.603064878534596,-0.388754990775857,-0.0633022033797415,0.451555977859407,0.407236465195019,0.311330476887959,0.0646494549213069,0.146543355162517,0.706888725917795,0.720898524629921,1.02672835131744,-0.129550280122996,-0.676456084191717,-0.579091009547219,-0.65030399048314,0.803935699145358,0.0948630813156848,0.306994378072445,0.358813166220072,0.397648749515303,0.322001305446001,1.01792480958382,0.578256159215193,0.400347590467887,-0.675257812299681,0.851471894308126,-0.783691754273609,-1.1828519251719,-0.880094752625196,-0.472184145517692,-0.468480678490753,-1.21242849224398,-0.577180974358857,-0.501178854364496,-1.05700642713149,-0.517316246495577,-0.157709587621214,-0.715145835401615,0.6388346266849,0.445604877345014,-0.988917927644553,0.0986406246557854,0.56229717464084,-0.606910070586475,-0.102512640005992,-0.538109368859599,0.224316964957216,-0.428578415893446,0.285818041535873,0.292281756683954,0.635421756599905,0.402027220279635,-0.671416520345607,0.0884035216066519,-0.14097050278753,0.889101378736936,0.46379631012499,0.493153396184713,0.746221325496431,0.648416020968913
-0.228999274225982,-1.1948599382555,-0.518719161150846,0.143784638183812,-0.355663367263493,0.241332159610514,-0.920722650900133,-1.25560116425004,-0.391098745434404,0.38967109405357,-0.0994097494035586,0.184743652685844,0.198444608726028,0.342350988534086,0.273668935036841,-0.78584286121658,-0.0611895812059742,-0.399238592716455,-0.0856591082568645,-0.605976994078828,-0.0527517984291651,-0.0493655485166078,-0.583334359640368,0.178623382033776,0.947248107967063,0.427377504357456,0.604619852794066,0.594303458996224,-0.169418324573877,0.254926642855475,0.777025199553981,0.0984901123106506,0.0624789136795425,0.370057935048661,0.574649295792445,0.520805958466822,0.534815976337135,1,0.151865006469151,-0.524623235748774,0.0820455794519231,0.8829520382781,0.698686583088394,0.491489233849929,0.716048424087811,0.4664751916317,0.137298103837075,0.0870925328796657,0.387754169573977,0.429999406669664,-0.493304208192372,-1.03496621693668,-0.946598860822391,-0.65893347802564,0.412570202392242,-0.0999525511425061,-1.38692427655819,-0.851287913152497,0.505743714250621,0.216009097933147,0.267437960990267,-0.304342843981959,-0.0200496904227434,0.277863727244173,-0.183749279778909,0.145021285215376,-0.118033108534781,-0.248137623314482,-0.242046280562796,-0.09329378142496,-0.351874128627723,-0.0771849026066631,-0.250113256238915,-0.318977572282661,-0.0979445846278213,0.409403964425517,-0.0883767975052249,0.0185333054417874,0.543406853272076,0.384670305772044,-0.114197410790246,0.485753974145594,0.195715423656521,0.170597393283313,-0.06306446961456,-0.515425158051189,0.861439044523551,0.329922678801925,-0.0210750564849603,-0.0980352204471079,0.418938271997762,0.253173319470233,0.408386878341228,0.208104867346578,0.55490789237212,0.386093328382968,0.292351653176751,-0.320957892224608,0.072389941964877,0.255164174051815
-0.389280745996359,-0.0776848587209436,-0.247949435677169,0.556898556845431,0.469425227841111,0.312296684862887,-0.448719696612134,-0.598653990413241,-0.296106910958769,0.321455400140329,0.144350702990721,0.131704874605794,0.282642726612935,0.689646706788221,0.283688640509015,-0.494509173451299,-0.157782021549434,-0.688809639181916,0.203599608190002,-0.763335481645037,-0.00369262614862706,-0.0992100756427483,-0.597006808573989,-0.187657194078186,0.413853616761823,0.49113110362142,0.26083695217297,0.480489605026628,-0.183368055524115,0.0603013413210906,0.532952320133543,0.1771415734928,-0.439932624297892,-0.175706499671475,-0.178433324710369,-0.00989096219522126,-0.0131537365276524,0.151865006469151,1,-0.153276105074968,-0.255995592688768,0.358619544191013,0.200840811686356,0.287034751607825,0.746336186386904,0.0843945556105982,-0.296904829673734,-0.146222718561342,0.0912234871429111,0.180016183086662,-0.6498089607013,-0.2886673359985,0.13745123040271,0.352340611736242,0.714159052997748,-0.22055639686315,-0.615797164136757,-0.405893277963171,0.349502741185808,0.4681003629972,0.488765433799363,-0.0103441388188962,0.26901702506365,0.422778923297225,0.249876752193462,0.232649600553557,-0.16306546124669,0.104354119498622,0.0238629476821446,0.137883325270724,0.0938998156395456,-0.0626043495153603,0.123867574868594,-0.162135025225265,0.11788408468605,0.412481303916517,-0.121175108056804,0.257756813358896,-0.375753619257384,-0.334669645247022,-0.0744758905815109,0.290072492617576,-0.0641273383188469,-0.22501099206208,0.0107961889767236,-0.422973493842719,0.562910027566598,0.360380598646029,-0.133104350939515,-0.339339287328236,-0.435031690775113,0.117546405411006,0.473738687111785,-0.219129298120306,0.110227985075732,0.147878070569284,-0.215993928096595,-0.339383791401734,-0.276182260990325,0.00798846470988973
-0.38840915966625,0.761363366108783,-0.509866615008301,-0.254563929610402,0.605693527818467,-0.72194397072805,0.479306714514022,0.128336569816713,-0.589479295447562,-0.154008000557475,-0.323031368248701,0.368147321396721,-0.933046600039548,-0.704606419563101,-1.5043447040668,0.959223172597532,1.33511315524148,0.485088380570118,0.81432540567692,0.289972487256093,0.783943519598404,1.26887809110555,0.154321314843698,0.642245811379042,-1.03169505388928,-0.159541366195058,-0.543389438352019,-0.545482146122887,-0.491975440915014,-0.418984670669125,-0.537179931783381,-0.727815007736594,-0.0101659450704695,0.112434300437184,-0.685677413309152,-0.810254886518895,-0.477201564064267,-0.524623235748774,-0.153276105074968,1,-0.608812272970926,0.0568522223437303,-0.436016233964745,-0.699354551548622,-0.16191640976817,-0.447794102006317,-0.292077927704896,-0.605002069549966,-0.744774275657617,-0.826404851489148,-0.657067479539555,0.241961798120954,1.12126209082671,0.663072857163805,-0.00143499082813153,-0.906436888681504,0.410686118467679,-0.411985952303663,-0.940494098718873,-0.901634294982512,-0.868264144702801,-0.732612234375058,-0.902973540008504,-0.729924579616384,0.795492820264616,-1.40327151231752,0.809149800593593,1.30235438929935,1.27684649491803,1.05737016641822,0.94795024467475,1.00558446656617,0.72444849329257,0.65583805673394,0.957284619143608,-0.282217547649064,0.276704914654809,0.0274632876737209,-0.755796053521075,-0.447874181578182,0.847215502931065,-0.0860209776579582,0.0733168765756186,0.370467372639537,0.345484167078425,0.775764361246056,-0.743271526113187,0.172883825083336,0.307865995214991,0.0670737931524623,-0.46583790695406,-0.321400441892482,0.333433893201845,-0.0726160164586994,-0.283486381369683,-1.07363465869122,-0.546699945768651,-0.474566223566302,-0.604160794194753,-0.363620716238206
-0.543558686360955,-0.588193150072903,-0.36346820056197,0.562171977081244,-0.0186284106738057,0.258092026669683,-0.889285839875968,-0.835820830384349,-0.164479602096209,0.399379476861254,0.523922772743162,0.244712641082524,0.482677113302841,0.931350525193317,0.946995989396302,-1.00108938067103,-0.45954846579059,-0.816752431797048,-0.140015347292587,-1.35782224186033,-0.38497230422273,-0.370552240239947,-0.995804538343894,-0.582693516309574,1.04673382525954,0.53160731465021,-0.0990805174621924,0.0205028491033754,-0.387170958747459,0.0895122966431464,0.784561485139474,0.622514051986604,-0.0400131456232354,0.253050027868852,-0.0744152746853322,0.33360349129077,0.603064878534596,0.0820455794519231,-0.255995592688768,-0.608812272970926,1,0.316176747199082,0.23154597225601,0.0595863579050976,0.654734207781513,-0.151772075452923,-0.231386216294877,-0.547659018156133,0.283402135951248,0.160960818102267,-0.263041015745723,-0.404690986797012,-0.177310619478144,0.0720490778985812,0.848321346719782,0.320011261787138,-0.848223544629754,-0.2022118008678,0.747877898728632,1.02963210488801,1.04211082044103,0.171678023228093,0.695473950742796,0.776930885994636,0.140486810671242,0.815466507381493,-0.594983212532785,-0.126323092483481,0.386031994899488,0.206884500949262,-0.328554895535385,0.164726387111019,-0.357979361677207,-0.336958151901561,0.0971346312023479,0.665229161720778,-0.395995447556756,0.0957905740297956,0.101774213421557,-0.0756857377019063,0.0602860167180306,0.799330801086731,0.409800979438944,0.643316230629001,-0.217592035149816,-0.224218749107384,1.30809163445514,0.479145256520163,0.297867153530284,-0.439304074533766,0.25486421598243,0.265505828679968,0.413721015591751,0.129236412690305,0.21760442430631,0.240185415430941,0.0968988956845488,-0.422764630785489,0.195490608736236,0.515146477910246
-0.138047871036199,-0.0609345263215387,-0.529112537102742,1.08505786317468,0.232907855674704,0.376162238239943,0.0348480914263869,-0.414299449952445,-0.485553681926375,1.03232381080213,0.437181330994367,0.0440289210550963,0.894602875736292,0.931690304697406,0.604776565056204,-0.538370814051357,-0.73373995679061,-1.03200960781628,-0.0880523847582499,-0.889435435452832,-0.115051690720715,-0.763558700402835,-0.71560291831079,-0.342999892855994,0.818892429804668,0.225683667754189,-0.158283027838513,-0.1419957077851,-0.233692009183259,-0.107375292550248,0.424159473799549,0.978284918811125,-0.349073464857479,-0.866596430908723,-0.618373233492067,0.608755898894527,-0.388754990775857,0.8829520382781,0.358619544191013,0.0568522223437303,0.316176747199082,1,0.232516958603415,0.960027853756227,0.173965174968562,0.341072810447601,-0.260854137283892,0.319048670545228,0.52148248118469,0.8275186965006,-0.203700888153178,-0.602575891928508,-0.0170545285034029,0.0681424640047358,0.0934860004552044,0.0606916131637051,-0.536333727675621,-0.7527721734212,1.08262893380218,0.893603316821701,0.601247117745979,0.367096730100658,0.354453438281287,0.425482789679689,0.277065320202001,0.45945097480608,0.0984282270007351,-0.526471727360612,-0.909357332136244,-0.439327669016513,-0.162756080609063,-0.541552626702587,-0.367251866287492,-0.0219842706104941,-0.294421147391091,0.15833411441454,0.0548003902980286,-0.429600722412403,0.337151422965292,0.508496890043313,-0.861648764906205,-0.0341903524046254,-0.429045361227694,-0.834250112255999,-0.882196131002554,-0.700208442364248,0.246167058374875,-0.125907238217027,-0.52160411834293,0.245556774268509,0.313171608475583,1.0714073925334,0.98565005634283,-0.137832153753578,0.41667730494351,0.874888589430306,0.140552593574767,-0.318467633572026,0.225784446522063,0.521296936125596
0.165366670689143,-0.211258511337289,-0.324598541117763,0.762362705359257,0.236430370773457,0.616381813626959,-0.318126389260341,-0.757620437252621,-0.35847833619515,0.75228556143949,0.680424548173501,-0.0462508292408157,0.932962836589055,1.12513559373983,0.856093986211225,-0.823523089848405,-0.716498850749121,-0.993308216069329,0.0244540102628452,-1.02504977080637,-0.311132684706313,-0.820674868674058,-0.816844472119609,-0.789638328980013,0.82204039793864,0.169761926348826,-0.357660385614199,-0.0923586171296342,-0.459968209305927,-0.217476067098463,0.470378892137886,0.86746680550715,-0.367264353469212,-0.507651671527248,-0.47750973961617,0.712894821248481,-0.0633022033797415,0.698686583088394,0.200840811686356,-0.436016233964745,0.23154597225601,0.232516958603415,1,0.768953973839644,0.13307751900819,0.162318933516734,-0.214450606252865,0.30688819898767,0.74677963808967,0.764149937215617,-0.0227484513270897,-0.528205799203578,-0.29191751026833,-0.0232496722262298,0.368555178825303,0.435423940617786,-0.710656101405239,-0.506474485017711,1.06715085395875,1.1489232508406,0.824266656840474,0.373990509432933,0.522348609977589,0.72015926836102,0.0625241997182387,0.710143201060524,0.0172602394549042,-0.31598997758178,-0.544749481488002,-0.374195674647267,-0.275054949484856,-0.532912812457692,-0.388872824706737,-0.212928931459477,-0.305072209453066,0.149490016639773,-0.287093057114359,-0.334765506642826,0.185916625295417,0.0857777984675758,-0.887104232188678,0.328430384113053,-0.195471361844332,-0.390918589235018,-0.997751204804026,-0.483810372374715,0.506346317945498,0.321322345328403,-0.230730340114134,-0.0817487411659321,0.368804753021426,1.03912179716222,0.612173581471306,-0.235704849940465,-0.0487088627458132,0.947884925618871,0.0669344832928341,-0.00933998712662371,0.437028812075659,0.62685948471734
0.155467968446999,-1.08542482580033,-0.361370664965969,0.12301218680899,-0.436982096983823,0.664513105082577,-1.19562321607524,-1.02984856389215,0.17051496156158,0.523538722604088,0.143760788097795,0.186668092808159,0.466969174503177,0.426109972619821,0.532572314498248,-1.01484465757232,-0.437451384361734,-0.50323712622672,-0.414669549266538,-0.543476209483886,-0.169311241965141,-0.396311660892967,-0.633609108080993,0.254543074032164,1.3266626905908,0.425355224678518,0.829285329194953,0.492713445625085,0.192809745838804,0.306744239623813,1.09004206832963,0.778658063252194,0.0355030482333844,0.0340707290762834,0.713217585055498,0.74186816784787,0.451555977859407,0.491489233849929,0.287034751607825,-0.699354551548622,0.0595863579050976,0.960027853756227,0.768953973839644,1,0.59931164706327,0.586571942693624,-0.0689266270329289,-0.0525237569926282,0.668152580798638,0.606460601818945,-0.0908134988866973,-0.928820580926391,-1.28364921100908,-0.770739625762567,0.437465442619741,0.457891340827204,-1.43175886043286,-0.495219912436083,0.714527701179202,0.274879901911836,0.339473410638431,0.033930013128637,0.0845582843522547,0.16814471563432,-0.690208898537955,0.425146844764393,-0.695641267373456,-0.809920698971286,-0.752078068333752,-0.596842191653426,-0.692517325679352,-0.438705947675195,-0.745084137888477,-0.545575164536122,-0.313628918568291,0.596500643116541,0.0779365026855677,0.00432841879707724,1.02312628319823,0.983941844026678,-0.386855294589615,0.0824984495154997,0.254702323657811,-0.117804504104372,-0.0965458350343074,-1.04682183180458,0.798636570506232,0.109519236129197,-0.220642499307261,-0.0522710163899035,0.782576349287561,0.612200236239554,0.0802536562033448,0.638044233975536,0.833928314908215,0.606845858381002,0.487541462404995,-0.53608020332315,0.188333035067924,0.425921821639668
0.289110265366686,-0.396566852198712,-0.25528373635966,0.143647613784711,-0.402373208651817,-0.084266713056338,-0.256546414805495,-0.168961223665293,-0.0514808264462759,0.171508371960983,0.479589067769855,-0.434075278276012,0.638730804857062,0.169531392427631,1.1510778251825,-0.903291950233551,-1.16322697776735,-0.360637358539938,-0.770926471320196,-0.483566891600466,-0.811312507579331,-1.0597648445759,-0.595260949977948,-0.667364353315866,0.579463840847163,-0.520715501206014,-0.403754160937453,-0.861582293716011,-0.231373235017554,-0.340985510952112,0.320407795242706,0.905175568116435,0.190189978512427,-0.0941859035145152,-0.343722435711577,0.46309430022548,0.407236465195019,0.716048424087811,0.746336186386904,-0.16191640976817,0.654734207781513,0.173965174968562,0.13307751900819,0.59931164706327,1,0.361257263343786,0.243380749241606,0.0314261906670113,0.652470200214575,0.779710741936305,0.816265510230339,-0.218414169289107,-0.706870688678908,-0.552290668781052,-0.276386138899858,0.62762408454089,-0.0547052923321305,0.169198007143082,0.837042490906254,0.833376531044218,0.694182493065677,0.693406757368716,0.84891126072274,0.960174288189003,-0.166482871801374,0.938990817677925,-0.140231579722658,-0.769987979504129,-0.489820638146888,-0.307694684755548,-0.619172677186383,-0.560281327312498,-0.719557345376009,0.0415648738731965,-0.712945347605173,-0.305643700700391,-0.53225779342812,-0.866081005679224,0.933607229407772,0.936483642643507,-0.778669285719422,0.545612271944825,0.0523495304943616,0.0703341065262554,-0.920640665059955,0.065008580587919,0.578576282609374,-0.551166917562124,0.222036254953522,0.518999829953226,1.22595444027958,1.03474355843406,0.503556476546996,0.29218224008194,0.21979750964654,0.922910012857617,0.706690671207183,-0.0711809414278161,0.796034426700825,0.839492704949937
0.0136456844119716,-0.441164810818042,-0.369508819236394,0.646917453217657,0.225714337244192,0.671130498311021,-0.552198585215338,-0.66766893829202,-0.00149317874051447,1.01067341337097,0.444259231794799,0.240116518059042,0.905284730720855,0.923109472876663,0.814381064329124,-0.856308066931146,-0.654068164895968,-0.750815997847899,-0.140391961235949,-0.996889296654593,-0.22328774415418,-0.566165156071114,-0.757850203522917,-0.475489992906254,1.31605842701128,0.50913222993169,0.0205660951097438,-0.103653431952398,-0.0191095800588157,0.0200077364332208,0.685943770258802,0.940868544199631,-0.399071588227615,-0.301979660490147,-0.321701547352062,0.618066198890917,0.311330476887959,0.4664751916317,0.0843945556105982,-0.447794102006317,-0.151772075452923,0.341072810447601,0.162318933516734,0.586571942693624,0.361257263343786,1,-0.383641293332572,-0.17561414806291,0.633006947409208,0.655359998168065,0.00127397554617079,-0.569067476087053,-0.274947230091705,-0.105681128471774,0.581486162525511,0.546543997399447,-0.806562327556582,-0.36320934480808,1.21292191527905,1.02488992069189,0.924753153981532,0.286589515282699,0.617255658526362,0.605210420229757,0.118267715729897,0.593691968680362,-0.291472512362794,-0.470716415805301,-0.441493832798732,-0.0486487144813427,-0.316810716388046,-0.315415640573224,-0.426920740293833,-0.286601648103139,-0.17617842196749,0.53120842573441,-0.0104087825599181,-0.141442743965446,0.368633798404067,0.476649191568308,-0.530694940309991,0.314702279467445,-0.0147294943185254,-0.235429245416149,-0.566887497132518,-0.79950660839448,0.935119683277482,0.203266305840159,0.104261873453288,-0.205116445140984,0.423586955378736,0.854248106695459,0.514880678942881,-0.098315283289815,0.381120304823744,0.750083215336083,0.0415022293449342,-0.365616559781742,0.370926695745867,0.741100086779052
-0.307772889704438,0.013283877877221,-0.113603668907961,0.601962217569153,0.206059404992798,0.251049111616042,-0.379505326839434,-0.357511429175692,-0.143523863867839,0.271540163740662,0.746048452918315,0.0708063770185736,0.705798701487809,1.06772451860472,1.03065221128397,-0.734239939329346,-0.561527544425268,-0.620311584908265,0.0354987302482944,-1.00750415868079,-0.318366600200236,-0.55020068728417,-0.626249560029598,-0.834177900856007,0.637273231798917,0.307936884172815,-0.450353562084326,-0.200849442200841,-0.303906182413007,-0.137254934475553,0.217243336749609,0.535625020504004,-0.281147224331669,0.0195508310063341,-0.455808640161317,0.328512061848528,0.0646494549213069,0.137298103837075,-0.296904829673734,-0.292077927704896,-0.231386216294877,-0.260854137283892,-0.214450606252865,-0.0689266270329289,0.243380749241606,-0.383641293332572,1,-0.250862037109906,0.141772705894512,0.129229684923463,-0.063548018641345,-0.00702534147984624,0.182592701191573,0.24581510455603,0.550766464819581,0.292865476964718,-0.228704269796095,0.0252557267104873,0.753112740639008,1.2383907109121,1.06194027439323,0.389188744212236,0.82041850444108,0.987074935645326,0.309143825483763,0.910895988480334,-0.250800746920993,-0.0358007369899978,0.278474331084847,0.260240777064761,-0.0376780689704552,-0.0231441621232059,-0.0545840369659147,-0.113753762533284,0.0283286085931986,0.392255886367222,-0.425989459935889,0.111097082259334,-0.391328644732838,-0.345653608816708,-0.136501542953835,0.583814106788103,0.0534218808544917,0.252437552074856,-0.33096241318695,-0.101904258373726,0.8018414803244,0.325886031238859,0.235794388924548,-0.391859700716435,-0.0442510911483813,0.249063474110592,0.437697048133826,-0.408567210978041,-0.204089456024785,0.257648627151929,-0.180304620184667,-0.0448665760205222,0.157751696340449,0.351594889859996
-0.479120884440862,-0.306700656448894,-0.029410543158234,0.774543525745897,0.0675518936029504,0.286695641866046,-0.894096776865907,-0.626893453405324,0.0705991186710368,0.627981434107677,0.839645435355434,0.446584408504761,0.45099008776382,0.959553169857157,0.52943985577191,-0.748867378669428,-0.238291901114322,-0.789027458329182,0.0428244985007489,-1.30754607908269,-0.198409459973458,-0.126325650973305,-0.95072299787427,-0.209316188016838,0.857333456161258,0.430569347613989,-0.588167360607988,-0.0121135647341787,-0.534122637552048,0.165183003658836,0.868527698406645,0.781652651862549,0.171436540530372,0.152019842942211,0.224240049534825,0.364127843051784,0.146543355162517,0.0870925328796657,-0.146222718561342,-0.605002069549966,-0.547659018156133,0.319048670545228,0.30688819898767,-0.0525237569926282,0.0314261906670113,-0.17561414806291,-0.250862037109906,1,0.0526027208946469,-0.148227572973811,-0.134077524346503,-0.215625910697835,-0.274922928937376,0.178205436309724,0.868718538086485,0.257164686156811,-0.691747481702756,-0.0908714142151507,0.813755895622913,0.75959185221628,0.639484767194815,0.0395395218015451,0.329397477088765,0.284990610637295,-0.0742230473591116,0.319763025817466,-0.527173732702867,-0.12844075677138,0.286981129122219,-0.0859716708377599,-0.442483558074986,0.17161429170661,-0.58160059397424,-0.242115796364896,0.195492645171284,0.700259188120869,-0.209482472414175,0.0544919857925203,0.40622859183308,0.228495879322725,0.0274298509538065,0.365474102231993,0.283654670772789,0.785666468157517,-0.526459313543639,-0.0576158817304609,0.580756763136902,0.405864605509985,-0.226470498759483,-0.403316845907528,0.455737360228191,0.374045547669046,0.39170769130324,0.486579670967026,0.408777890396165,-0.0471206377740401,0.159450573654712,-0.62090458494528,0.0336008531150709,0.261945676053097
0.0796646227609428,-0.879518083997112,-0.294852367983305,0.275522530945611,-0.692771092918674,0.454462405910032,-1.0633402349118,-0.795195364290876,0.0591985197519521,0.251482664076353,0.0634047266177365,-0.105875884793973,0.273941014812746,0.436462654796634,0.570962509187635,-0.849188767801508,-0.599825443417035,-0.480914130895154,-0.381900711750876,-0.375527443797123,-0.306983157677609,-0.753314464942818,-0.582910240235109,0.00980864979616713,0.849676840595913,0.257582318543764,0.83681277017112,0.444346077486045,0.407456676390491,0.183246229832526,0.787734714044651,0.581306218204812,0.138492567397893,0.00936885630129303,0.691445095886369,0.700893200438006,0.706888725917795,0.387754169573977,0.0912234871429111,-0.744774275657617,0.283402135951248,0.52148248118469,0.74677963808967,0.668152580798638,0.652470200214575,0.633006947409208,0.141772705894512,0.0526027208946469,1,0.755265451385914,0.156395823554613,-0.820760115989344,-1.29778515724936,-0.680311694116362,0.221059642439178,0.434612268560445,-1.1531588873384,-0.308515525650546,0.603000950662369,0.280029287286536,0.4380198961979,0.200073545485512,0.23055651501332,0.0751674260408964,-0.67284035192624,0.480565241599272,-0.88932757259156,-0.976493019140843,-0.737751179503452,-0.609375979323166,-0.767441186226162,-0.675457559775962,-0.792202945345823,-0.824210392170055,-0.494361176444509,0.426232228893575,0.0638909229301641,-0.196622888911198,1.04978777491095,0.696202795240475,-0.466908067370687,0.240961283692839,0.481103667439677,-0.0796324806995935,-0.00731632417966716,-0.771291228531946,0.774597618186954,-0.0256264395971065,-0.188755615213004,0.0772101077089892,0.774062868733004,0.336292450294042,-0.251651983997291,0.707937519685201,0.640458104934484,0.682875713885793,0.642852912914635,-0.242339916027389,0.471722865177654,0.46162714690552
0.139229107765509,-0.911079085293623,-0.331437242561848,0.0308275935182872,-0.569884895463974,0.433959050011253,-1.16592546958227,-0.831899203500269,0.0901988090287881,-0.122315679184189,0.0904849583863123,-0.195849767923932,0.0688356865436311,0.397495625421789,0.546562796993467,-0.996560171066933,-0.607598588653181,-0.637945431923303,-0.468488585865165,-0.557184326068856,-0.426622235149871,-0.631717047373045,-0.765494806494698,0.0531626015496057,0.928569564651888,0.276433820678964,0.972537246372868,0.606878427471187,0.145091660590698,0.342094625905505,0.995170484531789,0.596958108554422,0.146192620771255,0.123283336503205,0.731337486371946,0.632726478145004,0.720898524629921,0.429999406669664,0.180016183086662,-0.826404851489148,0.160960818102267,0.8275186965006,0.764149937215617,0.606460601818945,0.779710741936305,0.655359998168065,0.129229684923463,-0.148227572973811,0.755265451385914,1,-0.133586103675215,-0.702110777872117,-1.17144187003893,-0.524323139218622,0.391108942262109,0.482267642078044,-1.18010223538195,-0.273832116194908,0.300959157625515,0.30491942308576,0.420893735334688,0.153689820616366,0.296239129586412,0.231347342442506,-0.612998895075734,0.621681346468953,-0.969717944653273,-0.892437695623956,-0.608214191396821,-0.670366558245343,-0.682219312881364,-0.543776259163523,-0.833300719926075,-0.713145693373976,-0.459584515351192,0.425991105970029,-0.0431202991541873,-0.0802889979414688,0.957835636175035,0.678466681417686,-0.322249953548413,0.200075203315696,0.388454224726138,0.0136896554831192,0.143027741958683,-0.807421926089229,0.922383167155412,0.0649704232557919,-0.141183356379996,-0.0430663726266971,0.690698890502997,0.372417666280498,-0.0937198317479339,0.739515248746833,0.754040023487411,0.536271732198591,0.585876594496712,-0.441880095936547,0.221493035570971,0.339806822988789
-0.456129713511759,-0.461241727508541,-0.682454879851216,-0.501833472904346,-0.581391820678931,-0.428465253056278,-0.566461899616963,-0.627243659716863,-0.422076700531974,-0.104638860106112,0.0609962641104521,0.299776078935518,-0.721594844040602,-0.0609694084261631,-0.309414909504145,-0.20692168498539,0.575939876923826,0.0696156146929229,0.355377589601463,0.0236717175481821,0.429073726447372,0.385569297963586,-0.0128350186880057,0.188112286855048,-0.0796310904464715,0.527329378004042,0.886129939142709,0.614769396112616,0.510682714994918,0.448848793228319,-0.278921556460807,-0.598981602623975,0.102820958023419,0.560075197827158,0.351475436038187,-0.0767147584053142,1.02672835131744,-0.493304208192372,-0.6498089607013,-0.657067479539555,-0.263041015745723,-0.203700888153178,-0.0227484513270897,-0.0908134988866973,0.816265510230339,0.00127397554617079,-0.063548018641345,-0.134077524346503,0.156395823554613,-0.133586103675215,1,-0.352248965151716,0.0606176719743385,-0.341322146777465,-0.0816312599847254,-0.490941186251398,-0.658810810060142,-0.476435082251259,-0.359766855844784,-0.411290307359047,0.180238504749407,0.120390736003838,0.0117277915895608,-0.0751751169322842,0.131052927040132,0.0732997361689113,-0.368976868627043,0.292180792083485,0.69614145487629,0.413646801360725,0.330380068029894,0.392241807361585,0.167102808185954,-0.725121847271755,0.441016325357281,0.45657725360219,0.20661650963296,0.445893373200634,-0.0632749586661651,-0.222126187575102,0.710706687704024,0.635590554544261,0.688900211035899,0.843953666229853,0.92051003772177,0.216901527436015,0.750502478770612,0.429931041192321,0.409632730883085,-0.103840092753258,0.292115758915807,-0.741256950393188,-0.708584649591963,0.0585872426429744,-0.129283091157721,-0.245749789609239,0.00535788852121571,0.168291214746171,0.0918669397947144,0.121576683276373
-0.515134698989349,0.124904005524598,-0.257997065740813,-0.823920248505884,0.0290687516599775,-0.586129490398178,0.348887285182063,-0.0596908500299235,-0.196793130253581,-0.0191172399697123,-0.66730172541382,0.419564856858885,-1.10259310561219,-1.05744981980678,-1.6290780972269,1.05810300715983,1.57513161198213,1.09430217536118,0.669860321059833,1.01589480818345,0.931202315717207,1.13834715935807,0.871973305292714,0.595634040736397,-0.644052496356256,0.110456189948282,0.0586980740417997,-0.0176758162253995,0.208855920027705,-0.176862313170803,-1.02227472040807,-1.46163362328799,0.124020214106897,0.612844336070495,-0.047758085081502,-0.491951134829826,-0.129550280122996,-1.03496621693668,-0.2886673359985,0.241961798120954,-0.404690986797012,-0.602575891928508,-0.528205799203578,-0.928820580926391,-0.218414169289107,-0.569067476087053,-0.00702534147984624,-0.215625910697835,-0.820760115989344,-0.702110777872117,-0.352248965151716,1,0.1138598651118,-0.0288220478020117,-0.277335245633337,-0.679090725683496,-0.104066124385825,-0.184910491680345,-0.514986070732519,-0.896986464794497,-0.733271160252537,-0.79881823239627,-0.978095496607431,-0.748566636437145,0.376564033098065,-1.35362904803355,0.646392566736706,1.18843268556013,1.18223189487883,0.803179611362029,0.72825002836529,1.08552300854025,0.950687327634036,0.0569499923256259,1.02680664862038,0.170423226498984,0.572599288147837,0.509581201716193,-0.684086644567454,-0.419167469316791,1.16441321687254,-0.0482941855232881,0.245129316451614,0.36189899411377,1.0794859022915,0.739129014805942,-0.520384648934158,0.0783066819863815,0.36290455758176,-0.0133905616338828,-0.277095540079181,-0.760548569600703,-0.204400107406615,-0.269839522612615,-0.550655989343168,-1.03950705769388,-0.554082871179573,0.335281183595972,-0.514735592713248,-0.450745920570896
-0.437179362763,0.107303970588838,-0.355914199501129,-0.978197524531583,-0.448237491811083,-1.42582220829917,0.909729806192033,0.425875611658704,-0.606151165794407,-0.865956379589882,-0.624469485639696,0.0759186622023727,-1.24659010844751,-1.64262532777519,-1.22486502360961,1.14247328212383,1.31642929001521,1.44767632127476,0.492819605759109,1.28034841244687,0.839313269598154,1.23817973816528,1.04618946135195,1.17007679505844,-1.15943584458173,-0.587465174628822,-0.46133899959081,-0.632008020745818,-0.396675649587305,-0.15220309836371,-0.8444801275532,-1.37289422939048,0.454406398635989,0.4671768637993,-0.0150302311524375,-0.650522976777026,-0.676456084191717,-0.946598860822391,0.13745123040271,1.12126209082671,-0.177310619478144,-0.0170545285034029,-0.29191751026833,-1.28364921100908,-0.706870688678908,-0.274947230091705,0.182592701191573,-0.274922928937376,-1.29778515724936,-1.17144187003893,0.0606176719743385,0.1138598651118,1,-0.485731676935883,-0.992134465412443,-1.25088343970616,0.67223492823726,-0.375383930699331,-1.29551537624462,-1.24237619976999,-1.45946853899395,-0.889528844845498,-1.27569882166481,-0.676410519388044,0.591173627597382,-1.20188993058971,1.36621580988168,1.14738736097301,0.917810712107641,0.851302866639656,0.849569003698908,1.35521394658826,1.05543791712027,1.25698064694186,0.79206837599835,-0.550657316041927,0.262882424323259,0.0363703176190358,-0.468935134056029,-0.118249748643347,0.820655298691041,-0.344982742200712,0.111178521962358,0.667859748690655,0.565153762325145,1.30246187798538,-1.1896819456482,-0.14760532629139,0.403764386174559,0.487621454579175,-0.137348712055997,-0.757187610279076,0.383165043831854,0.208686152672064,0.0231651193589505,-1.38297461566661,-0.0841588158949017,-0.0208152880856071,-0.618738003735254,-0.764702036842319
-0.0892448091832608,0.168506673421025,0.182887663986375,-0.544346055818997,0.166184271733375,-0.212100043622221,0.251411190749353,0.090957816311267,0.258063568496181,-0.84135550492802,-0.771141898706623,0.0317299442638939,-1.31501267122819,-1.22868059572409,-1.68346991531482,0.990273180313613,1.3008129280332,1.09271288260997,0.329124823938406,1.3932556226661,0.684813581161911,1.10435966827161,0.875466286153766,1.29814958930375,-0.57676804339483,-0.140599964484114,0.124346554541058,0.395234345577991,-0.145051745873753,-0.0475117729559897,-0.594432945906405,-1.19708286248683,0.288455796658277,0.486675907863946,0.618945765612981,-0.117014106796022,-0.579091009547219,-0.65893347802564,0.352340611736242,0.663072857163805,0.0720490778985812,0.0681424640047358,-0.0232496722262298,-0.770739625762567,-0.552290668781052,-0.105681128471774,0.24581510455603,0.178205436309724,-0.680311694116362,-0.524323139218622,-0.341322146777465,-0.0288220478020117,-0.485731676935883,1,-0.274373245969094,-0.295809967353805,-0.0201585823666254,-0.0619847405936914,-1.10651708757738,-1.10057664397555,-1.26591336996789,-1.27291760281381,-1.29007954474346,-1.04402719936755,-0.0774451980497565,-1.35382090590909,0.658066646164282,0.643752424389901,0.213813790048062,0.0654457212847682,0.442363955196382,0.616973207432744,0.52372310475902,0.444888324516989,0.614012157380258,-0.00187120438091493,0.739966391809102,0.499984702628199,-0.337583605679002,0.037768426418149,0.777178608701571,-0.869182445666823,-0.318207485551483,-0.164942611244199,0.830607787121874,0.214642576080317,-0.880586276916032,-0.26875552413609,-0.134124243900742,0.192301804091196,-0.259622536572265,-0.553147463794772,0.00539048506475753,0.314810751159054,0.29113987731419,-1.12831725410273,-0.23539209463964,-0.137947340917357,-0.677791048126169,-0.795157647216554
0.32636710873255,0.0140572532573657,0.414582358507504,-0.0943240030980933,-0.34221815267814,0.298035469327722,-0.140107044126635,-0.0688001001507474,0.270243698495568,-0.360725165008558,-0.161499363901027,-0.465505201995706,-0.315868085895027,-0.162080404980367,-0.622040011237287,0.460332809863165,0.0787923754624834,0.173023308054449,-0.200887224085856,0.743713241775051,-0.0548808962452406,-0.0875786483692507,0.490323971957212,0.334732479898621,-0.408312647113743,-0.427930016771115,0.599166002639097,0.655851368980724,0.0319413324896376,0.0353738440037611,-0.12491566565038,0.0741492444139477,0.27965097915005,0.0723428338331758,0.896438121662104,0.674541699754227,-0.65030399048314,0.412570202392242,0.714159052997748,-0.00143499082813153,0.848321346719782,0.0934860004552044,0.368555178825303,0.437465442619741,-0.276386138899858,0.581486162525511,0.550766464819581,0.868718538086485,0.221059642439178,0.391108942262109,-0.0816312599847254,-0.277335245633337,-0.992134465412443,-0.274373245969094,1,0.314536286987081,-0.355392598847088,-0.118483260271831,-0.409105550274719,-0.495371174099518,-0.818062504958382,-0.0528843947770657,-0.728472177372418,-0.652741832621714,-1.02254418789662,-0.364265440852535,-0.0984753236563873,-0.558911693875249,-0.892469036480706,-1.20206019897338,-0.383367604978512,-0.639983035273223,-0.378890309200601,-0.260200114011787,-0.540921250298217,-0.373961779305553,0.144300398040435,-0.0996624349179672,0.620833285137128,0.646408513642806,-0.389954940584185,-0.771682842604619,-0.261951095568517,-0.674853147158073,0.0897213607287908,-0.295512288377186,-0.758791655430295,-0.457569386200395,-0.886844358200765,0.408061503417725,0.396825400636915,0.333044258502126,-0.122510711387414,0.529237145725936,0.255864511854965,0.178614191049214,0.344291909975611,0.194349328926803,-0.0985573630247363,-0.286020986722979
-0.163866633340605,-0.815071142986291,-0.0558371592396698,-0.123717868674252,-0.594890979357687,0.112129447654692,-1.1506665842293,-0.835093574788511,-0.0128731136067921,-0.523893441871169,-0.268420349760308,-0.164097195766097,-0.443297313874856,0.0528641474308416,-0.0363357529924595,-0.693483190283582,0.147364869033198,-0.211539364140293,-0.129375996209512,-0.16743484387062,-0.247058317905398,-0.433053921298922,-0.404324550814261,-0.0991467889935484,0.118590580371117,-0.0520612684793361,0.797582180382545,0.812077861369099,0.117942902299581,-0.0403789411705922,0.0555930591816384,-0.481352818671347,0.379466739089777,0.610370570449008,0.867737665462515,0.264072512079487,0.803935699145358,-0.0999525511425061,-0.22055639686315,-0.906436888681504,0.320011261787138,0.0606916131637051,0.435423940617786,0.457891340827204,0.62762408454089,0.546543997399447,0.292865476964718,0.257164686156811,0.434612268560445,0.482267642078044,-0.490941186251398,-0.679090725683496,-1.25088343970616,-0.295809967353805,0.314536286987081,1,-1.1129094510368,-0.0818214936617389,-0.126071873698108,-0.180583138580903,0.190971622923189,-0.141723513538108,-0.0291559485818809,0.169804219087018,-0.576985139225942,0.102810600579095,-0.701939918486262,-0.149994370191536,0.158184671795938,-0.520300741047477,-0.480828969225581,-0.176443302263207,-0.26566404187636,-0.855380941741664,-0.0372722564801942,0.274741902766465,-0.206202537215346,0.145965191614813,0.686562193370375,-0.00842093845136196,0.465246257977808,0.629889351401342,0.473867773858832,0.418490438132494,0.691842791324863,0.000258166112857838,0.525396457748354,-0.0275640385890386,-0.236550045604629,0.0849778635159663,0.475997969710623,-0.457477365588628,-0.461701088184516,0.408167303660949,-0.08471259529378,0.24598979203155,0.348956990033174,0.232573205831716,0.269785988786501,0.0446514478180819
-0.776290597961923,0.161928577700474,-0.662857993627004,-0.948131529332542,0.0799864043476139,-1.08972536363779,0.482378289010149,-0.0476764918165582,-0.567057752639623,-0.365772368349296,-0.659692141960104,0.612635796672299,-1.4214650390103,-1.27461727650059,-1.80963159423987,1.06703766857317,1.94763500638454,1.23709427553228,1.02539411303249,1.01999341207465,1.30624289649288,1.55379010852117,0.892755870660473,0.829359932297068,-0.719423124530158,0.164222708549649,-0.0630294475110112,-0.097088771324053,0.0892476268575018,-0.0649732514790793,-1.05824959957821,-1.81069149708334,-0.0157467990259652,0.692990064477733,-0.329041887747391,-0.93762839841084,0.0948630813156848,-1.38692427655819,-0.615797164136757,0.410686118467679,-0.848223544629754,-0.536333727675621,-0.710656101405239,-1.43175886043286,-0.0547052923321305,-0.806562327556582,-0.228704269796095,-0.691747481702756,-1.1531588873384,-1.18010223538195,-0.658810810060142,-0.104066124385825,0.67223492823726,-0.0201585823666254,-0.355392598847088,-1.1129094510368,1,-0.376923021678488,-0.973422024627449,-1.02086151265734,-0.781032070040715,-1.04217770242112,-1.01434926007969,-0.676646114302786,0.91626626089935,-1.50410280059045,0.782047325342642,1.71300214138089,1.72181378286966,1.40216785718882,1.22016989294748,1.63022782584926,1.29657445918219,0.299176538203941,1.43365255622188,0.237456966542308,0.569966252895197,0.752862342754603,-1.17065750742179,-0.825904323526315,1.68512761283603,0.134251564669104,0.526069420734825,0.849462102125602,1.4727782530319,1.07054116833811,-0.354339972156067,0.369829667060074,0.746561690169679,-0.111675967499843,-0.510937770012934,-1.20275834036104,-0.191485921044355,-0.320026495254711,-0.426902751509237,-1.50571408683607,-0.6110799890928,0.0926790870055862,-0.788027509415099,-0.656297167138833
-0.0850824333113457,-0.123665541454763,0.0656110074120057,-0.835171055839071,-0.169186906355651,-0.117043577711095,-0.16721594600091,-0.139998966587023,0.0755176436784939,-0.311990441452207,-0.409215606437411,0.108115655325321,-0.813831661416399,-0.542742988349769,-1.02575802374732,0.46453525306284,0.885733242701648,0.69753412069357,0.296760865715352,0.839177294664874,0.39145603039599,0.431934607040999,0.730520715807263,0.016804642770797,-0.232922370765523,0.203802501169634,0.695541729141635,0.553975492048123,0.418513059969768,-0.0565997445793815,-0.750291258596588,-1.22573172540968,-0.124507205050234,0.573251935535582,0.212030810063855,-0.148239360584797,0.306994378072445,-0.851287913152497,-0.405893277963171,-0.411985952303663,-0.2022118008678,-0.7527721734212,-0.506474485017711,-0.495219912436083,0.169198007143082,-0.36320934480808,0.0252557267104873,-0.0908714142151507,-0.308515525650546,-0.273832116194908,-0.476435082251259,-0.184910491680345,-0.375383930699331,-0.0619847405936914,-0.118483260271831,-0.0818214936617389,-0.376923021678488,1,-0.295450222237064,-0.296764226965138,-0.145949739377432,-0.194661279748422,-0.397427578912571,-0.0905216228694256,-0.0634846637526452,-0.589248201294985,-0.0938368879153724,0.708538083278502,0.692976389131516,0.189917469862939,0.564049845793516,0.414679684036074,0.69228650662463,-0.451443448058586,0.494263683654121,0.268993803272545,0.430511503358791,0.63095017022227,-0.594415927496796,-0.455610269789598,0.899231263729987,0.157914103114352,0.369819514496542,0.161506068603345,1.30425323733908,0.230328365936473,0.155098461296096,0.038532599517998,0.179354083603464,-0.0562869014662369,0.00770094894590795,-0.709436611888238,-0.499571966893363,-0.223600292760041,-0.564977415222877,-0.4469492511224,-0.316083982568501,0.603351234164767,-0.334683218964295,-0.240988747770288
0.658889595868249,-0.782871348631639,0.196710100894853,-0.55235336917027,-0.932325129322421,0.301741886197508,-1.01389129368369,-0.725045227992118,-0.0929706084917077,-0.516923517182019,0.0674024763933745,-0.517667675151742,0.201564195430022,0.0415860343713172,0.145598833068363,-0.51449509512011,-0.346303945485836,-0.235573986704486,-0.291610777255112,0.472590952997557,-0.0749295007756949,-0.239843263592792,0.157320301738703,0.414336726612391,-0.154796701820628,0.00489876573632375,1.61441014108552,1.55772120551666,0.691451483714581,0.749310299120724,0.572340414566264,0.126374580798953,0.147097046103566,0.334696839342435,1.72857038960356,0.0491706209830462,0.358813166220072,0.505743714250621,0.349502741185808,-0.940494098718873,0.747877898728632,1.08262893380218,1.06715085395875,0.714527701179202,0.837042490906254,1.21292191527905,0.753112740639008,0.813755895622913,0.603000950662369,0.300959157625515,-0.359766855844784,-0.514986070732519,-1.29551537624462,-1.10651708757738,-0.409105550274719,-0.126071873698108,-0.973422024627449,-0.295450222237064,1,-0.479987879357247,-0.418211844071901,0.461973924315612,-0.0934556420932046,-0.139520124138326,-1.35565478823514,0.410825474506449,-0.838565000116875,-0.988858001495798,-1.13730535585937,-1.19839538369683,-0.641720952503512,-1.1780136577635,-0.676182908561851,-0.891748516535464,-0.993304917245226,-0.116532331349818,-0.341502232074696,0.205925343130019,0.623085857399762,0.523257804259377,-0.500236637403479,-0.169187859543452,0.368413566759359,-0.289084689826072,0.392054186422858,-0.630476351465331,-0.106437760270154,0.340444025577517,-0.95871323825677,0.100627664568894,0.307246668640641,0.00985104020163047,-1.06615216225954,0.5183897327797,0.431853200183983,0.601861727264177,0.77504569266012,0.235549940932221,-0.180528848466525,-0.556636455633895
-0.124323373309958,-1.1307173055744,-0.123546559294947,-0.250484481077186,-1.1129173568517,-0.276922403692843,-1.18462117007204,-0.942132072432524,-0.466669710567976,-0.993025684977791,-0.12830218544701,-0.785237489578258,0.0246405543799137,0.0808491502483184,0.178868222018182,-0.341412856478635,-0.271271722850333,0.0236012184713586,-0.259983624149945,0.178544839227697,-0.333329744623308,-0.316217289849069,0.013470149751381,-0.167884217758018,-0.249307211785148,-0.60919800566621,1.07302872951161,1.0338686270364,0.209577316474463,0.327484181158722,0.495340787809615,0.0967495350314925,0.654966074741294,1.17483734929166,1.61972850289233,0.248699631867092,0.397648749515303,0.216009097933147,0.4681003629972,-0.901634294982512,1.02963210488801,0.893603316821701,1.1489232508406,0.274879901911836,0.833376531044218,1.02488992069189,1.2383907109121,0.75959185221628,0.280029287286536,0.30491942308576,-0.411290307359047,-0.896986464794497,-1.24237619976999,-1.10057664397555,-0.495371174099518,-0.180583138580903,-1.02086151265734,-0.296764226965138,-0.479987879357247,1,-0.237050655718902,0.104269803576779,0.00490112852603142,0.231606678995265,-1.07958591193736,0.188153424112898,-0.672579833384354,-0.883636645131423,-0.368881960926075,-0.58836876651268,-0.758372946462865,-1.05348221811925,-0.730104652815373,-0.807422842017537,-1.07835117797417,-0.460789650798952,-0.911441634485193,-0.261427920278371,0.543019537497365,0.343316879907309,-0.0315721065020669,0.572507364393518,0.704617724831994,0.386902379679008,0.36032031823901,0.0761546653383895,0.114579211215368,0.14996853049516,-0.449775114321795,0.0794263351674395,0.404735491438699,-0.381881459799979,-0.801464716382678,0.44996517384636,0.38475337195066,0.382080408938955,0.929544081579481,0.36284854941783,0.0426246900685471,-0.491901221595393
0.460148636434433,-0.858108492255733,-0.114149664631213,-0.49257874009827,-1.2971680349165,-0.152244183365984,-0.928372424354988,-0.576403283117419,-0.193143874706715,-0.87795212173784,-0.175857834277395,-0.937895441490211,0.0807680110105194,-0.236117179748502,0.0912564693488683,-0.0241474535591438,-0.418661277541968,0.331770236747527,-0.399267576833038,0.73978113521208,-0.361221824185622,-0.474015037321951,0.353348780704361,-0.0907561766634456,-0.448564973012112,-0.793176437340775,1.22210763667361,0.61049507907434,0.497364726470244,0.16001248649005,0.426533218112578,0.156689736254642,0.531468063492507,0.821267582589571,1.40828572798123,0.374180302583182,0.322001305446001,0.267437960990267,0.488765433799363,-0.868264144702801,1.04211082044103,0.601247117745979,0.824266656840474,0.339473410638431,0.694182493065677,0.924753153981532,1.06194027439323,0.639484767194815,0.4380198961979,0.420893735334688,0.180238504749407,-0.733271160252537,-1.45946853899395,-1.26591336996789,-0.818062504958382,0.190971622923189,-0.781032070040715,-0.145949739377432,-0.418211844071901,-0.237050655718902,1,0.424401080896427,-0.162645785157819,-0.00380584065337219,-1.31984921321073,0.120725432044772,-0.633260140240224,-1.02328643648395,-0.587748198579798,-0.644102051966896,-0.713178150536883,-1.24132086255895,-0.748526294301344,-0.628868708720983,-1.22166030023625,-0.75206121534282,-0.522242395303402,-0.55310169627777,0.82143929753823,0.634824225159655,-0.469356321873971,0.317127785968839,0.902654112640386,0.0697378317377383,0.183763609912823,-0.120581395864304,-0.0808932644192872,-0.060272534013135,-0.247488300075672,0.291609634013125,0.753101718177842,0.0132636902782413,-0.94759263491624,0.604082899599971,0.186884637065187,0.51196758246855,0.892601101719078,0.496272235827072,0.306972821663842,-0.120425627180497
-0.0643984084277402,-1.12081692328202,-0.737050273183379,-0.47027729535401,-0.685957222580239,-0.228634728172712,-0.632692442713325,-0.951226076628769,-0.159414213716985,-0.0536247033947657,0.00231834273985482,-0.0748259395748747,0.0108960425702761,-0.48602821862616,0.0818604806867584,-0.648012185726519,0.0649968157040073,0.257928089146543,-0.220936412939086,0.231043928162407,0.113537925254962,-0.0396965418025169,-0.0780299778474242,0.141169594714815,0.611195115271004,0.0868672344114347,0.771459931886166,0.369122396259791,0.569644817233588,0.269079321966932,0.250817243853595,-0.556203216281243,0.173543963100661,0.704424196579567,0.57902989594275,-0.0726443969483947,1.01792480958382,-0.304342843981959,-0.0103441388188962,-0.732612234375058,0.171678023228093,0.367096730100658,0.373990509432933,0.033930013128637,0.693406757368716,0.286589515282699,0.389188744212236,0.0395395218015451,0.200073545485512,0.153689820616366,0.120390736003838,-0.79881823239627,-0.889528844845498,-1.27291760281381,-0.0528843947770657,-0.141723513538108,-1.04217770242112,-0.194661279748422,0.461973924315612,0.104269803576779,0.424401080896427,1,0.532680636231982,0.514939302497237,-0.0921788120855244,0.158065248662382,-0.158168028491104,-0.239851157088705,0.315093942891933,0.531168639959308,-0.231435391459549,-0.192975053035076,-0.138112182639551,-0.541418715399221,0.062182846713548,0.316374606924307,-0.10130804930697,0.0339359642983371,0.304006536839148,0.178940795819952,0.200913832741841,0.852270523930399,0.714299641473502,0.512836007919953,0.38535697877265,-0.0476560549423315,1.05596789696227,0.228304642094827,0.679294379224275,-0.149452087306082,0.390994278781964,-0.236328268884552,-0.455150064882945,-0.159950340039319,-0.0519328932595355,0.130843716959141,0.147219260286503,0.259658904810489,0.251232853272463,0.109213427929834
0.285624915049123,-1.13901178129111,-0.596306866899559,-0.797887657856389,-1.30659636724672,-0.383271816834759,-0.971179041355984,-0.82534094552721,-0.45176732591385,-0.593965447030123,-0.076944116839511,-0.579662248867674,-0.0128961341038179,-0.273044700915364,0.150183828980145,-0.248747726984535,-0.196929577751679,0.382842790036015,-0.411002249603905,0.567527995136275,-0.248969213779516,-0.273073114873399,0.2865162260175,-0.180557222971535,-0.031523128727408,-0.422875497408306,1.2759191960624,0.434522410204833,0.346548014925359,0.142378146508016,0.457806986684723,-0.104446221598697,0.524599835774306,0.951288493516407,1.00273388591822,0.297035170086295,0.578256159215193,-0.0200496904227434,0.26901702506365,-0.902973540008504,0.695473950742796,0.354453438281287,0.522348609977589,0.0845582843522547,0.84891126072274,0.617255658526362,0.82041850444108,0.329397477088765,0.23055651501332,0.296239129586412,0.0117277915895608,-0.978095496607431,-1.27569882166481,-1.29007954474346,-0.728472177372418,-0.0291559485818809,-1.01434926007969,-0.397427578912571,-0.0934556420932046,0.00490112852603142,-0.162645785157819,0.532680636231982,1,0.456541366094707,-0.910822491249584,0.298542965896536,-0.437262915136203,-0.520904791111969,-0.045815585715043,-0.159717147611681,-0.303691463779336,-0.668900062513974,-0.337984889460465,-0.456382545814899,-0.745933683953516,-0.398408574248565,-0.387906230101293,-0.335927568059328,0.413926561084594,0.421830730443722,-0.11917842924483,0.745541626102088,0.959010853461649,0.327672424202073,0.423152064432368,-0.0157220478388059,0.485735360333911,-0.0227564327686232,0.239212746947465,0.186958329212267,0.887787573487061,-0.0328851810480443,-0.573485565288213,0.284083475809593,-0.0458367023111384,0.386969100534966,0.61110920052148,0.585838419011597,0.139775289639389,0.143152608071773
0.0131063207251832,-1.13420868202708,-0.537561463307064,-0.579706721404242,-1.05823904696871,-0.41871631063543,-0.727577143784924,-0.468629857635659,-0.2685774843958,-0.733448433612398,-0.237285502144407,-0.786080982063327,0.213110408662778,-0.117277872174701,0.569577978147175,-0.232897341012208,-0.597110297903304,0.105775624760811,-0.771032424571798,0.242100298901575,-0.558846747615864,-0.338523352876913,0.139129851033487,-0.432265667210846,0.187322281747305,-0.580136218752206,1.14494051133703,0.420254719272968,0.255949607198846,0.391508879519443,0.700796773556865,0.388149152711424,0.661512395562668,1.01255292159888,0.927388777498003,0.221476503231516,0.400347590467887,0.277863727244173,0.422778923297225,-0.729924579616384,0.776930885994636,0.425482789679689,0.72015926836102,0.16814471563432,0.960174288189003,0.605210420229757,0.987074935645326,0.284990610637295,0.0751674260408964,0.231347342442506,-0.0751751169322842,-0.748566636437145,-0.676410519388044,-1.04402719936755,-0.652741832621714,0.169804219087018,-0.676646114302786,-0.0905216228694256,-0.139520124138326,0.231606678995265,-0.00380584065337219,0.514939302497237,0.456541366094707,1,-0.771502370774046,0.706185454620786,-0.659072409462783,-0.86714937698947,-0.103208204754921,-0.193102570582248,-0.456070048838095,-0.82808126136231,-0.609067039029926,-0.460051429019199,-0.961539707881507,-0.55443697223775,-0.682198553423095,-0.450139203883562,0.333993799993036,0.41807132175208,-0.0885045848569473,0.636686065522312,0.697087625943932,0.277493188923333,0.211858467431051,-0.168766528202578,0.654762742980465,-0.151435659663616,0.221784830335299,-0.046595607259764,0.505057270055906,-0.0774299238550908,-0.476869304643904,0.134762947869891,0.138627159157255,0.400124510963398,0.608396380671691,0.35893801766742,-0.0283915095562643,-0.0180742842657802
0.147751463930732,0.469377674340401,0.00231613770461719,-0.613079433359526,-0.293546357103419,-0.754603204442767,0.55083291676007,0.808824036597761,-0.245847882883259,-0.916496022689435,-0.549960574481467,-0.285597373641831,-0.479299056090461,-0.852549161801795,-0.664501228894245,1.06477088166752,0.416335188465735,0.969006037264178,0.192272659077454,1.08795570792769,0.330459199488458,0.667506536369606,0.869180532056028,0.655407898382742,-1.24724696149167,-0.72320473313426,0.142362713431243,-0.404284519166183,0.0657316262136271,-0.0165440589776747,-0.129409027267475,-0.240222979353991,0.276363260959481,0.189009867794532,0.105857584515142,-0.531833419561565,-0.675257812299681,-0.183749279778909,0.249876752193462,0.795492820264616,0.140486810671242,0.277065320202001,0.0625241997182387,-0.690208898537955,-0.166482871801374,0.118267715729897,0.309143825483763,-0.0742230473591116,-0.67284035192624,-0.612998895075734,0.131052927040132,0.376564033098065,0.591173627597382,-0.0774451980497565,-1.02254418789662,-0.576985139225942,0.91626626089935,-0.0634846637526452,-1.35565478823514,-1.07958591193736,-1.31984921321073,-0.0921788120855244,-0.910822491249584,-0.771502370774046,1,-0.7850383345117,0.387418604641868,0.140221624984862,0.0641619909512556,0.288757571685892,0.339141710435948,0.0877267665896971,0.249443427396889,0.752033508317125,-0.281263914019082,-0.94916043219361,-0.0742704901864387,-0.237622227128914,-0.275134767764494,0.102502069782019,0.199769617869173,-0.464454382088489,0.14477210979134,-0.0914325536242914,0.363705056696325,0.482149093001791,-1.20526233320152,-0.32132567875565,0.140005977823765,0.329200460139668,-0.328923371962354,-0.506772252236937,-0.276699454191872,0.218617985855624,0.235010648635107,-0.67357551720526,0.195048566828017,-0.0267959942292768,-0.481130841808233,-0.568818110648419
0.0726912033607312,-1.61968798093499,-1.1521481331443,-0.430638954621037,-1.34528921805205,-0.405783004733884,-1.34783843366603,-1.40195068150214,-0.625669081006451,-0.237677907247256,-0.174050215147853,-0.576187836736033,0.1607731526482,0.114321885377915,0.343487270354286,-0.582789075132476,-0.285032091944207,0.0611285164986058,-0.525802668878333,-0.196399978411985,-0.479800923063455,-0.424206837358112,-0.354159956262297,-0.68286876520413,0.315157666294349,-0.502749736895483,0.850769990459882,0.0784212264706229,-0.0276729407261937,0.0229612966889206,0.835270979669769,0.247293839052523,0.877187170130606,1.32546379113816,0.84560009813425,0.62154396211912,0.851471894308126,0.145021285215376,0.232649600553557,-1.40327151231752,0.815466507381493,0.45945097480608,0.710143201060524,0.425146844764393,0.938990817677925,0.593691968680362,0.910895988480334,0.319763025817466,0.480565241599272,0.621681346468953,0.0732997361689113,-1.35362904803355,-1.20188993058971,-1.35382090590909,-0.364265440852535,0.102810600579095,-1.50410280059045,-0.589248201294985,0.410825474506449,0.188153424112898,0.120725432044772,0.158065248662382,0.298542965896536,0.706185454620786,-0.7850383345117,1,-0.521034531572484,-0.543649966130729,0.482661857516333,0.292500992439669,-0.611503978071782,-0.709369517637089,-0.665601288358195,-0.810894778810977,-0.721100331856713,-0.402866262862483,-0.63674374773048,-0.731466731741246,0.889218393527342,0.507245453127961,-0.155055726057667,1.43259976731025,1.11308713431772,0.757623626595049,-0.232184108089255,0.0630444773193656,1.08416716892803,-3.36751678253061e-06,0.533475577826512,-0.000771730515960604,1.19588374305121,0.249050219101398,-0.338850916424567,0.249432627634619,-0.234463614430382,0.644333489997619,0.565868959253013,0.445279105432836,0.53987386492422,0.653317460744072
-0.758622239310469,0.787752396166138,-0.0217747304389847,0.227425871690978,0.297999426559206,-0.599808674792437,0.467758188397869,0.661230230578061,-0.207709241436042,-0.159403269145163,0.0277519776458929,0.300698345141501,-0.377254891966899,-0.138854420905318,-0.447308261002414,0.732523593591502,0.463613210395964,0.0926555929004008,0.430427866210545,-0.00735554743436551,0.466472516283118,0.846017804839274,0.121524405319059,0.622403391889249,-0.750278732320463,0.0463991418268485,-0.499490749457488,-0.201795048392233,-0.173959253697863,0.211668089949158,0.095083690054822,0.0680961180258606,0.0540080704218992,-0.156030521133673,-0.275053291017835,-0.721594163306812,-0.783691754273609,-0.118033108534781,-0.16306546124669,0.809149800593593,-0.594983212532785,0.0984282270007351,0.0172602394549042,-0.695641267373456,-0.140231579722658,-0.291472512362794,-0.250800746920993,-0.527173732702867,-0.88932757259156,-0.969717944653273,-0.368976868627043,0.646392566736706,1.36621580988168,0.658066646164282,-0.0984753236563873,-0.701939918486262,0.782047325342642,-0.0938368879153724,-0.838565000116875,-0.672579833384354,-0.633260140240224,-0.158168028491104,-0.437262915136203,-0.659072409462783,0.387418604641868,-0.521034531572484,1,0.42921028395335,0.48241221483155,0.420760272438707,0.439233489249056,0.58524187706826,0.229930906211163,0.477360907858969,0.379769604292882,-0.133192859860078,0.063213098116454,0.213260662837932,-0.567199671065518,-0.145488148162069,0.475452154595987,-0.49742253101298,-0.0790655196103535,0.209465687679423,0.203196741234206,0.403532104151863,-0.768163919499712,0.0137003524799436,-0.16907984689277,-0.1187504410808,-0.706950840306533,-0.394501307683649,0.164880790582191,0.150933769668342,0.366152816359013,-0.99878084627873,-0.109542146214739,-0.687403622878447,-0.841733069960281,-0.678140781575308
0.101921525122177,1.10257661185735,0.714078215714917,-0.205444106474029,0.35526809116949,-0.412779941351209,1.31990405208971,1.61417468014015,0.497614030000888,-0.61245718966435,-0.471475291718705,-0.13237868958726,-0.358291593071831,-0.761776048695715,-0.550305406359297,1.3592111923941,0.268201996994193,0.816426575040836,-0.0505323243603782,1.05130002769017,0.168490736259137,0.655766814634171,0.963895366368597,0.66070196089783,-1.07979849856666,-0.393470519332484,-0.532701827956876,-0.386410123240998,0.0340401620748169,0.0399378137299552,-0.563224491052378,-0.303309416504307,0.148679399519765,-0.199836033630536,-0.190700259132632,-0.631312396736087,-1.1828519251719,-0.248137623314482,0.104354119498622,1.30235438929935,-0.126323092483481,-0.526471727360612,-0.31598997758178,-0.809920698971286,-0.769987979504129,-0.470716415805301,-0.0358007369899978,-0.12844075677138,-0.976493019140843,-0.892437695623956,0.292180792083485,1.18843268556013,1.14738736097301,0.643752424389901,-0.558911693875249,-0.149994370191536,1.71300214138089,0.708538083278502,-0.988858001495798,-0.883636645131423,-1.02328643648395,-0.239851157088705,-0.520904791111969,-0.86714937698947,0.140221624984862,-0.543649966130729,0.42921028395335,1,-0.0185792546858248,0.114322039465713,0.392814268514711,0.280010631997761,0.366083726190879,0.942580502678917,0.0583937609977025,-0.642958068320124,0.338596362551957,0.0755430710536747,-0.674496131483186,-0.247543901957725,0.185835880384276,-1.1517475258977,-0.637273114338678,-0.455577113576297,0.100204661079134,0.262842810392234,-1.3020867314566,-0.449016392553926,-0.0991017522793217,0.0155108075383781,-0.99460362579053,-0.500357397748395,0.0365775941417877,-0.201336001226796,-0.0426624492703218,-0.967050672026631,-0.403263410841663,-0.111839501052373,-0.704543938447104,-0.789776065203999
-0.0978915661663972,0.86943218552846,0.70724570092858,-0.361238406682451,-0.234476548766551,-0.519692199316315,1.40893566677722,1.44693621905869,0.267008962874838,-1.08601069977232,-0.254477073060554,-0.617952363307253,-0.355344168271722,-0.569452530867215,0.314827499025379,1.13208708355332,-0.25486169038964,0.771452884536601,-0.320303063835698,0.980668565378713,-0.279259327392662,0.164830589170081,1.09844976370305,-0.078568681608459,-1.26389277955161,-0.549469673550285,-0.302449621740888,-0.502738380807642,-0.0272642525644644,0.0230854874993454,-0.933913945327838,-0.339232314854649,0.154316350802445,-0.0370483700331383,-0.265066618435844,-0.171847207640086,-0.880094752625196,-0.242046280562796,0.0238629476821446,1.27684649491803,0.386031994899488,-0.909357332136244,-0.544749481488002,-0.752078068333752,-0.489820638146888,-0.441493832798732,0.278474331084847,0.286981129122219,-0.737751179503452,-0.608214191396821,0.69614145487629,1.18223189487883,0.917810712107641,0.213813790048062,-0.892469036480706,0.158184671795938,1.72181378286966,0.692976389131516,-1.13730535585937,-0.368881960926075,-0.587748198579798,0.315093942891933,-0.045815585715043,-0.103208204754921,0.0641619909512556,0.482661857516333,0.48241221483155,-0.0185792546858248,1,0.0933955261890351,0.344886948196557,0.123810903405359,0.508036824954836,0.783134455183962,-0.288076070568852,-0.878764349656415,-0.172184184804856,-0.0290765256933671,-0.683628174057715,-0.407525533221374,-0.138680384176361,-0.612977680225571,-0.402512314250686,-0.23373423721496,0.0675353545568234,0.551756822557055,-0.741231510279298,-0.523074716402252,0.272009206444996,0.149021925198341,-0.6971003963932,-0.498085326856195,-0.14723615360733,-0.405681723643703,-0.446575248345633,-0.575846350294045,-0.183839829553329,0.597973856502416,-0.135502107824383,-0.469073886279572
-0.204417143082461,0.654485991313458,0.0458755131311966,-0.65010225041207,-0.562869529502836,-1.11411346408088,1.26910444693679,1.1445647775617,-0.399781347874123,-1.00178299373224,-0.101205453672322,-0.503349278841605,-0.589539778958826,-0.86327625191873,0.0955594315561776,0.798568251661577,-0.10708289660036,0.498568014003081,-0.105341696698118,0.755404201022888,-0.0170281981000107,0.117405046807308,0.697532683044855,0.177234565686757,-1.30008018286272,-0.636134990664556,-0.141682085093398,-0.531141732525119,-0.0392604349114125,0.0845712165135533,-0.732982988779096,-0.43600661299339,0.169175405421591,-0.210959248565539,-0.407175871790217,-0.630705617475638,-0.472184145517692,-0.09329378142496,0.137883325270724,1.05737016641822,0.206884500949262,-0.439327669016513,-0.374195674647267,-0.596842191653426,-0.307694684755548,-0.0486487144813427,0.260240777064761,-0.0859716708377599,-0.609375979323166,-0.670366558245343,0.413646801360725,0.803179611362029,0.851302866639656,0.0654457212847682,-1.20206019897338,-0.520300741047477,1.40216785718882,0.189917469862939,-1.19839538369683,-0.58836876651268,-0.644102051966896,0.531168639959308,-0.159717147611681,-0.193102570582248,0.288757571685892,0.292500992439669,0.420760272438707,0.114322039465713,0.0933955261890351,1,0.407419709175352,0.387004136075603,0.3613020427141,0.767362663140908,-0.161446205330205,-0.904690841426817,-0.229429789245007,-0.255908162324572,-0.416269505022171,-0.203790829246354,0.0152832828098967,-0.358865501175965,0.0205094991719367,0.122771569382063,0.270548109002006,0.92997592640655,-0.769527273316572,-0.27202395877378,0.183444200891866,0.4762081353725,-0.276060466224228,-0.375773022885555,-0.0226343213037047,-0.0233071047097695,-0.172533691986037,-0.526559801005336,0.227262104636376,0.288581332670459,-0.251719509458909,-0.461257159402506
0.100125812275258,0.668747061682833,0.337517466059655,-0.342989411385335,0.266575836746693,-0.581085992863555,0.890539038714737,1.11218568523318,0.261456875168878,-0.381893037966797,-0.446793198459824,0.0362381996887429,-0.259600062821334,-0.914285457874693,-0.438415951018079,0.750809154200953,0.244745761680317,0.62537654701223,-0.0101399956665482,0.594546319303541,0.116300626435085,0.454159399457428,0.481295897392976,0.453125533916241,-0.799046798452011,-0.408159554063909,-0.589812666510545,-0.672591729846853,-0.0821959521663045,-0.0669450609995133,-0.251779006522527,-0.420883325750489,0.173058424065051,-0.114839191112676,-0.338324917636382,-0.907849450538499,-0.468480678490753,-0.351874128627723,0.0938998156395456,0.94795024467475,-0.328554895535385,-0.162756080609063,-0.275054949484856,-0.692517325679352,-0.619172677186383,-0.316810716388046,-0.0376780689704552,-0.442483558074986,-0.767441186226162,-0.682219312881364,0.330380068029894,0.72825002836529,0.849569003698908,0.442363955196382,-0.383367604978512,-0.480828969225581,1.22016989294748,0.564049845793516,-0.641720952503512,-0.758372946462865,-0.713178150536883,-0.231435391459549,-0.303691463779336,-0.456070048838095,0.339141710435948,-0.611503978071782,0.439233489249056,0.392814268514711,0.344886948196557,0.407419709175352,1,0.516997828177365,0.289961492017259,0.930207245810589,0.177361651088485,-0.474617042473937,-0.00378913235455375,-0.0669974539734557,-0.396683614505467,-0.228399173176117,0.365169855326938,-0.371076023214631,-0.183132724220358,0.0346997178187877,0.0991107880067434,0.659208102192016,-0.94342564993103,-0.242370999626258,0.258086287604608,0.0860796370459522,-0.564132152193874,-0.360059099272533,0.122942958526655,-0.125879001364907,-0.0670059885241657,-0.710912276590372,-0.23556205470958,-0.115705120790266,-0.402113655088101,-0.413415375414166
0.384861282728163,1.24274722286953,0.374769635640781,-0.246024163517936,0.325090825029287,-0.321607504544603,1.24376733084067,1.41293096125905,0.164151541899419,-0.679528620500533,-0.619817094576518,-0.352780381096921,-0.399397959640937,-0.695527951565371,-0.778970700763049,1.50853439937568,0.266472980022785,0.706911006074623,0.0506604403393931,1.0664972703144,0.135754690101654,0.516707058954682,0.862254073000944,0.269977316635538,-1.62237210757055,-0.679757850988659,-0.484725158945406,-0.748187483871119,-0.0330769148926557,-0.302726220253178,-0.644399585003087,-0.255192325935172,0.115962465540387,-0.388939814564769,-0.574315758700377,-0.481664532377291,-1.21242849224398,-0.0771849026066631,-0.0626043495153603,1.00558446656617,0.164726387111019,-0.541552626702587,-0.532912812457692,-0.438705947675195,-0.560281327312498,-0.315415640573224,-0.0231441621232059,0.17161429170661,-0.675457559775962,-0.543776259163523,0.392241807361585,1.08552300854025,1.35521394658826,0.616973207432744,-0.639983035273223,-0.176443302263207,1.63022782584926,0.414679684036074,-1.1780136577635,-1.05348221811925,-1.24132086255895,-0.192975053035076,-0.668900062513974,-0.82808126136231,0.0877267665896971,-0.709369517637089,0.58524187706826,0.280010631997761,0.123810903405359,0.387004136075603,0.516997828177365,1,0.409805795978585,0.758468048920668,-0.0928520860191437,-1.05202709898732,0.259696183355896,-0.297388384290878,-0.601148515082994,-0.379000266164191,-0.0926211846545417,-0.790420511082219,-0.487901608285765,-0.663276237689165,-0.168479063675083,0.320210418853257,-1.49473355806265,-0.480991534120905,-0.00974492392892345,0.154584378638563,-0.832074585689071,-0.345402228553733,-0.265238433768973,-0.304610282831793,-0.542411405576143,-0.60276528918827,-0.493024618827737,0.264814664228535,-0.331393494030698,-0.44964231954755
0.11359910019822,0.882270695915976,0.295587264578804,-0.440704889508289,0.333420874122882,-0.594142945978996,0.858570363121788,1.22182363616291,0.300316374785339,-0.329599170159812,-0.326349286664586,0.0629960865641686,-0.370614784971875,-1.00485494454266,-0.788597870659689,0.910774960264428,0.326135023165615,0.54161977208251,-0.120468370867105,0.665761166860176,0.164799442198349,0.583630171228248,0.490504038475707,0.49717885214253,-0.880243345452242,-0.381790697571738,-0.608176471038958,-0.714792353148385,0.00112948232173993,-0.0645367181179526,-0.435504046836963,-0.312996047572396,0.254185002336148,-0.0879942880199511,-0.390344820041025,-1.03142077854745,-0.577180974358857,-0.250113256238915,0.123867574868594,0.72444849329257,-0.357979361677207,-0.367251866287492,-0.388872824706737,-0.745084137888477,-0.719557345376009,-0.426920740293833,-0.0545840369659147,-0.58160059397424,-0.792202945345823,-0.833300719926075,0.167102808185954,0.950687327634036,1.05543791712027,0.52372310475902,-0.378890309200601,-0.26566404187636,1.29657445918219,0.69228650662463,-0.676182908561851,-0.730104652815373,-0.748526294301344,-0.138112182639551,-0.337984889460465,-0.609067039029926,0.249443427396889,-0.665601288358195,0.229930906211163,0.366083726190879,0.508036824954836,0.3613020427141,0.289961492017259,0.409805795978585,1,0.76993295668151,0.246980629291044,-0.440747330026507,0.172580327838527,-0.0342316810669629,-0.46391802957078,-0.102849206991434,0.537218847743865,-0.52874178703422,-0.149629714574209,0.06014366935438,0.172534496682118,0.619298333289195,-1.0446871442792,-0.197902564178043,0.0502018146548142,0.130495723187377,-0.436178720725193,-0.285564105405157,-0.0483138029519928,-0.00844218467078695,-0.162333435831178,-0.853542231747338,-0.250095301408696,-0.203413906860161,-0.545779050547072,-0.474024155517329
-0.667934677722708,0.515430118186829,-0.565319857937183,-0.22776590227378,0.480758673147078,-0.700484608959467,0.643264384613389,0.161751314843149,-0.628992677756151,-0.235449354218716,-0.507271430207243,0.220088987424521,-0.715239150547682,-0.508506670678776,-0.962189007032089,0.927668119347629,1.10207720490354,0.364950095250193,0.638595229770364,0.485423980537447,0.806507363735524,1.14685169410334,0.400244950162055,0.567298152866244,-0.757355060367807,-0.0431983068003436,-0.155683979212776,0.0159706164129361,-0.0705223942100313,-0.0388301347606537,-0.456511764060996,-0.564043109083333,-0.0714518404725,0.0361894637162004,-0.558609954910816,-0.735342721615923,-0.501178854364496,-0.318977572282661,-0.162135025225265,0.65583805673394,-0.336958151901561,-0.0219842706104941,-0.212928931459477,-0.545575164536122,0.0415648738731965,-0.286601648103139,-0.113753762533284,-0.242115796364896,-0.824210392170055,-0.713145693373976,-0.725121847271755,0.0569499923256259,1.25698064694186,0.444888324516989,-0.260200114011787,-0.855380941741664,0.299176538203941,-0.451443448058586,-0.891748516535464,-0.807422842017537,-0.628868708720983,-0.541418715399221,-0.456382545814899,-0.460051429019199,0.752033508317125,-0.810894778810977,0.477360907858969,0.942580502678917,0.783134455183962,0.767362663140908,0.930207245810589,0.758468048920668,0.76993295668151,1,0.742824300237883,-0.212195090907802,0.227496327428539,0.276647232477318,-1.04453822367255,-0.528664376907694,0.756916141732497,-0.306751882931823,-0.172903133716234,-0.0678577893586234,0.548469854785689,0.332879286546645,-0.500265418811341,-0.0362175321527568,0.13985566962819,-0.131768371728756,-0.809156609148654,-0.486549903790177,0.0950473004564475,-0.371775168827533,-0.0966604012883805,-0.833249051491517,-0.436234784325967,-0.310590938790563,-0.869769457685874,-0.680449937704917
0.492962706819566,1.06321565205038,0.827233298957943,-0.225962275693628,0.205753890407865,-0.0761849942218278,0.979279971989614,1.33868102660065,0.445857737427261,-0.434829543888121,-0.48449378448285,-0.244444367732234,-0.268672151124183,-0.641775519613672,-0.635280386066212,1.32532198647364,0.157367334132356,0.692672035934078,-0.021873398111541,0.991353346078396,0.0169384004346709,0.452385659542541,0.901512303881659,0.409707415720361,-1.37958608006693,-0.507831788710176,-0.313285560975321,-0.388516236582237,0.0558247358868874,-0.185753654332147,-0.473231091964147,-0.139326985631203,0.0363491502447639,-0.342992161693934,-0.0906822829644415,-0.399918641517263,-1.05700642713149,-0.0979445846278213,0.11788408468605,0.957284619143608,0.0971346312023479,-0.294421147391091,-0.305072209453066,-0.313628918568291,-0.712945347605173,-0.17617842196749,0.0283286085931986,0.195492645171284,-0.494361176444509,-0.459584515351192,0.441016325357281,1.02680664862038,0.79206837599835,0.614012157380258,-0.540921250298217,-0.0372722564801942,1.43365255622188,0.494263683654121,-0.993304917245226,-1.07835117797417,-1.22166030023625,0.062182846713548,-0.745933683953516,-0.961539707881507,-0.281263914019082,-0.721100331856713,0.379769604292882,0.0583937609977025,-0.288076070568852,-0.161446205330205,0.177361651088485,-0.0928520860191437,0.246980629291044,0.742824300237883,1,-0.869971682513726,0.217191573539811,-0.180723714143333,-0.169072977980373,0.0406365540190642,-0.195545317077167,-0.973893167946558,-0.456694264763682,-0.594883329045048,-0.138146371406038,0.232226221176712,-1.47082662995144,-0.422755121309326,-0.301126027990545,0.254692258169961,-0.546704383128794,-0.135280180138469,-0.211732326755577,0.0219758817612041,-0.161554928640872,-0.458270690423021,-0.245337888968244,0.180304653537427,-0.27567758808695,-0.416093712935183
0.983766921971635,0.264355032731461,0.58370958650941,-0.278317657806522,-0.190690608392784,0.384771667682287,-0.0154957916590623,0.349667322659404,0.363198877563892,-0.131559124089592,-0.250633076767887,-0.576873122480254,0.0433364528708103,-0.135336194252565,-0.418801668169926,0.472742006899885,-0.380392926822826,0.103613025793386,-0.227781220473632,0.620142483733219,-0.305495499312928,-0.466473761253327,0.36020196961742,-0.145410348036298,-0.769916858567926,-0.46693870992031,0.383304162741432,0.275614691608704,0.29143417619252,-0.0778138330092187,0.0206562603964995,0.201520459742601,0.0656621204554711,-0.217146785104477,0.541290252268687,0.170393706638332,-0.517316246495577,0.409403964425517,0.412481303916517,-0.282217547649064,0.665229161720778,0.15833411441454,0.149490016639773,0.596500643116541,-0.305643700700391,0.53120842573441,0.392255886367222,0.700259188120869,0.426232228893575,0.425991105970029,0.45657725360219,0.170423226498984,-0.550657316041927,-0.00187120438091493,-0.373961779305553,0.274741902766465,0.237456966542308,0.268993803272545,-0.116532331349818,-0.460789650798952,-0.75206121534282,0.316374606924307,-0.398408574248565,-0.55443697223775,-0.94916043219361,-0.402866262862483,-0.133192859860078,-0.642958068320124,-0.878764349656415,-0.904690841426817,-0.474617042473937,-1.05202709898732,-0.440747330026507,-0.212195090907802,-0.869971682513726,1,0.0764018138948661,-0.441564059919881,0.559197367411323,0.364391000205584,-0.781397729231985,-0.52597232135233,-0.157117254093526,-0.758699302176199,-0.363944892268247,-0.176473307615701,-0.992513994981465,-0.146709430245198,-0.777190938100947,0.300990465749317,0.245480721157141,0.3544440441331,-0.487290126512393,0.329764807157574,-0.162467981650239,0.522959737101895,0.171255140560281,0.477620574726595,0.148093961489216,-0.0441648019239789
0.735043160660311,0.728110415585204,0.553462050093953,-0.262790815501152,0.532617653575871,0.215096560372639,0.245792242461156,0.653673699555598,0.510788877792108,0.0418200192301978,-0.268580040279851,0.317976837036858,-0.286242610907227,-0.323299673954921,-0.581043349870718,0.213486261980963,0.280108672114805,0.159029106081892,0.222549681232058,0.304935107249065,0.184760687465744,0.156663016902151,0.170054185370912,0.392035944618876,-0.543486674029878,0.217863338040372,-0.0128447211230422,-0.0319881050065063,0.0370805031687098,0.00274767678867963,-0.167521422735648,-0.225346281147424,-0.206613908749314,-0.551639627396141,-0.159648125674117,-0.559984809799679,-0.157709587621214,-0.0883767975052249,-0.121175108056804,0.276704914654809,-0.395995447556756,0.0548003902980286,-0.287093057114359,0.0779365026855677,-0.53225779342812,-0.0104087825599181,-0.425989459935889,-0.209482472414175,0.0638909229301641,-0.0431202991541873,0.20661650963296,0.572599288147837,0.262882424323259,0.739966391809102,0.144300398040435,-0.206202537215346,0.569966252895197,0.430511503358791,-0.341502232074696,-0.911441634485193,-0.522242395303402,-0.10130804930697,-0.387906230101293,-0.682198553423095,-0.0742704901864387,-0.63674374773048,0.063213098116454,0.338596362551957,-0.172184184804856,-0.229429789245007,-0.00378913235455375,0.259696183355896,0.172580327838527,0.227496327428539,0.217191573539811,0.0764018138948661,1,0.320874887917962,0.110741288553814,-0.214603217964991,0.0197032602653379,-0.494512756051075,-0.335337734885309,-0.390635996435734,0.186245836246494,0.128417600258932,-0.757066843277389,-0.093095430767098,-0.173082843035797,0.0412740056154099,-0.28393555891951,-0.119866384773447,-0.153568864692281,0.164182338229751,-0.136190812045609,-0.137974402461362,-0.331943907608224,-0.0916575200544548,-0.0918216150906234,-0.0140020162255968
0.659365573315969,0.633549411481743,0.541146516170666,-0.241659381801005,0.304778992956744,0.0397759338612314,0.506340706608706,0.759217693222405,0.417818516246663,0.254059922678326,-0.262938655130715,-0.203661086439915,-0.0295516352313427,-0.450471566388831,-0.737615342346708,0.758816791545655,-0.0179350134742067,0.263610246765467,-0.152643539876001,0.501267537808288,-0.162064462139889,-0.145871448425765,0.351365003087724,-0.150778647412246,-0.712372479416165,-0.394788280628203,-0.527136139772253,-0.385485431493051,0.0220061301935132,-0.356718084280721,-0.261052622820527,-0.098368679196822,0.16531781082642,-0.283198424977969,-0.184937943177054,-0.351732150627368,-0.715145835401615,0.0185333054417874,0.257756813358896,0.0274632876737209,0.0957905740297956,-0.429600722412403,-0.334765506642826,0.00432841879707724,-0.866081005679224,-0.141442743965446,0.111097082259334,0.0544919857925203,-0.196622888911198,-0.0802889979414688,0.445893373200634,0.509581201716193,0.0363703176190358,0.499984702628199,-0.0996624349179672,0.145965191614813,0.752862342754603,0.63095017022227,0.205925343130019,-0.261427920278371,-0.55310169627777,0.0339359642983371,-0.335927568059328,-0.450139203883562,-0.237622227128914,-0.731466731741246,0.213260662837932,0.0755430710536747,-0.0290765256933671,-0.255908162324572,-0.0669974539734557,-0.297388384290878,-0.0342316810669629,0.276647232477318,-0.180723714143333,-0.441564059919881,0.320874887917962,1,-0.0499801921408203,-0.0384194016608322,-0.303088680022024,-0.468821505539693,-0.285089498904063,-0.462043133649085,-0.452582509722793,0.314643744685372,-1.11267305263169,-0.194587722003262,-0.470724620284524,0.184960143428942,-0.03847923195901,0.286123358582098,0.0184562776314452,0.0646023562486237,-0.536631102266137,-0.0446052568529897,-0.234630259403271,0.301494562119634,-0.131166985852884,-0.0828912374252879
-0.0268846751480435,-0.619535165615055,-0.374939674196264,0.362622958253571,-0.108105861900453,1.13807358058434,-0.721970465622027,-0.911939867376955,0.0531404444658879,0.65484124451608,0.251762390229771,0.157728697938042,0.543932540293213,0.919604691469059,0.822659624503768,-0.905439049027815,-0.501336338416072,-0.929128521776333,-0.158275794288983,-0.828936351378428,-0.176763100498381,-0.608313968934884,-0.7519231849432,-0.438883636648139,1.11572268125645,0.530773792245631,0.677546591991468,0.323729436557421,0.48526112292858,0.0375304671360963,0.464770828536212,0.7251930892258,-0.43718438062145,-0.498270235114349,-0.0803634572016981,1.02423856146201,0.6388346266849,0.543406853272076,-0.375753619257384,-0.755796053521075,0.101774213421557,0.337151422965292,0.185916625295417,1.02312628319823,0.933607229407772,0.368633798404067,-0.391328644732838,0.40622859183308,1.04978777491095,0.957835636175035,-0.0632749586661651,-0.684086644567454,-0.468935134056029,-0.337583605679002,0.620833285137128,0.686562193370375,-1.17065750742179,-0.594415927496796,0.623085857399762,0.543019537497365,0.82143929753823,0.304006536839148,0.413926561084594,0.333993799993036,-0.275134767764494,0.889218393527342,-0.567199671065518,-0.674496131483186,-0.683628174057715,-0.416269505022171,-0.396683614505467,-0.601148515082994,-0.46391802957078,-1.04453822367255,-0.169072977980373,0.559197367411323,0.110741288553814,-0.0499801921408203,1,0.482369532547254,-0.438937814593915,0.288372586203258,0.0744639130790987,-0.40248490336801,-0.177983571747168,-1.19218855173821,1.01030142141973,0.1971087510411,-0.045086535540425,-0.161513138126141,0.421141386636721,0.456581576732149,-0.407322852486679,-0.0545767549850165,0.191556750830709,1.06335094436126,0.0929378310287937,0.132795752307641,0.73918830237497,0.692287208336094
-0.108664243779092,-0.429148486926776,-0.309788518710677,0.319425699137242,0.204850408976751,0.634770217371288,-0.276448720190089,-0.684188335982505,-0.105210838990138,0.45840942599407,0.14228094243225,0.0937823121054782,0.402802166468808,0.543824666787771,0.51838801616561,-0.945079172550306,-0.448253963859313,-0.923895871450077,0.00860634553750039,-0.873647536232952,-0.102943619536689,-0.589377891161949,-0.766075208758317,-0.373017080584558,0.680220509483404,0.282424280777463,0.611213377656154,0.388978326576183,0.112756281834731,0.0852127531263803,0.45764406966986,0.164221399032607,-0.611064450418411,-0.68337105658444,-0.334495210501432,0.314891402409129,0.445604877345014,0.384670305772044,-0.334669645247022,-0.447874181578182,-0.0756857377019063,0.508496890043313,0.0857777984675758,0.983941844026678,0.936483642643507,0.476649191568308,-0.345653608816708,0.228495879322725,0.696202795240475,0.678466681417686,-0.222126187575102,-0.419167469316791,-0.118249748643347,0.037768426418149,0.646408513642806,-0.00842093845136196,-0.825904323526315,-0.455610269789598,0.523257804259377,0.343316879907309,0.634824225159655,0.178940795819952,0.421830730443722,0.41807132175208,0.102502069782019,0.507245453127961,-0.145488148162069,-0.247543901957725,-0.407525533221374,-0.203790829246354,-0.228399173176117,-0.379000266164191,-0.102849206991434,-0.528664376907694,0.0406365540190642,0.364391000205584,-0.214603217964991,-0.0384194016608322,0.482369532547254,1,-0.400008349330764,0.445517409018297,-0.000184726065318552,-0.352876298781096,-0.0794651871879764,-0.561652031596713,0.749109692780077,0.334513758888128,0.0329272336614266,-0.203576443157853,-0.205073948606047,0.111200806693147,0.00824096757032991,-0.287056526578902,-0.0788470156191681,0.78624610063074,-0.117170805540573,0.0893721821350603,0.396507445013126,0.399428290938423
0.391660645406331,1.1431058783984,0.924210896128771,-0.0848745903214973,0.393294885973233,-0.00923181103490917,1.34970583273045,1.54363981795605,0.578572328496281,-0.534620649403983,-0.211055795413587,-0.497276714757663,-0.0484486461179926,-0.366057749707339,-0.0888293011067035,1.08334120615481,-0.284684940592292,0.567084380111687,-0.139886122500667,0.659820933643842,-0.309435289669039,-0.189777326471344,0.830152111052854,-0.479328394771583,-0.94572514735933,-0.725487770664607,-0.632510474543269,-0.868423587443982,-0.149151727916101,-0.489411634766119,-0.833250609102285,-0.110715905694155,-0.38759596496695,-0.628199696134137,-0.825897339358709,-0.0896220113687519,-0.988917927644553,-0.114197410790246,-0.0744758905815109,0.847215502931065,0.0602860167180306,-0.861648764906205,-0.887104232188678,-0.386855294589615,-0.778669285719422,-0.530694940309991,-0.136501542953835,0.0274298509538065,-0.466908067370687,-0.322249953548413,0.710706687704024,1.16441321687254,0.820655298691041,0.777178608701571,-0.389954940584185,0.465246257977808,1.68512761283603,0.899231263729987,-0.500236637403479,-0.0315721065020669,-0.469356321873971,0.200913832741841,-0.11917842924483,-0.0885045848569473,0.199769617869173,-0.155055726057667,0.475452154595987,0.185835880384276,-0.138680384176361,0.0152832828098967,0.365169855326938,-0.0926211846545417,0.537218847743865,0.756916141732497,-0.195545317077167,-0.781397729231985,0.0197032602653379,-0.303088680022024,-0.438937814593915,-0.400008349330764,1,-0.713997545256978,-0.474055125596801,-0.654992622844946,-0.153121792351701,0.321187828835735,-0.947670039999356,-0.561637477534227,0.0903026943441561,0.180450928312778,-0.597578867186052,-0.0606969281507487,0.0251320750474324,-0.366992678503009,-0.579496545156295,-0.185188217751288,-0.412966073055194,0.478868938602832,0.0509549112204719,-0.129838459184391
-0.0635689725861308,-0.411393242404893,-0.155068842549227,-0.170456419469022,-1.03422350871599,-0.23690362913594,0.0395951671088666,0.127749057916126,-0.0779722562003274,-0.736408914448832,0.281055087016981,-0.873714716225229,0.336359029481242,0.254451743833387,1.31105390971007,-0.140620924958941,-1.0578464285543,0.00595353906997835,-0.669386551271186,0.210662441300068,-0.602698209268968,-0.668401298242318,0.256060305084012,-0.50685335078711,0.0495302279858123,-0.403084964953062,0.648145993706547,-0.000667674380082417,0.396532008689514,0.38258578550384,0.0599883694160161,0.734390463611523,0.299192320202086,0.298465818673054,0.426001264170124,0.582706131082429,0.0986406246557854,0.485753974145594,0.290072492617576,-0.0860209776579582,0.799330801086731,-0.0341903524046254,0.328430384113053,0.0824984495154997,0.545612271944825,0.314702279467445,0.583814106788103,0.365474102231993,0.240961283692839,0.200075203315696,0.635590554544261,-0.0482941855232881,-0.344982742200712,-0.869182445666823,-0.771682842604619,0.629889351401342,0.134251564669104,0.157914103114352,-0.169187859543452,0.572507364393518,0.317127785968839,0.852270523930399,0.745541626102088,0.636686065522312,-0.464454382088489,1.43259976731025,-0.49742253101298,-1.1517475258977,-0.612977680225571,-0.358865501175965,-0.371076023214631,-0.790420511082219,-0.52874178703422,-0.306751882931823,-0.973893167946558,-0.52597232135233,-0.494512756051075,-0.468821505539693,0.288372586203258,0.445517409018297,-0.713997545256978,1,0.336771973856688,0.00930045480187225,-0.192418439177014,-0.280179088763733,0.513613568828514,-0.285426352203409,0.227794384174052,0.0621130206555554,0.397135897977955,0.129193815497036,-0.454077775326595,0.0865841602869949,0.150687686692632,0.42988310659685,0.588432021142373,0.305848708797154,0.383033627066055,0.0918298036820189
0.121005177358051,-0.0909180927136789,0.147974785615003,0.0620589896614217,-0.240502358340456,0.0595837131327969,0.296845375766019,0.298602618872826,0.0557380395322193,-0.0377879228201851,0.355810846557949,-0.272183989416834,0.493178250244345,0.292944174756607,1.22003439998202,-0.458643924111132,-0.880531877945913,-0.0699691691239452,-0.367044965276356,-0.089238283953456,-0.493520182118701,-0.750226439341219,-0.0138649173761857,-0.701948552599677,0.292071688601508,-0.0937927263780692,-0.0534357224491656,-0.308563766835993,0.422767722345591,-0.0544352228052216,-0.379703937092292,0.267876688715335,-0.178642694331013,-0.127988447190713,-0.315428155633918,0.245102001688794,0.56229717464084,0.195715423656521,-0.0641273383188469,0.0733168765756186,0.409800979438944,-0.429045361227694,-0.195471361844332,0.254702323657811,0.0523495304943616,-0.0147294943185254,0.0534218808544917,0.283654670772789,0.481103667439677,0.388454224726138,0.688900211035899,0.245129316451614,0.111178521962358,-0.318207485551483,-0.261951095568517,0.473867773858832,0.526069420734825,0.369819514496542,0.368413566759359,0.704617724831994,0.902654112640386,0.714299641473502,0.959010853461649,0.697087625943932,0.14477210979134,1.11308713431772,-0.0790655196103535,-0.637273114338678,-0.402512314250686,0.0205094991719367,-0.183132724220358,-0.487901608285765,-0.149629714574209,-0.172903133716234,-0.456694264763682,-0.157117254093526,-0.335337734885309,-0.285089498904063,0.0744639130790987,-0.000184726065318552,-0.474055125596801,0.336771973856688,1,-0.0213650436221936,-0.286848796058537,-0.107831789582327,0.608509347505104,-0.148467373905705,0.442387632233176,0.0959219636595105,0.164710158528496,-0.0251660047041121,-0.323494792905841,-0.452267806691219,-0.234412870536443,0.615634975710932,0.194703828514122,0.474146671450771,0.714818257575696,0.365140785897438
-0.114059436426706,0.395942510676815,0.206509710463848,0.250187147825888,-0.367688522629566,-0.0340688806202615,0.749669872959187,0.611774066837874,-0.0860633642829218,-0.368542610168865,0.181204555507866,-0.592118009866845,0.312160960788886,0.533126455495027,0.857155250446295,0.660070316839892,-0.624331873161617,0.189559042870229,-0.0435486560655521,0.29237101179228,-0.324385676405717,-0.440267731812589,0.552084392992166,-0.922533038233071,-0.673081689750889,-0.519874236195919,-0.294934442304732,-0.490964750506059,0.155719543070078,-0.134091181016814,-0.481977357651093,0.46472703254366,0.067296855885052,-0.114594420224599,-0.313668019672192,0.61612700385968,-0.606910070586475,0.170597393283313,-0.22501099206208,0.370467372639537,0.643316230629001,-0.834250112255999,-0.390918589235018,-0.117804504104372,0.0703341065262554,-0.235429245416149,0.252437552074856,0.785666468157517,-0.0796324806995935,0.0136896554831192,0.843953666229853,0.36189899411377,0.667859748690655,-0.164942611244199,-0.674853147158073,0.418490438132494,0.849462102125602,0.161506068603345,-0.289084689826072,0.386902379679008,0.0697378317377383,0.512836007919953,0.327672424202073,0.277493188923333,-0.0914325536242914,0.757623626595049,0.209465687679423,-0.455577113576297,-0.23373423721496,0.122771569382063,0.0346997178187877,-0.663276237689165,0.06014366935438,-0.0678577893586234,-0.594883329045048,-0.758699302176199,-0.390635996435734,-0.462043133649085,-0.40248490336801,-0.352876298781096,-0.654992622844946,0.00930045480187225,-0.0213650436221936,1,-0.567662075467867,0.129432540622022,-0.306415092664844,-0.22006048404072,0.201584344114467,-0.058724243489916,-0.228379972877394,-0.199280984688445,-0.564872207356872,-0.538636887337233,-0.589786250311016,0.26969273844824,-0.0300602637311001,0.85370359117502,0.487789931251883,0.0320421318701144
0.772018177653849,1.09223420708287,0.771558473967875,-0.271134340482126,0.734469163647706,0.193868916334044,0.920877291125258,1.39644483019893,0.824345473189436,0.160951949838504,-0.192331745111593,-0.214351141892821,0.188725774077841,-0.602331032600226,-0.185419049168481,0.492769729411338,-0.562685349035418,0.285496619954508,-0.407592255099027,0.405804190924675,-0.471600202719575,-0.583848128236669,0.269843134522322,-0.618897610467712,-0.359742140039391,-0.44116399482075,-0.635242177895574,-1.27668152672049,0.234690918396075,-0.692508854330336,-0.728685778950501,0.02482623613178,-0.433964900003107,-0.695327710679361,-1.16032324461049,-0.552590743694884,-0.102512640005992,-0.06306446961456,0.0107961889767236,0.345484167078425,-0.217592035149816,-0.882196131002554,-0.997751204804026,-0.0965458350343074,-0.920640665059955,-0.566887497132518,-0.33096241318695,-0.526459313543639,-0.00731632417966716,0.143027741958683,0.92051003772177,1.0794859022915,0.565153762325145,0.830607787121874,0.0897213607287908,0.691842791324863,1.4727782530319,1.30425323733908,0.392054186422858,0.36032031823901,0.183763609912823,0.38535697877265,0.423152064432368,0.211858467431051,0.363705056696325,-0.232184108089255,0.203196741234206,0.100204661079134,0.0675353545568234,0.270548109002006,0.0991107880067434,-0.168479063675083,0.172534496682118,0.548469854785689,-0.138146371406038,-0.363944892268247,0.186245836246494,-0.452582509722793,-0.177983571747168,-0.0794651871879764,-0.153121792351701,-0.192418439177014,-0.286848796058537,-0.567662075467867,1,0.310691989913811,-0.51376318524415,-0.564654809597417,0.36520219620879,0.277091666820928,-0.109178710482847,0.319674163529992,0.0355010258327796,-0.406467912917891,-0.659016937504375,0.210201373708833,-0.424603178163151,0.343566502410301,0.393082015844128,0.393020906873766
-0.55177498681762,0.70945923243578,0.182046892175439,-0.0558112506972402,0.182997996682804,-0.327517025290913,0.830006437512311,0.740573164038371,-0.0215159628389887,-0.327658473875254,0.0249733948474168,0.014185244303325,-0.230470189407322,0.00915274830126073,-0.000513256176528254,1.03246088476785,0.283783493629855,0.669359375624207,0.332801218326384,0.498903045895077,0.324423722256673,0.677663190777497,0.788876476619629,-0.0512785154361708,-0.622027757232268,0.113185239774641,-0.289328259649563,-0.319041019979773,0.272580621253968,0.130926438058579,-0.714820593267698,-0.212644725826827,-0.124564190378866,0.262402196674504,-0.343421746017378,-0.141663739067691,-0.538109368859599,-0.515425158051189,-0.422973493842719,0.775764361246056,-0.224218749107384,-0.700208442364248,-0.483810372374715,-1.04682183180458,0.065008580587919,-0.79950660839448,-0.101904258373726,-0.0576158817304609,-0.771291228531946,-0.807421926089229,0.216901527436015,0.739129014805942,1.30246187798538,0.214642576080317,-0.295512288377186,0.000258166112857838,1.07054116833811,0.230328365936473,-0.630476351465331,0.0761546653383895,-0.120581395864304,-0.0476560549423315,-0.0157220478388059,-0.168766528202578,0.482149093001791,0.0630444773193656,0.403532104151863,0.262842810392234,0.551756822557055,0.92997592640655,0.659208102192016,0.320210418853257,0.619298333289195,0.332879286546645,0.232226221176712,-0.176473307615701,0.128417600258932,0.314643744685372,-1.19218855173821,-0.561652031596713,0.321187828835735,-0.280179088763733,-0.107831789582327,0.129432540622022,0.310691989913811,1,-0.2406215952966,0.0663612725182011,0.518042066112738,-0.351154388256381,-0.884250152020643,-0.720787816257021,-0.317353477164105,-0.653608698340809,-0.301744343528387,-0.811973395740997,-0.500250738555832,0.245255058243279,-0.308858067507477,-0.472975790465828
0.725271961380179,-0.506230619701917,-0.243088966624389,-0.389138217097951,-1.2221058013242,-5.99819621926456e-05,-0.789856097947378,-0.188739234016172,-0.115983852104123,-0.867639503697025,-0.150174120496025,-1.20627532256488,0.420787353537627,0.0699221394565853,1.00848635411745,-0.393550819607473,-1.26122172565531,-0.189943858142273,-0.966240043379179,0.340672642265769,-1.04550032360256,-1.25171042817581,-0.147846200430147,-0.748772223260394,-0.496479686566159,-0.928094828666962,0.875062619874597,-0.310384824529149,0.29142960699621,-0.239930975174843,0.364886862190328,0.871927398377308,0.732877002984585,0.320205644228014,0.607427717146292,0.498803779223763,0.224316964957216,0.861439044523551,0.562910027566598,-0.743271526113187,1.30809163445514,0.246167058374875,0.506346317945498,0.798636570506232,0.578576282609374,0.935119683277482,0.8018414803244,0.580756763136902,0.774597618186954,0.922383167155412,0.750502478770612,-0.520384648934158,-1.1896819456482,-0.880586276916032,-0.758791655430295,0.525396457748354,-0.354339972156067,0.155098461296096,-0.106437760270154,0.114579211215368,-0.0808932644192872,1.05596789696227,0.485735360333911,0.654762742980465,-1.20526233320152,1.08416716892803,-0.768163919499712,-1.3020867314566,-0.741231510279298,-0.769527273316572,-0.94342564993103,-1.49473355806265,-1.0446871442792,-0.500265418811341,-1.47082662995144,-0.992513994981465,-0.757066843277389,-1.11267305263169,1.01030142141973,0.749109692780077,-0.947670039999356,0.513613568828514,0.608509347505104,-0.306415092664844,-0.51376318524415,-0.2406215952966,1,-0.569698336672394,-0.106003510701914,0.485072682584381,1.19448064689189,0.614465462514194,-0.680848870823813,0.486217106168069,-0.233532530834958,1.08380163032537,0.80200462023006,0.558185404870568,0.757844938212355,0.581819097832157
0.0945134148579076,0.158742921217812,0.25373877119685,0.303906730788162,-0.252345445068627,-0.117913014189619,0.155651331462823,0.262935738638422,-0.107539183863219,0.386902322625454,0.20186126794136,-0.0680584232485677,0.374840303021548,0.242733818660465,0.191364737205119,0.185275374369967,-0.320413405587233,0.0883009121317868,-0.12114972420024,0.0996284932929769,-0.052628192609181,-0.231827369767992,0.262626644445889,-0.130636987718878,-0.208571271455786,-0.0993031028209087,-0.343373821480492,-0.150180597721858,0.181093794363395,0.0168697435327448,-0.0349063772549481,0.467609528467927,0.252391717212019,-0.140419265400669,0.225690392468006,0.167526785317918,-0.428578415893446,0.329922678801925,0.360380598646029,0.172883825083336,0.479145256520163,-0.125907238217027,0.321322345328403,0.109519236129197,-0.551166917562124,0.203266305840159,0.325886031238859,0.405864605509985,-0.0256264395971065,0.0649704232557919,0.429931041192321,0.0783066819863815,-0.14760532629139,-0.26875552413609,-0.457569386200395,-0.0275640385890386,0.369829667060074,0.038532599517998,0.340444025577517,0.14996853049516,-0.060272534013135,0.228304642094827,-0.0227564327686232,-0.151435659663616,-0.32132567875565,-3.36751678253061e-06,0.0137003524799436,-0.449016392553926,-0.523074716402252,-0.27202395877378,-0.242370999626258,-0.480991534120905,-0.197902564178043,-0.0362175321527568,-0.422755121309326,-0.146709430245198,-0.093095430767098,-0.194587722003262,0.1971087510411,0.334513758888128,-0.561637477534227,-0.285426352203409,-0.148467373905705,-0.22006048404072,-0.564654809597417,0.0663612725182011,-0.569698336672394,1,-0.588241950380098,0.299302995779105,0.2940751468827,0.225142955565117,-0.0246805013810752,0.352536855150099,0.154606805670464,0.251950906408247,0.398282860574471,0.0748794638532125,0.0793148591736895,-0.0999669245034157
-0.0313965465981162,0.300528240832174,-0.41916820877825,-0.641544969598987,-0.780125912103995,-0.912485473323828,0.459154154825208,0.672982668749381,-0.446929090780507,-1.08896612561172,-0.225763068240105,-0.611124080184921,-0.55057587079467,-0.621854879423895,0.265056122055916,0.368250904773522,-0.290205046691065,0.218952733322913,-0.311801953892344,0.584976229020429,-0.259528176857711,-0.204196749622427,0.259853286029593,-0.0747900239185789,-1.00505744558843,-0.567790189918195,0.359545309160479,-0.557553332998104,0.242565092722236,-0.0347173914126945,-0.408608659380262,-0.19869612964314,0.388722089433059,0.0147427167871797,-0.349303264655545,-0.40339806642282,0.285818041535873,-0.0210750564849603,-0.133104350939515,0.307865995214991,0.297867153530284,-0.52160411834293,-0.230730340114134,-0.220642499307261,0.222036254953522,0.104261873453288,0.235794388924548,-0.226470498759483,-0.188755615213004,-0.141183356379996,0.409632730883085,0.36290455758176,0.403764386174559,-0.134124243900742,-0.886844358200765,-0.236550045604629,0.746561690169679,0.179354083603464,-0.95871323825677,-0.449775114321795,-0.247488300075672,0.679294379224275,0.239212746947465,0.221784830335299,0.140005977823765,0.533475577826512,-0.16907984689277,-0.0991017522793217,0.272009206444996,0.183444200891866,0.258086287604608,-0.00974492392892345,0.0502018146548142,0.13985566962819,-0.301126027990545,-0.777190938100947,-0.173082843035797,-0.470724620284524,-0.045086535540425,0.0329272336614266,0.0903026943441561,0.227794384174052,0.442387632233176,0.201584344114467,0.36520219620879,0.518042066112738,-0.106003510701914,-0.588241950380098,1,0.407222289892115,0.290912483576253,-0.263132944639014,-0.372539233166231,0.0995359813092981,-0.285152049990781,-0.111824021860764,0.283917340712669,0.310710505804321,0.144816899529372,-0.0108462954333411
-0.163367467982444,-0.0143173594640152,-0.192289737827566,0.108278702296776,0.349459715241495,0.229606756769313,0.00451340695023711,-0.0924748331823658,0.038117769547838,0.270357910404895,-0.143245480738106,0.261289022304649,0.112432070567879,0.0759597544068903,0.0890681697350934,-0.102618198677999,0.0461649657359252,-0.0961694659805278,0.0904378997922331,-0.285528397754741,0.171812791855282,0.147518526991416,-0.163961598025081,-0.0431174696870192,0.401152310111506,0.305348852278058,0.190934336666502,-0.0682018864010417,0.247073158412988,0.00705025517842164,0.093357400766917,0.0531694079611979,-0.457805255576197,-0.16833076735809,-0.365645660057319,-0.130243697234704,0.292281756683954,-0.0980352204471079,-0.339339287328236,0.0670737931524623,-0.439304074533766,0.245556774268509,-0.0817487411659321,-0.0522710163899035,0.518999829953226,-0.205116445140984,-0.391859700716435,-0.403316845907528,0.0772101077089892,-0.0430663726266971,-0.103840092753258,-0.0133905616338828,0.487621454579175,0.192301804091196,0.408061503417725,0.0849778635159663,-0.111675967499843,-0.0562869014662369,0.100627664568894,0.0794263351674395,0.291609634013125,-0.149452087306082,0.186958329212267,-0.046595607259764,0.329200460139668,-0.000771730515960604,-0.1187504410808,0.0155108075383781,0.149021925198341,0.4762081353725,0.0860796370459522,0.154584378638563,0.130495723187377,-0.131768371728756,0.254692258169961,0.300990465749317,0.0412740056154099,0.184960143428942,-0.161513138126141,-0.203576443157853,0.180450928312778,0.0621130206555554,0.0959219636595105,-0.058724243489916,0.277091666820928,-0.351154388256381,0.485072682584381,0.299302995779105,0.407222289892115,1,-0.444570444172535,-0.156456213444587,-0.111618636069906,-0.246343217394756,0.0801347576055226,-0.0160735072100754,-0.287777474122711,-0.238067245517888,-0.00244100695926058,0.110670147327837
0.0693995238295039,-0.63541080810312,-0.105556222476925,0.399427908188474,-0.22242598504791,0.667066781145115,-0.427771146783362,-0.35110429025637,0.32355088192325,-0.0633887886006153,0.0641165450957527,-0.324792746658339,0.470210394128574,0.776817017608295,1.29681915025812,-0.810033238658179,-0.985780756334635,-0.630595361948336,-0.422130448428101,-0.560945044065173,-0.514324499374654,-0.847996402183102,-0.451886220001892,-0.635524438432818,0.705564354889082,0.233291033498918,0.914818719170106,0.665467192506404,0.505753827190046,0.391115015750491,0.722485214943269,0.575030804192445,-0.340144142382087,-0.215527104091898,0.291246426827166,0.602940096099696,0.635421756599905,0.418938271997762,-0.435031690775113,-0.46583790695406,0.25486421598243,0.313171608475583,0.368804753021426,0.782576349287561,1.22595444027958,0.423586955378736,-0.0442510911483813,0.455737360228191,0.774062868733004,0.690698890502997,0.292115758915807,-0.277095540079181,-0.137348712055997,-0.259622536572265,0.396825400636915,0.475997969710623,-0.510937770012934,0.00770094894590795,0.307246668640641,0.404735491438699,0.753101718177842,0.390994278781964,0.887787573487061,0.505057270055906,-0.328923371962354,1.19588374305121,-0.706950840306533,-0.99460362579053,-0.6971003963932,-0.276060466224228,-0.564132152193874,-0.832074585689071,-0.436178720725193,-0.809156609148654,-0.546704383128794,0.245480721157141,-0.28393555891951,-0.03847923195901,0.421141386636721,-0.205073948606047,-0.597578867186052,0.397135897977955,0.164710158528496,-0.228379972877394,-0.109178710482847,-0.884250152020643,1.19448064689189,0.2940751468827,0.290912483576253,-0.444570444172535,1,-0.229216946673552,-0.606463108506248,-0.19912116701919,0.124610362607091,0.825890060156716,0.0623669811314489,0.263342003847712,0.568996206521865,0.409982683289555
-0.159819848888387,-0.906902417984708,-0.36152422918934,0.0908818330808789,-0.276239910365774,0.249964943442134,-0.903567741093464,-1.03370812927808,-0.252745644649468,-0.0927832689432259,-0.156361394708953,0.0179359428769855,0.00811543298377448,0.166190949095478,0.170579264953475,-0.844704296631376,-0.0103693874806953,-0.410634912735171,-0.172372238896682,-0.178806503754552,0.0609912194924721,0.0710037271196923,-0.471243200021091,0.685898263248602,0.492856591626873,0.348319374239409,1.10247460828545,1.21794428549665,0.149545454113263,0.398535440053765,0.873029547636704,-0.135402223207443,0.0935726041361011,0.258499953881571,0.996461388243573,0.147423896973626,0.402027220279635,0.253173319470233,0.117546405411006,-0.321400441892482,0.265505828679968,1.0714073925334,1.03912179716222,0.612200236239554,1.03474355843406,0.854248106695459,0.249063474110592,0.374045547669046,0.336292450294042,0.372417666280498,-0.741256950393188,-0.760548569600703,-0.757187610279076,-0.553147463794772,0.333044258502126,-0.457477365588628,-1.20275834036104,-0.709436611888238,0.00985104020163047,-0.381881459799979,0.0132636902782413,-0.236328268884552,-0.0328851810480443,-0.0774299238550908,-0.506772252236937,0.249050219101398,-0.394501307683649,-0.500357397748395,-0.498085326856195,-0.375773022885555,-0.360059099272533,-0.345402228553733,-0.285564105405157,-0.486549903790177,-0.135280180138469,0.3544440441331,-0.119866384773447,0.286123358582098,0.456581576732149,0.111200806693147,-0.0606969281507487,0.129193815497036,-0.0251660047041121,-0.199280984688445,0.319674163529992,-0.720787816257021,0.614465462514194,0.225142955565117,-0.263132944639014,-0.156456213444587,-0.229216946673552,1,0.0192055360152391,0.129555599690535,0.586954120508902,0.187365774087332,0.253121074745813,-0.35171461990093,-0.352542462873662,-0.285347052306372
-0.0906031566982555,0.160749119679383,-0.292473895348513,-0.165129687787738,0.309141251473592,-0.0433289287564776,-0.132665575935719,-0.258285995406996,-0.37316399628402,-0.65364959947838,-0.634366910554466,-0.353007585136367,-0.342310770532134,-0.205032280500532,-0.539028730612918,0.514685202984437,0.41320608151607,-0.0125895636196712,0.11128338964764,0.4113148698739,0.222261643619286,0.749966228242077,0.0891981169176414,0.632510035681539,-0.730259021013449,-0.180548883854236,0.488466137997502,0.52211894889135,-0.204383978692954,0.180416982637995,0.388980134325602,0.131830192537208,0.287988020283568,0.256023061248099,0.443067646935841,-0.292161959660859,-0.671416520345607,0.408386878341228,0.473738687111785,0.333433893201845,0.413721015591751,0.98565005634283,0.612173581471306,0.0802536562033448,0.503556476546996,0.514880678942881,0.437697048133826,0.39170769130324,-0.251651983997291,-0.0937198317479339,-0.708584649591963,-0.204400107406615,0.383165043831854,0.00539048506475753,-0.122510711387414,-0.461701088184516,-0.191485921044355,-0.499571966893363,-1.06615216225954,-0.801464716382678,-0.94759263491624,-0.455150064882945,-0.573485565288213,-0.476869304643904,-0.276699454191872,-0.338850916424567,0.164880790582191,0.0365775941417877,-0.14723615360733,-0.0226343213037047,0.122942958526655,-0.265238433768973,-0.0483138029519928,0.0950473004564475,-0.211732326755577,-0.487290126512393,-0.153568864692281,0.0184562776314452,-0.407322852486679,0.00824096757032991,0.0251320750474324,-0.454077775326595,-0.323494792905841,-0.564872207356872,0.0355010258327796,-0.317353477164105,-0.680848870823813,-0.0246805013810752,-0.372539233166231,-0.111618636069906,-0.606463108506248,0.0192055360152391,1,0.0468480153435355,0.290036770121157,-0.276420630063859,-0.0353119258189773,-0.353501549189009,-0.744200697618368,-0.65747972856427
0.166780464044491,-0.0938012167633864,-0.0580470712061348,0.543383657700606,0.571464069077108,0.825884388690463,0.00092917125010733,-0.320868269621225,0.152037116672227,0.602661468624866,-0.14710550047233,0.149942954977972,0.30589549303885,0.707833741538606,0.376164795038521,-0.307125619349588,-0.261131282010057,-0.418628974261615,0.114536243959003,-0.518455059126261,-0.112665792100076,-0.450012040139711,-0.33752232594254,-0.613049270777812,0.604624518223376,0.43330460571442,-0.0429199320127311,0.170290378025097,0.063197987152806,-0.157478181231529,-0.0951956641315641,0.259780372539636,-0.476469933308215,-0.374425211143749,-0.443826157365069,0.627582247232545,0.0884035216066519,0.208104867346578,-0.219129298120306,-0.0726160164586994,0.129236412690305,-0.137832153753578,-0.235704849940465,0.638044233975536,0.29218224008194,-0.098315283289815,-0.408567210978041,0.486579670967026,0.707937519685201,0.739515248746833,0.0585872426429744,-0.269839522612615,0.208686152672064,0.314810751159054,0.529237145725936,0.408167303660949,-0.320026495254711,-0.223600292760041,0.5183897327797,0.44996517384636,0.604082899599971,-0.159950340039319,0.284083475809593,0.134762947869891,0.218617985855624,0.249432627634619,0.150933769668342,-0.201336001226796,-0.405681723643703,-0.0233071047097695,-0.125879001364907,-0.304610282831793,-0.00844218467078695,-0.371775168827533,0.0219758817612041,0.329764807157574,0.164182338229751,0.0646023562486237,-0.0545767549850165,-0.287056526578902,-0.366992678503009,0.0865841602869949,-0.452267806691219,-0.538636887337233,-0.406467912917891,-0.653608698340809,0.486217106168069,0.352536855150099,0.0995359813092981,-0.246343217394756,-0.19912116701919,0.129555599690535,0.0468480153435355,1,-0.171203710155056,0.643406571458031,-0.421098247480222,0.24550641673746,0.506857619639574,0.576827542347539
0.389262119293056,0.0555723250299622,-0.400825724558239,0.404914765817216,0.5062561239429,0.456082373912105,-0.0724366681006006,-0.45476470452123,-0.439764176267869,0.489005425504665,0.0565786144487807,-0.0551557965437366,0.361391463943527,0.572262739791569,-0.0748832961903046,-0.323675003227638,-0.226686412471552,-0.695386552191756,0.309923759108908,-0.603565208506183,-0.0257783075662482,-0.51983322198288,-0.633075396928994,-0.540607931723677,0.201820789251732,-0.179220479918003,-0.135503984006099,-0.188878664329975,-0.317804937309532,-0.437921451552368,0.263532349505503,0.465060521054163,-0.364041307843465,-0.671540311953086,-0.585140974098936,0.395855167601587,-0.14097050278753,0.55490789237212,0.110227985075732,-0.283486381369683,0.21760442430631,0.41667730494351,-0.0487088627458132,0.833928314908215,0.21979750964654,0.381120304823744,-0.204089456024785,0.408777890396165,0.640458104934484,0.754040023487411,-0.129283091157721,-0.550655989343168,0.0231651193589505,0.29113987731419,0.255864511854965,-0.08471259529378,-0.426902751509237,-0.564977415222877,0.431853200183983,0.38475337195066,0.186884637065187,-0.0519328932595355,-0.0458367023111384,0.138627159157255,0.235010648635107,-0.234463614430382,0.366152816359013,-0.0426624492703218,-0.446575248345633,-0.172533691986037,-0.0670059885241657,-0.542411405576143,-0.162333435831178,-0.0966604012883805,-0.161554928640872,-0.162467981650239,-0.136190812045609,-0.536631102266137,0.191556750830709,-0.0788470156191681,-0.579496545156295,0.150687686692632,-0.234412870536443,-0.589786250311016,-0.659016937504375,-0.301744343528387,-0.233532530834958,0.154606805670464,-0.285152049990781,0.0801347576055226,0.124610362607091,0.586954120508902,0.290036770121157,-0.171203710155056,1,0.826529001848087,-0.14064663666497,0.0890336065423952,0.348805147759675,0.395732569959792
-0.0125591974751358,-1.44471115307459,-0.546572068085167,0.0305783305714679,-0.903855048098173,0.231244803808767,-1.36948311986674,-1.11775951723848,-0.0546177140382926,0.0889574705853674,0.156283003901948,-0.0709989500789133,0.355562008582319,0.321451537341184,0.668364315376838,-1.21085908667919,-0.535973585118672,-0.45284363106878,-0.477515901125486,-0.467473933275945,-0.233761583182714,-0.587347217982039,-0.627621856826747,0.149299654328346,1.25210262722222,0.234828495379201,1.0723954728303,0.73653995286665,0.36420905525067,0.478643719694832,0.986460146858432,0.524277531525513,0.213289753839894,0.404449611510092,1.02497235286047,0.56580249767957,0.889101378736936,0.386093328382968,0.147878070569284,-1.07363465869122,0.240185415430941,0.874888589430306,0.947884925618871,0.606845858381002,0.922910012857617,0.750083215336083,0.257648627151929,-0.0471206377740401,0.682875713885793,0.536271732198591,-0.245749789609239,-1.03950705769388,-1.38297461566661,-1.12831725410273,0.178614191049214,0.24598979203155,-1.50571408683607,-0.4469492511224,0.601861727264177,0.382080408938955,0.51196758246855,0.130843716959141,0.386969100534966,0.400124510963398,-0.67357551720526,0.644333489997619,-0.99878084627873,-0.967050672026631,-0.575846350294045,-0.526559801005336,-0.710912276590372,-0.60276528918827,-0.853542231747338,-0.833249051491517,-0.458270690423021,0.522959737101895,-0.137974402461362,-0.0446052568529897,1.06335094436126,0.78624610063074,-0.185188217751288,0.42988310659685,0.615634975710932,0.26969273844824,0.210201373708833,-0.811973395740997,1.08380163032537,0.251950906408247,-0.111824021860764,-0.0160735072100754,0.825890060156716,0.187365774087332,-0.276420630063859,0.643406571458031,0.826529001848087,1,0.767970983221887,-0.404207094611998,0.225011196793549,0.275078185907541
0.0372499195584218,-0.457030320628285,-0.409524278552882,0.486865527838008,0.0573881759865708,0.45349077055414,-0.35525168704129,-0.659978990453892,-0.283398123560775,0.52648886543627,0.326098453980556,0.0313092543584101,0.800316334074283,0.878276550211825,0.785524410978404,-0.663930547011774,-0.508905162650887,-0.549032571366465,0.0697642674016703,-0.778410381873363,-0.158536505894154,-0.590289504380606,-0.536613903093567,-0.781716992346265,0.846448664969084,0.183281454275226,0.0986298523798392,-0.0506088960012753,0.121757664506536,-0.0850400363931185,0.237942180504469,0.589278882273364,-0.318047605867084,-0.0754274278305456,-0.254944146928723,0.543641055953098,0.46379631012499,0.292351653176751,-0.215993928096595,-0.546699945768651,0.0968988956845488,0.140552593574767,0.0669344832928341,0.487541462404995,0.706690671207183,0.0415022293449342,-0.180304620184667,0.159450573654712,0.642852912914635,0.585876594496712,0.00535788852121571,-0.554082871179573,-0.0841588158949017,-0.23539209463964,0.344291909975611,0.348956990033174,-0.6110799890928,-0.316083982568501,0.77504569266012,0.929544081579481,0.892601101719078,0.147219260286503,0.61110920052148,0.608396380671691,0.195048566828017,0.565868959253013,-0.109542146214739,-0.403263410841663,-0.183839829553329,0.227262104636376,-0.23556205470958,-0.493024618827737,-0.250095301408696,-0.436234784325967,-0.245337888968244,0.171255140560281,-0.331943907608224,-0.234630259403271,0.0929378310287937,-0.117170805540573,-0.412966073055194,0.588432021142373,0.194703828514122,-0.0300602637311001,-0.424603178163151,-0.500250738555832,0.80200462023006,0.398282860574471,0.283917340712669,-0.287777474122711,0.0623669811314489,0.253121074745813,-0.0353119258189773,-0.421098247480222,-0.14064663666497,0.767970983221887,1,0.142612306511827,0.599494042404449,0.50728899449284
-0.318127342670994,-0.15890534985594,0.114725923886301,-0.0891762690873186,-0.331288517233249,-0.257762500305826,-0.416346405337241,0.164252741720206,0.398702385857279,-0.115757863615811,0.448902219300666,0.131337858109053,0.0139892742778421,0.0254553093044795,0.371958565280383,-0.325250216955785,-0.127541904442812,0.101482259875509,-0.244293524084031,-0.251589812387116,-0.130846767227177,-0.0127448561388846,-0.0581203981502083,-0.11151615283599,0.331704121817368,0.18018361206261,-0.132722733408873,-0.0783972142586259,0.288366872962885,0.326654191510058,0.0627864878952364,0.0594837943548004,0.234290811255122,0.48112814602936,0.283521124054084,-0.192081524093552,0.493153396184713,-0.320957892224608,-0.339383791401734,-0.474566223566302,-0.422764630785489,-0.318467633572026,-0.00933998712662371,-0.53608020332315,-0.0711809414278161,-0.365616559781742,-0.0448665760205222,-0.62090458494528,-0.242339916027389,-0.441880095936547,0.168291214746171,0.335281183595972,-0.0208152880856071,-0.137947340917357,0.194349328926803,0.232573205831716,0.0926790870055862,0.603351234164767,0.235549940932221,0.36284854941783,0.496272235827072,0.259658904810489,0.585838419011597,0.35893801766742,-0.0267959942292768,0.445279105432836,-0.687403622878447,-0.111839501052373,0.597973856502416,0.288581332670459,-0.115705120790266,0.264814664228535,-0.203413906860161,-0.310590938790563,0.180304653537427,0.477620574726595,-0.0916575200544548,0.301494562119634,0.132795752307641,0.0893721821350603,0.478868938602832,0.305848708797154,0.474146671450771,0.85370359117502,0.343566502410301,0.245255058243279,0.558185404870568,0.0748794638532125,0.310710505804321,-0.238067245517888,0.263342003847712,-0.35171461990093,-0.353501549189009,0.24550641673746,0.0890336065423952,-0.404207094611998,0.142612306511827,1,0.00200491916136436,0.00545597528665004
-0.37672658457265,-0.800482366313885,-0.430899562251355,-0.0378632563445618,-0.988520480462234,0.0153997365201672,-0.76693859973841,-0.601298692587138,-0.20126814438999,-0.332704104509651,0.100361553906628,-0.107948406257058,-0.157548854122896,0.257848077160625,0.5063350119964,-0.505507862117717,-0.228117140058903,-0.162403566722667,-0.148513912679311,-0.211332895923263,-0.113910714695634,-0.333178545646186,-0.281979650120457,-0.0427943414249408,0.368417958200808,0.0443376142164899,0.757414883635838,0.318317679308185,0.465917970769829,0.215735861193864,0.279259750178408,0.2346642295111,0.250801640166306,0.344654910270399,0.542193572739467,0.553584050198222,0.746221325496431,0.072389941964877,-0.276182260990325,-0.604160794194753,0.195490608736236,0.225784446522063,0.437028812075659,0.188333035067924,0.796034426700825,0.370926695745867,0.157751696340449,0.0336008531150709,0.471722865177654,0.221493035570971,0.0918669397947144,-0.514735592713248,-0.618738003735254,-0.677791048126169,-0.0985573630247363,0.269785988786501,-0.788027509415099,-0.334683218964295,-0.180528848466525,0.0426246900685471,0.306972821663842,0.251232853272463,0.139775289639389,-0.0283915095562643,-0.481130841808233,0.53987386492422,-0.841733069960281,-0.704543938447104,-0.135502107824383,-0.251719509458909,-0.402113655088101,-0.331393494030698,-0.545779050547072,-0.869769457685874,-0.27567758808695,0.148093961489216,-0.0918216150906234,-0.131166985852884,0.73918830237497,0.396507445013126,0.0509549112204719,0.383033627066055,0.714818257575696,0.487789931251883,0.393082015844128,-0.308858067507477,0.757844938212355,0.0793148591736895,0.144816899529372,-0.00244100695926058,0.568996206521865,-0.352542462873662,-0.744200697618368,0.506857619639574,0.348805147759675,0.225011196793549,0.599494042404449,0.00200491916136436,1,0.211328209796739
0.0597227823999864,-0.802994332226022,-0.493304203496311,-0.431619336887984,-0.939051423925036,-0.102529332072876,-0.582286289800672,-0.455619286525607,-0.132976771958476,-0.818100816417222,-0.331000864972644,-0.438835284122945,-0.457722349225806,-0.260236070919891,0.419193487230159,-0.42792927448936,-0.322802678782997,-0.128034087910113,-0.505830656459983,0.245227422607656,-0.222958320512865,-0.305208135341922,-0.137183429266575,0.30155708458579,0.0765207972053151,-0.0334525071433763,1.18142948044773,0.634718979746606,0.476742970568357,0.443129475209829,0.38319975848627,0.0445831387374229,0.372958222844904,0.236466971358415,0.774556349695567,0.276963991414991,0.648416020968913,0.255164174051815,0.00798846470988973,-0.363620716238206,0.515146477910246,0.521296936125596,0.62685948471734,0.425921821639668,0.839492704949937,0.741100086779052,0.351594889859996,0.261945676053097,0.46162714690552,0.339806822988789,0.121576683276373,-0.450745920570896,-0.764702036842319,-0.795157647216554,-0.286020986722979,0.0446514478180819,-0.656297167138833,-0.240988747770288,-0.556636455633895,-0.491901221595393,-0.120425627180497,0.109213427929834,0.143152608071773,-0.0180742842657802,-0.568818110648419,0.653317460744072,-0.678140781575308,-0.789776065203999,-0.469073886279572,-0.461257159402506,-0.413415375414166,-0.44964231954755,-0.474024155517329,-0.680449937704917,-0.416093712935183,-0.0441648019239789,-0.0140020162255968,-0.0828912374252879,0.692287208336094,0.399428290938423,-0.129838459184391,0.0918298036820189,0.365140785897438,0.0320421318701144,0.393020906873766,-0.472975790465828,0.581819097832157,-0.0999669245034157,-0.0108462954333411,0.110670147327837,0.409982683289555,-0.285347052306372,-0.65747972856427,0.576827542347539,0.395732569959792,0.275078185907541,0.50728899449284,0.00545597528665004,0.211328209796739,1
