1,0.121951804383743,0.671581079260332,-0.195196922026882,-0.169940607919286,0.327334663003194,0.613359970933812,0.17507652823239,0.240535465841658,0.329346466909199,-0.59850029076599,-0.211912415813647,-0.994996708865374,0.130316856164523,-0.422321036727264,-0.225813248709969,-0.185544998929016,-0.125913793751829,0.168731957071269,0.233836833721198,0.333598393503604,-0.0384990702453681,0.0300391495998081,0.152164447700116,0.77369394778831,0.830978085893297,0.115891904973829,0.202565071316764,0.424129481907837,0.562490171094717,0.811160868794089,-0.358189204474333,0.276416741836549,-0.120357129941598,-0.298015109826519,0.460102571860453,0.215566487362671,0.534651045138316,0.349545206966782,0.875752724607239,0.261916414120866,0.499601568290534,0.714524326750034,0.365767962636931,0.0473564230711637,0.220508131749282,-0.422371245301001,0.0227672757447206,0.28725292072052,0.398650118633025,-0.276204308101871,-0.0747545881162495,-0.382390711149322,-0.232183015516665,0.368258205621717,0.119077763889137,-0.132073913792222,-0.302113492591979,-0.643702515106378,-0.393691160858615,-0.517732544566854,-0.977450734621792,-0.676304740876607,-0.247410125442617,-0.140760363930743,-0.32513911274652,-0.181758113730232,-0.424071753215726,-0.430830705690761,-0.467570761352389,0.028896565804579,-0.185714231221663,-0.341580633128665,-0.0346825941545956,0.133474522878544,0.420969439267207,-0.0870505683081435,0.290272448179053,0.48868877461213,-0.544441688063195,-0.0835961359843794,-0.703938720361955,-0.271932348095313,-0.368168404297936,-0.0405564714444347,-0.36949283927555,-0.135881870696946,-0.327974227633371,0.288659174987924,-0.123649042909988,-0.427485012939158,-0.785548222858761,-0.469646111798494,-0.0225211929551455,0.154642579880905,0.158210657666497,-0.0369540577044072,-0.330146951328734,0.0921597691214201,0.261212306243615
0.121951804383743,1,0.113247831550449,0.19819535670848,0.332172383533598,0.0830834874747076,0.26429566090493,0.123257113830885,0.0221283222588653,-0.128049427731362,-0.601873314370226,-0.199629269164494,-0.567715372380225,-0.16385633263815,-0.573086416628414,0.480963393555599,0.281307854527905,0.922510182792078,0.316137825420962,0.661824421787176,0.303417888988844,0.303197606675727,0.596110821431265,-0.328431881208588,0.270479047397731,0.211033797165019,0.648382243949552,-0.137478145237527,0.254852240030124,0.17448662470287,0.421044290374691,-0.265915123657284,0.535420860360197,0.569235615931345,0.286427373488523,0.0253300455125468,0.345978186331081,0.0691876318691138,-0.239018723396998,-0.000918408897058909,-0.164036806464865,0.317595192346419,0.0564671956155976,0.133280172695669,0.410283027934883,-0.55556058935017,-0.162268123738138,0.171535236305811,0.0426197113152501,0.0531209019108395,0.143910170166031,-0.186371058634767,0.0186729176109353,0.257439004397275,0.298895640819901,0.212480174497995,0.0887516555288739,-0.0493420252599847,-0.390206059532005,-0.179836909904451,-0.3288627531199,-0.470435719889077,-0.527587055986842,-0.0689251834366135,0.083286301812172,-0.552728860448922,-0.160186148020663,0.0744766804986094,0.27035679546126,0.608320313407328,0.161240099263711,-0.253804294215184,0.146149584304944,-0.299745020945359,-0.059648965298208,-0.300716833550769,-0.274465404775759,-0.2499844257865,0.245043276742551,-0.461381126904106,-0.299982429807562,0.0818187283469332,0.150491580093437,0.0099546235826814,0.337994755960723,-0.00829011907530453,0.0401889778255033,0.0339745376850057,0.634852704691583,-0.757780012579687,-0.46690451117082,-0.543039785179466,-0.247936428098217,-0.479235337894458,-0.925023272209797,-0.0259624182274999,-0.502625663729931,0.488642330402309,-0.00657270346076302,0.254355581406864
0.671581079260332,0.113247831550449,1,-0.0663147296832361,0.00556811272777152,0.558975485143729,0.499339054929217,-0.00694140158091183,0.0811973368272123,0.259413217078163,-0.537892230622508,-0.628415652910521,-0.713211950162613,0.124292902925223,-0.804959435177039,0.00678538757209197,-0.0824419541817568,0.1593226510617,0.408194635472863,0.54542231671422,0.274289929393558,-0.186408756453574,0.189631246397525,-0.411899271618899,0.395440892698858,0.233394395142428,0.389186280487701,0.0236769425815518,0.433713410670026,0.121389258346142,0.51507180714696,-0.259605022666355,0.468122886133738,-0.175582557867538,-0.33976056590514,0.561607127827406,0.31980534629016,0.666927003558405,0.1434018373467,0.217918202372297,0.412016241406836,0.380402106633756,0.27867079078988,0.779743885172007,0.281026272262057,0.133197378624715,-0.317968550641978,0.434587093615121,0.69380403057632,0.75460964177215,0.202802953360471,-0.302575810791287,-0.307450238621482,-0.160632669364994,0.453822903378982,0.379114101855669,-0.193861240963456,-0.406753163560465,-0.460881952150576,-0.18243904031443,-0.542393175577524,-0.724949808769794,-0.471137704950727,0.286852092904395,0.167336133828197,-0.420272000834328,-0.135095468447095,-0.202747873982701,-0.286906614142764,0.0029204808216671,0.167110076460309,-0.68269615476663,-0.00949393756898539,-0.31252618638069,-0.254385168839047,-0.197331072538073,-0.112465571479891,-0.399460876265866,0.30977894573374,-0.652278600122966,-0.386948356855092,-0.430349610096591,-0.191367387885754,-0.623214268120259,-0.149389969719452,-0.392338476690753,-0.326716968815681,-0.359814949950364,0.512490266440724,-0.440535581534311,-0.331379375851285,-0.42566743375981,-0.671786757810208,-0.345657077089001,-0.810430071032669,0.551373893803207,-0.367181930134067,0.533721625583509,0.363652861287889,0.672575888860625
-0.195196922026882,0.19819535670848,-0.0663147296832361,1,0.330690912851255,-0.202702686542032,-0.0943775521633344,0.184524137758219,-0.0634433458819416,-0.349106581230636,-0.336396886103296,0.0243959580111715,-0.264030947595785,-0.432330721977127,-0.602196210249696,0.508306185625244,0.300232662570416,0.920906559448867,0.0352579050846274,0.470175339254951,-0.0526411096331437,0.159947401528752,0.179459482557168,-0.325924718496474,0.0738997755855536,-0.354812274409489,0.274836491719571,-0.365087496803023,0.332245398946393,-0.466858199276815,0.0213469173421964,0.0679669371882806,0.52723127807597,0.563778112608188,0.0855341518737268,-0.14919061207935,0.501457519943945,-0.284203305452964,-0.276235269895249,-0.149355460891869,-0.615870818029068,0.0623800251070113,-0.192894262407713,-0.508818117775807,0.286455871027615,-0.710527541858501,-0.0975044874826453,-0.279289676629971,-0.52689467640433,-0.332282488790062,0.182289033044169,-0.000370944028146636,0.0527941919172634,0.322303908341524,0.116700758312208,-0.276851168847664,0.0130064511037175,0.01112001788699,-0.036944538522024,0.256543700436035,0.0166470823435762,-0.0130041776520857,-0.19168928994585,-0.0101683915938932,0.147623140787854,-0.434884377572438,0.0758392168929521,0.275926645808259,0.503577949402565,0.686968575252962,0.510106550128284,0.0611470747800853,0.11255669346692,0.195868244991724,0.0395272363678247,-0.336013921284028,0.332305614363742,-0.209048115106114,-0.0782098871405354,0.205703698535287,0.103435658852737,0.476272369383294,0.60320834595234,0.443957507275083,0.560856966778613,0.374578549884809,0.264576015150077,0.226162142843632,0.451514416632559,-0.0731805707753135,0.228961830131971,0.250381032839923,0.464701892348284,-0.157729917463778,-0.421160075583427,-0.422263971680336,-0.10225699481651,0.37540800037107,-0.331811773244169,-0.049276288157549
-0.169940607919286,0.332172383533598,0.00556811272777152,0.330690912851255,1,-0.404241350634873,0.34867799542117,0.4247716293279,-0.139359610397462,-0.515337220416776,-0.568924929603781,-0.393568380618966,-0.499109525762664,-0.388184024236816,-0.714754420092878,0.795208656981911,0.128905640925034,0.798383216647414,0.0142914760855799,0.656506661879563,0.0169693999839469,0.112502416975105,0.405984703129275,-0.124241247497483,-0.197372090645307,-0.321939238403372,0.680057433561924,-0.325102114668343,0.0415871750774129,0.0316876235856867,0.439975988966354,-0.0190141179499899,0.635873224482544,0.632803109973619,0.392157146400379,-0.081457573604463,0.0518707729084589,0.091664703485916,0.02402042995405,0.0393961881521794,-0.0710773908654956,0.260796163755181,0.297125644826105,-0.200106621453623,0.453185241176631,-0.344046919556612,0.189042934608606,0.0512431491061377,-0.375489542798778,-0.161939236497106,0.0245695656040773,-0.0850043212644371,0.0946336026097841,0.300063297290217,-0.283291702614686,-0.259556637662475,0.139625536988266,-0.11543590302879,-0.485829515737254,-0.102752929377237,-0.478928449312868,-0.272245093593681,-0.668045671157816,-0.234705051634226,-0.190705036248329,-0.613193515389809,-0.22787831993319,-0.114813580093713,0.0296067427066957,0.224194938990879,0.0615848958006367,-0.363468840869821,-0.182231493675653,0.0101451273989527,-0.333139224268576,-0.670518631141968,-0.163551207012682,-0.42501272765695,0.315539964919023,0.0198352572625919,-0.365138407134149,0.0846703191631531,0.50410813969378,0.0426089607321464,0.337469211781929,0.167843445151376,-0.142504203276178,-0.104445412019278,0.196982970462207,-0.153063298819111,-0.087174357210056,-0.142417015944458,0.250386500493024,-0.0653883686167451,-0.423494165468046,-0.236412861885152,-0.052731914282672,0.0789782406614366,-0.333026728407485,-0.141072151253431
0.327334663003194,0.0830834874747076,0.558975485143729,-0.202702686542032,-0.404241350634873,1,0.60831280570409,0.238018033561318,0.0343380621010529,0.0494268664240215,-0.809612393349891,-0.79758775121635,-1.18435559735097,-0.19143223133896,-0.737650347897551,-0.00637305770550012,-0.226942813644794,0.285675264360504,0.0472400396580521,0.399421829373495,0.0102275935692287,-0.241657102307721,-0.0272390222826934,-0.0397907203817259,0.387498693756098,0.147937102232933,0.201714582829817,-0.0594894263847616,0.185488521008429,0.22056235767093,0.820898959965382,-0.417045477438186,0.855381377504345,0.160615995300967,0.00508919749628955,0.198715895156982,0.0977415649788765,0.691711932631875,0.598431305359835,0.673251921746834,0.53136948191463,0.773150224809422,0.703823231314048,0.518727672756044,0.144880717183347,0.350701847183248,-0.125594033375135,0.150098748201407,0.275780193201362,0.39835346683272,0.0310636034497902,-0.203442252617708,-0.516560591369852,-0.360838189726828,0.158559158845208,-0.00568346797002073,0.011441957438393,-0.288801208813215,-0.823176808729516,-0.622788624594264,-0.958287383751812,-1.07815017348356,-0.996181691532124,-0.198215506731132,-0.224907893018351,-0.614660752150311,-0.138138405650522,-0.544474089163337,-0.236328287856002,-0.30691047479705,-0.178487588340966,-0.438806476144312,-0.451629004937666,0.162445680347116,-0.225923932276212,-0.164304970600086,-0.242126177319296,-0.412079130871476,0.990530195322509,-0.275999245187458,-0.171653734467235,-0.400118965152019,0.146384826380433,-0.169310698686396,-0.0401525474889045,0.138557429337193,-0.313595634730252,-0.36298298515622,0.471890259197567,0.163761471537011,-0.084358711432825,-0.482785236169207,-0.463851849064627,0.131925992364765,-0.147986851898376,0.29373261854697,0.220830980620459,0.255341577308292,0.160589414629038,0.416117543543338
0.613359970933812,0.26429566090493,0.499339054929217,-0.0943775521633344,0.34867799542117,0.60831280570409,1,-0.0365845658277361,0.169117758815088,0.302002283220454,-0.624685735334147,0.007489814226803,-0.325361261757031,0.330364866528084,-0.599402061628253,-0.138664461113077,0.0193951231037964,0.447440145237618,0.610455833208219,0.324199212493715,0.3572794710411,0.0625940705611328,0.394620874268782,-0.469053902142041,0.551949006861625,0.464797425581837,0.212333723919963,-0.0495643540530509,0.406367755967104,-0.0342429819801066,0.581105675042972,-0.0493617367819041,0.48043680683109,0.230783887286104,-0.153044336019872,0.326937250480282,0.571790614765048,0.673808695049682,-0.0866998551008726,0.454248757487432,0.100778727184549,0.672286060452527,0.452215797814874,0.61429605584951,0.19329606037281,-0.111330815316249,-0.616116496627822,0.168764980202913,0.681854910488745,0.672779732013574,0.123375339550679,-0.0441337171374154,-0.102600118395574,-0.108329478215959,0.662621546132922,0.228824257784197,-0.0888239482574888,-0.0572693718833872,-0.427075247122773,-0.0350409113439766,-0.226949126008216,-0.310846935847963,-0.0868286754046271,0.538271658674168,0.199511760293871,-0.395546615664909,-0.187048114138391,0.464182586580099,0.0571615735701995,0.400362219017186,0.342389457941414,-0.288182306915585,0.407723652922273,0.0104713356267487,0.00541735832699086,0.0591918198823156,-0.424024810210466,0.169038078132831,0.298060999926235,-0.500304415717039,-0.122837632524557,-0.258307774109493,-0.306096168097296,-0.379928518309508,-0.128429556998219,-0.505912358043795,-0.362699496988222,-0.261644404191669,0.463117181737019,-0.632689073979631,-0.537469185342056,-0.590210480140992,-0.635406219544458,-0.449802280341904,-0.584404420850195,0.268994492223993,-0.541468176729153,0.19749274288577,0.328006270199533,0.659273978354058
0.17507652823239,0.123257113830885,-0.00694140158091183,0.184524137758219,0.4247716293279,0.238018033561318,-0.0365845658277361,1,0.0233165198497706,-0.252811601466933,-0.514474782622027,-0.112220579979253,-0.440475465716904,-0.0101559013992951,-0.843187001278579,0.248595540794008,0.299763139937924,0.567638522146035,0.504970977465195,0.457955033311687,0.279187054768265,0.0668297226632542,0.332400004280935,-0.612434615308669,0.122747552753898,0.104583695205152,0.635852369294754,0.0149026862118873,0.122592047763093,0.0487918378747799,0.194101472705035,-0.207474420461788,0.442243930706841,0.330606976019981,-0.0109387734372495,0.248120052825427,0.617635446572015,-0.0209368984456048,-0.336939211484968,-0.303353603196108,-0.191920107012216,0.138619902167835,-0.0728567322579222,0.284270390754352,0.53184053159465,-0.379776577965479,-0.193971781433475,0.108869196831102,0.242334400853,0.202407013348725,0.0669958008456304,-0.187291112343266,0.00722438411714721,0.219315426871027,0.504875717413642,0.090604545363354,-0.173710932009179,-0.246901452444125,-0.377095655652192,-0.065324122376572,-0.173380834246389,-0.307295875638845,-0.239345196720163,0.356124785896956,0.275404095671358,-0.58276959263823,-0.186871247025779,0.40737193151291,0.345112240863002,0.582014120233867,0.336669046636803,-0.271692582011418,0.36375921383746,-0.426775782870314,-0.161652277824783,-0.314369777375025,-0.335646627760086,-0.139250023675616,0.0138076429609374,-0.530154134968398,-0.142764123353309,0.259341816922167,0.213439893708287,-0.0373455309577692,0.338134229228164,-0.0800148259360906,0.0755762234467161,0.0350737958337563,0.542830137904284,-0.588386079114732,-0.290677026494534,-0.365078367695162,-0.230797320298537,-0.519204164659966,-0.99926545370065,0.136569354484582,-0.473266258244875,0.563820287715812,0.0911705974437214,0.303326457586123
0.240535465841658,0.0221283222588653,0.0811973368272123,-0.0634433458819416,-0.139359610397462,0.0343380621010529,0.169117758815088,0.0233165198497706,1,-0.463903754334397,-0.640661892623371,-0.548442144742609,-0.733993925223714,0.0957217242143942,-0.611304614856462,0.415892008101687,-0.141329545752508,0.488811837186305,0.281723838754254,0.659717739882593,0.189217285857215,-0.301993462314064,0.154244583157683,-0.578047915383796,-0.012109393123566,-0.273025168378447,0.590012095538807,0.138640444742544,0.185235746581949,-0.0555506192509565,0.314729110877297,0.130720938088379,0.64021556866588,0.186113607124979,-0.199815065992181,0.338980659798915,0.357526837645717,0.192122109879424,-0.175792988264213,-0.242434426310905,0.259880748903929,0.0907012300971712,-0.0943163839571788,0.415767506322137,0.423160500136455,0.0388704422804407,-0.11577687331775,0.0693746763292412,0.290090115437191,0.193409824833317,0.24787697042586,-0.0216246797462628,-0.237902223105523,0.0364150193771962,0.298014531897639,0.147077059050281,0.121424486743663,-0.176882849552389,-0.679003577051719,-0.453331723535958,-0.718399914945581,-0.247450811974661,-0.608375098265605,-0.0921222889536048,-0.207066701708688,-0.662971903629814,0.170616411759264,-0.119479350105155,0.0272557623950467,0.367554940626873,0.0830894852260223,-0.56694445661067,0.0319258982146653,-0.320722594879406,-0.461291706367338,-0.682984208288169,-0.531727746473581,-0.388935329218402,0.162563305213305,-0.0771257158354732,-0.319759279373223,0.271526219746068,0.218837635841459,-0.12162345670717,-0.00693846673852275,-0.0470536472536757,-0.138775078525975,-0.252557686980027,0.577053333138445,-0.0719575287917272,0.175322549080729,-0.115163592701285,-0.437110702297393,-0.265439098858249,-0.668524554455428,0.347236250790054,-0.11175683950543,0.861144531337858,0.307936799785021,0.333343450888178
0.329346466909199,-0.128049427731362,0.259413217078163,-0.349106581230636,-0.515337220416776,0.0494268664240215,0.302002283220454,-0.252811601466933,-0.463903754334397,1,-0.546935169270822,-0.575167871535927,-0.560360829933939,-0.271552427991341,-0.128657586566187,0.0286745000554517,0.108464122087276,0.0385342025746617,0.0784882746839041,0.221993564392046,0.149029352226981,0.245667428989006,0.394332045841895,0.319354252200164,-0.132646439190097,-0.175947360671168,0.318157565203006,0.0213081839228626,-0.064505977997007,0.127523857756264,0.314587758710735,-0.186539266420731,0.411188119797178,0.100392783582608,0.477827578840018,0.00388795239314586,-0.234045477310645,0.677167865940876,0.386905440395493,0.374311687186532,0.76020286523939,0.435113451661725,0.656466994384202,0.536375023457319,0.274721094615449,0.562242372040713,0.323666589441016,0.857377272891763,0.384011882283552,0.570112893434967,-0.141649182564595,-0.315011451605619,-0.255881959255442,-0.650049090838564,-0.397005713767973,-0.106503532365823,-0.238692002641901,-0.395686363464004,-0.68400414082528,-0.596914872872466,-0.712278451127628,-0.580141659565909,-0.533898966013956,0.153513928447383,-0.223634927398407,-0.200872196687735,0.135035262686347,-0.116835751639824,-0.593978246241041,-0.510553276030974,-0.278299519339755,-0.423056011374679,-0.0730465737903632,0.054247620267284,-0.133247014487748,-0.372990279791432,-0.419513308481971,-0.472317867655235,0.581237852676154,-0.178890414203412,-0.416163162998962,-0.385668776129955,-0.204536042301585,-0.36625356806209,-0.220986844303482,-0.212107086886427,-0.390242218745722,-0.393819477156347,-0.180117115240557,0.0676054254720991,-0.237369334062908,-0.327986926570254,-0.620969226800169,0.0405043519687273,-0.0542163439462404,0.407602262601391,0.175097972934319,0.163237258292292,0.29029120803612,0.10357746959909
-0.59850029076599,-0.601873314370226,-0.537892230622508,-0.336396886103296,-0.568924929603781,-0.809612393349891,-0.624685735334147,-0.514474782622027,-0.640661892623371,-0.546935169270822,1,-0.16915842746374,0.281272249990135,-0.565436193755912,0.40378267919118,0.0925006028823357,0.626677056323732,-0.189099343661682,-0.477708671532946,-0.148956472300986,-0.263837607896637,0.654017563715446,-0.0441125006051766,0.880336022063432,-0.787967994711803,-0.57442600222456,-0.104562016558524,0.178675100743014,-0.447622818565881,-0.0409281176391952,-0.259682971596643,-0.174303759731035,0.0313992320870053,0.339201065097363,0.94415803613391,-0.730648879467126,-0.367107041440837,-0.508445145448395,0.0154249431666623,-0.49425770258106,0.235268708815241,-0.221104756683087,-0.00110703344581942,-0.575641043612265,0.176015176057036,0.346012410616861,1.19808782953649,0.140020775634174,-0.663810658598835,-0.447506638939554,-0.341522455843947,-0.303680519082403,-0.125649118999785,-0.371497599756419,-0.713402797102885,-0.584159542531876,-0.361632764595726,-0.213092570319596,0.0029223834603308,-0.427607116267214,-0.148595703252082,0.0407970870610102,-0.320983889241645,-0.682889700675531,-0.440281152454366,0.215702495903058,-0.0410184572509578,-0.184540729330628,0.0918209981617139,-0.158644450237701,-0.393835642727734,0.242164823870331,-0.145979960596996,0.00965505649463239,0.0733639923933432,-0.00643382138581178,0.288232877187577,-0.221535189701277,-0.19514166001433,0.488523289670316,0.577081238902826,0.462306194880734,0.430837843960285,0.515984789284617,0.405492299149129,0.545635715928807,-0.0418762504959415,0.393898989387255,-0.490499674364737,0.574270439724016,0.485624306990454,0.31058205089622,0.0882164701311097,0.308761517439822,0.500823991717483,-0.43034761929533,0.641465581490321,-0.0795756070862881,-0.47170341128153,-0.678830029653768
-0.211912415813647,-0.199629269164494,-0.628415652910521,0.0243959580111715,-0.393568380618966,-0.79758775121635,0.007489814226803,-0.112220579979253,-0.548442144742609,-0.575167871535927,-0.16915842746374,1,0.147643662249315,-0.196540263332278,0.282115273827205,0.583581936592409,-0.104820796675655,0.0271565205853009,-0.262774188058496,0.0325141758435748,-0.0793803821366276,-0.0499610613071868,0.13614165302239,0.0785030078459494,-0.523623528465688,-0.98726462961047,0.307005712284083,-0.168592493170705,-0.413602344101933,-0.407739020570209,-0.25328089188637,0.800094260380464,-0.153471240957584,0.211934786977544,0.13806745627662,-0.367254018729394,-0.222687025415588,0.158096968271445,-0.270383002645855,-0.382005229326736,0.321522051906395,-0.147492763704181,0.163717358456576,-0.150679928902329,0.0312006390843466,0.513541603268144,0.523883075981048,0.347104373880625,-0.262869866341847,-0.0932376290941002,-0.149030236552817,0.0465163155977588,0.315699006342093,0.0945307404104426,-0.85238919376175,-0.429092533485824,0.261896513248446,0.207561617562115,0.0765282970862623,-0.283615777053451,-0.0643556206512634,0.567189679255608,0.0642479524108315,-0.333282316354766,-0.615843892426393,-0.368795644726666,0.343713188992213,0.134811520811274,-0.326985844276373,-0.223326284900424,-0.498874702734034,-0.105437699892779,-0.104014899132227,-0.241265924724051,-0.136839623555509,-0.816722748863473,-0.584622803410426,-0.309657868844394,-0.20294727294818,0.75672987147878,-0.393602802098006,0.221541820285084,0.0647995637477727,0.0124766130840468,-0.335250798717669,-0.00844472605079677,-0.112380379946912,-0.00433940973395605,-0.613189189573716,0.300353040675059,0.510623036798807,0.347615556385407,0.0792151175627065,0.15515199212713,0.243625796876714,0.0483288508163919,0.368516539776372,-0.139483557817202,-0.102187560755953,-0.482079742433162
-0.994996708865374,-0.567715372380225,-0.713211950162613,-0.264030947595785,-0.499109525762664,-1.18435559735097,-0.325361261757031,-0.440475465716904,-0.733993925223714,-0.560360829933939,0.281272249990135,0.147643662249315,1,-0.862771928440563,-0.318863407613544,0.367356780266029,1.04104180359559,0.204766132689438,-0.360445093652377,-0.344287518403059,-0.315220602862481,0.864295242387692,-0.0359253066676589,1.01643976536997,-0.450261774139625,-0.597580130928125,-0.080365647326725,-0.0489550695533216,-0.818641568484187,-0.168478781882881,-0.510422491135439,-0.183064757321377,0.508136217198087,0.45528475679315,0.864071184956232,-0.871111797643095,-0.364570395593734,-0.833409150033895,-0.160455651730895,-0.68441773985849,-0.252979253961158,-0.212478683571904,-0.0558113140875031,-0.894613553843154,0.23304322980744,0.105893619914928,1.00707165150004,-0.218384049369716,-1.12374670334231,-1.00621757498694,-0.381340561574059,-0.124779474605366,0.164091723835234,-0.183965277009104,-0.583072997175853,-0.857558642782914,-0.245656074641453,-0.039299379625187,0.345874373687811,0.115572373270238,0.461788786992285,0.0854519809991212,0.0366765949893356,-0.35301889007113,0.143593489283691,-0.0428302024996304,0.177685365773039,0.479526023132763,0.410868727400629,0.225092733530551,-0.0763175769370414,0.785299848577437,0.242970384099998,0.055593501105194,0.740332024518384,0.150511765859004,0.238738675224872,-0.314208517434931,-0.265332359480797,0.744820649636241,0.761455953083526,0.311905084432644,0.518063809979001,0.661873570660849,0.598851082727465,0.571443748256841,-0.182146531621943,0.280428572739458,-0.669368558549831,0.368867081079738,0.741571868601581,0.337527376672508,0.712775648837783,0.255194653538924,0.641756010148192,-0.861165843880658,0.615337716637785,-0.241637948422599,-0.9427445754245,-1.04429284235049
0.130316856164523,-0.16385633263815,0.124292902925223,-0.432330721977127,-0.388184024236816,-0.19143223133896,0.330364866528084,-0.0101559013992951,0.0957217242143942,-0.271552427991341,-0.565436193755912,-0.196540263332278,-0.862771928440563,1,-0.266872595530709,0.306813093517514,-0.11754124491829,0.373220778218234,0.0946841606933891,0.56614422257436,0.407506877105461,-0.092240205465125,0.153986402292333,0.243948209083847,0.188564799756768,-0.323190702653979,0.350286134125466,-0.318558652272529,-0.215767544948476,-0.0276842908776782,0.350233409402157,0.0962443421332177,0.198453362566758,0.489791940059998,0.112356540332208,0.158573529993342,0.128733607922445,0.371853004786321,0.148239632698749,0.123152206993735,0.571296256149237,0.387806492760188,0.276195172167027,-0.0118404365311498,-0.0820004351784189,0.379219477866901,0.104050752290041,0.146162046169422,0.0980179576551831,0.146928222863058,-0.170541399506893,0.134704638516967,-0.218488297384888,-0.189696620224932,-0.256020617710107,0.226580518701154,0.374505718115954,0.182270095986245,-0.567850973395724,-0.967218982597739,-0.770475351981478,-0.592122834752876,-0.94573353208628,-0.949922508745174,-0.907178693589368,-1.07039218599599,0.273310419408304,-0.401332571053524,-0.323224567091123,-0.145529889141728,-0.851476690559002,-0.377163464513969,-0.59216192504523,-0.309086751043128,-0.219756041468948,-0.756422449130794,-0.666005646900323,-0.394022797253939,0.355438291327149,0.421022327674798,-0.478549132686269,-0.0580890969574922,0.167181505840155,-0.011496842737273,-0.294752512179114,0.0182930765075968,0.130796838451788,-0.156220626875016,0.259426856943221,0.0269419081966402,0.424893364651612,-0.168591161365142,-0.389733049798984,0.0949340969903817,-0.0426876785908955,0.261909525907506,0.123549004458466,0.0242071731549439,0.379074497998154,0.123725142302878
-0.422321036727264,-0.573086416628414,-0.804959435177039,-0.602196210249696,-0.714754420092878,-0.737650347897551,-0.599402061628253,-0.843187001278579,-0.611304614856462,-0.128657586566187,0.40378267919118,0.282115273827205,-0.318863407613544,-0.266872595530709,1,-0.281577791656825,0.375046251861509,-0.0136540660715676,-0.276207486727361,0.182933886566876,0.51779013247757,0.347979676222668,-0.17801531341274,0.46565837611607,0.0520037763338662,-0.271845517952107,-0.0826547390438049,-0.208891939630312,0.273627941839914,-0.280155720090482,-0.056803022393066,-0.0715331989082566,-0.249018738305973,0.437279297295881,0.31556053766932,-0.0887405324134668,0.448642593240848,-0.147327237516176,0.117240426744533,-0.261891539421292,0.0974188784069606,-0.265023143011326,0.126866776719368,-0.791757433373782,0.225041272574923,0.0152501125065333,0.478391090925335,-0.216292797401326,-0.160510576736331,-0.213263869186792,-0.718850554419431,-0.549078803412946,-0.437539026476207,-0.550211283743992,-0.783598669167301,-0.179029691739627,-0.689232524659714,-0.450992083638517,-0.0653373348402569,-0.208316607428168,-0.184614510386466,-0.382212980656601,-0.833180946104876,-1.07313832331297,-0.521711349792368,-0.65780551190189,0.201305785441052,-0.118207562848363,0.450625558853039,0.0558176437132436,-0.0106970312034037,0.172028818575113,-0.571245744159142,0.154335954476047,0.197154090236421,0.00903466700110098,0.223342344324918,-0.0357744127971386,-0.320008998454721,0.286495678778033,0.459241659535022,0.755695500678121,0.849050239984844,0.894215516053954,0.440122364317,0.678995059675823,0.818646468157039,0.589755695133844,0.175538502730524,0.605489501361219,0.551000327035029,0.191870995021043,0.168396978654764,0.537538430045626,0.367422752639489,-0.456023493165279,0.381375209000186,-0.162356568056984,0.0410136765500527,0.0249951968084348
-0.225813248709969,0.480963393555599,0.00678538757209197,0.508306185625244,0.795208656981911,-0.00637305770550012,-0.138664461113077,0.248595540794008,0.415892008101687,0.0286745000554517,0.0925006028823357,0.583581936592409,0.367356780266029,0.306813093517514,-0.281577791656825,1,-0.0523178502183921,0.337399180393119,0.345601700481386,-0.124260548825197,-0.0434154444609563,-0.28483839624845,-0.147954015399793,-0.45718553722109,0.253136658205039,-0.100451934735701,0.0949166101195264,-0.107949077713433,-0.112674411821421,-0.406798478892106,-0.188715654824982,0.254786906587551,0.156943708083672,0.189723738521165,-0.369930374308271,-0.30532328472782,0.780610744530613,0.0313380368087614,-0.309429241334753,-0.0588106209790593,-0.567018219387088,-0.0412128407985293,-0.416782152768815,-0.0852648593353241,0.0124117104936377,-0.444054813138401,-0.37110834583547,-0.408108158962556,-0.117384447304983,-0.143629674036062,0.2826074333251,0.623029258370857,0.373947220003807,0.772210318358816,0.586006466620522,-0.168164839392008,0.313530594787117,0.616787423556598,0.471025874962566,0.487892152884286,0.791103405095356,0.567883417598823,0.578774769819815,0.396564241299255,0.185587689603444,-0.258959343831336,-0.0203339536608431,0.651366520610426,0.360275329964844,0.568460415722564,-0.02793463826118,0.202877781893398,0.409090746969153,0.137121697850627,0.261989298690078,-0.00979822702899991,-0.197668610568196,0.284108751542986,-0.29733903948642,0.0532015407047601,0.00414243274437631,0.530906271590381,0.104149316668462,0.241269282376166,0.0979785116200271,-0.0416683442061183,0.470122033053195,0.212397261501579,0.26179643036612,-0.194446827270496,0.175878272607102,0.354760725728232,0.434334374086856,-0.191663554347811,-0.379823440176034,-0.0597881996175592,-0.344640768653058,0.0508579248618809,-0.106770835286668,0.0645974744633712
-0.185544998929016,0.281307854527905,-0.0824419541817568,0.300232662570416,0.128905640925034,-0.226942813644794,0.0193951231037964,0.299763139937924,-0.141329545752508,0.108464122087276,0.626677056323732,-0.104820796675655,1.04104180359559,-0.11754124491829,0.375046251861509,-0.0523178502183921,1,-0.606822019056713,-0.376881751921803,-0.670128841446686,-0.725662435905691,0.103872927302748,-0.106719043693881,0.407098876233618,-0.638529215187551,-0.305019777618578,-0.292308929211341,-0.225557665765241,-0.789222236287967,-0.0162257581315694,-0.246326991547134,0.141184044034853,-0.190772882207384,-0.452983920876781,0.381922298037892,-0.54804869346369,-0.748892223730309,0.075447706586126,0.198011223654687,-0.0886188029710588,0.0837082526653797,-0.0518281134000936,-0.316541956761865,0.105326914717467,-0.203861302214671,0.256349331491493,0.743231510569641,0.171389976556574,-0.243436985364104,-0.110502380125791,0.289403780084776,0.401894932805731,0.284280628858536,0.334253737991585,-0.294594008567231,-0.108653417171398,0.33631610172394,0.316262967661109,0.51134627664681,0.210448569337069,0.583065567996976,0.747914681346955,0.534730930014077,0.0814446591926676,-0.0347371756833162,0.633580287010986,-0.296348861396491,-0.169576838795281,-0.442785823656881,-0.546541114106062,-0.593947891816265,-0.0728447027037006,-0.124161738372058,0.0174288226653633,-0.034092660016833,-0.000450999662963136,0.106520362805778,-0.484200032845567,0.209019866225194,0.390882352689259,-0.216077185153903,-0.160815269344576,-0.18450020330463,-0.266284319221448,-0.266275099988774,-0.0292228808867556,-0.273615311164863,0.0745378853679473,-0.881585756068128,0.155314548353895,0.210235482811533,0.693001935209459,0.431472785862148,0.188653741217419,0.108825960012002,0.245451016748195,0.353790744170388,-0.280172760561342,-0.176724672147767,-0.24726524269773
-0.125913793751829,0.922510182792078,0.1593226510617,0.920906559448867,0.798383216647414,0.285675264360504,0.447440145237618,0.567638522146035,0.488811837186305,0.0385342025746617,-0.189099343661682,0.0271565205853009,0.204766132689438,0.373220778218234,-0.0136540660715676,0.337399180393119,-0.606822019056713,1,-0.0450936768443593,-0.176596648215092,-0.20669133670185,-0.598403297044904,-0.106898322647845,-0.78278942176109,0.11619677189373,-0.0740559876355778,0.391204989067933,-0.103235112991598,-0.109752833963908,0.0147708403590486,0.19329737035167,0.611938322669301,0.279737646874137,-0.0798209279348304,-0.43013171211321,0.00789165541759898,0.468552661021933,0.475937419268508,-0.381920684080129,-0.12360646906339,-0.14126691323742,-0.0219870343944369,-0.126867193131915,0.463459320340452,0.1590645594645,-0.273576050208392,-0.33121682636803,-0.12776995389752,0.269534212663112,0.133355230326095,0.421353835820431,0.681269433045546,0.727365213107663,0.996546478211034,0.549526341131552,0.386163042005693,0.601362678982253,0.818210943076273,0.183682039842576,0.44944173417454,0.419819589477241,0.420329195191907,0.588529182328218,0.329288655258467,0.103977117782124,0.0776451400078286,-0.228323575428782,0.110052632120281,-0.145932639825233,0.223991293919681,-0.095176343154459,-0.336103634433207,-0.0824018196270634,-0.252567196745664,-0.210450302071781,-0.354903158103082,-0.440106897108195,-0.105783923382053,-0.0124183488963769,-0.0683233891457319,-0.624078669936314,0.0786622529970697,-0.192030150883918,-0.371334718604734,-0.493654694752338,-0.448012533192936,0.0802557087528861,-0.331395847661752,-0.065373217424147,-0.534650891991017,-0.187961839069247,0.28207656534622,0.178862463035746,-0.408565833711635,-0.484047597834337,0.396931112392241,-0.435699903265929,0.0384271542514745,0.120098165294448,0.18597842824474
0.168731957071269,0.316137825420962,0.408194635472863,0.0352579050846274,0.0142914760855799,0.0472400396580521,0.610455833208219,0.504970977465195,0.281723838754254,0.0784882746839041,-0.477708671532946,-0.262774188058496,-0.360445093652377,0.0946841606933891,-0.276207486727361,0.345601700481386,-0.376881751921803,-0.0450936768443593,1,0.0319477860672734,-0.269838099910637,-0.211216713488852,-0.11626140574509,0.148109560523535,-0.0359296195616777,-0.116208204256445,0.133829284049484,-0.248969800106827,-0.541257944199066,0.0584864224839554,0.626655558833728,0.0779759472385438,0.299344261945351,0.257645928852146,0.143293754503005,0.047537161520668,-0.170896736088166,0.54415353559234,0.488747209808409,0.353101606302682,0.578778505871643,0.546456700365934,0.389602643358773,0.428717599432047,-0.099132155132516,0.454842781096685,0.245477972021686,0.265657252879125,0.0728760291791232,0.205970093910443,0.0386611282319441,0.371040789851263,0.216576240079157,0.201708139218845,-0.117323782431,0.150270334564269,0.547681059385209,0.440358918043982,-0.332089942775206,-0.714195682008819,-0.458275227387696,-0.320759886473769,-0.506383119537773,-0.563584011829523,-0.694390120190908,-0.603435990610704,-0.153129491247987,-0.550288028451495,-0.55018416849857,-0.560767907844869,-1.10254658860246,-0.46109525785089,-0.706661825515731,-0.216765992035293,-0.381309716261032,-0.57816138569146,-0.421513898986958,-0.402088113897932,0.771077662691,0.367302094194043,-0.5915128562132,-0.315906019911283,0.00390576531750961,-0.292361752942434,-0.586303114520529,-0.153858747343118,-0.0453833151749917,-0.185820214748915,-0.194319896342856,0.0111513481999175,0.161436296916919,0.00411418030084376,-0.224691528877025,0.258262499542367,0.0491329910026568,0.592503710226443,0.246027814992436,-0.318079823660327,0.216963855303552,0.113439236448911
0.233836833721198,0.661824421787176,0.54542231671422,0.470175339254951,0.656506661879563,0.399421829373495,0.324199212493715,0.457955033311687,0.659717739882593,0.221993564392046,-0.148956472300986,0.0325141758435748,-0.344287518403059,0.56614422257436,0.182933886566876,-0.124260548825197,-0.670128841446686,-0.176596648215092,0.0319477860672734,1,-0.0229535496233844,-0.600258818260225,-0.141583926620406,-0.691623173063293,0.467729438721069,0.477470136552916,0.214531980783817,0.0248488262806152,0.0305185117984387,0.258879266504024,0.541370525875692,0.313574860429751,-0.0769624163462743,-0.24373290590667,-0.53196636664859,0.204026218819255,0.586057643343337,0.537555580070495,-0.209262763549603,0.0752750516065764,-0.0697853164771261,0.0612540661419509,-0.124876000306102,0.456678518465794,-0.168555795231127,-0.116389720364299,-0.549194603018262,-0.167779353030374,0.52155976114384,0.253472024091006,0.311628660880547,0.629718258459559,0.347685955055987,0.829238095331293,0.777308477353725,0.452974692824099,0.636311030488682,0.474075652941683,-0.035269621681949,0.0785487328848129,0.0176713936030599,-0.231266537244302,-0.064431660466681,-0.0960385583959792,-0.228849730221937,-0.0674088256285774,-0.22569794457353,-0.145119933226551,-0.289220399877089,-0.062444463495231,-0.101947907704739,-0.346788735553693,-0.289515217010009,-0.0989264994878828,-0.181704706499194,0.0217052402895334,-0.487213943205329,0.253135466456504,0.312231044551999,-0.411090237437177,-0.589691972014288,-0.103633664110208,-0.406656649066236,-0.342758511926896,-0.531428311571606,-0.357472113623714,0.349352117750404,-0.278636218071419,0.345294443848823,-0.336250780444359,-0.256999594942756,0.0112998590827176,-0.0398868658302198,-0.314034221065079,-0.537924123611717,0.490521688301053,-0.40262542758889,-0.0987148742387688,0.442810984174031,0.455668067497043
0.333598393503604,0.303417888988844,0.274289929393558,-0.0526411096331437,0.0169693999839469,0.0102275935692287,0.3572794710411,0.279187054768265,0.189217285857215,0.149029352226981,-0.263837607896637,-0.0793803821366276,-0.315220602862481,0.407506877105461,0.51779013247757,-0.0434154444609563,-0.725662435905691,-0.20669133670185,-0.269838099910637,-0.0229535496233844,1,-0.474442081592697,-0.198151177366281,-0.126171895157908,0.0834987077934803,-0.0630555018682256,0.0160944580262035,-0.322293699518696,-0.07245148538604,-0.0820813048901,0.485889236072714,0.298217726245612,-0.204939345247813,0.0642125217209354,-0.190266164021195,-0.0416689724338992,0.0693377920642537,0.757145372669705,0.175479071462124,0.275764366532888,0.578685903519187,0.321770246543623,0.20639886851522,0.290246932011987,-0.399212257160494,0.367013581283963,0.00597103822162726,0.227446815720193,0.404990088257465,0.361630026680845,0.0659427671706681,0.350594176889111,0.0600954200910524,0.239460385821493,-0.227299713900501,0.354876324581775,0.66434617151426,0.444186458871007,-0.271946804139094,-0.570305237379784,-0.36634357053451,-0.206921228751885,-0.614504820577891,-0.879718656044386,-0.990811449411143,-0.291345970116523,-0.0136103030440057,-0.699640155822304,-0.624542380839,-0.564727473735409,-0.919626057985182,-0.5481300088102,-0.838792671416635,-0.156707659085848,-0.394298773526578,-0.49960978812625,-0.681441217324696,-0.251029285863102,0.427438917648909,0.117060530598321,-0.753072698666603,-0.0857186108518751,-0.248624191520962,-0.287228205671838,-0.782392801368887,-0.138524823821176,0.0943390217773819,-0.25646007392359,-0.00411117479628875,0.0469354041818323,0.0995826242996371,-0.023986096279229,-0.345965536032758,0.00874924370905727,-0.140906815494801,0.592952156524028,0.0290785763729383,-0.202946766796002,0.480253589673271,0.30719984594672
-0.0384990702453681,0.303197606675727,-0.186408756453574,0.159947401528752,0.112502416975105,-0.241657102307721,0.0625940705611328,0.0668297226632542,-0.301993462314064,0.245667428989006,0.654017563715446,-0.0499610613071868,0.864295242387692,-0.092240205465125,0.347979676222668,-0.28483839624845,0.103872927302748,-0.598403297044904,-0.211216713488852,-0.600258818260225,-0.474442081592697,1,-0.100321096809316,0.225127239663129,-0.416534974235208,-0.172707748258071,-0.506480927199138,-0.506761578937047,-0.73224401069297,-0.206320501392741,-0.268474011810038,0.00469793431345741,-0.324124886318237,-0.447495919852731,0.169998245221769,-0.36492514373193,-0.564610215221141,0.303531811297216,0.194215959046412,0.0964570837024349,0.139739194038499,-0.205957198594148,-0.262921401727681,0.116843734241971,-0.263097892374421,0.0735938611745615,0.505112562350242,0.20194347688781,0.0397090550775608,0.193010988494254,0.216829878671205,0.16229361240092,0.18615618372802,0.263512285328668,-0.333018626001332,-0.214574574885045,0.0203488973710761,0.150128000565864,0.571467113276394,0.486598977095539,0.701215489063862,0.587981917910349,0.521290499508821,0.230951759330365,0.21235625171466,0.546870580614457,-0.219332781447867,0.110153694716776,-0.306640579713608,-0.468803163758076,-0.286405016125442,0.0322540831397868,-0.0543070520479638,0.193574165852708,0.165699575016881,0.109339929209663,0.145987313639248,-0.435820065260253,0.223084430462941,0.190874417421131,-0.192305670562947,-0.0680424503968796,-0.175898376087448,-0.266529487981854,-0.295936006654969,0.0156776171862691,-0.216642505148721,0.053777999925369,-0.727023207590021,0.152678591232804,0.109125764552343,0.579663306745391,0.527690640654285,0.0177515790737409,-0.00565698115524235,0.240597035044268,0.142752685770654,-0.405337674677823,0.0455144497634711,0.0437274147129347
0.0300391495998081,0.596110821431265,0.189631246397525,0.179459482557168,0.405984703129275,-0.0272390222826934,0.394620874268782,0.332400004280935,0.154244583157683,0.394332045841895,-0.0441125006051766,0.13614165302239,-0.0359253066676589,0.153986402292333,-0.17801531341274,-0.147954015399793,-0.106719043693881,-0.106898322647845,-0.11626140574509,-0.141583926620406,-0.198151177366281,-0.100321096809316,1,-0.0242108098634053,0.406259716268285,0.237264629259161,-0.0653888781411717,-0.548721522999685,-0.341207659627051,-0.119473487220304,0.240154886288257,0.200347154231477,0.248931194100871,-0.111080595786919,-0.00742745941250711,-0.188078064503996,0.20357086359451,0.586146379997875,0.0971887162810894,0.336820937102004,0.0584243487597321,0.232919638277939,0.0581576277195218,0.132117401482238,-0.0538308230769916,-0.0319480143027092,-0.0877735486910945,0.168056672149622,0.114458187962813,0.195317858521136,0.298841589326855,0.503747897869164,0.377105651010109,0.662414472749846,0.223194417714151,0.167999316851336,0.550832988004975,0.48764502524652,0.306121082873689,0.189317438036719,0.450478954293293,-0.114663291341813,-0.000439108642985797,-0.21672524944555,-0.161788690871918,-0.282886669558059,-0.128674683880121,0.0438559677566542,-0.203371128994765,-0.138597631846523,-0.359279342451615,-0.0160204562668727,-0.195758285139387,0.208821424178841,0.326924517277407,0.143378016670585,-0.209108185417068,-0.149456953520674,0.192837525204744,-0.0402620796800398,-0.268547575227743,-0.158948786269106,-0.237143374561489,-0.177496852377698,-0.275471497151892,-0.0892781677555654,0.166061119787274,0.00120228934886968,-0.0333205671045502,-0.135751816433726,0.0998287446147876,0.261685398859865,0.299135950581399,-0.278262296654939,-0.271150617422677,0.208646671424906,-0.136756725385929,-0.185080959105327,0.121031941135035,0.358890159361672
0.152164447700116,-0.328431881208588,-0.411899271618899,-0.325924718496474,-0.124241247497483,-0.0397907203817259,-0.469053902142041,-0.612434615308669,-0.578047915383796,0.319354252200164,0.880336022063432,0.0785030078459494,1.01643976536997,0.243948209083847,0.46565837611607,-0.45718553722109,0.407098876233618,-0.78278942176109,0.148109560523535,-0.691623173063293,-0.126171895157908,0.225127239663129,-0.0242108098634053,1,-0.598526628491268,-0.0438156604879837,-0.409033901573424,0.0432727190158158,-0.648370514227523,-0.165230109130128,-0.570816374487393,-0.0857575007905902,-0.812585359999833,-0.565088801897778,0.000873888824114877,-0.154191899868186,-0.510649544332774,-0.0655552506204211,-0.136701857396951,-0.393398210543722,0.184763049152275,-0.30673666959973,-0.659998358606291,0.301819509015635,-0.113556246665437,0.349622678826721,0.506010125131183,0.330674770289313,0.367662744073502,0.300605868989093,0.0469933945276715,-0.165820335128078,-0.0372989413965936,-0.0651662275645009,-0.235654480738336,-0.0724974644841813,-0.316970874465981,-0.314361769714368,0.534419530412621,0.106461106222209,0.545380127774615,0.749434239268845,0.509022955300043,0.332853363677854,0.170170653079566,0.513768922241977,0.00719989919717371,0.414383470606862,-0.100233839725313,-0.276438233889899,-0.100242918699454,0.0592774306042071,0.375972038457172,-0.26934662327528,0.121468796684646,0.167503349415351,-0.0539284978311756,-0.227250558247617,-0.142144973981253,0.035360614025763,0.0299873122669271,0.225540012515993,-0.240371292542124,-0.197660343815184,-0.209808635313992,-0.0464534596906112,-0.0199388663854915,0.26222025111447,-0.601698586853028,0.134890093779242,0.208729805251522,0.56924866871064,-0.0439960545335605,-0.0313123866923376,-0.261423152218247,0.551685715997826,0.156146635745801,0.153688204270658,0.402165680580545,0.19300676388292
0.77369394778831,0.270479047397731,0.395440892698858,0.0738997755855536,-0.197372090645307,0.387498693756098,0.551949006861625,0.122747552753898,-0.012109393123566,-0.132646439190097,-0.787967994711803,-0.523623528465688,-0.450261774139625,0.188564799756768,0.0520037763338662,0.253136658205039,-0.638529215187551,0.11619677189373,-0.0359296195616777,0.467729438721069,0.0834987077934803,-0.416534974235208,0.406259716268285,-0.598526628491268,1,-0.364462906562129,0.341666243026,-0.229604429091947,0.26034562263472,-0.258453954768799,0.470323696997585,0.575107150249002,0.140182454007646,-0.159967897125934,-0.224060883769917,0.450560777990722,0.237247275053534,1.00254260391028,-0.188820145844978,0.44490494646331,0.722301411388659,0.233092879081951,0.651060054413152,0.788667827294406,0.119117650536723,0.417405120790222,-0.227994695102527,0.718198395476712,0.820286726366031,1.04179778246755,0.0997369569787424,0.112978527024009,0.180602095337369,0.0124122626082195,-0.0655977676394889,0.367092275136821,0.370035579492705,0.0582461441074239,-0.621339363873477,-0.413155193510554,-0.696809536028946,-0.0961161228551306,-0.322649560284764,0.0382458684538589,-0.63591068820966,-0.459741143224853,0.196755155832877,-0.190193794548635,-0.863790447044263,-0.288530604291959,-0.287927696059306,-0.984570044749941,-0.209362699587484,-0.0986307284298008,-0.632045476617053,-0.844772294551712,-0.790468493001011,-0.434472561500893,0.327005359302547,-0.106820468753215,-1.00900507227595,-0.443912151550046,-0.507561487935028,-0.825924305775202,-0.833437395587701,-0.571985777876103,-0.537201274284942,-0.658412370042903,0.0210059829195759,-0.332516725877266,-0.292656609701715,-0.223773430157373,-0.647039323512387,-0.334236424475088,-0.464370856433945,0.59946293169167,-0.303394985512822,0.213025013673012,0.597260684409265,0.618235826829059
0.830978085893297,0.211033797165019,0.233394395142428,-0.354812274409489,-0.321939238403372,0.147937102232933,0.464797425581837,0.104583695205152,-0.273025168378447,-0.175947360671168,-0.57442600222456,-0.98726462961047,-0.597580130928125,-0.323190702653979,-0.271845517952107,-0.100451934735701,-0.305019777618578,-0.0740559876355778,-0.116208204256445,0.477470136552916,-0.0630555018682256,-0.172707748258071,0.237264629259161,-0.0438156604879837,-0.364462906562129,1,0.127871818595739,-0.250465498396102,-0.123007130663713,0.21225160570043,0.68984954115571,-0.277572528221449,0.315928712960661,0.0239226955640315,0.297317781127626,0.489676285731517,-0.440682801509594,1.11284971490364,0.725965229534725,0.679649345046064,1.08084601584525,0.890255090559937,0.580237253042654,0.864890145273849,0.0256970221621289,0.605920524112699,0.296346325656621,0.776910850496391,0.731170251306772,0.922698277380842,0.100463157594799,-0.413026314197035,-0.531888327941623,-0.381135682932492,-0.454558856231289,0.198171518043677,-0.108968121922132,-0.479155226033282,-0.848974348289866,-0.646110564291602,-0.977429337563332,-0.705630693686324,-0.89628749766791,-0.175383392930986,-0.374351803794787,-0.285250393339683,-0.0495514170526639,-0.528196354558555,-0.55173399721194,-0.704555862219949,-0.20213939106254,-0.655617720005749,-0.498007395499499,0.136223649707066,-0.420679522521277,-0.334434000182713,-0.433021841455745,-0.495838246290456,1.17658416229471,-0.255189661588391,-0.604840713276945,-0.452436052393666,-0.231560850888617,-0.479938803385352,-0.424494918577284,0.0738069570653903,-0.526151947785327,-0.258516343556069,0.123383931407696,0.267025052911428,-0.209039151591448,-0.349792797666276,-0.50863683606598,0.12457750380492,-0.464467278659106,0.747717335024705,0.199304530459656,0.0335908957306832,0.563169694517635,0.62670362725498
0.115891904973829,0.648382243949552,0.389186280487701,0.274836491719571,0.680057433561924,0.201714582829817,0.212333723919963,0.635852369294754,0.590012095538807,0.318157565203006,-0.104562016558524,0.307005712284083,-0.080365647326725,0.350286134125466,-0.0826547390438049,0.0949166101195264,-0.292308929211341,0.391204989067933,0.133829284049484,0.214531980783817,0.0160944580262035,-0.506480927199138,-0.0653888781411717,-0.409033901573424,0.341666243026,0.127871818595739,1,-0.51747989012556,0.132149611995501,-0.171857849257498,0.020845232697416,0.165823625126793,-0.0786602550112337,-0.0726610063146662,-0.696665269913757,0.0927481065847374,0.256093556999728,0.141844851949692,0.0982634017548861,0.336496603720921,-0.376767592041446,0.0583251415183289,-0.671331193601204,-0.0753871474072894,-0.513223342644148,-0.476572651798324,-0.667742326750585,-0.329504147464591,-0.101881183404518,0.0291554642849636,0.662171446062542,0.577239774986129,0.201295592075555,0.637172327837221,0.41549665723128,0.45249559362367,0.824639552123883,0.474975762510644,0.337527687287496,0.0253309347160329,0.191940759624612,-0.127426061482593,-0.10542417489668,-0.269873927268679,-0.0907340480029532,-0.532510066524718,0.0686217741207335,-0.0822040558860714,0.108889715347142,0.305479566118887,-0.111225017638717,0.120539537290496,-0.0761658587366946,0.27232572064397,0.291407447289867,0.0430200348385625,0.245383441614972,0.163340012400306,0.147763205926851,0.122278060740641,-0.174425738867848,0.103200974045219,-0.0633896401390711,0.0832262643643185,-0.0140742905027734,0.194501076593045,0.433818929029788,0.237651568906039,0.639801570247153,0.0859240306650817,0.227454859118997,0.323599509553142,0.341644978041108,-0.356512539703732,-0.405595902891818,0.19278156050946,-0.180738001967368,0.169996803032027,0.367472199844279,0.480438142663909
0.202565071316764,-0.137478145237527,0.0236769425815518,-0.365087496803023,-0.325102114668343,-0.0594894263847616,-0.0495643540530509,0.0149026862118873,0.138640444742544,0.0213081839228626,0.178675100743014,-0.168592493170705,-0.0489550695533216,-0.318558652272529,-0.208891939630312,-0.107949077713433,-0.225557665765241,-0.103235112991598,-0.248969800106827,0.0248488262806152,-0.322293699518696,-0.506761578937047,-0.548721522999685,0.0432727190158158,-0.229604429091947,-0.250465498396102,-0.51747989012556,1,-0.126594376410939,-0.203259372719213,-0.154171994200936,0.0564446290872578,0.168865411595974,-0.274264063105493,-0.553658092400683,0.250685115086988,-0.216907984937421,-0.171690219699726,0.381175943408953,0.235630856413564,-0.0163834205187086,0.0683468916158231,-0.467320598307532,-0.0842802439105129,-0.386208782346377,0.267616402154592,-0.0682714425251114,-0.313624117793688,-0.189457329277189,-0.141314260326038,0.556076669270662,0.0672825348077873,-0.374817580114355,-0.206615238161627,0.0277684610073763,-0.010675344568251,0.0140894679970561,-0.112763498166155,0.305963771866263,0.0555623419830466,-0.0379536225754185,0.0292025766012426,-0.0569012933742121,-0.0925580863324112,0.085016023680594,-0.0814573007535041,0.590053867649402,-0.0731335126129704,0.188097265455107,-0.0134072850663763,0.119516189766982,0.331962512450821,-0.0103223667599474,0.718023287630293,0.195717613377257,0.207430929067597,0.546956697102207,0.131304153591422,0.238782563058267,0.638435816812459,0.36938232116355,0.273950295764336,0.165793086466582,0.270552395906447,-0.117009444863591,0.551608514768328,-0.062006699365771,0.293221491014444,0.305487605558251,0.974257477328312,0.794599165404483,0.627533867250711,0.33826216466119,0.486690294102565,0.38473365160813,0.0927930919863193,0.626558706062696,0.245898929020947,0.225751317125902,0.118287188243726
0.424129481907837,0.254852240030124,0.433713410670026,0.332245398946393,0.0415871750774129,0.185488521008429,0.406367755967104,0.122592047763093,0.185235746581949,-0.064505977997007,-0.447622818565881,-0.413602344101933,-0.818641568484187,-0.215767544948476,0.273627941839914,-0.112674411821421,-0.789222236287967,-0.109752833963908,-0.541257944199066,0.0305185117984387,-0.07245148538604,-0.73224401069297,-0.341207659627051,-0.648370514227523,0.26034562263472,-0.123007130663713,0.132149611995501,-0.126594376410939,1,0.0888601387421187,0.300850578544754,0.34013483142352,0.266725978276974,-0.198509015338112,-0.491220506019468,0.198134889242143,0.403931823759191,0.669306483756873,0.032028922500096,0.408765189250618,0.283311571631191,0.163065357685695,0.422397786002637,0.327754788037859,-0.0936998897295026,0.203470742281962,-0.332233671617796,0.0622630033435283,0.597142868792473,0.467464367166796,0.217241085690855,0.0683009925500584,-0.107641585248317,0.168895384085531,0.256480119944113,0.387724955410128,0.26433239458916,0.148609963450721,-0.24391943026519,-0.0423512470232822,-0.416154980419099,-0.533932302611115,-0.265797752319363,-0.0739065636287363,-0.129954218725818,-0.0893463373099712,0.230321689285616,-0.208578401013759,-0.407851684092401,-0.240207164257087,0.112935598279383,-0.267200538723341,-0.407470439899796,0.405602708027669,-0.14910164251228,-0.187673582962976,-0.528298580311442,-0.0580261623704284,0.46415327511585,-0.0503043573376382,-0.504568927063659,-0.197093936633855,-0.440271575908988,-0.241549819800728,-0.598704810536117,0.00297538584463056,-0.085524725485104,-0.640899412100346,0.26020523608381,0.134519059552344,-0.112309807997238,0.0139765357187345,-0.0396527532386415,-0.133945055384581,-0.190793894599647,0.281626290154335,-0.0288273642467824,0.0920491374214121,0.442584832373837,0.348042455395856
0.562490171094717,0.17448662470287,0.121389258346142,-0.466858199276815,0.0316876235856867,0.22056235767093,-0.0342429819801066,0.0487918378747799,-0.0555506192509565,0.127523857756264,-0.0409281176391952,-0.407739020570209,-0.168478781882881,-0.0276842908776782,-0.280155720090482,-0.406798478892106,-0.0162257581315694,0.0147708403590486,0.0584864224839554,0.258879266504024,-0.0820813048901,-0.206320501392741,-0.119473487220304,-0.165230109130128,-0.258453954768799,0.21225160570043,-0.171857849257498,-0.203259372719213,0.0888601387421187,1,0.376818303440309,-0.416162976212724,0.0144488478665487,-0.0227177523823671,-0.105658811452256,0.304755900730767,-0.228024346078885,0.218748400465238,0.36309980088374,0.321036416412227,0.28340563432529,0.341465826672099,-0.320908642469987,0.184401398873583,-0.0602977821785568,0.0147458799721243,0.00301766736803574,0.240565428878916,0.331453362211873,0.332538876672519,0.406496249893366,-0.194722075701279,-0.565611082028606,-0.121768721706433,-0.0287184854886943,0.212468153286546,-0.056850175010795,-0.349136443564551,-0.206522451854717,-0.242307581630166,-0.355556556380572,-0.413801147125452,-0.644051659743136,-0.327828101735669,-0.0310937031443102,-0.0530356875972007,-0.00142562738240737,-0.305846081136889,0.0769827592267948,-0.171578022678459,0.202783597516333,-0.123587664894549,-0.290720270186226,0.23786549936376,-0.0995761532690161,0.103231904128763,0.359390922930174,-0.0967139517449856,0.584298716762295,-0.147058306002067,0.085137818893972,0.152866366610955,0.170280671229228,0.0925960625858328,0.0866077695929623,0.415713140327581,-0.0274461546480376,0.330839357959911,0.438315070464935,0.411257051008599,0.0282396324426408,0.00609480581858085,-0.17234196414815,-0.0795554312960928,-0.443683572870489,0.42262735307569,0.257208472214151,0.409918424434935,0.560064150037999,0.641165975818112
0.811160868794089,0.421044290374691,0.51507180714696,0.0213469173421964,0.439975988966354,0.820898959965382,0.581105675042972,0.194101472705035,0.314729110877297,0.314587758710735,-0.259682971596643,-0.25328089188637,-0.510422491135439,0.350233409402157,-0.056803022393066,-0.188715654824982,-0.246326991547134,0.19329737035167,0.626655558833728,0.541370525875692,0.485889236072714,-0.268474011810038,0.240154886288257,-0.570816374487393,0.470323696997585,0.68984954115571,0.020845232697416,-0.154171994200936,0.300850578544754,0.376818303440309,1,-0.389916405835365,-0.0126704702629155,-0.123006496878249,-0.395578973799155,0.943708354770187,0.0108810939963835,0.284042438242747,-0.130185448127022,0.421201959933911,0.203219498146838,-0.16253704283039,0.0459078354847045,0.589651977718484,0.0372716599599705,-0.416163715278267,-0.843517511056038,0.379876096872456,0.704377222163354,0.633817236532786,0.0626312951172968,-0.287726477572074,-0.0764469309321441,0.100153820891363,0.336003383927441,0.460197259431655,-0.158333984843449,-0.156597241178443,-0.248207238790224,0.214195587418613,-0.29044300138016,-0.486341648245066,-0.109144668920067,0.509278210601204,0.622367854994666,0.210889104618423,0.0595744040054831,0.0310822744290951,-0.201722631252088,0.0103964989357802,0.522673038634216,-0.164832537346899,0.0117418147428803,-0.0804803606586477,-0.228785161312044,0.0795042958349308,-0.0832931762055908,0.148522163006381,0.329997197421148,-0.576485314875737,-0.409686727670722,-0.591741088220987,-0.441086532897607,-0.594330881833416,-0.115063935461794,-0.471708036516192,-0.278854331156834,-0.533465180620068,0.505909225320939,-0.573045094295726,-0.53412943911265,-0.61836987284353,-0.18874403843604,-0.606873018775404,-0.627780277315253,0.396379929926772,-0.640208254165217,0.0703592891876243,0.444555900275857,0.719988009390042
-0.358189204474333,-0.265915123657284,-0.259605022666355,0.0679669371882806,-0.0190141179499899,-0.417045477438186,-0.0493617367819041,-0.207474420461788,0.130720938088379,-0.186539266420731,-0.174303759731035,0.800094260380464,-0.183064757321377,0.0962443421332177,-0.0715331989082566,0.254786906587551,0.141184044034853,0.611938322669301,0.0779759472385438,0.313574860429751,0.298217726245612,0.00469793431345741,0.200347154231477,-0.0857575007905902,0.575107150249002,-0.277572528221449,0.165823625126793,0.0564446290872578,0.34013483142352,-0.416162976212724,-0.389916405835365,1,-0.100301047326347,0.414552793566025,-0.168143608211124,-0.0254395273580214,0.848602813938083,-0.516926794352778,-0.73650997923571,0.00236886416385054,-0.471102990303861,-0.433118762183304,-0.0177290659325675,-0.674835866710564,0.00727577616694751,-0.301211275297887,-0.406841984387011,-0.0885840631382415,-0.372585293254435,-0.168561383105152,0.0339763407223666,0.258139514254925,0.24626170901513,0.156245035132553,0.0266114471706599,-0.309518815590857,0.290233993207942,0.381268464500795,0.329885611579484,0.188746060449724,0.397206564539053,0.157687969927893,0.171936460007948,-0.238573228422013,-0.323934189314981,-0.671732032794405,0.523206771612184,0.482439371670154,0.292993492412851,0.613870043708982,0.0190674333864145,0.324298207780434,0.270268786694542,0.127234424426388,0.352959363705911,-0.161604456365254,0.0621638544519601,0.432369702257674,-0.786345139423772,0.0618929972171556,0.151491431166999,0.431260798244602,0.080505483892311,0.437530405161196,0.132965979389756,-0.00898577206810475,0.592986355709554,0.324651348527869,0.283248237511459,-0.182846392654258,0.221461354174859,-0.0762314720688361,0.481789968929236,-0.355933148256615,0.0582792856117003,-0.622100791513705,-0.337989981050896,0.0621217951653018,-0.0664432702399959,-0.0708993397277483
0.276416741836549,0.535420860360197,0.468122886133738,0.52723127807597,0.635873224482544,0.855381377504345,0.48043680683109,0.442243930706841,0.64021556866588,0.411188119797178,0.0313992320870053,-0.153471240957584,0.508136217198087,0.198453362566758,-0.249018738305973,0.156943708083672,-0.190772882207384,0.279737646874137,0.299344261945351,-0.0769624163462743,-0.204939345247813,-0.324124886318237,0.248931194100871,-0.812585359999833,0.140182454007646,0.315928712960661,-0.0786602550112337,0.168865411595974,0.266725978276974,0.0144488478665487,-0.0126704702629155,-0.100301047326347,1,-0.294473682674248,-0.515180677465551,0.431487433023845,0.197591033330712,-0.228186727053094,-0.500195770390927,0.170921413307726,-0.409535288094045,-0.14969444769919,-0.382727323750389,0.389050093659228,0.328755515066625,-0.631524005581231,-0.696230029790897,0.039161618152541,0.374620984755774,0.292217432600665,0.638604015511468,0.512445359331566,0.538383058624854,0.55392110587792,0.865313210382831,0.466078367645596,0.135726818812073,0.451249788381105,0.449188266507925,0.815609152029407,0.551610835429157,0.495776211987616,0.987702184077187,1.30549638045239,1.01741022107674,0.420165619394768,0.0625214995688011,0.598248349025753,0.205784367723041,0.649798963123347,0.730122071539814,0.0484429772794374,0.912541773626381,0.15994494107694,-0.0413790658718857,0.210085939571646,0.299894246983283,0.195778839029238,-0.122934817325696,-0.488206932220312,-0.168261402252722,-0.0688116511394123,-0.250821028131823,-0.373636572930726,0.0114551394644116,-0.277662353234914,-0.0379765658930528,-0.15592838158879,0.488133005370955,-0.594752679999605,-0.585247512009622,0.0667213522738286,0.123497006853518,-0.558714692881997,-0.540929950363561,0.137694908652267,-0.667942963915398,0.544548264921976,0.216930686585186,0.513218556712905
-0.120357129941598,0.569235615931345,-0.175582557867538,0.563778112608188,0.632803109973619,0.160615995300967,0.230783887286104,0.330606976019981,0.186113607124979,0.100392783582608,0.339201065097363,0.211934786977544,0.45528475679315,0.489791940059998,0.437279297295881,0.189723738521165,-0.452983920876781,-0.0798209279348304,0.257645928852146,-0.24373290590667,0.0642125217209354,-0.447495919852731,-0.111080595786919,-0.565088801897778,-0.159967897125934,0.0239226955640315,-0.0726610063146662,-0.274264063105493,-0.198509015338112,-0.0227177523823671,-0.123006496878249,0.414552793566025,-0.294473682674248,1,-0.430272771046606,0.17738767968613,-0.237548865071671,0.168421885902456,-0.130690067747584,-0.109581780472739,-0.0936806885529616,-0.20784408296013,-0.2828103884249,0.131760450612766,-0.0938588070847595,-0.353682289984002,-0.310168587521518,-0.186176628706105,0.0735523585712547,-0.178550594778396,0.243719147648936,0.171184858498369,0.38646875809913,0.584722941518546,0.011674092309698,0.18914318090198,0.226455411616213,0.431948560749444,0.346654393680092,0.551384999201408,0.442177288288212,0.57567471237037,0.642533955540316,0.44321595671524,0.38106601874145,0.520776918004043,-0.0937034909396353,0.173821333210967,0.119334488770434,0.177819221367111,0.0719553186798754,0.0210527126128413,-0.0588055584750732,-0.196617719735984,-0.159558652432039,-0.247674013715449,-0.2257525660415,0.0201026169577829,-0.0270469267969319,0.156089846990011,-0.538231681980173,0.124308702384544,-0.0699218104315929,-0.244484616845831,-0.491386816178273,-0.274610373251643,0.0858322843477917,-0.337556826186951,-0.18914289288326,-0.282789588340899,-0.0919272261651549,0.160090189174523,0.286707226266693,0.0304148095302468,-0.0798854777941728,0.318263353887582,-0.259516899581988,-0.398096998669653,0.0793880989136273,-0.0810755293024753
-0.298015109826519,0.286427373488523,-0.33976056590514,0.0855341518737268,0.392157146400379,0.00508919749628955,-0.153044336019872,-0.0109387734372495,-0.199815065992181,0.477827578840018,0.94415803613391,0.13806745627662,0.864071184956232,0.112356540332208,0.31556053766932,-0.369930374308271,0.381922298037892,-0.43013171211321,0.143293754503005,-0.53196636664859,-0.190266164021195,0.169998245221769,-0.00742745941250711,0.000873888824114877,-0.224060883769917,0.297317781127626,-0.696665269913757,-0.553658092400683,-0.491220506019468,-0.105658811452256,-0.395578973799155,-0.168143608211124,-0.515180677465551,-0.430272771046606,1,-0.0560461205184393,-0.481343817863771,-0.308587811590779,-0.0518645593938877,-0.178649194072383,-0.253796559676309,-0.612295310268643,-0.616221859866661,-0.202355720370229,0.0318522273768168,-0.432912303858482,0.153873280262228,-0.134608534492694,-0.109323251957337,-0.14455167905767,0.0291754884040114,-0.016145392308774,0.349051357983243,0.436621853769809,-0.00792765517867067,0.00657715103092893,-0.231405045228988,0.0422524607959985,0.945434128850238,0.877268720713376,0.922866728721936,0.504394720514401,0.68630345403299,0.631667296890969,0.89650494014865,0.66605785879779,-0.226664465425769,0.528231395532947,0.397115588322689,0.144798067414394,0.427882492389389,0.524488491581276,0.400604506536815,0.185215289889582,0.430254556058775,0.627338152041432,0.601287389761323,-0.071215461759691,-0.148095691372297,-0.0576006573717899,0.251781669688724,0.130999735628071,0.0792612052337666,0.00918722519546133,0.248254556732121,0.328239524921897,0.161845070113886,0.161727521971352,-0.229648615514243,0.0398108022815369,0.111449875628169,0.488492856276183,0.691775879938921,-0.0107123414078224,-0.0559611406979942,-0.0785462493016832,-0.0551929377195064,-0.258118522822691,-0.110116373697992,0.152648462691013
0.460102571860453,0.0253300455125468,0.561607127827406,-0.14919061207935,-0.081457573604463,0.198715895156982,0.326937250480282,0.248120052825427,0.338980659798915,0.00388795239314586,-0.730648879467126,-0.367254018729394,-0.871111797643095,0.158573529993342,-0.0887405324134668,-0.30532328472782,-0.54804869346369,0.00789165541759898,0.047537161520668,0.204026218819255,-0.0416689724338992,-0.36492514373193,-0.188078064503996,-0.154191899868186,0.450560777990722,0.489676285731517,0.0927481065847374,0.250685115086988,0.198134889242143,0.304755900730767,0.943708354770187,-0.0254395273580214,0.431487433023845,0.17738767968613,-0.0560461205184393,1,0.177666637008686,0.574245593351265,0.337029956999543,0.430688416919788,0.46936637652379,0.634170675235932,0.546988311042281,0.418764521232951,0.122896696071623,0.346299792534182,-0.311414199930274,0.153903958177075,0.392336179689392,0.185632605764143,0.0278094193037604,0.151952061556419,-0.237801976593153,-0.05273852427052,0.377521451079741,0.189467375772663,0.166549209461751,0.210288928017074,-0.568399507044732,-0.530388823946456,-0.684330203472066,-0.757742495017371,-0.635904614084187,-0.342452381435844,-0.398828275745019,-0.119530971691416,-0.215898144363509,-0.530454962016442,-0.0906245919023885,-0.331411732911173,-0.245113101113514,-0.193951993766741,-0.50133873346357,0.05359255181151,-0.245243561824732,0.0974008911494678,-0.342555258215268,0.253263417469553,0.694996124287806,-0.252063032231677,-0.0319393676357156,-0.169149595268668,0.0325393732322193,0.0213345484975752,-0.277577382178087,-0.0268012807485243,-0.0276332232279692,-0.0200429151722307,0.422825891242525,0.0851141796534779,-0.184518398873613,-0.445628125383169,-0.707378933690892,0.115550679412502,0.12434669131458,0.350850083472378,0.157434438377794,0.0120929366151195,0.208017472288733,0.29769729004551
0.215566487362671,0.345978186331081,0.31980534629016,0.501457519943945,0.0518707729084589,0.0977415649788765,0.571790614765048,0.617635446572015,0.357526837645717,-0.234045477310645,-0.367107041440837,-0.222687025415588,-0.364570395593734,0.128733607922445,0.448642593240848,0.780610744530613,-0.748892223730309,0.468552661021933,-0.170896736088166,0.586057643343337,0.0693377920642537,-0.564610215221141,0.20357086359451,-0.510649544332774,0.237247275053534,-0.440682801509594,0.256093556999728,-0.216907984937421,0.403931823759191,-0.228024346078885,0.0108810939963835,0.848602813938083,0.197591033330712,-0.237548865071671,-0.481343817863771,0.177666637008686,1,0.243841023982009,-0.355383447763065,0.317908350214329,0.00787447067712285,-0.377090379442455,0.214347002412797,-0.0370230735612589,0.186216335184934,-0.0951088873351081,-0.505324465672848,0.022126349723453,-0.0520985520592928,0.107377266152537,0.34891023981472,0.33487078079571,0.441154180593481,0.335051082036281,0.0451977728246829,0.324988319265129,0.802155098624515,0.433627430612638,0.0363267857731374,0.00371168132814796,-0.45476704667913,0.105586579840839,-0.0614483803149047,-0.0482186443232297,-0.268134276707902,-0.185668095882858,0.221564835720574,-0.328629911403065,-0.500047821975999,0.131942477260733,0.000577791418085498,-0.372417458066433,-0.107199066823299,0.395381059606464,-0.352300453245327,-0.591616002779863,-0.326769197032988,-0.165008672169774,-0.190082847991682,0.306706383095794,-0.630484987771551,-0.455440834650008,-0.346996464315786,-0.531970987047106,-0.473331622898769,-0.41869992605552,-0.277738385242673,-0.61646927438677,0.279808499008465,-0.104856468403506,-0.0582272902952007,0.0612710046950884,0.0166042158929291,-0.24034797033953,0.0168609416971178,-0.0721980675794467,-0.189648001589647,0.0890817903757988,-0.115227132789693,-0.00958240086038695
0.534651045138316,0.0691876318691138,0.666927003558405,-0.284203305452964,0.091664703485916,0.691711932631875,0.673808695049682,-0.0209368984456048,0.192122109879424,0.677167865940876,-0.508445145448395,0.158096968271445,-0.833409150033895,0.371853004786321,-0.147327237516176,0.0313380368087614,0.075447706586126,0.475937419268508,0.54415353559234,0.537555580070495,0.757145372669705,0.303531811297216,0.586146379997875,-0.0655552506204211,1.00254260391028,1.11284971490364,0.141844851949692,-0.171690219699726,0.669306483756873,0.218748400465238,0.284042438242747,-0.516926794352778,-0.228186727053094,0.168421885902456,-0.308587811590779,0.574245593351265,0.243841023982009,1,-0.241156639991706,0.615846941212189,-0.135762673919545,0.105239875302648,0.100901394308222,0.0669921870457914,-0.236294889719056,-0.635226229087315,-1.0797718131512,0.181138474052466,0.398861204223913,0.370618299685958,-0.182686206352187,-0.190908810601238,-0.154630467795088,-0.0443295678418142,0.469864361183593,0.615634444855641,0.0404335164642544,-0.31147147831428,-0.338611736454417,-0.202458853586202,-0.427350834951823,-0.968214721546464,-0.685201736442147,-0.142451176461594,0.0817926507450349,-0.454113264447411,0.223802350647084,-0.0283532533361877,-0.0163725914324852,0.280024735234676,0.280499321248224,0.0522995733928603,0.15043646015806,0.0116060812082344,0.384292778047516,0.414783452619758,-0.112660106938095,0.386987932477919,0.0311992810440226,-0.944472395537509,-0.165877114970416,-0.541573431584218,-0.449424652810219,-0.236991288611581,0.0785279170602828,-0.341660339262333,0.160998414329785,-0.245647373327874,0.886959652334375,-0.769057538064537,-0.763134512748952,-1.17624772679858,-0.611877548720859,-0.710948755710056,-0.526045037260725,0.00976714516449406,-0.874108714441133,0.122493614165194,0.383728632936296,0.636718958374084
0.349545206966782,-0.239018723396998,0.1434018373467,-0.276235269895249,0.02402042995405,0.598431305359835,-0.0866998551008726,-0.336939211484968,-0.175792988264213,0.386905440395493,0.0154249431666623,-0.270383002645855,-0.160455651730895,0.148239632698749,0.117240426744533,-0.309429241334753,0.198011223654687,-0.381920684080129,0.488747209808409,-0.209262763549603,0.175479071462124,0.194215959046412,0.0971887162810894,-0.136701857396951,-0.188820145844978,0.725965229534725,0.0982634017548861,0.381175943408953,0.032028922500096,0.36309980088374,-0.130185448127022,-0.73650997923571,-0.500195770390927,-0.130690067747584,-0.0518645593938877,0.337029956999543,-0.355383447763065,-0.241156639991706,1,-0.249643057477196,0.13284994411922,-0.0917819631784944,-0.238366426407797,0.445005314636829,0.149734641182034,-0.0708234207643268,-0.372597088948397,0.447517949109544,0.436670983477864,0.206908735683457,-0.226189837131745,-0.456548516112835,-0.259614354293074,-0.161339333069449,0.424016763344342,0.232924562829288,-0.512481339675616,-0.580964620533222,-0.147625782563602,-0.171970635886728,-0.160927496289049,-0.505273225108075,-0.0214556887472661,0.709854129372347,0.702553793125602,0.526738928851473,-0.0879157340849375,0.196741477160372,0.240337674293477,-0.0363532787918427,0.393021015711435,0.159228347215051,0.436731140416058,-0.436586523778308,0.142348730615312,0.467255624048701,0.0119250690777868,0.123844855299824,0.0484368589888847,-0.870388325665131,0.13406807831872,-0.0452951704651994,-0.170910041810553,-0.0570014531498406,0.187441655963685,-0.146508756770318,0.0579044705250493,0.038884697080354,0.185722284821974,-0.267665050012018,-0.620717261693848,-0.7427618588408,-0.657522963101515,-0.192107777084541,-0.398359406466253,0.515402190052941,-0.347889859363975,0.241846184543994,0.345160592742256,0.17537056904747
0.875752724607239,-0.000918408897058909,0.217918202372297,-0.149355460891869,0.0393961881521794,0.673251921746834,0.454248757487432,-0.303353603196108,-0.242434426310905,0.374311687186532,-0.49425770258106,-0.382005229326736,-0.68441773985849,0.123152206993735,-0.261891539421292,-0.0588106209790593,-0.0886188029710588,-0.12360646906339,0.353101606302682,0.0752750516065764,0.275764366532888,0.0964570837024349,0.336820937102004,-0.393398210543722,0.44490494646331,0.679649345046064,0.336496603720921,0.235630856413564,0.408765189250618,0.321036416412227,0.421201959933911,0.00236886416385054,0.170921413307726,-0.109581780472739,-0.178649194072383,0.430688416919788,0.317908350214329,0.615846941212189,-0.249643057477196,1,0.338751424831676,0.503682953532628,0.436256534239255,0.843042016708574,0.270380004676555,0.161352463357077,-0.520820323534616,0.593592945963042,0.957629131192586,0.682501064525243,-0.195050165917592,-0.412041919198735,-0.07877682053363,-0.0906754076037086,0.496821225974785,0.538105180904038,-0.328317152907044,-0.512872147749956,-0.383310390770815,-0.0598779992415208,-0.358038674509469,-0.675880551517821,-0.215019518127981,0.528420856563314,0.411035047544903,-0.0190535783706338,-0.00184453088176059,0.241796862306251,-0.140252860491709,-0.00316355632466458,0.468370750081653,-0.227808715780521,0.315362996478762,-0.286955764068234,0.171884389551225,0.302504224313158,-0.395642308635378,0.100613566270556,0.318685144343229,-0.772440708984847,-0.215191164097354,-0.486099879015961,-0.657779912656479,-0.458982928218783,-0.255988102662768,-0.441997066857184,-0.197952448015264,-0.360185378379468,0.340160737221833,-0.567445736315332,-0.627226941429562,-0.826315841740684,-0.911381449565246,-0.421913170425037,-0.724353522386438,0.510651421508417,-0.486063451575617,0.206571448851767,0.460608378357285,0.565423425755524
0.261916414120866,-0.164036806464865,0.412016241406836,-0.615870818029068,-0.0710773908654956,0.53136948191463,0.100778727184549,-0.191920107012216,0.259880748903929,0.76020286523939,0.235268708815241,0.321522051906395,-0.252979253961158,0.571296256149237,0.0974188784069606,-0.567018219387088,0.0837082526653797,-0.14126691323742,0.578778505871643,-0.0697853164771261,0.578685903519187,0.139739194038499,0.0584243487597321,0.184763049152275,0.722301411388659,1.08084601584525,-0.376767592041446,-0.0163834205187086,0.283311571631191,0.28340563432529,0.203219498146838,-0.471102990303861,-0.409535288094045,-0.0936806885529616,-0.253796559676309,0.46936637652379,0.00787447067712285,-0.135762673919545,0.13284994411922,0.338751424831676,1,0.161464949829134,-0.0476525710409597,-0.0520059387969505,-0.0978180281798239,-0.210825850596135,-0.7799559977137,-0.155517626258979,0.323499098779992,-0.0151047176731408,-0.219336322433448,-0.0598157942573342,-0.300120626664667,-0.180206869878322,0.418517607474341,0.47678925636252,-0.138730784883555,-0.12739601278749,0.0707800481841974,-0.0520546488942188,-0.00375138667481356,-0.42217291988413,-0.21085165121265,0.0105920474394777,0.296684242184518,-0.00343252577713092,-0.00429268510383328,0.033030021802117,0.218616530989208,0.062008616113585,0.0759223408380741,0.393616079532418,0.19081806674451,0.0884738465176547,0.369687140270882,0.693859172955863,-0.0183760555981259,0.475763074574082,0.000797264602396597,-0.46718113102107,0.197581544828814,-0.3206089062447,-0.13238813641909,0.026767649750942,0.029331834421814,-0.145547477292386,0.273850060342108,-0.0122557821238551,0.532546052418695,-0.304553206760567,-0.322084592076327,-0.568576636602198,-0.360156616534458,-0.0624347251240393,0.133696273463646,0.0853804431058559,-0.368060525948835,-0.246903253884466,0.314154280725966,0.396067487915158
0.499601568290534,0.317595192346419,0.380402106633756,0.0623800251070113,0.260796163755181,0.773150224809422,0.672286060452527,0.138619902167835,0.0907012300971712,0.435113451661725,-0.221104756683087,-0.147492763704181,-0.212478683571904,0.387806492760188,-0.265023143011326,-0.0412128407985293,-0.0518281134000936,-0.0219870343944369,0.546456700365934,0.0612540661419509,0.321770246543623,-0.205957198594148,0.232919638277939,-0.30673666959973,0.233092879081951,0.890255090559937,0.0583251415183289,0.0683468916158231,0.163065357685695,0.341465826672099,-0.16253704283039,-0.433118762183304,-0.14969444769919,-0.20784408296013,-0.612295310268643,0.634170675235932,-0.377090379442455,0.105239875302648,-0.0917819631784944,0.503682953532628,0.161464949829134,1,-0.355333959029032,0.574219836963138,-0.0801861751568616,-0.194171579456344,-0.773091225260296,0.234994353037255,0.442308562464123,0.42218983688839,0.113761710523465,-0.203325517747399,-0.0749695742553372,0.0441005231776971,0.369802955514231,0.559969510180926,-0.145497117926345,-0.368664355553017,-0.132062287138325,0.00374170190419243,-0.00475314670237775,-0.356553874446641,0.0273353996207412,0.501842462468837,0.635920674133295,0.125577717016659,0.19149707426102,0.118990560521702,0.0641770390099304,0.0983701485829626,0.452727032602512,0.131011568262228,0.300676011083566,-0.192338911879251,0.266174695531499,0.41079081345771,0.0814192461560678,0.240403874133949,0.175675585200448,-0.518989791895958,0.0198954434147754,-0.347702110709353,-0.465822546338026,-0.451244600609794,0.0401049730829609,-0.325375464589661,-0.0490664352476281,-0.187658166227936,0.354738919143666,-0.232358942588453,-0.389566469589141,-0.629999703359492,-0.420856672088158,-0.614993878733168,-0.513796359377888,0.572930818810729,-0.314190334966691,0.329746744338451,0.443154444494716,0.511788531045452
0.714524326750034,0.0564671956155976,0.27867079078988,-0.192894262407713,0.297125644826105,0.703823231314048,0.452215797814874,-0.0728567322579222,-0.0943163839571788,0.656466994384202,-0.00110703344581942,0.163717358456576,-0.0558113140875031,0.276195172167027,0.126866776719368,-0.416782152768815,-0.316541956761865,-0.126867193131915,0.389602643358773,-0.124876000306102,0.20639886851522,-0.262921401727681,0.0581576277195218,-0.659998358606291,0.651060054413152,0.580237253042654,-0.671331193601204,-0.467320598307532,0.422397786002637,-0.320908642469987,0.0459078354847045,-0.0177290659325675,-0.382727323750389,-0.2828103884249,-0.616221859866661,0.546988311042281,0.214347002412797,0.100901394308222,-0.238366426407797,0.436256534239255,-0.0476525710409597,-0.355333959029032,1,0.220302124370559,-0.110616316514967,-0.535372095643293,-0.881163528764969,0.292557665521067,0.626168789055982,0.555691247885796,0.0208791483858872,-0.29753276161979,0.00795724875182915,-0.0055322249571686,0.285147121310281,0.462642377368469,-0.339782879754864,-0.164078773292947,0.40013915793087,0.595211289142225,0.313698485829039,0.00638740758566519,0.352103954524121,0.75781738331543,0.771049379289938,0.318233882767334,0.312636668718639,0.352331147914632,0.13309267464456,0.135860814993547,0.50691914627003,0.15830030984865,0.298751798297438,0.255730193999413,0.114295573041153,0.32219372001358,0.206072400786931,0.205451684910146,-0.0145976756949128,-0.359077665415738,-0.083307095799095,-0.142356813678305,-0.334759061010819,-0.224264842789599,-0.250674335634588,-0.115946476515847,0.111211428838634,-0.263744078989489,0.446154000833343,-0.401416138067003,-0.306887911994538,-0.311169228329047,-0.00340366459532288,-0.444066560269119,-0.372954878029307,0.169079812642316,-0.59512997624809,0.00493334114320354,0.39719468694892,0.803456926422328
0.365767962636931,0.133280172695669,0.779743885172007,-0.508818117775807,-0.200106621453623,0.518727672756044,0.61429605584951,0.284270390754352,0.415767506322137,0.536375023457319,-0.575641043612265,-0.150679928902329,-0.894613553843154,-0.0118404365311498,-0.791757433373782,-0.0852648593353241,0.105326914717467,0.463459320340452,0.428717599432047,0.456678518465794,0.290246932011987,0.116843734241971,0.132117401482238,0.301819509015635,0.788667827294406,0.864890145273849,-0.0753871474072894,-0.0842802439105129,0.327754788037859,0.184401398873583,0.589651977718484,-0.674835866710564,0.389050093659228,0.131760450612766,-0.202355720370229,0.418764521232951,-0.0370230735612589,0.0669921870457914,0.445005314636829,0.843042016708574,-0.0520059387969505,0.574219836963138,0.220302124370559,1,-0.101788286786651,-0.278148698524,-0.725772085673066,-0.191998140865214,-0.023474637630815,0.056796071164087,0.0131509384751488,-0.00356004108886834,-0.304277572698686,-0.348903253819088,0.4664661950106,0.245949166927084,-0.0781923473404903,-0.287696562545824,-0.414207373441831,-0.264536225281382,-0.517021453880834,-1.07325207141587,-0.814402019861151,-0.117640817889793,0.0883767272217184,-0.643786466054859,0.0610762198270442,-0.145041486483012,0.0906102358070526,0.0443550898476475,0.129606755255123,0.185907456765541,0.0962852464903715,0.454137255637453,0.365219826387644,0.569380196196763,0.260585605628821,0.347825337124619,0.430458537024697,-0.514166621140882,0.290095209392677,-0.542421682734584,0.0741446534175251,-0.0341508801254895,0.379922174139793,0.0589489491074508,-0.0685750847369264,0.00931515083288448,0.826683579791633,-0.068661881327238,-0.366878149507025,-0.724643262267714,-0.390834331618451,-0.141441388694497,-0.00520480367386761,-0.143510725074148,-0.196706119758263,0.0897403820269615,-0.029166341421674,0.402477274449419
0.0473564230711637,0.410283027934883,0.281026272262057,0.286455871027615,0.453185241176631,0.144880717183347,0.19329606037281,0.53184053159465,0.423160500136455,0.274721094615449,0.176015176057036,0.0312006390843466,0.23304322980744,-0.0820004351784189,0.225041272574923,0.0124117104936377,-0.203861302214671,0.1590645594645,-0.099132155132516,-0.168555795231127,-0.399212257160494,-0.263097892374421,-0.0538308230769916,-0.113556246665437,0.119117650536723,0.0256970221621289,-0.513223342644148,-0.386208782346377,-0.0936998897295026,-0.0602977821785568,0.0372716599599705,0.00727577616694751,0.328755515066625,-0.0938588070847595,0.0318522273768168,0.122896696071623,0.186216335184934,-0.236294889719056,0.149734641182034,0.270380004676555,-0.0978180281798239,-0.0801861751568616,-0.110616316514967,-0.101788286786651,1,-0.372204235305579,-0.117082453357596,-0.0894064699226871,-0.184323360049135,-0.120061701544236,0.507329097743767,0.323889698934779,0.254410983763306,0.351225862159016,0.221580001394797,0.375364423393254,0.414764379608271,0.471849718002649,0.510235233729845,0.269693935108727,0.339238922975884,0.145271267844962,0.325215602165622,0.301218268201866,0.425375951221402,0.182221853558562,-0.0790378669786749,-0.0699538673299899,0.101258513574715,0.180329023499837,-0.129431282157605,0.324676189251841,0.0547124710310091,0.5041096642784,0.013173925249812,0.24448945003154,0.446135646639124,-0.0763952758004049,0.375360983729072,0.530558862318638,0.0317301852203824,-0.151619586182161,-0.0639489870720556,0.0963916734783057,-0.089302349595815,0.402506741787801,0.0965365781216205,-0.233806371422754,0.184450073245951,0.0412878112731734,0.262561006415838,0.437676433990101,0.712381645682206,0.077229580268608,0.0813190685389572,-0.107510268294416,0.0627469997940039,-0.195974426702192,-0.124786114066255,0.20779491430846
0.220508131749282,-0.55556058935017,0.133197378624715,-0.710527541858501,-0.344046919556612,0.350701847183248,-0.111330815316249,-0.379776577965479,0.0388704422804407,0.562242372040713,0.346012410616861,0.513541603268144,0.105893619914928,0.379219477866901,0.0152501125065333,-0.444054813138401,0.256349331491493,-0.273576050208392,0.454842781096685,-0.116389720364299,0.367013581283963,0.0735938611745615,-0.0319480143027092,0.349622678826721,0.417405120790222,0.605920524112699,-0.476572651798324,0.267616402154592,0.203470742281962,0.0147458799721243,-0.416163715278267,-0.301211275297887,-0.631524005581231,-0.353682289984002,-0.432912303858482,0.346299792534182,-0.0951088873351081,-0.635226229087315,-0.0708234207643268,0.161352463357077,-0.210825850596135,-0.194171579456344,-0.535372095643293,-0.278148698524,-0.372204235305579,1,-0.565811387082329,-0.135158892736017,0.0215619853117667,-0.126864431598741,-0.0939403506104147,-0.0750789813658793,-0.293081236063505,-0.459160529667617,0.200116870868603,0.23015190607289,-0.206153601188888,-0.417243730221841,0.399381968456473,-0.0363829503996557,0.21974396262399,-0.00497457947158816,0.154172075120397,0.0680840499062522,0.26868674207574,0.0140263714584817,0.394901784030645,0.233875300004778,0.194601060679264,0.0652058161151545,0.179241207352686,0.54870650619339,0.514486684785033,0.104941846481771,0.480532780224247,0.680335341021404,0.51730967436397,0.649316050592226,-0.437601169000508,-0.00816027177628073,0.591290475212276,-0.121944628530917,-0.244955183200459,0.125087333356859,0.235815195508776,0.0266757424500313,0.391305562538439,0.297805497765012,0.301186326742891,0.160848331916645,0.165155885458976,-0.0744368922963747,-0.137046172287091,-0.117435760572107,0.298088724542878,-0.106382671333657,-0.0179341000748391,0.0906305598327829,0.259500139565392,0.174735785624511
-0.422371245301001,-0.162268123738138,-0.317968550641978,-0.0975044874826453,0.189042934608606,-0.125594033375135,-0.616116496627822,-0.193971781433475,-0.11577687331775,0.323666589441016,1.19808782953649,0.523883075981048,1.00707165150004,0.104050752290041,0.478391090925335,-0.37110834583547,0.743231510569641,-0.33121682636803,0.245477972021686,-0.549194603018262,0.00597103822162726,0.505112562350242,-0.0877735486910945,0.506010125131183,-0.227994695102527,0.296346325656621,-0.667742326750585,-0.0682714425251114,-0.332233671617796,0.00301766736803574,-0.843517511056038,-0.406841984387011,-0.696230029790897,-0.310168587521518,0.153873280262228,-0.311414199930274,-0.505324465672848,-1.0797718131512,-0.372597088948397,-0.520820323534616,-0.7799559977137,-0.773091225260296,-0.881163528764969,-0.725772085673066,-0.117082453357596,-0.565811387082329,1,-0.490983836618414,-0.607555161024962,-0.730488186508459,-0.0874091865631724,0.0258705279988043,0.215115134957706,0.191063667820085,0.0541610256877689,-0.225776443377007,-0.225263494322063,-0.0133615267080673,0.928944928360695,0.673346629267457,0.967062523793156,0.638111841520044,0.742000613540001,0.41037112569412,0.785046033610917,0.838547502251382,-0.214111214298662,0.456124924590539,0.591430415126294,0.34090288055966,0.3559439361588,0.796510111202614,0.518820084291963,0.114190667977528,0.544658847864585,0.753632665753518,0.767882294964197,0.221516823228134,-0.601864007638148,0.0835443544779658,0.715152116366525,0.165704160538354,0.178479647228149,0.331312081531182,0.593539923845245,0.292260659033912,0.159513082432047,0.376942706296908,-0.303922331297119,-0.0695002578639824,0.121088632431007,0.302522014064238,0.669609512043453,0.0542008718112,0.273895019850392,-0.527204683976374,-0.0289998168731072,-0.295379542198109,-0.440132342882166,-0.4056222881188
0.0227672757447206,0.171535236305811,0.434587093615121,-0.279289676629971,0.0512431491061377,0.150098748201407,0.168764980202913,0.108869196831102,0.0693746763292412,0.857377272891763,0.140020775634174,0.347104373880625,-0.218384049369716,0.146162046169422,-0.216292797401326,-0.408108158962556,0.171389976556574,-0.12776995389752,0.265657252879125,-0.167779353030374,0.227446815720193,0.20194347688781,0.168056672149622,0.330674770289313,0.718198395476712,0.776910850496391,-0.329504147464591,-0.313624117793688,0.0622630033435283,0.240565428878916,0.379876096872456,-0.0885840631382415,0.039161618152541,-0.186176628706105,-0.134608534492694,0.153903958177075,0.022126349723453,0.181138474052466,0.447517949109544,0.593592945963042,-0.155517626258979,0.234994353037255,0.292557665521067,-0.191998140865214,-0.0894064699226871,-0.135158892736017,-0.490983836618414,1,-0.00395941653406934,-0.0901762503136242,-0.0276951160048361,0.0653173786496894,-0.0964008270641636,-0.0213382867484668,0.25657637727458,0.0752539440620311,-0.0242714663833882,-0.134131864186784,0.396680169954223,0.357712884936486,0.207284174112894,-0.385808654929776,0.00723078753930861,0.210239729654628,0.477278005864022,0.066432476813397,-0.142910653798758,0.223042251128228,-0.0474937065362051,-0.18101240344478,0.346439536928094,0.504687340634169,0.234534358892002,0.608034265246282,0.5813607923548,0.722123821588597,0.380158859934332,0.398714728733548,0.318124548693604,-0.114529717602684,0.11695312033841,-0.567136460031813,-0.187767370901321,-0.0658507807766522,-0.0395284456871398,-0.11322776949912,0.130525538609999,-0.168496583404811,0.13447263870896,0.00679050499872318,-0.108411987929279,-0.00112969736333286,0.296402790235912,0.0880719082138991,0.428276940833626,-0.103607468469593,-0.0367210351018964,-0.644481790661555,-0.0102597915704133,0.153727680251226
0.28725292072052,0.0426197113152501,0.69380403057632,-0.52689467640433,-0.375489542798778,0.275780193201362,0.681854910488745,0.242334400853,0.290090115437191,0.384011882283552,-0.663810658598835,-0.262869866341847,-1.12374670334231,0.0980179576551831,-0.160510576736331,-0.117384447304983,-0.243436985364104,0.269534212663112,0.0728760291791232,0.52155976114384,0.404990088257465,0.0397090550775608,0.114458187962813,0.367662744073502,0.820286726366031,0.731170251306772,-0.101881183404518,-0.189457329277189,0.597142868792473,0.331453362211873,0.704377222163354,-0.372585293254435,0.374620984755774,0.0735523585712547,-0.109323251957337,0.392336179689392,-0.0520985520592928,0.398861204223913,0.436670983477864,0.957629131192586,0.323499098779992,0.442308562464123,0.626168789055982,-0.023474637630815,-0.184323360049135,0.0215619853117667,-0.607555161024962,-0.00395941653406934,1,0.117633927528671,-0.128910548995607,-0.136638196136881,-0.47345113704519,-0.345804144817427,0.151184246845711,0.277677133906335,0.153274617435687,-0.168210268850775,-0.604119963693737,-0.555572822233722,-0.836075830962551,-1.15576208021673,-1.09325121641557,-0.667981830221742,-0.377674884216068,-0.439981365283393,0.0827274462011297,-0.717285805090058,-0.266358221817516,-0.253225975866988,-0.15588883355559,-0.0711417260728685,-0.476949387272599,0.430455777715743,0.149232363193486,0.318989129116593,-0.0848615551262255,0.147439101471296,0.488802929474575,-0.405954693103425,-0.0746958227023899,-0.714358997869978,-0.133509142085843,-0.162161196696,-0.0959132661620197,-0.0744855623032815,-0.235883462565801,-0.441098312130573,0.64218600443054,-0.051721109219619,-0.28966305300953,-0.838114239886754,-0.479608584818639,-0.00600129871480701,0.237733142062693,-0.101024510276157,-0.0703246607002088,-0.223134832917146,0.00134524010143067,0.299302396244758
0.398650118633025,0.0531209019108395,0.75460964177215,-0.332282488790062,-0.161939236497106,0.39835346683272,0.672779732013574,0.202407013348725,0.193409824833317,0.570112893434967,-0.447506638939554,-0.0932376290941002,-1.00621757498694,0.146928222863058,-0.213263869186792,-0.143629674036062,-0.110502380125791,0.133355230326095,0.205970093910443,0.253472024091006,0.361630026680845,0.193010988494254,0.195317858521136,0.300605868989093,1.04179778246755,0.922698277380842,0.0291554642849636,-0.141314260326038,0.467464367166796,0.332538876672519,0.633817236532786,-0.168561383105152,0.292217432600665,-0.178550594778396,-0.14455167905767,0.185632605764143,0.107377266152537,0.370618299685958,0.206908735683457,0.682501064525243,-0.0151047176731408,0.42218983688839,0.555691247885796,0.056796071164087,-0.120061701544236,-0.126864431598741,-0.730488186508459,-0.0901762503136242,0.117633927528671,1,-0.178737712543084,-0.0262030661270629,-0.223883629030724,-0.180671175835434,0.443862967541849,0.365377575722226,0.128991426588426,-0.273167099027567,-0.378161310643791,-0.230842323381069,-0.473954703144163,-1.03043755650092,-0.742932572384102,-0.308557576142176,-0.0484357401533183,-0.24261924935,-0.0934647972491694,-0.381758950452245,-0.325128961550215,-0.202423056213786,0.0442296157952973,-0.0494893617189729,-0.146043278251612,0.274510972891157,0.347163988139571,0.5252122851703,-0.107131989725482,0.187870305267411,0.365351627033354,-0.487601742205443,-0.0855803322800531,-0.906917587642424,-0.35552017431349,-0.335816267302864,0.00203371605849906,-0.318211633946701,-0.164433568925506,-0.482167243475932,0.46106085756918,-0.385816184225175,-0.484646922597956,-0.800365141547846,-0.473164735842786,-0.159844637736762,0.0428760423276965,-0.126769441759797,-0.273783039042148,-0.225390050505873,-0.129643157111905,0.18963626394567
-0.276204308101871,0.143910170166031,0.202802953360471,0.182289033044169,0.0245695656040773,0.0310636034497902,0.123375339550679,0.0669958008456304,0.24787697042586,-0.141649182564595,-0.341522455843947,-0.149030236552817,-0.381340561574059,-0.170541399506893,-0.718850554419431,0.2826074333251,0.289403780084776,0.421353835820431,0.0386611282319441,0.311628660880547,0.0659427671706681,0.216829878671205,0.298841589326855,0.0469933945276715,0.0997369569787424,0.100463157594799,0.662171446062542,0.556076669270662,0.217241085690855,0.406496249893366,0.0626312951172968,0.0339763407223666,0.638604015511468,0.243719147648936,0.0291754884040114,0.0278094193037604,0.34891023981472,-0.182686206352187,-0.226189837131745,-0.195050165917592,-0.219336322433448,0.113761710523465,0.0208791483858872,0.0131509384751488,0.507329097743767,-0.0939403506104147,-0.0874091865631724,-0.0276951160048361,-0.128910548995607,-0.178737712543084,1,0.280992640462683,0.104138175140563,0.195108272551056,0.477163226219899,0.0441700161603265,0.0821845936306141,-0.0230411577112917,-0.296159335834834,-0.0228536963464561,-0.0535439420119375,-0.146628841249279,-0.115711549068701,0.0125744663684932,0.125822569462471,-0.138771913815399,0.034484576876619,0.0955590475293205,0.174819527878312,0.38184133149103,0.468105051260219,-0.0153642371599253,0.284150484436476,-0.136200235441496,0.1555235943714,0.065759865846107,0.00376972476452414,0.100520449544679,-0.156286810952747,-0.272161907326797,0.165503263185089,0.0168816758800579,0.0881369967213405,0.0749379600600023,0.313414210095595,-0.183963716556629,-0.185687452363059,0.0900571610573939,0.321547302711968,-0.150053838900296,-0.105111922430296,-0.159051554289529,-0.268899335229279,-0.256476896953399,-0.0634056900709015,-0.17982582728345,-0.11711137988578,0.421141155321332,-0.151502841256701,-0.168145476781962
-0.0747545881162495,-0.186371058634767,-0.302575810791287,-0.000370944028146636,-0.0850043212644371,-0.203442252617708,-0.0441337171374154,-0.187291112343266,-0.0216246797462628,-0.315011451605619,-0.303680519082403,0.0465163155977588,-0.124779474605366,0.134704638516967,-0.549078803412946,0.623029258370857,0.401894932805731,0.681269433045546,0.371040789851263,0.629718258459559,0.350594176889111,0.16229361240092,0.503747897869164,-0.165820335128078,0.112978527024009,-0.413026314197035,0.577239774986129,0.0672825348077873,0.0683009925500584,-0.194722075701279,-0.287726477572074,0.258139514254925,0.512445359331566,0.171184858498369,-0.016145392308774,0.151952061556419,0.33487078079571,-0.190908810601238,-0.456548516112835,-0.412041919198735,-0.0598157942573342,-0.203325517747399,-0.29753276161979,-0.00356004108886834,0.323889698934779,-0.0750789813658793,0.0258705279988043,0.0653173786496894,-0.136638196136881,-0.0262030661270629,0.280992640462683,1,0.059419598474888,0.056887134439536,0.132932279950486,0.0125223561829013,0.194840814776547,-0.043621590796951,-0.0651356921459365,-0.203316871621689,-0.0996595366619913,0.186555484943846,-0.142548697606634,-0.0801634974903059,-0.148224970731699,-0.752952720132388,0.333766182924351,0.318644758360646,0.0776015088504505,0.691323102957493,-0.0397051026771092,-0.178905363155589,0.554786497725132,-0.268173157462404,-0.0172165652491999,-0.512884863427098,-0.383529065623781,-0.283975619836037,-0.508235161661126,0.111826627598931,-0.125392553918699,0.219248792353766,0.0954307220826938,-0.154558009277417,0.161396338132391,-0.176337552651503,-0.20382816791637,-0.045032122236767,0.395261469025964,-0.295965044558606,0.347326906566562,0.125513000924714,-0.0879904849752622,-0.479087659137781,-0.543710619643045,-0.0432237334944938,-0.315839265964809,0.775403982180865,0.00962005481326953,0.0464280289363883
-0.382390711149322,0.0186729176109353,-0.307450238621482,0.0527941919172634,0.0946336026097841,-0.516560591369852,-0.102600118395574,0.00722438411714721,-0.237902223105523,-0.255881959255442,-0.125649118999785,0.315699006342093,0.164091723835234,-0.218488297384888,-0.437539026476207,0.373947220003807,0.284280628858536,0.727365213107663,0.216576240079157,0.347685955055987,0.0600954200910524,0.18615618372802,0.377105651010109,-0.0372989413965936,0.180602095337369,-0.531888327941623,0.201295592075555,-0.374817580114355,-0.107641585248317,-0.565611082028606,-0.0764469309321441,0.24626170901513,0.538383058624854,0.38646875809913,0.349051357983243,-0.237801976593153,0.441154180593481,-0.154630467795088,-0.259614354293074,-0.07877682053363,-0.300120626664667,-0.0749695742553372,0.00795724875182915,-0.304277572698686,0.254410983763306,-0.293081236063505,0.215115134957706,-0.0964008270641636,-0.47345113704519,-0.223883629030724,0.104138175140563,0.059419598474888,1,0.063371092314561,-0.14234596432068,-0.507469309987283,0.0596358138652082,0.218117055596505,0.29220248828208,0.152176250751476,0.24622091542778,0.372495128047425,0.155426463441716,0.148104403707055,0.0259937890307498,-0.587470531843653,0.288215816907775,0.633869378486108,0.206923470029068,0.507639588926023,0.00423712277701144,0.226870510422171,0.434556376539929,0.32974032758757,0.213656200519855,-0.315388276875489,-0.128948268200555,-0.160224331955891,-0.124931807486048,0.427155863660012,0.0197114995336614,0.330401810112301,0.359039741629648,0.227094892891253,0.305374850042226,0.220195706783441,0.081110819020891,0.050668212172012,0.0857785108081299,-0.0854124603595184,0.455884779508105,0.337241257247383,0.579903361329894,-0.0927551222051642,-0.193797524602549,-0.416978009415932,-0.0976581019303869,0.246037943095516,-0.336579516277814,-0.0356462055572634
-0.232183015516665,0.257439004397275,-0.160632669364994,0.322303908341524,0.300063297290217,-0.360838189726828,-0.108329478215959,0.219315426871027,0.0364150193771962,-0.650049090838564,-0.371497599756419,0.0945307404104426,-0.183965277009104,-0.189696620224932,-0.550211283743992,0.772210318358816,0.334253737991585,0.996546478211034,0.201708139218845,0.829238095331293,0.239460385821493,0.263512285328668,0.662414472749846,-0.0651662275645009,0.0124122626082195,-0.381135682932492,0.637172327837221,-0.206615238161627,0.168895384085531,-0.121768721706433,0.100153820891363,0.156245035132553,0.55392110587792,0.584722941518546,0.436621853769809,-0.05273852427052,0.335051082036281,-0.0443295678418142,-0.161339333069449,-0.0906754076037086,-0.180206869878322,0.0441005231776971,-0.0055322249571686,-0.348903253819088,0.351225862159016,-0.459160529667617,0.191063667820085,-0.0213382867484668,-0.345804144817427,-0.180671175835434,0.195108272551056,0.056887134439536,0.063371092314561,1,-0.155409098716868,-0.149187044091258,0.166870430726157,0.0287818326531561,-0.313280361048857,-0.075096612141637,-0.23054662985524,-0.0886628653234919,-0.334875988554222,-0.225863780780117,-0.192417485824872,-0.597325511153698,-0.0626856095834789,0.219779854891655,0.112702164669161,0.616927473771275,0.194673603073079,-0.197555825106392,0.178374714889335,-0.0108845914692803,-0.137653250020392,-0.506899045460199,0.0132106386334821,-0.100559635377915,-0.0750564577262497,0.263328035830981,-0.175830214011549,0.16294467597071,0.34482554236169,0.04921245680595,0.387011218970669,-0.0660418505962405,0.0836152150534053,0.0514694443135643,0.276441395755687,-0.206371604943548,0.12520045849322,0.123555075620872,0.293747459094235,-0.23281702994417,-0.364353139120461,-0.404453279403348,-0.246386124392831,0.157199756756852,-0.277496167062321,-0.13352635591803
0.368258205621717,0.298895640819901,0.453822903378982,0.116700758312208,-0.283291702614686,0.158559158845208,0.662621546132922,0.504875717413642,0.298014531897639,-0.397005713767973,-0.713402797102885,-0.85238919376175,-0.583072997175853,-0.256020617710107,-0.783598669167301,0.586006466620522,-0.294594008567231,0.549526341131552,-0.117323782431,0.777308477353725,-0.227299713900501,-0.333018626001332,0.223194417714151,-0.235654480738336,-0.0655977676394889,-0.454558856231289,0.41549665723128,0.0277684610073763,0.256480119944113,-0.0287184854886943,0.336003383927441,0.0266114471706599,0.865313210382831,0.011674092309698,-0.00792765517867067,0.377521451079741,0.0451977728246829,0.469864361183593,0.424016763344342,0.496821225974785,0.418517607474341,0.369802955514231,0.285147121310281,0.4664661950106,0.221580001394797,0.200116870868603,0.0541610256877689,0.25657637727458,0.151184246845711,0.443862967541849,0.477163226219899,0.132932279950486,-0.14234596432068,-0.155409098716868,1,0.130846501699443,0.293295939602069,-0.0978597635152893,-0.722438706408795,-0.380063348571364,-0.81724072427123,-0.26034342014262,-0.602068938782789,-0.0852672439897733,-0.357295248908487,-0.574826035391716,0.117676685359372,-0.505839130219556,-0.450098691782481,-0.0779609060361853,-0.128466955608132,-0.69748181762672,-0.137913555212379,0.273240441098026,-0.592034817858866,-0.675190228259204,-0.0761502752760325,-0.511236126633849,0.453810285501901,0.0395276860229377,-0.409075469657804,-0.313345019817854,0.0806303932759875,-0.402713383682318,-0.0551034448218881,-0.0155842765611627,-0.508722157030452,-0.307088172881168,0.437689592585325,0.213099826298665,0.121082157704316,0.0793779593385144,-0.213370402895323,-0.0316049818973776,-0.264711460644545,0.170298404774858,0.0921087845015713,0.658437202368715,0.0700486034978453,0.334816627808744
0.119077763889137,0.212480174497995,0.379114101855669,-0.276851168847664,-0.259556637662475,-0.00568346797002073,0.228824257784197,0.090604545363354,0.147077059050281,-0.106503532365823,-0.584159542531876,-0.429092533485824,-0.857558642782914,0.226580518701154,-0.179029691739627,-0.168164839392008,-0.108653417171398,0.386163042005693,0.150270334564269,0.452974692824099,0.354876324581775,-0.214574574885045,0.167999316851336,-0.0724974644841813,0.367092275136821,0.198171518043677,0.45249559362367,-0.010675344568251,0.387724955410128,0.212468153286546,0.460197259431655,-0.309518815590857,0.466078367645596,0.18914318090198,0.00657715103092893,0.189467375772663,0.324988319265129,0.615634444855641,0.232924562829288,0.538105180904038,0.47678925636252,0.559969510180926,0.462642377368469,0.245949166927084,0.375364423393254,0.23015190607289,-0.225776443377007,0.0752539440620311,0.277677133906335,0.365377575722226,0.0441700161603265,0.0125223561829013,-0.507469309987283,-0.149187044091258,0.130846501699443,1,0.173881662290125,-0.037619558905278,-0.755302079231094,-0.63229236751704,-0.732489910197887,-0.793801436506213,-0.867334668850197,-0.451160047500432,-0.491885303003161,-0.523861644047353,-0.196929331131334,-0.475162164564036,-0.210935670421375,-0.0862565778041677,-0.132026984892874,-0.35630393793566,-0.340973424177856,0.0739016741853677,-0.122433963824178,-0.139810695405206,-0.342691850411484,-0.175106710741399,0.411098872535321,-0.314274198389953,-0.179129352428445,-0.182389166778449,0.134808960431355,-0.131307131476913,0.1212308142202,-0.0437953079029784,-0.046248730243809,-0.181951701667347,0.434798489952095,0.0366512798583681,-0.118555766719554,-0.420043665439214,-0.432493897856509,-0.114951376505954,-0.169718480468706,0.245682834761428,0.0174100107288464,0.280493479308048,0.23623015321966,0.335085510421792
-0.132073913792222,0.0887516555288739,-0.193861240963456,0.0130064511037175,0.139625536988266,0.011441957438393,-0.0888239482574888,-0.173710932009179,0.121424486743663,-0.238692002641901,-0.361632764595726,0.261896513248446,-0.245656074641453,0.374505718115954,-0.689232524659714,0.313530594787117,0.33631610172394,0.601362678982253,0.547681059385209,0.636311030488682,0.66434617151426,0.0203488973710761,0.550832988004975,-0.316970874465981,0.370035579492705,-0.108968121922132,0.824639552123883,0.0140894679970561,0.26433239458916,-0.056850175010795,-0.158333984843449,0.290233993207942,0.135726818812073,0.226455411616213,-0.231405045228988,0.166549209461751,0.802155098624515,0.0404335164642544,-0.512481339675616,-0.328317152907044,-0.138730784883555,-0.145497117926345,-0.339782879754864,-0.0781923473404903,0.414764379608271,-0.206153601188888,-0.225263494322063,-0.0242714663833882,0.153274617435687,0.128991426588426,0.0821845936306141,0.194840814776547,0.0596358138652082,0.166870430726157,0.293295939602069,0.173881662290125,1,-0.00231983794923885,-0.175005124726453,-0.178169896119746,-0.0291680611421579,0.00767807165919621,-0.237683403722316,-0.151156824002354,-0.265865721808092,-0.934895283298063,0.162494966518194,0.444552896529871,0.0219988929898104,0.614496070392327,0.0950711852258529,-0.27592086480146,0.442191263501618,-0.461022666625741,0.00409415303928404,-0.452179849491271,-0.407934221467429,0.0368228428530309,-0.578488968919076,-0.163913616569937,-0.22590154200521,0.265627589110666,0.136903646532327,-0.125047267433804,0.272720503759544,-0.406389256989008,0.367475308958352,0.0192460432979371,0.472566586780979,-0.449959737846966,0.134067117127127,0.0334827130843026,-0.210627233722397,-0.617315007287678,-0.667334962234923,-0.00893708287307622,-0.507397680139704,0.555359376219915,0.207765539177996,0.201855528895
-0.302113492591979,-0.0493420252599847,-0.406753163560465,0.01112001788699,-0.11543590302879,-0.288801208813215,-0.0572693718833872,-0.246901452444125,-0.176882849552389,-0.395686363464004,-0.213092570319596,0.207561617562115,-0.039299379625187,0.182270095986245,-0.450992083638517,0.616787423556598,0.316262967661109,0.818210943076273,0.440358918043982,0.474075652941683,0.444186458871007,0.150128000565864,0.48764502524652,-0.314361769714368,0.0582461441074239,-0.479155226033282,0.474975762510644,-0.112763498166155,0.148609963450721,-0.349136443564551,-0.156597241178443,0.381268464500795,0.451249788381105,0.431948560749444,0.0422524607959985,0.210288928017074,0.433627430612638,-0.31147147831428,-0.580964620533222,-0.512872147749956,-0.12739601278749,-0.368664355553017,-0.164078773292947,-0.287696562545824,0.471849718002649,-0.417243730221841,-0.0133615267080673,-0.134131864186784,-0.168210268850775,-0.273167099027567,-0.0230411577112917,-0.043621590796951,0.218117055596505,0.0287818326531561,-0.0978597635152893,-0.037619558905278,-0.00231983794923885,1,-0.0822445651809791,0.121249813160809,-0.0268629280309744,0.417987833103028,-0.00498473147101691,0.00527807095324558,0.029911640877373,-0.614002084341115,0.282662335720683,0.520991348098673,0.273056892847897,0.856331436536736,0.190696601960625,-0.0799083367960733,0.539469894806239,-0.216119651733755,-0.099508307236189,-0.608381335566557,-0.351213167758221,-0.172326175842263,-0.55146438194551,0.277805296639478,-0.12252278421987,0.390425543448132,0.364727436256048,0.0374821181348265,0.221178289459348,-0.0949270084213375,-0.103747695778453,-0.259825168274662,0.331514843883477,-0.402206543787744,0.237540917799601,0.0696107147403871,0.101327623153806,-0.433051691778101,-0.32605704826632,-0.356131134388868,-0.388604809172423,0.493874192482153,-0.177959632775425,-0.0356449455786402
-0.643702515106378,-0.390206059532005,-0.460881952150576,-0.036944538522024,-0.485829515737254,-0.823176808729516,-0.427075247122773,-0.377095655652192,-0.679003577051719,-0.68400414082528,0.0029223834603308,0.0765282970862623,0.345874373687811,-0.567850973395724,-0.0653373348402569,0.471025874962566,0.51134627664681,0.183682039842576,-0.332089942775206,-0.035269621681949,-0.271946804139094,0.571467113276394,0.306121082873689,0.534419530412621,-0.621339363873477,-0.848974348289866,0.337527687287496,0.305963771866263,-0.24391943026519,-0.206522451854717,-0.248207238790224,0.329885611579484,0.449188266507925,0.346654393680092,0.945434128850238,-0.568399507044732,0.0363267857731374,-0.338611736454417,-0.147625782563602,-0.383310390770815,0.0707800481841974,-0.132062287138325,0.40013915793087,-0.414207373441831,0.510235233729845,0.399381968456473,0.928944928360695,0.396680169954223,-0.604119963693737,-0.378161310643791,-0.296159335834834,-0.0651356921459365,0.29220248828208,-0.313280361048857,-0.722438706408795,-0.755302079231094,-0.175005124726453,-0.0822445651809791,1,-0.0809815625578783,0.103401826092992,0.572590611109081,0.244921793744221,0.0829256424528492,-0.213873505784511,0.0484052205814533,0.218410037633855,0.441044664414605,-0.0991420966650868,0.0146967190906066,-0.0474937870290559,0.195390261686668,0.399136431547567,0.272199442464063,0.0621467339988632,-0.323235641991731,-0.0262290413276272,-0.1126371372724,-0.309181888855201,0.63648632476793,0.298205426966613,0.268596479261208,0.294323497445707,0.296183893186759,0.344839448084555,0.21694083728994,-0.244679167765699,0.0964837879576207,-0.638449980466569,0.376951841907717,0.459984014657819,0.43276626917516,0.302574472441119,0.30273519371334,0.552794639138066,-0.568717370610549,0.47749979081779,0.0325203979952982,-0.575753474923584,-0.763899226327289
-0.393691160858615,-0.179836909904451,-0.18243904031443,0.256543700436035,-0.102752929377237,-0.622788624594264,-0.0350409113439766,-0.065324122376572,-0.453331723535958,-0.596914872872466,-0.427607116267214,-0.283615777053451,0.115572373270238,-0.967218982597739,-0.208316607428168,0.487892152884286,0.210448569337069,0.44944173417454,-0.714195682008819,0.0785487328848129,-0.570305237379784,0.486598977095539,0.189317438036719,0.106461106222209,-0.413155193510554,-0.646110564291602,0.0253309347160329,0.0555623419830466,-0.0423512470232822,-0.242307581630166,0.214195587418613,0.188746060449724,0.815609152029407,0.551384999201408,0.877268720713376,-0.530388823946456,0.00371168132814796,-0.202458853586202,-0.171970635886728,-0.0598779992415208,-0.0520546488942188,0.00374170190419243,0.595211289142225,-0.264536225281382,0.269693935108727,-0.0363829503996557,0.673346629267457,0.357712884936486,-0.555572822233722,-0.230842323381069,-0.0228536963464561,-0.203316871621689,0.152176250751476,-0.075096612141637,-0.380063348571364,-0.63229236751704,-0.178169896119746,0.121249813160809,-0.0809815625578783,1,-0.0709911560908262,0.13439307463488,0.140699624549428,0.0059576687724297,-0.0194056801349958,0.251151240240411,0.238350338004393,0.125563219540855,0.164149044393291,0.234629831871641,0.266155406747727,0.0924539051824299,-0.00688391342619421,0.417126788093792,-0.0173874189813348,-0.180864440288918,0.0517593099490064,-0.221130042567285,0.200002003052074,0.310572318810773,0.291615304065204,0.229406655634777,0.252281852517286,0.373278996708172,0.179122074254477,0.394606107077456,-0.531160099974016,-0.0517776939859164,-0.276056803634139,0.0691566232648331,0.0663495219900112,0.0690056275794693,0.271219816841432,0.0828003584480974,0.198618106761363,-0.628944210656645,0.207336087188465,0.128385094935869,-0.634092308780143,-0.416587862254139
-0.517732544566854,-0.3288627531199,-0.542393175577524,0.0166470823435762,-0.478928449312868,-0.958287383751812,-0.226949126008216,-0.173380834246389,-0.718399914945581,-0.712278451127628,-0.148595703252082,-0.0643556206512634,0.461788786992285,-0.770475351981478,-0.184614510386466,0.791103405095356,0.583065567996976,0.419819589477241,-0.458275227387696,0.0176713936030599,-0.36634357053451,0.701215489063862,0.450478954293293,0.545380127774615,-0.696809536028946,-0.977429337563332,0.191940759624612,-0.0379536225754185,-0.416154980419099,-0.355556556380572,-0.29044300138016,0.397206564539053,0.551610835429157,0.442177288288212,0.922866728721936,-0.684330203472066,-0.45476704667913,-0.427350834951823,-0.160927496289049,-0.358038674509469,-0.00375138667481356,-0.00475314670237775,0.313698485829039,-0.517021453880834,0.339238922975884,0.21974396262399,0.967062523793156,0.207284174112894,-0.836075830962551,-0.473954703144163,-0.0535439420119375,-0.0996595366619913,0.24622091542778,-0.23054662985524,-0.81724072427123,-0.732489910197887,-0.0291680611421579,-0.0268629280309744,0.103401826092992,-0.0709911560908262,1,0.551098961654404,0.178408313954155,-0.0297587368934832,-0.236227645772801,-0.140857741658356,0.301640419024946,0.374897684796824,0.0707742119689144,0.207898343768446,-0.0534899780267471,0.252510297915342,0.364431138717157,0.293529067080948,0.178584319121475,-0.363365701285321,-0.0703780923247015,-0.352917727944072,-0.192306292118748,0.767013486849088,0.31235835211535,0.182588743720507,0.281314287877704,0.276684734007815,0.262527274388723,0.319528636403538,-0.594095501852956,0.0613705782720253,-0.614911253102407,0.339021640071306,0.535891939893716,0.393709213685155,0.41721108700945,0.174742129715805,0.427354402954501,-0.674691993810361,0.451377678636858,0.0785699735161138,-0.724835441967947,-0.743569921966055
-0.977450734621792,-0.470435719889077,-0.724949808769794,-0.0130041776520857,-0.272245093593681,-1.07815017348356,-0.310846935847963,-0.307295875638845,-0.247450811974661,-0.580141659565909,0.0407970870610102,0.567189679255608,0.0854519809991212,-0.592122834752876,-0.382212980656601,0.567883417598823,0.747914681346955,0.420329195191907,-0.320759886473769,-0.231266537244302,-0.206921228751885,0.587981917910349,-0.114663291341813,0.749434239268845,-0.0961161228551306,-0.705630693686324,-0.127426061482593,0.0292025766012426,-0.533932302611115,-0.413801147125452,-0.486341648245066,0.157687969927893,0.495776211987616,0.57567471237037,0.504394720514401,-0.757742495017371,0.105586579840839,-0.968214721546464,-0.505273225108075,-0.675880551517821,-0.42217291988413,-0.356553874446641,0.00638740758566519,-1.07325207141587,0.145271267844962,-0.00497457947158816,0.638111841520044,-0.385808654929776,-1.15576208021673,-1.03043755650092,-0.146628841249279,0.186555484943846,0.372495128047425,-0.0886628653234919,-0.26034342014262,-0.793801436506213,0.00767807165919621,0.417987833103028,0.572590611109081,0.13439307463488,0.551098961654404,1,0.305293692927209,-0.354755828071199,-0.04156579703658,-0.398460951607266,0.41352382423839,0.620371889282498,0.501314492260954,0.665005851632044,-0.163336673426185,0.730970880466296,0.340996042914083,0.103400337244694,0.70983454487293,0.0878485271849011,0.146971980946444,0.0801150057722528,-0.68254573038706,0.748715394900854,0.754673480444174,0.468562617489092,0.396200541846863,0.642879933037563,0.301983489159191,0.318248208497028,0.0294154285479701,0.20213239919988,-0.396454336803288,0.191844728389498,0.690800963623025,0.298718621766818,0.708608709067291,0.067100864783543,0.673135426289083,-1.05118585116363,0.234800550372858,-0.287333253458471,-0.897226519235044,-1.04431222140871
-0.676304740876607,-0.527587055986842,-0.471137704950727,-0.19168928994585,-0.668045671157816,-0.996181691532124,-0.0868286754046271,-0.239345196720163,-0.608375098265605,-0.533898966013956,-0.320983889241645,0.0642479524108315,0.0366765949893356,-0.94573353208628,-0.833180946104876,0.578774769819815,0.534730930014077,0.588529182328218,-0.506383119537773,-0.064431660466681,-0.614504820577891,0.521290499508821,-0.000439108642985797,0.509022955300043,-0.322649560284764,-0.89628749766791,-0.10542417489668,-0.0569012933742121,-0.265797752319363,-0.644051659743136,-0.109144668920067,0.171936460007948,0.987702184077187,0.642533955540316,0.68630345403299,-0.635904614084187,-0.0614483803149047,-0.685201736442147,-0.0214556887472661,-0.215019518127981,-0.21085165121265,0.0273353996207412,0.352103954524121,-0.814402019861151,0.325215602165622,0.154172075120397,0.742000613540001,0.00723078753930861,-1.09325121641557,-0.742932572384102,-0.115711549068701,-0.142548697606634,0.155426463441716,-0.334875988554222,-0.602068938782789,-0.867334668850197,-0.237683403722316,-0.00498473147101691,0.244921793744221,0.140699624549428,0.178408313954155,0.305293692927209,1,-0.0881913931331684,-0.0758558242489125,-0.415723877845976,0.631957423689628,0.520654593111839,0.553740371362789,0.420500404360748,0.0344026426123833,0.610331265067428,0.387075095497957,0.668653434480636,0.394829885737005,-0.115997175760862,0.268439847761694,-0.16785265976118,-0.233807803084243,0.742266488215922,0.818190008304273,0.563847959596272,0.734112886967752,0.800661955782602,0.496729379851128,0.806625194303832,-0.329948210158968,0.302969025704255,-0.141542981338432,0.643543463689562,0.843805072602725,0.412236526721252,0.601326112503505,0.351185700456269,0.652818175524562,-0.990346582001755,0.635849867723947,0.311984932076836,-0.87115735443173,-0.618312138375609
-0.247410125442617,-0.0689251834366135,0.286852092904395,-0.0101683915938932,-0.234705051634226,-0.198215506731132,0.538271658674168,0.356124785896956,-0.0921222889536048,0.153513928447383,-0.682889700675531,-0.333282316354766,-0.35301889007113,-0.949922508745174,-1.07313832331297,0.396564241299255,0.0814446591926676,0.329288655258467,-0.563584011829523,-0.0960385583959792,-0.879718656044386,0.230951759330365,-0.21672524944555,0.332853363677854,0.0382458684538589,-0.175383392930986,-0.269873927268679,-0.0925580863324112,-0.0739065636287363,-0.327828101735669,0.509278210601204,-0.238573228422013,1.30549638045239,0.44321595671524,0.631667296890969,-0.342452381435844,-0.0482186443232297,-0.142451176461594,0.709854129372347,0.528420856563314,0.0105920474394777,0.501842462468837,0.75781738331543,-0.117640817889793,0.301218268201866,0.0680840499062522,0.41037112569412,0.210239729654628,-0.667981830221742,-0.308557576142176,0.0125744663684932,-0.0801634974903059,0.148104403707055,-0.225863780780117,-0.0852672439897733,-0.451160047500432,-0.151156824002354,0.00527807095324558,0.0829256424528492,0.0059576687724297,-0.0297587368934832,-0.354755828071199,-0.0881913931331684,1,0.218113745666358,-0.229990788261797,0.252040758258375,-0.0866513658190323,0.280530754694232,-0.0394733540505414,-0.0896949543625035,0.357178435191947,-0.0502818351839676,0.904870660006614,0.281108388723898,0.212081975964352,0.544892064594957,-0.212949000796866,0.569579249066865,0.251913066964541,0.620422111056745,-0.0407261745958338,0.452809958886125,0.450254472381639,0.282470272537758,0.689782060465776,-0.27105822715191,0.150346837684726,0.149792937381766,0.455341000040677,0.211711873232876,0.0801999183386302,0.383907483552398,0.350362121638519,0.498542474638203,-0.561479164205135,0.494295223639566,0.154256433706742,-0.695736196322597,-0.133972824910322
-0.140760363930743,0.083286301812172,0.167336133828197,0.147623140787854,-0.190705036248329,-0.224907893018351,0.199511760293871,0.275404095671358,-0.207066701708688,-0.223634927398407,-0.440281152454366,-0.615843892426393,0.143593489283691,-0.907178693589368,-0.521711349792368,0.185587689603444,-0.0347371756833162,0.103977117782124,-0.694390120190908,-0.228849730221937,-0.990811449411143,0.21235625171466,-0.161788690871918,0.170170653079566,-0.63591068820966,-0.374351803794787,-0.0907340480029532,0.085016023680594,-0.129954218725818,-0.0310937031443102,0.622367854994666,-0.323934189314981,1.01741022107674,0.38106601874145,0.89650494014865,-0.398828275745019,-0.268134276707902,0.0817926507450349,0.702553793125602,0.411035047544903,0.296684242184518,0.635920674133295,0.771049379289938,0.0883767272217184,0.425375951221402,0.26868674207574,0.785046033610917,0.477278005864022,-0.377674884216068,-0.0484357401533183,0.125822569462471,-0.148224970731699,0.0259937890307498,-0.192417485824872,-0.357295248908487,-0.491885303003161,-0.265865721808092,0.029911640877373,-0.213873505784511,-0.0194056801349958,-0.236227645772801,-0.04156579703658,-0.0758558242489125,0.218113745666358,1,0.355968294769439,-0.131196648084611,-0.224045368521216,0.0638765922552651,-0.332725508067578,-0.0864967899558752,0.0234093752950439,-0.201558889980805,0.733882708096292,-0.212502487519007,0.00764106017843635,0.333545295469076,-0.318796922732065,0.767018771741304,0.0819496755328211,0.340913706452099,0.0499472880079507,0.443191183094979,0.313628281166784,0.158710737179357,0.630097426987804,-0.621781930818479,0.077558431307311,-0.231478351472517,0.439212442492184,0.0121517826898751,0.170861947100102,0.208766172611655,0.472537404215463,0.316754131901864,-0.269756268579831,0.57044523953104,0.105745183794159,-0.581190989119151,-0.145477835719956
-0.32513911274652,-0.552728860448922,-0.420272000834328,-0.434884377572438,-0.613193515389809,-0.614660752150311,-0.395546615664909,-0.58276959263823,-0.662971903629814,-0.200872196687735,0.215702495903058,-0.368795644726666,-0.0428302024996304,-1.07039218599599,-0.65780551190189,-0.258959343831336,0.633580287010986,0.0776451400078286,-0.603435990610704,-0.0674088256285774,-0.291345970116523,0.546870580614457,-0.282886669558059,0.513768922241977,-0.459741143224853,-0.285250393339683,-0.532510066524718,-0.0814573007535041,-0.0893463373099712,-0.0530356875972007,0.210889104618423,-0.671732032794405,0.420165619394768,0.520776918004043,0.66605785879779,-0.119530971691416,-0.185668095882858,-0.454113264447411,0.526738928851473,-0.0190535783706338,-0.00343252577713092,0.125577717016659,0.318233882767334,-0.643786466054859,0.182221853558562,0.0140263714584817,0.838547502251382,0.066432476813397,-0.439981365283393,-0.24261924935,-0.138771913815399,-0.752952720132388,-0.587470531843653,-0.597325511153698,-0.574826035391716,-0.523861644047353,-0.934895283298063,-0.614002084341115,0.0484052205814533,0.251151240240411,-0.140857741658356,-0.398460951607266,-0.415723877845976,-0.229990788261797,0.355968294769439,1,0.243500599123517,0.0222684099435368,0.720944375636933,0.10497080596134,0.666885758928274,0.460153968409099,-0.176452584854968,0.687367007710632,0.214855760447764,0.307617037956928,0.754778300281286,-0.204610727189745,0.348093958958735,0.133488639466662,0.868990349637812,0.584834164053985,0.831540555460344,0.904885609758624,0.525424725950666,1.0149423055492,-0.0157880287323038,0.484263665282251,0.0834862211086441,0.809516142359343,0.401952956193516,0.238479012934454,0.505945594664843,0.588770098259934,0.475703606233609,-0.579927147411812,0.644133725566458,0.0208617146921992,-0.19912606642825,-0.0673893992134579
-0.181758113730232,-0.160186148020663,-0.135095468447095,0.0758392168929521,-0.22787831993319,-0.138138405650522,-0.187048114138391,-0.186871247025779,0.170616411759264,0.135035262686347,-0.0410184572509578,0.343713188992213,0.177685365773039,0.273310419408304,0.201305785441052,-0.0203339536608431,-0.296348861396491,-0.228323575428782,-0.153129491247987,-0.22569794457353,-0.0136103030440057,-0.219332781447867,-0.128674683880121,0.00719989919717371,0.196755155832877,-0.0495514170526639,0.0686217741207335,0.590053867649402,0.230321689285616,-0.00142562738240737,0.0595744040054831,0.523206771612184,0.0625214995688011,-0.0937034909396353,-0.226664465425769,-0.215898144363509,0.221564835720574,0.223802350647084,-0.0879157340849375,-0.00184453088176059,-0.00429268510383328,0.19149707426102,0.312636668718639,0.0610762198270442,-0.0790378669786749,0.394901784030645,-0.214111214298662,-0.142910653798758,0.0827274462011297,-0.0934647972491694,0.034484576876619,0.333766182924351,0.288215816907775,-0.0626856095834789,0.117676685359372,-0.196929331131334,0.162494966518194,0.282662335720683,0.218410037633855,0.238350338004393,0.301640419024946,0.41352382423839,0.631957423689628,0.252040758258375,-0.131196648084611,0.243500599123517,1,0.290317822797627,-0.15433137866657,0.00844187453639586,0.0596608267994491,0.0719772317491194,0.33021934964871,0.0744903075500942,0.123984029413635,0.178424065644018,-0.238393487369793,0.499897922808319,-0.39388885937721,0.144551558062805,0.105120895933839,-0.0996563178571675,-0.357496715862072,-0.152073831902514,-0.372318259735873,-0.439830718952393,-0.214299427102617,-0.187480804743489,-0.286999935441782,0.0721948499353249,-0.0604139653285221,0.157739454686107,-0.130631700711323,0.0978058042130189,0.57633221387023,-0.137723281921032,-0.00734270174211218,-0.20677323594149,-0.103140920762466,-0.361771000450666
-0.424071753215726,0.0744766804986094,-0.202747873982701,0.275926645808259,-0.114813580093713,-0.544474089163337,0.464182586580099,0.40737193151291,-0.119479350105155,-0.116835751639824,-0.184540729330628,0.134811520811274,0.479526023132763,-0.401332571053524,-0.118207562848363,0.651366520610426,-0.169576838795281,0.110052632120281,-0.550288028451495,-0.145119933226551,-0.699640155822304,0.110153694716776,0.0438559677566542,0.414383470606862,-0.190193794548635,-0.528196354558555,-0.0822040558860714,-0.0731335126129704,-0.208578401013759,-0.305846081136889,0.0310822744290951,0.482439371670154,0.598248349025753,0.173821333210967,0.528231395532947,-0.530454962016442,-0.328629911403065,-0.0283532533361877,0.196741477160372,0.241796862306251,0.033030021802117,0.118990560521702,0.352331147914632,-0.145041486483012,-0.0699538673299899,0.233875300004778,0.456124924590539,0.223042251128228,-0.717285805090058,-0.381758950452245,0.0955590475293205,0.318644758360646,0.633869378486108,0.219779854891655,-0.505839130219556,-0.475162164564036,0.444552896529871,0.520991348098673,0.441044664414605,0.125563219540855,0.374897684796824,0.620371889282498,0.520654593111839,-0.0866513658190323,-0.224045368521216,0.0222684099435368,0.290317822797627,1,-0.213597174734418,-0.163616985229688,-0.546212703371823,0.246215596130273,0.00672046127729398,0.481748807977264,0.219827322521093,-0.0968118013793804,0.0668118960074135,-0.0566798727994658,0.0599438467964785,0.656759879516942,0.0948198900233629,-0.151003015797385,-0.0790630227425786,0.0469269123093637,-0.13707385897204,0.148074267073935,-0.342092582075644,-0.00360597662025328,-0.479007845115572,0.23213920746331,0.370429085100856,0.35612728273818,0.519554128446065,0.201268334769737,0.523145571070517,-0.432522873957176,0.304713067427536,-0.230716804834136,-0.668235021849722,-0.479556301539978
-0.430830705690761,0.27035679546126,-0.286906614142764,0.503577949402565,0.0296067427066957,-0.236328287856002,0.0571615735701995,0.345112240863002,0.0272557623950467,-0.593978246241041,0.0918209981617139,-0.326985844276373,0.410868727400629,-0.323224567091123,0.450625558853039,0.360275329964844,-0.442785823656881,-0.145932639825233,-0.55018416849857,-0.289220399877089,-0.624542380839,-0.306640579713608,-0.203371128994765,-0.100233839725313,-0.863790447044263,-0.55173399721194,0.108889715347142,0.188097265455107,-0.407851684092401,0.0769827592267948,-0.201722631252088,0.292993492412851,0.205784367723041,0.119334488770434,0.397115588322689,-0.0906245919023885,-0.500047821975999,-0.0163725914324852,0.240337674293477,-0.140252860491709,0.218616530989208,0.0641770390099304,0.13309267464456,0.0906102358070526,0.101258513574715,0.194601060679264,0.591430415126294,-0.0474937065362051,-0.266358221817516,-0.325128961550215,0.174819527878312,0.0776015088504505,0.206923470029068,0.112702164669161,-0.450098691782481,-0.210935670421375,0.0219988929898104,0.273056892847897,-0.0991420966650868,0.164149044393291,0.0707742119689144,0.501314492260954,0.553740371362789,0.280530754694232,0.0638765922552651,0.720944375636933,-0.15433137866657,-0.213597174734418,1,-0.23951464736238,-0.105839327503261,0.0192540740336867,-0.265506894892254,-0.00540785042236347,-0.472139585400953,-0.366560586219664,-0.0324673106368096,-0.238171354529246,0.173297265167811,0.46819203037525,-0.165948968312506,0.169363763953301,0.186478575481388,0.0873441051013895,-0.13581437722761,0.246345067419431,-0.188380222189078,-0.0536823464115189,-0.673104262136666,0.330858408569402,0.119059156438906,0.339476857015417,0.40684846392405,0.495741232532152,0.440126756941071,0.0502323331422103,0.476592207083523,-0.185344321904086,-0.389209492397633,-0.552320562555104
-0.467570761352389,0.608320313407328,0.0029204808216671,0.686968575252962,0.224194938990879,-0.30691047479705,0.400362219017186,0.582014120233867,0.367554940626873,-0.510553276030974,-0.158644450237701,-0.223326284900424,0.225092733530551,-0.145529889141728,0.0558176437132436,0.568460415722564,-0.546541114106062,0.223991293919681,-0.560767907844869,-0.062444463495231,-0.564727473735409,-0.468803163758076,-0.138597631846523,-0.276438233889899,-0.288530604291959,-0.704555862219949,0.305479566118887,-0.0134072850663763,-0.240207164257087,-0.171578022678459,0.0103964989357802,0.613870043708982,0.649798963123347,0.177819221367111,0.144798067414394,-0.331411732911173,0.131942477260733,0.280024735234676,-0.0363532787918427,-0.00316355632466458,0.062008616113585,0.0983701485829626,0.135860814993547,0.0443550898476475,0.180329023499837,0.0652058161151545,0.34090288055966,-0.18101240344478,-0.253225975866988,-0.202423056213786,0.38184133149103,0.691323102957493,0.507639588926023,0.616927473771275,-0.0779609060361853,-0.0862565778041677,0.614496070392327,0.856331436536736,0.0146967190906066,0.234629831871641,0.207898343768446,0.665005851632044,0.420500404360748,-0.0394733540505414,-0.332725508067578,0.10497080596134,0.00844187453639586,-0.163616985229688,-0.23951464736238,1,-0.373017511042028,-0.190111509363635,-0.267850950103283,0.197966402592144,-0.33009090912873,-0.600815468736498,-0.392127049421523,-0.34968990770182,0.0601969977420271,0.529458090737263,-0.38727694191508,0.11374595771808,0.0820154648826492,-0.0867358578530475,-0.329900484720167,0.00462719607530962,-0.230325861257713,-0.267410599893964,-0.299211591858324,0.0947538853653682,0.323003922068951,0.574938612466423,0.46174066580591,0.0615607927169632,0.164168003929634,-0.0892037791661834,0.162557567661726,0.0614665777521573,-0.357132746163309,-0.299345950794555
0.028896565804579,0.161240099263711,0.167110076460309,0.510106550128284,0.0615848958006367,-0.178487588340966,0.342389457941414,0.336669046636803,0.0830894852260223,-0.278299519339755,-0.393835642727734,-0.498874702734034,-0.0763175769370414,-0.851476690559002,-0.0106970312034037,-0.02793463826118,-0.593947891816265,-0.095176343154459,-1.10254658860246,-0.101947907704739,-0.919626057985182,-0.286405016125442,-0.359279342451615,-0.100242918699454,-0.287927696059306,-0.20213939106254,-0.111225017638717,0.119516189766982,0.112935598279383,0.202783597516333,0.522673038634216,0.0190674333864145,0.730122071539814,0.0719553186798754,0.427882492389389,-0.245113101113514,0.000577791418085498,0.280499321248224,0.393021015711435,0.468370750081653,0.0759223408380741,0.452727032602512,0.50691914627003,0.129606755255123,-0.129431282157605,0.179241207352686,0.3559439361588,0.346439536928094,-0.15588883355559,0.0442296157952973,0.468105051260219,-0.0397051026771092,0.00423712277701144,0.194673603073079,-0.128466955608132,-0.132026984892874,0.0950711852258529,0.190696601960625,-0.0474937870290559,0.266155406747727,-0.0534899780267471,-0.163336673426185,0.0344026426123833,-0.0896949543625035,-0.0864967899558752,0.666885758928274,0.0596608267994491,-0.546212703371823,-0.105839327503261,-0.373017511042028,1,-0.0291540584368985,-0.553568394751567,0.677299203163755,-0.199084099908589,0.136376796284445,0.237111633969578,-0.0604824045649902,0.637444891398559,-0.0388814750835031,0.0254420624554565,0.0371079295151052,0.0013949472183252,0.225084480301052,-0.212672825584483,0.504835760219439,-0.393593702495838,0.127416328686146,-0.030016307189817,0.315297848652757,-0.0489824909958258,0.176099379218472,0.39353880960794,0.263158933726355,0.134091964490891,-0.120860369311058,0.367919986553018,0.0331706970390245,-0.23596598396968,0.0193506090916813
-0.185714231221663,-0.253804294215184,-0.68269615476663,0.0611470747800853,-0.363468840869821,-0.438806476144312,-0.288182306915585,-0.271692582011418,-0.56694445661067,-0.423056011374679,0.242164823870331,-0.105437699892779,0.785299848577437,-0.377163464513969,0.172028818575113,0.202877781893398,-0.0728447027037006,-0.336103634433207,-0.46109525785089,-0.346788735553693,-0.5481300088102,0.0322540831397868,-0.0160204562668727,0.0592774306042071,-0.984570044749941,-0.655617720005749,0.120539537290496,0.331962512450821,-0.267200538723341,-0.123587664894549,-0.164832537346899,0.324298207780434,0.0484429772794374,0.0210527126128413,0.524488491581276,-0.193951993766741,-0.372417458066433,0.0522995733928603,0.159228347215051,-0.227808715780521,0.393616079532418,0.131011568262228,0.15830030984865,0.185907456765541,0.324676189251841,0.54870650619339,0.796510111202614,0.504687340634169,-0.0711417260728685,-0.0494893617189729,-0.0153642371599253,-0.178905363155589,0.226870510422171,-0.197555825106392,-0.69748181762672,-0.35630393793566,-0.27592086480146,-0.0799083367960733,0.195390261686668,0.0924539051824299,0.252510297915342,0.730970880466296,0.610331265067428,0.357178435191947,0.0234093752950439,0.460153968409099,0.0719772317491194,0.246215596130273,0.0192540740336867,-0.190111509363635,-0.0291540584368985,1,0.194122271685371,0.0818846300265843,-0.131861019613667,-0.174915594249791,0.126455766254,-0.0763304978629372,0.0159744116269632,0.481639593783636,0.0893056276123795,0.398658412115922,0.127747445361165,0.129724147981396,-0.0341287056235216,0.283076795626459,-0.174241516478011,0.285513795819945,-0.716847647882669,0.504862710550974,0.310641143110518,0.508368971171687,0.157076677155978,0.508931523226899,0.260220105868554,0.0997342115107569,0.479578861691936,0.0527353927569305,-0.168344046710398,-0.360421924246276
-0.341580633128665,0.146149584304944,-0.00949393756898539,0.11255669346692,-0.182231493675653,-0.451629004937666,0.407723652922273,0.36375921383746,0.0319258982146653,-0.0730465737903632,-0.145979960596996,-0.104014899132227,0.242970384099998,-0.59216192504523,-0.571245744159142,0.409090746969153,-0.124161738372058,-0.0824018196270634,-0.706661825515731,-0.289515217010009,-0.838792671416635,-0.0543070520479638,-0.195758285139387,0.375972038457172,-0.209362699587484,-0.498007395499499,-0.0761658587366946,-0.0103223667599474,-0.407470439899796,-0.290720270186226,0.0117418147428803,0.270268786694542,0.912541773626381,-0.0588055584750732,0.400604506536815,-0.50133873346357,-0.107199066823299,0.15043646015806,0.436731140416058,0.315362996478762,0.19081806674451,0.300676011083566,0.298751798297438,0.0962852464903715,0.0547124710310091,0.514486684785033,0.518820084291963,0.234534358892002,-0.476949387272599,-0.146043278251612,0.284150484436476,0.554786497725132,0.434556376539929,0.178374714889335,-0.137913555212379,-0.340973424177856,0.442191263501618,0.539469894806239,0.399136431547567,-0.00688391342619421,0.364431138717157,0.340996042914083,0.387075095497957,-0.0502818351839676,-0.201558889980805,-0.176452584854968,0.33021934964871,0.00672046127729398,-0.265506894892254,-0.267850950103283,-0.553568394751567,0.194122271685371,1,0.698829780924455,0.33653238254404,0.035812427516348,0.0590755229320818,-0.255610837189956,0.25203120421575,0.615399620459183,0.241783557346483,-0.111646284149177,-0.0419179614604989,0.0600282251235579,-0.190099173241621,0.241769639664193,-0.416893881460292,0.116544505065243,-0.425382893745382,0.515323010804832,0.667082971823639,0.644904580230543,0.511844345825965,0.28613859471267,0.45064928765321,-0.206326610620399,0.496670368042747,0.0368146910374799,-0.480819506146403,-0.261032742819327
-0.0346825941545956,-0.299745020945359,-0.31252618638069,0.195868244991724,0.0101451273989527,0.162445680347116,0.0104713356267487,-0.426775782870314,-0.320722594879406,0.054247620267284,0.00965505649463239,-0.241265924724051,0.055593501105194,-0.309086751043128,0.154335954476047,0.137121697850627,0.0174288226653633,-0.252567196745664,-0.216765992035293,-0.0989264994878828,-0.156707659085848,0.193574165852708,0.208821424178841,-0.26934662327528,-0.0986307284298008,0.136223649707066,0.27232572064397,0.718023287630293,0.405602708027669,0.23786549936376,-0.0804803606586477,0.127234424426388,0.15994494107694,-0.196617719735984,0.185215289889582,0.05359255181151,0.395381059606464,0.0116060812082344,-0.436586523778308,-0.286955764068234,0.0884738465176547,-0.192338911879251,0.255730193999413,0.454137255637453,0.5041096642784,0.104941846481771,0.114190667977528,0.608034265246282,0.430455777715743,0.274510972891157,-0.136200235441496,-0.268173157462404,0.32974032758757,-0.0108845914692803,0.273240441098026,0.0739016741853677,-0.461022666625741,-0.216119651733755,0.272199442464063,0.417126788093792,0.293529067080948,0.103400337244694,0.668653434480636,0.904870660006614,0.733882708096292,0.687367007710632,0.0744903075500942,0.481748807977264,-0.00540785042236347,0.197966402592144,0.677299203163755,0.0818846300265843,0.698829780924455,1,0.199250187706578,0.368378365913059,0.0573044424546941,0.183168424489137,-0.262414799090404,-0.442583063739441,0.166806149288149,-0.0232091963599926,-0.562434382459968,-0.22468724480231,0.0253038027231922,-0.217595913357617,-0.0573601694044399,-0.255210933553867,-0.0167709319090402,-0.309412094482169,-0.423486855429602,-0.175303957910833,-0.156921798051548,-0.231249114287053,-0.289804349660797,-0.0176320709742446,-0.312519708330476,0.298439233105603,-0.0756165150847207,-0.0582994279093983
0.133474522878544,-0.059648965298208,-0.254385168839047,0.0395272363678247,-0.333139224268576,-0.225923932276212,0.00541735832699086,-0.161652277824783,-0.461291706367338,-0.133247014487748,0.0733639923933432,-0.136839623555509,0.740332024518384,-0.219756041468948,0.197154090236421,0.261989298690078,-0.034092660016833,-0.210450302071781,-0.381309716261032,-0.181704706499194,-0.394298773526578,0.165699575016881,0.326924517277407,0.121468796684646,-0.632045476617053,-0.420679522521277,0.291407447289867,0.195717613377257,-0.14910164251228,-0.0995761532690161,-0.228785161312044,0.352959363705911,-0.0413790658718857,-0.159558652432039,0.430254556058775,-0.245243561824732,-0.352300453245327,0.384292778047516,0.142348730615312,0.171884389551225,0.369687140270882,0.266174695531499,0.114295573041153,0.365219826387644,0.013173925249812,0.480532780224247,0.544658847864585,0.5813607923548,0.149232363193486,0.347163988139571,0.1555235943714,-0.0172165652491999,0.213656200519855,-0.137653250020392,-0.592034817858866,-0.122433963824178,0.00409415303928404,-0.099508307236189,0.0621467339988632,-0.0173874189813348,0.178584319121475,0.70983454487293,0.394829885737005,0.281108388723898,-0.212502487519007,0.214855760447764,0.123984029413635,0.219827322521093,-0.472139585400953,-0.33009090912873,-0.199084099908589,-0.131861019613667,0.33653238254404,0.199250187706578,1,-0.136062600016581,-0.170405602226506,-0.117015662040222,0.0641505211204672,0.320554554095384,-0.166433480869328,-0.112724513970072,-0.356889090855751,-0.293122590241541,-0.155469189443166,-0.0916924214900878,-0.435528956688204,0.0168577780571209,-0.616456331043817,0.242349203796865,0.077276421702927,0.364484221288826,-0.0502000371651407,0.0461986707232561,-0.0170557085249659,0.218930068148359,0.197131122527142,0.188503854654975,0.0209003113733706,-0.0633308913012469
0.420969439267207,-0.300716833550769,-0.197331072538073,-0.336013921284028,-0.670518631141968,-0.164304970600086,0.0591918198823156,-0.314369777375025,-0.682984208288169,-0.372990279791432,-0.00643382138581178,-0.816722748863473,0.150511765859004,-0.756422449130794,0.00903466700110098,-0.00979822702899991,-0.000450999662963136,-0.354903158103082,-0.57816138569146,0.0217052402895334,-0.49960978812625,0.109339929209663,0.143378016670585,0.167503349415351,-0.844772294551712,-0.334434000182713,0.0430200348385625,0.207430929067597,-0.187673582962976,0.103231904128763,0.0795042958349308,-0.161604456365254,0.210085939571646,-0.247674013715449,0.627338152041432,0.0974008911494678,-0.591616002779863,0.414783452619758,0.467255624048701,0.302504224313158,0.693859172955863,0.41079081345771,0.32219372001358,0.569380196196763,0.24448945003154,0.680335341021404,0.753632665753518,0.722123821588597,0.318989129116593,0.5252122851703,0.065759865846107,-0.512884863427098,-0.315388276875489,-0.506899045460199,-0.675190228259204,-0.139810695405206,-0.452179849491271,-0.608381335566557,-0.323235641991731,-0.180864440288918,-0.363365701285321,0.0878485271849011,-0.115997175760862,0.212081975964352,0.00764106017843635,0.307617037956928,0.178424065644018,-0.0968118013793804,-0.366560586219664,-0.600815468736498,0.136376796284445,-0.174915594249791,0.035812427516348,0.368378365913059,-0.136062600016581,1,0.0956450088938333,-0.34488295027768,0.654478909290859,0.174432426507132,0.000842276400788933,-0.147121458296338,-0.112635558624712,-0.163372816913368,0.00804003053124519,0.394504052333087,-0.592915420919906,0.138732112577092,-0.45640102407207,0.610246804620374,0.109813802149676,0.191128783679776,-0.0944946536425819,0.379919072153255,-0.0390656809663576,0.322013679566561,0.560930757101912,0.323932412541612,0.143643485459303,0.145816077593682
-0.0870505683081435,-0.274465404775759,-0.112465571479891,0.332305614363742,-0.163551207012682,-0.242126177319296,-0.424024810210466,-0.335646627760086,-0.531727746473581,-0.419513308481971,0.288232877187577,-0.584622803410426,0.238738675224872,-0.666005646900323,0.223342344324918,-0.197668610568196,0.106520362805778,-0.440106897108195,-0.421513898986958,-0.487213943205329,-0.681441217324696,0.145987313639248,-0.209108185417068,-0.0539284978311756,-0.790468493001011,-0.433021841455745,0.245383441614972,0.546956697102207,-0.528298580311442,0.359390922930174,-0.0832931762055908,0.0621638544519601,0.299894246983283,-0.2257525660415,0.601287389761323,-0.342555258215268,-0.326769197032988,-0.112660106938095,0.0119250690777868,-0.395642308635378,-0.0183760555981259,0.0814192461560678,0.206072400786931,0.260585605628821,0.446135646639124,0.51730967436397,0.767882294964197,0.380158859934332,-0.0848615551262255,-0.107131989725482,0.00376972476452414,-0.383529065623781,-0.128948268200555,0.0132106386334821,-0.0761502752760325,-0.342691850411484,-0.407934221467429,-0.351213167758221,-0.0262290413276272,0.0517593099490064,-0.0703780923247015,0.146971980946444,0.268439847761694,0.544892064594957,0.333545295469076,0.754778300281286,-0.238393487369793,0.0668118960074135,-0.0324673106368096,-0.392127049421523,0.237111633969578,0.126455766254,0.0590755229320818,0.0573044424546941,-0.170405602226506,0.0956450088938333,1,-0.21623196855527,0.381626163542158,0.0706533675200854,0.234954983382017,0.125691695438656,0.125660332741982,0.18453326782418,0.2661627267599,0.469277111402675,-0.379179187455634,0.208605654930349,-0.580406319895438,0.33632451393495,0.0539521992521579,0.339355899806179,0.0314558279127438,0.467760402285984,0.0983556852481003,0.135303820095289,0.661946701709835,0.309514739331609,-0.201621204207619,-0.401726627549745
0.290272448179053,-0.2499844257865,-0.399460876265866,-0.209048115106114,-0.42501272765695,-0.412079130871476,0.169038078132831,-0.139250023675616,-0.388935329218402,-0.472317867655235,-0.221535189701277,-0.309657868844394,-0.314208517434931,-0.394022797253939,-0.0357744127971386,0.284108751542986,-0.484200032845567,-0.105783923382053,-0.402088113897932,0.253135466456504,-0.251029285863102,-0.435820065260253,-0.149456953520674,-0.227250558247617,-0.434472561500893,-0.495838246290456,0.163340012400306,0.131304153591422,-0.0580261623704284,-0.0967139517449856,0.148522163006381,0.432369702257674,0.195778839029238,0.0201026169577829,-0.071215461759691,0.253263417469553,-0.165008672169774,0.386987932477919,0.123844855299824,0.100613566270556,0.475763074574082,0.240403874133949,0.205451684910146,0.347825337124619,-0.0763952758004049,0.649316050592226,0.221516823228134,0.398714728733548,0.147439101471296,0.187870305267411,0.100520449544679,-0.283975619836037,-0.160224331955891,-0.100559635377915,-0.511236126633849,-0.175106710741399,0.0368228428530309,-0.172326175842263,-0.1126371372724,-0.221130042567285,-0.352917727944072,0.0801150057722528,-0.16785265976118,-0.212949000796866,-0.318796922732065,-0.204610727189745,0.499897922808319,-0.0566798727994658,-0.238171354529246,-0.34968990770182,-0.0604824045649902,-0.0763304978629372,-0.255610837189956,0.183168424489137,-0.117015662040222,-0.34488295027768,-0.21623196855527,1,0.439950213343109,0.533114700118466,-0.220599111577503,0.074373766398799,-0.144895705750865,-0.0301196749481405,-0.415668950006485,0.248290170484236,-0.269049696973448,0.0492472939527794,-0.166042299689553,0.582998413278279,0.485623082256976,0.158516640416476,0.0206858264545336,0.354435464068514,0.0223086064700197,0.292629508553205,0.453800916573349,0.0630566264066125,0.212640316451001,0.00369097055260592
0.48868877461213,0.245043276742551,0.30977894573374,-0.0782098871405354,0.315539964919023,0.990530195322509,0.298060999926235,0.0138076429609374,0.162563305213305,0.581237852676154,-0.19514166001433,-0.20294727294818,-0.265332359480797,0.355438291327149,-0.320008998454721,-0.29733903948642,0.209019866225194,-0.0124183488963769,0.771077662691,0.312231044551999,0.427438917648909,0.223084430462941,0.192837525204744,-0.142144973981253,0.327005359302547,1.17658416229471,0.147763205926851,0.238782563058267,0.46415327511585,0.584298716762295,0.329997197421148,-0.786345139423772,-0.122934817325696,-0.0270469267969319,-0.148095691372297,0.694996124287806,-0.190082847991682,0.0311992810440226,0.0484368589888847,0.318685144343229,0.000797264602396597,0.175675585200448,-0.0145976756949128,0.430458537024697,0.375360983729072,-0.437601169000508,-0.601864007638148,0.318124548693604,0.488802929474575,0.365351627033354,-0.156286810952747,-0.508235161661126,-0.124931807486048,-0.0750564577262497,0.453810285501901,0.411098872535321,-0.578488968919076,-0.55146438194551,-0.309181888855201,0.200002003052074,-0.192306292118748,-0.68254573038706,-0.233807803084243,0.569579249066865,0.767018771741304,0.348093958958735,-0.39388885937721,0.0599438467964785,0.173297265167811,0.0601969977420271,0.637444891398559,0.0159744116269632,0.25203120421575,-0.262414799090404,0.0641505211204672,0.654478909290859,0.381626163542158,0.439950213343109,1,-1.05446428101248,0.171817309582003,-0.414861266119322,-0.225347816139453,-0.390290928707987,0.45653625943513,-0.376170259306419,-0.0500586430203226,-0.0301858989567189,0.557246029833536,-0.590613634971261,-1.00551495245089,-0.928995758355218,-0.656741029957355,-0.517463054599349,-0.557651491082799,0.269501912740267,-0.52364508555808,0.146751065061385,0.198838885358374,0.503602451158466
-0.544441688063195,-0.461381126904106,-0.652278600122966,0.205703698535287,0.0198352572625919,-0.275999245187458,-0.500304415717039,-0.530154134968398,-0.0771257158354732,-0.178890414203412,0.488523289670316,0.75672987147878,0.744820649636241,0.421022327674798,0.286495678778033,0.0532015407047601,0.390882352689259,-0.0683233891457319,0.367302094194043,-0.411090237437177,0.117060530598321,0.190874417421131,-0.0402620796800398,0.035360614025763,-0.106820468753215,-0.255189661588391,0.122278060740641,0.638435816812459,-0.0503043573376382,-0.147058306002067,-0.576485314875737,0.0618929972171556,-0.488206932220312,0.156089846990011,-0.0576006573717899,-0.252063032231677,0.306706383095794,-0.944472395537509,-0.870388325665131,-0.772440708984847,-0.46718113102107,-0.518989791895958,-0.359077665415738,-0.514166621140882,0.530558862318638,-0.00816027177628073,0.0835443544779658,-0.114529717602684,-0.405954693103425,-0.487601742205443,-0.272161907326797,0.111826627598931,0.427155863660012,0.263328035830981,0.0395276860229377,-0.314274198389953,-0.163913616569937,0.277805296639478,0.63648632476793,0.310572318810773,0.767013486849088,0.748715394900854,0.742266488215922,0.251913066964541,0.0819496755328211,0.133488639466662,0.144551558062805,0.656759879516942,0.46819203037525,0.529458090737263,-0.0388814750835031,0.481639593783636,0.615399620459183,-0.442583063739441,0.320554554095384,0.174432426507132,0.0706533675200854,0.533114700118466,-1.05446428101248,1,0.461751788107695,0.620747570822402,0.225813640293462,0.352072326113427,0.301167471581224,-0.032168163345212,0.394228608856836,0.524229888207578,-0.150886948136235,-0.169975355156673,0.140297433265507,0.0474722171221326,0.0540105201677729,-0.0588708463652962,0.208617654595246,-0.363803092067444,-0.15411112175039,0.0729772840625414,-0.250616082628091,-0.53700731764925
-0.0835961359843794,-0.299982429807562,-0.386948356855092,0.103435658852737,-0.365138407134149,-0.171653734467235,-0.122837632524557,-0.142764123353309,-0.319759279373223,-0.416163162998962,0.577081238902826,-0.393602802098006,0.761455953083526,-0.478549132686269,0.459241659535022,0.00414243274437631,-0.216077185153903,-0.624078669936314,-0.5915128562132,-0.589691972014288,-0.753072698666603,-0.192305670562947,-0.268547575227743,0.0299873122669271,-1.00900507227595,-0.604840713276945,-0.174425738867848,0.36938232116355,-0.504568927063659,0.085137818893972,-0.409686727670722,0.151491431166999,-0.168261402252722,-0.538231681980173,0.251781669688724,-0.0319393676357156,-0.630484987771551,-0.165877114970416,0.13406807831872,-0.215191164097354,0.197581544828814,0.0198954434147754,-0.083307095799095,0.290095209392677,0.0317301852203824,0.591290475212276,0.715152116366525,0.11695312033841,-0.0746958227023899,-0.0855803322800531,0.165503263185089,-0.125392553918699,0.0197114995336614,-0.175830214011549,-0.409075469657804,-0.179129352428445,-0.22590154200521,-0.12252278421987,0.298205426966613,0.291615304065204,0.31235835211535,0.754673480444174,0.818190008304273,0.620422111056745,0.340913706452099,0.868990349637812,0.105120895933839,0.0948198900233629,-0.165948968312506,-0.38727694191508,0.0254420624554565,0.0893056276123795,0.241783557346483,0.166806149288149,-0.166433480869328,0.000842276400788933,0.234954983382017,-0.220599111577503,0.171817309582003,0.461751788107695,1,0.0286099933942534,-0.0723149697697891,-0.0978792154374871,-0.101345836351561,0.3740324958728,-0.42420842671656,0.0954933524535829,-0.808383513174773,0.524217637315521,0.332161508945637,0.597583890451436,0.370417722183858,0.651781878124531,0.332208815074979,0.155398096849347,0.591300085105855,0.0647849603589248,-0.164456439557113,-0.410317580998257
-0.703938720361955,0.0818187283469332,-0.430349610096591,0.476272369383294,0.0846703191631531,-0.400118965152019,-0.258307774109493,0.259341816922167,0.271526219746068,-0.385668776129955,0.462306194880734,0.221541820285084,0.311905084432644,-0.0580890969574922,0.755695500678121,0.530906271590381,-0.160815269344576,0.0786622529970697,-0.315906019911283,-0.103633664110208,-0.0857186108518751,-0.0680424503968796,-0.158948786269106,0.225540012515993,-0.443912151550046,-0.452436052393666,0.103200974045219,0.273950295764336,-0.197093936633855,0.152866366610955,-0.591741088220987,0.431260798244602,-0.0688116511394123,0.124308702384544,0.130999735628071,-0.169149595268668,-0.455440834650008,-0.541573431584218,-0.0452951704651994,-0.486099879015961,-0.3206089062447,-0.347702110709353,-0.142356813678305,-0.542421682734584,-0.151619586182161,-0.121944628530917,0.165704160538354,-0.567136460031813,-0.714358997869978,-0.906917587642424,0.0168816758800579,0.219248792353766,0.330401810112301,0.16294467597071,-0.313345019817854,-0.182389166778449,0.265627589110666,0.390425543448132,0.268596479261208,0.229406655634777,0.182588743720507,0.468562617489092,0.563847959596272,-0.0407261745958338,0.0499472880079507,0.584834164053985,-0.0996563178571675,-0.151003015797385,0.169363763953301,0.11374595771808,0.0371079295151052,0.398658412115922,-0.111646284149177,-0.0232091963599926,-0.112724513970072,-0.147121458296338,0.125691695438656,0.074373766398799,-0.414861266119322,0.620747570822402,0.0286099933942534,1,0.17763414501499,0.250644051206337,0.0540121888262074,0.0846841998121942,-0.028070576109797,-0.0694370244644595,-0.483711766813973,0.196603286885371,0.247692057742529,0.342326053974499,0.532449616459721,0.503948166532734,0.793326764085625,-0.432448804509998,0.247724251476833,-0.462997318869888,-0.653663194044745,-0.98497288780903
-0.271932348095313,0.150491580093437,-0.191367387885754,0.60320834595234,0.50410813969378,0.146384826380433,-0.306096168097296,0.213439893708287,0.218837635841459,-0.204536042301585,0.430837843960285,0.0647995637477727,0.518063809979001,0.167181505840155,0.849050239984844,0.104149316668462,-0.18450020330463,-0.192030150883918,0.00390576531750961,-0.406656649066236,-0.248624191520962,-0.175898376087448,-0.237143374561489,-0.240371292542124,-0.507561487935028,-0.231560850888617,-0.0633896401390711,0.165793086466582,-0.440271575908988,0.170280671229228,-0.441086532897607,0.080505483892311,-0.250821028131823,-0.0699218104315929,0.0792612052337666,0.0325393732322193,-0.346996464315786,-0.449424652810219,-0.170910041810553,-0.657779912656479,-0.13238813641909,-0.465822546338026,-0.334759061010819,0.0741446534175251,-0.0639489870720556,-0.244955183200459,0.178479647228149,-0.187767370901321,-0.133509142085843,-0.35552017431349,0.0881369967213405,0.0954307220826938,0.359039741629648,0.34482554236169,0.0806303932759875,0.134808960431355,0.136903646532327,0.364727436256048,0.294323497445707,0.252281852517286,0.281314287877704,0.396200541846863,0.734112886967752,0.452809958886125,0.443191183094979,0.831540555460344,-0.357496715862072,-0.0790630227425786,0.186478575481388,0.0820154648826492,0.0013949472183252,0.127747445361165,-0.0419179614604989,-0.562434382459968,-0.356889090855751,-0.112635558624712,0.125660332741982,-0.144895705750865,-0.225347816139453,0.225813640293462,-0.0723149697697891,0.17763414501499,1,0.0548581850229963,0.0493069740614875,0.00475907784188867,0.0625829703006208,-0.0748461622071642,-0.459744793163775,-0.194524101928481,-0.0271684471207245,0.207511900291623,0.317717635711487,0.0923124591928027,0.0914181958910461,0.157704761203521,-0.029668106591522,-0.113529364995975,-0.187267744031562,-0.388286954782951
-0.368168404297936,0.0099546235826814,-0.623214268120259,0.443957507275083,0.0426089607321464,-0.169310698686396,-0.379928518309508,-0.0373455309577692,-0.12162345670717,-0.36625356806209,0.515984789284617,0.0124766130840468,0.661873570660849,-0.011496842737273,0.894215516053954,0.241269282376166,-0.266284319221448,-0.371334718604734,-0.292361752942434,-0.342758511926896,-0.287228205671838,-0.266529487981854,-0.177496852377698,-0.197660343815184,-0.825924305775202,-0.479938803385352,0.0832262643643185,0.270552395906447,-0.241549819800728,0.0925960625858328,-0.594330881833416,0.437530405161196,-0.373636572930726,-0.244484616845831,0.00918722519546133,0.0213345484975752,-0.531970987047106,-0.236991288611581,-0.0570014531498406,-0.458982928218783,0.026767649750942,-0.451244600609794,-0.224264842789599,-0.0341508801254895,0.0963916734783057,0.125087333356859,0.331312081531182,-0.0658507807766522,-0.162161196696,-0.335816267302864,0.0749379600600023,-0.154558009277417,0.227094892891253,0.04921245680595,-0.402713383682318,-0.131307131476913,-0.125047267433804,0.0374821181348265,0.296183893186759,0.373278996708172,0.276684734007815,0.642879933037563,0.800661955782602,0.450254472381639,0.313628281166784,0.904885609758624,-0.152073831902514,0.0469269123093637,0.0873441051013895,-0.0867358578530475,0.225084480301052,0.129724147981396,0.0600282251235579,-0.22468724480231,-0.293122590241541,-0.163372816913368,0.18453326782418,-0.0301196749481405,-0.390290928707987,0.352072326113427,-0.0978792154374871,0.250644051206337,0.0548581850229963,1,-0.0486766872947281,0.0356746746883219,-0.0376658189837618,0.0826201862993877,-0.714075502190136,0.274923205599202,0.0434201741763219,0.439475850566183,0.302401721328954,0.368361103024138,0.392670505441849,0.115977141629658,0.261954405181132,-0.129770650010422,-0.222405671607675,-0.601888379686931
-0.0405564714444347,0.337994755960723,-0.149389969719452,0.560856966778613,0.337469211781929,-0.0401525474889045,-0.128429556998219,0.338134229228164,-0.00693846673852275,-0.220986844303482,0.405492299149129,-0.335250798717669,0.598851082727465,-0.294752512179114,0.440122364317,0.0979785116200271,-0.266275099988774,-0.493654694752338,-0.586303114520529,-0.531428311571606,-0.782392801368887,-0.295936006654969,-0.275471497151892,-0.209808635313992,-0.833437395587701,-0.424494918577284,-0.0140742905027734,-0.117009444863591,-0.598704810536117,0.0866077695929623,-0.115063935461794,0.132965979389756,0.0114551394644116,-0.491386816178273,0.248254556732121,-0.277577382178087,-0.473331622898769,0.0785279170602828,0.187441655963685,-0.255988102662768,0.029331834421814,0.0401049730829609,-0.250674335634588,0.379922174139793,-0.089302349595815,0.235815195508776,0.593539923845245,-0.0395284456871398,-0.0959132661620197,0.00203371605849906,0.313414210095595,0.161396338132391,0.305374850042226,0.387011218970669,-0.0551034448218881,0.1212308142202,0.272720503759544,0.221178289459348,0.344839448084555,0.179122074254477,0.262527274388723,0.301983489159191,0.496729379851128,0.282470272537758,0.158710737179357,0.525424725950666,-0.372318259735873,-0.13707385897204,-0.13581437722761,-0.329900484720167,-0.212672825584483,-0.0341287056235216,-0.190099173241621,0.0253038027231922,-0.155469189443166,0.00804003053124519,0.2661627267599,-0.415668950006485,0.45653625943513,0.301167471581224,-0.101345836351561,0.0540121888262074,0.0493069740614875,-0.0486766872947281,1,0.506568460610862,-0.171463839641914,0.26044003191782,-0.646180025125314,0.348874089449157,0.301016168437759,0.684777658394283,0.536219602480297,0.373257234539707,-0.183331510111691,0.343073556544383,0.45081315484279,0.0838900729575126,-0.0803809887684729,-0.0921751281111126
-0.36949283927555,-0.00829011907530453,-0.392338476690753,0.374578549884809,0.167843445151376,0.138557429337193,-0.505912358043795,-0.0800148259360906,-0.0470536472536757,-0.212107086886427,0.545635715928807,-0.00844472605079677,0.571443748256841,0.0182930765075968,0.678995059675823,-0.0416683442061183,-0.0292228808867556,-0.448012533192936,-0.153858747343118,-0.357472113623714,-0.138524823821176,0.0156776171862691,-0.0892781677555654,-0.0464534596906112,-0.571985777876103,0.0738069570653903,0.194501076593045,0.551608514768328,0.00297538584463056,0.415713140327581,-0.471708036516192,-0.00898577206810475,-0.277662353234914,-0.274610373251643,0.328239524921897,-0.0268012807485243,-0.41869992605552,-0.341660339262333,-0.146508756770318,-0.441997066857184,-0.145547477292386,-0.325375464589661,-0.115946476515847,0.0589489491074508,0.402506741787801,0.0266757424500313,0.292260659033912,-0.11322776949912,-0.0744855623032815,-0.318211633946701,-0.183963716556629,-0.176337552651503,0.220195706783441,-0.0660418505962405,-0.0155842765611627,-0.0437953079029784,-0.406389256989008,-0.0949270084213375,0.21694083728994,0.394606107077456,0.319528636403538,0.318248208497028,0.806625194303832,0.689782060465776,0.630097426987804,1.0149423055492,-0.439830718952393,0.148074267073935,0.246345067419431,0.00462719607530962,0.504835760219439,0.283076795626459,0.241769639664193,-0.217595913357617,-0.0916924214900878,0.394504052333087,0.469277111402675,0.248290170484236,-0.376170259306419,-0.032168163345212,0.3740324958728,0.0846841998121942,0.00475907784188867,0.0356746746883219,0.506568460610862,1,0.176997746503804,0.202506512989299,-0.535593984437072,0.108581035422816,-0.179673290932243,0.0971715801088756,0.181792281761178,0.284760419689342,0.245764520577266,-0.086727782482444,0.1983787102289,-0.0245573932405965,-0.345847256174423,-0.478256095437876
-0.135881870696946,0.0401889778255033,-0.326716968815681,0.264576015150077,-0.142504203276178,-0.313595634730252,-0.362699496988222,0.0755762234467161,-0.138775078525975,-0.390242218745722,-0.0418762504959415,-0.112380379946912,-0.182146531621943,0.130796838451788,0.818646468157039,0.470122033053195,-0.273615311164863,0.0802557087528861,-0.0453833151749917,0.349352117750404,0.0943390217773819,-0.216642505148721,0.166061119787274,-0.0199388663854915,-0.537201274284942,-0.526151947785327,0.433818929029788,-0.062006699365771,-0.085524725485104,-0.0274461546480376,-0.278854331156834,0.592986355709554,-0.0379765658930528,0.0858322843477917,0.161845070113886,-0.0276332232279692,-0.277738385242673,0.160998414329785,0.0579044705250493,-0.197952448015264,0.273850060342108,-0.0490664352476281,0.111211428838634,-0.0685750847369264,0.0965365781216205,0.391305562538439,0.159513082432047,0.130525538609999,-0.235883462565801,-0.164433568925506,-0.185687452363059,-0.20382816791637,0.081110819020891,0.0836152150534053,-0.508722157030452,-0.046248730243809,0.367475308958352,-0.103747695778453,-0.244679167765699,-0.531160099974016,-0.594095501852956,0.0294154285479701,-0.329948210158968,-0.27105822715191,-0.621781930818479,-0.0157880287323038,-0.214299427102617,-0.342092582075644,-0.188380222189078,-0.230325861257713,-0.393593702495838,-0.174241516478011,-0.416893881460292,-0.0573601694044399,-0.435528956688204,-0.592915420919906,-0.379179187455634,-0.269049696973448,-0.0500586430203226,0.394228608856836,-0.42420842671656,-0.028070576109797,0.0625829703006208,-0.0376658189837618,-0.171463839641914,0.176997746503804,1,-0.0750224003207898,-0.222933286859267,0.319451473185939,0.267545879763929,0.193127260427111,-0.136505524594632,0.435808698634206,0.199216160398912,0.196416263281503,0.413907062345385,-0.170483161598458,-0.125263286227195,-0.443724282299903
-0.327974227633371,0.0339745376850057,-0.359814949950364,0.226162142843632,-0.104445412019278,-0.36298298515622,-0.261644404191669,0.0350737958337563,-0.252557686980027,-0.393819477156347,0.393898989387255,-0.00433940973395605,0.280428572739458,-0.156220626875016,0.589755695133844,0.212397261501579,0.0745378853679473,-0.331395847661752,-0.185820214748915,-0.278636218071419,-0.25646007392359,0.053777999925369,0.00120228934886968,0.26222025111447,-0.658412370042903,-0.258516343556069,0.237651568906039,0.293221491014444,-0.640899412100346,0.330839357959911,-0.533465180620068,0.324651348527869,-0.15592838158879,-0.337556826186951,0.161727521971352,-0.0200429151722307,-0.61646927438677,-0.245647373327874,0.038884697080354,-0.360185378379468,-0.0122557821238551,-0.187658166227936,-0.263744078989489,0.00931515083288448,-0.233806371422754,0.297805497765012,0.376942706296908,-0.168496583404811,-0.441098312130573,-0.482167243475932,0.0900571610573939,-0.045032122236767,0.050668212172012,0.0514694443135643,-0.307088172881168,-0.181951701667347,0.0192460432979371,-0.259825168274662,0.0964837879576207,-0.0517776939859164,0.0613705782720253,0.20213239919988,0.302969025704255,0.150346837684726,0.077558431307311,0.484263665282251,-0.187480804743489,-0.00360597662025328,-0.0536823464115189,-0.267410599893964,0.127416328686146,0.285513795819945,0.116544505065243,-0.255210933553867,0.0168577780571209,0.138732112577092,0.208605654930349,0.0492472939527794,-0.0301858989567189,0.524229888207578,0.0954933524535829,-0.0694370244644595,-0.0748461622071642,0.0826201862993877,0.26044003191782,0.202506512989299,-0.0750224003207898,1,-0.864672752899544,0.437600855840633,0.408315265323614,0.360022355317734,0.41260311659676,0.488489479206276,0.350815574134917,0.122226913491618,0.536127269180623,-0.221242216408345,-0.392799611008708,-0.687378588836209
0.288659174987924,0.634852704691583,0.512490266440724,0.451514416632559,0.196982970462207,0.471890259197567,0.463117181737019,0.542830137904284,0.577053333138445,-0.180117115240557,-0.490499674364737,-0.613189189573716,-0.669368558549831,0.259426856943221,0.175538502730524,0.26179643036612,-0.881585756068128,-0.065373217424147,-0.194319896342856,0.345294443848823,-0.00411117479628875,-0.727023207590021,-0.0333205671045502,-0.601698586853028,0.0210059829195759,0.123383931407696,0.639801570247153,0.305487605558251,0.26020523608381,0.438315070464935,0.505909225320939,0.283248237511459,0.488133005370955,-0.18914289288326,-0.229648615514243,0.422825891242525,0.279808499008465,0.886959652334375,0.185722284821974,0.340160737221833,0.532546052418695,0.354738919143666,0.446154000833343,0.826683579791633,0.184450073245951,0.301186326742891,-0.303922331297119,0.13447263870896,0.64218600443054,0.46106085756918,0.321547302711968,0.395261469025964,0.0857785108081299,0.276441395755687,0.437689592585325,0.434798489952095,0.472566586780979,0.331514843883477,-0.638449980466569,-0.276056803634139,-0.614911253102407,-0.396454336803288,-0.141542981338432,0.149792937381766,-0.231478351472517,0.0834862211086441,-0.286999935441782,-0.479007845115572,-0.673104262136666,-0.299211591858324,-0.030016307189817,-0.716847647882669,-0.425382893745382,-0.0167709319090402,-0.616456331043817,-0.45640102407207,-0.580406319895438,-0.166042299689553,0.557246029833536,-0.150886948136235,-0.808383513174773,-0.483711766813973,-0.459744793163775,-0.714075502190136,-0.646180025125314,-0.535593984437072,-0.222933286859267,-0.864672752899544,1,-0.151365402260811,-0.305086164000427,-0.0832953956533328,-0.270559605376425,-0.0275868823380278,-0.257732135847936,0.649517001789176,-0.134890721475331,0.0394228362677417,0.308764919137801,0.173143959584175
-0.123649042909988,-0.757780012579687,-0.440535581534311,-0.0731805707753135,-0.153063298819111,0.163761471537011,-0.632689073979631,-0.588386079114732,-0.0719575287917272,0.0676054254720991,0.574270439724016,0.300353040675059,0.368867081079738,0.0269419081966402,0.605489501361219,-0.194446827270496,0.155314548353895,-0.534650891991017,0.0111513481999175,-0.336250780444359,0.0469354041818323,0.152678591232804,-0.135751816433726,0.134890093779242,-0.332516725877266,0.267025052911428,0.0859240306650817,0.974257477328312,0.134519059552344,0.411257051008599,-0.573045094295726,-0.182846392654258,-0.594752679999605,-0.282789588340899,0.0398108022815369,0.0851141796534779,-0.104856468403506,-0.769057538064537,-0.267665050012018,-0.567445736315332,-0.304553206760567,-0.232358942588453,-0.401416138067003,-0.068661881327238,0.0412878112731734,0.160848331916645,-0.0695002578639824,0.00679050499872318,-0.051721109219619,-0.385816184225175,-0.150053838900296,-0.295965044558606,-0.0854124603595184,-0.206371604943548,0.213099826298665,0.0366512798583681,-0.449959737846966,-0.402206543787744,0.376951841907717,0.0691566232648331,0.339021640071306,0.191844728389498,0.643543463689562,0.455341000040677,0.439212442492184,0.809516142359343,0.0721948499353249,0.23213920746331,0.330858408569402,0.0947538853653682,0.315297848652757,0.504862710550974,0.515323010804832,-0.309412094482169,0.242349203796865,0.610246804620374,0.33632451393495,0.582998413278279,-0.590613634971261,-0.169975355156673,0.524217637315521,0.196603286885371,-0.194524101928481,0.274923205599202,0.348874089449157,0.108581035422816,0.319451473185939,0.437600855840633,-0.151365402260811,1,-0.0944865761777687,-0.0665668538588037,-0.105544529022909,0.272810820897862,0.18927269141842,-0.0283953274808126,0.0127236969561978,0.146292943647528,-0.0691714175224412,-0.45546784194982
-0.427485012939158,-0.46690451117082,-0.331379375851285,0.228961830131971,-0.087174357210056,-0.084358711432825,-0.537469185342056,-0.290677026494534,0.175322549080729,-0.237369334062908,0.485624306990454,0.510623036798807,0.741571868601581,0.424893364651612,0.551000327035029,0.175878272607102,0.210235482811533,-0.187961839069247,0.161436296916919,-0.256999594942756,0.0995826242996371,0.109125764552343,0.0998287446147876,0.208729805251522,-0.292656609701715,-0.209039151591448,0.227454859118997,0.794599165404483,-0.112309807997238,0.0282396324426408,-0.53412943911265,0.221461354174859,-0.585247512009622,-0.0919272261651549,0.111449875628169,-0.184518398873613,-0.0582272902952007,-0.763134512748952,-0.620717261693848,-0.627226941429562,-0.322084592076327,-0.389566469589141,-0.306887911994538,-0.366878149507025,0.262561006415838,0.165155885458976,0.121088632431007,-0.108411987929279,-0.28966305300953,-0.484646922597956,-0.105111922430296,0.347326906566562,0.455884779508105,0.12520045849322,0.121082157704316,-0.118555766719554,0.134067117127127,0.237540917799601,0.459984014657819,0.0663495219900112,0.535891939893716,0.690800963623025,0.843805072602725,0.211711873232876,0.0121517826898751,0.401952956193516,-0.0604139653285221,0.370429085100856,0.119059156438906,0.323003922068951,-0.0489824909958258,0.310641143110518,0.667082971823639,-0.423486855429602,0.077276421702927,0.109813802149676,0.0539521992521579,0.485623082256976,-1.00551495245089,0.140297433265507,0.332161508945637,0.247692057742529,-0.0271684471207245,0.0434201741763219,0.301016168437759,-0.179673290932243,0.267545879763929,0.408315265323614,-0.305086164000427,-0.0944865761777687,1,0.125301882028986,-0.049829127641242,0.0199320785374932,0.441755414724001,-0.241264626699549,-0.0600033942288956,0.13944019772639,-0.223785525436696,-0.683326236182947
-0.785548222858761,-0.543039785179466,-0.42566743375981,0.250381032839923,-0.142417015944458,-0.482785236169207,-0.590210480140992,-0.365078367695162,-0.115163592701285,-0.327986926570254,0.31058205089622,0.347615556385407,0.337527376672508,-0.168591161365142,0.191870995021043,0.354760725728232,0.693001935209459,0.28207656534622,0.00411418030084376,0.0112998590827176,-0.023986096279229,0.579663306745391,0.261685398859865,0.56924866871064,-0.223773430157373,-0.349792797666276,0.323599509553142,0.627533867250711,0.0139765357187345,0.00609480581858085,-0.61836987284353,-0.0762314720688361,0.0667213522738286,0.160090189174523,0.488492856276183,-0.445628125383169,0.0612710046950884,-1.17624772679858,-0.7427618588408,-0.826315841740684,-0.568576636602198,-0.629999703359492,-0.311169228329047,-0.724643262267714,0.437676433990101,-0.0744368922963747,0.302522014064238,-0.00112969736333286,-0.838114239886754,-0.800365141547846,-0.159051554289529,0.125513000924714,0.337241257247383,0.123555075620872,0.0793779593385144,-0.420043665439214,0.0334827130843026,0.0696107147403871,0.43276626917516,0.0690056275794693,0.393709213685155,0.298718621766818,0.412236526721252,0.0801999183386302,0.170861947100102,0.238479012934454,0.157739454686107,0.35612728273818,0.339476857015417,0.574938612466423,0.176099379218472,0.508368971171687,0.644904580230543,-0.175303957910833,0.364484221288826,0.191128783679776,0.339355899806179,0.158516640416476,-0.928995758355218,0.0474722171221326,0.597583890451436,0.342326053974499,0.207511900291623,0.439475850566183,0.684777658394283,0.0971715801088756,0.193127260427111,0.360022355317734,-0.0832953956533328,-0.0665668538588037,0.125301882028986,1,0.232965223501616,-0.070743511163546,0.364734976398865,-0.683773081414944,0.0676618367713194,0.300076432591586,-0.560982134972756,-0.83919723423887
-0.469646111798494,-0.247936428098217,-0.671786757810208,0.464701892348284,0.250386500493024,-0.463851849064627,-0.635406219544458,-0.230797320298537,-0.437110702297393,-0.620969226800169,0.0882164701311097,0.0792151175627065,0.712775648837783,-0.389733049798984,0.168396978654764,0.434334374086856,0.431472785862148,0.178862463035746,-0.224691528877025,-0.0398868658302198,-0.345965536032758,0.527690640654285,0.299135950581399,-0.0439960545335605,-0.647039323512387,-0.50863683606598,0.341644978041108,0.33826216466119,-0.0396527532386415,-0.17234196414815,-0.18874403843604,0.481789968929236,0.123497006853518,0.286707226266693,0.691775879938921,-0.707378933690892,0.0166042158929291,-0.611877548720859,-0.657522963101515,-0.911381449565246,-0.360156616534458,-0.420856672088158,-0.00340366459532288,-0.390834331618451,0.712381645682206,-0.137046172287091,0.669609512043453,0.296402790235912,-0.479608584818639,-0.473164735842786,-0.268899335229279,-0.0879904849752622,0.579903361329894,0.293747459094235,-0.213370402895323,-0.432493897856509,-0.210627233722397,0.101327623153806,0.302574472441119,0.271219816841432,0.41721108700945,0.708608709067291,0.601326112503505,0.383907483552398,0.208766172611655,0.505945594664843,-0.130631700711323,0.519554128446065,0.40684846392405,0.46174066580591,0.39353880960794,0.157076677155978,0.511844345825965,-0.156921798051548,-0.0502000371651407,-0.0944946536425819,0.0314558279127438,0.0206858264545336,-0.656741029957355,0.0540105201677729,0.370417722183858,0.532449616459721,0.317717635711487,0.302401721328954,0.536219602480297,0.181792281761178,-0.136505524594632,0.41260311659676,-0.270559605376425,-0.105544529022909,-0.049829127641242,0.232965223501616,1,-0.0852894604548293,-0.0478633148783726,-0.531697170237957,0.0223355681348447,0.359313813257037,-0.637860558509559,-0.662251740510697
-0.0225211929551455,-0.479235337894458,-0.345657077089001,-0.157729917463778,-0.0653883686167451,0.131925992364765,-0.449802280341904,-0.519204164659966,-0.265439098858249,0.0405043519687273,0.308761517439822,0.15515199212713,0.255194653538924,0.0949340969903817,0.537538430045626,-0.191663554347811,0.188653741217419,-0.408565833711635,0.258262499542367,-0.314034221065079,0.00874924370905727,0.0177515790737409,-0.278262296654939,-0.0313123866923376,-0.334236424475088,0.12457750380492,-0.356512539703732,0.486690294102565,-0.133945055384581,-0.0795554312960928,-0.606873018775404,-0.355933148256615,-0.558714692881997,0.0304148095302468,-0.0107123414078224,0.115550679412502,-0.24034797033953,-0.710948755710056,-0.192107777084541,-0.421913170425037,-0.0624347251240393,-0.614993878733168,-0.444066560269119,-0.141441388694497,0.077229580268608,-0.117435760572107,0.0542008718112,0.0880719082138991,-0.00600129871480701,-0.159844637736762,-0.256476896953399,-0.479087659137781,-0.0927551222051642,-0.23281702994417,-0.0316049818973776,-0.114951376505954,-0.617315007287678,-0.433051691778101,0.30273519371334,0.0828003584480974,0.174742129715805,0.067100864783543,0.351185700456269,0.350362121638519,0.472537404215463,0.588770098259934,0.0978058042130189,0.201268334769737,0.495741232532152,0.0615607927169632,0.263158933726355,0.508931523226899,0.28613859471267,-0.231249114287053,0.0461986707232561,0.379919072153255,0.467760402285984,0.354435464068514,-0.517463054599349,-0.0588708463652962,0.651781878124531,0.503948166532734,0.0923124591928027,0.368361103024138,0.373257234539707,0.284760419689342,0.435808698634206,0.488489479206276,-0.0275868823380278,0.272810820897862,0.0199320785374932,-0.070743511163546,-0.0852894604548293,1,0.158210405104007,0.00612475377013486,0.0529514442498266,0.174494350543375,0.0284288293524008,-0.173096410646896
0.154642579880905,-0.925023272209797,-0.810430071032669,-0.421160075583427,-0.423494165468046,-0.147986851898376,-0.584404420850195,-0.99926545370065,-0.668524554455428,-0.0542163439462404,0.500823991717483,0.243625796876714,0.641756010148192,-0.0426876785908955,0.367422752639489,-0.379823440176034,0.108825960012002,-0.484047597834337,0.0491329910026568,-0.537924123611717,-0.140906815494801,-0.00565698115524235,-0.271150617422677,-0.261423152218247,-0.464370856433945,-0.464467278659106,-0.405595902891818,0.38473365160813,-0.190793894599647,-0.443683572870489,-0.627780277315253,0.0582792856117003,-0.540929950363561,-0.0798854777941728,-0.0559611406979942,0.12434669131458,0.0168609416971178,-0.526045037260725,-0.398359406466253,-0.724353522386438,0.133696273463646,-0.513796359377888,-0.372954878029307,-0.00520480367386761,0.0813190685389572,0.298088724542878,0.273895019850392,0.428276940833626,0.237733142062693,0.0428760423276965,-0.0634056900709015,-0.543710619643045,-0.193797524602549,-0.364353139120461,-0.264711460644545,-0.169718480468706,-0.667334962234923,-0.32605704826632,0.552794639138066,0.198618106761363,0.427354402954501,0.673135426289083,0.652818175524562,0.498542474638203,0.316754131901864,0.475703606233609,0.57633221387023,0.523145571070517,0.440126756941071,0.164168003929634,0.134091964490891,0.260220105868554,0.45064928765321,-0.289804349660797,-0.0170557085249659,-0.0390656809663576,0.0983556852481003,0.0223086064700197,-0.557651491082799,0.208617654595246,0.332208815074979,0.793326764085625,0.0914181958910461,0.392670505441849,-0.183331510111691,0.245764520577266,0.199216160398912,0.350815574134917,-0.257732135847936,0.18927269141842,0.441755414724001,0.364734976398865,-0.0478633148783726,0.158210405104007,1,0.201722138136897,0.0642080450485575,0.403892660971924,0.308317786026261,0.0494693516074658
0.158210657666497,-0.0259624182274999,0.551373893803207,-0.422263971680336,-0.236412861885152,0.29373261854697,0.268994492223993,0.136569354484582,0.347236250790054,0.407602262601391,-0.43034761929533,0.0483288508163919,-0.861165843880658,0.261909525907506,-0.456023493165279,-0.0597881996175592,0.245451016748195,0.396931112392241,0.592503710226443,0.490521688301053,0.592952156524028,0.240597035044268,0.208646671424906,0.551685715997826,0.59946293169167,0.747717335024705,0.19278156050946,0.0927930919863193,0.281626290154335,0.42262735307569,0.396379929926772,-0.622100791513705,0.137694908652267,0.318263353887582,-0.0785462493016832,0.350850083472378,-0.0721980675794467,0.00976714516449406,0.515402190052941,0.510651421508417,0.0853804431058559,0.572930818810729,0.169079812642316,-0.143510725074148,-0.107510268294416,-0.106382671333657,-0.527204683976374,-0.103607468469593,-0.101024510276157,-0.126769441759797,-0.17982582728345,-0.0432237334944938,-0.416978009415932,-0.404453279403348,0.170298404774858,0.245682834761428,-0.00893708287307622,-0.356131134388868,-0.568717370610549,-0.628944210656645,-0.674691993810361,-1.05118585116363,-0.990346582001755,-0.561479164205135,-0.269756268579831,-0.579927147411812,-0.137723281921032,-0.432522873957176,0.0502323331422103,-0.0892037791661834,-0.120860369311058,0.0997342115107569,-0.206326610620399,-0.0176320709742446,0.218930068148359,0.322013679566561,0.135303820095289,0.292629508553205,0.269501912740267,-0.363803092067444,0.155398096849347,-0.432448804509998,0.157704761203521,0.115977141629658,0.343073556544383,-0.086727782482444,0.196416263281503,0.122226913491618,0.649517001789176,-0.0283953274808126,-0.241264626699549,-0.683773081414944,-0.531697170237957,0.00612475377013486,0.201722138136897,1,-0.0337003640284943,-0.151501740070672,0.0475010687684233,0.108316498627698
-0.0369540577044072,-0.502625663729931,-0.367181930134067,-0.10225699481651,-0.052731914282672,0.220830980620459,-0.541468176729153,-0.473266258244875,-0.11175683950543,0.175097972934319,0.641465581490321,0.368516539776372,0.615337716637785,0.123549004458466,0.381375209000186,-0.344640768653058,0.353790744170388,-0.435699903265929,0.246027814992436,-0.40262542758889,0.0290785763729383,0.142752685770654,-0.136756725385929,0.156146635745801,-0.303394985512822,0.199304530459656,-0.180738001967368,0.626558706062696,-0.0288273642467824,0.257208472214151,-0.640208254165217,-0.337989981050896,-0.667942963915398,-0.259516899581988,-0.0551929377195064,0.157434438377794,-0.189648001589647,-0.874108714441133,-0.347889859363975,-0.486063451575617,-0.368060525948835,-0.314190334966691,-0.59512997624809,-0.196706119758263,0.0627469997940039,-0.0179341000748391,-0.0289998168731072,-0.0367210351018964,-0.0703246607002088,-0.273783039042148,-0.11711137988578,-0.315839265964809,-0.0976581019303869,-0.246386124392831,0.0921087845015713,0.0174100107288464,-0.507397680139704,-0.388604809172423,0.47749979081779,0.207336087188465,0.451377678636858,0.234800550372858,0.635849867723947,0.494295223639566,0.57044523953104,0.644133725566458,-0.00734270174211218,0.304713067427536,0.476592207083523,0.162557567661726,0.367919986553018,0.479578861691936,0.496670368042747,-0.312519708330476,0.197131122527142,0.560930757101912,0.661946701709835,0.453800916573349,-0.52364508555808,-0.15411112175039,0.591300085105855,0.247724251476833,-0.029668106591522,0.261954405181132,0.45081315484279,0.1983787102289,0.413907062345385,0.536127269180623,-0.134890721475331,0.0127236969561978,-0.0600033942288956,0.0676618367713194,0.0223355681348447,0.0529514442498266,0.0642080450485575,-0.0337003640284943,1,0.161772499570055,0.0349647547633378,-0.213939965112499
-0.330146951328734,0.488642330402309,0.533721625583509,0.37540800037107,0.0789782406614366,0.255341577308292,0.19749274288577,0.563820287715812,0.861144531337858,0.163237258292292,-0.0795756070862881,-0.139483557817202,-0.241637948422599,0.0242071731549439,-0.162356568056984,0.0508579248618809,-0.280172760561342,0.0384271542514745,-0.318079823660327,-0.0987148742387688,-0.202946766796002,-0.405337674677823,-0.185080959105327,0.153688204270658,0.213025013673012,0.0335908957306832,0.169996803032027,0.245898929020947,0.0920491374214121,0.409918424434935,0.0703592891876243,0.0621217951653018,0.544548264921976,-0.398096998669653,-0.258118522822691,0.0120929366151195,0.0890817903757988,0.122493614165194,0.241846184543994,0.206571448851767,-0.246903253884466,0.329746744338451,0.00493334114320354,0.0897403820269615,-0.195974426702192,0.0906305598327829,-0.295379542198109,-0.644481790661555,-0.223134832917146,-0.225390050505873,0.421141155321332,0.775403982180865,0.246037943095516,0.157199756756852,0.658437202368715,0.280493479308048,0.555359376219915,0.493874192482153,0.0325203979952982,0.128385094935869,0.0785699735161138,-0.287333253458471,0.311984932076836,0.154256433706742,0.105745183794159,0.0208617146921992,-0.20677323594149,-0.230716804834136,-0.185344321904086,0.0614665777521573,0.0331706970390245,0.0527353927569305,0.0368146910374799,0.298439233105603,0.188503854654975,0.323932412541612,0.309514739331609,0.0630566264066125,0.146751065061385,0.0729772840625414,0.0647849603589248,-0.462997318869888,-0.113529364995975,-0.129770650010422,0.0838900729575126,-0.0245573932405965,-0.170483161598458,-0.221242216408345,0.0394228362677417,0.146292943647528,0.13944019772639,0.300076432591586,0.359313813257037,0.174494350543375,0.403892660971924,-0.151501740070672,0.161772499570055,1,-0.17846654580995,-0.15588238139663
0.0921597691214201,-0.00657270346076302,0.363652861287889,-0.331811773244169,-0.333026728407485,0.160589414629038,0.328006270199533,0.0911705974437214,0.307936799785021,0.29029120803612,-0.47170341128153,-0.102187560755953,-0.9427445754245,0.379074497998154,0.0410136765500527,-0.106770835286668,-0.176724672147767,0.120098165294448,0.216963855303552,0.442810984174031,0.480253589673271,0.0455144497634711,0.121031941135035,0.402165680580545,0.597260684409265,0.563169694517635,0.367472199844279,0.225751317125902,0.442584832373837,0.560064150037999,0.444555900275857,-0.0664432702399959,0.216930686585186,0.0793880989136273,-0.110116373697992,0.208017472288733,-0.115227132789693,0.383728632936296,0.345160592742256,0.460608378357285,0.314154280725966,0.443154444494716,0.39719468694892,-0.029166341421674,-0.124786114066255,0.259500139565392,-0.440132342882166,-0.0102597915704133,0.00134524010143067,-0.129643157111905,-0.151502841256701,0.00962005481326953,-0.336579516277814,-0.277496167062321,0.0700486034978453,0.23623015321966,0.207765539177996,-0.177959632775425,-0.575753474923584,-0.634092308780143,-0.724835441967947,-0.897226519235044,-0.87115735443173,-0.695736196322597,-0.581190989119151,-0.19912606642825,-0.103140920762466,-0.668235021849722,-0.389209492397633,-0.357132746163309,-0.23596598396968,-0.168344046710398,-0.480819506146403,-0.0756165150847207,0.0209003113733706,0.143643485459303,-0.201621204207619,0.212640316451001,0.198838885358374,-0.250616082628091,-0.164456439557113,-0.653663194044745,-0.187267744031562,-0.222405671607675,-0.0803809887684729,-0.345847256174423,-0.125263286227195,-0.392799611008708,0.308764919137801,-0.0691714175224412,-0.223785525436696,-0.560982134972756,-0.637860558509559,0.0284288293524008,0.308317786026261,0.0475010687684233,0.0349647547633378,-0.17846654580995,1,-0.0885857979038246
0.261212306243615,0.254355581406864,0.672575888860625,-0.049276288157549,-0.141072151253431,0.416117543543338,0.659273978354058,0.303326457586123,0.333343450888178,0.10357746959909,-0.678830029653768,-0.482079742433162,-1.04429284235049,0.123725142302878,0.0249951968084348,0.0645974744633712,-0.24726524269773,0.18597842824474,0.113439236448911,0.455668067497043,0.30719984594672,0.0437274147129347,0.358890159361672,0.19300676388292,0.618235826829059,0.62670362725498,0.480438142663909,0.118287188243726,0.348042455395856,0.641165975818112,0.719988009390042,-0.0708993397277483,0.513218556712905,-0.0810755293024753,0.152648462691013,0.29769729004551,-0.00958240086038695,0.636718958374084,0.17537056904747,0.565423425755524,0.396067487915158,0.511788531045452,0.803456926422328,0.402477274449419,0.20779491430846,0.174735785624511,-0.4056222881188,0.153727680251226,0.299302396244758,0.18963626394567,-0.168145476781962,0.0464280289363883,-0.0356462055572634,-0.13352635591803,0.334816627808744,0.335085510421792,0.201855528895,-0.0356449455786402,-0.763899226327289,-0.416587862254139,-0.743569921966055,-1.04431222140871,-0.618312138375609,-0.133972824910322,-0.145477835719956,-0.0673893992134579,-0.361771000450666,-0.479556301539978,-0.552320562555104,-0.299345950794555,0.0193506090916813,-0.360421924246276,-0.261032742819327,-0.0582994279093983,-0.0633308913012469,0.145816077593682,-0.401726627549745,0.00369097055260592,0.503602451158466,-0.53700731764925,-0.410317580998257,-0.98497288780903,-0.388286954782951,-0.601888379686931,-0.0921751281111126,-0.478256095437876,-0.443724282299903,-0.687378588836209,0.173143959584175,-0.45546784194982,-0.683326236182947,-0.83919723423887,-0.662251740510697,-0.173096410646896,0.0494693516074658,0.108316498627698,-0.213939965112499,-0.15588238139663,-0.0885857979038246,1
