1,0.248811017493477,0.498519616448536,-0.196517164399761,0.125689114754527,0.133157731407666,0.399614232074493,0.108823857112406,0.38065381426707,0.747660215202235,0.162655570793964,0.820239163191662,-0.771843710183025,0.0688937933360033,-0.535961474329099,0.189895858870152,0.501691832083599,0.150313893199096,0.107932057316616,0.279560479323371,0.698234920324921,0.534286039425903,0.296898218332432,0.738540736100419,0.789991751259217,0.435849579679789,-0.0560722853793875,0.196395680784313,0.45978338033279,-0.378207637668739,-0.148775743291126,0.136017456577956,0.46494999307797,0.12722699915543,-0.200957587002162,-0.132439643349076,0.197285542868463,0.281162593838883,0.295180129950216,0.657964550574175,-0.275663911603096,0.245145278600043,0.72189323020403,-0.241695953006129,0.596223262770565,-0.296587019780759,-0.32364894668364,-0.993899664946997,-0.772107017756574,-0.335405329644786,-0.225270614795818,0.0582607732610646,0.358062580919599,0.0288653695518478,0.271935212312503,-0.484548835011111,-0.12613146814313,0.299703281994209,0.0378635409321195,-0.109819111426345,-0.112648262065883,-0.8436912327377,-0.280134585765266,0.0243559552053263,0.203979170604625,-0.671409776245134,0.00209127858184743,0.503094324723071,-0.02932613735246,-0.0917597205053536,0.277938785217895,0.419968259798597,0.0478238793314064,0.114023854686746,0.927212183271837,0.519722209937594,-0.0347364843561359,-0.296627363050683,-0.0608400676759636,-0.251250845933973,0.575389422604954,-0.470688568061614,-0.0234930630239301,-0.408505597625351,-0.0894817863277524,-0.326032687001182,0.0116611426382681,-0.572873393823101,-0.0493444661967535,-0.217947434633648,-0.296445000639456,-0.5318288415634,0.0694397388285379,0.0568663492669282,0.130122304392057,-0.622355225579428,-0.247385193959831,-0.566792617865611,-0.792721080675981,-0.596505437009419
0.248811017493477,1,0.377381629838457,-0.255185298788399,0.376884517705253,0.367979794592985,-0.527037350465921,0.163433148600519,0.113933024405049,-0.114488358714499,-0.138256688816033,0.0794810293768586,-0.512950781930279,-0.176555819081328,-0.86046244278549,0.296835722062467,0.390483154492303,0.640215817220094,0.402417642163971,0.567480769339643,0.39587453534914,0.78858186121073,0.664661411040995,-0.0403936524146919,0.234884507903317,0.0970438462351413,0.0427140884063991,0.41375825637048,0.260167283449351,-0.0621692907637274,-0.447490837739081,0.0382927752310733,0.465424300490492,0.802333381234888,0.537366615384185,-0.322882965014397,-0.0809947261865992,0.0217598182331361,0.140342977608217,-0.219378054967872,-0.00681612624243738,0.24490022624934,0.46404357003107,-0.463635974325057,-0.0830572421345379,-0.207276130160003,0.244984065313777,-0.345633406671788,-0.452032217648266,-0.645102534284742,-0.0776279214644971,0.110772472266263,-0.260472187871707,0.313649941947638,0.559582205884976,-0.197430715884643,0.288144402004376,0.0428486896278504,-0.807749175552053,-0.609857057409622,-0.653029182626617,-0.441617615334782,-0.860962193890838,-0.584228559814462,-0.330244786802211,-0.823913971426046,-0.283771564882303,0.102996245245733,0.512514197165886,0.418849554373476,-0.043345602551938,-0.308074593231597,-0.00971369548411896,-0.715094446024034,-0.166354850227928,-0.469254507528917,-0.565066438414416,-0.234513294916801,-0.4062149460157,-0.522897360475033,0.102845839486842,0.298118179972801,-0.116992922416476,0.203192812117762,-0.157030423936667,-0.0627639331041236,-0.353876749884355,-0.134487507351395,-0.0922372838940193,-0.52222603786886,-0.421887418904031,-0.947324268033641,-0.900103602264418,-0.106286394130177,-0.723204624928434,-0.611145925990279,-0.188330672695664,-0.16628327387473,-0.410345690406238,-0.780336499393558
0.498519616448536,0.377381629838457,1,-0.311488135072491,0.356313348630404,0.516079621412913,-0.147654462474918,0.133755227597749,0.238184992242275,0.385026421351886,0.271161352002674,0.395106094600781,-0.179413948929042,0.117535287438182,-0.768381463877745,0.045492754778194,0.336363984085545,0.178387305183689,0.388479030097214,0.520100472214128,0.546047010134398,0.651453210979716,0.603162516171123,-0.0782339507392973,0.433890673539722,-0.0609831160904322,0.259223783818304,0.0139503985714841,0.412999034798591,-0.202688787367969,-0.650134568935372,0.417382744379038,0.226512743497671,0.202984961273009,-0.0318623753086162,-0.0504338946632543,-0.0242639189300901,0.56373418014357,0.233192065017028,-0.11750178954429,-0.104037553909989,0.192770400586385,0.431527025266275,-0.0820987395075173,0.127558166124037,-0.0559580435229069,-0.0593087840870472,-0.408780657326773,-0.147538259098239,-0.161436014303458,-0.0629772308864686,-0.0428498133315992,-0.210074373740531,0.212022326785757,0.409930631452583,-0.101082265883426,-0.0219296575375622,0.159305343957122,-0.405504511561115,-0.166957396335667,-0.388279379604489,-0.363685413556609,-0.448143624489172,-0.207597401879204,-0.111978406822803,-0.708073798037291,-0.380113610196422,0.151250514007554,0.0256417298123408,-0.00729486961086133,0.294382676668492,-0.335215315795,-0.0315533839366635,-0.635970714095666,0.104879052752935,-0.260362093777795,-0.301755364716538,-0.518816907938283,-0.533701577561626,-0.549753113071711,-0.166754253703686,-0.2326464486824,-0.231199747177961,-0.389782212328293,-0.297676768066357,-0.469932696333143,-0.528136127515354,-0.433106305745584,-0.397910629159229,-0.554780887607016,-0.39195743696588,-0.573919565786905,-0.826723040842103,-0.319971099380481,-0.781424323386059,-0.273777129012557,-0.385804725108639,-0.113810731963977,-0.253922987174328,-0.4728505034177
-0.196517164399761,-0.255185298788399,-0.311488135072491,1,-0.132304262096798,-0.244522786740115,-0.538733683301329,-0.291609567840743,-0.452447821974944,-0.671603687107185,-0.590428237726266,-0.488387270970574,-0.453072990618322,-0.451622319590457,-0.432204373214486,0.200358158108341,0.484944194283017,0.66680610975886,0.235689951334397,0.143197952296734,0.0424726412940661,0.0714958394127817,0.0250823115390365,-0.11543724921186,-0.291360844145679,-0.00855576999934302,0.0791495757414665,0.232341435341445,0.0222348578982587,-0.0430956490635036,-0.141275642629436,-0.5168367540008,0.0433985657770606,0.65247333660155,0.31439039712229,0.0764428531419786,-0.35193923644529,-0.407532196926574,-0.117811760568841,-0.362385323659001,0.0132766339462376,-0.251103837147514,-0.327582494867214,-0.57932118768705,-0.326333621077474,-0.229349075007845,0.15757801966209,0.257537069379386,-0.218840842598314,-0.416210103173111,-0.0220907227082169,-0.172708849906782,-0.525905421399883,-0.0433586376518348,-0.121028679989883,-0.0854504790181903,-0.0617486150410742,-0.649612231258886,-0.375019598920093,-0.245025252406744,-0.216128693498248,-0.048572429985239,-0.579732089114397,-0.310554933850355,-0.115396608284871,-0.282559495773543,0.151469055938247,0.167369631529879,0.497998180953249,0.509157948899145,0.197653512281145,0.0780157347135268,0.138771674834102,-0.167703951245841,-0.154319054453217,-0.403641264126202,0.130593050302085,0.177690630065569,-0.0213747029149397,0.382990251113928,0.0534673909418097,0.424689612643631,0.286192982458126,0.494183454362182,0.220121855889905,0.30003159517654,0.303811378616963,0.221180177086531,0.193643221361122,0.080915222013842,0.549209749857472,0.0591632655298586,-0.197623133601592,0.0451036357283279,0.0341277831932184,-0.215338243904955,0.0527511970834206,-0.0413052599630852,-0.129665376856648,-0.0571910148222154
0.125689114754527,0.376884517705253,0.356313348630404,-0.132304262096798,1,0.00160503741721263,-0.352766491673325,0.443842316759081,-0.0365323762783003,-0.578687249325604,-0.375999350615116,-0.541607282362457,-0.736864580830493,-0.351008128594069,-0.967256202348617,0.58067841353421,0.216465565646764,0.775037614162723,0.174827415977679,0.710829056112074,0.233774206007754,0.445233441525203,0.615640067587535,0.132878312349204,-0.363860191473057,-0.331620167004325,0.160853401929265,0.442565183304133,0.0701384526463345,0.0548562039843724,-0.0590462061932851,0.0283528144775846,0.702456906218392,0.887049462605497,0.693322469218213,0.0132475899234963,-0.568401691881475,0.0760615453134559,0.273306548500859,-0.15577468828967,0.422591229497017,0.25435703142058,0.645435231520686,-0.651361900305544,0.0533411279973486,-0.0338838118289079,0.57196728133454,-0.203161671797443,-0.649162901034169,-0.711482220371088,-0.0817064674859162,0.311173311805125,-0.15067777744298,0.31730617318363,-0.0115159134562329,-0.353379922848098,0.459611723400063,-0.190662019385042,-1.16745708155951,-0.706999850513081,-1.10483318637834,-0.505379353010068,-1.255762024754,-0.770912528000604,-0.576332800258111,-0.926927524352918,-0.273229286414124,-0.182410924569176,0.284955875267608,0.221774596597699,-0.0994325318476206,-0.606549607706693,-0.23788599850873,-0.5401115575756,-0.597448460897842,-0.887059043702795,-0.567720422075322,-0.423874558016077,-0.197784355859923,-0.270881144357044,-0.101832596828064,0.269618583163768,0.204058764108442,0.149266414094273,-0.206658553023136,0.103002733018838,-0.578818146223555,-0.219127655665169,-0.190356000021718,-0.0512366313051562,-0.214736774671029,-0.681991477978676,-0.616394831658957,0.219031149430908,-0.467640098218423,-0.605619199543732,0.157101502728991,-0.345420862509063,-0.470181670268656,-0.886731557890784
0.133157731407666,0.367979794592985,0.516079621412913,-0.244522786740115,0.00160503741721263,1,0.00981759492811005,0.391088796089644,0.281226351153834,0.174002214203838,-0.0117860950980034,0.248087014654717,-0.594287908571261,-0.346632844966558,-0.825343494501533,0.171343533457547,0.213648664730195,0.230767052882667,-0.086702776288634,0.201087537618793,0.13604838823083,0.397462160508228,0.211797813826711,0.246602681846307,0.427067804094054,-0.090694275226631,-0.114152135796399,0.00147151546762107,0.0309575818531871,-0.412067863572793,-0.324611982838185,0.224296506022893,0.557367400514029,0.406192332333064,0.161262926581528,-0.685295372167917,-0.0332601450435985,0.493195211892132,0.627329834999311,0.32454999224428,-0.0620311488829589,0.458449570814599,0.694389252262414,-0.31271374856362,0.00957140416401678,0.134232177863073,0.11503670453369,-0.725401445265454,-0.595325626046164,-0.568302768201688,-0.172498613563736,0.202198805133681,-0.225686341655774,0.208621425250722,0.268287549033816,-0.496961994912718,0.256991373303803,0.459764948642654,-0.354945205079625,-0.455151646357625,-0.512650358690912,-0.590299753432582,-0.789631605808192,-0.551156361933344,-0.539496001296313,-1.01931905610734,-0.424364012150978,-0.0551840814211335,0.0165043177321139,-0.261272138159524,-0.227197722895152,0.0386731787953503,-0.500306398151423,0.0168844320933842,0.217677045972937,-0.19340318982586,-0.32148934836743,-0.530253095470943,0.226453190007996,0.0289648226797534,-0.000559540470090658,-0.165844911727258,0.191299763863239,-0.0598445183070371,-0.261118929321132,0.156174823861581,-0.363779829775055,-0.362521449136123,-0.510421303444035,0.0527097743829762,0.0152288983046193,-0.357470174554747,-0.324030997961893,0.268804945626561,-0.116692591192824,-0.553583088284427,0.206351410272713,-0.549511208266315,-0.661465103351634,-0.667070451031141
0.399614232074493,-0.527037350465921,-0.147654462474918,-0.538733683301329,-0.352766491673325,0.00981759492811005,1,-0.773452843098478,-0.016746708157032,0.444330824885572,0.230192898172753,0.985290429361208,0.210694779001635,0.122841012645464,-0.0399394970711131,-0.685906663272833,0.774412071428489,-0.408019127411922,0.191849611169558,-0.185652632130333,0.514615539908441,0.238683912004747,-0.0368358692123933,0.509958825664325,0.363479019259032,0.203008579891404,0.319264054118394,-0.119492189743209,0.258496884011093,-0.30984326242009,-0.3988798674151,-0.0793468917282124,-0.254913049735878,-0.317647050766863,-0.216941833934233,-0.16623023337606,0.365974706900561,0.27791203322182,0.0359292719651066,0.220626750176545,-0.489198098734688,0.446405477051829,0.10928210827367,0.466558545405909,0.399408388607936,0.308577113139703,-0.409114338851579,-0.133219190468685,0.482631920911682,0.455082733676149,-0.260974706446036,-0.615613201204879,-0.405683351682854,-0.669211744637926,-0.0411157568285687,-0.253292857585826,-0.829248409325616,0.0710449088224446,0.322484854140454,0.222521591255854,0.37635097448988,0.0853700265767245,0.382444264203947,0.4547349523479,0.14966365638109,0.044736591953794,0.110706468977969,0.62166855544713,-0.215917428984998,-0.288250609984865,0.390557562146264,0.566512913507983,0.181814263618444,0.346660376476132,0.755690028236893,0.633125119081684,0.333616840795874,0.00643640438824633,0.0728139116214536,0.194594630660094,0.366613584960857,-0.297115985573572,-0.0260970938210159,-0.129600516501548,0.395935634572669,-0.256322047764126,0.207471527711342,0.0491573339681726,-0.232611885252701,0.123054045271599,0.291611563372397,0.150492446847444,0.0665844254557503,-0.00993518069743983,0.281494674250315,0.36632177225559,0.0119932517825771,0.421677212088565,0.328471246186718,0.321784204244985
0.108823857112406,0.163433148600519,0.133755227597749,-0.291609567840743,0.443842316759081,0.391088796089644,-0.773452843098478,1,-0.0149347717864754,-0.247620250638327,-0.040697721115504,0.123312291926183,-0.167648560322462,-0.0235122971419212,-0.714507943325041,0.0554588072316643,0.570709095048317,0.451520872007104,0.649759698135495,0.331320169918276,0.44235331092658,0.86766408706063,0.688949585197088,-0.347024093934942,0.0788778744748714,-0.0667749485457262,0.29640262396385,0.152730176857408,0.0993157222449199,0.161005926783511,-0.606658110715621,0.0726129877254389,0.185197303610061,0.64813092048121,0.434773712457046,-0.115474593029991,-0.0369165441754903,-0.0659967371268926,-0.227528095877498,-0.641051117053084,-0.169924103184852,0.0113938147013572,0.20959907283398,-0.414099966997853,-4.89380613930557e-05,-0.271672559026196,0.239723896303501,-0.202330472968513,-0.113405573140818,-0.449643650647408,-0.20234331280157,0.0136129788253523,-0.303506887551071,0.297231717831013,0.602751051032193,0.0563300427709363,0.00747039730821308,-0.127862152932746,-0.830717670035831,-0.351742410920495,-0.373240894348814,-0.156624915419903,-0.541446442846756,-0.285879803235522,-0.0555643702193167,-0.563620104673495,-0.476866938021543,0.414433656520218,0.605871592097327,0.504933957568315,0.362560292061472,-0.174864439814456,0.324892284356014,-0.899370871999821,-0.13252434856276,-0.286359961812701,-0.591622084108612,-0.123326647990239,-0.694284225738767,-0.620119717385004,0.0762805829034116,0.336116983358141,0.0145124829233682,0.313082245087478,0.0932864218218765,-0.333969957523978,-0.419892921248214,-0.0516586956142329,-0.107676631707461,-0.615542496056127,-0.35802956513899,-0.829597672765438,-1.00243758474853,-0.393719733591129,-0.701332736798557,-0.403097667067429,-0.38534598991588,-0.00994139376607001,-0.120195182696848,-0.54648708374087
0.38065381426707,0.113933024405049,0.238184992242275,-0.452447821974944,-0.0365323762783003,0.281226351153834,-0.016746708157032,-0.0149347717864754,1,-0.0162396868542196,-0.0859283729790379,0.176263868445819,-0.451405229231096,-0.213118824401894,-0.645239127369266,0.0283068319509216,0.304727879931747,-0.0758425912682045,0.0830936152984381,0.0824638400165099,0.248206603339842,0.314490430369002,0.265185154721691,-0.13823165245764,0.136470763149306,-0.112587346785083,0.225486212992574,-0.0868547786427226,0.0117945295459383,-0.377571615532416,-0.589823546398549,0.276907789730441,0.28993024954322,-0.0126055270774769,-0.138006818621659,-0.325703074585002,-0.138772614031403,0.32571978586211,0.199662972617858,-0.0882405217457055,-0.0700776910767904,0.249507903980784,0.194393440849536,0.270977480468615,0.295847249395188,0.234905932518384,0.0388862224805024,-0.17143658892509,0.000927103258207149,-0.146498423955631,-0.265247916794303,-0.214979451752505,-0.580232403974582,0.0579273060487435,0.303389027251466,-0.231669226223762,-0.161102961509779,0.126706473947006,-0.379620317206338,-0.355129629203543,-0.343240305394689,-0.183168958280688,-0.384674277282707,-0.199846982019062,-0.277292811914535,-0.622600635772347,-0.222007530578227,0.0529829479041825,-0.205622528529857,-0.30924459184163,0.138075537541983,-0.153324046893222,-0.0167486776523485,-0.414302657306587,0.173922370814947,-0.263850590663173,-0.372177883280281,-0.646818777071368,-0.0257183315289302,0.0300309653708511,-0.226209851044944,-0.121632875028771,0.0209417562153177,-0.331810645258433,-0.150905219955406,-0.210008089760653,-0.31067776959665,-0.477236857246403,-0.58089594754501,-0.10637711451028,0.18084054624483,-0.276854468082035,-0.552235498308053,-0.197722657173423,-0.513988516860405,0.104010119907416,0.0432536033541809,0.204785127968604,-0.0469255595066468,-0.259238997025145
0.747660215202235,-0.114488358714499,0.385026421351886,-0.671603687107185,-0.578687249325604,0.174002214203838,0.444330824885572,-0.247620250638327,-0.0162396868542196,1,0.0994059385583657,0.217436292368838,-0.561854115797511,-0.0803534024523431,-0.307959178661114,0.0285528933464646,0.0503677954293654,0.0202214294044907,-0.0827468031211765,0.719433466210776,0.46532463706852,0.315242494695122,0.42877961817104,0.600472050060153,0.143024183592998,-0.246320152268305,0.611752120888333,0.31419147564636,0.467437421361098,-0.339252963455515,-0.175597070583728,0.369009708606275,0.384831215005927,0.0788420144540651,0.1974824967932,0.0694918060274605,0.370183303442796,1.05682238356677,0.745064206746514,0.72138373049222,0.388387190375427,0.722652232162857,0.862822638201076,0.350399612529473,0.639650731688489,0.440926174021629,-0.123235586551767,-0.254870469923479,-0.0638649815648438,0.41572076420931,0.0987782257247753,-0.184230490033647,0.0452802509191875,-0.634209576497998,-0.334522405452703,-0.278042666517401,-0.381711468749531,0.0633651942923825,-0.722160240943173,-0.603924612265833,-0.773547759246094,-0.66026418089268,-0.492663198059521,0.22848095934161,-0.101601861154305,-0.520494375098454,0.351694190055932,0.227158695987608,-0.569393430794836,-0.560864755809318,0.100254765123307,-0.235883140942555,-0.273910693163736,0.262557886786739,0.241946335174716,-0.241048685051436,-0.416949255263763,-0.56208950853953,0.333813681211031,-0.0847510902614361,-0.028493815972524,-0.411021489511309,-0.0712835587361484,-0.513154867922628,-0.163311832730745,-0.194298875296578,-0.504506837600744,-0.48965871816731,-0.200361131334685,0.163929149364027,-0.195964784329887,-0.318800760062538,-0.427915504533339,0.150049188062074,-0.0563940007434009,-0.0225853764293959,-0.00482480585125705,0.0816323667999612,-0.165062255806123,-0.190031126659713
0.162655570793964,-0.138256688816033,0.271161352002674,-0.590428237726266,-0.375999350615116,-0.0117860950980034,0.230192898172753,-0.040697721115504,-0.0859283729790379,0.0994059385583657,1,0.134781759740567,-0.183097654133575,0.0847913385056194,-0.178359833774006,0.0375921389368026,0.163544820447067,0.0105934979457959,-0.0313510519743684,0.501483422247953,0.050385998350974,0.449298177217237,0.20677570210182,0.413621488346549,0.161577816474799,-0.231620425467622,0.183209982078089,0.0445801630417861,0.300328848430747,-0.281503188062109,-0.00469200350535753,0.23350122044247,0.582440208610757,0.294220929753486,0.306678255575026,-0.0513213464166478,0.540731847470012,0.491396644268459,0.430096575457256,0.409439702630495,0.304105436488303,0.604983006927321,0.46331032254626,0.308857246460629,0.47204034638848,0.337318042747423,0.216999964716602,-0.0186992808444864,-0.036522237020737,0.501962695531586,0.0870095107776012,-0.33160376394966,-0.0565101814355879,-0.438506462897738,-0.182987561760213,-0.148691984174893,-0.29682661342507,0.0653593385135261,-0.427572720876017,-0.472504021852197,-0.563643942124308,-0.518374163002863,-0.491647350465065,-0.211724312006294,-0.270450058148549,-0.323128410533456,0.419132447755821,-0.127312328067507,-0.267334567039537,-0.322921405560345,-0.32281606769854,-0.234031855858017,-0.342534752123121,0.377462820819487,0.0741709395526657,-0.225424334626365,-0.0397231715488344,-0.3818954883368,0.364068528668151,0.0162405072737264,0.211110119138084,0.0508052817518097,0.095461533974611,0.0467675631338304,-0.0390097025954291,0.156244074236473,-0.18993941452863,-0.172301863243022,0.173500034015763,0.408843079655977,0.00808640299283045,-0.102521274865101,-0.22836000636687,0.0539307165527687,0.0193646576098003,0.00252705862493692,0.180813277689635,0.352923474422403,0.0667043650667729,0.0985491480331324
0.820239163191662,0.0794810293768586,0.395106094600781,-0.488387270970574,-0.541607282362457,0.248087014654717,0.985290429361208,0.123312291926183,0.176263868445819,0.217436292368838,0.134781759740567,1,-0.232041654186543,-0.199666108409539,-0.215088219419456,-0.00841892559890589,-0.0801437727643902,-0.280718536359439,-0.43732618686117,0.549532010565457,0.111466230693837,0.018748433518288,0.307797748048519,0.481208135598378,0.0550569524170699,-0.440468110775015,0.556635090190778,0.0148680527656163,0.373085861723347,-0.342523360751688,-0.309915914307624,0.466358491093904,0.231246090174273,-0.38715270321784,-0.0212855328646495,0.323225446818799,0.0252874945770476,0.99451778984704,0.512091988666647,0.58771428959947,0.282137583575659,0.400810223553517,0.65846936146802,0.676167886559244,0.412423397862966,0.468460377189096,-0.0759835115319988,0.0735937715039852,0.195335495906531,0.721201394267557,0.348409932251862,-0.0613567897511215,0.143634124803888,-0.279228757062928,-0.314171416144741,0.139091136669393,-0.059921755395809,0.410109798324536,-0.351400643063251,-0.121687285739667,-0.567360192403753,-0.259022146597193,-0.264348100983368,0.187545439860485,-0.134623659251718,-0.260099747558829,0.637256090401565,-0.107345207676502,-0.918446252134436,-0.821101618392749,0.0802025724809068,-0.340607354910894,-0.390867864603111,0.365332235990295,0.170171741271099,-0.286798356010081,0.00224702493219309,-0.775222186879945,0.475326472891694,-0.0118215944192082,-0.303622763696445,-0.622571737104424,-0.316536682017394,-0.6108855227531,-0.287857105339391,-0.193168191814047,-0.546757775824683,-0.540581721722312,-0.127861167809778,0.330067607991782,0.0679928482216301,0.105697299583602,-0.25298329236321,-0.00816119430102935,-0.100279213907221,0.358036557581956,0.0956755473096615,0.554752971999927,0.255489620439996,0.182888374390564
-0.771843710183025,-0.512950781930279,-0.179413948929042,-0.453072990618322,-0.736864580830493,-0.594287908571261,0.210694779001635,-0.167648560322462,-0.451405229231096,-0.561854115797511,-0.183097654133575,-0.232041654186543,1,-0.740363101184925,-0.20223059068017,-0.396033688673469,0.22482931887125,-0.349328426191439,-0.450656653164683,-0.327913821664445,-0.490237290244152,0.130660920427698,-0.382790112058198,0.220367458157392,-0.132399996001935,0.062759357108752,0.491612251696702,0.0579738769952441,-0.232409350960613,0.451906101108932,-0.0877385592194388,-0.517757684381897,-0.0976586384013763,-0.0156057999374106,0.355407375769298,-0.362111999619932,-0.0972906525056756,-0.250876287148997,-0.0668387142127436,-0.284220394462653,-0.289537360786438,0.150524035148786,0.162105869004073,-0.0612610667809571,-0.128498998565531,0.637383236809576,0.344111176739132,0.245488019694451,-0.10148178926158,-0.279075170086942,-0.726115789070536,-0.360072969084386,-0.528724061773924,-0.348450784574698,-0.287827706300643,-0.33672720365567,-0.287352219854081,-0.12195593603944,-0.283622100842911,0.204839226883747,0.149790660453618,0.0783339493578096,-0.189250927561058,-0.321803988195242,0.0157202042867099,0.0990923449582362,0.18941718932579,-0.23262433104039,-0.101799260358764,-0.514940062634971,-0.0449721947999578,0.425530854194402,-0.522515978487781,0.074612667717996,0.324281356446704,0.156571646683746,0.404359758222511,0.100277446590811,0.172443591145908,0.167380767496617,-0.0601841738126469,-0.0948251090603929,0.161263620580161,0.78010529752325,0.515397701444297,0.487280620076848,-0.152625800237869,0.295377248574463,-0.323441827281943,0.498802139511069,0.572721200455303,-0.0756290909478697,0.0667549660237138,0.323132944290492,0.619177171049475,-0.126050885306563,0.710642379214906,0.283095491789233,-0.085725798425891,-0.262110815959323
0.0688937933360033,-0.176555819081328,0.117535287438182,-0.451622319590457,-0.351008128594069,-0.346632844966558,0.122841012645464,-0.0235122971419212,-0.213118824401894,-0.0803534024523431,0.0847913385056194,-0.199666108409539,-0.740363101184925,1,-0.289116699832469,0.431280059888777,-0.0484294861059531,0.495627471646836,0.138303800182235,0.816145399493341,0.341883868671489,0.449098032270267,0.359673066307495,0.609710477848681,0.362369150957623,-0.487749277027572,-0.15729245422026,-0.150458093718113,0.350293740988947,-0.267478914283555,-0.16618047152029,0.414849308593276,0.699655677291724,0.61276881805558,0.457658833624537,0.023405988993461,0.303984500861493,0.401893729523961,0.647309241533233,0.298644121786642,0.238329588449308,0.259553693467994,0.778989630700057,-0.436401650594694,-0.160914415787844,-0.116979931159792,0.0590037719464953,-0.411105168115267,-0.370545724496745,-0.15686294603985,0.41323600956648,0.0824214261108372,-0.0743274307699491,-0.269565953766147,-0.292910794965668,-0.247843965295301,0.0670865951155584,-0.130838609135292,-0.545543154738641,-0.510992343001878,-0.797978933987733,-0.624898550187528,-0.697833800798209,-0.301811476782636,0.121449841535107,-0.442247730950363,0.563587158747406,0.0105831636913897,0.0718545500884101,0.0330796913695643,0.0565672150861329,-0.290536750656531,-0.253256799440896,0.141602996417633,0.130339179533096,-0.17137478729574,-0.442327967172404,-0.493789816364025,-0.0609371513552525,0.0453346007504207,0.421214087027709,0.00893388310193922,-0.250756536914947,0.153436275289324,0.0182949069776731,0.169605592838426,-0.51045446041715,-0.426777748156358,0.480390683108464,0.227138628723476,0.222033696529247,-0.372779926723334,-0.257464088673868,0.0273207443953998,0.0215068044824887,-0.459203577674137,0.0907272477070385,-0.0960522342310502,-0.315270756020324,-0.42854459479829
-0.535961474329099,-0.86046244278549,-0.768381463877745,-0.432204373214486,-0.967256202348617,-0.825343494501533,-0.0399394970711131,-0.714507943325041,-0.645239127369266,-0.307959178661114,-0.178359833774006,-0.215088219419456,-0.20223059068017,-0.289116699832469,1,-0.117511045838828,0.195005537943762,0.0809652250590791,-0.0898784814621985,-0.100422145838268,-0.0126076606599444,-0.0965470819068086,-0.281945863351122,0.109856697185836,0.00489529919272885,-0.426061361610652,0.147868776128458,-0.599679487464387,0.206318776290695,-0.0492254007006455,0.223638123951965,-0.280109596107254,-0.0780416063349987,0.139925540241639,-0.0863589127280588,0.0391927099373668,0.436872758028507,-0.210555694265089,0.0877383781112184,-0.140550219567091,-0.145268780572704,-0.0396165894665594,-0.196196666119227,-0.0974851826672265,0.166782602516789,0.106971797340159,0.0532141128709646,0.390578922027224,0.287105150547282,0.329489079020302,-0.122376345767719,-0.593902969438638,-0.677207203281101,-0.875968093416578,-0.725098666373525,0.0345622718603715,-0.861121562770534,-0.723823964204894,0.18440637746667,0.00970535674619571,0.242633388264659,0.0507191576370333,0.0223155986342132,-0.090718629195102,0.275729300651996,0.0143793264550511,0.387441819802269,-0.191611833628099,0.0407849536795314,-0.00298295571693741,0.442194316847309,0.0447801261406942,0.0276488419860965,0.198690478431591,0.329498281382095,0.255965838254287,0.495308507863754,-0.23801305536716,0.0744985144883998,0.564240271750502,0.176467720191336,0.224005533690335,0.585958720286883,0.51889237358622,0.596793055164216,0.18850043423723,0.459803147746417,0.295668454666762,0.409000174923215,0.471884900021406,1.06197882671055,0.472344093304425,0.261058776444041,-0.0241429140468168,0.56070530946809,0.205005827872217,0.202876862590114,0.286012489251805,0.392743700452294,0.654084039358483
0.189895858870152,0.296835722062467,0.045492754778194,0.200358158108341,0.58067841353421,0.171343533457547,-0.685906663272833,0.0554588072316643,0.0283068319509216,0.0285528933464646,0.0375921389368026,-0.00841892559890589,-0.396033688673469,0.431280059888777,-0.117511045838828,1,-0.264323449188451,0.349243825443258,0.518148552238895,0.00964537709234936,0.124603425784222,-0.021211168125064,-0.033738359614755,-0.303090618776345,0.193439063981528,-0.294896871369149,-0.768987388809931,-0.190317552271897,0.0182223529695708,-0.385589999542818,0.0384858185621404,0.291392367262088,0.350291089694447,0.481729240835702,0.0550020130402262,-0.258703993981267,0.473523957915665,0.349898483235336,0.204291121728002,0.0509001301968366,0.30990113413198,0.0126766826422704,0.0650226217701112,-0.508531694758805,-0.399424318216493,-0.437290768582144,0.0272971099165315,-0.463141191340978,-0.124046407597269,-0.202811076284597,0.638523092614143,0.607526337742366,0.308878487105269,0.416352182624374,0.469225967352348,0.165930298760509,0.266422228816318,-0.107383313344778,-0.20046472973345,-0.320593498810929,-0.0882752971149595,-0.302436896249732,-0.314188376795146,-0.249481242020766,-0.126843063313409,-0.160130742226168,-0.315060506783728,0.199083394654119,0.646543522097179,0.56013561687593,-0.145033812094114,-0.172353104117286,0.295905047828066,-0.129279810394302,-0.343373174020119,-0.133989372505955,-0.525429052192139,0.0870067237899196,-0.387796052032201,-0.302335621495998,0.451676711624843,0.667817789572774,0.0274996606047391,0.225824518767972,-0.0485360288071476,0.104416272946075,0.257296588218797,0.141247377856729,0.190497411611036,-0.148650559960436,-0.202267185482918,-0.202875564353815,-0.130436861290296,-0.0032415157081328,-0.305882866168877,-0.322695739493519,-0.229881705240357,-0.673391394008524,-0.341165971578838,-0.274644453516781
0.501691832083599,0.390483154492303,0.336363984085545,0.484944194283017,0.216465565646764,0.213648664730195,0.774412071428489,0.570709095048317,0.304727879931747,0.0503677954293654,0.163544820447067,-0.0801437727643902,0.22482931887125,-0.0484294861059531,0.195005537943762,-0.264323449188451,1,-0.412033604415874,-0.344998680873299,-0.301104674444353,-0.441635355696346,-0.445642127964748,-0.198516413254343,0.270504144764958,-0.257980072358956,-0.129298603435013,0.000508836032715843,0.228986334560652,-0.240854492430124,0.0798548287471473,0.0793872561023599,0.0587657718752547,0.104515675062339,-0.604754690516287,0.00354378445355991,0.309801065289869,-0.47879845631304,0.174961890978254,-0.258242136942302,0.123943450240484,0.044444798593659,-0.200369827412392,-0.124698324088459,0.586143807879453,-0.141708009230171,0.125667090763281,0.0952971162559689,0.422759639797102,0.290916276702006,0.345157098701443,0.456767185232434,0.423180638712517,0.406664769157702,0.489798195650805,0.0988404735738671,0.595080458794206,0.560362540697743,0.533532121489256,0.170161244196186,0.332873628603694,0.115542195692273,0.232369548820193,0.138467203603881,0.069210438638346,-0.253102087541557,0.504071745637268,0.361791674329602,-0.23956779332511,-0.657950173033801,-0.496385753493654,-0.373015709053855,-0.255533046273194,-0.28161849098715,0.344573327236477,-0.206275835151321,-0.14362915342768,0.31736022893055,-0.109653081851344,0.504290719643318,0.0213605959569156,-0.360226834603344,-0.381160475237204,-0.47136068963451,-0.289421983746073,-0.420132267349265,-0.175750919971745,-0.111945384760896,-0.0755343976773354,-0.196426160713597,0.172827401251065,-0.0755425205561263,0.412840536436338,0.227685931357034,0.0547750099522186,-0.11687015977717,0.549657723023789,-0.010810818355075,0.331490413345293,0.416344976692748,0.250079780590214
0.150313893199096,0.640215817220094,0.178387305183689,0.66680610975886,0.775037614162723,0.230767052882667,-0.408019127411922,0.451520872007104,-0.0758425912682045,0.0202214294044907,0.0105934979457959,-0.280718536359439,-0.349328426191439,0.495627471646836,0.0809652250590791,0.349243825443258,-0.412033604415874,1,0.338154564756414,-0.0586994255408034,0.0138666959308852,-0.0793291560552922,-0.0159513302163554,-0.341411786593685,-0.0935237559293915,-0.304720512457566,-0.297427778622476,0.191435495870018,-0.0946897171465013,0.0817897615756873,0.283480642440462,0.570598419580843,0.499995608662382,0.206425107470019,0.20334217914911,0.0730497736892774,0.0239890209849447,0.411611229745701,-0.00507250450160797,-0.35642581390634,0.299485435764051,-0.413812767747679,0.334885508259973,-0.186262562714207,-0.175522027687957,-0.468714770256588,0.16263296638499,-0.412677842515605,-0.297419650128394,-0.305878044056034,0.463919381392175,0.697878776996221,0.83576464460176,0.802569195694229,0.438835796361791,0.253987796115806,0.589972962526307,-0.0770912421188933,-0.359840507880946,-0.23867355890883,-0.23825866601889,-0.21723150175678,-0.134976162804427,0.0422872004181765,0.191948775025278,0.0962469436202991,-0.47983540370165,0.153609179067873,0.290872792337355,0.300282772567163,-0.0637643033336654,-0.605605786876853,0.108178202230201,-0.62609108780415,-0.484374966643485,-0.343112805091102,-0.751851674019363,-0.171838823588525,-0.330422659718111,-0.393782951977036,0.128606424374904,0.238685562366543,-0.301122468936362,-0.238585233041865,-0.55834707987763,-0.367110596430283,-0.295292248832183,-0.308449208250948,-0.193909830968254,-0.522801006186224,-0.571771764782606,-0.258940972867669,-0.322596935785995,-0.14405743156648,-0.547395125803088,-0.174660862863306,-0.399733763222907,-0.773736105592504,-0.446715004606271,-0.555379273440285
0.107932057316616,0.402417642163971,0.388479030097214,0.235689951334397,0.174827415977679,-0.086702776288634,0.191849611169558,0.649759698135495,0.0830936152984381,-0.0827468031211765,-0.0313510519743684,-0.43732618686117,-0.450656653164683,0.138303800182235,-0.0898784814621985,0.518148552238895,-0.344998680873299,0.338154564756414,1,0.483471198953908,-0.12714752827091,0.16615447147919,0.186689557494821,0.399184332524398,0.153654412482265,-0.630622416243362,-0.454739874506478,-0.0754577609484911,0.1965521669841,-0.120584473640216,0.192031439407744,0.631051093631754,0.715192641997206,0.422723378378479,0.498257322455772,-0.0384518441294582,0.0832890757278667,0.459623990986216,0.474356401750875,0.220872784157612,0.359967815426076,0.068012926624425,0.765935404336369,-0.400971501525714,-0.498535696112563,-0.201993141499571,0.273643159794416,-0.285888859065212,-0.292815759332312,-0.142463706261493,0.786090596972716,0.729904180725525,0.513025666389017,0.466814007673161,-0.0390598554158028,0.185957507857932,0.765829329124369,0.298316955069212,-0.472484448492531,-0.526598247446438,-0.690961043539157,-0.396750716981909,-0.661236311013916,-0.520255619942241,-0.230535066030132,-0.162036766847931,0.125953418102447,-0.356476508659301,-0.0862407457038659,0.0117263109706457,-0.285323427685771,-0.639317002597476,-0.407082801404479,0.0994366290104262,-0.393693319584896,-0.321525801942845,-0.418200201302819,-0.398478734500635,-0.0501472492014482,-0.0504675948338106,0.225055197313145,-0.0245941719100665,-0.477719783859316,-0.0286339638700918,-0.381795339432626,-0.0301614531963419,-0.529219315885453,-0.337535300531714,0.274402667338074,0.148389746920756,-0.101799291968652,-0.238182546528056,-0.257997640634627,0.0809746803565334,-0.0255324503449005,-0.293437437711809,0.02479878111865,-0.373867947305273,-0.33051238280081,-0.474467617627621
0.279560479323371,0.567480769339643,0.520100472214128,0.143197952296734,0.710829056112074,0.201087537618793,-0.185652632130333,0.331320169918276,0.0824638400165099,0.719433466210776,0.501483422247953,0.549532010565457,-0.327913821664445,0.816145399493341,-0.100422145838268,0.00964537709234936,-0.301104674444353,-0.0586994255408034,0.483471198953908,1,0.303015601671129,0.36392601065577,0.0882258378953781,-0.0377680421932787,0.631133368473263,-0.0633776661095636,-0.414154390777537,-0.0760438965874965,0.0718771683799572,-0.363045511184228,0.130585396249857,0.812502501890391,0.544061390215806,0.196280685335798,0.0391638743852374,0.0119379779430551,0.528056945221934,0.671280691184521,0.419504298260807,0.0945546209799187,-0.0179681760764714,0.0567971816760902,0.744999838901274,-0.22322368717263,-0.043790290176708,-0.519402808217645,-0.227274205036542,-1.0949358845479,-0.404150302003878,-0.196986821098103,0.374025312858029,0.504821193244704,0.75921352055271,0.530667876291834,0.522410929683252,-0.238140444457856,0.346093653179126,0.214849271627629,-0.20063739884564,-0.263245538609343,-0.170585112990352,-0.515034168846474,-0.153752731503344,0.222171196356079,0.38685387880608,-0.276831797051846,-0.258256372380735,0.503484913374981,0.319349908330884,0.14538323045239,-0.00536294953465677,-0.277458685647941,0.074729504460076,-0.175209538255472,0.15676590177141,0.0994829398442464,-0.89089397886204,-0.299177473729189,-0.118735723795201,-0.451740626773066,0.53693444569964,0.115615920933636,-0.33175859534194,-0.224146550743986,-0.57932817517834,-0.231363867430571,-0.224713638024862,-0.571570772445744,0.0980202141639358,-0.382116045414252,-0.513700912871762,-0.394943202899751,-0.162014998668361,-0.0950033506397963,-0.433461151236662,-0.394993849474144,-0.437675071872841,-0.641839583509327,-0.562403899003287,-0.452056760311965
0.698234920324921,0.39587453534914,0.546047010134398,0.0424726412940661,0.233774206007754,0.13604838823083,0.514615539908441,0.44235331092658,0.248206603339842,0.46532463706852,0.050385998350974,0.111466230693837,-0.490237290244152,0.341883868671489,-0.0126076606599444,0.124603425784222,-0.441635355696346,0.0138666959308852,-0.12714752827091,0.303015601671129,1,-0.119197415598653,0.0232164938122988,0.407457937483302,0.384739600276458,-0.27602691869775,-0.408043836454307,-0.044135573155849,0.400316674341224,-0.688431819621311,0.127209144360163,0.651018617307473,0.578446067347726,0.0499639452731368,-0.00905872768628421,0.0731432022964628,0.260995880255486,0.812316585048682,0.592914211299246,0.549778655745574,0.240041522508594,0.229172698828222,0.820242721547448,0.0934464026927493,-0.163663250685331,-0.180717926627768,-0.196524963487889,-0.421889071338113,-0.215343447151611,0.211172730318527,0.719325681905454,0.498660282750291,0.470835529398838,0.274279277151173,-0.0120699555132404,-0.0741223181672845,0.555586166051382,0.439469914135822,-0.203091595940906,-0.371888256683248,-0.368433562138602,-0.414258485420783,-0.319988213669215,0.063489728803565,-0.0486796279912576,-0.170341694663435,0.355052009455534,-0.114601211980191,-0.373021296763368,-0.337394210521317,-0.243154104145678,-0.557066662286197,-0.426934533337652,0.221125306026476,0.0321763097064764,-0.109215275630062,-0.430114966971356,-0.697956207210027,0.216659324564018,-0.145620141563202,0.210807873270464,-0.224247223068589,-0.546681950789148,-0.490764498595729,-0.803272559118931,-0.17332247465035,-0.423435410809086,-0.614225934347337,0.286045452954153,0.0797341447652522,-0.0255116405248493,-0.141370659994921,-0.125557922741081,-0.0411675027285029,-0.280747811439426,-0.0025178752130231,-0.238777009886626,-0.103050209696655,-0.234478083865242,-0.0655771426029637
0.534286039425903,0.78858186121073,0.651453210979716,0.0714958394127817,0.445233441525203,0.397462160508228,0.238683912004747,0.86766408706063,0.314490430369002,0.315242494695122,0.449298177217237,0.018748433518288,0.130660920427698,0.449098032270267,-0.0965470819068086,-0.021211168125064,-0.445642127964748,-0.0793291560552922,0.16615447147919,0.36392601065577,-0.119197415598653,1,0.328707656255025,-0.168147102757249,0.118809499377037,-0.503006877866845,-0.275912992908371,-0.24867983432086,0.100859309514755,-0.241580364912024,-0.216140618890502,0.651130858241795,0.286838157113883,-0.1584481453024,0.06999033159,0.226063365803981,0.0603517584548543,0.810368013224879,0.326070682731953,0.326010768747554,0.295372349119652,-0.0594531758321023,0.445474290730815,0.00676561914728574,-0.252530675800126,-0.200576876592496,0.0364440377448993,-0.432566766635895,0.0260383746071829,0.289503134651739,0.765522602136511,0.750976193721424,0.703175019903791,0.569460287961046,0.322957830532528,0.271739533890599,0.720569809498854,0.510078446940047,-0.427168149038344,-0.110537491051009,-0.383538477790347,-0.0910143978544586,-0.304422855329963,-0.124095899997011,-0.0383637048232826,-0.0689467016519643,-0.0820474318686572,0.00370448985341848,-0.141005183260419,-0.168317233163299,-0.117252558547734,-0.594299677992056,-0.138353935401943,0.181018338181496,-0.432695805345147,-0.436724439266448,-0.361990374204157,-0.457329571162163,-0.0683139997474598,-0.430436708701518,-0.0645918108732262,-0.01432543579641,-0.435159758389188,-0.273054346860854,-0.461864051487058,-0.171055571070488,-0.596835513510657,-0.339503268040695,0.0289531014099318,0.024001139462172,-0.501627536627041,-0.135718866147326,-0.180944124761351,-0.215524661693855,-0.399947907425232,-0.0938547024023805,-0.227855933127697,-0.109671887340455,0.0127066329520572,-0.22076623676964
0.296898218332432,0.664661411040995,0.603162516171123,0.0250823115390365,0.615640067587535,0.211797813826711,-0.0368358692123933,0.688949585197088,0.265185154721691,0.42877961817104,0.20677570210182,0.307797748048519,-0.382790112058198,0.359673066307495,-0.281945863351122,-0.033738359614755,-0.198516413254343,-0.0159513302163554,0.186689557494821,0.0882258378953781,0.0232164938122988,0.328707656255025,1,0.0996869986195852,0.556324091279466,-0.2555894815742,-0.474901118334999,-0.306582443341613,0.161066508577544,-0.351491108818784,-0.238592835942972,0.605090195908625,0.598763651350155,0.224563439612686,0.131985311101654,-0.304662774181688,0.220177766935178,0.618748137765312,0.411923184443368,0.130365302253354,-0.234044888438972,-0.0857236872943689,0.757098006862249,-0.495598958424158,-0.397479752868448,-0.522541756084993,-0.176436691657733,-0.91553088246483,-0.482276168014301,-0.370368092658428,0.578826899089872,0.795212851951574,0.662297756050333,0.724349813743575,0.589076158385104,0.049570290811842,0.679597314503185,0.505191003643821,-0.389524605140841,-0.226266499671114,-0.237807620307928,-0.448620620081402,-0.423549574737518,-0.29184111483999,0.112492559211625,-0.298133546045228,-0.251843750769263,0.128685806642819,0.283678283824897,0.0506436184638496,0.00900804159967766,-0.263864094089531,-0.243039441553839,0.00522204045186933,0.123646229023413,0.0779673153883887,-0.443349005582769,-0.381640598431024,-0.39620206872378,-0.364380730491476,0.528754616811414,0.024672099036333,-0.399185135212361,0.0447625322068729,-0.222736732330406,-0.171836068587482,-0.530188581812252,-0.442059857432194,0.0627932637540026,-0.206295879845863,-0.212905357198502,-0.395012796741729,-0.307637987272137,-0.316510501107277,-0.291057567542865,-0.546730799176688,-0.290700877666014,-0.511469561936573,-0.526273360435888,-0.512486869418157
0.738540736100419,-0.0403936524146919,-0.0782339507392973,-0.11543724921186,0.132878312349204,0.246602681846307,0.509958825664325,-0.347024093934942,-0.13823165245764,0.600472050060153,0.413621488346549,0.481208135598378,0.220367458157392,0.609710477848681,0.109856697185836,-0.303090618776345,0.270504144764958,-0.341411786593685,0.399184332524398,-0.0377680421932787,0.407457937483302,-0.168147102757249,0.0996869986195852,1,0.0402859479555546,-0.0774427102487742,0.0744695191853403,-0.00210586417779324,-0.0158940162201947,-0.49306428555154,-0.254544433868379,0.249445610278739,-0.22295461868869,-0.477934696558897,-0.407501276338212,0.535847185415839,0.179512059836537,0.350035943120345,-0.131099155485393,0.127024028554388,0.0654888926067573,-0.170156763116899,-0.147575870936862,0.683303597871673,0.162834042420237,-0.0912929094596128,-0.338334537301643,0.221147768248165,0.630275816271186,0.79843867696866,0.361049631393128,-0.20889421330719,0.336905999314231,0.00725545396285338,-0.0311887969081395,0.177928816537653,-0.250120854868803,0.0914560659289801,0.294669738595105,0.196024187152638,0.130177730702188,0.201552299297733,0.327065375756173,0.667127147394529,0.248666975478547,0.186596452772357,0.541998323469005,0.547812510102184,-0.210624381062914,-0.0739685623873231,0.23879543405316,-0.139767459955963,0.301077742803634,0.0318594718401635,0.170335048281665,0.0914070073170669,-0.0609790166119334,-0.123261380668893,0.102325920398297,-0.343922605950662,0.115933645842014,0.0540182423850263,-0.348282245494446,-0.425754908039045,-0.161724485504494,-0.207053692917214,0.0926996084475423,-0.129476250265385,0.244035314274849,0.0278821854341663,-0.0569511956878315,0.266888016079344,-0.0329284700973745,-0.349296325116287,-0.569891413292983,0.749549905106129,-0.340501800575535,0.777793682000188,0.694233693588024,0.657601287708897
0.789991751259217,0.234884507903317,0.433890673539722,-0.291360844145679,-0.363860191473057,0.427067804094054,0.363479019259032,0.0788778744748714,0.136470763149306,0.143024183592998,0.161577816474799,0.0550569524170699,-0.132399996001935,0.362369150957623,0.00489529919272885,0.193439063981528,-0.257980072358956,-0.0935237559293915,0.153654412482265,0.631133368473263,0.384739600276458,0.118809499377037,0.556324091279466,0.0402859479555546,1,-0.556552994015911,0.330573916060285,-0.161442208362885,0.554209081634434,-0.552034483894634,-0.55300329749225,0.830036672794993,0.0587978805136281,-0.150257242491918,-0.0987981790802867,0.124597102979448,0.213577706327046,1.17469627150759,0.593481875793027,0.550731805616379,0.238175554878223,0.454302943069507,0.793274894118836,0.479921563520098,0.122463259808079,0.222592214880739,-0.326756859117778,-0.265929875911256,0.344155846900104,0.665425930062385,0.476087810970048,0.0980099713187097,0.13738277879807,-0.194533864409086,-0.164544815397122,0.061019288028761,-0.00952755182394224,0.228675359689765,-0.595333633889132,-0.510286252112259,-0.662503198683859,-0.106991370268572,-0.181810522782072,0.405514816182972,-0.0415923678587808,-0.209531866060965,0.120334667904482,0.145689994083859,-0.678299515541803,-0.516983699926203,0.303593425639489,-0.612319390111477,-0.218377683199369,0.0521782684825734,-0.0779868337504492,-0.323452657089891,-0.568551265909474,-0.903135056223101,0.01587669347522,-0.123239048142012,-0.272689078450947,-0.499833867501673,-0.484398544002239,-0.794715326731819,-0.405167982647491,-0.495375184476244,-0.854795053740724,-0.795539103864051,-0.163617605513735,-0.0351444786499537,-0.0540707728952338,-0.253386872422264,-0.657459346560824,-0.200871550035783,-0.200363506643403,0.25600654816263,-0.238242315352945,0.146194373974937,0.0237671059001913,0.0448216388082751
0.435849579679789,0.0970438462351413,-0.0609831160904322,-0.00855576999934302,-0.331620167004325,-0.090694275226631,0.203008579891404,-0.0667749485457262,-0.112587346785083,-0.246320152268305,-0.231620425467622,-0.440468110775015,0.062759357108752,-0.487749277027572,-0.426061361610652,-0.294896871369149,-0.129298603435013,-0.304720512457566,-0.630622416243362,-0.0633776661095636,-0.27602691869775,-0.503006877866845,-0.2555894815742,-0.0774427102487742,-0.556552994015911,1,0.31730937435255,0.332284064377211,-0.285608857066572,-0.381963002070218,0.0680641481235238,-0.199153070378827,0.169942327857271,-0.055192706990489,-0.0173348275447668,-0.0178027652752337,-0.464063790369542,0.701016809995551,0.443839702558154,0.182647012428948,0.399700608198256,0.278348911621616,0.305639712647018,0.601142218407123,0.0729282939919248,0.714106789161837,0.321575270567338,0.354694851010147,0.0269925681250323,0.234142195626776,-0.15856168748076,-0.255611502724242,-0.316297784465976,-0.151240782251431,-0.292477755898794,-0.153895306803715,0.0469460173712998,0.0933062856715219,-0.348179154896395,-0.0824444520751106,-0.364374013103392,0.0991656906680716,-0.193842089125002,0.215559863385343,-0.356063506851025,-0.427721204886452,0.342856776383994,-0.067212301360232,-0.311325898500328,-0.589006359319084,-0.497949978549164,-0.209327238098225,-0.731587967745034,0.167159915408703,-0.309505786146295,-0.694988145876341,-0.0715453547266789,-0.463100531431941,0.864787830183313,0.170265065957755,-0.55112055553455,0.0330151941332644,0.160073434001473,-0.0791281361193799,-0.516901866000005,0.508402007609553,-0.317932505678059,-0.203026362386812,-0.26128282184333,0.442470379218749,0.384164420961777,0.355668382358202,-0.0287428169642366,0.489174217450694,-0.189818534446229,0.332040565635783,0.487256791479454,0.430571289435518,0.27083581777883,0.424684027436405
-0.0560722853793875,0.0427140884063991,0.259223783818304,0.0791495757414665,0.160853401929265,-0.114152135796399,0.319264054118394,0.29640262396385,0.225486212992574,0.611752120888333,0.183209982078089,0.556635090190778,0.491612251696702,-0.15729245422026,0.147868776128458,-0.768987388809931,0.000508836032715843,-0.297427778622476,-0.454739874506478,-0.414154390777537,-0.408043836454307,-0.275912992908371,-0.474901118334999,0.0744695191853403,0.330573916060285,0.31730937435255,1,-0.506488065046236,-0.183801630159205,-0.0365035497977911,-0.00499663148401432,-0.369345679085545,-0.11960187204228,-0.468322875290473,-0.227128902597037,0.165048485899048,-0.224350673854655,-0.112094285349601,0.206782943867601,0.228061341990523,-0.726646919145625,-0.641104861989468,-0.28033964389565,0.0662692911929711,-0.509609743601307,-0.293060808533425,-0.360538900910467,-0.0902759143062928,-0.306054355246263,0.118101832326349,-0.0216284483361782,-0.060356574170025,-0.128053010649167,-0.0172910101969988,0.112534975794631,0.0187792794281257,0.169822445468937,0.266932659835898,0.624049525877266,0.77619002602965,0.748861141546756,0.359878797338362,0.522364234387602,0.346514312389505,0.465895026039789,0.0690309492621473,0.261414787280903,0.0383508971166725,-0.0239024381579475,-0.238181987015939,0.0607600959451037,0.410079949431499,-0.060215151974616,0.515843404401742,0.607361954434395,0.439037662969056,0.717324182182722,0.189061773905634,0.461139576560425,0.254225360259264,-0.0156480397979653,-0.254963679077843,-0.0213086895195707,0.219015126686725,-0.0341296417482329,0.300691284872957,0.07220120087651,-0.0154389868817966,0.129462076980889,0.0256688954257749,0.399068238189074,0.577967910682191,0.503061504272834,-0.245148201319599,0.211941331350987,-0.129209248047876,-0.0510368867291362,0.168490509120708,0.289983298848307,0.746383101542249
0.196395680784313,0.41375825637048,0.0139503985714841,0.232341435341445,0.442565183304133,0.00147151546762107,-0.119492189743209,0.152730176857408,-0.0868547786427226,0.31419147564636,0.0445801630417861,0.0148680527656163,0.0579738769952441,-0.150458093718113,-0.599679487464387,-0.190317552271897,0.228986334560652,0.191435495870018,-0.0754577609484911,-0.0760438965874965,-0.044135573155849,-0.24867983432086,-0.306582443341613,-0.00210586417779324,-0.161442208362885,0.332284064377211,-0.506488065046236,1,-0.496916399524735,-0.423452216095552,0.243334329537733,-0.229760721434302,0.337577676753839,0.150461586476601,-0.238523922604021,0.125473100848356,-0.601114310295624,-0.062752252772153,0.237665707345111,0.0177363672814813,-0.0230751029838223,-0.396545155424323,-0.298524593760584,-0.29277480987503,-0.409357012115128,-0.254489271079447,0.031979665134957,-0.227352699944084,-0.489444151068581,-0.37262768195198,-0.0627837891913604,0.0202348678975599,0.133828487401571,0.338963829178007,0.0831090087350358,-0.0776691354374009,0.362897329978355,-0.0764749411885212,0.22777296562098,0.315489007939894,-0.0383370031251823,-0.0970698314715888,-0.356341678950895,0.0508699069629024,0.0341098351539196,-0.647231473945046,0.420000781060808,0.392701086150513,0.562194649275145,0.392480167111903,-0.30854778668054,0.21769665338684,-0.343601360869997,0.446142132863783,0.030055081713764,-0.256846865711122,0.134956642087867,0.0684810256213175,0.464311365204563,0.170829109923983,0.0141188168265988,0.485000228451837,0.361970185726435,0.235973839628458,-0.448242548808225,0.71242399389655,0.0148763757639604,0.141124456901931,0.27699192570109,0.304613648352616,0.210281081554948,0.48539549996311,0.387947505677341,0.450665487420893,-0.305747854028878,-0.188185199956487,0.230036152812323,-0.0466865813812242,0.12398580632655,0.340631592491897
0.45978338033279,0.260167283449351,0.412999034798591,0.0222348578982587,0.0701384526463345,0.0309575818531871,0.258496884011093,0.0993157222449199,0.0117945295459383,0.467437421361098,0.300328848430747,0.373085861723347,-0.232409350960613,0.350293740988947,0.206318776290695,0.0182223529695708,-0.240854492430124,-0.0946897171465013,0.1965521669841,0.0718771683799572,0.400316674341224,0.100859309514755,0.161066508577544,-0.0158940162201947,0.554209081634434,-0.285608857066572,-0.183801630159205,-0.496916399524735,1,-0.593465949535957,-0.458645236757931,0.844356766897797,0.0461078778640072,-0.0763541429220271,-0.327810299396987,-0.284592134994581,0.0808932652312119,0.920587428384219,0.50899192890659,0.360895498968512,-0.189132251300424,0.105136039249802,0.747838522691849,-0.106847856733431,-0.297637241768766,-0.256988410487687,-0.46934632877567,-0.860184298844603,-0.0892787917925341,0.0176473396320448,0.504026403942866,0.250392281146838,0.247451598480586,0.0628103260332535,-0.0203312141344299,-0.146653977979626,0.134431841953074,0.247286654680024,-0.0463950079695708,-0.117796112764855,-0.126763733285137,-0.178420463865209,0.0505466636411866,0.413990480691854,0.535168682715903,-0.128136115067477,0.118213505742199,0.518673118113549,-0.26675371184687,-0.294449795089946,0.427285270487146,-0.0288905111828474,-0.203094020600957,0.103976515349996,0.465120889428134,0.17406083520624,-0.804636783303262,-0.749839955548686,-0.0648765160302373,-0.0386198809228384,0.0198101937334288,-0.464714517315303,-0.601581030887739,-0.469115947518623,-0.578984520953414,-0.431029699869121,-0.726664503764292,-0.975747527285606,-0.0720164843102307,-0.145603905910151,0.110616026077283,-0.149162956119069,-0.189601479618424,-0.239667441035541,-0.0415256120915408,-0.143425304104119,-0.343581435468545,-0.351302706899704,-0.391805892965765,-0.27661752492825
-0.378207637668739,-0.0621692907637274,-0.202688787367969,-0.0430956490635036,0.0548562039843724,-0.412067863572793,-0.30984326242009,0.161005926783511,-0.377571615532416,-0.339252963455515,-0.281503188062109,-0.342523360751688,0.451906101108932,-0.267478914283555,-0.0492254007006455,-0.385589999542818,0.0798548287471473,0.0817897615756873,-0.120584473640216,-0.363045511184228,-0.688431819621311,-0.241580364912024,-0.351491108818784,-0.49306428555154,-0.552034483894634,-0.381963002070218,-0.0365035497977911,-0.423452216095552,-0.593465949535957,1,0.401346724248515,-0.467041918414922,0.0854345919413052,0.0848351482157135,0.205108605569579,0.0832706042864942,-0.417685275546634,-0.502017396650293,-0.215950590373093,-0.535266433859813,-0.156658621193252,-0.550501071459503,-0.565977802768335,-0.0399240317353746,-0.370341006942024,0.0366035120429102,0.414506089638969,0.660709553141497,0.0358881431776323,0.0509410209186867,-0.197648283215706,-0.0769903885398392,-0.452954220798124,0.0300973915834146,-0.0873677039133927,-0.0114081454978759,0.201091311604046,-0.231241977452204,0.0281036081592558,0.112293017796422,0.148147569272878,0.472129703631869,-0.0707983897882788,-0.155261553506217,-0.0996840230003283,0.000858362569996385,0.0514329219221359,-0.200072641937692,0.379260416017468,0.132188013957193,-0.131611823374239,-0.0287465324745306,0.017940224584705,0.0773421657132369,-0.329952272145142,-0.333471898386156,0.297139351647153,0.0251925958881234,0.287841384205321,0.236377683730669,-0.170694774352312,0.590009529027446,0.496920009696436,0.708625924045902,0.112799583591946,0.652049472173163,0.0493661031573862,0.603456641140824,0.0546818399833314,0.310860291500146,0.421729884901733,0.469246422412046,0.0826182365174272,-0.0822257364722297,-0.139057188716955,0.227704985493104,0.371673714907755,0.588767246905122,0.584968203240056,0.596989650251892
-0.148775743291126,-0.447490837739081,-0.650134568935372,-0.141275642629436,-0.0590462061932851,-0.324611982838185,-0.3988798674151,-0.606658110715621,-0.589823546398549,-0.175597070583728,-0.00469200350535753,-0.309915914307624,-0.0877385592194388,-0.16618047152029,0.223638123951965,0.0384858185621404,0.0793872561023599,0.283480642440462,0.192031439407744,0.130585396249857,0.127209144360163,-0.216140618890502,-0.238592835942972,-0.254544433868379,-0.55300329749225,0.0680641481235238,-0.00499663148401432,0.243334329537733,-0.458645236757931,0.401346724248515,1,-0.638713077220245,0.0209446180429352,0.171447350912773,-0.0121118886451236,0.606154695418966,-0.21782709562442,-0.685318173857534,-0.391616817078462,-0.417857674140922,0.319081700613783,-0.543833131693378,-0.789668521278052,-0.0407848372267229,-0.0212901469050452,-0.148563703739577,0.0800602700870517,0.48543556774428,-0.186945683409222,-0.135165933010855,-0.355598242795439,-0.5723429480566,0.0371400454980182,-0.282985850733612,-0.372239622801105,-0.20356686307908,-0.374442773992591,-0.818429788572728,0.26273436964027,0.19320451739326,0.17390064483553,-0.00725883901434245,0.24616794113511,0.396926264428409,0.598696294390061,0.223808150807814,0.405466784232209,0.388235525479595,0.617169188466703,0.602393111233783,0.140143184698807,0.409096322378366,0.462947946862148,-0.149975911687911,-0.0730031060110736,-0.0923461985196718,-0.101414447390048,0.401300641090155,-0.107007276433287,-0.0817000101253725,0.0862409319581563,0.491577585070559,0.31711034034657,0.320157332292262,0.128339984015874,0.325222818842524,0.147266205279104,0.450433548424848,0.25284306900213,-0.0694574038804179,-0.209904671990365,0.0194419813643035,0.53431389239239,0.00725191760561816,-0.317245916556413,0.0224623475451314,-0.0242937310681168,0.0784292605342241,0.175245876629572,0.153822711220183
0.136017456577956,0.0382927752310733,0.417382744379038,-0.5168367540008,0.0283528144775846,0.224296506022893,-0.0793468917282124,0.0726129877254389,0.276907789730441,0.369009708606275,0.23350122044247,0.466358491093904,-0.517757684381897,0.414849308593276,-0.280109596107254,0.291392367262088,0.0587657718752547,0.570598419580843,0.631051093631754,0.812502501890391,0.651018617307473,0.651130858241795,0.605090195908625,0.249445610278739,0.830036672794993,-0.199153070378827,-0.369345679085545,-0.229760721434302,0.844356766897797,-0.467041918414922,-0.638713077220245,1,0.143967800720802,0.510500569832769,0.0693795262368167,-0.00728918023871417,0.769966178182432,0.213681582808158,0.346221808754923,0.593306763159612,-0.124384052825289,0.26440488111867,0.60895290049084,-0.638955920347319,-0.120954114287342,-0.57151887675522,-0.500779380741992,-0.789073268051045,-0.297258198246855,0.0159269450990446,0.528223813590653,0.311981120286556,0.0730684486538673,-0.132772071609729,0.253895179106462,-0.322837330364983,0.0352587199417642,0.147446308699,-0.365545560398932,-0.47787742536482,-0.350165662332771,-0.665397682269676,-0.439315209402669,-0.137472327022702,0.255073878011747,-0.550938724013659,0.0479880134182286,0.276513129639082,0.326530339402106,0.380202659130189,0.474398780958041,-0.0748285372376451,0.156868198563794,0.0810093157644479,0.420718890872394,0.299532006147819,-0.268070711434826,-0.336465729741105,-0.770083795254755,-0.685359890461716,0.619307820794703,0.0296581902576051,-0.292712449760905,0.0122683910109274,0.15296837975095,-0.3177093977661,-0.184133185743188,-0.250798349882909,0.545486367406749,-0.246442736542403,-0.306131161706768,-0.939987423486353,-0.24831253323955,-0.461040686883527,-0.195115965447321,-0.673225341338966,-0.567756137016088,-0.317483134806692,-0.42359297824014,-0.393127475824359
0.46494999307797,0.465424300490492,0.226512743497671,0.0433985657770606,0.702456906218392,0.557367400514029,-0.254913049735878,0.185197303610061,0.28993024954322,0.384831215005927,0.582440208610757,0.231246090174273,-0.0976586384013763,0.699655677291724,-0.0780416063349987,0.350291089694447,0.104515675062339,0.499995608662382,0.715192641997206,0.544061390215806,0.578446067347726,0.286838157113883,0.598763651350155,-0.22295461868869,0.0587978805136281,0.169942327857271,-0.11960187204228,0.337577676753839,0.0461078778640072,0.0854345919413052,0.0209446180429352,0.143967800720802,1,0.196735656695253,-0.0651120360420664,0.656789511773028,0.230834096632952,-0.144962369992332,-0.31245823905937,0.00571408782417494,0.199127167005164,-0.211820198457159,-0.407533601943808,-0.192844097380012,0.294116453595792,-0.700289032182388,-0.197837230055836,-0.275930291144826,-0.0230063690292212,0.0109575078237383,0.382388892736531,0.446419647011974,0.784643086780114,0.429994395682402,0.492342834749557,0.365848357980995,0.234433138122178,-0.0145994878182147,-0.108113948060911,-0.0342626611423803,-0.243507374879303,-0.325590008595826,-0.15798821781607,0.153117408305909,0.177198639715798,-0.172854824885315,-0.104698215557406,0.527320870567177,0.483261585049948,0.76341046855936,0.294967193606578,-0.21591401909299,0.840694663579238,-0.243370401185472,-0.312226195326523,-0.17596775957835,-0.287911650575813,0.400133399016138,-0.422374894280699,-0.729564025722435,0.166861614178812,0.343822955533699,-0.0450702066814389,-0.267818236737642,0.0300777342210663,-0.179243718197197,0.305008645004735,0.157445914675831,0.398035420897878,-0.550790886749296,-1.09450543435113,-0.374569246350823,-0.136646177445322,-0.311163452396433,-0.794598125863048,-0.211740000620524,-0.649582894816929,-0.115694040694831,0.0947285031477245,-0.0888977584661828
0.12722699915543,0.802333381234888,0.202984961273009,0.65247333660155,0.887049462605497,0.406192332333064,-0.317647050766863,0.64813092048121,-0.0126055270774769,0.0788420144540651,0.294220929753486,-0.38715270321784,-0.0156057999374106,0.61276881805558,0.139925540241639,0.481729240835702,-0.604754690516287,0.206425107470019,0.422723378378479,0.196280685335798,0.0499639452731368,-0.1584481453024,0.224563439612686,-0.477934696558897,-0.150257242491918,-0.055192706990489,-0.468322875290473,0.150461586476601,-0.0763541429220271,0.0848351482157135,0.171447350912773,0.510500569832769,0.196735656695253,1,-0.00708211993270391,0.309892846207701,-0.298985309616248,0.274744233403894,-0.0303536841743316,-0.120251939075687,0.401983543031679,-0.528580484786127,-0.0253058388328647,-0.319848641073172,-0.433259373685636,-0.53636032615158,0.0399976697344459,-0.362649467758641,-0.403068790403742,-0.401435616694104,0.561297039456998,0.765030528362873,0.894564922333626,0.84753220241093,0.399990435516051,0.362601160722012,0.889739112904123,-0.0959839597923761,-0.265250095690265,-0.0199488518745827,-0.286477718422475,-0.0170348715239066,-0.161351316900642,0.036119004160847,0.194737526563997,0.121988380639353,-0.284433907531189,0.0554461870764943,0.317385801845036,0.523954055121091,-0.11315747767176,-0.632225015157846,0.17014870978104,-0.432392050905154,-0.665805648273671,-0.51737762622162,-0.57708290124406,0.0722138609251158,-0.405071834860435,-0.547555827283137,-0.191835052075589,0.22936401207617,-0.380320165735007,-0.329652502366908,-0.539599870704459,-0.213025238959016,-0.348752858505442,-0.2601030540448,0.016236338896193,-0.454097551160552,-0.750351020656218,-0.270472373044222,-0.15335083347935,-0.0390519848478686,-0.630238880063791,-0.260488591857089,-0.340902116512102,-0.728869079843341,-0.378521683727314,-0.515302119842965
-0.200957587002162,0.537366615384185,-0.0318623753086162,0.31439039712229,0.693322469218213,0.161262926581528,-0.216941833934233,0.434773712457046,-0.138006818621659,0.1974824967932,0.306678255575026,-0.0212855328646495,0.355407375769298,0.457658833624537,-0.0863589127280588,0.0550020130402262,0.00354378445355991,0.20334217914911,0.498257322455772,0.0391638743852374,-0.00905872768628421,0.06999033159,0.131985311101654,-0.407501276338212,-0.0987981790802867,-0.0173348275447668,-0.227128902597037,-0.238523922604021,-0.327810299396987,0.205108605569579,-0.0121118886451236,0.0693795262368167,-0.0651120360420664,-0.00708211993270391,1,0.395189108729724,-0.185159865392967,-0.294389657511412,-0.361186622315091,-0.412865326476188,-0.0232670373260342,-0.91437367533905,-0.489205843290948,-0.431215238327085,-0.544321755435021,-0.627688334151721,0.054090292042477,-0.108722466874961,-0.282551158938883,-0.274938853377261,0.16806526357504,0.407424660430044,0.692488607627334,0.712498266358021,0.408254709185335,0.347963444228685,0.522439806122877,-0.0454734208873424,0.12474655891299,0.51586653402395,0.133882826579985,0.191965340081217,-0.0767960614867682,0.0442980034443091,0.285062821973776,0.0397737278372581,-0.100704244906263,0.335096992591131,0.664315096615389,0.703152553366237,0.20424104276604,-0.126169851823433,0.468683755817627,-0.257270807828077,-0.222774394138735,-0.126777187693886,0.0685814255605702,0.517228838286391,-0.424691507378517,-0.545452104843287,0.11690113755115,0.429184869619264,-0.0619625716309301,0.272247641314818,0.132689040081516,0.167583926620591,-0.0920512507603554,0.161506046888485,0.326815158066524,-0.288242385986582,-0.401785946982522,-0.0316617908393382,-0.0566499771302185,-0.343132274201658,-0.478457636523845,-0.298131793421602,-0.262278777795269,-0.146246456482665,-0.0565212607114451,-0.072609499419836
-0.132439643349076,-0.322882965014397,-0.0504338946632543,0.0764428531419786,0.0132475899234963,-0.685295372167917,-0.16623023337606,-0.115474593029991,-0.325703074585002,0.0694918060274605,-0.0513213464166478,0.323225446818799,-0.362111999619932,0.023405988993461,0.0391927099373668,-0.258703993981267,0.309801065289869,0.0730497736892774,-0.0384518441294582,0.0119379779430551,0.0731432022964628,0.226063365803981,-0.304662774181688,0.535847185415839,0.124597102979448,-0.0178027652752337,0.165048485899048,0.125473100848356,-0.284592134994581,0.0832706042864942,0.606154695418966,-0.00728918023871417,0.656789511773028,0.309892846207701,0.395189108729724,1,0.0159546956644735,-0.0640514095385915,0.120099981967166,-0.0607645809970171,-0.00361496173576911,0.0705693521900005,0.258609372117607,-0.0152133910253424,0.701720473082162,-0.0141987195922324,0.165155417445626,-0.18653067858281,-0.492944408878965,-0.0706579966620495,-0.402225836908654,-0.346800163240536,0.0983775455175474,-0.200869803781922,-0.284153639819276,-0.648438970543866,-0.276117457079845,-0.0689010373689186,0.0308023473970825,-0.208868185954583,-0.0563375506137927,-0.41408614567038,-0.158845366019939,-0.0273828430465341,0.0303305623514862,-0.0489131209376044,0.0411678934458547,0.165226850526958,0.220634471766279,-0.0633488243048178,-0.214420827413384,0.164357800427239,0.0152343623138196,0.25788563924453,0.362966747477382,0.0364292566364882,-0.225147944149865,0.088147024712068,0.565760396410459,0.27768123956676,0.640453640192481,0.140250240538296,0.37992470435744,0.231034204726596,0.00288103094318079,0.250198704857757,0.249939386865025,0.0481145847019087,0.158316562533941,0.263623976305833,0.00643235338311313,0.138193547372743,0.207682779206904,0.10779464409322,0.155068350879051,-0.206785567978849,0.175470849371105,0.0326095102935505,-0.277526644507932,-0.142035463919885
0.197285542868463,-0.0809947261865992,-0.0242639189300901,-0.35193923644529,-0.568401691881475,-0.0332601450435985,0.365974706900561,-0.0369165441754903,-0.138772614031403,0.370183303442796,0.540731847470012,0.0252874945770476,-0.0972906525056756,0.303984500861493,0.436872758028507,0.473523957915665,-0.47879845631304,0.0239890209849447,0.0832890757278667,0.528056945221934,0.260995880255486,0.0603517584548543,0.220177766935178,0.179512059836537,0.213577706327046,-0.464063790369542,-0.224350673854655,-0.601114310295624,0.0808932652312119,-0.417685275546634,-0.21782709562442,0.769966178182432,0.230834096632952,-0.298985309616248,-0.185159865392967,0.0159546956644735,1,0.631453234607913,0.73225824232772,0.698761173552193,0.349623825980443,0.317524005130294,0.204656362644248,0.157630412244601,0.0726104929256821,0.179528831570997,-0.202670585532641,-0.286070195205512,-0.0484341394945416,0.279158028743926,0.406762054572123,-0.250476362935301,0.117751126399308,-0.504590470083671,-0.512489437390323,-0.063725480185279,-0.0986850990251548,-0.0672854207733605,0.220510035032418,-0.228961651251231,-0.474982292354322,-0.208984536157066,-0.0275824268763853,0.142756088556622,0.0261904820376018,-0.0106926653527889,0.133117275078993,-0.216565253688988,-0.460478392067563,-0.312391740871367,-0.103952481486368,-0.158835652158484,-0.187019507113716,0.575319312116862,0.0455697007923205,-0.12344605494825,-0.36015618582862,-0.544783920129802,0.148543409033119,0.384614377410837,-0.113700596436862,-0.409625084336449,0.006228364458429,-0.55930911067895,-0.159638570878237,-0.0860318941102495,-0.47646821819766,-0.363582093621704,-0.0168305103796834,0.285884485185924,0.00487697279858641,0.201096954923192,0.194314227350759,0.136533206109335,0.275789873729119,0.0882626376892438,0.251764190993891,-0.237884190551121,-0.200777160435626,0.0161636594032457
0.281162593838883,0.0217598182331361,0.56373418014357,-0.407532196926574,0.0760615453134559,0.493195211892132,0.27791203322182,-0.0659967371268926,0.32571978586211,1.05682238356677,0.491396644268459,0.99451778984704,-0.250876287148997,0.401893729523961,-0.210555694265089,0.349898483235336,0.174961890978254,0.411611229745701,0.459623990986216,0.671280691184521,0.812316585048682,0.810368013224879,0.618748137765312,0.350035943120345,1.17469627150759,0.701016809995551,-0.112094285349601,-0.062752252772153,0.920587428384219,-0.502017396650293,-0.685318173857534,0.213681582808158,-0.144962369992332,0.274744233403894,-0.294389657511412,-0.0640514095385915,0.631453234607913,1,0.223976928958787,0.672989921200934,-0.735417720809987,0.0391279690493959,0.280249992762185,-0.579835916639824,0.0347473459898646,-0.869186258980991,-1.05258681954898,-1.12913975998785,-0.602547485554333,-0.272574256810468,0.108269760898027,0.0024391925884043,0.274978084519042,-0.0353734390552515,0.409598479830997,-0.198110380242793,-0.156232224639776,0.115004069846206,0.150661085539596,-0.0926488452091313,-0.0709486396037922,-0.559422602714494,-0.187254477306738,0.145081953823088,0.56770088928454,-0.585868788445734,0.24786728747861,0.554891669245359,0.272318738426015,0.373191642808262,0.54171485936419,0.435733999789238,0.238654679001006,0.268458952812757,0.901463341858593,0.580544549829093,-0.0738557592379839,0.0124485913728163,-0.59513835520751,-0.578868093572512,0.517077941882419,-0.331730832537908,-0.358356449582173,-0.220874280235496,0.129532657912265,-0.221274090678218,-0.0597956618027518,-0.474806839214579,0.460447623925779,-0.606082850938827,-0.55849496934853,-0.914273396943133,-0.181946007928955,-0.5544348100096,-0.249923209952575,-0.881182560642849,-0.822116475911952,-0.281884221468083,-0.632323851691269,-0.227307785324815
0.295180129950216,0.140342977608217,0.233192065017028,-0.117811760568841,0.273306548500859,0.627329834999311,0.0359292719651066,-0.227528095877498,0.199662972617858,0.745064206746514,0.430096575457256,0.512091988666647,-0.0668387142127436,0.647309241533233,0.0877383781112184,0.204291121728002,-0.258242136942302,-0.00507250450160797,0.474356401750875,0.419504298260807,0.592914211299246,0.326070682731953,0.411923184443368,-0.131099155485393,0.593481875793027,0.443839702558154,0.206782943867601,0.237665707345111,0.50899192890659,-0.215950590373093,-0.391616817078462,0.346221808754923,-0.31245823905937,-0.0303536841743316,-0.361186622315091,0.120099981967166,0.73225824232772,0.223976928958787,1,0.255316561259928,-0.237124457735706,-0.0924296103987566,-0.00463277736400147,0.0050034133554971,0.372373600525738,-0.429371341727812,-0.771111652652023,-0.657702620970433,0.00331499534925889,0.148365799975609,-0.0301235560861666,0.0269392348662553,0.476019861191064,0.120992053460689,0.54379971098317,-0.10994586908111,-0.279337313018337,0.0786524013192281,0.100615373526198,-0.208303037747829,-0.159751115937904,-0.428793484664564,0.0806517451156837,0.486133015943429,0.462464925571323,-0.195202434074167,-0.131160097840961,0.45494607749652,0.150533827333503,0.335674918012443,0.375063249256172,-0.111596014327262,0.413891012318104,-0.248403757029413,0.291024332540642,0.247535593947973,-0.355975113722127,0.171167670961634,-0.526019125754054,-0.663170787199721,0.233957602908849,0.00948773385312301,-0.277322239089724,-0.552554397888427,0.143570742478212,-0.24342679692557,0.149038532107254,-0.263915530023573,0.223979905095328,-0.648601805138632,-0.838054130094317,-0.691131749888875,-0.389417754632562,-0.61359242446196,-0.666523785005653,-0.21999571515729,-0.639467187602054,-0.0675334702841848,-0.21033409155066,0.0057390960403557
0.657964550574175,-0.219378054967872,-0.11750178954429,-0.362385323659001,-0.15577468828967,0.32454999224428,0.220626750176545,-0.641051117053084,-0.0882405217457055,0.72138373049222,0.409439702630495,0.58771428959947,-0.284220394462653,0.298644121786642,-0.140550219567091,0.0509001301968366,0.123943450240484,-0.35642581390634,0.220872784157612,0.0945546209799187,0.549778655745574,0.326010768747554,0.130365302253354,0.127024028554388,0.550731805616379,0.182647012428948,0.228061341990523,0.0177363672814813,0.360895498968512,-0.535266433859813,-0.417857674140922,0.593306763159612,0.00571408782417494,-0.120251939075687,-0.412865326476188,-0.0607645809970171,0.698761173552193,0.672989921200934,0.255316561259928,1,-0.0857396799428356,0.456299988440261,0.30908797152174,0.472055916364415,0.555713550688583,0.105995194871642,-0.503815446098259,-0.529600280931201,0.266428777557795,0.34574492148044,-0.113434277194399,-0.46985260674456,0.152944076767582,-0.294839481202437,0.171723015008036,-0.100940932525191,-0.68153254446226,-0.020073690028099,0.11438572863079,-0.175765058171753,-0.121631606494144,-0.434089603762475,0.0856232423947763,0.428733168705351,0.346731339156786,-0.248427229620091,0.113985561691827,0.498020148152162,-0.100394953294594,-0.116079079814263,0.289493236262899,0.0276035704938956,0.0684078124991215,-0.162165297233897,0.512293834243319,0.143967655207645,-0.33895823226878,-0.412147249051877,-0.0679007735293084,-0.185334765293402,0.207449321913901,-0.176896498962467,-0.195903738340562,-0.458041612256116,-0.156941912561305,-0.259057489479641,0.0589099402834935,-0.468014528416717,-0.133148961766517,-0.205821038814435,-0.162773646244698,-0.259114131553751,-0.268634765820575,-0.221275686325412,-0.368157605972629,0.180572606835472,-0.337722185826055,0.0723339953246357,-0.0671041180041339,0.0950836508562564
-0.275663911603096,-0.00681612624243738,-0.104037553909989,0.0132766339462376,0.422591229497017,-0.0620311488829589,-0.489198098734688,-0.169924103184852,-0.0700776910767904,0.388387190375427,0.304105436488303,0.282137583575659,-0.289537360786438,0.238329588449308,-0.145268780572704,0.30990113413198,0.044444798593659,0.299485435764051,0.359967815426076,-0.0179681760764714,0.240041522508594,0.295372349119652,-0.234044888438972,0.0654888926067573,0.238175554878223,0.399700608198256,-0.726646919145625,-0.0230751029838223,-0.189132251300424,-0.156658621193252,0.319081700613783,-0.124384052825289,0.199127167005164,0.401983543031679,-0.0232670373260342,-0.00361496173576911,0.349623825980443,-0.735417720809987,-0.237124457735706,-0.0857396799428356,1,0.0906287374128443,-0.312112422106763,-0.668622454028496,0.179057110737113,-0.540832825545014,-0.140902414016108,-0.698903659169353,-0.551287096555408,-0.585115649118344,-0.211520842799045,-0.0214075796116925,0.356425031770072,0.245552707701344,0.366413610048343,-0.345446004996496,-0.0558210772985768,-0.185270318227636,0.350061402859676,0.0173137285495603,0.0510843287221621,-0.483818477775575,-0.180207171803815,-0.305402410836189,0.114169070605963,-0.279067488367089,-0.14646691021657,0.239802043465019,1.01466451105736,0.842664726772611,-0.240875021580091,0.416308911499567,0.338212026322605,0.0911731968577596,0.1480518839029,0.221839074668055,-0.194936697305586,0.522657304481803,-0.293171434158576,-0.229981283028166,0.805919876036251,0.669911233097031,0.535907920295047,0.552997154092339,0.27800201493547,0.53261183322188,0.612744635338373,0.491989735943607,0.467213601385055,-0.10057130275542,-0.447343479531033,-0.34006768243288,0.481876023682616,0.269953958854022,-0.0531475408209649,-0.573529966482439,-0.0434711745413664,-0.510719566366683,-0.470416528492237,-0.362810277449331
0.245145278600043,0.24490022624934,0.192770400586385,-0.251103837147514,0.25435703142058,0.458449570814599,0.446405477051829,0.0113938147013572,0.249507903980784,0.722652232162857,0.604983006927321,0.400810223553517,0.150524035148786,0.259553693467994,-0.0396165894665594,0.0126766826422704,-0.200369827412392,-0.413812767747679,0.068012926624425,0.0567971816760902,0.229172698828222,-0.0594531758321023,-0.0857236872943689,-0.170156763116899,0.454302943069507,0.278348911621616,-0.641104861989468,-0.396545155424323,0.105136039249802,-0.550501071459503,-0.543833131693378,0.26440488111867,-0.211820198457159,-0.528580484786127,-0.91437367533905,0.0705693521900005,0.317524005130294,0.0391279690493959,-0.0924296103987566,0.456299988440261,0.0906287374128443,1,-0.420112464379099,0.332739984182416,0.234661429835816,-0.016396034393595,-0.478906926243383,-0.406547582535556,0.28188733389905,0.453501533758774,-0.0860403884614797,-0.13614642808337,0.100068853823379,0.108275194639923,0.256301104045297,-0.164566122162534,-0.245880885691119,0.306409726783207,0.521706538089888,0.0664466284520576,0.201602524934663,-0.132583966618492,0.243208717205524,0.00904887259713116,0.272763443783343,-0.120998891717886,0.319906906459627,-0.00285783287996799,-0.135784862239783,-0.0376691439845435,-0.0482534803997245,0.104817255028706,-0.131358867559297,0.307277202736494,0.273002431430129,0.128099548391482,-0.0479500072504672,-0.384052583865654,-0.25749001459842,-0.147522496423783,0.0753106491402765,0.101025632285123,-0.150627929502171,-0.399442717382551,-0.215076486945037,-0.113715884226579,0.24329924027829,-0.236158655044576,-0.00373136344738437,0.27749055215954,-0.198378125609291,-0.0924559491407759,0.503219309768301,-0.206041213037564,-0.325900466388646,0.311322990617364,-0.0587323914982087,0.285720633265728,0.337388171040423,0.159144634902323
0.72189323020403,0.46404357003107,0.431527025266275,-0.327582494867214,0.645435231520686,0.694389252262414,0.10928210827367,0.20959907283398,0.194393440849536,0.862822638201076,0.46331032254626,0.65846936146802,0.162105869004073,0.778989630700057,-0.196196666119227,0.0650226217701112,-0.124698324088459,0.334885508259973,0.765935404336369,0.744999838901274,0.820242721547448,0.445474290730815,0.757098006862249,-0.147575870936862,0.793274894118836,0.305639712647018,-0.28033964389565,-0.298524593760584,0.747838522691849,-0.565977802768335,-0.789668521278052,0.60895290049084,-0.407533601943808,-0.0253058388328647,-0.489205843290948,0.258609372117607,0.204656362644248,0.280249992762185,-0.00463277736400147,0.30908797152174,-0.312112422106763,-0.420112464379099,1,-0.562176977778149,-0.410389828998857,-1.02188211578167,-0.910134427895511,-0.822227419058628,-0.189265128378875,-0.0599153563325997,0.441429044756023,0.328946010352919,0.503008935877237,0.282277436166497,0.410276851636038,0.0572976012927708,0.22677569837002,0.166344532380303,-0.0295611884364954,0.219609136448261,0.00522849054373375,0.0257448994037059,-0.0158095222249025,0.37542693248229,0.735685397291396,-0.226950110094537,0.241741148758603,0.691339304865492,0.444384758902541,0.614438211053324,0.779405558226195,-0.0304831774562415,0.408769045269089,-0.208743779231479,0.372024576241208,0.299960284900961,-0.266930974728498,0.0158722590089192,-0.968206371175464,-0.826194942696602,0.399400879113273,0.00329344326286926,-0.568520906293124,-0.307593212034469,-0.085389165350945,-0.47664813199687,-0.401297113005488,-0.45075437437668,0.737652301803378,-0.605276389244339,-0.547014504890771,-0.685307770851513,-0.424567495980526,-0.783669797481451,-0.702748366986648,-0.535289024436668,-0.91250385435107,0.0777575960202171,-0.194695295077008,-0.0588717462359529
-0.241695953006129,-0.463635974325057,-0.0820987395075173,-0.57932118768705,-0.651361900305544,-0.31271374856362,0.466558545405909,-0.414099966997853,0.270977480468615,0.350399612529473,0.308857246460629,0.676167886559244,-0.0612610667809571,-0.436401650594694,-0.0974851826672265,-0.508531694758805,0.586143807879453,-0.186262562714207,-0.400971501525714,-0.22322368717263,0.0934464026927493,0.00676561914728574,-0.495598958424158,0.683303597871673,0.479921563520098,0.601142218407123,0.0662692911929711,-0.29277480987503,-0.106847856733431,-0.0399240317353746,-0.0407848372267229,-0.638955920347319,-0.192844097380012,-0.319848641073172,-0.431215238327085,-0.0152133910253424,0.157630412244601,-0.579835916639824,0.0050034133554971,0.472055916364415,-0.668622454028496,0.332739984182416,-0.562176977778149,1,0.538539611136056,0.153779701913687,-0.414420553921504,-0.17136154400053,-0.0596912765864084,0.0368466539849223,-0.519867133556591,-0.62303692588797,-0.67916741026887,-0.623238988893639,-0.205890202279332,-0.277706697676574,-0.794834429492447,0.0868685098472183,0.774556351516809,0.504283619088021,0.558126565699599,-0.264143483766786,0.132882675529294,-0.139033218178298,-0.0190692349359086,-0.156232993979107,0.410984817528575,-0.00290462780257653,-0.220457222423555,-0.37665640324741,0.0123913718261884,0.933517458362426,0.0279352841708091,1.00543339713605,0.969495981730076,0.728577347829865,0.93633559064197,0.333868973392122,0.479724419120322,0.63743570741532,0.279360502753014,-0.314289669721323,0.572958945787671,0.218877436353103,0.641303283247711,0.472069253374143,0.824984717842566,0.327722751679679,0.0741232886502162,0.554072291063318,0.517439184265545,0.485837969691186,0.883989327997977,0.20130558326555,0.67214573617721,-0.0749346075683676,0.344091082510804,0.348981343736214,0.189415998563157,0.474604349911929
0.596223262770565,-0.0830572421345379,0.127558166124037,-0.326333621077474,0.0533411279973486,0.00957140416401678,0.399408388607936,-4.89380613930557e-05,0.295847249395188,0.639650731688489,0.47204034638848,0.412423397862966,-0.128498998565531,-0.160914415787844,0.166782602516789,-0.399424318216493,-0.141708009230171,-0.175522027687957,-0.498535696112563,-0.043790290176708,-0.163663250685331,-0.252530675800126,-0.397479752868448,0.162834042420237,0.122463259808079,0.0729282939919248,-0.509609743601307,-0.409357012115128,-0.297637241768766,-0.370341006942024,-0.0212901469050452,-0.120954114287342,0.294116453595792,-0.433259373685636,-0.544321755435021,0.701720473082162,0.0726104929256821,0.0347473459898646,0.372373600525738,0.555713550688583,0.179057110737113,0.234661429835816,-0.410389828998857,0.538539611136056,1,0.0255948287973307,-0.280218422091679,-0.052990228394175,-0.00273752091990785,0.504165828825274,0.260099798885479,-0.354659383582969,-0.118247931194427,-0.3871083431733,-0.121983774379852,0.00905543667917841,-0.134595381379219,0.0982177891308521,0.517661896679505,0.172514494503634,0.218752755695611,-0.283869941143097,0.311287339984917,0.168375479535364,0.240387699947062,0.0640639732725218,0.67246714139155,-0.071862722542306,-0.237019335880137,-0.258412070659069,-0.330548724665863,0.23751717604175,-0.075607142677366,0.757624624724779,0.280754357436876,-0.0605278904404337,0.217257778286498,-0.418109434587298,0.813157710789605,0.624898807515026,-0.0525926840061967,-0.143298665785377,0.116070923163114,-0.0996235457766466,-0.529544841274397,0.335531164917578,0.219382855602882,-0.34838485726324,0.16200935159994,0.379232728282713,0.311013096064018,0.616683676993999,1.06518982057254,0.171932071404342,0.0327546468681923,0.352651817671389,0.0991956881092391,0.190006191467195,0.50196972715341,0.649258994845185
-0.296587019780759,-0.207276130160003,-0.0559580435229069,-0.229349075007845,-0.0338838118289079,0.134232177863073,0.308577113139703,-0.271672559026196,0.234905932518384,0.440926174021629,0.337318042747423,0.468460377189096,0.637383236809576,-0.116979931159792,0.106971797340159,-0.437290768582144,0.125667090763281,-0.468714770256588,-0.201993141499571,-0.519402808217645,-0.180717926627768,-0.200576876592496,-0.522541756084993,-0.0912929094596128,0.222592214880739,0.714106789161837,-0.293060808533425,-0.254489271079447,-0.256988410487687,0.0366035120429102,-0.148563703739577,-0.57151887675522,-0.700289032182388,-0.53636032615158,-0.627688334151721,-0.0141987195922324,0.179528831570997,-0.869186258980991,-0.429371341727812,0.105995194871642,-0.540832825545014,-0.016396034393595,-1.02188211578167,0.153779701913687,0.0255948287973307,1,-0.413835624324391,0.0362616042589297,0.341697815515452,0.131264635713675,-0.541334104822345,-0.366185795570781,-0.385650578737942,-0.133790556875642,0.214945621311656,-0.0567949616070602,-0.447916930154834,0.168187138317663,0.931054125155558,0.692648763419503,0.753554050620722,0.307631939381465,0.577116244303313,-0.00377127579320158,0.122983854118717,0.187892783042136,0.208350462563829,-0.0867682408759237,0.106956508381816,0.0107228195071084,-0.153980410637696,0.689843542318498,0.050394345318106,0.477384635417615,0.425297959118857,0.577752509087673,0.80287030791865,0.602407884077065,0.0477160077607324,0.158979301261241,0.0228550392594781,0.130952179181096,0.295208242057055,0.348982043385796,0.478945534399436,0.493086790818125,0.820347869179871,0.583386889983425,0.0495403997088516,0.240784711243703,0.139989698209183,0.376106430188287,0.778883480331409,0.0048015745438843,0.165589957772852,0.228888772113563,0.17503162223232,0.479157662609966,0.522657222034159,0.594767005480354
-0.32364894668364,0.244984065313777,-0.0593087840870472,0.15757801966209,0.57196728133454,0.11503670453369,-0.409114338851579,0.239723896303501,0.0388862224805024,-0.123235586551767,0.216999964716602,-0.0759835115319988,0.344111176739132,0.0590037719464953,0.0532141128709646,0.0272971099165315,0.0952971162559689,0.16263296638499,0.273643159794416,-0.227274205036542,-0.196524963487889,0.0364440377448993,-0.176436691657733,-0.338334537301643,-0.326756859117778,0.321575270567338,-0.360538900910467,0.031979665134957,-0.46934632877567,0.414506089638969,0.0800602700870517,-0.500779380741992,-0.197837230055836,0.0399976697344459,0.054090292042477,0.165155417445626,-0.202670585532641,-1.05258681954898,-0.771111652652023,-0.503815446098259,-0.140902414016108,-0.478906926243383,-0.910134427895511,-0.414420553921504,-0.280218422091679,-0.413835624324391,1,0.0237404212386445,-0.250304946190875,-0.512245921814591,-0.278831983083679,0.201213078130962,0.311617407564546,0.563102564675343,0.490251660245123,0.0977829138096508,0.338919762285409,-0.0303799935197007,0.256319060632768,0.361530234276524,0.26178476771138,0.130464520062539,0.0537177078796455,-0.214308055387223,0.0450948790056294,0.223967329853225,-0.232773725171408,0.0238839968811977,0.797124948824156,0.7623035224501,-0.191396198989371,0.230776196828701,0.41714602249948,-0.121176971855704,-0.252700292257471,-0.00539698958170165,0.195732691399166,0.782597699766941,-0.324976029936533,-0.345391086760312,0.180088598110039,0.551629752443908,0.336463983219231,0.640082558421467,0.386696236474209,0.449011160554697,0.270961010383946,0.67028527098695,0.143559155529081,-0.242871031543158,-0.489417894078097,-0.207855786267075,0.32488137038383,0.0116172176428798,-0.26609840744915,-0.24231116151854,-0.0399116871031403,-0.130179000734981,-0.0146506358558638,-0.195649924155053
-0.993899664946997,-0.345633406671788,-0.408780657326773,0.257537069379386,-0.203161671797443,-0.725401445265454,-0.133219190468685,-0.202330472968513,-0.17143658892509,-0.254870469923479,-0.0186992808444864,0.0735937715039852,0.245488019694451,-0.411105168115267,0.390578922027224,-0.463141191340978,0.422759639797102,-0.412677842515605,-0.285888859065212,-1.0949358845479,-0.421889071338113,-0.432566766635895,-0.91553088246483,0.221147768248165,-0.265929875911256,0.354694851010147,-0.0902759143062928,-0.227352699944084,-0.860184298844603,0.660709553141497,0.48543556774428,-0.789073268051045,-0.275930291144826,-0.362649467758641,-0.108722466874961,-0.18653067858281,-0.286070195205512,-1.12913975998785,-0.657702620970433,-0.529600280931201,-0.698903659169353,-0.406547582535556,-0.822227419058628,-0.17136154400053,-0.052990228394175,0.0362616042589297,0.0237404212386445,1,-0.148057237703625,-0.508430200197756,-0.663991177483245,-0.186436783834897,-0.213784587958442,0.00322081837668975,0.0182127922303532,-0.0601857840281996,-0.292231286517767,-0.113403765968259,0.813134564384872,0.808599076105535,0.875945459129375,0.368214954414724,0.605741797818918,0.0409967969035272,0.219200630471638,0.579137271327062,-0.171561129179548,0.0141239258026252,0.310000430834923,0.0722728029939704,-0.0760935689522628,0.916963907432289,0.25533565112932,0.399078327544597,0.446394394621874,0.692721749319969,0.848754736979126,0.864746110475724,0.372818689793877,0.565922270224325,0.24986319707336,0.0522127322961828,0.606105704310621,0.778226411741247,0.73999972125602,0.534207124474418,0.661455222717845,0.652180994884613,-0.250622591373268,0.333405596852713,0.528230451078544,0.633890759345535,1.02828114898245,0.383250536183376,0.84446753665144,0.00917841812466236,0.483606605767504,-0.210314512437021,0.0938914461741385,0.12511276087252
-0.772107017756574,-0.452032217648266,-0.147538259098239,-0.218840842598314,-0.649162901034169,-0.595325626046164,0.482631920911682,-0.113405573140818,0.000927103258207149,-0.0638649815648438,-0.036522237020737,0.195335495906531,-0.10148178926158,-0.370545724496745,0.287105150547282,-0.124046407597269,0.290916276702006,-0.297419650128394,-0.292815759332312,-0.404150302003878,-0.215343447151611,0.0260383746071829,-0.482276168014301,0.630275816271186,0.344155846900104,0.0269925681250323,-0.306054355246263,-0.489444151068581,-0.0892787917925341,0.0358881431776323,-0.186945683409222,-0.297258198246855,-0.0230063690292212,-0.403068790403742,-0.282551158938883,-0.492944408878965,-0.0484341394945416,-0.602547485554333,0.00331499534925889,0.266428777557795,-0.551287096555408,0.28188733389905,-0.189265128378875,-0.0596912765864084,-0.00273752091990785,0.341697815515452,-0.250304946190875,-0.148057237703625,1,-0.0946229907995098,-0.333749006561926,-0.424237287702001,-0.612360008314956,-0.363949908812009,-0.288619068528679,-0.424319333941444,-0.371345643862803,0.140130772422285,0.528176187895851,0.0516042089844256,0.279585010634332,-0.055222216839666,0.12289910782808,-0.374979410106594,-0.140729693306225,0.270953375128832,0.15667794617521,-0.508026168600516,-0.322736697366264,-0.426100825236162,-0.194128102864672,0.666170276704107,-0.298635775276589,0.834151430826923,0.691194008141332,0.716283134753672,0.643609253405504,0.0117732814086574,0.264268442148627,0.767435709624626,0.327777317459064,-0.332966455536423,0.260470151249913,0.264071794396393,0.650968169752468,0.346529950707314,0.322790619828285,0.10781479728224,-0.0451290020472744,0.743639937295491,0.875746003163014,0.327300130222727,0.771933007143475,0.275334030467031,1.05101778377041,0.0602448103550365,0.670366234469771,0.12878208809758,-0.0112705270836272,0.0357179519715708
-0.335405329644786,-0.645102534284742,-0.161436014303458,-0.416210103173111,-0.711482220371088,-0.568302768201688,0.455082733676149,-0.449643650647408,-0.146498423955631,0.41572076420931,0.501962695531586,0.721201394267557,-0.279075170086942,-0.15686294603985,0.329489079020302,-0.202811076284597,0.345157098701443,-0.305878044056034,-0.142463706261493,-0.196986821098103,0.211172730318527,0.289503134651739,-0.370368092658428,0.79843867696866,0.665425930062385,0.234142195626776,0.118101832326349,-0.37262768195198,0.0176473396320448,0.0509410209186867,-0.135165933010855,0.0159269450990446,0.0109575078237383,-0.401435616694104,-0.274938853377261,-0.0706579966620495,0.279158028743926,-0.272574256810468,0.148365799975609,0.34574492148044,-0.585115649118344,0.453501533758774,-0.0599153563325997,0.0368466539849223,0.504165828825274,0.131264635713675,-0.512245921814591,-0.508430200197756,-0.0946229907995098,1,-0.334738159870951,-0.723962892389662,-0.401870734766882,-0.706806343231348,-0.40521317715788,-0.42996191346068,-0.804955344542436,-0.16919388973536,0.567374974987636,0.155530730676769,0.360935481470467,-0.31778274173108,0.206634850681512,-0.0991921102022451,0.27940208940012,0.27425214050063,0.274056372865673,-0.0983325449050604,-0.348268989490878,-0.454637036669483,0.149010582014395,0.70275670182742,0.0532850541172721,0.768724377062119,1.01990537166893,0.762010230774001,0.431949798940987,0.0397204294073268,0.386335979544223,0.71017128062069,0.467934330409968,-0.552266459745922,0.195805559155842,0.00500604374689473,0.543913833103756,0.0906121579665112,0.492351198529663,-0.162127646833532,-0.0581453960812182,0.445094611782699,0.489809693100831,0.229147409389297,0.746184614203337,0.19577535498939,0.903650851419836,-0.102081829486144,0.249975660859697,0.00342368138160376,-0.189787475220504,-0.0132682772479847
-0.225270614795818,-0.0776279214644971,-0.0629772308864686,-0.0220907227082169,-0.0817064674859162,-0.172498613563736,-0.260974706446036,-0.20234331280157,-0.265247916794303,0.0987782257247753,0.0870095107776012,0.348409932251862,-0.726115789070536,0.41323600956648,-0.122376345767719,0.638523092614143,0.456767185232434,0.463919381392175,0.786090596972716,0.374025312858029,0.719325681905454,0.765522602136511,0.578826899089872,0.361049631393128,0.476087810970048,-0.15856168748076,-0.0216284483361782,-0.0627837891913604,0.504026403942866,-0.197648283215706,-0.355598242795439,0.528223813590653,0.382388892736531,0.561297039456998,0.16806526357504,-0.402225836908654,0.406762054572123,0.108269760898027,-0.0301235560861666,-0.113434277194399,-0.211520842799045,-0.0860403884614797,0.441429044756023,-0.519867133556591,0.260099798885479,-0.541334104822345,-0.278831983083679,-0.663991177483245,-0.333749006561926,-0.334738159870951,1,0.0956038600859004,0.490334348273058,0.0283603828913545,0.0764745739020395,0.0177105287780142,-0.217542786575279,-0.34509982671287,-0.241288634254695,-0.447924002327208,-0.237540515946117,-0.436174343570326,-0.327700692571302,-0.100279131641058,0.326990385179672,-0.13969893642776,-0.162015184148507,0.593273431028236,0.390669948679085,0.423267653802006,0.645207454779748,0.268524713107034,0.588111237728458,-0.128007844196419,0.527388290014838,0.415396544882499,-0.410684218473526,-0.0753817255824618,-0.602570477964612,-0.108776405439777,0.831907061409524,-0.0635251350961644,-0.132759644480364,-0.0459851286093166,0.505757652181154,-0.415971394722466,-0.126659083524663,-0.279851477068827,0.253686172415608,-0.268171609436498,-0.0644213681153957,-0.610179595771262,-0.473095494293279,-0.338634871250987,0.245722003300432,-0.630639216507047,-0.408231623979212,-0.536927981278453,-0.830422913652301,-0.626580994690952
0.0582607732610646,0.110772472266263,-0.0428498133315992,-0.172708849906782,0.311173311805125,0.202198805133681,-0.615613201204879,0.0136129788253523,-0.214979451752505,-0.184230490033647,-0.33160376394966,-0.0613567897511215,-0.360072969084386,0.0824214261108372,-0.593902969438638,0.607526337742366,0.423180638712517,0.697878776996221,0.729904180725525,0.504821193244704,0.498660282750291,0.750976193721424,0.795212851951574,-0.20889421330719,0.0980099713187097,-0.255611502724242,-0.060356574170025,0.0202348678975599,0.250392281146838,-0.0769903885398392,-0.5723429480566,0.311981120286556,0.446419647011974,0.765030528362873,0.407424660430044,-0.346800163240536,-0.250476362935301,0.0024391925884043,0.0269392348662553,-0.46985260674456,-0.0214075796116925,-0.13614642808337,0.328946010352919,-0.62303692588797,-0.354659383582969,-0.366185795570781,0.201213078130962,-0.186436783834897,-0.424237287702001,-0.723962892389662,0.0956038600859004,1,-0.125258553521595,0.281227162840215,0.318051193578497,-0.0345700157392437,0.222436469176233,-0.313472914621937,-0.704623408196235,-0.507875352000532,-0.63335405851757,-0.196602419769292,-0.69696783331389,-0.380789934873647,-0.135206406557979,-0.600105597132895,-0.357200606413119,0.235471565742348,0.605772579558381,0.640732366838137,0.236714208128002,-0.185390065125961,0.277055709468376,-0.815166607868324,-0.219736586926655,-0.315150007684644,-0.615603222075558,-0.237436979343888,-0.870235585671457,-0.515507691847327,0.113677530477356,0.272583539450034,-0.143151022713554,0.106228977359597,0.0550578404853082,-0.244033689767638,-0.718426722870248,-0.209761228742341,-0.0744912764039796,-0.58462136741154,-0.248928998831852,-0.827659963850399,-0.942436240059993,-0.40866556054283,-0.68284779365033,-0.511286889869572,-0.315133072190495,-0.24264762461459,-0.456442118806173,-0.753900938547536
0.358062580919599,-0.260472187871707,-0.210074373740531,-0.525905421399883,-0.15067777744298,-0.225686341655774,-0.405683351682854,-0.303506887551071,-0.580232403974582,0.0452802509191875,-0.0565101814355879,0.143634124803888,-0.528724061773924,-0.0743274307699491,-0.677207203281101,0.308878487105269,0.406664769157702,0.83576464460176,0.513025666389017,0.75921352055271,0.470835529398838,0.703175019903791,0.662297756050333,0.336905999314231,0.13738277879807,-0.316297784465976,-0.128053010649167,0.133828487401571,0.247451598480586,-0.452954220798124,0.0371400454980182,0.0730684486538673,0.784643086780114,0.894564922333626,0.692488607627334,0.0983775455175474,0.117751126399308,0.274978084519042,0.476019861191064,0.152944076767582,0.356425031770072,0.100068853823379,0.503008935877237,-0.67916741026887,-0.118247931194427,-0.385650578737942,0.311617407564546,-0.213784587958442,-0.612360008314956,-0.401870734766882,0.490334348273058,-0.125258553521595,1,-0.428306177372841,-0.212046957637423,-0.0593314372328284,-0.0400992080028182,-0.662999369612261,-0.613955549752689,-0.495689618203704,-0.795700271463406,-0.57091602063872,-0.920461307439112,-0.206912809426907,-0.00726735287699347,-0.647837291501082,0.485345742296461,0.603786099061463,0.697820145077344,0.593121401856964,0.140362695531969,0.186478594157468,0.221947730985067,0.289356954684325,-0.0933547421510968,-0.36845204607721,-0.318136875545113,-0.152039100958703,-0.111108224041543,-0.110181736097644,0.53235999870434,0.524528910704245,0.281970677672064,0.466680746787336,0.138598402287867,0.302685107223002,-0.228417462841581,0.111199101998489,0.476338541578351,0.0106693488399234,-0.072830683260917,-0.228397239619974,-0.178238801878833,0.213242101053278,-0.193173311257037,-0.614123730049837,-0.0894050788261452,-0.149825704132512,-0.37181022309508,-0.29564628792062
0.0288653695518478,0.313649941947638,0.212022326785757,-0.0433586376518348,0.31730617318363,0.208621425250722,-0.669211744637926,0.297231717831013,0.0579273060487435,-0.634209576497998,-0.438506462897738,-0.279228757062928,-0.348450784574698,-0.269565953766147,-0.875968093416578,0.416352182624374,0.489798195650805,0.802569195694229,0.466814007673161,0.530667876291834,0.274279277151173,0.569460287961046,0.724349813743575,0.00725545396285338,-0.194533864409086,-0.151240782251431,-0.0172910101969988,0.338963829178007,0.0628103260332535,0.0300973915834146,-0.282985850733612,-0.132772071609729,0.429994395682402,0.84753220241093,0.712498266358021,-0.200869803781922,-0.504590470083671,-0.0353734390552515,0.120992053460689,-0.294839481202437,0.245552707701344,0.108275194639923,0.282277436166497,-0.623238988893639,-0.3871083431733,-0.133790556875642,0.563102564675343,0.00322081837668975,-0.363949908812009,-0.706806343231348,0.0283603828913545,0.281227162840215,-0.428306177372841,1,0.230923181628657,-0.0129833921127203,0.385503664305906,-0.16509611656008,-0.954160966242728,-0.588761412295828,-0.746875626424188,-0.320141049868678,-0.910435504372487,-0.661560254422395,-0.538769069241378,-0.695739436241794,-0.350146287230471,0.0507525410873913,0.390881302382325,0.485035805879315,-0.0326372925433518,-0.345578996414394,-0.0892037611785981,-0.588743273184522,-0.456991024123848,-0.609456532434683,-0.275273241913854,-0.0889404029484794,-0.317757429575383,-0.115940798696005,-0.13591583406104,0.20341079536646,0.0316308976782588,0.235654752137436,-0.169944572787332,-0.177362643429711,-0.43177320173577,-0.0362843453588249,-0.172167306969907,-0.25821937256562,-0.114339351603892,-0.55037901001338,-0.793912639574022,0.0585229455293479,-0.360119245830083,-0.524123248177174,-0.0151777506415975,-0.410397998058454,-0.325436589461529,-0.709088590345612
0.271935212312503,0.559582205884976,0.409930631452583,-0.121028679989883,-0.0115159134562329,0.268287549033816,-0.0411157568285687,0.602751051032193,0.303389027251466,-0.334522405452703,-0.182987561760213,-0.314171416144741,-0.287827706300643,-0.292910794965668,-0.725098666373525,0.469225967352348,0.0988404735738671,0.438835796361791,-0.0390598554158028,0.522410929683252,-0.0120699555132404,0.322957830532528,0.589076158385104,-0.0311887969081395,-0.164544815397122,-0.292477755898794,0.112534975794631,0.0831090087350358,-0.0203312141344299,-0.0873677039133927,-0.372239622801105,0.253895179106462,0.492342834749557,0.399990435516051,0.408254709185335,-0.284153639819276,-0.512489437390323,0.409598479830997,0.54379971098317,0.171723015008036,0.366413610048343,0.256301104045297,0.410276851636038,-0.205890202279332,-0.121983774379852,0.214945621311656,0.490251660245123,0.0182127922303532,-0.288619068528679,-0.40521317715788,0.0764745739020395,0.318051193578497,-0.212046957637423,0.230923181628657,1,0.0788829117457669,0.517110051577261,0.232335103335003,-0.764147718863484,-0.498066803623937,-0.77502692090404,-0.143533648243673,-0.871499263515602,-0.748740786283464,-0.88213505318322,-0.759448266700632,-0.421706284215206,-0.361897345209366,-0.181433087140223,-0.231651570290261,-0.28065080101386,-0.376626517048338,-0.339152607157493,-0.165484108926614,-0.533583184310717,-0.675858309525239,-0.274984557205428,-0.38987582986254,-0.000444261650273614,0.00118208360334249,-0.464103260981304,-0.176690408160197,0.0975944566105184,-0.18774952575076,-0.216546893443928,-0.0168266527880016,-0.640097777158474,-0.233314521958741,-0.463736368467707,0.0308392760711339,-0.0755452593073948,-0.21600751436526,-0.594686631345628,0.128360680335223,-0.211655630727039,-0.334318615092385,0.218227845602216,-0.243755208923338,-0.322157849602288,-0.478723581998854
-0.484548835011111,-0.197430715884643,-0.101082265883426,-0.0854504790181903,-0.353379922848098,-0.496961994912718,-0.253292857585826,0.0563300427709363,-0.231669226223762,-0.278042666517401,-0.148691984174893,0.139091136669393,-0.33672720365567,-0.247843965295301,0.0345622718603715,0.165930298760509,0.595080458794206,0.253987796115806,0.185957507857932,-0.238140444457856,-0.0741223181672845,0.271739533890599,0.049570290811842,0.177928816537653,0.061019288028761,-0.153895306803715,0.0187792794281257,-0.0776691354374009,-0.146653977979626,-0.0114081454978759,-0.20356686307908,-0.322837330364983,0.365848357980995,0.362601160722012,0.347963444228685,-0.648438970543866,-0.063725480185279,-0.198110380242793,-0.10994586908111,-0.100940932525191,-0.345446004996496,-0.164566122162534,0.0572976012927708,-0.277706697676574,0.00905543667917841,-0.0567949616070602,0.0977829138096508,-0.0601857840281996,-0.424319333941444,-0.42996191346068,0.0177105287780142,-0.0345700157392437,-0.0593314372328284,-0.0129833921127203,0.0788829117457669,1,0.0353212275846448,-0.0524282672091007,-0.0742603096757445,-0.204384849550864,0.000484479297908846,-0.121400551747491,-0.236894082066167,-0.237918661573114,-0.300228333974154,-0.0669972630401878,-0.242623138098891,0.120517476233038,0.230444425558969,0.0771262135026291,0.0317351964174314,0.604363435452387,0.164214573423378,0.327570794458085,0.324808045167274,0.213793103862099,0.240669643332202,0.148714940186682,0.120394385026702,0.215799030304239,0.356418779421556,-0.00759939447808683,0.267713254275603,0.405839496054366,0.626364123958356,0.114088704738905,-0.0414290327208977,0.103636767780883,-0.19382892034729,0.120395108163202,0.273157210144136,-0.038379316485279,-0.00660987106223626,-0.0687258220660029,0.461024178066762,-0.39851625917833,0.107648056114427,-0.337470141608145,-0.468041909149207,-0.261709567991101
-0.12613146814313,0.288144402004376,-0.0219296575375622,-0.0617486150410742,0.459611723400063,0.256991373303803,-0.829248409325616,0.00747039730821308,-0.161102961509779,-0.381711468749531,-0.29682661342507,-0.059921755395809,-0.287352219854081,0.0670865951155584,-0.861121562770534,0.266422228816318,0.560362540697743,0.589972962526307,0.765829329124369,0.346093653179126,0.555586166051382,0.720569809498854,0.679597314503185,-0.250120854868803,-0.00952755182394224,0.0469460173712998,0.169822445468937,0.362897329978355,0.134431841953074,0.201091311604046,-0.374442773992591,0.0352587199417642,0.234433138122178,0.889739112904123,0.522439806122877,-0.276117457079845,-0.0986850990251548,-0.156232224639776,-0.279337313018337,-0.68153254446226,-0.0558210772985768,-0.245880885691119,0.22677569837002,-0.794834429492447,-0.134595381379219,-0.447916930154834,0.338919762285409,-0.292231286517767,-0.371345643862803,-0.804955344542436,-0.217542786575279,0.222436469176233,-0.0400992080028182,0.385503664305906,0.517110051577261,0.0353212275846448,1,-0.314643255806642,-0.864612478767742,-0.332208745052973,-0.458477313781248,-0.221974005387475,-0.724149488349136,-0.407897089241394,-0.130425324447791,-0.636350062828872,-0.485594311585119,0.471239502159924,0.828642351549102,0.738447238512492,0.345712504750635,-0.127257590411797,0.255487803780256,-0.980826659201311,-0.248016273949119,-0.244994072836378,-0.501478458820844,0.190491495812422,-0.873553289270986,-0.681108048206614,0.296596102743337,0.510381124625336,0.125485238802141,0.42049009141521,0.272784446612135,-0.243757917594174,-0.319525815192255,0.0448464788555339,-0.0132433448874912,-0.643006115597923,-0.351939778721737,-0.847936785667103,-0.995631593682298,-0.292269143004152,-0.606718302470805,-0.699459299436648,-0.34198865937588,-0.378937794147574,-0.454469268921657,-0.749457184973409
0.299703281994209,0.0428486896278504,0.159305343957122,-0.649612231258886,-0.190662019385042,0.459764948642654,0.0710449088224446,-0.127862152932746,0.126706473947006,0.0633651942923825,0.0653593385135261,0.410109798324536,-0.12195593603944,-0.130838609135292,-0.723823964204894,-0.107383313344778,0.533532121489256,-0.0770912421188933,0.298316955069212,0.214849271627629,0.439469914135822,0.510078446940047,0.505191003643821,0.0914560659289801,0.228675359689765,0.0933062856715219,0.266932659835898,-0.0764749411885212,0.247286654680024,-0.231241977452204,-0.818429788572728,0.147446308699,-0.0145994878182147,-0.0959839597923761,-0.0454734208873424,-0.0689010373689186,-0.0672854207733605,0.115004069846206,0.0786524013192281,-0.020073690028099,-0.185270318227636,0.306409726783207,0.166344532380303,0.0868685098472183,0.0982177891308521,0.168187138317663,-0.0303799935197007,-0.113403765968259,0.140130772422285,-0.16919388973536,-0.34509982671287,-0.313472914621937,-0.662999369612261,-0.16509611656008,0.232335103335003,-0.0524282672091007,-0.314643255806642,1,-0.362762432241885,-0.0649556223646709,-0.121488688150987,0.00879253177493668,-0.248036258631541,-0.211402544917106,-0.192934620122156,-0.447702217484126,-0.140852331418046,0.17826254246955,-0.185594676485746,-0.228997509045022,0.315965311998055,0.0622750028317915,0.077312932213953,-0.316864788002284,0.265661611392061,0.0372149756675524,-0.0365556452677572,-0.324170255127078,-0.389012872708539,-0.158812632772005,-0.132496298552552,-0.267103723464992,-0.0512083170140147,-0.169787928870673,0.123862588634004,-0.329484324597502,-0.332248042236412,-0.28308321424495,-0.375514111513194,-0.133210925221181,0.0644357636565224,-0.440564770825844,-0.517607760260702,-0.187049314604948,-0.242309875928338,-0.0277805980176643,-0.0381734939937993,0.26608797114555,0.00847085720783447,-0.256766902061379
0.0378635409321195,-0.807749175552053,-0.405504511561115,-0.375019598920093,-1.16745708155951,-0.354945205079625,0.322484854140454,-0.830717670035831,-0.379620317206338,-0.722160240943173,-0.427572720876017,-0.351400643063251,-0.283622100842911,-0.545543154738641,0.18440637746667,-0.20046472973345,0.170161244196186,-0.359840507880946,-0.472484448492531,-0.20063739884564,-0.203091595940906,-0.427168149038344,-0.389524605140841,0.294669738595105,-0.595333633889132,-0.348179154896395,0.624049525877266,0.22777296562098,-0.0463950079695708,0.0281036081592558,0.26273436964027,-0.365545560398932,-0.108113948060911,-0.265250095690265,0.12474655891299,0.0308023473970825,0.220510035032418,0.150661085539596,0.100615373526198,0.11438572863079,0.350061402859676,0.521706538089888,-0.0295611884364954,0.774556351516809,0.517661896679505,0.931054125155558,0.256319060632768,0.813134564384872,0.528176187895851,0.567374974987636,-0.241288634254695,-0.704623408196235,-0.613955549752689,-0.954160966242728,-0.764147718863484,-0.0742603096757445,-0.864612478767742,-0.362762432241885,1,-0.169952284070275,-0.0481149266955184,-0.000783436118667824,0.133412641765311,0.269922960035312,-0.331144574973969,0.221333680456437,0.387731064714185,-0.101915911255247,-0.731307224950949,-0.698142903246746,-0.108869771566408,0.113185527017805,-0.13334105898903,0.302575470445606,0.112468787524346,-0.0424816033205029,0.251256022987518,-0.156583746663112,0.69491832052582,0.761584356722184,-0.305830245682093,-0.234503588043887,0.415161104796513,-0.0809712681119483,0.237746818820034,0.162158916536949,0.240441255147475,0.217603435342254,-0.329439207898094,0.527188548820913,0.651664105589985,0.546553893055392,0.0801747522956696,0.497084890896577,0.5917032742922,0.724650390369221,0.581180887492303,0.419855914436936,0.321749447525398,0.404482199484507
-0.109819111426345,-0.609857057409622,-0.166957396335667,-0.245025252406744,-0.706999850513081,-0.455151646357625,0.222521591255854,-0.351742410920495,-0.355129629203543,-0.603924612265833,-0.472504021852197,-0.121687285739667,0.204839226883747,-0.510992343001878,0.00970535674619571,-0.320593498810929,0.332873628603694,-0.23867355890883,-0.526598247446438,-0.263245538609343,-0.371888256683248,-0.110537491051009,-0.226266499671114,0.196024187152638,-0.510286252112259,-0.0824444520751106,0.77619002602965,0.315489007939894,-0.117796112764855,0.112293017796422,0.19320451739326,-0.47787742536482,-0.0342626611423803,-0.0199488518745827,0.51586653402395,-0.208868185954583,-0.228961651251231,-0.0926488452091313,-0.208303037747829,-0.175765058171753,0.0173137285495603,0.0664466284520576,0.219609136448261,0.504283619088021,0.172514494503634,0.692648763419503,0.361530234276524,0.808599076105535,0.0516042089844256,0.155530730676769,-0.447924002327208,-0.507875352000532,-0.495689618203704,-0.588761412295828,-0.498066803623937,-0.204384849550864,-0.332208745052973,-0.0649556223646709,-0.169952284070275,1,0.036780191194838,0.292148137181145,0.0761807114548411,0.0443128002062795,-0.366970265955874,0.107798623151679,0.404759515181642,-0.153123845950844,-0.424469423973467,-0.559729188946122,-0.19528846891435,0.187840716653506,-0.413514545664719,0.0448132524308029,0.129449810360353,-0.0502210961961608,0.269498879705089,0.0106110438563723,0.642694299700569,0.293931930205192,-0.231117257916449,-0.197516168225118,0.212155669425368,0.340126909565819,0.254947342169915,0.216583597510756,-0.188332083289908,0.151786400704035,-0.293073839890074,0.247703719447266,0.552037581498238,0.22378782276597,-0.275883529082182,0.32069320867917,0.397802449325925,0.28933021298518,0.48551716552768,0.58221430424643,0.135360305514747,0.147753924454856
-0.112648262065883,-0.653029182626617,-0.388279379604489,-0.216128693498248,-1.10483318637834,-0.512650358690912,0.37635097448988,-0.373240894348814,-0.343240305394689,-0.773547759246094,-0.563643942124308,-0.567360192403753,0.149790660453618,-0.797978933987733,0.242633388264659,-0.0882752971149595,0.115542195692273,-0.23825866601889,-0.690961043539157,-0.170585112990352,-0.368433562138602,-0.383538477790347,-0.237807620307928,0.130177730702188,-0.662503198683859,-0.364374013103392,0.748861141546756,-0.0383370031251823,-0.126763733285137,0.148147569272878,0.17390064483553,-0.350165662332771,-0.243507374879303,-0.286477718422475,0.133882826579985,-0.0563375506137927,-0.474982292354322,-0.0709486396037922,-0.159751115937904,-0.121631606494144,0.0510843287221621,0.201602524934663,0.00522849054373375,0.558126565699599,0.218752755695611,0.753554050620722,0.26178476771138,0.875945459129375,0.279585010634332,0.360935481470467,-0.237540515946117,-0.63335405851757,-0.795700271463406,-0.746875626424188,-0.77502692090404,0.000484479297908846,-0.458477313781248,-0.121488688150987,-0.0481149266955184,0.036780191194838,1,0.441762826220567,0.267777499196179,0.24681587956365,-0.22709847687793,0.255303341252649,0.375109158598164,-0.30769378238006,-0.661517892178552,-0.679663661502751,0.0255109110422708,0.217432719458754,-0.315438555637168,0.205599192495365,0.0530587604213999,-0.080318715419369,0.356272139881463,-0.269416414731358,0.682566498067409,0.603451548073978,-0.5096257052298,-0.435144972124152,0.291128037736345,0.0967255396645604,0.0868603688504669,0.0725813958390996,-0.274863239938811,-0.0127842188195006,-0.277167464527395,0.421927688764524,0.759725155707231,0.435209904451975,-0.000453623131676573,0.3476733645644,0.656603931141327,0.467599015091384,0.465337418709234,0.664903298169771,0.317706955305897,0.456279163014779
-0.8436912327377,-0.441617615334782,-0.363685413556609,-0.048572429985239,-0.505379353010068,-0.590299753432582,0.0853700265767245,-0.156624915419903,-0.183168958280688,-0.66026418089268,-0.518374163002863,-0.259022146597193,0.0783339493578096,-0.624898550187528,0.0507191576370333,-0.302436896249732,0.232369548820193,-0.21723150175678,-0.396750716981909,-0.515034168846474,-0.414258485420783,-0.0910143978544586,-0.448620620081402,0.201552299297733,-0.106991370268572,0.0991656906680716,0.359878797338362,-0.0970698314715888,-0.178420463865209,0.472129703631869,-0.00725883901434245,-0.665397682269676,-0.325590008595826,-0.0170348715239066,0.191965340081217,-0.41408614567038,-0.208984536157066,-0.559422602714494,-0.428793484664564,-0.434089603762475,-0.483818477775575,-0.132583966618492,0.0257448994037059,-0.264143483766786,-0.283869941143097,0.307631939381465,0.130464520062539,0.368214954414724,-0.055222216839666,-0.31778274173108,-0.436174343570326,-0.196602419769292,-0.57091602063872,-0.320141049868678,-0.143533648243673,-0.121400551747491,-0.221974005387475,0.00879253177493668,-0.000783436118667824,0.292148137181145,0.441762826220567,1,0.184828978550056,-0.1525668825227,0.139468786826053,0.292951632917611,0.0383063845276033,-0.256678836302664,-0.0446982435147787,-0.153265995741972,0.120436951814803,0.45918816068783,-0.300488892272595,-0.125338585877096,0.440880175405301,0.546083444622507,0.58559038533091,0.341870701649426,-0.0939186973811612,0.0688417127312699,0.0375573591975394,-0.172665098223287,0.039788753016443,0.643873064245877,0.562276705516521,0.128348248856439,-0.0401129149406453,0.223681429570826,-0.107195351828808,0.19954626381912,0.604251441713143,-0.0943505786726277,0.0190053727844419,-0.0324495526503275,0.662876501670554,-0.139512783997327,0.288393578240357,0.162622422349953,-0.0325793931394707,-0.106735974743732
-0.280134585765266,-0.860962193890838,-0.448143624489172,-0.579732089114397,-1.255762024754,-0.789631605808192,0.382444264203947,-0.541446442846756,-0.384674277282707,-0.492663198059521,-0.491647350465065,-0.264348100983368,-0.189250927561058,-0.697833800798209,0.0223155986342132,-0.314188376795146,0.138467203603881,-0.134976162804427,-0.661236311013916,-0.153752731503344,-0.319988213669215,-0.304422855329963,-0.423549574737518,0.327065375756173,-0.181810522782072,-0.193842089125002,0.522364234387602,-0.356341678950895,0.0505466636411866,-0.0707983897882788,0.24616794113511,-0.439315209402669,-0.15798821781607,-0.161351316900642,-0.0767960614867682,-0.158845366019939,-0.0275824268763853,-0.187254477306738,0.0806517451156837,0.0856232423947763,-0.180207171803815,0.243208717205524,-0.0158095222249025,0.132882675529294,0.311287339984917,0.577116244303313,0.0537177078796455,0.605741797818918,0.12289910782808,0.206634850681512,-0.327700692571302,-0.69696783331389,-0.920461307439112,-0.910435504372487,-0.871499263515602,-0.236894082066167,-0.724149488349136,-0.248036258631541,0.133412641765311,0.0761807114548411,0.267777499196179,0.184828978550056,1,-0.0382103685321378,-0.107872587368626,0.0583714151884214,0.504731213153932,-0.23704096100673,-0.404316517000985,-0.616090613795565,0.145148755291464,0.456660619595142,-0.207515776088679,0.486169647788267,0.437584837400255,0.349629301152201,0.525580488136225,-0.189643695040881,0.452356176402712,0.67372095364221,-0.0447918145732833,-0.197691932978984,0.578881273367213,0.337929576536751,0.468467100138945,0.359461444586703,0.102153091625044,0.205879504187149,0.13308412205087,0.672286137259846,1.06750606430146,0.441617179447449,0.261325727061686,0.291392987422143,0.789511494376617,0.219001796094894,0.545949518198706,0.762862505984702,0.220741965138681,0.562118108436359
0.0243559552053263,-0.584228559814462,-0.207597401879204,-0.310554933850355,-0.770912528000604,-0.551156361933344,0.4547349523479,-0.285879803235522,-0.199846982019062,0.22848095934161,-0.211724312006294,0.187545439860485,-0.321803988195242,-0.301811476782636,-0.090718629195102,-0.249481242020766,0.069210438638346,0.0422872004181765,-0.520255619942241,0.222171196356079,0.063489728803565,-0.124095899997011,-0.29184111483999,0.667127147394529,0.405514816182972,0.215559863385343,0.346514312389505,0.0508699069629024,0.413990480691854,-0.155261553506217,0.396926264428409,-0.137472327022702,0.153117408305909,0.036119004160847,0.0442980034443091,-0.0273828430465341,0.142756088556622,0.145081953823088,0.486133015943429,0.428733168705351,-0.305402410836189,0.00904887259713116,0.37542693248229,-0.139033218178298,0.168375479535364,-0.00377127579320158,-0.214308055387223,0.0409967969035272,-0.374979410106594,-0.0991921102022451,-0.100279131641058,-0.380789934873647,-0.206912809426907,-0.661560254422395,-0.748740786283464,-0.237918661573114,-0.407897089241394,-0.211402544917106,0.269922960035312,0.0443128002062795,0.24681587956365,-0.1525668825227,-0.0382103685321378,1,0.209167592721596,-0.153998464922065,0.522526881773968,-0.0206372254605276,-0.254121633907855,-0.439260467846543,0.181037800949307,0.359584195487293,-0.331757516253696,0.587273413126584,0.650914749411681,0.530504367203323,0.467087868618174,-0.0318146283173603,0.432702395539168,0.454678177366231,0.28940479479665,-0.405600506994916,0.241873458688754,0.0169780031981858,0.118035466811278,0.195060131408115,0.156910493967057,0.00989715329024432,0.425114523833912,0.197909978048189,0.450528587519576,0.228268103159667,0.191039227211526,0.222804973285804,0.605825924404886,-0.349588522902539,0.123412245159145,0.190021723282342,-0.272346422188622,0.379795651455132
0.203979170604625,-0.330244786802211,-0.111978406822803,-0.115396608284871,-0.576332800258111,-0.539496001296313,0.14966365638109,-0.0555643702193167,-0.277292811914535,-0.101601861154305,-0.270450058148549,-0.134623659251718,0.0157202042867099,0.121449841535107,0.275729300651996,-0.126843063313409,-0.253102087541557,0.191948775025278,-0.230535066030132,0.38685387880608,-0.0486796279912576,-0.0383637048232826,0.112492559211625,0.248666975478547,-0.0415923678587808,-0.356063506851025,0.465895026039789,0.0341098351539196,0.535168682715903,-0.0996840230003283,0.598696294390061,0.255073878011747,0.177198639715798,0.194737526563997,0.285062821973776,0.0303305623514862,0.0261904820376018,0.56770088928454,0.462464925571323,0.346731339156786,0.114169070605963,0.272763443783343,0.735685397291396,-0.0190692349359086,0.240387699947062,0.122983854118717,0.0450948790056294,0.219200630471638,-0.140729693306225,0.27940208940012,0.326990385179672,-0.135206406557979,-0.00726735287699347,-0.538769069241378,-0.88213505318322,-0.300228333974154,-0.130425324447791,-0.192934620122156,-0.331144574973969,-0.366970265955874,-0.22709847687793,0.139468786826053,-0.107872587368626,0.209167592721596,1,0.129660418980224,0.244335427280037,-0.0574354200375303,-0.327567672032824,-0.436427715414125,0.120112683846603,-0.274646242204531,-0.290446831125885,0.278889379513581,-0.100632660438611,-0.0564449672457965,-0.196521920392408,-0.405182976489737,0.316026108967248,0.230498869941075,0.0430754922785392,-0.240707158724944,0.0943869767716461,-0.137887916023389,-0.223535258259845,-0.124923418605648,-0.394349233033478,-0.215473750950703,0.347907603472055,0.105302651233947,0.231752039515184,0.125598756787752,-0.191454403080243,0.18037526503222,0.397807554139661,-0.0800166619781687,0.0141697913740845,0.284034682500305,-0.17119657073588,0.27311176801159
-0.671409776245134,-0.823913971426046,-0.708073798037291,-0.282559495773543,-0.926927524352918,-1.01931905610734,0.044736591953794,-0.563620104673495,-0.622600635772347,-0.520494375098454,-0.323128410533456,-0.260099747558829,0.0990923449582362,-0.442247730950363,0.0143793264550511,-0.160130742226168,0.504071745637268,0.0962469436202991,-0.162036766847931,-0.276831797051846,-0.170341694663435,-0.0689467016519643,-0.298133546045228,0.186596452772357,-0.209531866060965,-0.427721204886452,0.0690309492621473,-0.647231473945046,-0.128136115067477,0.000858362569996385,0.223808150807814,-0.550938724013659,-0.172854824885315,0.121988380639353,0.0397737278372581,-0.0489131209376044,-0.0106926653527889,-0.585868788445734,-0.195202434074167,-0.248427229620091,-0.279067488367089,-0.120998891717886,-0.226950110094537,-0.156232993979107,0.0640639732725218,0.187892783042136,0.223967329853225,0.579137271327062,0.270953375128832,0.27425214050063,-0.13969893642776,-0.600105597132895,-0.647837291501082,-0.695739436241794,-0.759448266700632,-0.0669972630401878,-0.636350062828872,-0.447702217484126,0.221333680456437,0.107798623151679,0.255303341252649,0.292951632917611,0.0583714151884214,-0.153998464922065,0.129660418980224,1,0.461765513094575,-0.1260462965711,0.135188673141087,0.056195763287932,0.343976447558497,0.359074889516364,0.0773160326929114,0.470176152664915,0.302130244987333,0.238801041508931,0.587106076885907,-0.0716326134349325,0.204879891396755,0.621547691245552,0.299223526288054,0.256831888887546,0.581687436880648,0.767961602942153,0.78692854203497,0.380201907415683,0.392956406726405,0.436472903150993,0.483657545794413,0.73560416819296,1.14233592275434,0.54577022255192,0.427471701962792,-0.0351506202795345,0.80040603717658,0.234582285159678,0.420006145769698,0.641217596773747,0.549929662462239,0.642927882860405
0.00209127858184743,-0.283771564882303,-0.380113610196422,0.151469055938247,-0.273229286414124,-0.424364012150978,0.110706468977969,-0.476866938021543,-0.222007530578227,0.351694190055932,0.419132447755821,0.637256090401565,0.18941718932579,0.563587158747406,0.387441819802269,-0.315060506783728,0.361791674329602,-0.47983540370165,0.125953418102447,-0.258256372380735,0.355052009455534,-0.0820474318686572,-0.251843750769263,0.541998323469005,0.120334667904482,0.342856776383994,0.261414787280903,0.420000781060808,0.118213505742199,0.0514329219221359,0.405466784232209,0.0479880134182286,-0.104698215557406,-0.284433907531189,-0.100704244906263,0.0411678934458547,0.133117275078993,0.24786728747861,-0.131160097840961,0.113985561691827,-0.14646691021657,0.319906906459627,0.241741148758603,0.410984817528575,0.67246714139155,0.208350462563829,-0.232773725171408,-0.171561129179548,0.15667794617521,0.274056372865673,-0.162015184148507,-0.357200606413119,0.485345742296461,-0.350146287230471,-0.421706284215206,-0.242623138098891,-0.485594311585119,-0.140852331418046,0.387731064714185,0.404759515181642,0.375109158598164,0.0383063845276033,0.504731213153932,0.522526881773968,0.244335427280037,0.461765513094575,1,0.513202721177751,-0.243946272827274,-0.335783179470942,0.0806376968527901,0.394334830510103,0.117452130472924,0.34556071354709,0.395514133200286,0.482836226300754,0.231014699636109,0.308997413210447,0.286600235427589,0.0977049882144416,0.436259505584783,-0.341276161093369,-0.104314387330394,-0.269376936576251,0.175647657063568,-0.167577369586634,0.328784956725366,0.00624469270011658,-0.1617504742302,0.216911814800201,-0.135898475985939,0.303518538723119,0.417328780848967,0.34368199553047,0.490680402752995,0.153864640837965,0.063650850000437,0.00979404452809718,-0.125827417774309,-0.0210398383950297
0.503094324723071,0.102996245245733,0.151250514007554,0.167369631529879,-0.182410924569176,-0.0551840814211335,0.62166855544713,0.414433656520218,0.0529829479041825,0.227158695987608,-0.127312328067507,-0.107345207676502,-0.23262433104039,0.0105831636913897,-0.191611833628099,0.199083394654119,-0.23956779332511,0.153609179067873,-0.356476508659301,0.503484913374981,-0.114601211980191,0.00370448985341848,0.128685806642819,0.547812510102184,0.145689994083859,-0.067212301360232,0.0383508971166725,0.392701086150513,0.518673118113549,-0.200072641937692,0.388235525479595,0.276513129639082,0.527320870567177,0.0554461870764943,0.335096992591131,0.165226850526958,-0.216565253688988,0.554891669245359,0.45494607749652,0.498020148152162,0.239802043465019,-0.00285783287996799,0.691339304865492,-0.00290462780257653,-0.071862722542306,-0.0867682408759237,0.0238839968811977,0.0141239258026252,-0.508026168600516,-0.0983325449050604,0.593273431028236,0.235471565742348,0.603786099061463,0.0507525410873913,-0.361897345209366,0.120517476233038,0.471239502159924,0.17826254246955,-0.101915911255247,-0.153123845950844,-0.30769378238006,-0.256678836302664,-0.23704096100673,-0.0206372254605276,-0.0574354200375303,-0.1260462965711,0.513202721177751,1,-0.286648769576951,-0.30730566578117,-0.28392129060386,-0.0704005802604504,-0.385848241173445,0.499186430003609,-0.0176195043585029,-0.0913372010242378,0.045745962867401,-0.218677700921262,0.397336799420693,0.0764026872203464,0.117446881452086,-0.437168740134324,-0.291721801933199,-0.289365726288284,-0.503690518272986,-0.00336606342415902,-0.4411034585884,-0.256247678929477,0.334174508484456,-0.027481152734284,-0.263764286168442,-0.0206966988405666,-0.0339388771502811,0.302333302243145,0.13803987433714,-0.358239914171926,-0.0799931427114329,0.0160724629528496,-0.519046249799118,-0.0831294717350994
-0.02932613735246,0.512514197165886,0.0256417298123408,0.497998180953249,0.284955875267608,0.0165043177321139,-0.215917428984998,0.605871592097327,-0.205622528529857,-0.569393430794836,-0.267334567039537,-0.918446252134436,-0.101799260358764,0.0718545500884101,0.0407849536795314,0.646543522097179,-0.657950173033801,0.290872792337355,-0.0862407457038659,0.319349908330884,-0.373021296763368,-0.141005183260419,0.283678283824897,-0.210624381062914,-0.678299515541803,-0.311325898500328,-0.0239024381579475,0.562194649275145,-0.26675371184687,0.379260416017468,0.617169188466703,0.326530339402106,0.483261585049948,0.317385801845036,0.664315096615389,0.220634471766279,-0.460478392067563,0.272318738426015,0.150533827333503,-0.100394953294594,1.01466451105736,-0.135784862239783,0.444384758902541,-0.220457222423555,-0.237019335880137,0.106956508381816,0.797124948824156,0.310000430834923,-0.322736697366264,-0.348268989490878,0.390669948679085,0.605772579558381,0.697820145077344,0.390881302382325,-0.181433087140223,0.230444425558969,0.828642351549102,-0.185594676485746,-0.731307224950949,-0.424469423973467,-0.661517892178552,-0.0446982435147787,-0.404316517000985,-0.254121633907855,-0.327567672032824,0.135188673141087,-0.243946272827274,-0.286648769576951,1,0.111579640780755,-0.476323792098811,-0.591452346165188,-0.199266603693332,-0.299428338153082,-1.14207030784538,-0.791090739350333,-0.567207643894322,0.0739383848999639,0.0422907691135505,-0.196282142847071,-0.309106011504785,0.142010864439682,-0.138841368843647,-0.139782416093075,-0.53118378264127,-0.0476968887433732,-0.56594634650614,-0.081958207864657,-0.161550756366527,-0.078406900874612,-0.613683856767683,-0.168904363948026,-0.205206897563824,0.441565387874517,-0.0493736380961138,-0.203497754989613,0.166501409314495,-0.524664911112798,-0.454491581216864,-0.644887302826754
-0.0917597205053536,0.418849554373476,-0.00729486961086133,0.509157948899145,0.221774596597699,-0.261272138159524,-0.288250609984865,0.504933957568315,-0.30924459184163,-0.560864755809318,-0.322921405560345,-0.821101618392749,-0.514940062634971,0.0330796913695643,-0.00298295571693741,0.56013561687593,-0.496385753493654,0.300282772567163,0.0117263109706457,0.14538323045239,-0.337394210521317,-0.168317233163299,0.0506436184638496,-0.0739685623873231,-0.516983699926203,-0.589006359319084,-0.238181987015939,0.392480167111903,-0.294449795089946,0.132188013957193,0.602393111233783,0.380202659130189,0.76341046855936,0.523954055121091,0.703152553366237,-0.0633488243048178,-0.312391740871367,0.373191642808262,0.335674918012443,-0.116079079814263,0.842664726772611,-0.0376691439845435,0.614438211053324,-0.37665640324741,-0.258412070659069,0.0107228195071084,0.7623035224501,0.0722728029939704,-0.426100825236162,-0.454637036669483,0.423267653802006,0.640732366838137,0.593121401856964,0.485035805879315,-0.231651570290261,0.0771262135026291,0.738447238512492,-0.228997509045022,-0.698142903246746,-0.559729188946122,-0.679663661502751,-0.153265995741972,-0.616090613795565,-0.439260467846543,-0.436427715414125,0.056195763287932,-0.335783179470942,-0.30730566578117,0.111579640780755,1,-0.469873540219735,-0.562654745463351,-0.314414918395408,-0.248579899121448,-0.92778730902674,-0.718018743164613,-0.702229465326409,-0.195699633445085,0.03782538884435,-0.0211983505003667,-0.016703804292805,0.243516156692789,-0.0233674102903267,0.0414000665794074,-0.426872857505906,0.0625067998151427,-0.455749931069916,-0.0266690809120221,-0.156285166111142,0.054847729117019,-0.235042907889407,-0.0604171374514713,-0.190274972998461,0.39958031315018,0.0320162504394678,-0.265229683007132,0.249575234153711,-0.748052229062844,-0.624848013256306,-0.707552193267241
0.277938785217895,-0.043345602551938,0.294382676668492,0.197653512281145,-0.0994325318476206,-0.227197722895152,0.390557562146264,0.362560292061472,0.138075537541983,0.100254765123307,-0.32281606769854,0.0802025724809068,-0.0449721947999578,0.0565672150861329,0.442194316847309,-0.145033812094114,-0.373015709053855,-0.0637643033336654,-0.285323427685771,-0.00536294953465677,-0.243154104145678,-0.117252558547734,0.00900804159967766,0.23879543405316,0.303593425639489,-0.497949978549164,0.0607600959451037,-0.30854778668054,0.427285270487146,-0.131611823374239,0.140143184698807,0.474398780958041,0.294967193606578,-0.11315747767176,0.20424104276604,-0.214420827413384,-0.103952481486368,0.54171485936419,0.375063249256172,0.289493236262899,-0.240875021580091,-0.0482534803997245,0.779405558226195,0.0123913718261884,-0.330548724665863,-0.153980410637696,-0.191396198989371,-0.0760935689522628,-0.194128102864672,0.149010582014395,0.645207454779748,0.236714208128002,0.140362695531969,-0.0326372925433518,-0.28065080101386,0.0317351964174314,0.345712504750635,0.315965311998055,-0.108869771566408,-0.19528846891435,0.0255109110422708,0.120436951814803,0.145148755291464,0.181037800949307,0.120112683846603,0.343976447558497,0.0806376968527901,-0.28392129060386,-0.476323792098811,-0.469873540219735,1,-0.29502295574081,-0.337114927852244,0.13852408008818,0.162258204088609,0.235499042919581,-0.205503912119781,-0.595459562951755,0.128776535227239,0.115320934254782,0.0588787923292147,-0.531266067471588,-0.445203942682155,-0.29196022129956,-0.422783376767814,-0.452958135379009,-0.66339138280864,-0.489947762844851,0.179053737126561,-0.170322261639997,0.274159164544956,0.00344251420929165,-0.252753592085759,-0.250888373444274,0.267544046761057,-0.0612087098635437,-0.268235186660101,-0.0269183875447412,-0.2316151230661,0.0482981007097521
0.419968259798597,-0.308074593231597,-0.335215315795,0.0780157347135268,-0.606549607706693,0.0386731787953503,0.566512913507983,-0.174864439814456,-0.153324046893222,-0.235883140942555,-0.234031855858017,-0.340607354910894,0.425530854194402,-0.290536750656531,0.0447801261406942,-0.172353104117286,-0.255533046273194,-0.605605786876853,-0.639317002597476,-0.277458685647941,-0.557066662286197,-0.594299677992056,-0.263864094089531,-0.139767459955963,-0.612319390111477,-0.209327238098225,0.410079949431499,0.21769665338684,-0.0288905111828474,-0.0287465324745306,0.409096322378366,-0.0748285372376451,-0.21591401909299,-0.632225015157846,-0.126169851823433,0.164357800427239,-0.158835652158484,0.435733999789238,-0.111596014327262,0.0276035704938956,0.416308911499567,0.104817255028706,-0.0304831774562415,0.933517458362426,0.23751717604175,0.689843542318498,0.230776196828701,0.916963907432289,0.666170276704107,0.70275670182742,0.268524713107034,-0.185390065125961,0.186478594157468,-0.345578996414394,-0.376626517048338,0.604363435452387,-0.127257590411797,0.0622750028317915,0.113185527017805,0.187840716653506,0.217432719458754,0.45918816068783,0.456660619595142,0.359584195487293,-0.274646242204531,0.359074889516364,0.394334830510103,-0.0704005802604504,-0.591452346165188,-0.562654745463351,-0.29502295574081,1,-0.198584954448928,0.308077108503229,-0.351651461658379,-0.14713974872615,0.447950381999519,-0.0844261327848868,0.651902404005374,0.196237915531702,-0.491997718748957,-0.163753273790134,0.0192808301368927,-0.26216153350158,-0.228580064925607,0.00966323486256371,-0.0559444953195063,0.196589045858284,-0.248471829317667,0.321643915187905,0.135388485152054,0.637467815001792,0.0607284671284559,0.45280511672231,0.173088027396095,0.751761490254154,0.192159505571493,0.798807620208243,0.504540068603965,0.633595924476592
0.0478238793314064,-0.00971369548411896,-0.0315533839366635,0.138771674834102,-0.23788599850873,-0.500306398151423,0.181814263618444,0.324892284356014,-0.0167486776523485,-0.273910693163736,-0.342534752123121,-0.390867864603111,-0.522515978487781,-0.253256799440896,0.0276488419860965,0.295905047828066,-0.28161849098715,0.108178202230201,-0.407082801404479,0.074729504460076,-0.426934533337652,-0.138353935401943,-0.243039441553839,0.301077742803634,-0.218377683199369,-0.731587967745034,-0.060215151974616,-0.343601360869997,-0.203094020600957,0.017940224584705,0.462947946862148,0.156868198563794,0.840694663579238,0.17014870978104,0.468683755817627,0.0152343623138196,-0.187019507113716,0.238654679001006,0.413891012318104,0.0684078124991215,0.338212026322605,-0.131358867559297,0.408769045269089,0.0279352841708091,-0.075607142677366,0.050394345318106,0.41714602249948,0.25533565112932,-0.298635775276589,0.0532850541172721,0.588111237728458,0.277055709468376,0.221947730985067,-0.0892037611785981,-0.339152607157493,0.164214573423378,0.255487803780256,0.077312932213953,-0.13334105898903,-0.413514545664719,-0.315438555637168,-0.300488892272595,-0.207515776088679,-0.331757516253696,-0.290446831125885,0.0773160326929114,0.117452130472924,-0.385848241173445,-0.199266603693332,-0.314414918395408,-0.337114927852244,-0.198584954448928,1,0.311937446128066,-0.185275934979133,-0.183099054480012,-0.0474528894410648,-0.360494665889595,0.520180114057615,0.538394355230074,0.308295313465815,-0.172715433847199,0.0586231408211813,-0.0133873680976979,-0.173255302018093,0.0956206835155871,-0.237281515977699,-0.108489007397457,-0.0202138778337361,0.210544600891934,0.420956594925433,0.364266893409855,0.0571415064851839,0.10812950390029,0.356845244822965,-0.0946760474870753,0.21686543915235,-0.0815151884783544,-0.323833934837034,-0.00523765061872264
0.114023854686746,-0.715094446024034,-0.635970714095666,-0.167703951245841,-0.5401115575756,0.0168844320933842,0.346660376476132,-0.899370871999821,-0.414302657306587,0.262557886786739,0.377462820819487,0.365332235990295,0.074612667717996,0.141602996417633,0.198690478431591,-0.129279810394302,0.344573327236477,-0.62609108780415,0.0994366290104262,-0.175209538255472,0.221125306026476,0.181018338181496,0.00522204045186933,0.0318594718401635,0.0521782684825734,0.167159915408703,0.515843404401742,0.446142132863783,0.103976515349996,0.0773421657132369,-0.149975911687911,0.0810093157644479,-0.243370401185472,-0.432392050905154,-0.257270807828077,0.25788563924453,0.575319312116862,0.268458952812757,-0.248403757029413,-0.162165297233897,0.0911731968577596,0.307277202736494,-0.208743779231479,1.00543339713605,0.757624624724779,0.477384635417615,-0.121176971855704,0.399078327544597,0.834151430826923,0.768724377062119,-0.128007844196419,-0.815166607868324,0.289356954684325,-0.588743273184522,-0.165484108926614,0.327570794458085,-0.980826659201311,-0.316864788002284,0.302575470445606,0.0448132524308029,0.205599192495365,-0.125338585877096,0.486169647788267,0.587273413126584,0.278889379513581,0.470176152664915,0.34556071354709,0.499186430003609,-0.299428338153082,-0.248579899121448,0.13852408008818,0.308077108503229,0.311937446128066,1,0.303206061191292,0.224568835793683,0.175467725253687,0.0626762736088067,0.266551637148511,0.123374616367988,0.125028226497421,-0.0723851538502846,-0.124337310635525,-0.279547758175549,0.294971257508818,-0.160835720218367,0.549952282657919,0.0645868029666836,-0.0700243973885362,0.034450491943262,-0.110614949232046,0.254395986596075,0.0922691090565742,-0.0185861836076078,0.0446157718298344,0.696903059278954,-0.0432253408354295,0.651791646671074,0.413245506061101,0.449407020959471
0.927212183271837,-0.166354850227928,0.104879052752935,-0.154319054453217,-0.597448460897842,0.217677045972937,0.755690028236893,-0.13252434856276,0.173922370814947,0.241946335174716,0.0741709395526657,0.170171741271099,0.324281356446704,0.130339179533096,0.329498281382095,-0.343373174020119,-0.206275835151321,-0.484374966643485,-0.393693319584896,0.15676590177141,0.0321763097064764,-0.432695805345147,0.123646229023413,0.170335048281665,-0.0779868337504492,-0.309505786146295,0.607361954434395,0.030055081713764,0.465120889428134,-0.329952272145142,-0.0730031060110736,0.420718890872394,-0.312226195326523,-0.665805648273671,-0.222774394138735,0.362966747477382,0.0455697007923205,0.901463341858593,0.291024332540642,0.512293834243319,0.1480518839029,0.273002431430129,0.372024576241208,0.969495981730076,0.280754357436876,0.425297959118857,-0.252700292257471,0.446394394621874,0.691194008141332,1.01990537166893,0.527388290014838,-0.219736586926655,-0.0933547421510968,-0.456991024123848,-0.533583184310717,0.324808045167274,-0.248016273949119,0.265661611392061,0.112468787524346,0.129449810360353,0.0530587604213999,0.440880175405301,0.437584837400255,0.650914749411681,-0.100632660438611,0.302130244987333,0.395514133200286,-0.0176195043585029,-1.14207030784538,-0.92778730902674,0.162258204088609,-0.351651461658379,-0.185275934979133,0.303206061191292,1,-0.0519195025450058,0.139351381309963,-0.561631418350747,0.551563968042058,0.282471172480554,-0.500218828418013,-0.742261876630281,-0.400315953254621,-0.852596884116158,-0.462370367721306,-0.527862604398575,-0.317749899966834,-0.507466912875328,-0.173209272780317,0.136163213531296,0.235806664754485,0.537259227704342,-0.172788450634451,-0.0287464950397468,0.0555577807343866,0.753382412048004,-0.148469196372446,0.676051702980293,0.518533010393917,0.693757875987093
0.519722209937594,-0.469254507528917,-0.260362093777795,-0.403641264126202,-0.887059043702795,-0.19340318982586,0.633125119081684,-0.286359961812701,-0.263850590663173,-0.241048685051436,-0.225424334626365,-0.286798356010081,0.156571646683746,-0.17137478729574,0.255965838254287,-0.133989372505955,-0.14362915342768,-0.343112805091102,-0.321525801942845,0.0994829398442464,-0.109215275630062,-0.436724439266448,0.0779673153883887,0.0914070073170669,-0.323452657089891,-0.694988145876341,0.439037662969056,-0.256846865711122,0.17406083520624,-0.333471898386156,-0.0923461985196718,0.299532006147819,-0.17596775957835,-0.51737762622162,-0.126777187693886,0.0364292566364882,-0.12344605494825,0.580544549829093,0.247535593947973,0.143967655207645,0.221839074668055,0.128099548391482,0.299960284900961,0.728577347829865,-0.0605278904404337,0.577752509087673,-0.00539698958170165,0.692721749319969,0.716283134753672,0.762010230774001,0.415396544882499,-0.315150007684644,-0.36845204607721,-0.609456532434683,-0.675858309525239,0.213793103862099,-0.244994072836378,0.0372149756675524,-0.0424816033205029,-0.0502210961961608,-0.080318715419369,0.546083444622507,0.349629301152201,0.530504367203323,-0.0564449672457965,0.238801041508931,0.482836226300754,-0.0913372010242378,-0.791090739350333,-0.718018743164613,0.235499042919581,-0.14713974872615,-0.183099054480012,0.224568835793683,-0.0519195025450058,1,0.0922465020174714,-0.61154706734344,0.446312602863616,0.369459516387898,-0.373523612254957,-0.41371473752781,-0.160963446265969,-0.405955228278619,-0.136370256347293,-0.189804435179962,-0.541970624363923,-0.244410023952795,-0.0612952656665314,0.390793258375341,0.644163162015074,0.476130942607515,-0.222425504278842,0.0844828034244994,0.280301941972106,0.736183501255426,0.210775494144504,0.864658444620365,0.594895160587026,0.630145693000956
-0.0347364843561359,-0.565066438414416,-0.301755364716538,0.130593050302085,-0.567720422075322,-0.32148934836743,0.333616840795874,-0.591622084108612,-0.372177883280281,-0.416949255263763,-0.0397231715488344,0.00224702493219309,0.404359758222511,-0.442327967172404,0.495308507863754,-0.525429052192139,0.31736022893055,-0.751851674019363,-0.418200201302819,-0.89089397886204,-0.430114966971356,-0.361990374204157,-0.443349005582769,-0.0609790166119334,-0.568551265909474,-0.0715453547266789,0.717324182182722,0.134956642087867,-0.804636783303262,0.297139351647153,-0.101414447390048,-0.268070711434826,-0.287911650575813,-0.57708290124406,0.0685814255605702,-0.225147944149865,-0.36015618582862,-0.0738557592379839,-0.355975113722127,-0.33895823226878,-0.194936697305586,-0.0479500072504672,-0.266930974728498,0.93633559064197,0.217257778286498,0.80287030791865,0.195732691399166,0.848754736979126,0.643609253405504,0.431949798940987,-0.410684218473526,-0.615603222075558,-0.318136875545113,-0.275273241913854,-0.274984557205428,0.240669643332202,-0.501478458820844,-0.0365556452677572,0.251256022987518,0.269498879705089,0.356272139881463,0.58559038533091,0.525580488136225,0.467087868618174,-0.196521920392408,0.587106076885907,0.231014699636109,0.045745962867401,-0.567207643894322,-0.702229465326409,-0.205503912119781,0.447950381999519,-0.0474528894410648,0.175467725253687,0.139351381309963,0.0922465020174714,1,0.105897166258367,0.745030658734491,0.407521604663096,-0.375069321283902,-0.217347468301131,0.0769261260310465,0.0901764649837044,0.337325695453195,0.193407604964897,0.0355838082686267,0.19003499297995,-0.602395207247145,0.315259876018909,0.584553459685849,0.643425391648626,0.0649052291979206,0.133258439343169,0.357151209666423,0.882021430614995,0.472987962075498,0.712091907492541,0.578316601524545,0.479556237981953
-0.296627363050683,-0.234513294916801,-0.518816907938283,0.177690630065569,-0.423874558016077,-0.530253095470943,0.00643640438824633,-0.123326647990239,-0.646818777071368,-0.56208950853953,-0.3818954883368,-0.775222186879945,0.100277446590811,-0.493789816364025,-0.23801305536716,0.0870067237899196,-0.109653081851344,-0.171838823588525,-0.398478734500635,-0.299177473729189,-0.697956207210027,-0.457329571162163,-0.381640598431024,-0.123261380668893,-0.903135056223101,-0.463100531431941,0.189061773905634,0.0684810256213175,-0.749839955548686,0.0251925958881234,0.401300641090155,-0.336465729741105,0.400133399016138,0.0722138609251158,0.517228838286391,0.088147024712068,-0.544783920129802,0.0124485913728163,0.171167670961634,-0.412147249051877,0.522657304481803,-0.384052583865654,0.0158722590089192,0.333868973392122,-0.418109434587298,0.602407884077065,0.782597699766941,0.864746110475724,0.0117732814086574,0.0397204294073268,-0.0753817255824618,-0.237436979343888,-0.152039100958703,-0.0889404029484794,-0.38987582986254,0.148714940186682,0.190491495812422,-0.324170255127078,-0.156583746663112,0.0106110438563723,-0.269416414731358,0.341870701649426,-0.189643695040881,-0.0318146283173603,-0.405182976489737,-0.0716326134349325,0.308997413210447,-0.218677700921262,0.0739383848999639,-0.195699633445085,-0.595459562951755,-0.0844261327848868,-0.360494665889595,0.0626762736088067,-0.561631418350747,-0.61154706734344,0.105897166258367,1,0.730254526734474,0.297987008346934,-0.268312209574923,0.364305894471555,0.276251162636062,0.446344056713297,-0.0790500321462523,0.75981820071319,-0.310687918759854,0.372832158696278,-0.193376231149027,0.538530496979731,0.578398531056468,0.577544968553625,0.00333281161614698,0.4994111558225,0.0737396238057431,0.341965512714851,0.725671767191942,0.392315473699248,0.259539047115244,0.344675178515914
-0.0608400676759636,-0.4062149460157,-0.533701577561626,-0.0213747029149397,-0.197784355859923,0.226453190007996,0.0728139116214536,-0.694284225738767,-0.0257183315289302,0.333813681211031,0.364068528668151,0.475326472891694,0.172443591145908,-0.0609371513552525,0.0744985144883998,-0.387796052032201,0.504290719643318,-0.330422659718111,-0.0501472492014482,-0.118735723795201,0.216659324564018,-0.0683139997474598,-0.39620206872378,0.102325920398297,0.01587669347522,0.864787830183313,0.461139576560425,0.464311365204563,-0.0648765160302373,0.287841384205321,-0.107007276433287,-0.770083795254755,-0.422374894280699,-0.405071834860435,-0.424691507378517,0.565760396410459,0.148543409033119,-0.59513835520751,-0.526019125754054,-0.0679007735293084,-0.293171434158576,-0.25749001459842,-0.968206371175464,0.479724419120322,0.813157710789605,0.0477160077607324,-0.324976029936533,0.372818689793877,0.264268442148627,0.386335979544223,-0.602570477964612,-0.870235585671457,-0.111108224041543,-0.317757429575383,-0.000444261650273614,0.120394385026702,-0.873553289270986,-0.389012872708539,0.69491832052582,0.642694299700569,0.682566498067409,-0.0939186973811612,0.452356176402712,0.432702395539168,0.316026108967248,0.204879891396755,0.286600235427589,0.397336799420693,0.0422907691135505,0.03782538884435,0.128776535227239,0.651902404005374,0.520180114057615,0.266551637148511,0.551563968042058,0.446312602863616,0.745030658734491,0.730254526734474,1,0.0368359817866583,0.183909813491668,0.0662255161625356,0.319275426054633,-0.101521886758094,0.505254302597421,0.139952990261881,0.984018659091094,0.551895028684828,0.123659590454684,-0.0321070190872007,-0.262589452808491,0.269477413208181,0.477073640205883,-0.133345070695242,-0.0662453907980543,0.22088868092073,-0.120497567216365,0.535114629592662,0.403081757087531,0.689208375655673
-0.251250845933973,-0.522897360475033,-0.549753113071711,0.382990251113928,-0.270881144357044,0.0289648226797534,0.194594630660094,-0.620119717385004,0.0300309653708511,-0.0847510902614361,0.0162405072737264,-0.0118215944192082,0.167380767496617,0.0453346007504207,0.564240271750502,-0.302335621495998,0.0213605959569156,-0.393782951977036,-0.0504675948338106,-0.451740626773066,-0.145620141563202,-0.430436708701518,-0.364380730491476,-0.343922605950662,-0.123239048142012,0.170265065957755,0.254225360259264,0.170829109923983,-0.0386198809228384,0.236377683730669,-0.0817000101253725,-0.685359890461716,-0.729564025722435,-0.547555827283137,-0.545452104843287,0.27768123956676,0.384614377410837,-0.578868093572512,-0.663170787199721,-0.185334765293402,-0.229981283028166,-0.147522496423783,-0.826194942696602,0.63743570741532,0.624898807515026,0.158979301261241,-0.345391086760312,0.565922270224325,0.767435709624626,0.71017128062069,-0.108776405439777,-0.515507691847327,-0.110181736097644,-0.115940798696005,0.00118208360334249,0.215799030304239,-0.681108048206614,-0.158812632772005,0.761584356722184,0.293931930205192,0.603451548073978,0.0688417127312699,0.67372095364221,0.454678177366231,0.230498869941075,0.621547691245552,0.0977049882144416,0.0764026872203464,-0.196282142847071,-0.0211983505003667,0.115320934254782,0.196237915531702,0.538394355230074,0.123374616367988,0.282471172480554,0.369459516387898,0.407521604663096,0.297987008346934,0.0368359817866583,1,-0.0960340046683045,0.101723296498057,0.152431855720805,-0.194511615708418,0.47911545560029,0.0459401130159197,0.901972722174818,0.48855225398592,0.31700981367761,-0.0856913969276569,0.0274619195726299,0.263488995909262,0.350728538977374,-0.384211139148946,0.0113018191474174,0.661460817734653,-0.187561110166217,0.572509130616513,0.561683515230676,0.770972578542155
0.575389422604954,0.102845839486842,-0.166754253703686,0.0534673909418097,-0.101832596828064,-0.000559540470090658,0.366613584960857,0.0762805829034116,-0.226209851044944,-0.028493815972524,0.211110119138084,-0.303622763696445,-0.0601841738126469,0.421214087027709,0.176467720191336,0.451676711624843,-0.360226834603344,0.128606424374904,0.225055197313145,0.53693444569964,0.210807873270464,-0.0645918108732262,0.528754616811414,0.115933645842014,-0.272689078450947,-0.55112055553455,-0.0156480397979653,0.0141188168265988,0.0198101937334288,-0.170694774352312,0.0862409319581563,0.619307820794703,0.166861614178812,-0.191835052075589,0.11690113755115,0.640453640192481,-0.113700596436862,0.517077941882419,0.233957602908849,0.207449321913901,0.805919876036251,0.0753106491402765,0.399400879113273,0.279360502753014,-0.0525926840061967,0.0228550392594781,0.180088598110039,0.24986319707336,0.327777317459064,0.467934330409968,0.831907061409524,0.113677530477356,0.53235999870434,-0.13591583406104,-0.464103260981304,0.356418779421556,0.296596102743337,-0.132496298552552,-0.305830245682093,-0.231117257916449,-0.5096257052298,0.0375573591975394,-0.0447918145732833,0.28940479479665,0.0430754922785392,0.299223526288054,0.436259505584783,0.117446881452086,-0.309106011504785,-0.016703804292805,0.0588787923292147,-0.491997718748957,0.308295313465815,0.125028226497421,-0.500218828418013,-0.373523612254957,-0.375069321283902,-0.268312209574923,0.183909813491668,-0.0960340046683045,1,-0.128534518247469,-0.410514810174768,-0.553292058156346,-0.370121201979126,-0.24216109508592,-0.443666259000311,-0.3879442824824,0.399091195999732,0.160882163331446,-0.144351269363661,0.111485816021153,-0.0868152580809439,0.133032514175433,-0.0410486747658422,0.308475561480682,-0.133982316676915,0.279268694274064,0.12038270642425,0.0116989893651398
-0.470688568061614,0.298118179972801,-0.2326464486824,0.424689612643631,0.269618583163768,-0.165844911727258,-0.297115985573572,0.336116983358141,-0.121632875028771,-0.411021489511309,0.0508052817518097,-0.622571737104424,-0.0948251090603929,0.00893388310193922,0.224005533690335,0.667817789572774,-0.381160475237204,0.238685562366543,-0.0245941719100665,0.115615920933636,-0.224247223068589,-0.01432543579641,0.024672099036333,0.0540182423850263,-0.499833867501673,0.0330151941332644,-0.254963679077843,0.485000228451837,-0.464714517315303,0.590009529027446,0.491577585070559,0.0296581902576051,0.343822955533699,0.22936401207617,0.429184869619264,0.140250240538296,-0.409625084336449,-0.331730832537908,0.00948773385312301,-0.176896498962467,0.669911233097031,0.101025632285123,0.00329344326286926,-0.314289669721323,-0.143298665785377,0.130952179181096,0.551629752443908,0.0522127322961828,-0.332966455536423,-0.552266459745922,-0.0635251350961644,0.272583539450034,0.524528910704245,0.20341079536646,-0.176690408160197,-0.00759939447808683,0.510381124625336,-0.267103723464992,-0.234503588043887,-0.197516168225118,-0.435144972124152,-0.172665098223287,-0.197691932978984,-0.405600506994916,-0.240707158724944,0.256831888887546,-0.341276161093369,-0.437168740134324,0.142010864439682,0.243516156692789,-0.531266067471588,-0.163753273790134,-0.172715433847199,-0.0723851538502846,-0.742261876630281,-0.41371473752781,-0.217347468301131,0.364305894471555,0.0662255161625356,0.101723296498057,-0.128534518247469,1,0.0529716201690615,0.0331950600151233,-0.134950363304253,0.165352851539166,-0.171282933896454,0.162282585255873,-0.210139206671509,0.0407895956812597,-0.450452478983781,-0.0708995939537581,0.325082811563878,0.616947964073685,0.296910427770701,-0.276780986885144,0.368927858777331,-0.804447243008736,-0.479671800660368,-0.733103598696219
-0.0234930630239301,-0.116992922416476,-0.231199747177961,0.286192982458126,0.204058764108442,0.191299763863239,-0.0260970938210159,0.0145124829233682,0.0209417562153177,-0.0712835587361484,0.095461533974611,-0.316536682017394,0.161263620580161,-0.250756536914947,0.585958720286883,0.0274996606047391,-0.47136068963451,-0.301122468936362,-0.477719783859316,-0.33175859534194,-0.546681950789148,-0.435159758389188,-0.399185135212361,-0.348282245494446,-0.484398544002239,0.160073434001473,-0.0213086895195707,0.361970185726435,-0.601581030887739,0.496920009696436,0.31711034034657,-0.292712449760905,-0.0450702066814389,-0.380320165735007,-0.0619625716309301,0.37992470435744,0.006228364458429,-0.358356449582173,-0.277322239089724,-0.195903738340562,0.535907920295047,-0.150627929502171,-0.568520906293124,0.572958945787671,0.116070923163114,0.295208242057055,0.336463983219231,0.606105704310621,0.260470151249913,0.195805559155842,-0.132759644480364,-0.143151022713554,0.281970677672064,0.0316308976782588,0.0975944566105184,0.267713254275603,0.125485238802141,-0.0512083170140147,0.415161104796513,0.212155669425368,0.291128037736345,0.039788753016443,0.578881273367213,0.241873458688754,0.0943869767716461,0.581687436880648,-0.104314387330394,-0.291721801933199,-0.138841368843647,-0.0233674102903267,-0.445203942682155,0.0192808301368927,0.0586231408211813,-0.124337310635525,-0.400315953254621,-0.160963446265969,0.0769261260310465,0.276251162636062,0.319275426054633,0.152431855720805,-0.410514810174768,0.0529716201690615,1,-0.127840934693216,-0.307292170207824,0.0139770907213456,0.235146061437254,0.182024000661457,-0.286543390488146,-0.169710097775114,-0.466465495422264,0.254166926987418,0.528110438696936,0.138727920094567,-0.0593653880148426,0.422061919456122,0.0757485344500272,-0.140053496540589,0.271022998433464,0.152582619330031
-0.408505597625351,0.203192812117762,-0.389782212328293,0.494183454362182,0.149266414094273,-0.0598445183070371,-0.129600516501548,0.313082245087478,-0.331810645258433,-0.513154867922628,0.0467675631338304,-0.6108855227531,0.78010529752325,0.153436275289324,0.51889237358622,0.225824518767972,-0.289421983746073,-0.238585233041865,-0.0286339638700918,-0.224146550743986,-0.490764498595729,-0.273054346860854,0.0447625322068729,-0.425754908039045,-0.794715326731819,-0.0791281361193799,0.219015126686725,0.235973839628458,-0.469115947518623,0.708625924045902,0.320157332292262,0.0122683910109274,-0.267818236737642,-0.329652502366908,0.272247641314818,0.231034204726596,-0.55930911067895,-0.220874280235496,-0.552554397888427,-0.458041612256116,0.552997154092339,-0.399442717382551,-0.307593212034469,0.218877436353103,-0.0996235457766466,0.348982043385796,0.640082558421467,0.778226411741247,0.264071794396393,0.00500604374689473,-0.0459851286093166,0.106228977359597,0.466680746787336,0.235654752137436,-0.18774952575076,0.405839496054366,0.42049009141521,-0.169787928870673,-0.0809712681119483,0.340126909565819,0.0967255396645604,0.643873064245877,0.337929576536751,0.0169780031981858,-0.137887916023389,0.767961602942153,-0.269376936576251,-0.289365726288284,-0.139782416093075,0.0414000665794074,-0.29196022129956,-0.26216153350158,-0.0133873680976979,-0.279547758175549,-0.852596884116158,-0.405955228278619,0.0901764649837044,0.446344056713297,-0.101521886758094,-0.194511615708418,-0.553292058156346,0.0331950600151233,-0.127840934693216,1,-0.0352037355961862,-0.192999655204297,-0.337089541370905,0.249133632588126,-0.371950713869438,0.0215682143837619,-0.426177484102911,0.175325470192162,0.019393748963714,0.165092157509147,0.12310850384551,0.351580854625856,0.20475049880942,0.0262200867856643,0.151101984959664,-0.241472352178111
-0.0894817863277524,-0.157030423936667,-0.297676768066357,0.220121855889905,-0.206658553023136,-0.261118929321132,0.395935634572669,0.0932864218218765,-0.150905219955406,-0.163311832730745,-0.0390097025954291,-0.287857105339391,0.515397701444297,0.0182949069776731,0.596793055164216,-0.0485360288071476,-0.420132267349265,-0.55834707987763,-0.381795339432626,-0.57932817517834,-0.803272559118931,-0.461864051487058,-0.222736732330406,-0.161724485504494,-0.405167982647491,-0.516901866000005,-0.0341296417482329,-0.448242548808225,-0.578984520953414,0.112799583591946,0.128339984015874,0.15296837975095,0.0300777342210663,-0.539599870704459,0.132689040081516,0.00288103094318079,-0.159638570878237,0.129532657912265,0.143570742478212,-0.156941912561305,0.27800201493547,-0.215076486945037,-0.085389165350945,0.641303283247711,-0.529544841274397,0.478945534399436,0.386696236474209,0.73999972125602,0.650968169752468,0.543913833103756,0.505757652181154,0.0550578404853082,0.138598402287867,-0.169944572787332,-0.216546893443928,0.626364123958356,0.272784446612135,0.123862588634004,0.237746818820034,0.254947342169915,0.0868603688504669,0.562276705516521,0.468467100138945,0.118035466811278,-0.223535258259845,0.78692854203497,0.175647657063568,-0.503690518272986,-0.53118378264127,-0.426872857505906,-0.422783376767814,-0.228580064925607,-0.173255302018093,0.294971257508818,-0.462370367721306,-0.136370256347293,0.337325695453195,-0.0790500321462523,0.505254302597421,0.47911545560029,-0.370121201979126,-0.134950363304253,-0.307292170207824,-0.0352037355961862,1,0.100222468304344,-0.234532153527886,0.00677351143471011,-0.166194578126712,0.42998187934228,0.635039273286184,0.88071788468715,0.259097175679877,-0.0380565515847659,0.406424965295688,0.76905202199977,0.442275545423853,0.38789541074429,0.653581357128216,0.539507200139857
-0.326032687001182,-0.0627639331041236,-0.469932696333143,0.30003159517654,0.103002733018838,0.156174823861581,-0.256322047764126,-0.333969957523978,-0.210008089760653,-0.194298875296578,0.156244074236473,-0.193168191814047,0.487280620076848,0.169605592838426,0.18850043423723,0.104416272946075,-0.175750919971745,-0.367110596430283,-0.0301614531963419,-0.231363867430571,-0.17332247465035,-0.171055571070488,-0.171836068587482,-0.207053692917214,-0.495375184476244,0.508402007609553,0.300691284872957,0.71242399389655,-0.431029699869121,0.652049472173163,0.325222818842524,-0.3177093977661,-0.179243718197197,-0.213025238959016,0.167583926620591,0.250198704857757,-0.0860318941102495,-0.221274090678218,-0.24342679692557,-0.259057489479641,0.53261183322188,-0.113715884226579,-0.47664813199687,0.472069253374143,0.335531164917578,0.493086790818125,0.449011160554697,0.534207124474418,0.346529950707314,0.0906121579665112,-0.415971394722466,-0.244033689767638,0.302685107223002,-0.177362643429711,-0.0168266527880016,0.114088704738905,-0.243757917594174,-0.329484324597502,0.162158916536949,0.216583597510756,0.0725813958390996,0.128348248856439,0.359461444586703,0.195060131408115,-0.124923418605648,0.380201907415683,-0.167577369586634,-0.00336606342415902,-0.0476968887433732,0.0625067998151427,-0.452958135379009,0.00966323486256371,0.0956206835155871,-0.160835720218367,-0.527862604398575,-0.189804435179962,0.193407604964897,0.75981820071319,0.139952990261881,0.0459401130159197,-0.24216109508592,0.165352851539166,0.0139770907213456,-0.192999655204297,0.100222468304344,1,0.477612137508106,0.425091198031913,-0.408146375633039,-0.00147141145877905,-0.447375431662081,0.279264737582362,0.23311266513193,0.344058195235989,-0.0225545943348217,0.333756527216373,0.317397565483806,-0.0293421643312939,0.163967161331832,0.0254670512889207
0.0116611426382681,-0.353876749884355,-0.528136127515354,0.303811378616963,-0.578818146223555,-0.363779829775055,0.207471527711342,-0.419892921248214,-0.31067776959665,-0.504506837600744,-0.18993941452863,-0.546757775824683,-0.152625800237869,-0.51045446041715,0.459803147746417,0.257296588218797,-0.111945384760896,-0.295292248832183,-0.529219315885453,-0.224713638024862,-0.423435410809086,-0.596835513510657,-0.530188581812252,0.0926996084475423,-0.854795053740724,-0.317932505678059,0.07220120087651,0.0148763757639604,-0.726664503764292,0.0493661031573862,0.147266205279104,-0.184133185743188,0.305008645004735,-0.348752858505442,-0.0920512507603554,0.249939386865025,-0.47646821819766,-0.0597956618027518,0.149038532107254,0.0589099402834935,0.612744635338373,0.24329924027829,-0.401297113005488,0.824984717842566,0.219382855602882,0.820347869179871,0.270961010383946,0.661455222717845,0.322790619828285,0.492351198529663,-0.126659083524663,-0.718426722870248,-0.228417462841581,-0.43177320173577,-0.640097777158474,-0.0414290327208977,-0.319525815192255,-0.332248042236412,0.240441255147475,-0.188332083289908,-0.274863239938811,-0.0401129149406453,0.102153091625044,0.156910493967057,-0.394349233033478,0.392956406726405,0.328784956725366,-0.4411034585884,-0.56594634650614,-0.455749931069916,-0.66339138280864,-0.0559444953195063,-0.237281515977699,0.549952282657919,-0.317749899966834,-0.541970624363923,0.0355838082686267,-0.310687918759854,0.984018659091094,0.901972722174818,-0.443666259000311,-0.171282933896454,0.235146061437254,-0.337089541370905,-0.234532153527886,0.477612137508106,1,-0.0660355092721853,-0.44387130443077,0.638467692929282,0.643041344591544,0.769486980256117,0.599297347232536,0.561404326391237,0.385357283199465,0.778172303493294,0.646489626565027,0.125855501467058,0.259847087301152,0.299880864658756
-0.572873393823101,-0.134487507351395,-0.433106305745584,0.221180177086531,-0.219127655665169,-0.362521449136123,0.0491573339681726,-0.0516586956142329,-0.477236857246403,-0.48965871816731,-0.172301863243022,-0.540581721722312,0.295377248574463,-0.426777748156358,0.295668454666762,0.141247377856729,-0.0755343976773354,-0.308449208250948,-0.337535300531714,-0.571570772445744,-0.614225934347337,-0.339503268040695,-0.442059857432194,-0.129476250265385,-0.795539103864051,-0.203026362386812,-0.0154389868817966,0.141124456901931,-0.975747527285606,0.603456641140824,0.450433548424848,-0.250798349882909,0.157445914675831,-0.2601030540448,0.161506046888485,0.0481145847019087,-0.363582093621704,-0.474806839214579,-0.263915530023573,-0.468014528416717,0.491989735943607,-0.236158655044576,-0.45075437437668,0.327722751679679,-0.34838485726324,0.583386889983425,0.67028527098695,0.652180994884613,0.10781479728224,-0.162127646833532,-0.279851477068827,-0.209761228742341,0.111199101998489,-0.0362843453588249,-0.233314521958741,0.103636767780883,0.0448464788555339,-0.28308321424495,0.217603435342254,0.151786400704035,-0.0127842188195006,0.223681429570826,0.205879504187149,0.00989715329024432,-0.215473750950703,0.436472903150993,0.00624469270011658,-0.256247678929477,-0.081958207864657,-0.0266690809120221,-0.489947762844851,0.196589045858284,-0.108489007397457,0.0645868029666836,-0.507466912875328,-0.244410023952795,0.19003499297995,0.372832158696278,0.551895028684828,0.48855225398592,-0.3879442824824,0.162282585255873,0.182024000661457,0.249133632588126,0.00677351143471011,0.425091198031913,-0.0660355092721853,1,-0.651205072028276,0.376350237116671,0.167336786679346,0.530490618676202,0.640636811189791,0.586470097244041,0.302015659024467,0.424600541510996,0.672991533329887,-0.10663645916905,0.176094659710816,-0.123128620862436
-0.0493444661967535,-0.0922372838940193,-0.397910629159229,0.193643221361122,-0.190356000021718,-0.510421303444035,-0.232611885252701,-0.107676631707461,-0.58089594754501,-0.200361131334685,0.173500034015763,-0.127861167809778,-0.323441827281943,0.480390683108464,0.409000174923215,0.190497411611036,-0.196426160713597,-0.193909830968254,0.274402667338074,0.0980202141639358,0.286045452954153,0.0289531014099318,0.0627932637540026,0.244035314274849,-0.163617605513735,-0.26128282184333,0.129462076980889,0.27699192570109,-0.0720164843102307,0.0546818399833314,0.25284306900213,0.545486367406749,0.398035420897878,0.016236338896193,0.326815158066524,0.158316562533941,-0.0168305103796834,0.460447623925779,0.223979905095328,-0.133148961766517,0.467213601385055,-0.00373136344738437,0.737652301803378,0.0741232886502162,0.16200935159994,0.0495403997088516,0.143559155529081,-0.250622591373268,-0.0451290020472744,-0.0581453960812182,0.253686172415608,-0.0744912764039796,0.476338541578351,-0.172167306969907,-0.463736368467707,-0.19382892034729,-0.0132433448874912,-0.375514111513194,-0.329439207898094,-0.293073839890074,-0.277167464527395,-0.107195351828808,0.13308412205087,0.425114523833912,0.347907603472055,0.483657545794413,-0.1617504742302,0.334174508484456,-0.161550756366527,-0.156285166111142,0.179053737126561,-0.248471829317667,-0.0202138778337361,-0.0700243973885362,-0.173209272780317,-0.0612952656665314,-0.602395207247145,-0.193376231149027,0.123659590454684,0.31700981367761,0.399091195999732,-0.210139206671509,-0.286543390488146,-0.371950713869438,-0.166194578126712,-0.408146375633039,-0.44387130443077,-0.651205072028276,1,0.088591532716935,0.039980741151276,0.0493884804081552,0.080181578937773,0.259791782186442,0.404414784258262,-0.0188302436660623,0.0808368765508268,-0.429018833786276,-0.437634726272251,-0.469387636905418
-0.217947434633648,-0.52222603786886,-0.554780887607016,0.080915222013842,-0.0512366313051562,0.0527097743829762,0.123054045271599,-0.615542496056127,-0.10637711451028,0.163929149364027,0.408843079655977,0.330067607991782,0.498802139511069,0.227138628723476,0.471884900021406,-0.148650559960436,0.172827401251065,-0.522801006186224,0.148389746920756,-0.382116045414252,0.0797341447652522,0.024001139462172,-0.206295879845863,0.0278821854341663,-0.0351444786499537,0.442470379218749,0.0256688954257749,0.304613648352616,-0.145603905910151,0.310860291500146,-0.0694574038804179,-0.246442736542403,-0.550790886749296,-0.454097551160552,-0.288242385986582,0.263623976305833,0.285884485185924,-0.606082850938827,-0.648601805138632,-0.205821038814435,-0.10057130275542,0.27749055215954,-0.605276389244339,0.554072291063318,0.379232728282713,0.240784711243703,-0.242871031543158,0.333405596852713,0.743639937295491,0.445094611782699,-0.268171609436498,-0.58462136741154,0.0106693488399234,-0.25821937256562,0.0308392760711339,0.120395108163202,-0.643006115597923,-0.133210925221181,0.527188548820913,0.247703719447266,0.421927688764524,0.19954626381912,0.672286137259846,0.197909978048189,0.105302651233947,0.73560416819296,0.216911814800201,-0.027481152734284,-0.078406900874612,0.054847729117019,-0.170322261639997,0.321643915187905,0.210544600891934,0.034450491943262,0.136163213531296,0.390793258375341,0.315259876018909,0.538530496979731,-0.0321070190872007,-0.0856913969276569,0.160882163331446,0.0407895956812597,-0.169710097775114,0.0215682143837619,0.42998187934228,-0.00147141145877905,0.638467692929282,0.376350237116671,0.088591532716935,1,-0.169189049608389,0.0637378786059357,0.395044163164525,-0.00169269644362868,0.0932091411234984,0.545965525029308,-0.0299076246752032,0.518811276183828,0.492655006339248,0.301115390553603
-0.296445000639456,-0.421887418904031,-0.39195743696588,0.549209749857472,-0.214736774671029,0.0152288983046193,0.291611563372397,-0.35802956513899,0.18084054624483,-0.195964784329887,0.00808640299283045,0.0679928482216301,0.572721200455303,0.222033696529247,1.06197882671055,-0.202267185482918,-0.0755425205561263,-0.571771764782606,-0.101799291968652,-0.513700912871762,-0.0255116405248493,-0.501627536627041,-0.212905357198502,-0.0569511956878315,-0.0540707728952338,0.384164420961777,0.399068238189074,0.210281081554948,0.110616026077283,0.421729884901733,-0.209904671990365,-0.306131161706768,-1.09450543435113,-0.750351020656218,-0.401785946982522,0.00643235338311313,0.00487697279858641,-0.55849496934853,-0.838054130094317,-0.162773646244698,-0.447343479531033,-0.198378125609291,-0.547014504890771,0.517439184265545,0.311013096064018,0.139989698209183,-0.489417894078097,0.528230451078544,0.875746003163014,0.489809693100831,-0.0644213681153957,-0.248928998831852,-0.072830683260917,-0.114339351603892,-0.0755452593073948,0.273157210144136,-0.351939778721737,0.0644357636565224,0.651664105589985,0.552037581498238,0.759725155707231,0.604251441713143,1.06750606430146,0.450528587519576,0.231752039515184,1.14233592275434,-0.135898475985939,-0.263764286168442,-0.613683856767683,-0.235042907889407,0.274159164544956,0.135388485152054,0.420956594925433,-0.110614949232046,0.235806664754485,0.644163162015074,0.584553459685849,0.578398531056468,-0.262589452808491,0.0274619195726299,-0.144351269363661,-0.450452478983781,-0.466465495422264,-0.426177484102911,0.635039273286184,-0.447375431662081,0.643041344591544,0.167336786679346,0.039980741151276,-0.169189049608389,1,0.108624010182289,0.108943916440002,-0.520483806400631,0.42267426438222,0.586867686662672,-0.190650392028922,0.468606426509317,0.468249800525144,0.373772275876206
-0.5318288415634,-0.947324268033641,-0.573919565786905,0.0591632655298586,-0.681991477978676,-0.357470174554747,0.150492446847444,-0.829597672765438,-0.276854468082035,-0.318800760062538,-0.102521274865101,0.105697299583602,-0.0756290909478697,-0.372779926723334,0.472344093304425,-0.202875564353815,0.412840536436338,-0.258940972867669,-0.238182546528056,-0.394943202899751,-0.141370659994921,-0.135718866147326,-0.395012796741729,0.266888016079344,-0.253386872422264,0.355668382358202,0.577967910682191,0.48539549996311,-0.149162956119069,0.469246422412046,0.0194419813643035,-0.939987423486353,-0.374569246350823,-0.270472373044222,-0.0316617908393382,0.138193547372743,0.201096954923192,-0.914273396943133,-0.691131749888875,-0.259114131553751,-0.34006768243288,-0.0924559491407759,-0.685307770851513,0.485837969691186,0.616683676993999,0.376106430188287,-0.207855786267075,0.633890759345535,0.327300130222727,0.229147409389297,-0.610179595771262,-0.827659963850399,-0.228397239619974,-0.55037901001338,-0.21600751436526,-0.038379316485279,-0.847936785667103,-0.440564770825844,0.546553893055392,0.22378782276597,0.435209904451975,-0.0943505786726277,0.441617179447449,0.228268103159667,0.125598756787752,0.54577022255192,0.303518538723119,-0.0206966988405666,-0.168904363948026,-0.0604171374514713,0.00344251420929165,0.637467815001792,0.364266893409855,0.254395986596075,0.537259227704342,0.476130942607515,0.643425391648626,0.577544968553625,0.269477413208181,0.263488995909262,0.111485816021153,-0.0708995939537581,0.254166926987418,0.175325470192162,0.88071788468715,0.279264737582362,0.769486980256117,0.530490618676202,0.0493884804081552,0.0637378786059357,0.108624010182289,1,0.400547049714254,-0.0790363140789859,0.408354716858953,0.313505761826659,0.208716105924401,0.434916683333442,0.274600603468766,0.345979199410098
0.0694397388285379,-0.900103602264418,-0.826723040842103,-0.197623133601592,-0.616394831658957,-0.324030997961893,0.0665844254557503,-1.00243758474853,-0.552235498308053,-0.427915504533339,-0.22836000636687,-0.25298329236321,0.0667549660237138,-0.257464088673868,0.261058776444041,-0.130436861290296,0.227685931357034,-0.322596935785995,-0.257997640634627,-0.162014998668361,-0.125557922741081,-0.180944124761351,-0.307637987272137,-0.0329284700973745,-0.657459346560824,-0.0287428169642366,0.503061504272834,0.387947505677341,-0.189601479618424,0.0826182365174272,0.53431389239239,-0.24831253323955,-0.136646177445322,-0.15335083347935,-0.0566499771302185,0.207682779206904,0.194314227350759,-0.181946007928955,-0.389417754632562,-0.268634765820575,0.481876023682616,0.503219309768301,-0.424567495980526,0.883989327997977,1.06518982057254,0.778883480331409,0.32488137038383,1.02828114898245,0.771933007143475,0.746184614203337,-0.473095494293279,-0.942436240059993,-0.178238801878833,-0.793912639574022,-0.594686631345628,-0.00660987106223626,-0.995631593682298,-0.517607760260702,0.0801747522956696,-0.275883529082182,-0.000453623131676573,0.0190053727844419,0.261325727061686,0.191039227211526,-0.191454403080243,0.427471701962792,0.417328780848967,-0.0339388771502811,-0.205206897563824,-0.190274972998461,-0.252753592085759,0.0607284671284559,0.0571415064851839,0.0922691090565742,-0.172788450634451,-0.222425504278842,0.0649052291979206,0.00333281161614698,0.477073640205883,0.350728538977374,-0.0868152580809439,0.325082811563878,0.528110438696936,0.019393748963714,0.259097175679877,0.23311266513193,0.599297347232536,0.640636811189791,0.080181578937773,0.395044163164525,0.108943916440002,0.400547049714254,1,0.262033898422666,0.128189695829217,0.89197645216827,0.390774225785481,0.954554392337219,0.675528859765455,0.584756372292603
0.0568663492669282,-0.106286394130177,-0.319971099380481,0.0451036357283279,0.219031149430908,0.268804945626561,-0.00993518069743983,-0.393719733591129,-0.197722657173423,0.150049188062074,0.0539307165527687,-0.00816119430102935,0.323132944290492,0.0273207443953998,-0.0241429140468168,-0.0032415157081328,0.0547750099522186,-0.14405743156648,0.0809746803565334,-0.0950033506397963,-0.0411675027285029,-0.215524661693855,-0.316510501107277,-0.349296325116287,-0.200871550035783,0.489174217450694,-0.245148201319599,0.450665487420893,-0.239667441035541,-0.0822257364722297,0.00725191760561816,-0.461040686883527,-0.311163452396433,-0.0390519848478686,-0.343132274201658,0.10779464409322,0.136533206109335,-0.5544348100096,-0.61359242446196,-0.221275686325412,0.269953958854022,-0.206041213037564,-0.783669797481451,0.20130558326555,0.171932071404342,0.0048015745438843,0.0116172176428798,0.383250536183376,0.275334030467031,0.19577535498939,-0.338634871250987,-0.40866556054283,0.213242101053278,0.0585229455293479,0.128360680335223,-0.0687258220660029,-0.292269143004152,-0.187049314604948,0.497084890896577,0.32069320867917,0.3476733645644,-0.0324495526503275,0.291392987422143,0.222804973285804,0.18037526503222,-0.0351506202795345,0.34368199553047,0.302333302243145,0.441565387874517,0.39958031315018,-0.250888373444274,0.45280511672231,0.10812950390029,-0.0185861836076078,-0.0287464950397468,0.0844828034244994,0.133258439343169,0.4994111558225,-0.133345070695242,-0.384211139148946,0.133032514175433,0.616947964073685,0.138727920094567,0.165092157509147,-0.0380565515847659,0.344058195235989,0.561404326391237,0.586470097244041,0.259791782186442,-0.00169269644362868,-0.520483806400631,-0.0790363140789859,0.262033898422666,1,-0.414022478867361,0.164138165629563,-0.0895481270105195,0.453206311017847,0.308390250469634,0.29628208802171
0.130122304392057,-0.723204624928434,-0.781424323386059,0.0341277831932184,-0.467640098218423,-0.116692591192824,0.281494674250315,-0.701332736798557,-0.513988516860405,-0.0563940007434009,0.0193646576098003,-0.100279213907221,0.619177171049475,0.0215068044824887,0.56070530946809,-0.305882866168877,-0.11687015977717,-0.547395125803088,-0.0255324503449005,-0.433461151236662,-0.280747811439426,-0.399947907425232,-0.291057567542865,-0.569891413292983,-0.200363506643403,-0.189818534446229,0.211941331350987,-0.305747854028878,-0.0415256120915408,-0.139057188716955,-0.317245916556413,-0.195115965447321,-0.794598125863048,-0.630238880063791,-0.478457636523845,0.155068350879051,0.275789873729119,-0.249923209952575,-0.666523785005653,-0.368157605972629,-0.0531475408209649,-0.325900466388646,-0.702748366986648,0.67214573617721,0.0327546468681923,0.165589957772852,-0.26609840744915,0.84446753665144,1.05101778377041,0.903650851419836,0.245722003300432,-0.68284779365033,-0.193173311257037,-0.360119245830083,-0.211655630727039,0.461024178066762,-0.606718302470805,-0.242309875928338,0.5917032742922,0.397802449325925,0.656603931141327,0.662876501670554,0.789511494376617,0.605825924404886,0.397807554139661,0.80040603717658,0.490680402752995,0.13803987433714,-0.0493736380961138,0.0320162504394678,0.267544046761057,0.173088027396095,0.356845244822965,0.0446157718298344,0.0555577807343866,0.280301941972106,0.357151209666423,0.0737396238057431,-0.0662453907980543,0.0113018191474174,-0.0410486747658422,0.296910427770701,-0.0593653880148426,0.12310850384551,0.406424965295688,-0.0225545943348217,0.385357283199465,0.302015659024467,0.404414784258262,0.0932091411234984,0.42267426438222,0.408354716858953,0.128189695829217,-0.414022478867361,1,0.864450539510718,-0.225800462836785,1.11610140261538,0.833949513536529,1.00801613339554
-0.622355225579428,-0.611145925990279,-0.273777129012557,-0.215338243904955,-0.605619199543732,-0.553583088284427,0.36632177225559,-0.403097667067429,0.104010119907416,-0.0225853764293959,0.00252705862493692,0.358036557581956,-0.126050885306563,-0.459203577674137,0.205005827872217,-0.322695739493519,0.549657723023789,-0.174660862863306,-0.293437437711809,-0.394993849474144,-0.0025178752130231,-0.0938547024023805,-0.546730799176688,0.749549905106129,0.25600654816263,0.332040565635783,-0.129209248047876,-0.188185199956487,-0.143425304104119,0.227704985493104,0.0224623475451314,-0.673225341338966,-0.211740000620524,-0.260488591857089,-0.298131793421602,-0.206785567978849,0.0882626376892438,-0.881182560642849,-0.21999571515729,0.180572606835472,-0.573529966482439,0.311322990617364,-0.535289024436668,-0.0749346075683676,0.352651817671389,0.228888772113563,-0.24231116151854,0.00917841812466236,0.0602448103550365,-0.102081829486144,-0.630639216507047,-0.511286889869572,-0.614123730049837,-0.524123248177174,-0.334318615092385,-0.39851625917833,-0.699459299436648,-0.0277805980176643,0.724650390369221,0.28933021298518,0.467599015091384,-0.139512783997327,0.219001796094894,-0.349588522902539,-0.0800166619781687,0.234582285159678,0.153864640837965,-0.358239914171926,-0.203497754989613,-0.265229683007132,-0.0612087098635437,0.751761490254154,-0.0946760474870753,0.696903059278954,0.753382412048004,0.736183501255426,0.882021430614995,0.341965512714851,0.22088868092073,0.661460817734653,0.308475561480682,-0.276780986885144,0.422061919456122,0.351580854625856,0.76905202199977,0.333756527216373,0.778172303493294,0.424600541510996,-0.0188302436660623,0.545965525029308,0.586867686662672,0.313505761826659,0.89197645216827,0.164138165629563,0.864450539510718,1,0.474546515586297,0.0561190865048296,0.129875348727,0.153531647875706
-0.247385193959831,-0.188330672695664,-0.385804725108639,0.0527511970834206,0.157101502728991,0.206351410272713,0.0119932517825771,-0.38534598991588,0.0432536033541809,-0.00482480585125705,0.180813277689635,0.0956755473096615,0.710642379214906,0.0907272477070385,0.202876862590114,-0.229881705240357,-0.010810818355075,-0.399733763222907,0.02479878111865,-0.437675071872841,-0.238777009886626,-0.227855933127697,-0.290700877666014,-0.340501800575535,-0.238242315352945,0.487256791479454,-0.0510368867291362,0.230036152812323,-0.343581435468545,0.371673714907755,-0.0242937310681168,-0.567756137016088,-0.649582894816929,-0.340902116512102,-0.262278777795269,0.175470849371105,0.251764190993891,-0.822116475911952,-0.639467187602054,-0.337722185826055,-0.0434711745413664,-0.0587323914982087,-0.91250385435107,0.344091082510804,0.0991956881092391,0.17503162223232,-0.0399116871031403,0.483606605767504,0.670366234469771,0.249975660859697,-0.408231623979212,-0.315133072190495,-0.0894050788261452,-0.0151777506415975,0.218227845602216,0.107648056114427,-0.34198865937588,-0.0381734939937993,0.581180887492303,0.48551716552768,0.465337418709234,0.288393578240357,0.545949518198706,0.123412245159145,0.0141697913740845,0.420006145769698,0.063650850000437,-0.0799931427114329,0.166501409314495,0.249575234153711,-0.268235186660101,0.192159505571493,0.21686543915235,-0.0432253408354295,-0.148469196372446,0.210775494144504,0.472987962075498,0.725671767191942,-0.120497567216365,-0.187561110166217,-0.133982316676915,0.368927858777331,0.0757485344500272,0.20475049880942,0.442275545423853,0.317397565483806,0.646489626565027,0.672991533329887,0.0808368765508268,-0.0299076246752032,-0.190650392028922,0.208716105924401,0.390774225785481,-0.0895481270105195,-0.225800462836785,0.474546515586297,1,0.492133784433642,0.635444752284159,0.39878069078514
-0.566792617865611,-0.16628327387473,-0.113810731963977,-0.0413052599630852,-0.345420862509063,-0.549511208266315,0.421677212088565,-0.00994139376607001,0.204785127968604,0.0816323667999612,0.352923474422403,0.554752971999927,0.283095491789233,-0.0960522342310502,0.286012489251805,-0.673391394008524,0.331490413345293,-0.773736105592504,-0.373867947305273,-0.641839583509327,-0.103050209696655,-0.109671887340455,-0.511469561936573,0.777793682000188,0.146194373974937,0.430571289435518,0.168490509120708,-0.0466865813812242,-0.351302706899704,0.588767246905122,0.0784292605342241,-0.317483134806692,-0.115694040694831,-0.728869079843341,-0.146246456482665,0.0326095102935505,-0.237884190551121,-0.281884221468083,-0.0675334702841848,0.0723339953246357,-0.510719566366683,0.285720633265728,0.0777575960202171,0.348981343736214,0.190006191467195,0.479157662609966,-0.130179000734981,-0.210314512437021,0.12878208809758,0.00342368138160376,-0.536927981278453,-0.24264762461459,-0.149825704132512,-0.410397998058454,-0.243755208923338,-0.337470141608145,-0.378937794147574,0.26608797114555,0.419855914436936,0.58221430424643,0.664903298169771,0.162622422349953,0.762862505984702,0.190021723282342,0.284034682500305,0.641217596773747,0.00979404452809718,0.0160724629528496,-0.524664911112798,-0.748052229062844,-0.0269183875447412,0.798807620208243,-0.0815151884783544,0.651791646671074,0.676051702980293,0.864658444620365,0.712091907492541,0.392315473699248,0.535114629592662,0.572509130616513,0.279268694274064,-0.804447243008736,-0.140053496540589,0.0262200867856643,0.38789541074429,-0.0293421643312939,0.125855501467058,-0.10663645916905,-0.429018833786276,0.518811276183828,0.468606426509317,0.434916683333442,0.954554392337219,0.453206311017847,1.11610140261538,0.0561190865048296,0.492133784433642,1,0.0560779271429016,-0.0650233458202264
-0.792721080675981,-0.410345690406238,-0.253922987174328,-0.129665376856648,-0.470181670268656,-0.661465103351634,0.328471246186718,-0.120195182696848,-0.0469255595066468,-0.165062255806123,0.0667043650667729,0.255489620439996,-0.085725798425891,-0.315270756020324,0.392743700452294,-0.341165971578838,0.416344976692748,-0.446715004606271,-0.33051238280081,-0.562403899003287,-0.234478083865242,0.0127066329520572,-0.526273360435888,0.694233693588024,0.0237671059001913,0.27083581777883,0.289983298848307,0.12398580632655,-0.391805892965765,0.584968203240056,0.175245876629572,-0.42359297824014,0.0947285031477245,-0.378521683727314,-0.0565212607114451,-0.277526644507932,-0.200777160435626,-0.632323851691269,-0.21033409155066,-0.0671041180041339,-0.470416528492237,0.337388171040423,-0.194695295077008,0.189415998563157,0.50196972715341,0.522657222034159,-0.0146506358558638,0.0938914461741385,-0.0112705270836272,-0.189787475220504,-0.830422913652301,-0.456442118806173,-0.37181022309508,-0.325436589461529,-0.322157849602288,-0.468041909149207,-0.454469268921657,0.00847085720783447,0.321749447525398,0.135360305514747,0.317706955305897,-0.0325793931394707,0.220741965138681,-0.272346422188622,-0.17119657073588,0.549929662462239,-0.125827417774309,-0.519046249799118,-0.454491581216864,-0.624848013256306,-0.2316151230661,0.504540068603965,-0.323833934837034,0.413245506061101,0.518533010393917,0.594895160587026,0.578316601524545,0.259539047115244,0.403081757087531,0.561683515230676,0.12038270642425,-0.479671800660368,0.271022998433464,0.151101984959664,0.653581357128216,0.163967161331832,0.259847087301152,0.176094659710816,-0.437634726272251,0.492655006339248,0.468249800525144,0.274600603468766,0.675528859765455,0.308390250469634,0.833949513536529,0.129875348727,0.635444752284159,0.0560779271429016,1,-0.145131397513005
-0.596505437009419,-0.780336499393558,-0.4728505034177,-0.0571910148222154,-0.886731557890784,-0.667070451031141,0.321784204244985,-0.54648708374087,-0.259238997025145,-0.190031126659713,0.0985491480331324,0.182888374390564,-0.262110815959323,-0.42854459479829,0.654084039358483,-0.274644453516781,0.250079780590214,-0.555379273440285,-0.474467617627621,-0.452056760311965,-0.0655771426029637,-0.22076623676964,-0.512486869418157,0.657601287708897,0.0448216388082751,0.424684027436405,0.746383101542249,0.340631592491897,-0.27661752492825,0.596989650251892,0.153822711220183,-0.393127475824359,-0.0888977584661828,-0.515302119842965,-0.072609499419836,-0.142035463919885,0.0161636594032457,-0.227307785324815,0.0057390960403557,0.0950836508562564,-0.362810277449331,0.159144634902323,-0.0588717462359529,0.474604349911929,0.649258994845185,0.594767005480354,-0.195649924155053,0.12511276087252,0.0357179519715708,-0.0132682772479847,-0.626580994690952,-0.753900938547536,-0.29564628792062,-0.709088590345612,-0.478723581998854,-0.261709567991101,-0.749457184973409,-0.256766902061379,0.404482199484507,0.147753924454856,0.456279163014779,-0.106735974743732,0.562118108436359,0.379795651455132,0.27311176801159,0.642927882860405,-0.0210398383950297,-0.0831294717350994,-0.644887302826754,-0.707552193267241,0.0482981007097521,0.633595924476592,-0.00523765061872264,0.449407020959471,0.693757875987093,0.630145693000956,0.479556237981953,0.344675178515914,0.689208375655673,0.770972578542155,0.0116989893651398,-0.733103598696219,0.152582619330031,-0.241472352178111,0.539507200139857,0.0254670512889207,0.299880864658756,-0.123128620862436,-0.469387636905418,0.301115390553603,0.373772275876206,0.345979199410098,0.584756372292603,0.29628208802171,1.00801613339554,0.153531647875706,0.39878069078514,-0.0650233458202264,-0.145131397513005,1
