1,-2.00306925345236,-1.21696281003439,-0.581030492415238,-1.0160385732822,-1.10156414278246,-1.45704680783113,-2.21936683343549,-0.911788486245722,-0.963614542780431,-0.640883458861299,0.116693051113313,-1.83971964573117,-1.76902931334012,-1.67283165066686,-0.269102331733415,1.19315699482537,-0.434200690008628,-0.473799434552913,0.120864377438985,0.504198666652272,1.04613548770333,-0.426514767639825,1.39989317545527,0.255447665518292,0.578834370448753,1.29331105766588,2.10914712496803,-0.111513284823367,1.25039384173415,0.115149322825528,-1.52205128873815,0.793929551006191,1.53917932104516,1.6293128560352,-0.402788246638935,1.40630776426507,-0.714975334803162,0.206884552920142,-0.446031083311806,0.0796666412706476,0.986153589007513,0.714064774348646,-0.146859786288906,1.16968995557809,0.579553606374524,1.1005751297915,-0.144431972803456,0.0766809240953015,-0.460605222375167,-1.93958432143512,-1.35668577596308,-0.939389297541733,-1.20321649196486,-0.326556756622001,-0.562282324573883,-2.23200595405623,-1.1522147269013,-1.27333703355561,-1.03138629103531,-0.625362394385901,-0.920942495843646,-0.679483829390553,-0.67536118367405,-0.208432017496468,-0.448439591169342,-0.452790644837304,0.0746015148942757,0.807883165833742,-0.252408027147426,-0.343083887032349,0.775158644861778,-0.667037252390458,-0.760850735241281,0.550530316936628,0.709329771735334,0.0464045596604337,0.905293709436566,-0.00743519250740473,0.195391424888457,1.8974290238233,0.924691929679205,1.24477167500717,1.51856983294781,1.77483358815264,0.568654045301273,1.37557167660323,1.27985616859037,-0.228284430746021,0.104304999320006,0.50807951602404,-0.658539010738229,-0.34604284309491,0.959483306089535,0.917776029654885,-0.798094467444702,0.820106598078394,-0.293878451144832,-0.551082271263746,-0.708482375460963
-2.00306925345236,1,-1.69108199945202,-1.67595773691838,-2.37520163126886,-2.22899343707335,-2.19093778148973,-2.6066907193243,-2.30085500434892,-2.29389468889876,-1.12130512409761,-0.826606492737784,-2.39967484714288,-2.01507642370596,-1.68004284433031,2.55928932659948,2.59876630373039,1.96943221604573,0.870815489606896,1.4151635351965,1.66591465920708,3.27414588474801,1.99456377018214,1.02558749628668,-1.19544264533314,-0.426523461867527,3.17024631078822,3.95129714487219,-0.500888984955074,1.91457838071624,0.543911854449364,-1.71977328100399,1.13171782103018,4.86127105893117,5.09566666354157,-1.04028453938639,2.28323962171778,-1.46936078275691,-0.922750459187644,-1.78384364742851,0.815195496360222,0.939071659419521,2.76293400412935,-1.5320898246312,2.4529629588622,0.910497422071201,2.06823334105559,-0.146803693285863,-1.58839581254268,-2.12004047747096,-1.5222155478895,-1.65269213206528,-0.111993491944988,-3.09058255018666,-1.17175893724279,-1.33235352166774,-2.39075963413413,-2.48011439077629,-3.3602566074652,-2.86796618121227,-3.6006081609794,-1.66037948090653,-2.79512341608725,-2.38455325987784,-1.67170301391566,-1.0234956513838,-0.807588367592183,0.636074861315502,1.80117123484147,0.472379873160455,-0.0860735044262178,-0.0204263772219135,0.07327672208388,-1.79909457432343,-1.28013303282948,-2.25559606694719,-0.786074604750197,-0.343438748081559,0.214705447956377,0.125184664232336,0.135189430292759,1.04624034448005,2.07886540316287,2.73315990423111,1.40654896092813,0.984766448586369,0.399744615458147,1.11556287089557,-0.819951191644785,-1.39221640452603,-0.415144260309239,-2.53727230578251,-2.81822291894936,1.36318501221535,0.107871887091004,-1.92688270056171,1.11347881275998,-0.343862207945783,-1.69139301858594,-2.44044136614249
-1.21696281003439,-1.69108199945202,1,-1.27965533489236,-2.17971395446871,-2.2026682117195,-1.16484178666304,-1.71368755086653,-2.9157953966697,-1.87318869257047,-0.735157345294074,-0.842097858354097,-1.63498366640986,-0.862888476350496,-1.8013587630746,2.69441071761362,2.42073302600758,1.8626804897716,1.36205547699971,2.35634159642587,2.13339241020946,2.55757354983347,2.30150128919762,0.886251323718703,-1.2536890478181,-0.913043659097942,3.1834881010475,2.86158739311732,-0.0931909980781842,0.972063722930998,-0.000791559239115447,-0.668581018744267,1.29216772307642,3.74553655375845,3.72528406503696,-0.473980578176373,1.27305614165118,-0.19107613586096,-0.34810620891598,-1.50243744015099,1.68496276460767,-0.21201632878156,2.1354452490115,-0.72994479000184,2.27696562260907,1.09161426861103,1.80729370387805,0.710623163509521,-1.12159973882018,-1.14352685546288,-1.60338471469104,-1.91698964215233,0.298850280031606,-3.01673458203675,-2.48053730387849,-1.51305728966723,-1.81255706189397,-2.77398384201586,-2.87201306673525,-2.42361478818975,-3.164109845887,-0.869016314607792,-2.7509903931248,-2.23407373518061,-1.5069470283616,-1.0514342577212,-0.67319498405015,0.465774413611262,0.984234699038654,0.151836622345213,0.943231417209006,-0.775405486235298,0.21779614832455,-1.83838186830086,-1.30891920558118,-2.6188813275191,-0.254531740310997,-0.756604959633822,0.0659378908638809,0.305941990124369,-0.172352541816724,0.225079995560593,1.47579303052104,1.12802358758797,1.12175520230842,0.291448508160754,-0.502655928742352,0.0664094491967886,-1.21004985007294,-0.634518408992234,-0.111477479174612,-1.91886713416417,-2.43952358391026,0.729546858638868,-0.258465358517128,-1.17147495313285,0.976511997412912,-0.0823308357607008,-1.55743868425985,-2.11192633489365
-0.581030492415238,-1.67595773691838,-1.27965533489236,1,-1.62086580154495,-0.881583545417184,-1.80462907434554,-2.26115543413645,-1.37974221219955,-2.21742537916094,-1.08754281998562,-1.74045214845726,-1.96254249095288,-2.40553305419002,-1.25301169147248,0.422154250975562,0.363615351154298,0.366455611852953,-0.750227068455603,0.845353604119315,-0.0933209585659538,0.42386065822271,0.390060625483464,0.383834770138553,-1.84870208495399,-1.20167609740698,1.20418184282102,1.51340088876544,-0.61504920087067,0.026668628738017,-0.108183019537911,-0.803435771442139,0.472958412639027,1.43136830074485,1.73746317094495,0.447929969521039,-0.121153507653569,-0.460437843658801,-0.212756326736347,-0.391705483840782,1.07256103663337,1.18682877905972,0.664624386978561,-0.267470650750962,0.828097465436186,1.04264804536559,1.31205525311992,0.497978947088932,0.269875787677728,-0.201268504990717,-0.103432666956562,-1.25482571762882,-1.52470601512905,-1.35052644874054,-1.14033373806794,0.198602917334566,-1.95296666932076,-1.74587104797495,-2.39234149722615,-1.38975604742442,-2.265963747236,-0.0263869333354271,-1.40361724066512,-0.689057191056764,-1.26976581443494,-0.0520708082257318,0.711427615333005,-0.825413207057201,0.277395334441794,-0.204010634849408,-0.597713383038924,-0.536002983237683,-0.847278751996327,0.00982171356213257,-1.12753984763312,-1.4620767212381,-0.612776203248172,-0.920836204417721,-0.0247770152542733,0.641447535173341,0.15620653166358,1.5803561470978,1.80754605045016,1.34994020430889,0.370393498826757,1.09524216760034,0.202829472943466,0.663378135998204,0.0912447426410676,0.791666240137358,1.07176952524553,-0.336967824112965,-1.01855485321097,1.37402761642596,0.536418922359864,-0.175833642243403,1.19914243269353,0.74780170874945,0.101112502803813,-0.372834664931265
-1.0160385732822,-2.37520163126886,-2.17971395446871,-1.62086580154495,1,-2.36466728164309,-2.03974576062299,-2.35597590453806,-3.07196904260024,-3.27778452635763,-1.54082028382545,-2.25235144951792,-2.2971967751942,-2.15028333576973,-1.65178532724437,2.99611759599859,1.854193100534,2.21605574164595,0.596016116274666,2.47518522471269,1.34527194976659,2.42303962034974,2.51047567190081,0.593623554926277,-2.92791982829888,-2.06461744704316,3.43309863781323,3.30510310203768,-0.672252501708807,0.813457582803963,0.252517292949551,-0.657796048792531,1.44963308311113,4.30902229205379,4.83814952338854,-0.285532886819051,0.796220246039472,-0.347869103689741,-0.429074125433717,-1.57445039184032,2.39385365216931,0.969794605426042,2.81149003608527,-0.784769983212102,2.257273269911,1.89336508305081,2.63128616726552,1.04497736514694,-1.06208955073007,-1.23956317018806,-0.702734481765724,-1.95646687260644,-0.609892099138277,-3.41001427035494,-2.76766322049399,-1.209454395569,-2.11061883285229,-3.17078670263338,-4.29862124667033,-3.38702064914442,-4.78125682569701,-0.652289048946313,-3.38677895833708,-2.42430190252247,-2.66909066111938,-0.818018109217036,-0.164344028307204,-0.30799006160557,0.707936898070352,-0.161169768717015,-0.0380804369396381,-1.41063682692922,-0.306438227592361,-1.43407766572687,-2.71732939608811,-4.04591999031119,-1.26350355901867,-1.84004898700878,0.545750702819492,0.744929989104187,-1.00803411702132,1.06097426801114,2.30745905838381,1.79774824011313,0.444387128609127,1.13222987891717,-0.953794194567415,0.129027199107441,-1.22309325973352,-0.204109461655712,0.381357459204322,-1.89704154005389,-3.07034843805364,1.76229820503483,0.0059127426370813,-0.927969371309761,1.80694190530211,0.454958645560996,-1.1957049886459,-2.16058163864932
-1.10156414278246,-2.22899343707335,-2.2026682117195,-0.881583545417184,-2.36466728164309,1,-2.17460479092311,-2.63324838506775,-2.46819186710492,-2.70405300491133,-1.26833888093001,-1.79361138084103,-2.34004795637598,-2.55674555969953,-1.9444310978051,1.16803075081856,1.11151876547123,0.623738574471858,-0.551304029344709,1.55383642246901,0.552990748782339,1.27222810253647,0.784689271099458,0.97899931373744,-2.13879768678924,-1.66762052886771,2.26768276562317,2.53517762830512,-0.865486854205653,0.593673319531755,0.182888685960947,-0.587723832845601,1.57800387208254,2.90281991325397,3.29812929249029,-0.0780399472216227,0.70870969292579,0.157335596763582,0.55552171281125,-0.877461735808681,2.1789581987609,1.30536175120666,1.97856424830061,0.0830881142538084,1.3607832781934,1.98911009456362,2.50085040646496,0.945145735568058,0.0135757170282923,-0.309778224454064,-1.23100303818171,-2.02501087844434,-1.21525368919278,-2.51590158807632,-2.47329221136805,-0.826524687631847,-2.44271735682619,-2.58898267995754,-3.37801432749005,-2.6543326393708,-3.30482540731127,-0.382432330689154,-2.26973901671716,-1.70484358539437,-2.04482588489184,-0.521022914574464,-0.138927549524474,-0.838866476874889,0.323827166304103,-0.783742624486966,-0.644353071509976,-0.942587480309005,-1.32524742468146,-0.905358746743891,-1.79849728088286,-2.41945040302785,-1.07341094334149,-1.19014370546583,0.605493404522428,1.13691244740757,0.34124626409977,1.44209545794056,2.02776403535736,1.64926422623447,0.688018695502363,1.30104210677065,-0.119717711297681,0.384551413659397,-1.00602351700967,0.85821646292727,1.2411736563514,-0.71337679094168,-1.64084602617873,1.94701061539033,0.804649881645561,-0.379129794003805,2.08244730887865,0.20233714412935,-0.570260834843083,-1.27148425780042
-1.45704680783113,-2.19093778148973,-1.16484178666304,-1.80462907434554,-2.03974576062299,-2.17460479092311,1,-0.459026171999955,-1.2879958872972,-0.26222073408753,-1.13613515726859,1.21304072664426,-0.504239669588578,0.453730625343157,-0.962599209664611,0.64803212862163,1.8852740729789,-0.0122804220588506,0.666913044877434,1.63570731298696,1.41762717870645,1.92475034686211,0.606605768665518,3.14503653567994,1.12933528949121,0.562621443768454,2.91386409329254,2.30886047460803,1.77548431605986,3.12166492500732,1.04097147806848,-1.29805823993098,2.28399675622505,1.41116053019833,2.55418594861253,-1.0099946715277,1.96824049749373,0.33281088932918,2.1819008506335,-0.153581764009974,1.36150846355886,1.35479392528567,2.66301301173696,0.859836790420513,1.99204398006636,1.80921493343369,2.50015965725957,1.90551992713707,-0.867747751083312,0.0973909560368847,-3.73892518723976,-1.72367158293009,-0.568441006738453,-2.61334826227931,-1.68464906383044,-2.9297191791231,-1.43454353071696,-0.767358465175908,-0.968550129706168,-2.05102588422096,-0.361441973550425,-1.96583387238937,-0.7774950893056,-1.1179227354119,-0.476371741496046,-1.21037273794939,-1.88910969593686,0.56110208406533,-0.764250889420851,-1.39603888865534,0.490522820002132,0.699584881386808,0.198579726911523,-2.20393518315523,0.646550603681569,0.933265174570221,0.378077718010509,1.94371341549118,1.78039070749136,0.111838056400454,2.16046232102809,-2.47832815496867,-0.288635334004363,-0.338710250948093,2.47184079978971,-1.03092305392237,-0.276866947191394,0.54282026390117,-1.66787048418887,-0.0170140302617742,-0.49286407771424,-1.20427303786968,-0.368159305877528,0.195405835829189,1.6543548146454,-0.655055398756398,1.24057941156489,-0.69600212842627,-1.64553005709343,-2.08521822211565
-2.21936683343549,-2.6066907193243,-1.71368755086653,-2.26115543413645,-2.35597590453806,-2.63324838506775,-0.459026171999955,1,-2.53243889110424,-1.15546390870528,-0.67080651941215,0.683054584403438,-1.47756900982134,0.216617835179724,-1.2327034236501,3.33070855175692,3.83083833552924,2.56289233122707,2.70162083912374,1.96894576947794,3.12001337617869,4.2719263871184,2.93049719022858,1.56185668425023,0.287751453834168,0.610227287750275,4.24749184725738,4.392674886843,0.766509768180239,3.00665041581588,0.706173219015271,-2.08261127304516,1.15021202401812,5.06118300725768,5.29702783646174,-1.63575542073412,3.25608998109203,-1.46589602732904,-0.983864156365731,-2.13185932419709,0.468162085655043,0.0189271664533415,3.24349694687602,-1.57496148318182,3.44066556781523,0.562235766642204,1.74899942730238,0.185463804879138,-2.4977662481108,-2.44617265671985,-2.83122050710687,-1.66156442615429,1.16064612389504,-3.5594039259946,-1.23406722017757,-2.85209156089544,-1.7653028963566,-2.2470321236365,-2.46421619234344,-2.74903292523881,-2.60716286316282,-2.45587839067945,-2.6705664777015,-2.53799894113215,-0.858683672647728,-1.57528381159823,-1.88469334903049,2.02962326023774,1.89351038900033,0.710548820038824,1.40444470635768,0.614831265876379,1.67009153385919,-3.12478561495284,-0.234218978880481,-1.44854243596697,0.032399735283746,0.998897652197325,0.301031388760028,-0.885893011525201,0.398475557154816,-0.909589416427353,1.01290619617801,1.81341974413633,2.46539809793078,-0.283057776473195,0.179154816667127,1.02971555489843,-1.34795344132322,-2.58065593417809,-1.92304545295815,-3.68266613868794,-3.02071902669209,0.028988569524302,-0.350767815574923,-2.42053837093128,0.298921320769134,-0.848917558736159,-2.7259324555943,-3.39201558165316
-0.911788486245722,-2.30085500434892,-2.9157953966697,-1.37974221219955,-3.07196904260024,-2.46819186710492,-1.2879958872972,-2.53243889110424,1,-3.1019562200031,-1.68399434243147,-1.82856655364765,-2.38439731011173,-1.87471755123687,-2.34003541388221,1.44672977444042,1.51285126433751,0.7231626495398,0.113724856843385,2.66349594496133,1.24554610406904,1.14988172155983,1.33986232977165,1.51030499763537,-2.34780438082316,-1.77377318475048,3.56348502555518,2.98405516009662,-0.021169555860905,0.767152714596239,-0.208172126922726,-0.863677044301624,1.77976500336308,2.40994307155644,3.06336181534962,0.270633977209994,0.4058480782957,0.637571260729034,0.792500134859822,-0.960617989647044,2.99206282906573,1.02194918295835,1.99508976326874,0.813456043218061,2.37138493797472,2.59262707625245,2.80522428487612,2.12792157870684,0.12230650127349,0.257293036668214,-2.1610185881786,-2.6653436019284,-1.51324910264275,-3.13152506955263,-3.55255479353994,-1.76414793782706,-2.71164531147537,-3.29205152990049,-3.77629090970512,-3.04049132016342,-3.34018963716884,-0.298406887886703,-2.57668611155055,-1.67003790187979,-2.12255317234178,-0.761365516384733,-0.183127469905586,-0.640117487847969,-0.367860231361907,-1.23186500348233,0.384341929150511,-1.12692414671614,-0.55771051031135,-1.52578023211508,-1.65629056223492,-2.46636838913971,-0.597393055364238,-0.900680519273268,0.717516426015957,0.700781151209893,0.573596022830936,0.562140161591085,2.04239392393382,0.601254073614857,1.49523072640621,0.674575924056611,-0.472181281401378,0.212547468241195,-1.48067094003362,1.2868405863887,1.0715187596046,-1.03678764621369,-1.75227234921389,1.59832749813819,0.687958125933275,0.0253952245230815,2.13369104779891,0.807379392591423,-0.795924753671227,-1.55195933807772
-0.963614542780431,-2.29389468889876,-1.87318869257047,-2.21742537916094,-3.27778452635763,-2.70405300491133,-0.26222073408753,-1.15546390870528,-3.1019562200031,1,-1.14310080808503,-1.15946231986359,-1.21262630317274,-0.222594647728186,-0.487665334090143,3.49270120974681,2.60897922813199,2.70383137357081,1.93867357582567,2.87635329389423,2.18383658406798,3.17534874595717,3.31506023110822,1.16204759424036,-1.76415643585517,-1.54145773413438,3.99915580101273,3.21916730417548,0.693748205455883,1.83329752891295,0.700256230031938,-0.883152021347845,1.52478627123607,4.12638516313833,5.00842350918397,-0.750476514360527,1.38889981640679,-0.382040522546245,-0.199057116688262,-1.38871762442418,2.08493698979541,0.847482215597062,3.41368239268631,-0.935226033385621,2.61377058444971,1.70410963207433,2.49241709138515,1.62081944275263,-1.80390108577362,-1.32063802895305,-1.39164453939158,-1.86142111246727,0.163318530022288,-3.82113749445036,-2.74479455764656,-2.38107760351641,-1.39432503024304,-2.58788881095631,-3.38340163027614,-3.16466142545706,-3.87416760632954,-1.4125666451729,-3.06004985299703,-2.29754629046824,-1.93445095761865,-1.07545290632049,-0.84747821193618,0.583183705760778,0.468228562776695,-0.0198280279557277,0.944711248579572,-0.908737649323552,0.847176186420103,-2.28860450109097,-1.90629792336795,-3.3138807061846,-0.818613928327307,-0.636285295580675,0.978321002546854,0.146773733160278,-0.933989515575862,-0.853508039468495,1.03634081704134,1.00822577849751,1.06805621216978,0.0533424744700975,-1.53933663931588,0.113494622916521,-1.26955930596337,-1.08543545544016,-0.789047779051624,-2.77938253718384,-3.1070957693037,0.508314549315843,0.0586514360784238,-1.22200266467132,1.31723743307037,0.131796876834554,-1.79843395721862,-2.85325021534176
-0.640883458861299,-1.12130512409761,-0.735157345294074,-1.08754281998562,-1.54082028382545,-1.26833888093001,-1.13613515726859,-0.67080651941215,-1.68399434243147,-1.14310080808503,1,-1.05005320954004,-0.515408325942466,-0.642370393603211,-0.225625052950264,2.7729317361876,1.44963890014698,1.96064984300896,0.863950283831825,1.4259382527332,0.950157699453259,2.45435868573189,2.25393669652476,0.0790140182761372,-1.51734527806432,-1.05088494212435,1.96670899363518,1.67282488988486,-0.0818686834855,0.718244630246354,0.684222469325206,0.13549469283669,1.10929575868673,3.38546651255426,3.73330949735264,-0.85847650164887,0.854503380183649,-0.552938678721579,-0.634627483854442,-1.15977716712916,0.88837870279734,0.371799676132177,2.36326976184162,-1.31145367673145,1.38532702817636,0.614693013289045,1.47557878537051,0.0765942063245302,-1.53090177929031,-1.40988370328145,-0.0205706067309266,-0.772424994184409,0.520937029696241,-2.01338169431916,-1.09716634967128,-0.705752983471043,-0.539452823815761,-1.40943122758261,-2.15364073360651,-1.72563511259355,-3.08599566149885,-0.510816794162222,-2.22626733920172,-1.80783513602266,-1.5718983603844,-0.570603249193302,-0.429457408648341,0.195779408890657,0.933422764160755,0.544390612393782,0.0770792634238189,-1.04320776367196,-0.0246339867278282,-0.904553752344527,-1.90264131714645,-2.96746380168588,-0.822879910966995,-1.39956154109443,0.342448838348549,0.526163340164662,-1.36562968442759,0.174168247639236,0.952066986228199,1.19669410806904,-0.394560196693844,0.307574758399147,-1.39193760833906,-0.38822889501557,-0.747888780829229,-1.16319581419813,-0.294010907347555,-1.55792341848599,-2.43623083255763,0.729871771383604,-0.347025536294118,-1.06428934461121,0.683495137944677,-0.161138989526576,-1.14103264031825,-1.64538300652412
0.116693051113313,-0.826606492737784,-0.842097858354097,-1.74045214845726,-2.25235144951792,-1.79361138084103,1.21304072664426,0.683054584403438,-1.82856655364765,-1.15946231986359,-1.05005320954004,1,0.173976472700172,0.98662904452286,-0.0705608742213362,2.73832264446548,1.35516946367979,1.80372548269298,1.45043229037242,2.67915714554542,1.54519424710936,1.74901440423423,2.48819812068112,1.19545016898322,-1.15946472759349,-1.09980375667198,3.08944985154918,1.60814920928154,1.09723704251048,1.25597159392602,0.481744531227139,0.281635637642946,1.66748956196779,1.94936225637537,2.9645133564336,-0.575009573508785,0.426137929590905,0.82734955038812,0.856420334202708,-0.631148643497072,2.28628631582274,0.260033112527379,2.59573268167199,0.391789021709783,1.76125148491409,1.71437832538417,1.98853690135746,2.05334111162101,-1.27167597734789,-0.193586078414945,-1.19907855674644,-0.990931811967743,0.381249728429847,-2.73805861509742,-2.57481626766499,-2.27852139088175,0.199585667066484,-1.29618048859026,-2.01900179361707,-2.49222280813992,-2.4573300774598,-0.730532649755375,-1.98392127225797,-1.55554012225481,-1.63172329520442,-0.909207332339606,-1.02946621097693,0.329673746519335,-0.985006908056233,-0.804720095326769,0.98788725431908,-1.12219851574077,0.900537635110287,-1.79159144582478,-1.66433448591523,-2.45819395301434,-0.469106016392639,-0.521186981249617,1.52334681853773,0.155028130516506,-1.06881795656617,-2.15588164760611,-0.0949893726485556,-0.975398495148375,0.451159305695887,-0.789884011316203,-2.13755291934527,-0.943747478825942,-1.90889248339323,-0.438480381818212,-0.75419422064626,-1.48409460742,-1.83991655917049,0.150386625268136,-0.0113189830602672,-0.143987272819515,0.98496994794987,0.108704539889498,-1.31820296661996,-2.01737389508814
-1.83971964573117,-2.39967484714288,-1.63498366640986,-1.96254249095288,-2.2971967751942,-2.34004795637598,-0.504239669588578,-1.47756900982134,-2.38439731011173,-1.21262630317274,-0.515408325942466,0.173976472700172,1,-0.0832728885703722,-0.835023025881317,2.96564282512922,3.2569609982096,2.44625141866613,2.3253248447656,1.82203634094935,2.63368614119354,3.68639535425095,2.75715447703713,1.2302631417885,-0.089223568840231,0.0842904954557967,3.49741855059225,3.65845097805465,0.599711841124533,2.41192147859609,0.543200831459895,-1.85188049753337,0.801619807027606,4.39488065413171,4.610355095249,-1.15081370784608,2.46299585378898,-1.41762973450522,-0.997418919627393,-1.64066869442755,0.428600588265511,0.238624073410368,2.72809115484234,-1.71005073311501,2.69188523414074,0.412636104982993,1.47083876298965,0.252279888978774,-2.12139180900422,-2.16077810838591,-1.93700222992917,-1.50262841268426,0.771589309469472,-3.22168201082997,-1.19775653613361,-2.13128935492715,-1.69837555591183,-2.11918835124513,-2.34413162643892,-2.36253087109864,-2.57128303375574,-2.14421645480708,-2.45184030601439,-2.17709570620321,-0.796325221987927,-1.25350120489603,-1.20284771831727,1.51471386045064,1.6777363835109,0.798845995996407,1.15113673546803,0.398488361270629,1.33732545260034,-2.45706606611792,-0.382175148332353,-1.55895371546735,-0.136448005225384,0.651693885983389,0.163801158217394,-0.577515326360601,0.119076894529042,-0.542694929654085,0.960422036568986,1.84289226146218,1.94352978830413,-0.0277810507196498,0.0469588874990836,1.02809618270987,-0.667095532954469,-2.12764790187824,-1.48240581600287,-3.21688677330197,-2.7321732646344,-0.0174196163537195,-0.183372453743733,-2.14626347516552,0.354791450890767,-0.488193637569023,-2.16732777843544,-2.85272101090053
-1.76902931334012,-2.01507642370596,-0.862888476350496,-2.40553305419002,-2.15028333576973,-2.55674555969953,0.453730625343157,0.216617835179724,-1.87471755123687,-0.222594647728186,-0.642370393603211,0.98662904452286,-0.0832728885703722,1,-0.45318959871823,4.50108176820627,3.47930174753386,3.23365504021078,2.49316907931098,2.53684657296301,2.86499962072199,5.01172178694684,3.63658895440099,2.03262348204058,0.550155600143552,0.191696195553915,3.54630256332285,3.03929210322172,1.07252842256582,3.28025921582856,1.54546396405764,-0.612938773581934,2.25954434620252,5.43225491223064,5.97400347334009,-2.11095444234164,2.89251194349903,-0.975075430095518,0.220064911801036,-1.51667301313517,0.831108500988478,0.039098478563641,4.33394948878864,-2.02989457137305,2.33721901413007,0.460202394865326,2.28524510564401,0.331652680769351,-3.43242442084165,-2.64811532202505,-1.98813015152733,-1.00167389122637,1.84403733912931,-3.97745016320556,-1.38520785978976,-2.53435787547679,-0.32610009425144,-1.21833533806869,-1.89050368920244,-2.89175159361089,-3.15282062324253,-2.79080757784156,-2.91637893707806,-3.22236722800371,-1.42436489286096,-1.88035762429831,-2.27942517137717,1.60821322867631,1.21463452714232,0.65966200106531,0.90004667833865,-0.137332544744492,1.02383303769564,-2.77701117584416,-1.1135278187016,-2.30792308595222,-0.122991841430993,0.276595511748134,1.34565504930475,0.263570851030668,-0.588353438985352,-2.5090681149612,-0.112648072675564,1.09995494871935,0.983651729936446,-0.948830856243547,-1.65107290481855,-0.217831783205896,-1.83374834647611,-2.9646146918886,-1.94470339021833,-3.11834143535345,-3.12522452943049,-0.0528361247598177,0.047591256407526,-2.68180567831426,0.444107207008545,-1.55934935526576,-3.07819935318902,-3.77073916710538
-1.67283165066686,-1.68004284433031,-1.8013587630746,-1.25301169147248,-1.65178532724437,-1.9444310978051,-0.962599209664611,-1.2327034236501,-2.34003541388221,-0.487665334090143,-0.225625052950264,-0.0705608742213362,-0.835023025881317,-0.45318959871823,1,2.99193241602119,2.77901866854429,2.12765361319421,1.5810191696652,1.85118872358611,2.087824196071,3.64954732991813,2.55160826708325,1.10627807047331,-0.136686141697558,-0.382255174186803,2.33682810311681,2.14549299895794,0.400059727114909,1.64674137412838,0.807396081558626,-0.563616981492361,1.46417037988059,4.22852144981291,4.14083797895608,-1.04571346542881,1.77334001723328,-0.968871382510671,-0.361423091708861,-1.22274328961907,0.495651313298315,-0.0682571829324878,2.60014192791075,-1.99715541973794,1.74793648174884,0.139719697250198,1.56608719816259,-0.0923383801972644,-2.00007732644458,-1.89699861900642,-1.30681876027911,-1.52177439864596,0.896514681699909,-2.78977841838854,-1.34580511441635,-1.0821073087384,-1.47648979278418,-1.85779024180793,-1.73855932303969,-1.53762327121271,-2.6101732108284,-1.49583881386602,-2.44080230151365,-2.34785157731596,-0.903021018335446,-1.17324124347756,-0.903858971537895,0.752001897630931,1.68378509035798,0.990866136106966,0.761318918297718,-0.364579171751551,0.002265217740824,-1.57415094373835,-0.742168434616634,-2.00996882929413,0.0839801183603048,-0.363494362056352,-0.0285056725322121,0.628172392066315,-0.0742011370900593,-0.360086324041871,0.745721335189583,1.62263714074687,0.693688132725854,-0.149200904263988,-0.870359041469558,0.117012406180436,-0.518177182627235,-1.60618198851293,-0.464208813570334,-2.07028566898691,-2.41604688137322,0.152418270070594,0.0639249407794606,-2.07958648845164,0.457138675905999,-0.799731258751125,-1.96138089536661,-2.3309512739217
-0.269102331733415,2.55928932659948,2.69441071761362,0.422154250975562,2.99611759599859,1.16803075081856,0.64803212862163,3.33070855175692,1.44672977444042,3.49270120974681,2.7729317361876,2.73832264446548,2.96564282512922,4.50108176820627,2.99193241602119,1,1.87466221924441,2.84676254711248,4.20153118344633,-2.19103730794951,1.98255686764689,3.00091219574988,2.34990640099901,-3.44408976045596,2.3588993725528,2.53675434669412,-0.707504290258847,0.249719592610434,-0.397219919044041,0.349123568179593,0.543796110747401,0.680293068731542,-2.33503717169846,3.08942882223089,1.53721325382077,-2.68784356642395,2.82869202161635,-1.96124060471123,-4.23904284533188,-2.38101816363356,-3.92562074685921,-3.4716916638831,0.543709651034704,-3.22694683381716,0.455000885464597,-3.74420927616258,-3.32253323139139,-4.05272491197229,-3.37734061361928,-3.73396007709041,1.64286450696059,3.06906211640209,5.80749965147037,1.78506726560278,3.87391043303572,-0.531701984084543,3.74201323795758,1.99787877872787,2.67825364825904,1.66508609607697,1.12964953218766,-0.758519661611653,0.29884260809614,-0.752165522401824,1.71143100961114,-0.24150967737611,-1.96208530908888,3.83634836482572,3.69229124832277,3.44483928781767,1.63025619634177,0.995825216710993,3.5189075960245,-1.31628753061103,0.50390548219161,-0.766877197889497,-0.121849700634438,0.274592027237035,-1.64345942720043,-2.72033458802213,-3.24028547486786,-0.601174469887858,-1.76491685048192,1.1841952323607,-1.32326569535737,-0.750791882063577,0.0725679882077201,-0.597306143034,0.154357135811773,-5.87726434921023,-4.51625864733956,-3.100345420591,-2.10133558444968,-2.55635044932795,-3.87800947785362,-2.35213211188179,-3.55933259378102,-2.14439394645739,-1.90415294318722,-1.31123955765143
1.19315699482537,2.59876630373039,2.42073302600758,0.363615351154298,1.854193100534,1.11151876547123,1.8852740729789,3.83083833552924,1.51285126433751,2.60897922813199,1.44963890014698,1.35516946367979,3.2569609982096,3.47930174753386,2.77901866854429,1.87466221924441,1,1.4943839133433,1.82481306850109,-0.667085383987315,0.310047779228855,0.807051877834057,1.42009513842333,-1.83776974300162,1.00137612520897,0.571673260193427,-1.23953840573983,-1.90039908489218,0.297167351512621,-0.39281755316329,0.669270930762275,2.12638859421592,-0.591266105843443,0.223401388568463,-0.0775969411082555,-1.27829638506891,0.155140111428111,0.213322630082934,-0.917784775354573,-0.307046482312302,-1.27912545846672,-1.84840629836971,0.479535927027067,-1.01973900151838,-0.976756534066746,-1.62489564949834,-1.58388880036159,-1.25764877941215,-1.78061704227422,-1.06215124077696,1.92617791898874,2.36076047459062,3.29879725955652,1.26067820627416,1.54894139539436,-0.0681613814714221,3.81956726217718,2.2126641733532,2.24003908371187,1.1456647832577,0.77616437683353,0.201975411309446,0.552503824531023,-0.113892866131948,0.544950756130241,0.0483080485583738,-1.00639153105235,1.31453898288059,0.326150629000451,1.17825425998491,0.646218525896259,-0.469876801094404,1.49705295285685,-0.0835202096807577,-0.559861796605254,-1.03125268796842,-0.235060560969318,-0.642052925388074,0.16397973010799,-0.66635411135464,-2.88161028112149,-1.96369860403483,-2.24647270741491,-1.20010592890865,-2.2306905604334,-1.1716561847891,-1.95164967433258,-1.82364882371263,-0.44262088272384,-2.5504300346777,-2.16628077107025,-0.513661516086837,-0.565887090392937,-1.63487686613139,-1.82768364596026,-0.34262833520455,-1.71423543041014,-1.14550083331794,-0.622833808846792,-0.306554823367081
-0.434200690008628,1.96943221604573,1.8626804897716,0.366455611852953,2.21605574164595,0.623738574471858,-0.0122804220588506,2.56289233122707,0.7231626495398,2.70383137357081,1.96064984300896,1.80372548269298,2.44625141866613,3.23365504021078,2.12765361319421,2.84676254711248,1.4943839133433,1,3.0081455713058,-1.4885343041411,1.3821940173434,2.80694445349841,2.01021311181607,-2.65349167241304,1.40518107406116,1.45304201594036,-0.445617838540329,0.114487079561383,-0.510294482735772,0.332033549660752,0.910170810882818,1.20794025467367,-0.994589782994914,3.18229972478234,2.05832285234328,-2.43455232103825,2.32413956619701,-1.19453991631744,-2.81152286830213,-2.09533406413797,-2.55903249248312,-2.55184984841441,1.29656132813021,-2.54600038846486,0.437656484117495,-2.47097963376957,-1.81389179954066,-3.14430049828604,-2.91146756575732,-2.98708032867669,1.14134087183905,2.1179319861957,4.65794499572147,1.12921795924771,2.5690039436862,-0.517698005905846,2.8247476381444,1.35042756616645,1.76103673651708,1.00566919809416,0.147036969663572,-0.405621753399687,-0.212160446621516,-1.13306970119557,0.715369904002631,-0.315010987544497,-1.85916761988453,2.65274818490668,2.94570230128936,2.50841693178608,0.887537658981381,0.15355856008129,1.97807443329102,-1.05493426359246,-0.352354347539252,-1.51145550052829,-0.378078195001894,-0.591030667827416,-0.997466271229404,-1.46155064253325,-2.79388972837733,-0.405015886344478,-1.20347254273954,1.06471281858234,-1.64508689693088,-0.49721986320644,-0.70219937511019,-1.02210663155566,-0.408695100224298,-4.44472665150715,-3.11865559545588,-2.1664160951931,-2.0059975604828,-1.49286549174605,-2.86840234127586,-1.89971409965355,-2.29391809066545,-1.99644790814177,-1.77859366590643,-1.30694074378149
-0.473799434552913,0.870815489606896,1.36205547699971,-0.750227068455603,0.596016116274666,-0.551304029344709,0.666913044877434,2.70162083912374,0.113724856843385,1.93867357582567,0.863950283831825,1.45043229037242,2.3253248447656,2.49316907931098,1.5810191696652,4.20153118344633,1.82481306850109,3.0081455713058,1,0.489564968993931,1.62417577893329,3.90867043053565,3.01910704668578,-0.604353184168153,0.91816664914645,0.476586183284059,0.65341500585698,0.341322386863699,0.168153590846109,1.45082086203832,1.63083573705293,1.60566491722292,1.05307521173156,4.18879832117145,3.96838559393468,-2.52532469334867,2.13919500824943,-0.58997557538549,-0.756408439302353,-1.44401043875991,-0.735240374007714,-1.45594962060429,3.1631503809847,-2.39242799807593,0.383422291230985,-1.1811445086037,0.235228445850589,-1.54797509174967,-3.52969701566434,-2.79695542755558,0.588125867494878,1.34146900465507,3.86702971819277,-1.09475811822186,0.742432870739985,-1.06074651763552,2.59286343607153,0.951077212602094,0.506528105137324,-0.755962962277666,-1.67043269328353,-1.34645191364981,-1.47118074530997,-2.36885131185453,-0.697318677350292,-1.05638892627964,-2.17689591155807,1.78045695866184,1.63327937291101,1.56865092666416,0.440311086910882,-0.646454196656328,1.05932840474022,-1.38984486083851,-1.48437989410073,-2.62283942338103,-0.547346407731991,-0.961682557797585,0.704870208738987,0.0567718364129726,-2.71379577598351,-2.1116640833132,-1.42631198559652,0.525033448017691,-1.74225464615439,-0.979521220992397,-2.34459923503624,-1.65876137347412,-1.40112129845216,-3.86529086905816,-2.49208885455052,-2.0163621647633,-2.49210451042597,-0.792301655828116,-1.47931125091287,-2.13423470696231,-0.964446974930043,-2.15754804841578,-2.34654167773996,-2.38352927598711
0.120864377438985,1.4151635351965,2.35634159642587,0.845353604119315,2.47518522471269,1.55383642246901,1.63570731298696,1.96894576947794,2.66349594496133,2.87635329389423,1.4259382527332,2.67915714554542,1.82203634094935,2.53684657296301,1.85118872358611,-2.19103730794951,-0.667085383987315,-1.4885343041411,0.489564968993931,1,-0.533034408517623,-1.0671925089039,-1.88577560903345,-0.6869351840549,3.02262896745765,2.62965021757255,-1.9755156487173,-1.14164992094761,0.573529954057094,0.503620253435599,0.163051649216415,-0.392653174703806,-1.56067326945699,-2.3687478052557,-2.69787687781399,-0.787832468269338,0.992467755913798,-0.427533527114693,-0.483778086352251,0.41072426377199,-2.76164087222458,-0.623273042497706,-1.47498687113907,0.365760918568297,-0.87717079626308,-1.67565440558848,-2.25937667167055,-1.49469842656642,0.122787783602714,0.0529314752169207,-0.28114184239472,1.89939027023028,1.34970385390825,2.76341264277966,3.19581930547961,-0.209357947296075,1.8035235780075,2.78827678760895,3.46413741632775,2.27677166933673,4.16521820550493,-0.258048589475676,2.86584371887282,1.81950121693858,2.46367331148266,0.488316825410045,-0.918774026238321,1.45136854580174,0.3129596669163,0.353555621138768,0.148108262095463,2.06654509073456,1.33110504283346,0.10011845311606,2.62571557206394,3.74342176762976,0.622659188910584,2.47280406251917,-0.351908895919039,-1.75943166812634,0.930723622855687,-0.912374727734363,-1.90998203433708,-0.59878039200863,0.515260771613334,-0.785019685094805,1.61311981392142,0.623712927277986,0.644176348488082,-1.24969648406937,-1.68421616424568,0.148864622954241,1.92931557968045,-1.61307584050181,-0.446614297944927,0.129327176179958,-1.79558421052552,-0.943843770637257,0.255622206710501,0.939883668580044
0.504198666652272,1.66591465920708,2.13339241020946,-0.0933209585659538,1.34527194976659,0.552990748782339,1.41762717870645,3.12001337617869,1.24554610406904,2.18383658406798,0.950157699453259,1.54519424710936,2.63368614119354,2.86499962072199,2.087824196071,1.98255686764689,0.310047779228855,1.3821940173434,1.62417577893329,-0.533034408517623,1,1.48109703212411,1.3357252085503,-1.01477444844561,1.11387151344816,0.905454131300514,-0.403100532594529,-0.762285453089171,0.387863410590851,0.507589586865991,0.92356537430744,1.50324757896641,0.0529882407505457,1.10585865145467,1.0422793733538,-1.69598867661785,1.01064370818906,-0.0324956050699656,-0.603256739746131,-0.590190457793733,-1.0796834275622,-1.27613823146097,1.2500136519413,-0.918982473665331,-0.285341002733499,-1.15388770401526,-0.799247657232067,-1.16141504478236,-1.97527461799601,-1.30849946206181,0.863174464194277,1.87842837384866,2.9411169834274,0.601313132734093,1.41805895769616,-0.645988165563744,3.04789336476922,1.84486880119217,1.57828999713415,0.371783079373159,0.345098520626074,-0.358694640788096,0.179341162640006,-0.584293148133014,0.200969026373662,-0.279276233709542,-1.47720420470942,1.41077184338127,0.505624839453489,0.872852187809511,0.386135529780717,-0.173949491699519,1.29369707364843,-0.561305265565459,-0.514893695821134,-0.828445196360627,-0.320093861986634,-0.233606111963685,0.53232040231851,-0.598052318526328,-2.12143673792581,-1.91203436165712,-1.80575825374426,-0.652531374625654,-1.49713886055541,-1.04973246205786,-1.54280498687397,-1.4197483253714,-0.893020999924279,-2.62091376046815,-2.12969460502815,-0.898817473036501,-0.824893579451345,-1.09326356463066,-1.38565513007476,-0.686381648416289,-1.26774723269213,-1.35209746075794,-1.03583215756912,-0.82555207584063
1.04613548770333,3.27414588474801,2.55757354983347,0.42386065822271,2.42303962034974,1.27222810253647,1.92475034686211,4.2719263871184,1.14988172155983,3.17534874595717,2.45435868573189,1.74901440423423,3.68639535425095,5.01172178694684,3.64954732991813,3.00091219574988,0.807051877834057,2.80694445349841,3.90867043053565,-1.0671925089039,1.48109703212411,1,2.67368678785679,-3.44531425613715,1.28133537087292,1.05741279062812,-0.892815536530808,-1.27333741354215,0.145269315307028,-0.586216894978993,0.370328513049965,1.7782337934119,-2.05532311396178,1.35767990459371,0.34214901916046,-1.71576437780781,0.935303864035107,-0.687368996790317,-3.1728446261954,-1.46499455688619,-2.5045261798831,-3.2927817486009,0.280545602853986,-2.27331560517459,-0.212237169426596,-2.88744274660295,-2.97419143696384,-2.38391602020517,-2.75830806917717,-2.35927582750968,2.48945757752559,2.94089618052315,5.09616356007104,1.65192662364407,2.42484449365854,-0.419119517649155,4.43915990577924,1.99761093590102,2.62048116415312,1.69586895433047,0.891373311035341,0.0974424868530239,0.345644821358011,-0.252541740227233,1.24922010673677,0.0603167300179164,-1.22140298861367,2.82942624069518,1.92272446205288,2.64994067199971,1.86475508749325,-0.144540136012847,3.29475248090997,-0.785916381690096,-0.308300825678234,-1.6451117160764,-0.1779353663656,-0.598172747404126,-1.02850894776872,-2.11543270541022,-4.09355580941375,-1.61093258187199,-2.33408594876477,-0.558603012278283,-2.20445931579335,-1.20155993626677,-1.58563773436407,-1.60285035316455,0.0579570288723681,-4.46859781670108,-3.82104809745905,-2.12481644500747,-1.67601057136792,-2.77853826806657,-3.56288153868508,-1.12574765459655,-3.05948016522622,-1.27415719426746,-1.22033602029567,-0.810159975375577
-0.426514767639825,1.99456377018214,2.30150128919762,0.390060625483464,2.51047567190081,0.784689271099458,0.606605768665518,2.93049719022858,1.33986232977165,3.31506023110822,2.25393669652476,2.48819812068112,2.75715447703713,3.63658895440099,2.55160826708325,2.34990640099901,1.42009513842333,2.01021311181607,3.01910704668578,-1.88577560903345,1.3357252085503,2.67368678785679,1,-2.32577424451053,2.27614950531148,2.00334881903562,-0.915964738866562,-0.172249789946699,-0.210374190874172,0.682737995819012,0.976478644455409,0.942279398526685,-1.20088089887897,2.60884326719626,1.51838153017212,-2.50523437521629,2.50997415879183,-1.33309036642994,-2.58019291244811,-1.65837254072596,-3.07725208196968,-2.42632806122192,1.02409671282015,-2.5553622183444,-0.0195053732005219,-2.82381483559409,-2.18342578509187,-3.23507253556073,-2.87701143944653,-2.92365922161225,1.04969758495889,2.44414185448418,4.72170611785685,1.37545550795991,3.10606158033561,-0.511987317351086,3.1069756993557,2.01303396191197,2.49947544787634,1.3552737157792,1.05478286196908,-0.822381734181505,0.396028510345458,-0.78744349081741,1.29823758651711,-0.293516288658966,-1.97201874100367,2.84578862608992,2.81107861192394,2.51442161567189,0.863566060224098,0.747566914214898,2.16815321292442,-1.01387016899151,0.379538720392129,-0.439576149509628,-0.184734741547194,0.25565284925888,-0.841388618116246,-1.62718542550742,-2.32905758142552,-0.904465338166617,-1.80334912900411,0.947654833201867,-1.33915647541537,-0.731849813254709,-0.325732221255083,-0.712153241483791,-0.0898352295559442,-4.62689039098433,-3.40177569551392,-2.12824876225841,-1.44930774062764,-1.91415106356784,-2.5679470344508,-1.98737087044662,-2.5464181484893,-2.22083600558342,-1.69397543840518,-1.1811506394298
1.39989317545527,1.02558749628668,0.886251323718703,0.383834770138553,0.593623554926277,0.97899931373744,3.14503653567994,1.56185668425023,1.51030499763537,1.16204759424036,0.0790140182761372,1.19545016898322,1.2302631417885,2.03262348204058,1.10627807047331,-3.44408976045596,-1.83776974300162,-2.65349167241304,-0.604353184168153,-0.6869351840549,-1.01477444844561,-3.44531425613715,-2.32577424451053,1,1.47977258740969,0.896750108127604,-0.911489206998676,-1.82458520951147,1.74489501554738,-0.203736343001609,-0.707559880345971,-0.296973235675018,-0.73604682228413,-5.44523032134246,-4.68331566763716,1.14402701722526,-1.49759531163008,1.55896599714731,1.77748990418153,1.90551474534852,0.0569410812597317,0.47613627541036,-2.21952952839538,2.96104819882085,-0.792813772058796,0.613031579097996,-0.954756694260177,1.98088552325091,2.09956352203334,2.9133625255865,-1.04656914404654,0.379260561618749,-1.40684247761786,1.78538583981055,0.157973728620727,-0.751273407107692,0.855537559997604,1.66895092863501,2.31809970822935,1.48414298284757,4.01128724895569,0.662208464362837,2.86414452168914,2.74371549870355,1.76733535139037,0.716714112275351,0.276494448872959,-0.290627297720825,-2.80883327212825,-1.82830147230955,0.636793002858329,1.07190008048347,0.817241226611658,0.403056756857066,2.30917517304204,3.82110661593197,0.927608660728774,2.40635785427546,0.694267245292647,-1.04029512614779,1.81917959161526,-1.99419496347188,-1.77932430625795,-3.08308862303259,1.30700029990671,-1.25244665615804,0.622223249492552,0.240893458329904,0.27970216502786,2.12006702340136,0.0958551160397823,1.59397741561614,3.11179622148092,-1.28252429681507,0.971655865690132,2.29581554930078,-0.275091958949078,0.965356579705525,1.4302699607548,1.73105335407432
0.255447665518292,-1.19544264533314,-1.2536890478181,-1.84870208495399,-2.92791982829888,-2.13879768678924,1.12933528949121,0.287751453834168,-2.34780438082316,-1.76415643585517,-1.51734527806432,-1.15946472759349,-0.089223568840231,0.550155600143552,-0.136686141697558,2.3588993725528,1.00137612520897,1.40518107406116,0.91816664914645,3.02262896745765,1.11387151344816,1.28133537087292,2.27614950531148,1.47977258740969,1,-1.92816823886878,3.3656876031728,1.56358614879687,1.20942392861148,1.18047810388389,0.625371313664911,0.386837957382489,2.1489712012419,1.55174375960179,3.0022452623563,-0.264257207575026,-0.0114887062659967,1.32305678486802,1.55697131048658,-0.387998448565924,3.15933322371629,1.02520775434142,2.91739108844673,1.04600287779774,1.82704937806722,2.66248254195833,2.77641285737746,2.93447994025228,-0.788777912252089,0.499669901533982,-1.44292986482032,-1.55326365300732,-0.475201485847515,-2.99653018876728,-3.40718852765477,-2.53329501140579,-0.285620167875882,-1.68304800360831,-2.58764996086358,-2.858110067932,-2.8328273761907,-0.400235561105183,-2.08569501631025,-1.40529774124209,-2.09512060396657,-0.765824395263628,-0.819793860383595,-0.326338672738306,-1.64608428117182,-1.48833716174241,0.704908643507949,-1.5553328500701,0.33310856256329,-1.70145040491516,-2.10225288861408,-2.81873022271453,-0.754588076311962,-0.864677793454219,1.95201354702566,0.574147468002599,-0.902015586963286,-2.07025166386674,0.131586077065432,-1.19684218251173,0.418428967787641,-0.603968678008991,-2.58188537376083,-1.03869277448289,-2.08008677488085,0.547571113118417,-0.0696857322564415,-1.11281965817923,-1.71319914145877,0.578773058244771,0.554351616504404,0.423052284509058,1.75554311344046,0.503258663769702,-1.03672326185654,-1.91202168056232
0.578834370448753,-0.426523461867527,-0.913043659097942,-1.20167609740698,-2.06461744704316,-1.66762052886771,0.562621443768454,0.610227287750275,-1.77377318475048,-1.54145773413438,-1.05088494212435,-1.09980375667198,0.0842904954557967,0.191696195553915,-0.382255174186803,2.53675434669412,0.571673260193427,1.45304201594036,0.476586183284059,2.62965021757255,0.905454131300514,1.05741279062812,2.00334881903562,0.896750108127604,-1.92816823886878,1,2.39123023001897,0.989499788244867,0.285535952036919,0.319017030777173,0.271947114094041,1.1930479034469,1.99835290043951,1.74526944026701,2.63612667923081,-0.324997065181108,-0.244741013304986,1.53021583252675,1.34697150657715,-0.345366922972959,2.93385966649234,0.29383582881202,2.33776691904839,0.822475062485167,0.877186590561194,2.04009464489934,2.18104362684707,2.01923066014796,-0.648532968995515,0.267881262374878,-0.511332315032739,-0.902694269694027,0.159437210924969,-2.51762648362405,-3.08814564846297,-1.55503689801094,0.407384872309336,-1.3576533669576,-2.3689260965986,-2.68230604917887,-2.98904533675189,-0.0614040791205917,-2.10894167297434,-1.66684827864763,-2.20800268050979,-0.696577650808201,-0.682496465740791,-0.519314451385263,-1.36861009102307,-1.21048728124157,0.303421269220199,-1.83761185134639,-0.151195537927516,-1.14511972106479,-2.49685121612978,-3.22861053419475,-0.991452613414055,-1.51827263922078,1.71489877667053,1.00002536884206,-1.45204699223956,-1.42254967476789,0.104117138883789,-1.01181989183806,-0.429062093781774,-0.2505081774155,-2.41664469994193,-1.52248060080154,-2.14201604022258,0.361926304904889,0.196973300896682,-0.562206065876667,-1.61235632616043,0.857165303035183,0.116869725828945,0.386922869423931,1.5441322088774,0.128026548687656,-0.764542416780262,-1.45805100410858
1.29331105766588,3.17024631078822,3.1834881010475,1.20418184282102,3.43309863781323,2.26768276562317,2.91386409329254,4.24749184725738,3.56348502555518,3.99915580101273,1.96670899363518,3.08944985154918,3.49741855059225,3.54630256332285,2.33682810311681,-0.707504290258847,-1.23953840573983,-0.445617838540329,0.65341500585698,-1.9755156487173,-0.403100532594529,-0.892815536530808,-0.915964738866562,-0.911489206998676,3.3656876031728,2.39123023001897,1,-3.27934444505296,0.536565356694534,-0.40194481354884,0.122149156661718,1.60251961503965,-1.19167407187965,-2.59869998529494,-3.31550800012501,-0.710144583865479,-0.173468516650022,0.301925497263803,0.0804969292913642,1.0590671052173,-2.52790652506051,-2.11444327096152,-1.69941030464074,-0.165207872249411,-2.44567764253159,-2.61110372930524,-2.8791183357558,-1.7031058804751,-0.606078628225668,-0.0990742112651894,1.45595730381867,3.06679048574281,2.70042807810475,2.78144934653497,2.99004797947045,0.874546350048474,4.04354586225269,3.81764225271977,4.49597742946963,2.6900449564958,3.87352313723407,-0.0574100366705653,2.61051566821691,1.24100794644835,2.20630318020964,0.209127215937085,-0.81815304542261,1.20977227756593,-0.384760147968568,0.784555831189062,0.362212444327875,1.05132115926891,1.21733780000543,0.78776289595578,1.82257021070188,2.65718385150177,0.994858712394426,1.35171239899192,-0.0194136099436776,-0.839557712202183,-0.722269096658196,-2.4791297259646,-3.2218510680879,-2.05527846496976,-1.37965008433616,-1.70129971834658,-0.176575148464569,-1.16057967080817,0.272696201607889,-1.74128714405615,-1.8251661139799,1.00949451975668,1.97225081107263,-2.21875260042039,-0.991600188117365,0.035857386402705,-2.43824331735357,-1.446092394413,0.160947120748178,1.05444997491498
2.10914712496803,3.95129714487219,2.86158739311732,1.51340088876544,3.30510310203768,2.53517762830512,2.30886047460803,4.392674886843,2.98405516009662,3.21916730417548,1.67282488988486,1.60814920928154,3.65845097805465,3.03929210322172,2.14549299895794,0.249719592610434,-1.90039908489218,0.114487079561383,0.341322386863699,-1.14164992094761,-0.762285453089171,-1.27333741354215,-0.172249789946699,-1.82458520951147,1.56358614879687,0.989499788244867,-3.27934444505296,1,-0.0210068888023678,-1.81915092634925,-0.253906947941691,2.92169090912027,-1.00914795015206,-2.47895165819616,-3.29772856242453,-0.161608163504929,-1.59849024387964,0.95501608341624,-0.128479570811623,0.947502961959884,-1.51357934834489,-2.58285603654635,-1.77918759881315,-0.170091245548415,-2.69289294659617,-2.3205557104366,-2.67702959028109,-1.4044317585056,-0.468883808461126,0.163786378682164,2.85490144889267,3.08293407165872,2.60530593328531,2.75218288111472,2.02737178149599,1.7037343192761,4.42963864988174,3.14894677372133,3.6050276608645,2.48179043230993,2.30689206807644,1.09080580280899,1.74151923699781,0.849312432052762,1.11578298502192,0.394099909121266,0.0025368009576201,0.35223831076452,-0.745030735263082,0.837162275301063,0.292117716270589,-0.517218270876432,0.696605973667577,1.52832854844677,0.131432309953114,0.409579819288017,0.552398716680689,-0.724919172215367,-0.196081640967339,-0.110059847334176,-2.30690792965461,-1.85070734207344,-2.66150117587128,-2.47454971607162,-2.92279113591907,-1.41229025986761,-1.48873891635601,-2.33183674065831,0.105995773402997,-1.10115598779136,-1.03618247862862,1.64722378802131,1.32355688720576,-1.68864143720061,-1.59666979148465,0.608552819081681,-2.15690437992167,-0.740849637676882,0.564923955855305,1.45314777459676
-0.111513284823367,-0.500888984955074,-0.0931909980781842,-0.61504920087067,-0.672252501708807,-0.865486854205653,1.77548431605986,0.766509768180239,-0.021169555860905,0.693748205455883,-0.0818686834855,1.09723704251048,0.599711841124533,1.07252842256582,0.400059727114909,-0.397219919044041,0.297167351512621,-0.510294482735772,0.168153590846109,0.573529954057094,0.387863410590851,0.145269315307028,-0.210374190874172,1.74489501554738,1.20942392861148,0.285535952036919,0.536565356694534,-0.0210068888023678,1,1.36349427962998,0.514992702273858,-0.157467882219266,1.05863232336328,-0.721308877946909,-0.0141599331701267,-0.321615746890714,0.457989895476194,0.810445345427625,1.91152469073704,0.828360203597852,0.659007206422435,0.75545325220421,0.85097734742714,0.942412809765252,-0.109085376840566,0.830941274440425,0.864128933960574,1.35028917066933,-0.0119444860509161,0.767921434770043,-1.58801953978993,-0.438411502354464,-0.200696141582321,-0.854282273798078,-0.848294831087696,-1.38694334305838,0.124750994403744,0.51721996721392,0.548871361791392,-0.512596496419704,0.952912982055288,-0.94747263095377,0.47440676727557,0.0593886204046844,0.31446567594352,-0.38794715501636,-0.928194576036852,0.0605243577030443,-1.22973621486692,-1.09578131318316,0.2240976791268,0.491482228680303,0.0147264613900071,-0.824952507657595,0.790210399126619,1.30790625213025,0.20561286013242,1.49404041583756,1.3445835198335,0.228488547164822,1.19517388642904,-2.10881672144684,-1.24574173088247,-1.02861891476668,1.03684134879308,-0.867580288083957,-0.401197871286745,0.0315624035166571,-0.630722662166756,0.373585634279181,-0.20391732083625,0.012444194876899,0.763630163943616,-0.467481696934043,1.24952901406275,0.182796127571314,0.59421083075337,-0.488794019651132,-0.387059987168895,-0.574883276179143
1.25039384173415,1.91457838071624,0.972063722930998,0.026668628738017,0.813457582803963,0.593673319531755,3.12166492500732,3.00665041581588,0.767152714596239,1.83329752891295,0.718244630246354,1.25597159392602,2.41192147859609,3.28025921582856,1.64674137412838,0.349123568179593,-0.39281755316329,0.332033549660752,1.45082086203832,0.503620253435599,0.507589586865991,-0.586216894978993,0.682737995819012,-0.203736343001609,1.18047810388389,0.319017030777173,-0.40194481354884,-1.81915092634925,1.36349427962998,1,-0.045822701387635,1.09930596048372,-0.351769491234105,-1.97078671060712,-1.86721904448382,0.0840733847118356,-0.820609788666922,1.03910184596864,0.576611588465787,0.613704870391911,-0.0295439285674746,-1.35944914868331,-0.388740096905646,0.630356836823703,-0.506117135993328,-0.485024148025235,-0.982197653291241,0.894923767069264,-0.485719452110411,0.684876709511804,0.297367791448009,1.03316537816189,1.34851501488226,0.638828199764561,-0.0562260797968765,-0.77241883752386,2.36657462544312,1.35811656654144,2.02906726127284,0.964332535072413,1.72313311633903,0.123142136800009,0.965966118816859,0.650867061660857,0.864433976579739,-0.0798727607425768,-0.463195663761541,0.696592172096099,-1.31583318892244,-0.125328352662012,1.38100094004992,-0.143053115736778,1.54998482788457,-0.282703682452317,0.583668735740994,0.5730258945102,0.769844593118825,0.549877156174726,0.444742470087823,-0.732613058377806,-0.923551160818654,-2.85315252782075,-2.17019037428469,-2.58419823480758,-0.517957409794665,-1.71786118168677,-1.44477682529267,-1.24181808514092,-0.338567383562461,-0.425558120134139,-1.30580622209617,0.181312730475881,0.720243791355026,-1.86936764404082,-0.654971161288401,0.61610853302375,-1.09931173866379,-0.0558363842423933,-0.204924168073367,0.0480959236366676
0.115149322825528,0.543911854449364,-0.000791559239115447,-0.108183019537911,0.252517292949551,0.182888685960947,1.04097147806848,0.706173219015271,-0.208172126922726,0.700256230031938,0.684222469325206,0.481744531227139,0.543200831459895,1.54546396405764,0.807396081558626,0.543796110747401,0.669270930762275,0.910170810882818,1.63083573705293,0.163051649216415,0.92356537430744,0.370328513049965,0.976478644455409,-0.707559880345971,0.625371313664911,0.271947114094041,0.122149156661718,-0.253906947941691,0.514992702273858,-0.045822701387635,1,-0.360621749122797,-1.08306155168704,-0.0844821764670206,-0.463948097927926,0.133681982576244,0.0656413706162359,-0.558683585662813,-1.14559964072189,-0.335616473467716,-0.770394811938064,-1.0915113846672,-0.448446227597053,-0.780536256677797,0.389974439469232,-0.916714039670967,-1.07181797056656,-0.196941597268076,-0.659950513500386,-0.52911327158214,0.319073294826757,0.256471230335892,1.00432578573978,0.148957564892582,0.378442414000208,-0.307955484704473,0.520083802089569,0.0612968554264862,0.837856489251182,0.803505479558868,0.676631174917195,-0.19732140833275,0.140233978532553,0.281342879159159,0.906268685211427,-0.0235221454326597,0.020198228915222,1.03696512385798,0.564123542348943,0.962033205524771,1.28558590618213,0.359418650104085,1.49066455214569,-0.506001490806492,0.724979956889967,0.154520645043186,0.704624748188547,0.449228354795551,-0.789724992590164,-1.0527563720128,-0.580626883951042,-0.700552173590321,-0.566304459417334,-0.347736953796694,0.236557119533621,-0.624093919901516,-0.117120953557057,0.147826174595013,0.553769519317619,-1.05325178503365,-1.20590779076955,-0.935851911469646,-0.336548975456249,-1.41103714240439,-0.921497994183971,-0.458740693332281,-1.11902695089087,0.0537460961633455,-0.420193432971638,-0.358053534212678
-1.52205128873815,-1.71977328100399,-0.668581018744267,-0.803435771442139,-0.657796048792531,-0.587723832845601,-1.29805823993098,-2.08261127304516,-0.863677044301624,-0.883152021347845,0.13549469283669,0.281635637642946,-1.85188049753337,-0.612938773581934,-0.563616981492361,0.680293068731542,2.12638859421592,1.20794025467367,1.60566491722292,-0.392653174703806,1.50324757896641,1.7782337934119,0.942279398526685,-0.296973235675018,0.386837957382489,1.1930479034469,1.60251961503965,2.92169090912027,-0.157467882219266,1.09930596048372,-0.360621749122797,1,-1.46045805216071,2.36022880690211,1.85282574607555,-0.400122682300384,1.98206596306659,-2.46599784620745,-2.77692831419844,-1.46504362358092,-1.60428477896244,-0.141721880942892,0.00100262441782755,-1.79888070847392,1.96743916651328,-1.02776731935069,-0.734450362260031,-1.28276160773625,-0.887836545738433,-1.98301106665962,-0.758146024043074,-0.509656854982902,0.298078642382848,-0.750677848121539,1.18100437268897,-0.528083633350819,-1.73839998591629,-1.2669296795433,-1.03898163901933,-0.378816815941346,-0.499371750727966,-1.26041023509718,-0.784139188527678,-0.384251541229098,0.694232695153374,-0.273912481678783,-0.00995267735832675,1.70042104972974,2.45343425564336,1.5939779209278,0.883097836903844,1.54348667895731,1.74546768682877,-1.17836756763482,1.087151562898,0.462912123047416,0.288576152117388,1.29717836394605,-1.44070270453166,-1.7503938850306,0.613541618369418,1.48262523369344,1.36991165866197,2.42790090071432,2.06674692363167,0.648872193931737,2.22681289749747,2.16918128295011,1.00237183377569,-1.98568421634038,-1.44172924538328,-2.64513013009967,-1.47730422112887,-0.379807452875675,-0.873469811775807,-1.70957565682936,-0.874528555782729,0.129871501673696,-0.837354474399879,-1.06369680924099
0.793929551006191,1.13171782103018,1.29216772307642,0.472958412639027,1.44963308311113,1.57800387208254,2.28399675622505,1.15021202401812,1.77976500336308,1.52478627123607,1.10929575868673,1.66748956196779,0.801619807027606,2.25954434620252,1.46417037988059,-2.33503717169846,-0.591266105843443,-0.994589782994914,1.05307521173156,-1.56067326945699,0.0529882407505457,-2.05532311396178,-1.20088089887897,-0.73604682228413,2.1489712012419,1.99835290043951,-1.19167407187965,-1.00914795015206,1.05863232336328,-0.351769491234105,-1.08306155168704,-1.46045805216071,1,-3.65294252494211,-4.01362694225674,0.83833036434528,-0.470477983313909,-0.676176420714686,-1.35283666207011,0.748985068699706,-2.24020735258627,-0.937956518825504,-3.01686871792086,0.473243901766017,-0.361017402073511,-1.67405102066683,-2.92014907530154,-0.307386414329875,0.884140196721557,0.675998464499732,0.22203660292555,1.23001691883698,0.170029845336958,2.20096825846142,2.18478130181122,0.100713194541588,0.979448650437242,1.58603806230154,2.69146436131707,2.34774128311352,3.94756145398345,0.0456094743954873,2.52689184071794,2.50789753083655,2.75721322266906,0.696009993639706,0.585833964333077,1.32907803848195,-0.265606228628343,0.562530075809208,1.41871947411571,2.04798298628205,2.46428047207025,0.202449753915266,3.01731624692178,3.72437280709413,1.34595099604084,2.67964640621715,-1.1676434654331,-2.44569836674687,0.904560822377338,-0.760905810234777,-1.31227953749891,-1.28366413400199,1.45933653117567,-0.896032709413515,1.95688957699901,1.27887321429455,1.63261819088459,-0.414211667756941,-1.53123857332003,-0.194032362326281,1.89846255104245,-2.26092758332524,-0.733943385278528,0.600258043454241,-2.08153758782952,0.682076192074373,0.889189558556293,1.31145300799156
1.53917932104516,4.86127105893117,3.74553655375845,1.43136830074485,4.30902229205379,2.90281991325397,1.41116053019833,5.06118300725768,2.40994307155644,4.12638516313833,3.38546651255426,1.94936225637537,4.39488065413171,5.43225491223064,4.22852144981291,3.08942882223089,0.223401388568463,3.18229972478234,4.18879832117145,-2.3687478052557,1.10585865145467,1.35767990459371,2.60884326719626,-5.44523032134246,1.55174375960179,1.74526944026701,-2.59869998529494,-2.47895165819616,-0.721308877946909,-1.97078671060712,-0.0844821764670206,2.36022880690211,-3.65294252494211,1,-0.951551075173013,-1.64695775247813,0.471651096309199,-1.5003572479929,-5.09895070150095,-1.8431467206957,-4.26060852987756,-4.83546446033375,-1.25115939046561,-3.4153077210201,-0.983861063694234,-4.8013113217146,-5.00385616417757,-4.35419362662995,-3.03275398933931,-3.21623156701054,4.50035476719998,4.43113594816924,6.34712190695917,3.48077538222267,4.4163018770139,1.21471574491436,5.72296387204653,2.90146303253252,3.90428123626653,3.34124633999478,1.58843654317992,0.878938207878521,0.908670473866014,0.223439249217772,1.98716285353527,0.502634450222617,-0.618850843991972,3.35381873706471,3.09052332317063,4.14432075534902,1.95745240418895,-0.073501048992721,3.8678011072388,0.215261251846363,-0.145869014456518,-1.72256931168351,0.116735235280033,-1.32738722932323,-2.464848839542,-2.75449463732208,-5.40424657840474,-0.572369418493847,-2.40153566052548,-0.277491449503064,-3.54054288098277,-1.06843667283318,-1.19199175711425,-1.91225243837447,0.95187998744142,-5.59991534560686,-4.40724196069486,-1.90761202932847,-1.67078771255797,-3.3692802968834,-5.12259544676303,-1.41912636061996,-4.64596255528923,-1.36081216985442,-0.852247290767597,0.0787013675586272
1.6293128560352,5.09566666354157,3.72528406503696,1.73746317094495,4.83814952338854,3.29812929249029,2.55418594861253,5.29702783646174,3.06336181534962,5.00842350918397,3.73330949735264,2.9645133564336,4.610355095249,5.97400347334009,4.14083797895608,1.53721325382077,-0.0775969411082555,2.05832285234328,3.96838559393468,-2.69787687781399,1.0422793733538,0.34214901916046,1.51838153017212,-4.68331566763716,3.0022452623563,2.63612667923081,-3.31550800012501,-3.29772856242453,-0.0141599331701267,-1.86721904448382,-0.463948097927926,1.85282574607555,-4.01362694225674,-0.951551075173013,1,-1.11304029282958,0.150928085545261,-1.30288348417535,-4.40623861444578,-0.936401319612811,-4.77655044040257,-4.99317775773298,-2.54103085749926,-2.75757442935342,-1.51008366251349,-5.17719184059799,-5.70020896651932,-4.02087004420041,-2.2694476887071,-2.3391626801549,3.80359827123495,4.41016103832628,5.86549279374489,4.11055581399207,4.75459775178027,1.30826713187807,5.61140899860369,3.55384510060435,5.29251921350992,4.36512304284748,3.65700024984598,0.716183392840313,2.13116762761153,1.20620175490154,3.22113705827014,0.584971310821653,-0.462398949929027,3.40547906665875,2.46038245039244,3.83829095453654,2.37886449511023,0.8360884106311,4.02631204872448,0.419621392795207,1.56930110801228,0.60482781487394,1.10895443636489,0.161259885747827,-2.61921944923298,-3.03944738899067,-3.92097220041022,-1.32582633345415,-3.16308070298805,-1.17321058760763,-2.59996391336058,-1.69989463041914,-0.373197059305697,-1.44749788644173,1.48862227845039,-4.93389957221356,-4.27766616910871,-1.24618391695304,-0.156967897196741,-4.15769831677582,-4.53213216722712,-1.0698357872719,-5.05960003014276,-1.29273804583053,-0.464287213744272,0.751396405323777
-0.402788246638935,-1.04028453938639,-0.473980578176373,0.447929969521039,-0.285532886819051,-0.0780399472216227,-1.0099946715277,-1.63575542073412,0.270633977209994,-0.750476514360527,-0.85847650164887,-0.575009573508785,-1.15081370784608,-2.11095444234164,-1.04571346542881,-2.68784356642395,-1.27829638506891,-2.43455232103825,-2.52532469334867,-0.787832468269338,-1.69598867661785,-1.71576437780781,-2.50523437521629,1.14402701722526,-0.264257207575026,-0.324997065181108,-0.710144583865479,-0.161608163504929,-0.321615746890714,0.0840733847118356,0.133681982576244,-0.400122682300384,0.83833036434528,-1.64695775247813,-1.11304029282958,1,-0.41587562206572,0.675849067361158,1.8873241146343,0.945928811861875,0.710318329688218,1.92456407168612,-0.380014755355322,1.64482868067997,-0.585662344226605,1.40021169427753,1.18884294707455,0.749113092134282,1.79264095772232,1.60895197413312,-1.08176118418726,-0.885793152668732,-2.42417235818699,0.486066743448817,-0.314543608084979,0.338848284734246,-1.68802455949919,-0.0131428978115863,-0.292146668902422,-0.0683074843013226,0.724101321804711,0.403983355219104,0.931751750656453,0.820475577756042,-0.214609654003259,0.431401984929479,0.370009860658616,-1.57921659861053,-1.05862706506979,-1.61814431457628,-1.60629685769194,0.261157109198287,-2.10785275307173,0.834090091751071,0.417070806603835,1.57973920875236,-0.268032627064089,0.396933528676184,0.637399023185538,1.00409597988196,2.17112060968989,1.09498211687969,0.70885374161272,0.235561389139181,0.557936418304382,0.793820991401274,1.00261020824252,0.711421276047915,0.0821328075176532,2.47729901360562,2.00805011021492,1.78392637265724,1.6504851799772,1.41821961875277,1.9025043865815,1.07184309605671,1.48882351602417,0.32805961666647,1.04114160152578,1.06944788548197
1.40630776426507,2.28323962171778,1.27305614165118,-0.121153507653569,0.796220246039472,0.70870969292579,1.96824049749373,3.25608998109203,0.4058480782957,1.38889981640679,0.854503380183649,0.426137929590905,2.46299585378898,2.89251194349903,1.77334001723328,2.82869202161635,0.155140111428111,2.32413956619701,2.13919500824943,0.992467755913798,1.01064370818906,0.935303864035107,2.50997415879183,-1.49759531163008,-0.0114887062659967,-0.244741013304986,-0.173468516650022,-1.59849024387964,0.457989895476194,-0.820609788666922,0.0656413706162359,1.98206596306659,-0.470477983313909,0.471651096309199,0.150928085545261,-0.41587562206572,1,0.324580129521675,-1.03533112698172,-0.36588165189425,-0.220664533513988,-2.23462659152412,0.296869913560556,-1.1419817497703,-0.343446536549933,-1.27617737139659,-1.22765653742687,-0.359614138556869,-1.78084321503282,-0.968954608360505,2.06438693918381,1.55277650269186,2.71573825158279,0.0880604620910828,0.102375469346213,0.0765089423332441,3.150280540344,0.900699006429714,1.04834074260544,0.500309460447095,-0.55299159158478,0.339069283818102,-0.592525406189557,-0.572562658656043,-0.0760478696888536,-0.256163737422944,-0.325095625959378,0.998625457944603,-0.0658773558541803,1.21249174752387,1.4007606058444,-1.1517313880423,1.73814535919485,-0.214989449731703,-1.1334884678553,-2.17473500757563,0.208389543539532,-1.32346713492721,-0.11714293445865,-0.438959593252981,-3.21746943682231,-2.11788448398279,-1.53731442201851,-1.68316934227931,-1.98848489823306,-1.34523806560149,-2.53570969128657,-2.03034628564056,-0.54485017500454,-2.02427227326925,-1.76236072503976,-0.671917175147114,-1.19677758690394,-1.55142811337102,-1.97960939263242,-0.347604851458684,-1.50576450402872,-0.353517306738616,-0.754415635018557,-0.623519081262639
-0.714975334803162,-1.46936078275691,-0.19107613586096,-0.460437843658801,-0.347869103689741,0.157335596763582,0.33281088932918,-1.46589602732904,0.637571260729034,-0.382040522546245,-0.552938678721579,0.82734955038812,-1.41762973450522,-0.975075430095518,-0.968871382510671,-1.96124060471123,0.213322630082934,-1.19453991631744,-0.58997557538549,-0.427533527114693,-0.0324956050699656,-0.687368996790317,-1.33309036642994,1.55896599714731,1.32305678486802,1.53021583252675,0.301925497263803,0.95501608341624,0.810445345427625,1.03910184596864,-0.558683585662813,-2.46599784620745,-0.676176420714686,-1.5003572479929,-1.30288348417535,0.675849067361158,0.324580129521675,1,0.0272512749590981,0.667769724225945,-0.91443481755079,0.895566133493627,-1.33205582190992,0.384429400843135,0.534334227597616,-0.226168683687561,-0.389810695900905,0.301292226978377,0.832695904758146,0.406574633872725,-1.42461801362255,-0.530663065301514,-1.81245859318469,0.033888733926329,0.91393442551039,-0.0084945575611883,-1.65379562514965,0.0411024868900146,0.287606222113115,0.328790353029048,1.65408614321049,-0.926771514304253,0.933039949370003,1.05274995918498,1.17145539709211,-0.0252863106627811,0.486571351816418,0.2338185688711,-0.210986467829811,-0.248490409958304,0.160757565758409,1.86699271513981,0.527233768117147,-0.00569917930294694,2.27178225078094,3.19695526108865,1.12357529273236,2.43111178335122,-0.319901427947848,-0.875099600808744,2.60844396847506,0.0359538360738977,0.412307268858784,0.237076602079208,2.4237693121305,-0.168003352531962,2.2685614801236,1.97770254670166,0.981137684282102,0.591194197577238,0.0566693193901948,-0.137802311880006,1.26126595713967,-0.223039692732661,1.03631755002132,-0.140051026000988,-0.252102999118233,0.625265835969967,0.367771476131725,0.417087078206206
0.206884552920142,-0.922750459187644,-0.34810620891598,-0.212756326736347,-0.429074125433717,0.55552171281125,2.1819008506335,-0.983864156365731,0.792500134859822,-0.199057116688262,-0.634627483854442,0.856420334202708,-0.997418919627393,0.220064911801036,-0.361423091708861,-4.23904284533188,-0.917784775354573,-2.81152286830213,-0.756408439302353,-0.483778086352251,-0.603256739746131,-3.1728446261954,-2.58019291244811,1.77748990418153,1.55697131048658,1.34697150657715,0.0804969292913642,-0.128479570811623,1.91152469073704,0.576611588465787,-1.14559964072189,-2.77692831419844,-1.35283666207011,-5.09895070150095,-4.40623861444578,1.8873241146343,-1.03533112698172,0.0272512749590981,1,1.69586312459752,-0.393919661980484,1.22817557694139,-2.81234572117146,2.4152866494127,0.426318056995706,0.57509870868523,-0.798229042208569,2.08538463045644,2.42696255628862,2.56019996643651,-2.09238064833613,-0.827568863539354,-3.10190751893899,1.02103251484451,0.340333647090229,-0.654353563150675,-1.68455016322501,0.37761774414685,1.31277639325062,1.27461098762617,3.88035477739106,-0.137235299711307,2.53383473231705,2.9349367780523,2.15394826810572,0.569692723952609,1.02908639275583,-0.142516364803706,-2.04181647513093,-1.46628770862456,0.868883834860971,2.2113261371563,1.09916318765427,0.17415012692272,3.5243800648683,5.09428532503378,1.73203149400223,3.56527722349881,-0.176719728919585,-1.62423937507469,3.63338737291941,-0.872021404240385,-0.313429243651894,-1.76367457465414,3.3071301236876,-0.794159443261577,2.48694988902526,2.20548486938199,1.35074485162819,2.47178224600303,0.37268433944099,0.828535170398923,3.04095521102298,-1.06795869819551,1.568410731193,1.59017088819179,-0.223372213494542,1.74496171123808,1.38636906467648,1.52493864481107
-0.446031083311806,-1.78384364742851,-1.50243744015099,-0.391705483840782,-1.57445039184032,-0.877461735808681,-0.153581764009974,-2.13185932419709,-0.960617989647044,-1.38871762442418,-1.15977716712916,-0.631148643497072,-1.64066869442755,-1.51667301313517,-1.22274328961907,-2.38101816363356,-0.307046482312302,-2.09533406413797,-1.44401043875991,0.41072426377199,-0.590190457793733,-1.46499455688619,-1.65837254072596,1.90551474534852,-0.387998448565924,-0.345366922972959,1.0590671052173,0.947502961959884,0.828360203597852,0.613704870391911,-0.335616473467716,-1.46504362358092,0.748985068699706,-1.8431467206957,-0.936401319612811,0.945928811861875,-0.36588165189425,0.667769724225945,1.69586312459752,1,1.28620694720316,2.05350138113011,-0.337014682914624,2.00048060767922,0.73141932417597,1.93925442742106,1.41814102075041,2.04345460601904,1.90915200203054,1.97219814387139,-2.24122710206262,-1.874595479314,-2.92196200114734,-0.5865373719623,-1.43931386395243,-0.84241000905384,-2.51129491221847,-1.0597923119193,-1.0187738655848,-0.600207566907231,0.649966951382135,0.0599507084353464,0.500001923725772,0.933485104555336,0.0142589430257125,0.209383115958596,0.484222351287548,-1.10987396327843,-1.41568332755689,-1.81380396721475,-0.27682984606264,0.518272936711216,-0.952044360311048,-0.0976265650624802,0.957245891731417,1.82021599889275,0.152896639810766,1.32677748660107,0.599990045754431,0.285543107111878,2.72918252962347,0.382921631320299,0.839344268228255,-0.276988789954066,2.12541727409474,0.304159916786847,1.09603942796591,1.24380065269025,0.120370628164883,2.63101417958675,1.62651205653613,0.728838684710288,1.28296234803291,0.82723875202209,1.96421334253371,1.18872699475648,1.56202618579833,1.10057395394527,0.803489107878533,0.561784622336226
0.0796666412706476,0.815195496360222,1.68496276460767,1.07256103663337,2.39385365216931,2.1789581987609,1.36150846355886,0.468162085655043,2.99206282906573,2.08493698979541,0.88837870279734,2.28628631582274,0.428600588265511,0.831108500988478,0.495651313298315,-3.92562074685921,-1.27912545846672,-2.55903249248312,-0.735240374007714,-2.76164087222458,-1.0796834275622,-2.5045261798831,-3.07725208196968,0.0569410812597317,3.15933322371629,2.93385966649234,-2.52790652506051,-1.51357934834489,0.659007206422435,-0.0295439285674746,-0.770394811938064,-1.60428477896244,-2.24020735258627,-4.26060852987756,-4.77655044040257,0.710318329688218,-0.220664533513988,-0.91443481755079,-0.393919661980484,1.28620694720316,1,-0.315422196471795,-3.47093876933241,0.677473874494684,-1.13382694122568,-1.92928278335698,-2.74475995655048,-1.16032826007745,1.41632836994784,0.889624678946273,-0.29544601890865,1.33562823154582,-0.676074913555984,3.0778230680773,3.35987435843952,1.07292692965773,0.305188701881435,2.40313109538765,3.50186668623202,3.00981947483687,4.98404181001981,-0.0746532065401439,3.39703204013501,2.78015122166744,3.06013131693415,0.728344327766135,0.507611600482171,0.694881338207174,-0.172891900075133,0.239827331807369,0.107870698656647,2.70218650227502,0.932113513872177,1.08402521662695,3.85374086964144,5.50971824888466,1.71704614080052,3.16754777505424,-1.13878702920247,-1.70766791136595,2.55167012112767,-0.126961635265351,-1.0899663136904,-0.751958128511465,1.49617556086051,-0.663607736632779,2.98705167404828,1.68066368415934,1.830005818278,0.275259354286272,-0.532442758059502,1.15398365390482,3.16791080275828,-1.47401382339521,0.300802068911873,0.479959438767932,-1.88301528860662,0.125365186674991,1.19103716197684,2.04343193028107
0.986153589007513,0.939071659419521,-0.21201632878156,1.18682877905972,0.969794605426042,1.30536175120666,1.35479392528567,0.0189271664533415,1.02194918295835,0.847482215597062,0.371799676132177,0.260033112527379,0.238624073410368,0.039098478563641,-0.0682571829324878,-3.4716916638831,-1.84840629836971,-2.55184984841441,-1.45594962060429,-0.623273042497706,-1.27613823146097,-3.2927817486009,-2.42632806122192,0.47613627541036,1.02520775434142,0.29383582881202,-2.11444327096152,-2.58285603654635,0.75545325220421,-1.35944914868331,-1.0915113846672,-0.141721880942892,-0.937956518825504,-4.83546446033375,-4.99317775773298,1.92456407168612,-2.23462659152412,0.895566133493627,1.22817557694139,2.05350138113011,-0.315422196471795,1,-3.17388378794701,1.64583297682825,-1.6226644349922,-0.275562147391916,-1.29598685775558,0.988792461252472,2.40468688311931,2.51647639195425,0.076697737275913,-0.097156456738452,-1.90405623853637,1.87424170840283,0.168594662959543,1.28430711510324,-0.334243749092946,0.875261468466232,2.09361141587634,2.30248229207505,3.26274549792237,1.07080285197977,2.3020417589937,2.37794442337701,1.74372916268303,0.831373684621924,1.53659644217108,-1.12647812237373,-1.73352606651615,-0.803951841606729,0.249691864220022,0.636745228382472,-0.595436801849404,1.58505201046876,2.18305264101556,3.25298677225548,1.38481871402245,1.25920915649821,-0.586205211613202,0.0835200694829401,1.97380096150146,-0.165481993421554,-0.792199308427809,-1.88321822937517,0.54133144660165,-0.538785514369307,0.959133138227626,0.394420770772467,1.52191865921208,2.62984261682271,1.48852737137744,2.35621447054395,3.03273082417786,-0.882687707097293,1.06643774833673,1.68556114292253,-0.325436231411467,1.12420633938367,1.81830173983133,2.35292519262144
0.714064774348646,2.76293400412935,2.1354452490115,0.664624386978561,2.81149003608527,1.97856424830061,2.66301301173696,3.24349694687602,1.99508976326874,3.41368239268631,2.36326976184162,2.59573268167199,2.72809115484234,4.33394948878864,2.60014192791075,0.543709651034704,0.479535927027067,1.29656132813021,3.1631503809847,-1.47498687113907,1.2500136519413,0.280545602853986,1.02409671282015,-2.21952952839538,2.91739108844673,2.33776691904839,-1.69941030464074,-1.77918759881315,0.85097734742714,-0.388740096905646,-0.448446227597053,0.00100262441782755,-3.01686871792086,-1.25115939046561,-2.54103085749926,-0.380014755355322,0.296869913560556,-1.33205582190992,-2.81234572117146,-0.337014682914624,-3.47093876933241,-3.17388378794701,1,-1.82673760020567,-0.518858426487033,-3.57359991165086,-3.93674936373553,-2.09701505624718,-1.54380263071176,-1.45005148918638,1.65239821524777,2.55825502583285,3.38356544182707,2.33317872557617,3.22220847858777,0.35576139039307,3.08464300112993,2.27924980956647,3.85914950312497,3.04431608606512,3.29375138905519,-0.315956636451894,1.74705386454869,1.16784796223908,2.85294174115898,0.16474813025889,-0.274956733320737,2.70396345344987,1.44268393708557,2.55226469387947,2.24144592547018,1.45143496519989,3.47414517916197,-0.162949802542304,2.28840336155275,1.83991563247932,1.55099070216424,1.50018856510648,-1.82480836005854,-2.64208451487201,-1.50894415126364,-1.72291238518918,-2.32565890502686,-1.03636612904381,-0.4096736588429,-1.65898417868693,0.419828229210434,-0.100413557621435,1.46368436407032,-3.26568272370177,-3.30214490306183,-1.27472114169684,0.315238020756006,-3.46447115803355,-2.58857973791563,-0.979235325758045,-3.67333993440188,-0.598786806627643,-0.526221160615572,0.235763920683001
-0.146859786288906,-1.5320898246312,-0.72994479000184,-0.267470650750962,-0.784769983212102,0.0830881142538084,0.859836790420513,-1.57496148318182,0.813456043218061,-0.935226033385621,-1.31145367673145,0.391789021709783,-1.71005073311501,-2.02989457137305,-1.99715541973794,-3.22694683381716,-1.01973900151838,-2.54600038846486,-2.39242799807593,0.365760918568297,-0.918982473665331,-2.27331560517459,-2.5553622183444,2.96104819882085,1.04600287779774,0.822475062485167,-0.165207872249411,-0.170091245548415,0.942412809765252,0.630356836823703,-0.780536256677797,-1.79888070847392,0.473243901766017,-3.4153077210201,-2.75757442935342,1.64482868067997,-1.1419817497703,0.384429400843135,2.4152866494127,2.00048060767922,0.677473874494684,1.64583297682825,-1.82673760020567,1,-0.437965849594215,1.00093713382871,0.608377902705999,1.8034853500311,2.18576728355987,2.17704940519309,-1.84591246532565,-1.15494034330273,-3.47813655258249,-0.266570659397712,-0.568007558915875,0.405443201713387,-2.05207246107602,0.0537795667194418,0.134953562364278,-0.00369628709763259,1.86202885925513,-0.492417698543442,1.25510640499721,1.39170602642664,0.658626945613901,-0.0141502212415878,0.911466659478662,-1.33834286769284,-2.2303968171908,-1.85990456955176,-0.520371220509534,1.33236750550192,-1.02030440563629,0.697395053993849,2.14424045126433,3.8044944857874,1.35691477004229,2.30568453249572,0.641327810494677,0.479742989961061,3.69609413765755,-0.581299029574429,0.298383510455966,-1.16477891842153,2.40285101389876,-0.344837475035301,1.81810721013695,1.47016412174272,0.453472520294498,2.94375364129524,1.79054846469964,1.81968170805081,2.69090442242715,0.554004830981589,2.51315023002926,1.03076400163239,0.926271940541846,0.981359109747378,1.13565940661844,1.16718976986492
1.16968995557809,2.4529629588622,2.27696562260907,0.828097465436186,2.257273269911,1.3607832781934,1.99204398006636,3.44066556781523,2.37138493797472,2.61377058444971,1.38532702817636,1.76125148491409,2.69188523414074,2.33721901413007,1.74793648174884,0.455000885464597,-0.976756534066746,0.437656484117495,0.383422291230985,-0.87717079626308,-0.285341002733499,-0.212237169426596,-0.0195053732005219,-0.792813772058796,1.82704937806722,0.877186590561194,-2.44567764253159,-2.69289294659617,-0.109085376840566,-0.506117135993328,0.389974439469232,1.96743916651328,-0.361017402073511,-0.983861063694234,-1.51008366251349,-0.585662344226605,-0.343446536549933,0.534334227597616,0.426318056995706,0.73141932417597,-1.13382694122568,-1.6226644349922,-0.518858426487033,-0.437965849594215,1,-1.66840441608361,-1.58475773469341,-1.15395794333972,-0.861072797447944,-0.352183422041554,1.78276542327764,2.33882863035278,2.33199290053845,1.41766940047729,1.51160852100529,0.856047436241069,3.40004940336389,2.64695006619968,2.7699597804247,1.34561599588621,1.63687099462273,-0.0747172566941853,1.20230356559659,0.188726831861411,0.812089020934273,-0.016477411713321,-0.652294397835452,0.506424601846477,-0.409788937988212,0.558120736093358,-0.105215987773016,0.00228077960399165,0.387656120953788,0.634926054357966,0.227090327819037,0.504690684958009,0.295820116909054,-0.0359112121069507,0.417913743916235,0.13469000381916,-1.46772253682001,-1.96468752930397,-2.41508474841965,-1.43181246015502,-1.95800706264337,-1.06203983700639,-1.06986669683249,-1.50692767922244,-0.212029398392073,-1.34209360711292,-1.13856596953529,0.866314380964185,0.89650971997927,-1.27819041796843,-0.732403868145411,-0.143713761265287,-1.37439301077156,-1.34835593573583,-0.071625082030802,0.373709179656695
0.579553606374524,0.910497422071201,1.09161426861103,1.04264804536559,1.89336508305081,1.98911009456362,1.80921493343369,0.562235766642204,2.59262707625245,1.70410963207433,0.614693013289045,1.71437832538417,0.412636104982993,0.460202394865326,0.139719697250198,-3.74420927616258,-1.62489564949834,-2.47097963376957,-1.1811445086037,-1.67565440558848,-1.15388770401526,-2.88744274660295,-2.82381483559409,0.613031579097996,2.66248254195833,2.04009464489934,-2.61110372930524,-2.3205557104366,0.830941274440425,-0.485024148025235,-0.916714039670967,-1.02776731935069,-1.67405102066683,-4.8013113217146,-5.17719184059799,1.40021169427753,-1.27617737139659,-0.226168683687561,0.57509870868523,1.93925442742106,-1.92928278335698,-0.275562147391916,-3.57359991165086,1.00093713382871,-1.66840441608361,1,-2.2565814297892,-0.202012314302122,1.75799961996083,1.57756290091192,0.0169993332445983,0.915719058428746,-1.27632670766266,2.45551230823885,2.12582595891213,1.43450200525136,0.250328700722406,2.07318229991064,3.2031372192824,2.79392129314815,4.45810001625509,0.143770312334117,3.03470901582956,2.63496742275094,2.62164834197053,0.64456732929997,1.02000906294203,-0.115329503062193,-1.1130727773657,-0.183517875119792,0.156090935259575,1.99426348924411,0.317667419290852,1.43853912402386,3.397144539331,4.95815059359103,1.93427640454333,2.6103775585541,-0.786856943421855,-0.829297334860477,2.45533466498454,-0.656740416471913,-1.22452149018748,-1.54995961833767,1.11392427670077,-0.895040968316861,2.10919794477217,1.12689670295372,1.75124041336002,1.27192146038811,0.287593285235234,1.88181502976736,3.39160180236942,-1.37540615211229,0.814151415066976,0.865531224262659,-1.38459766646275,0.464939640924457,1.45215134333977,2.18325475725429
1.1005751297915,2.06823334105559,1.80729370387805,1.31205525311992,2.63128616726552,2.50085040646496,2.50015965725957,1.74899942730238,2.80522428487612,2.49241709138515,1.47557878537051,1.98853690135746,1.47083876298965,2.28524510564401,1.56608719816259,-3.32253323139139,-1.58388880036159,-1.81389179954066,0.235228445850589,-2.25937667167055,-0.799247657232067,-2.97419143696384,-2.18342578509187,-0.954756694260177,2.77641285737746,2.18104362684707,-2.8791183357558,-2.67702959028109,0.864128933960574,-0.982197653291241,-1.07181797056656,-0.734450362260031,-2.92014907530154,-5.00385616417757,-5.70020896651932,1.18884294707455,-1.22765653742687,-0.389810695900905,-0.798229042208569,1.41814102075041,-2.74475995655048,-1.29598685775558,-3.93674936373553,0.608377902705999,-1.58475773469341,-2.2565814297892,1,-0.735491364547715,1.29226240653845,1.15559334903314,0.882997327947591,1.81596519798659,0.109153486221801,3.38455356351298,2.89809762915232,1.15495253757196,1.52084944725307,2.53938146815448,4.03835194611523,3.55631977335456,5.09739419199321,0.505941015275743,3.45742267283213,3.06771468032853,3.2439925640028,0.944872187476621,0.915232239380391,0.823411318624869,-0.575634192203856,0.581805585694035,0.959524765191322,2.03262607612795,1.73330396459695,1.21018626314235,3.4644418624409,4.58770083751488,1.80010206875544,2.51079894042711,-1.38144866923781,-1.98198362581692,1.12643051862417,-0.807461276716033,-1.84982191686794,-1.80134347694578,0.59857520912882,-1.09379739595696,1.91783298115863,0.873789232066629,2.07410178185264,0.15305893301374,-0.990623539225808,1.14325119472504,3.02450960961094,-2.44599951634206,-0.522995789812544,0.911185973396696,-2.43821820791038,0.505735538164787,1.38323715781299,2.22550429472499
-0.144431972803456,-0.146803693285863,0.710623163509521,0.497978947088932,1.04497736514694,0.945145735568058,1.90551992713707,0.185463804879138,2.12792157870684,1.62081944275263,0.0765942063245302,2.05334111162101,0.252279888978774,0.331652680769351,-0.0923383801972644,-4.05272491197229,-1.25764877941215,-3.14430049828604,-1.54797509174967,-1.49469842656642,-1.16141504478236,-2.38391602020517,-3.23507253556073,1.98088552325091,2.93447994025228,2.01923066014796,-1.7031058804751,-1.4044317585056,1.35028917066933,0.894923767069264,-0.196941597268076,-1.28276160773625,-0.307386414329875,-4.35419362662995,-4.02087004420041,0.749113092134282,-0.359614138556869,0.301292226978377,2.08538463045644,2.04345460601904,-1.16032826007745,0.988792461252472,-2.09701505624718,1.8034853500311,-1.15395794333972,-0.202012314302122,-0.735491364547715,1,1.73819858568403,1.96435867984495,-1.74402447052387,0.128513768184495,-1.82327571389533,1.62724405432337,1.39441975417112,0.124002266908325,-0.50296342103085,1.9306861508546,2.72933849475914,1.80096148297341,4.37211699314916,-0.510437263499409,2.98552667792597,2.25710816038877,2.20131958015181,0.31938427681917,0.0455752589334275,-0.326987278986833,-1.62533701478057,-1.28343834096166,-0.333357779968224,2.17549589000889,-0.352240742701038,0.699397340454296,3.41732463421388,5.40286966192717,1.5173738080673,3.29181735247941,0.372923444461886,-0.382512492866284,3.61009660707042,-1.32853618603451,-1.32402542378353,-1.42427340058552,1.92292195990825,-0.942821861206351,1.99936838243918,1.32417437820456,0.919292164406694,1.74342197536869,0.5525884039387,1.81815890390932,3.52956823372618,-0.78993753095902,1.99391357751373,0.922751312224771,-0.290478211723485,0.0207974934475794,0.992929447570675,1.53238513771468
0.0766809240953015,-1.58839581254268,-1.12159973882018,0.269875787677728,-1.06208955073007,0.0135757170282923,-0.867747751083312,-2.4977662481108,0.12230650127349,-1.80390108577362,-1.53090177929031,-1.27167597734789,-2.12139180900422,-3.43242442084165,-2.00007732644458,-3.37734061361928,-1.78061704227422,-2.91146756575732,-3.52969701566434,0.122787783602714,-1.97527461799601,-2.75830806917717,-2.87701143944653,2.09956352203334,-0.788777912252089,-0.648532968995515,-0.606078628225668,-0.468883808461126,-0.0119444860509161,-0.485719452110411,-0.659950513500386,-0.887836545738433,0.884140196721557,-3.03275398933931,-2.2694476887071,1.79264095772232,-1.78084321503282,0.832695904758146,2.42696255628862,1.90915200203054,1.41632836994784,2.40468688311931,-1.54380263071176,2.18576728355987,-0.861072797447944,1.75799961996083,1.29226240653845,1.73819858568403,1,2.5650663964443,-0.962888617490559,-1.53631674592871,-4.12173938158756,-0.00247688249099859,-1.16672945443791,1.13275450040766,-2.54159414870671,-0.557770862151641,-0.915116720661503,-0.198081856862451,0.567199250754755,0.649750922505318,0.805577275350241,1.28751196056354,-0.299471375638591,0.534038192488778,1.54968782784329,-2.50262476607149,-2.12438541127733,-2.10784324553693,-1.52901400806791,0.178789608985312,-2.53045392182545,1.48959234625462,0.668992686878173,2.11035814067983,0.256764125623003,0.563527192234756,0.608625812685604,1.49248247621924,2.95906622718446,1.20585632520613,1.20006684027534,-0.399512641508838,1.17324359142167,0.762434672116506,1.22863351253042,1.03278853459209,0.538725379812383,3.91823634726496,3.15419764077299,2.52200875681836,2.3048954509694,1.70985670699464,2.66238628254359,1.64478467015482,1.92097494169262,1.34261905202535,1.83858274374395,1.75039245989209
-0.460605222375167,-2.12004047747096,-1.14352685546288,-0.201268504990717,-1.23956317018806,-0.309778224454064,0.0973909560368847,-2.44617265671985,0.257293036668214,-1.32063802895305,-1.40988370328145,-0.193586078414945,-2.16077810838591,-2.64811532202505,-1.89699861900642,-3.73396007709041,-1.06215124077696,-2.98708032867669,-2.79695542755558,0.0529314752169207,-1.30849946206181,-2.35927582750968,-2.92365922161225,2.9133625255865,0.499669901533982,0.267881262374878,-0.0990742112651894,0.163786378682164,0.767921434770043,0.684876709511804,-0.52911327158214,-1.98301106665962,0.675998464499732,-3.21623156701054,-2.3391626801549,1.60895197413312,-0.968954608360505,0.406574633872725,2.56019996643651,1.97219814387139,0.889624678946273,2.51647639195425,-1.45005148918638,2.17704940519309,-0.352183422041554,1.57756290091192,1.15559334903314,1.96435867984495,2.5650663964443,1,-2.10624681309006,-1.68615935233955,-4.05021300691983,-0.292104256630323,-0.821358324530059,0.256597551917804,-2.84845816599652,-0.337395362253637,-0.354431928208008,-0.149432278098768,1.61345585272681,-0.321788416649685,1.24859263778761,1.50215960985116,0.484314974509589,0.230680179901489,1.01264982601588,-1.73080912181524,-2.05762114043504,-2.11524720056882,-0.976851325006137,1.25001386157452,-1.66482610210807,0.740008851320237,1.94440765609698,3.62978075338408,0.834361425808216,2.1559126800471,0.707558886798169,0.755772873646055,4.01945951472257,0.233448194361214,0.715400315842842,-0.468122030753572,2.49582360181304,0.235028948697497,1.95372378362268,1.82494043638506,0.677666656296638,3.44014685765142,2.33613374761913,1.83469538716032,2.63561445914296,1.00224360494458,2.98697171490188,1.20416651578357,1.57164764518572,1.09484302813689,1.35452876976675,1.24731173126233
-1.93958432143512,-1.5222155478895,-1.60338471469104,-0.103432666956562,-0.702734481765724,-1.23100303818171,-3.73892518723976,-2.83122050710687,-2.1610185881786,-1.39164453939158,-0.0205706067309266,-1.19907855674644,-1.93700222992917,-1.98813015152733,-1.30681876027911,1.64286450696059,1.92617791898874,1.14134087183905,0.588125867494878,-0.28114184239472,0.863174464194277,2.48945757752559,1.04969758495889,-1.04656914404654,-1.44292986482032,-0.511332315032739,1.45595730381867,2.85490144889267,-1.58801953978993,0.297367791448009,0.319073294826757,-0.758146024043074,0.22203660292555,4.50035476719998,3.80359827123495,-1.08176118418726,2.06438693918381,-1.42461801362255,-2.09238064833613,-2.24122710206262,-0.29544601890865,0.076697737275913,1.65239821524777,-1.84591246532565,1.78276542327764,0.0169993332445983,0.882997327947591,-1.74402447052387,-0.962888617490559,-2.10624681309006,1,-1.16956239492701,0.654514137209358,-1.00002092681715,-0.0752767060937014,-0.177317795466395,-2.19740657786563,-2.25550153701191,-2.36923236210314,-1.13317826853228,-2.75335268766066,-0.18950887932795,-2.03167764291783,-1.78757263564336,-1.05781751912639,-0.273812316742424,-0.376373542856395,0.516422291390507,3.07355530110554,1.27026854345172,-0.380565474994221,-0.350282104742609,-0.635388354219058,-0.825759193451024,-1.27307143515016,-2.47420658401736,-1.06261988662063,-1.40664086167332,-1.19259482952479,0.101431530640004,-0.388961441822393,3.16422356289959,2.37599315684996,3.48361866864223,0.134016644425367,1.74271429434934,0.858103939629958,0.780336193140313,-0.026880673390606,-1.33814473983267,0.118923872978088,-1.78939852305855,-2.52032377274641,1.35476257047889,-0.8393229987418,-1.59270643608432,0.524859385803208,-0.481563636503503,-1.03707530919359,-1.21257145158108
-1.35668577596308,-1.65269213206528,-1.91698964215233,-1.25482571762882,-1.95646687260644,-2.02501087844434,-1.72367158293009,-1.66156442615429,-2.6653436019284,-1.86142111246727,-0.772424994184409,-0.990931811967743,-1.50262841268426,-1.00167389122637,-1.52177439864596,3.06906211640209,2.36076047459062,2.1179319861957,1.34146900465507,1.89939027023028,1.87842837384866,2.94089618052315,2.44414185448418,0.379260561618749,-1.55326365300732,-0.902694269694027,3.06679048574281,3.08293407165872,-0.438411502354464,1.03316537816189,0.256471230335892,-0.509656854982902,1.23001691883698,4.43113594816924,4.41016103832628,-0.885793152668732,1.55277650269186,-0.530663065301514,-0.827568863539354,-1.874595479314,1.33562823154582,-0.097156456738452,2.55825502583285,-1.15494034330273,2.33882863035278,0.915719058428746,1.81596519798659,0.128513768184495,-1.53631674592871,-1.68615935233955,-1.16956239492701,1,0.611948005273961,-2.75715105756337,-1.87285883990419,-1.36176537529601,-1.57207608671618,-2.5950968147362,-3.03156445786332,-2.51500631788777,-3.61233207679137,-0.838001251807514,-2.8973484544938,-2.4588588369248,-1.8027263766473,-0.999198340277025,-0.797790128942418,0.560409349025048,1.45748862432809,0.439457236741884,0.531722835676605,-0.895494495219965,0.187114590905126,-1.7085171873845,-1.80391288392299,-3.16690928146884,-0.697929686627215,-1.21997641391321,0.0408239084364584,0.254902489555795,-0.739283207728482,0.662486107319896,1.69386721112278,1.70406066597927,0.587389163541103,0.586108500720808,-0.585299655979547,-0.0143266383475952,-1.22559280609091,-1.16747070216022,-0.342509877935345,-2.12242718144791,-2.88039090293296,1.01484284581132,-0.566757376189929,-1.40413088405988,0.889976847554719,-0.224407661261699,-1.67362028711848,-2.2036110502069
-0.939389297541733,-0.111993491944988,0.298850280031606,-1.52470601512905,-0.609892099138277,-1.21525368919278,-0.568441006738453,1.16064612389504,-1.51324910264275,0.163318530022288,0.520937029696241,0.381249728429847,0.771589309469472,1.84403733912931,0.896514681699909,5.80749965147037,3.29879725955652,4.65794499572147,3.86702971819277,1.34970385390825,2.9411169834274,5.09616356007104,4.72170611785685,-1.40684247761786,-0.475201485847515,0.159437210924969,2.70042807810475,2.60530593328531,-0.200696141582321,1.34851501488226,1.00432578573978,0.298078642382848,0.170029845336958,6.34712190695917,5.86549279374489,-2.42417235818699,2.71573825158279,-1.81245859318469,-3.10190751893899,-2.92196200114734,-0.676074913555984,-1.90405623853637,3.38356544182707,-3.47813655258249,2.33199290053845,-1.27632670766266,0.109153486221801,-1.82327571389533,-4.12173938158756,-4.05021300691983,0.654514137209358,0.611948005273961,1,-2.25707766257481,0.273064993086899,-1.48376049467808,1.44517990347433,-0.98402599554147,-1.52512358769018,-1.75298484712986,-3.63118335284766,-1.46512616208602,-3.09846616021656,-3.0735845119911,-1.19772964323464,-1.22722599738789,-1.76597156184973,2.65006633764292,3.0527107698336,2.59845593376723,1.45945327069972,-0.738403308153048,2.42698275967056,-2.31189436603182,-2.11874944514744,-4.35485911453587,-0.720909990637685,-1.46184507391201,-0.377924735366829,-0.999469088996063,-3.56520353672002,-0.751877298808408,0.197822296875702,1.81560433350242,-0.861592628601276,-0.34897506061363,-1.79475969891426,-0.868744921222997,-1.23528497602071,-4.93002168647944,-3.2210442575295,-4.03197218665222,-4.49602203954929,-0.668259350756561,-2.74229579078861,-2.90390693600329,-1.22644431364589,-1.40751768793775,-2.8766598419419,-3.30053969174043
-1.20321649196486,-3.09058255018666,-3.01673458203675,-1.35052644874054,-3.41001427035494,-2.51590158807632,-2.61334826227931,-3.5594039259946,-3.13152506955263,-3.82113749445036,-2.01338169431916,-2.73805861509742,-3.22168201082997,-3.97745016320556,-2.78977841838854,1.78506726560278,1.26067820627416,1.12921795924771,-1.09475811822186,2.76341264277966,0.601313132734093,1.65192662364407,1.37545550795991,1.78538583981055,-2.99653018876728,-2.51762648362405,2.78144934653497,2.75218288111472,-0.854282273798078,0.638828199764561,0.148957564892582,-0.750677848121539,2.20096825846142,3.48077538222267,4.11055581399207,0.486066743448817,0.0880604620910828,0.033888733926329,1.02103251484451,-0.5865373719623,3.0778230680773,1.87424170840283,2.33317872557617,-0.266570659397712,1.41766940047729,2.45551230823885,3.38455356351298,1.62724405432337,-0.00247688249099859,-0.292104256630323,-1.00002092681715,-2.75715105756337,-2.25707766257481,1,-3.49978635336242,-0.340583522909591,-3.36221741719544,-3.4526306696988,-4.57876132497387,-3.41391520880314,-4.76631409918417,-0.628523418282016,-3.25379029504305,-2.29706100866221,-2.86594902425575,-0.761459785057787,0.512208689833016,-1.61133327055793,-0.0135568394273221,-0.878582120525852,-0.879161387915008,-1.47314719808251,-1.99217000587881,-0.644494047976871,-2.47365228191031,-3.28611357254269,-1.00970001697603,-1.78748054118367,0.821422880192327,2.03342812211541,0.397815519700701,1.5392538038866,2.72042740074309,1.86432140349632,0.653993008221888,1.46221136410704,-0.592561000805177,0.43530972860411,-0.860446951042296,1.51153581203366,2.06885585209729,-0.533679390297605,-2.07778452203069,2.54537926428741,1.4507741509313,-0.587233046513447,2.74999830767177,0.670490345107865,-0.542784275519023,-1.53187033037398
-0.326556756622001,-1.17175893724279,-2.48053730387849,-1.14033373806794,-2.76766322049399,-2.47329221136805,-1.68464906383044,-1.23406722017757,-3.55255479353994,-2.74479455764656,-1.09716634967128,-2.57481626766499,-1.19775653613361,-1.38520785978976,-1.34580511441635,3.87391043303572,1.54894139539436,2.5690039436862,0.742432870739985,3.19581930547961,1.41805895769616,2.42484449365854,3.10606158033561,0.157973728620727,-3.40718852765477,-3.08814564846297,2.99004797947045,2.02737178149599,-0.848294831087696,-0.0562260797968765,0.378442414000208,1.18100437268897,2.18478130181122,4.4163018770139,4.75459775178027,-0.314543608084979,0.102375469346213,0.91393442551039,0.340333647090229,-1.43931386395243,3.35987435843952,0.168594662959543,3.22220847858777,-0.568007558915875,1.51160852100529,2.12582595891213,2.89809762915232,1.39441975417112,-1.16672945443791,-0.821358324530059,-0.0752767060937014,-1.87285883990419,0.273064993086899,-3.49978635336242,1,-1.08839348314776,-1.08692697604441,-3.17634500307605,-4.07715153090176,-3.3251383237527,-5.32476713540067,0.039764442728664,-3.76026037370042,-2.94836410578907,-3.19646136632517,-0.870010144464584,-0.298217936312745,-0.786729950019592,0.234382476532147,-0.326803297219312,0.119373702046649,-2.70320866985604,-0.951865110249232,-1.24815197993398,-3.78759648971855,-5.58149587914502,-1.50612228785681,-3.17757197419897,0.858043293957529,1.69144654843803,-2.1484596910083,0.508077412820998,1.65531796948079,0.899718236445282,-0.980972994197898,0.850443678870527,-2.56437663427934,-1.39661388138424,-1.83109586468754,0.120019381602702,0.818844008809266,-1.19776591970246,-3.24893444149257,1.66700036446865,-0.268968809509073,-0.520901229459192,2.05672517172714,0.145388790687255,-1.23698839004462,-2.12646014335958
-0.562282324573883,-1.33235352166774,-1.51305728966723,0.198602917334566,-1.209454395569,-0.826524687631847,-2.9297191791231,-2.85209156089544,-1.76414793782706,-2.38107760351641,-0.705752983471043,-2.27852139088175,-2.13128935492715,-2.53435787547679,-1.0821073087384,-0.531701984084543,-0.0681613814714221,-0.517698005905846,-1.06074651763552,-0.209357947296075,-0.645988165563744,-0.419119517649155,-0.511987317351086,-0.751273407107692,-2.53329501140579,-1.55503689801094,0.874546350048474,1.7037343192761,-1.38694334305838,-0.77241883752386,-0.307955484704473,-0.528083633350819,0.100713194541588,1.21471574491436,1.30826713187807,0.338848284734246,0.0765089423332441,-0.0084945575611883,-0.654353563150675,-0.84241000905384,1.07292692965773,1.28430711510324,0.35576139039307,0.405443201713387,0.856047436241069,1.43450200525136,1.15495253757196,0.124002266908325,1.13275450040766,0.256597551917804,-0.177317795466395,-1.36176537529601,-1.48376049467808,-0.340583522909591,-1.08839348314776,1,-2.24374977230269,-2.04112649044809,-2.54082583027242,-1.10839228021026,-1.96497980293977,0.946497896233269,-0.976195981746446,-0.240413111698368,-1.22862989435731,0.512146369905286,0.735230983033007,-0.995833723360458,0.71495377390695,-0.45789276669501,-0.936621215704499,-0.733506491441575,-1.28781481480209,0.148113456020752,-1.37165684934098,-1.72002201432239,-1.37831154895095,-1.39185022158579,-0.425892990618913,0.43149049894475,0.110472391531013,3.19145432630629,2.2777545483949,1.92152581652504,0.147944858111207,1.97329913261722,0.795316965615562,0.722340248186479,0.110148130694596,1.30500467657322,1.51247872480069,-0.105776650701195,-0.880907017607155,1.8125317338462,0.176060777021715,0.525387630625786,1.50805680897356,0.860727253488259,0.645228262037917,0.271779591232477
-2.23200595405623,-2.39075963413413,-1.81255706189397,-1.95296666932076,-2.11061883285229,-2.44271735682619,-1.43454353071696,-1.7653028963566,-2.71164531147537,-1.39432503024304,-0.539452823815761,0.199585667066484,-1.69837555591183,-0.32610009425144,-1.47648979278418,3.74201323795758,3.81956726217718,2.8247476381444,2.59286343607153,1.8035235780075,3.04789336476922,4.43915990577924,3.1069756993557,0.855537559997604,-0.285620167875882,0.407384872309336,4.04354586225269,4.42963864988174,0.124750994403744,2.36657462544312,0.520083802089569,-1.73839998591629,0.979448650437242,5.72296387204653,5.61140899860369,-1.68802455949919,3.150280540344,-1.65379562514965,-1.68455016322501,-2.51129491221847,0.305188701881435,-0.334243749092946,3.08464300112993,-2.05207246107602,3.40004940336389,0.250328700722406,1.52084944725307,-0.50296342103085,-2.54159414870671,-2.84845816599652,-2.19740657786563,-1.57207608671618,1.44517990347433,-3.36221741719544,-1.08692697604441,-2.24374977230269,1,-2.56371925113601,-2.82759669623926,-2.67483102149037,-3.26454113155773,-2.02749364702373,-3.0745485760189,-2.81734493745697,-1.12524823321843,-1.46450362140148,-1.62607302948684,1.9350803919397,2.52063315802584,1.16767858792787,1.24606580933714,0.229590533786879,1.38818226625787,-2.82852452173672,-0.78296321504108,-2.30438030164242,-0.229739229140598,0.171830859466888,-0.20524593038847,-0.71090259101948,-0.187473670909647,0.0758311656415682,1.55097681346029,2.37532497931814,1.90543087593139,0.163159955919633,0.184366427539203,0.838043872659558,-1.24805221974351,-2.80690669714309,-1.6886127478558,-3.67850661262756,-3.49758274342071,0.369811165749111,-0.855327690644081,-2.57505951121761,0.212153051749979,-0.841854173689323,-2.64527210923007,-3.23128458561403
-1.1522147269013,-2.48011439077629,-2.77398384201586,-1.74587104797495,-3.17078670263338,-2.58898267995754,-0.767358465175908,-2.2470321236365,-3.29205152990049,-2.58788881095631,-1.40943122758261,-1.29618048859026,-2.11918835124513,-1.21833533806869,-1.85779024180793,1.99787877872787,2.2126641733532,1.35042756616645,0.951077212602094,2.78827678760895,1.84486880119217,1.99761093590102,2.01303396191197,1.66895092863501,-1.68304800360831,-1.3576533669576,3.81764225271977,3.14894677372133,0.51721996721392,1.35811656654144,0.0612968554264862,-1.2669296795433,1.58603806230154,2.90146303253252,3.55384510060435,-0.0131428978115863,0.900699006429714,0.0411024868900146,0.37761774414685,-1.0597923119193,2.40313109538765,0.875261468466232,2.27924980956647,0.0537795667194418,2.64695006619968,2.07318229991064,2.53938146815448,1.9306861508546,-0.557770862151641,-0.337395362253637,-2.25550153701191,-2.5950968147362,-0.98402599554147,-3.4526306696988,-3.17634500307605,-2.04112649044809,-2.56371925113601,1,-3.40171869494628,-2.83151198070207,-3.13298429353215,-0.904288290578808,-2.63868463203194,-1.77724418953463,-1.66459391222997,-0.954645894867283,-0.417357492917585,0.00203114256794262,0.0838844830570759,-0.64398511786156,0.886293391135207,-0.69715135073375,0.11451053221207,-1.93519095359785,-1.16838298628554,-2.17953595991001,-0.258649316223806,-0.306458793882708,0.572437094894544,0.341827042714924,0.534355042740417,-0.0918013345216774,1.64899242157031,0.74424640295376,1.84148734215883,0.246542806133177,-0.560399507259518,0.478664309211803,-1.19289958346796,0.374464365754445,0.3311033895939,-1.80189546234851,-2.08960190363415,0.933798409035735,0.572075206810515,-0.619679697226165,1.65036351113501,0.539987235032723,-1.26476330234172,-2.07152730286456
-1.27333703355561,-3.3602566074652,-2.87201306673525,-2.39234149722615,-4.29862124667033,-3.37801432749005,-0.968550129706168,-2.46421619234344,-3.77629090970512,-3.38340163027614,-2.15364073360651,-2.01900179361707,-2.34413162643892,-1.89050368920244,-1.73855932303969,2.67825364825904,2.24003908371187,1.76103673651708,0.506528105137324,3.46413741632775,1.57828999713415,2.62048116415312,2.49947544787634,2.31809970822935,-2.58764996086358,-2.3689260965986,4.49597742946963,3.6050276608645,0.548871361791392,2.02906726127284,0.837856489251182,-1.03898163901933,2.69146436131707,3.90428123626653,5.29251921350992,-0.292146668902422,1.04834074260544,0.287606222113115,1.31277639325062,-1.0187738655848,3.50186668623202,2.09361141587634,3.85914950312497,0.134953562364278,2.7699597804247,3.2031372192824,4.03835194611523,2.72933849475914,-0.915116720661503,-0.354431928208008,-2.36923236210314,-3.03156445786332,-1.52512358769018,-4.57876132497387,-4.07715153090176,-2.54082583027242,-2.82759669623926,-3.40171869494628,1,-4.06617563410575,-4.58650812755136,-1.26242101884235,-3.39046478967408,-2.43482170172626,-2.79180820474784,-1.13420612704889,-0.684605564132218,-0.592915084835058,-0.42649334827677,-1.26150616469403,0.138824722173411,-1.29173345225621,-0.597180481599376,-2.16454831416714,-2.33109170372309,-3.36802214133558,-1.00996139918977,-0.899286362277335,1.66257538573437,1.15856341197054,0.203624084909894,-0.441101312292239,1.84610680537072,1.0182285017112,1.49546701224412,0.490018235992995,-1.54795772462266,0.262494656905632,-1.78821958955019,0.671479336493832,0.68894056624187,-1.89487353021734,-2.70280889047905,1.72961029805804,1.34984223279026,-0.650332334661094,2.74517873611627,0.444833499777642,-1.50570144369128,-2.77040217441559
-1.03138629103531,-2.86796618121227,-2.42361478818975,-1.38975604742442,-3.38702064914442,-2.6543326393708,-2.05102588422096,-2.74903292523881,-3.04049132016342,-3.16466142545706,-1.72563511259355,-2.49222280813992,-2.36253087109864,-2.89175159361089,-1.53762327121271,1.66508609607697,1.1456647832577,1.00566919809416,-0.755962962277666,2.27677166933673,0.371783079373159,1.69586895433047,1.3552737157792,1.48414298284757,-2.858110067932,-2.68230604917887,2.6900449564958,2.48179043230993,-0.512596496419704,0.964332535072413,0.803505479558868,-0.378816815941346,2.34774128311352,3.34124633999478,4.36512304284748,-0.0683074843013226,0.500309460447095,0.328790353029048,1.27461098762617,-0.600207566907231,3.00981947483687,2.30248229207505,3.04431608606512,-0.00369628709763259,1.34561599588621,2.79392129314815,3.55631977335456,1.80096148297341,-0.198081856862451,-0.149432278098768,-1.13317826853228,-2.51500631788777,-1.75298484712986,-3.41391520880314,-3.3251383237527,-1.10839228021026,-2.67483102149037,-2.83151198070207,-4.06617563410575,1,-4.27974394949921,-0.562438993214021,-2.78893221499213,-1.99720407604689,-2.6950154407268,-0.557570142655674,-0.0694124486818267,-1.38210961966162,-0.171208759021625,-1.11862135220579,-0.972105946124287,-1.4719372039126,-1.84390845754316,-0.97064207487297,-2.54904682489581,-3.3028998956639,-1.47232929174762,-1.61779200583452,1.32388437394457,1.84184976720458,0.0405431823203565,0.98396965230603,1.99063030767517,1.65896087974421,0.386267047497438,1.30941884720575,-1.1928634568248,0.205659723322495,-1.11537326666539,1.21193719720723,1.61488300980164,-0.776153012127898,-2.05748399629398,2.23504471074816,1.51198321255336,-0.345754230399086,2.8681009348619,0.305337785850392,-0.638642678682646,-1.72025468495092
-0.625362394385901,-3.6006081609794,-3.164109845887,-2.265963747236,-4.78125682569701,-3.30482540731127,-0.361441973550425,-2.60716286316282,-3.34018963716884,-3.87416760632954,-3.08599566149885,-2.4573300774598,-2.57128303375574,-3.15282062324253,-2.6101732108284,1.12964953218766,0.77616437683353,0.147036969663572,-1.67043269328353,4.16521820550493,0.345098520626074,0.891373311035341,1.05478286196908,4.01128724895569,-2.8328273761907,-2.98904533675189,3.87352313723407,2.30689206807644,0.952912982055288,1.72313311633903,0.676631174917195,-0.499371750727966,3.94756145398345,1.58843654317992,3.65700024984598,0.724101321804711,-0.55299159158478,1.65408614321049,3.88035477739106,0.649966951382135,4.98404181001981,3.26274549792237,3.29375138905519,1.86202885925513,1.63687099462273,4.45810001625509,5.09739419199321,4.37211699314916,0.567199250754755,1.61345585272681,-2.75335268766066,-3.61233207679137,-3.63118335284766,-4.76631409918417,-5.32476713540067,-1.96497980293977,-3.26454113155773,-3.13298429353215,-4.58650812755136,-4.27974394949921,1,-0.846527355208005,-2.86980468771783,-1.87352665995408,-3.25085484102646,-1.02339332496975,-0.0477549168377767,-2.37765514559312,-2.68903407929535,-2.97303528643791,-0.742522712254021,-1.73522372169916,-2.30421641005309,-1.17222705036282,-2.32716079043877,-2.39958034905781,-0.750880882871947,-0.850619545760862,2.79966838341231,2.62655932750398,1.51963180299963,-1.13690298993949,1.64859273357905,-0.436854939056682,1.49111497914885,0.249694292145439,-2.01214407384257,-0.142524885189747,-2.08846063874311,3.22201461452017,2.60779757179261,0.223749891851338,-1.03282954674018,2.54797715515478,3.14548111956756,0.642093546078856,3.99409176258631,0.990846813642613,-0.509657311083826,-1.78910126041956
-0.920942495843646,-1.66037948090653,-0.869016314607792,-0.0263869333354271,-0.652289048946313,-0.382432330689154,-1.96583387238937,-2.45587839067945,-0.298406887886703,-1.4125666451729,-0.510816794162222,-0.730532649755375,-2.14421645480708,-2.79080757784156,-1.49583881386602,-0.758519661611653,0.201975411309446,-0.405621753399687,-1.34645191364981,-0.258048589475676,-0.358694640788096,0.0974424868530239,-0.822381734181505,0.662208464362837,-0.400235561105183,-0.0614040791205917,-0.0574100366705653,1.09080580280899,-0.94747263095377,0.123142136800009,-0.19732140833275,-1.26041023509718,0.0456094743954873,0.878938207878521,0.716183392840313,0.403983355219104,0.339069283818102,-0.926771514304253,-0.137235299711307,0.0599507084353464,-0.0746532065401439,1.07080285197977,-0.315956636451894,-0.492417698543442,-0.0747172566941853,0.143770312334117,0.505941015275743,-0.510437263499409,0.649750922505318,-0.321788416649685,-0.18950887932795,-0.838001251807514,-1.46512616208602,-0.628523418282016,0.039764442728664,0.946497896233269,-2.02749364702373,-0.904288290578808,-1.26242101884235,-0.562438993214021,-0.846527355208005,1,-0.475787763253759,-0.247483849528325,-0.286234427837921,0.0270734813397755,0.674574645216199,-0.667671192227509,0.714061405688795,0.0620597151430416,-1.01998961095829,0.517290208504367,-1.21272561184092,0.394311595941358,0.174242348412171,0.396236323911146,-0.14362813179794,0.156712880246566,-0.374715381089123,0.638338159657387,1.29474466022252,1.92379953246854,1.48292654621006,1.81088450730346,0.807716876618106,1.19680828379396,1.53934167550398,1.34447904945074,0.668140624771318,0.634793230203242,1.15797180299343,0.12307554288407,-0.000425287459402124,1.19510750355133,0.916131027143813,-0.537989018605091,0.762676316909742,0.118337250815192,0.358889551397889,0.13665735454911
-0.679483829390553,-2.79512341608725,-2.7509903931248,-1.40361724066512,-3.38677895833708,-2.26973901671716,-0.7774950893056,-2.6705664777015,-2.57668611155055,-3.06004985299703,-2.22626733920172,-1.98392127225797,-2.45184030601439,-2.91637893707806,-2.44080230151365,0.29884260809614,0.552503824531023,-0.212160446621516,-1.47118074530997,2.86584371887282,0.179341162640006,0.345644821358011,0.396028510345458,2.86414452168914,-2.08569501631025,-2.10894167297434,2.61051566821691,1.74151923699781,0.47440676727557,0.965966118816859,0.140233978532553,-0.784139188527678,2.52689184071794,0.908670473866014,2.13116762761153,0.931751750656453,-0.592525406189557,0.933039949370003,2.53383473231705,0.500001923725772,3.39703204013501,2.3020417589937,1.74705386454869,1.25510640499721,1.20230356559659,3.03470901582956,3.45742267283213,2.98552667792597,0.805577275350241,1.24859263778761,-2.03167764291783,-2.8973484544938,-3.09846616021656,-3.25379029504305,-3.76026037370042,-0.976195981746446,-3.0745485760189,-2.63868463203194,-3.39046478967408,-2.78893221499213,-2.86980468771783,-0.475787763253759,1,-1.1609865533782,-2.132238889212,-0.648967599795385,0.416290857051671,-1.87810395830434,-1.66813813208857,-1.986375802506,-0.517551679116183,-1.07211503652868,-1.86322868435671,-0.572410329141561,-1.31368771838429,-1.35178879429278,-0.272626778524117,-0.547967793388372,1.48671469363425,1.87862115096971,1.60900186567602,-0.0986376300492572,1.66319489715727,0.0322879856774717,1.37100975698297,0.443058973813873,-0.819153190519043,0.309939445846774,-1.02097576098513,2.70745097697524,2.28799892610503,0.347874295467233,-0.520587969162948,1.92578159702705,2.33639405933968,0.440177746120994,2.82953883511784,0.999578528356599,-0.135316973631395,-0.953466317871895
-0.67536118367405,-2.38455325987784,-2.23407373518061,-0.689057191056764,-2.42430190252247,-1.70484358539437,-1.1179227354119,-2.53799894113215,-1.67003790187979,-2.29754629046824,-1.80783513602266,-1.55554012225481,-2.17709570620321,-3.22236722800371,-2.34785157731596,-0.752165522401824,-0.113892866131948,-1.13306970119557,-2.36885131185453,1.81950121693858,-0.584293148133014,-0.252541740227233,-0.78744349081741,2.74371549870355,-1.40529774124209,-1.66684827864763,1.24100794644835,0.849312432052762,0.0593886204046844,0.650867061660857,0.281342879159159,-0.384251541229098,2.50789753083655,0.223439249217772,1.20620175490154,0.820475577756042,-0.572562658656043,1.05274995918498,2.9349367780523,0.933485104555336,2.78015122166744,2.37794442337701,1.16784796223908,1.39170602642664,0.188726831861411,2.63496742275094,3.06771468032853,2.25710816038877,1.28751196056354,1.50215960985116,-1.78757263564336,-2.4588588369248,-3.0735845119911,-2.29706100866221,-2.94836410578907,-0.240413111698368,-2.81734493745697,-1.77724418953463,-2.43482170172626,-1.99720407604689,-1.87352665995408,-0.247483849528325,-1.1609865533782,1,-1.66430791336054,-0.37256570295505,0.39809271425137,-2.18614635824174,-1.58989546385256,-2.0414278596601,-1.2376281963703,-0.773187331230413,-2.70895456921413,0.0735066898489117,-0.838792365524679,-0.390959906971656,-0.262208078721117,-0.363849410802606,1.41872563987891,2.27575232787388,2.1081899629526,0.336271557761574,1.34403946267278,0.181609984559825,0.970798687939549,0.632511670404686,-0.34882251350817,0.312976441332825,-0.768659328520513,2.9711669141366,2.75696305230354,1.25143492088158,0.371358758086407,2.07932962891409,2.67527593883622,0.58474917556765,2.76069207634621,0.502661710417213,0.30302514604927,-0.255023211148741
-0.208432017496468,-1.67170301391566,-1.5069470283616,-1.26976581443494,-2.66909066111938,-2.04482588489184,-0.476371741496046,-0.858683672647728,-2.12255317234178,-1.93445095761865,-1.5718983603844,-1.63172329520442,-0.796325221987927,-1.42436489286096,-0.903021018335446,1.71143100961114,0.544950756130241,0.715369904002631,-0.697318677350292,2.46367331148266,0.200969026373662,1.24922010673677,1.29823758651711,1.76733535139037,-2.09512060396657,-2.20800268050979,2.20630318020964,1.11578298502192,0.31446567594352,0.864433976579739,0.906268685211427,0.694232695153374,2.75721322266906,1.98716285353527,3.22113705827014,-0.214609654003259,-0.0760478696888536,1.17145539709211,2.15394826810572,0.0142589430257125,3.06013131693415,1.74372916268303,2.85294174115898,0.658626945613901,0.812089020934273,2.62164834197053,3.2439925640028,2.20131958015181,-0.299471375638591,0.484314974509589,-1.05781751912639,-1.8027263766473,-1.19772964323464,-2.86594902425575,-3.19646136632517,-1.22862989435731,-1.12524823321843,-1.66459391222997,-2.79180820474784,-2.6950154407268,-3.25085484102646,-0.286234427837921,-2.132238889212,-1.66430791336054,1,-0.624992338696515,-0.422367129787062,-1.34351581863599,-1.25046408435005,-1.48815374006956,-0.634297493545956,-1.70058499142503,-1.5820463680286,-0.75950689867732,-2.34851100902863,-2.76918385882266,-1.02826604371416,-1.4343007499429,1.89034993573708,1.9226176838335,-0.25532852271005,-0.725624863397072,0.726208103327739,-0.0814864597903935,-0.173393150131984,0.200719119391269,-2.21066054760011,-0.87272467816756,-1.66756848234316,1.24586792218833,1.33468713442644,-0.0730537045720021,-1.34224090825369,1.62269254480742,1.4454458023573,0.196238694773474,2.43053898193532,0.107808416727612,-0.602678192390492,-1.4014481947969
-0.448439591169342,-1.0234956513838,-1.0514342577212,-0.0520708082257318,-0.818018109217036,-0.521022914574464,-1.21037273794939,-1.57528381159823,-0.761365516384733,-1.07545290632049,-0.570603249193302,-0.909207332339606,-1.25350120489603,-1.88035762429831,-1.17324124347756,-0.24150967737611,0.0483080485583738,-0.315010987544497,-1.05638892627964,0.488316825410045,-0.279276233709542,0.0603167300179164,-0.293516288658966,0.716714112275351,-0.765824395263628,-0.696577650808201,0.209127215937085,0.394099909121266,-0.38794715501636,-0.0798727607425768,-0.0235221454326597,-0.273912481678783,0.696009993639706,0.502634450222617,0.584971310821653,0.431401984929479,-0.256163737422944,-0.0252863106627811,0.569692723952609,0.209383115958596,0.728344327766135,0.831373684621924,0.16474813025889,-0.0141502212415878,-0.016477411713321,0.64456732929997,0.944872187476621,0.31938427681917,0.534038192488778,0.230680179901489,-0.273812316742424,-0.999198340277025,-1.22722599738789,-0.761459785057787,-0.870010144464584,0.512146369905286,-1.46450362140148,-0.954645894867283,-1.13420612704889,-0.557570142655674,-1.02339332496975,0.0270734813397755,-0.648967599795385,-0.37256570295505,-0.624992338696515,1,0.519507099790523,-0.922799626934022,-0.0114743483079576,-0.318041534393989,-0.612632005546392,-0.309160862582552,-1.28694295065412,0.33359824742622,-0.382334150335132,-0.37402748002623,-0.114546007890284,-0.454137370026407,0.0226173629091057,1.0024738621287,0.747859918280028,0.976753303638006,0.975553763288862,0.730811457664933,0.214770499276931,0.619923280646711,0.180138700949271,0.329358237920852,0.145202459192948,1.0349476012095,1.3128412542204,0.449727656080869,-0.0649796475437766,0.972201948506504,0.880831237540065,-0.0528434867459519,0.958621109064499,0.244560726415583,0.225180076718596,0.0626736719258298
-0.452790644837304,-0.807588367592183,-0.67319498405015,0.711427615333005,-0.164344028307204,-0.138927549524474,-1.88910969593686,-1.88469334903049,-0.183127469905586,-0.84747821193618,-0.429457408648341,-1.02946621097693,-1.20284771831727,-2.27942517137717,-0.903858971537895,-1.96208530908888,-1.00639153105235,-1.85916761988453,-2.17689591155807,-0.918774026238321,-1.47720420470942,-1.22140298861367,-1.97201874100367,0.276494448872959,-0.819793860383595,-0.682496465740791,-0.81815304542261,0.0025368009576201,-0.928194576036852,-0.463195663761541,0.020198228915222,-0.00995267735832675,0.585833964333077,-0.618850843991972,-0.462398949929027,0.370009860658616,-0.325095625959378,0.486571351816418,1.02908639275583,0.484222351287548,0.507611600482171,1.53659644217108,-0.274956733320737,0.911466659478662,-0.652294397835452,1.02000906294203,0.915232239380391,0.0455752589334275,1.54968782784329,1.01264982601588,-0.376373542856395,-0.797790128942418,-1.76597156184973,0.512208689833016,-0.298217936312745,0.735230983033007,-1.62607302948684,-0.417357492917585,-0.684605564132218,-0.0694124486818267,-0.0477549168377767,0.674574645216199,0.416290857051671,0.39809271425137,-0.422367129787062,0.519507099790523,1,-1.4887437371831,-0.208939369905785,-0.988653816871618,-1.59212169441469,-0.143856137186024,-2.20284733981602,0.914094205721923,-0.2096182085511,0.451669088335783,-0.749958197337663,-0.399328663773906,0.136618037749717,1.12880052115002,1.33767910794671,2.01926120472273,1.0623547007026,1.00851606913438,-0.0238588408311104,1.29260289549715,0.891958374942808,0.534822948092301,0.30151886897578,1.93447227427392,1.99853536369071,1.42619777831847,0.910988210415923,1.53739557739851,1.30316680443416,0.758478239333538,1.38910401628868,0.216960264224689,0.988342176978318,1.01222976697083
0.0746015148942757,0.636074861315502,0.465774413611262,-0.825413207057201,-0.30799006160557,-0.838866476874889,0.56110208406533,2.02962326023774,-0.640117487847969,0.583183705760778,0.195779408890657,0.329673746519335,1.51471386045064,1.60821322867631,0.752001897630931,3.83634836482572,1.31453898288059,2.65274818490668,1.78045695866184,1.45136854580174,1.41077184338127,2.82942624069518,2.84578862608992,-0.290627297720825,-0.326338672738306,-0.519314451385263,1.20977227756593,0.35223831076452,0.0605243577030443,0.696592172096099,1.03696512385798,1.70042104972974,1.32907803848195,3.35381873706471,3.40547906665875,-1.57921659861053,0.998625457944603,0.2338185688711,-0.142516364803706,-1.10987396327843,0.694881338207174,-1.12647812237373,2.70396345344987,-1.33834286769284,0.506424601846477,-0.115329503062193,0.823411318624869,-0.326987278986833,-2.50262476607149,-1.73080912181524,0.516422291390507,0.560409349025048,2.65006633764292,-1.61133327055793,-0.786729950019592,-0.995833723360458,1.9350803919397,0.00203114256794262,-0.592915084835058,-1.38210961966162,-2.37765514559312,-0.667671192227509,-1.87810395830434,-2.18614635824174,-1.34351581863599,-0.922799626934022,-1.4887437371831,1,0.568350873392516,0.699937036268163,0.488611978185196,-1.31983522158287,0.604905162022746,-1.19538385937464,-2.0659794820951,-3.22154872845813,-0.622223945101963,-1.5291661859116,0.891580918909297,0.486777967345813,-2.58090033493824,-1.78469455904087,-0.787065127424385,-0.164947485157395,-1.53371874632591,-0.73173230789374,-2.59122142942293,-1.83549081773841,-1.71113366379665,-2.3235985072341,-1.43978452108711,-1.39078789119177,-2.2974602035255,-0.194954833335464,-1.1226855431521,-1.21162925666255,-0.146422996398685,-1.28653647720152,-1.7557816630139,-2.00880608090332
0.807883165833742,1.80117123484147,0.984234699038654,0.277395334441794,0.707936898070352,0.323827166304103,-0.764250889420851,1.89351038900033,-0.367860231361907,0.468228562776695,0.933422764160755,-0.985006908056233,1.6777363835109,1.21463452714232,1.68378509035798,3.69229124832277,0.326150629000451,2.94570230128936,1.63327937291101,0.3129596669163,0.505624839453489,1.92272446205288,2.81107861192394,-2.80883327212825,-1.64608428117182,-1.36861009102307,-0.384760147968568,-0.745030735263082,-1.22973621486692,-1.31583318892244,0.564123542348943,2.45343425564336,-0.265606228628343,3.09052332317063,2.46038245039244,-1.05862706506979,-0.0658773558541803,-0.210986467829811,-2.04181647513093,-1.41568332755689,-0.172891900075133,-1.73352606651615,1.44268393708557,-2.2303968171908,-0.409788937988212,-1.1130727773657,-0.575634192203856,-1.62533701478057,-2.12438541127733,-2.05762114043504,3.07355530110554,1.45748862432809,3.0527107698336,-0.0135568394273221,0.234382476532147,0.71495377390695,2.52063315802584,0.0838844830570759,-0.42649334827677,-0.171208759021625,-2.68903407929535,0.714061405688795,-1.66813813208857,-1.58989546385256,-1.25046408435005,-0.0114743483079576,-0.208939369905785,0.568350873392516,1,1.83696575045479,0.134878128089775,-1.98277528542485,0.494637225503536,0.0982586570289665,-2.89324850029731,-4.53937315403803,-1.27474250098875,-3.18809431610021,-0.432115066115758,0.326745787065477,-4.37095897641322,0.382166956815728,-0.235031686696314,0.658536229703627,-3.2996445867699,0.29498801713007,-2.55119314629928,-2.0463105448943,-0.432477105957501,-2.49335644499066,-1.18001184673285,-1.03934684158359,-2.63215043262241,-0.20900535535659,-2.366313520956,-0.897778798677223,-0.79487889476589,-0.700564573126966,-0.769225709112701,-0.86243834758703
-0.252408027147426,0.472379873160455,0.151836622345213,-0.204010634849408,-0.161169768717015,-0.783742624486966,-1.39603888865534,0.710548820038824,-1.23186500348233,-0.0198280279557277,0.544390612393782,-0.804720095326769,0.798845995996407,0.65966200106531,0.990866136106966,3.44483928781767,1.17825425998491,2.50841693178608,1.56865092666416,0.353555621138768,0.872852187809511,2.64994067199971,2.51442161567189,-1.82830147230955,-1.48833716174241,-1.21048728124157,0.784555831189062,0.837162275301063,-1.09578131318316,-0.125328352662012,0.962033205524771,1.5939779209278,0.562530075809208,4.14432075534902,3.83829095453654,-1.61814431457628,1.21249174752387,-0.248490409958304,-1.46628770862456,-1.81380396721475,0.239827331807369,-0.803951841606729,2.55226469387947,-1.85990456955176,0.558120736093358,-0.183517875119792,0.581805585694035,-1.28343834096166,-2.10784324553693,-2.11524720056882,1.27026854345172,0.439457236741884,2.59845593376723,-0.878582120525852,-0.326803297219312,-0.45789276669501,1.16767858792787,-0.64398511786156,-1.26150616469403,-1.11862135220579,-2.97303528643791,0.0620597151430416,-1.986375802506,-2.0414278596601,-1.48815374006956,-0.318041534393989,-0.988653816871618,0.699937036268163,1.83696575045479,1,-0.0883849636134471,-1.54302561405297,0.106705521618055,-0.815099895137318,-2.65531737057936,-4.16669985956596,-1.56609105294597,-2.46421973490527,0.0153101506360296,0.376435430003114,-3.1032457983577,0.616429825951597,0.279560576245903,1.49886095022767,-2.05615947359475,0.619718836980294,-1.91687552435015,-1.33677220038697,-0.966853671168529,-2.33891705861097,-1.0277505255752,-1.62218659523136,-2.86812005690816,0.385965110202908,-1.61571724531504,-1.18976460204751,0.0537505808722396,-1.0519559249484,-1.29457413538608,-1.58323400056421
-0.343083887032349,-0.0860735044262178,0.943231417209006,-0.597713383038924,-0.0380804369396381,-0.644353071509976,0.490522820002132,1.40444470635768,0.384341929150511,0.944711248579572,0.0770792634238189,0.98788725431908,1.15113673546803,0.90004667833865,0.761318918297718,1.63025619634177,0.646218525896259,0.887537658981381,0.440311086910882,0.148108262095463,0.386135529780717,1.86475508749325,0.863566060224098,0.636793002858329,0.704908643507949,0.303421269220199,0.362212444327875,0.292117716270589,0.2240976791268,1.38100094004992,1.28558590618213,0.883097836903844,1.41871947411571,1.95745240418895,2.37886449511023,-1.60629685769194,1.4007606058444,0.160757565758409,0.868883834860971,-0.27682984606264,0.107870698656647,0.249691864220022,2.24144592547018,-0.520371220509534,-0.105215987773016,0.156090935259575,0.959524765191322,-0.333357779968224,-1.52901400806791,-0.976851325006137,-0.380565474994221,0.531722835676605,1.45945327069972,-0.879161387915008,0.119373702046649,-0.936621215704499,1.24606580933714,0.886293391135207,0.138824722173411,-0.972105946124287,-0.742522712254021,-1.01998961095829,-0.517551679116183,-1.2376281963703,-0.634297493545956,-0.612632005546392,-1.59212169441469,0.488611978185196,0.134878128089775,-0.0883849636134471,1,-0.176985011372733,-0.188019280613566,-0.808164991453623,-0.787773364595107,-0.810190564044227,-0.638770107958906,-0.0420820463018644,1.34430107414842,0.571223891389159,-0.686397687455655,-1.5333241942183,-0.982132307403227,0.154967670004169,-0.629546623423165,-0.465576351313515,-1.24074304402234,-0.803837304927242,-1.27352260715097,-1.47138410960941,-0.880220033334818,-0.618480358325901,-0.799947328279875,0.153301522049121,0.211540541178884,-0.844105290782206,0.281990924150965,-1.47873238502656,-1.13684499975995,-1.31123920737621
0.775158644861778,-0.0204263772219135,-0.775405486235298,-0.536002983237683,-1.41063682692922,-0.942587480309005,0.699584881386808,0.614831265876379,-1.12692414671614,-0.908737649323552,-1.04320776367196,-1.12219851574077,0.398488361270629,-0.137332544744492,-0.364579171751551,0.995825216710993,-0.469876801094404,0.15355856008129,-0.646454196656328,2.06654509073456,-0.173949491699519,-0.144540136012847,0.747566914214898,1.07190008048347,-1.5553328500701,-1.83761185134639,1.05132115926891,-0.517218270876432,0.491482228680303,-0.143053115736778,0.359418650104085,1.54348667895731,2.04798298628205,-0.073501048992721,0.8360884106311,0.261157109198287,-1.1517313880423,1.86699271513981,2.2113261371563,0.518272936711216,2.70218650227502,0.636745228382472,1.45143496519989,1.33236750550192,0.00228077960399165,1.99426348924411,2.03262607612795,2.17549589000889,0.178789608985312,1.25001386157452,-0.350282104742609,-0.895494495219965,-0.738403308153048,-1.47314719808251,-2.70320866985604,-0.733506491441575,0.229590533786879,-0.69715135073375,-1.29173345225621,-1.4719372039126,-1.73522372169916,0.517290208504367,-1.07211503652868,-0.773187331230413,-1.70058499142503,-0.309160862582552,-0.143856137186024,-1.31983522158287,-1.98277528542485,-1.54302561405297,-0.176985011372733,1,-1.11229787973668,-0.136813264173059,-1.8514456606716,-2.02374541628273,-0.490048753652464,-1.43449836802393,1.58995535110147,1.5269624558476,-0.647301492984012,-1.36595367705798,-0.174413592683809,-1.58771430908353,-0.820356915604072,-0.428352657484676,-2.41420972474176,-1.60179539620693,-1.53815606179361,1.57581424516283,1.16118205548972,0.87831156312191,-0.295327928462567,0.825234185643655,0.843086583478903,1.00517194544822,1.58212012919082,0.336948382394664,-0.0569348743636875,-0.420176621226304
-0.667037252390458,0.07327672208388,0.21779614832455,-0.847278751996327,-0.306438227592361,-1.32524742468146,0.198579726911523,1.67009153385919,-0.55771051031135,0.847176186420103,-0.0246339867278282,0.900537635110287,1.33732545260034,1.02383303769564,0.002265217740824,3.5189075960245,1.49705295285685,1.97807443329102,1.05932840474022,1.33110504283346,1.29369707364843,3.29475248090997,2.16815321292442,0.817241226611658,0.33310856256329,-0.151195537927516,1.21733780000543,0.696605973667577,0.0147264613900071,1.54998482788457,1.49066455214569,1.74546768682877,2.46428047207025,3.8678011072388,4.02631204872448,-2.10785275307173,1.73814535919485,0.527233768117147,1.09916318765427,-0.952044360311048,0.932113513872177,-0.595436801849404,3.47414517916197,-1.02030440563629,0.387656120953788,0.317667419290852,1.73330396459695,-0.352240742701038,-2.53045392182545,-1.66482610210807,-0.635388354219058,0.187114590905126,2.42698275967056,-1.99217000587881,-0.951865110249232,-1.28781481480209,1.38818226625787,0.11451053221207,-0.597180481599376,-1.84390845754316,-2.30421641005309,-1.21272561184092,-1.86322868435671,-2.70895456921413,-1.5820463680286,-1.28694295065412,-2.20284733981602,0.604905162022746,0.494637225503536,0.106705521618055,-0.188019280613566,-1.11229787973668,1,-1.37339529452469,-1.88891659263219,-2.61360343476719,-0.682555837584423,-1.14305135386676,1.53262758618356,1.21281346155658,-1.45633201748692,-1.99195023472239,-0.814399614780092,0.165780007367859,-1.21001537973188,-0.701351693783494,-2.34761269821391,-1.79997405325918,-2.27520007301624,-2.02346825217141,-0.947310912474985,-0.957126130188663,-1.93016024212424,0.427135022866717,-0.218313369542906,-1.46543802430711,0.493144728191271,-1.9926973040731,-2.11062625538992,-2.27831161959852
-0.760850735241281,-1.79909457432343,-1.83838186830086,0.00982171356213257,-1.43407766572687,-0.905358746743891,-2.20393518315523,-3.12478561495284,-1.52578023211508,-2.28860450109097,-0.904553752344527,-1.79159144582478,-2.45706606611792,-2.77701117584416,-1.57415094373835,-1.31628753061103,-0.0835202096807577,-1.05493426359246,-1.38984486083851,0.10011845311606,-0.561305265565459,-0.785916381690096,-1.01387016899151,0.403056756857066,-1.70145040491516,-1.14511972106479,0.78776289595578,1.52832854844677,-0.824952507657595,-0.282703682452317,-0.506001490806492,-1.17836756763482,0.202449753915266,0.215261251846363,0.419621392795207,0.834090091751071,-0.214989449731703,-0.00569917930294694,0.17415012692272,-0.0976265650624802,1.08402521662695,1.58505201046876,-0.162949802542304,0.697395053993849,0.634926054357966,1.43853912402386,1.21018626314235,0.699397340454296,1.48959234625462,0.740008851320237,-0.825759193451024,-1.7085171873845,-2.31189436603182,-0.644494047976871,-1.24815197993398,0.148113456020752,-2.82852452173672,-1.93519095359785,-2.16454831416714,-0.97064207487297,-1.17222705036282,0.394311595941358,-0.572410329141561,0.0735066898489117,-0.75950689867732,0.33359824742622,0.914094205721923,-1.19538385937464,0.0982586570289665,-0.815099895137318,-0.808164991453623,-0.136813264173059,-1.37339529452469,1,-0.376818863830331,-0.279032588849164,-0.690379506102373,-0.346324748534495,-0.255912575116369,0.54774158330043,1.36458834397331,2.48415679416393,2.04598059999432,1.48274357227304,1.04106741418686,1.57421387837198,1.30185492121898,1.24783924681299,0.45104567697933,1.92755208794677,1.79212769354618,0.299740058305432,-0.028145503268643,1.56457956962134,1.02068807207567,0.520120758662222,1.57277301717991,1.01058856572376,0.743004755370454,0.405117467179332
0.550530316936628,-1.28013303282948,-1.30891920558118,-1.12753984763312,-2.71732939608811,-1.79849728088286,0.646550603681569,-0.234218978880481,-1.65629056223492,-1.90629792336795,-1.90264131714645,-1.66433448591523,-0.382175148332353,-1.1135278187016,-0.742168434616634,0.50390548219161,-0.559861796605254,-0.352354347539252,-1.48437989410073,2.62571557206394,-0.514893695821134,-0.308300825678234,0.379538720392129,2.30917517304204,-2.10225288861408,-2.49685121612978,1.82257021070188,0.131432309953114,0.790210399126619,0.583668735740994,0.724979956889967,1.087151562898,3.01731624692178,-0.145869014456518,1.56930110801228,0.417070806603835,-1.1334884678553,2.27178225078094,3.5243800648683,0.957245891731417,3.85374086964144,2.18305264101556,2.28840336155275,2.14424045126433,0.227090327819037,3.397144539331,3.4644418624409,3.41732463421388,0.668992686878173,1.94440765609698,-1.27307143515016,-1.80391288392299,-2.11874944514744,-2.47365228191031,-3.78759648971855,-1.37165684934098,-0.78296321504108,-1.16838298628554,-2.33109170372309,-2.54904682489581,-2.32716079043877,0.174242348412171,-1.31368771838429,-0.838792365524679,-2.34851100902863,-0.382334150335132,-0.2096182085511,-2.0659794820951,-2.89324850029731,-2.65531737057936,-0.787773364595107,-1.8514456606716,-1.88891659263219,-0.376818863830331,1,-1.93512460584874,-0.896634369925093,-1.13978449796812,2.59266765733406,2.14798610413934,0.235786737872096,-1.57234837133799,0.15394581598347,-1.54057091291128,-0.143558928966799,-0.177291039538367,-2.53801753969609,-1.21213476595484,-1.9230973226426,2.68190829853221,1.92797811446269,1.07530793640994,-0.12025448926209,1.61199273242072,2.13839875297837,1.37830574469663,2.85902208438782,0.565050727913726,0.0744133885067854,-0.701907894968338
0.709329771735334,-2.25559606694719,-2.6188813275191,-1.4620767212381,-4.04591999031119,-2.41945040302785,0.933265174570221,-1.44854243596697,-2.46636838913971,-3.3138807061846,-2.96746380168588,-2.45819395301434,-1.55895371546735,-2.30792308595222,-2.00996882929413,-0.766877197889497,-1.03125268796842,-1.51145550052829,-2.62283942338103,3.74342176762976,-0.828445196360627,-1.6451117160764,-0.439576149509628,3.82110661593197,-2.81873022271453,-3.22861053419475,2.65718385150177,0.409579819288017,1.30790625213025,0.5730258945102,0.154520645043186,0.462912123047416,3.72437280709413,-1.72256931168351,0.60482781487394,1.57973920875236,-2.17473500757563,3.19695526108865,5.09428532503378,1.82021599889275,5.50971824888466,3.25298677225548,1.83991563247932,3.8044944857874,0.504690684958009,4.95815059359103,4.58770083751488,5.40286966192717,2.11035814067983,3.62978075338408,-2.47420658401736,-3.16690928146884,-4.35485911453587,-3.28611357254269,-5.58149587914502,-1.72002201432239,-2.30438030164242,-2.17953595991001,-3.36802214133558,-3.3028998956639,-2.39958034905781,0.396236323911146,-1.35178879429278,-0.390959906971656,-2.76918385882266,-0.37402748002623,0.451669088335783,-3.22154872845813,-4.53937315403803,-4.16669985956596,-0.810190564044227,-2.02374541628273,-2.61360343476719,-0.279032588849164,-1.93512460584874,1,-0.616628662331855,-0.739515138391198,3.18655937375325,2.68680600465322,1.76830177826561,-1.70305944280961,0.735973266298971,-2.42466118323948,1.0317763506438,-0.143929889900365,-2.30360363879545,-0.842079807745266,-2.11297244871835,5.00288363339927,3.36302712263126,1.96793982551857,0.785505082114882,2.25705501152442,3.46906974261709,2.46905323675186,4.08986944917108,1.6391012628965,0.732892558455911,-0.268028490309616
0.0464045596604337,-0.786074604750197,-0.254531740310997,-0.612776203248172,-1.26350355901867,-1.07341094334149,0.378077718010509,0.032399735283746,-0.597393055364238,-0.818613928327307,-0.822879910966995,-0.469106016392639,-0.136448005225384,-0.122991841430993,0.0839801183603048,-0.121849700634438,-0.235060560969318,-0.378078195001894,-0.547346407731991,0.622659188910584,-0.320093861986634,-0.1779353663656,-0.184734741547194,0.927608660728774,-0.754588076311962,-0.991452613414055,0.994858712394426,0.552398716680689,0.20561286013242,0.769844593118825,0.704624748188547,0.288576152117388,1.34595099604084,0.116735235280033,1.10895443636489,-0.268032627064089,0.208389543539532,1.12357529273236,1.73203149400223,0.152896639810766,1.71704614080052,1.38481871402245,1.55099070216424,1.35691477004229,0.295820116909054,1.93427640454333,1.80010206875544,1.5173738080673,0.256764125623003,0.834361425808216,-1.06261988662063,-0.697929686627215,-0.720909990637685,-1.00970001697603,-1.50612228785681,-1.37831154895095,-0.229739229140598,-0.258649316223806,-1.00996139918977,-1.47232929174762,-0.750880882871947,-0.14362813179794,-0.272626778524117,-0.262208078721117,-1.02826604371416,-0.114546007890284,-0.749958197337663,-0.622223945101963,-1.27474250098875,-1.56609105294597,-0.638770107958906,-0.490048753652464,-0.682555837584423,-0.690379506102373,-0.896634369925093,-0.616628662331855,1,-0.0981106002097568,1.5687535530024,0.590568211217635,0.225578586008361,-0.778482739442764,-0.0865386774228522,-0.479216744785524,0.216662267978889,0.116872856766363,-0.856725410395644,-0.284581455849905,-1.28533762175438,0.982938109686346,0.431203767292875,0.190711420636511,-0.0221815626858155,0.832592607277856,1.03704293147168,0.692574755583008,1.50429886450609,-0.133875414833587,-0.132804353728693,-0.618202732881769
0.905293709436566,-0.343438748081559,-0.756604959633822,-0.920836204417721,-1.84004898700878,-1.19014370546583,1.94371341549118,0.998897652197325,-0.900680519273268,-0.636285295580675,-1.39956154109443,-0.521186981249617,0.651693885983389,0.276595511748134,-0.363494362056352,0.274592027237035,-0.642052925388074,-0.591030667827416,-0.961682557797585,2.47280406251917,-0.233606111963685,-0.598172747404126,0.25565284925888,2.40635785427546,-0.864677793454219,-1.51827263922078,1.35171239899192,-0.724919172215367,1.49404041583756,0.549877156174726,0.449228354795551,1.29717836394605,2.67964640621715,-1.32738722932323,0.161259885747827,0.396933528676184,-1.32346713492721,2.43111178335122,3.56527722349881,1.32677748660107,3.16754777505424,1.25920915649821,1.50018856510648,2.30568453249572,-0.0359112121069507,2.6103775585541,2.51079894042711,3.29181735247941,0.563527192234756,2.1559126800471,-1.40664086167332,-1.21997641391321,-1.46184507391201,-1.78748054118367,-3.17757197419897,-1.39185022158579,0.171830859466888,-0.306458793882708,-0.899286362277335,-1.61779200583452,-0.850619545760862,0.156712880246566,-0.547967793388372,-0.363849410802606,-1.4343007499429,-0.454137370026407,-0.399328663773906,-1.5291661859116,-3.18809431610021,-2.46421973490527,-0.0420820463018644,-1.43449836802393,-1.14305135386676,-0.346324748534495,-1.13978449796812,-0.739515138391198,-0.0981106002097568,1,2.40604428252107,1.63752407406192,0.434038494864747,-2.71746345820602,-0.83790735537278,-2.63784396486426,0.0067307980158624,-1.10845392640375,-2.54621210558444,-1.53070610502952,-1.84880589780686,2.30967002017638,1.32939070240037,1.25580465081034,0.583965137458828,0.613201030376778,1.79629463368774,1.46533310689475,1.94581307485013,0.421183511311292,0.01119129047756,-0.389219124774573
-0.00743519250740473,0.214705447956377,0.0659378908638809,-0.0247770152542733,0.545750702819492,0.605493404522428,1.78039070749136,0.301031388760028,0.717516426015957,0.978321002546854,0.342448838348549,1.52334681853773,0.163801158217394,1.34565504930475,-0.0285056725322121,-1.64345942720043,0.16397973010799,-0.997466271229404,0.704870208738987,-0.351908895919039,0.53232040231851,-1.02850894776872,-0.841388618116246,0.694267245292647,1.95201354702566,1.71489877667053,-0.0194136099436776,-0.196081640967339,1.3445835198335,0.444742470087823,-0.789724992590164,-1.44070270453166,-1.1676434654331,-2.464848839542,-2.61921944923298,0.637399023185538,-0.11714293445865,-0.319901427947848,-0.176719728919585,0.599990045754431,-1.13878702920247,-0.586205211613202,-1.82480836005854,0.641327810494677,0.417913743916235,-0.786856943421855,-1.38144866923781,0.372923444461886,0.608625812685604,0.707558886798169,-1.19259482952479,0.0408239084364584,-0.377924735366829,0.821422880192327,0.858043293957529,-0.425892990618913,-0.20524593038847,0.572437094894544,1.66257538573437,1.32388437394457,2.79966838341231,-0.374715381089123,1.48671469363425,1.41872563987891,1.89034993573708,0.0226173629091057,0.136618037749717,0.891580918909297,-0.432115066115758,0.0153101506360296,1.34430107414842,1.58995535110147,1.53262758618356,-0.255912575116369,2.59266765733406,3.18655937375325,1.5687535530024,2.40604428252107,1,-1.48659286148458,1.76790696758712,-1.12039464722142,-0.738316856898438,-1.18934160020547,1.92331362451558,-1.08083363993024,1.46431204142198,1.00915824671412,0.782966383142686,0.141130941946652,-0.7623065522189,-0.0903886577649484,1.4882830811432,-1.48766479511864,0.0485184762013635,0.24385158668035,-1.18544041111366,0.476544384530341,0.184854414112493,0.57118048976403
0.195391424888457,0.125184664232336,0.305941990124369,0.641447535173341,0.744929989104187,1.13691244740757,0.111838056400454,-0.885893011525201,0.700781151209893,0.146773733160278,0.526163340164662,0.155028130516506,-0.577515326360601,0.263570851030668,0.628172392066315,-2.72033458802213,-0.66635411135464,-1.46155064253325,0.0567718364129726,-1.75943166812634,-0.598052318526328,-2.11543270541022,-1.62718542550742,-1.04029512614779,0.574147468002599,1.00002536884206,-0.839557712202183,-0.110059847334176,0.228488547164822,-0.732613058377806,-1.0527563720128,-1.7503938850306,-2.44569836674687,-2.75449463732208,-3.03944738899067,1.00409597988196,-0.438959593252981,-0.875099600808744,-1.62423937507469,0.285543107111878,-1.70766791136595,0.0835200694829401,-2.64208451487201,0.479742989961061,0.13469000381916,-0.829297334860477,-1.98198362581692,-0.382512492866284,1.49248247621924,0.755772873646055,0.101431530640004,0.254902489555795,-0.999469088996063,2.03342812211541,1.69144654843803,0.43149049894475,-0.71090259101948,0.341827042714924,1.15856341197054,1.84184976720458,2.62655932750398,0.638338159657387,1.87862115096971,2.27575232787388,1.9226176838335,1.0024738621287,1.12880052115002,0.486777967345813,0.326745787065477,0.376435430003114,0.571223891389159,1.5269624558476,1.21281346155658,0.54774158330043,2.14798610413934,2.68680600465322,0.590568211217635,1.63752407406192,-1.48659286148458,1,1.16779502719459,1.38032402278172,0.26334884909053,0.144685056507758,1.36460829057859,0.345445341557616,2.33186538362355,1.72747260180276,1.8563123406404,0.500325936633433,-0.284575514781554,-0.0412447742978119,1.37074943008773,-0.950691723327194,-0.378585876152942,0.766527413049662,-1.06060847306668,1.17621399127074,1.2566057267909,1.53237457019201
1.8974290238233,0.135189430292759,-0.172352541816724,0.15620653166358,-1.00803411702132,0.34124626409977,2.16046232102809,0.398475557154816,0.573596022830936,-0.933989515575862,-1.36562968442759,-1.06881795656617,0.119076894529042,-0.588353438985352,-0.0742011370900593,-3.24028547486786,-2.88161028112149,-2.79388972837733,-2.71379577598351,0.930723622855687,-2.12143673792581,-4.09355580941375,-2.32905758142552,1.81917959161526,-0.902015586963286,-1.45204699223956,-0.722269096658196,-2.30690792965461,1.19517388642904,-0.923551160818654,-0.580626883951042,0.613541618369418,0.904560822377338,-5.40424657840474,-3.92097220041022,2.17112060968989,-3.21746943682231,2.60844396847506,3.63338737291941,2.72918252962347,2.55167012112767,1.97380096150146,-1.50894415126364,3.69609413765755,-1.46772253682001,2.45533466498454,1.12643051862417,3.61009660707042,2.95906622718446,4.01945951472257,-0.388961441822393,-0.739283207728482,-3.56520353672002,0.397815519700701,-2.1484596910083,0.110472391531013,-0.187473670909647,0.534355042740417,0.203624084909894,0.0405431823203565,1.51963180299963,1.29474466022252,1.60900186567602,2.1081899629526,-0.25532852271005,0.747859918280028,1.33767910794671,-2.58090033493824,-4.37095897641322,-3.1032457983577,-0.686397687455655,-0.647301492984012,-1.45633201748692,1.36458834397331,0.235786737872096,1.76830177826561,0.225578586008361,0.434038494864747,1.76790696758712,1.16779502719459,1,-1.45092652482469,-0.726020880125496,-3.29307492191034,0.256185186136871,-0.537673175094607,-0.843360180569938,-0.492118432956283,-0.187656064055621,4.48320275630167,2.45007269326355,3.09752970373876,2.97891786258695,0.519699866507021,2.40164829019446,3.13181443410681,1.74763967110548,1.7776227204708,2.15150994575816,1.96643020748904
0.924691929679205,1.04624034448005,0.225079995560593,1.5803561470978,1.06097426801114,1.44209545794056,-2.47832815496867,-0.909589416427353,0.562140161591085,-0.853508039468495,0.174168247639236,-2.15588164760611,-0.542694929654085,-2.5090681149612,-0.360086324041871,-0.601174469887858,-1.96369860403483,-0.405015886344478,-2.1116640833132,-0.912374727734363,-1.91203436165712,-1.61093258187199,-0.904465338166617,-1.99419496347188,-2.07025166386674,-1.42254967476789,-2.4791297259646,-1.85070734207344,-2.10881672144684,-2.85315252782075,-0.700552173590321,1.48262523369344,-0.760905810234777,-0.572369418493847,-1.32582633345415,1.09498211687969,-2.11788448398279,0.0359538360738977,-0.872021404240385,0.382921631320299,-0.126961635265351,-0.165481993421554,-1.72291238518918,-0.581299029574429,-1.96468752930397,-0.656740416471913,-0.807461276716033,-1.32853618603451,1.20585632520613,0.233448194361214,3.16422356289959,0.662486107319896,-0.751877298808408,1.5392538038866,0.508077412820998,3.19145432630629,0.0758311656415682,-0.0918013345216774,-0.441101312292239,0.98396965230603,-1.13690298993949,1.92379953246854,-0.0986376300492572,0.336271557761574,-0.725624863397072,0.976753303638006,2.01926120472273,-1.78469455904087,0.382166956815728,0.616429825951597,-1.5333241942183,-1.36595367705798,-1.99195023472239,2.48415679416393,-1.57234837133799,-1.70305944280961,-0.778482739442764,-2.71746345820602,-1.12039464722142,1.38032402278172,-1.45092652482469,1,1.24558404512536,0.910528087944854,-2.55734876308549,1.57402738948212,-0.0798479371679841,-0.634643402874317,1.19423569339662,1.2247108290672,2.02723843107907,1.93420124862537,0.201830940289402,1.26630502624584,-0.440278009350343,0.6842820138536,0.183267571284522,0.725135543177904,1.67741410944719,1.92361692330823
1.24477167500717,2.07886540316287,1.47579303052104,1.80754605045016,2.30745905838381,2.02776403535736,-0.288635334004363,1.01290619617801,2.04239392393382,1.03634081704134,0.952066986228199,-0.0949893726485556,0.960422036568986,-0.112648072675564,0.745721335189583,-1.76491685048192,-2.24647270741491,-1.20347254273954,-1.42631198559652,-1.90998203433708,-1.80575825374426,-2.33408594876477,-1.80334912900411,-1.77932430625795,0.131586077065432,0.104117138883789,-3.2218510680879,-2.66150117587128,-1.24574173088247,-2.17019037428469,-0.566304459417334,1.36991165866197,-1.31227953749891,-2.40153566052548,-3.16308070298805,0.70885374161272,-1.53731442201851,0.412307268858784,-0.313429243651894,0.839344268228255,-1.0899663136904,-0.792199308427809,-2.32565890502686,0.298383510455966,-2.41508474841965,-1.22452149018748,-1.84982191686794,-1.32402542378353,1.20006684027534,0.715400315842842,2.37599315684996,1.69386721112278,0.197822296875702,2.72042740074309,1.65531796948079,2.2777545483949,1.55097681346029,1.64899242157031,1.84610680537072,1.99063030767517,1.64859273357905,1.48292654621006,1.66319489715727,1.34403946267278,0.726208103327739,0.975553763288862,1.0623547007026,-0.787065127424385,-0.235031686696314,0.279560576245903,-0.982132307403227,-0.174413592683809,-0.814399614780092,2.04598059999432,0.15394581598347,0.735973266298971,-0.0865386774228522,-0.83790735537278,-0.738316856898438,0.26334884909053,-0.726020880125496,1.24558404512536,1,-0.445627148129562,-1.94175091383776,0.49401241551637,0.450426030689396,-0.609645809057236,0.985457316482788,0.713720591467503,0.734057182844875,2.03950921591301,1.61776795199098,-0.0886222796482539,-0.530474053347089,0.99767541900478,-0.795088532533942,0.078741823520628,1.56131270682383,2.13439667328485
1.51856983294781,2.73315990423111,1.12802358758797,1.34994020430889,1.79774824011313,1.64926422623447,-0.338710250948093,1.81341974413633,0.601254073614857,1.00822577849751,1.19669410806904,-0.975398495148375,1.84289226146218,1.09995494871935,1.62263714074687,1.1841952323607,-1.20010592890865,1.06471281858234,0.525033448017691,-0.59878039200863,-0.652531374625654,-0.558603012278283,0.947654833201867,-3.08308862303259,-1.19684218251173,-1.01181989183806,-2.05527846496976,-2.47454971607162,-1.02861891476668,-2.58419823480758,-0.347736953796694,2.42790090071432,-1.28366413400199,-0.277491449503064,-1.17321058760763,0.235561389139181,-1.68316934227931,0.237076602079208,-1.76367457465414,-0.276988789954066,-0.751958128511465,-1.88321822937517,-1.03636612904381,-1.16477891842153,-1.43181246015502,-1.54995961833767,-1.80134347694578,-1.42427340058552,-0.399512641508838,-0.468122030753572,3.48361866864223,1.70406066597927,1.81560433350242,1.86432140349632,0.899718236445282,1.92152581652504,2.37532497931814,0.74424640295376,1.0182285017112,1.65896087974421,-0.436854939056682,1.81088450730346,0.0322879856774717,0.181609984559825,-0.0814864597903935,0.730811457664933,1.00851606913438,-0.164947485157395,0.658536229703627,1.49886095022767,0.154967670004169,-1.58771430908353,0.165780007367859,1.48274357227304,-1.54057091291128,-2.42466118323948,-0.479216744785524,-2.63784396486426,-1.18934160020547,0.144685056507758,-3.29307492191034,0.910528087944854,-0.445627148129562,1,-3.22666481236192,0.168870483917723,-1.61397869694405,-1.78783833018738,0.755333489748346,-0.798227856813211,-0.190192529499693,0.672290300878894,-0.61462640715365,-0.635934105952363,-2.05334626335247,0.359513871853512,-1.26967066139618,0.239315823671086,0.658593871287291,1.08096793952343
1.77483358815264,1.40654896092813,1.12175520230842,0.370393498826757,0.444387128609127,0.688018695502363,2.47184079978971,2.46539809793078,1.49523072640621,1.06805621216978,-0.394560196693844,0.451159305695887,1.94352978830413,0.983651729936446,0.693688132725854,-1.32326569535737,-2.2306905604334,-1.64508689693088,-1.74225464615439,0.515260771613334,-1.49713886055541,-2.20445931579335,-1.33915647541537,1.30700029990671,0.418428967787641,-0.429062093781774,-1.37965008433616,-2.92279113591907,1.03684134879308,-0.517957409794665,0.236557119533621,2.06674692363167,1.45933653117567,-3.54054288098277,-2.59996391336058,0.557936418304382,-1.98848489823306,2.4237693121305,3.3071301236876,2.12541727409474,1.49617556086051,0.54133144660165,-0.4096736588429,2.40285101389876,-1.95800706264337,1.11392427670077,0.59857520912882,1.92292195990825,1.17324359142167,2.49582360181304,0.134016644425367,0.587389163541103,-0.861592628601276,0.653993008221888,-0.980972994197898,0.147944858111207,1.90543087593139,1.84148734215883,1.49546701224412,0.386267047497438,1.49111497914885,0.807716876618106,1.37100975698297,0.970798687939549,-0.173393150131984,0.214770499276931,-0.0238588408311104,-1.53371874632591,-3.2996445867699,-2.05615947359475,-0.629546623423165,-0.820356915604072,-1.21001537973188,1.04106741418686,-0.143558928966799,1.0317763506438,0.216662267978889,0.0067307980158624,1.92331362451558,1.36460829057859,0.256185186136871,-2.55734876308549,-1.94175091383776,-3.22666481236192,1,-1.25638953796335,-1.87239495051864,-1.76777802546644,-1.01271920585948,2.18080645364415,1.17869005270893,2.6172608266623,2.21906651935764,-0.0182187134321983,1.40561642563721,1.95833872780808,0.753429577344336,0.0609667420392251,1.01045374421283,1.17893619539638
0.568654045301273,0.984766448586369,0.291448508160754,1.09524216760034,1.13222987891717,1.30104210677065,-1.03092305392237,-0.283057776473195,0.674575924056611,0.0533424744700975,0.307574758399147,-0.789884011316203,-0.0277810507196498,-0.948830856243547,-0.149200904263988,-0.750791882063577,-1.1716561847891,-0.49721986320644,-0.979521220992397,-0.785019685094805,-1.04973246205786,-1.20155993626677,-0.731849813254709,-1.25244665615804,-0.603968678008991,-0.2505081774155,-1.70129971834658,-1.41229025986761,-0.867580288083957,-1.71786118168677,-0.624093919901516,0.648872193931737,-0.896032709413515,-1.06843667283318,-1.69989463041914,0.793820991401274,-1.34523806560149,-0.168003352531962,-0.794159443261577,0.304159916786847,-0.663607736632779,-0.538785514369307,-1.65898417868693,-0.344837475035301,-1.06203983700639,-0.895040968316861,-1.09379739595696,-0.942821861206351,0.762434672116506,0.235028948697497,1.74271429434934,0.586108500720808,-0.34897506061363,1.46221136410704,0.850443678870527,1.97329913261722,0.163159955919633,0.246542806133177,0.490018235992995,1.30941884720575,0.249694292145439,1.19680828379396,0.443058973813873,0.632511670404686,0.200719119391269,0.619923280646711,1.29260289549715,-0.73173230789374,0.29498801713007,0.619718836980294,-0.465576351313515,-0.428352657484676,-0.701351693783494,1.57421387837198,-0.177291039538367,-0.143929889900365,0.116872856766363,-1.10845392640375,-1.08083363993024,0.345445341557616,-0.537673175094607,1.57402738948212,0.49401241551637,0.168870483917723,-1.25638953796335,1,0.277522785082376,-0.253302843386185,1.04699036926686,0.613020494911086,0.919658444992902,1.20337093310038,0.525448025851842,0.208361511084698,-0.484956111574526,0.425732705342665,-0.500588554576726,0.561413752527798,1.0344043274684,1.42838623966038
1.37557167660323,0.399744615458147,-0.502655928742352,0.202829472943466,-0.953794194567415,-0.119717711297681,-0.276866947191394,0.179154816667127,-0.472181281401378,-1.53933663931588,-1.39193760833906,-2.13755291934527,0.0469588874990836,-1.65107290481855,-0.870359041469558,0.0725679882077201,-1.95164967433258,-0.70219937511019,-2.34459923503624,1.61311981392142,-1.54280498687397,-1.58563773436407,-0.325732221255083,0.622223249492552,-2.58188537376083,-2.41664469994193,-0.176575148464569,-1.48873891635601,-0.401197871286745,-1.44477682529267,-0.117120953557057,2.22681289749747,1.95688957699901,-1.19199175711425,-0.373197059305697,1.00261020824252,-2.53570969128657,2.2685614801236,2.48694988902526,1.09603942796591,2.98705167404828,0.959133138227626,0.419828229210434,1.81810721013695,-1.06986669683249,2.10919794477217,1.91783298115863,1.99936838243918,1.22863351253042,1.95372378362268,0.858103939629958,-0.585299655979547,-1.79475969891426,-0.592561000805177,-2.56437663427934,0.795316965615562,0.184366427539203,-0.560399507259518,-1.54795772462266,-1.1928634568248,-2.01214407384257,1.53934167550398,-0.819153190519043,-0.34882251350817,-2.21066054760011,0.180138700949271,0.891958374942808,-2.59122142942293,-2.55119314629928,-1.91687552435015,-1.24074304402234,-2.41420972474176,-2.34761269821391,1.30185492121898,-2.53801753969609,-2.30360363879545,-0.856725410395644,-2.54621210558444,1.46431204142198,2.33186538362355,-0.843360180569938,-0.0798479371679841,0.450426030689396,-1.61397869694405,-1.87239495051864,0.277522785082376,1,-1.92850857906364,-1.19933765426663,2.88739980201131,2.52516104334967,2.39500984592019,0.389554608931716,1.78202674479672,1.07674668823815,1.82416968026458,1.97877561175688,0.931671122536361,1.0459200380065,0.847691074205697
1.27985616859037,1.11556287089557,0.0664094491967886,0.663378135998204,0.129027199107441,0.384551413659397,0.54282026390117,1.02971555489843,0.212547468241195,0.113494622916521,-0.38822889501557,-0.943747478825942,1.02809618270987,-0.217831783205896,0.117012406180436,-0.597306143034,-1.82364882371263,-1.02210663155566,-1.65876137347412,0.623712927277986,-1.4197483253714,-1.60285035316455,-0.712153241483791,0.240893458329904,-1.03869277448289,-1.52248060080154,-1.16057967080817,-2.33183674065831,0.0315624035166571,-1.24181808514092,0.147826174595013,2.16918128295011,1.27887321429455,-1.91225243837447,-1.44749788644173,0.711421276047915,-2.03034628564056,1.97770254670166,2.20548486938199,1.24380065269025,1.68066368415934,0.394420770772467,-0.100413557621435,1.47016412174272,-1.50692767922244,1.12689670295372,0.873789232066629,1.32417437820456,1.03278853459209,1.82494043638506,0.780336193140313,-0.0143266383475952,-0.868744921222997,0.43530972860411,-1.39661388138424,0.722340248186479,0.838043872659558,0.478664309211803,0.262494656905632,0.205659723322495,-0.142524885189747,1.34447904945074,0.309939445846774,0.312976441332825,-0.87272467816756,0.329358237920852,0.534822948092301,-1.83549081773841,-2.0463105448943,-1.33677220038697,-0.803837304927242,-1.60179539620693,-1.79997405325918,1.24783924681299,-1.21213476595484,-0.842079807745266,-0.284581455849905,-1.53070610502952,1.00915824671412,1.72747260180276,-0.492118432956283,-0.634643402874317,-0.609645809057236,-1.78783833018738,-1.76777802546644,-0.253302843386185,-1.92850857906364,1,-0.588666538291745,2.16923622510782,1.7664651396291,2.29848974917188,1.06222449030655,0.626289591476656,0.863749353243651,1.56290186202375,1.03639205445098,0.350631934085185,0.939423795488132,1.0542567844309
-0.228284430746021,-0.819951191644785,-1.21004985007294,0.0912447426410676,-1.22309325973352,-1.00602351700967,-1.66787048418887,-1.34795344132322,-1.48067094003362,-1.26955930596337,-0.747888780829229,-1.90889248339323,-0.667095532954469,-1.83374834647611,-0.518177182627235,0.154357135811773,-0.44262088272384,-0.408695100224298,-1.40112129845216,0.644176348488082,-0.893020999924279,0.0579570288723681,-0.0898352295559442,0.27970216502786,-2.08008677488085,-2.14201604022258,0.272696201607889,0.105995773402997,-0.630722662166756,-0.338567383562461,0.553769519317619,1.00237183377569,1.63261819088459,0.95187998744142,1.48862227845039,0.0821328075176532,-0.54485017500454,0.981137684282102,1.35074485162819,0.120370628164883,1.830005818278,1.52191865921208,1.46368436407032,0.453472520294498,-0.212029398392073,1.75124041336002,2.07410178185264,0.919292164406694,0.538725379812383,0.677666656296638,-0.026880673390606,-1.22559280609091,-1.23528497602071,-0.860446951042296,-1.83109586468754,0.110148130694596,-1.24805221974351,-1.19289958346796,-1.78821958955019,-1.11537326666539,-2.08846063874311,0.668140624771318,-1.02097576098513,-0.768659328520513,-1.66756848234316,0.145202459192948,0.30151886897578,-1.71113366379665,-0.432477105957501,-0.966853671168529,-1.27352260715097,-1.53815606179361,-2.27520007301624,0.45104567697933,-1.9230973226426,-2.11297244871835,-1.28533762175438,-1.84880589780686,0.782966383142686,1.8563123406404,-0.187656064055621,1.19423569339662,0.985457316482788,0.755333489748346,-1.01271920585948,1.04699036926686,-1.19933765426663,-0.588666538291745,1,1.64448899701614,1.93295340801063,0.866566697363726,-0.519765775931766,1.64629560380409,1.11279361188316,0.558850050880098,1.97043325729296,0.25875104470571,0.315705197285947,-0.00376023437411399
0.104304999320006,-1.39221640452603,-0.634518408992234,0.791666240137358,-0.204109461655712,0.85821646292727,-0.0170140302617742,-2.58065593417809,1.2868405863887,-1.08543545544016,-1.16319581419813,-0.438480381818212,-2.12764790187824,-2.9646146918886,-1.60618198851293,-5.87726434921023,-2.5504300346777,-4.44472665150715,-3.86529086905816,-1.24969648406937,-2.62091376046815,-4.46859781670108,-4.62689039098433,2.12006702340136,0.547571113118417,0.361926304904889,-1.74128714405615,-1.10115598779136,0.373585634279181,-0.425558120134139,-1.05325178503365,-1.98568421634038,-0.414211667756941,-5.59991534560686,-4.93389957221356,2.47729901360562,-2.02427227326925,0.591194197577238,2.47178224600303,2.63101417958675,0.275259354286272,2.62984261682271,-3.26568272370177,2.94375364129524,-1.34209360711292,1.27192146038811,0.15305893301374,1.74342197536869,3.91823634726496,3.44014685765142,-1.33814473983267,-1.16747070216022,-4.93002168647944,1.51153581203366,0.120019381602702,1.30500467657322,-2.80690669714309,0.374464365754445,0.671479336493832,1.21193719720723,3.22201461452017,0.634793230203242,2.70745097697524,2.9711669141366,1.24586792218833,1.0349476012095,1.93447227427392,-2.3235985072341,-2.49335644499066,-2.33891705861097,-1.47138410960941,1.57581424516283,-2.02346825217141,1.92755208794677,2.68190829853221,5.00288363339927,0.982938109686346,2.30967002017638,0.141130941946652,0.500325936633433,4.48320275630167,1.2247108290672,0.713720591467503,-0.798227856813211,2.18080645364415,0.613020494911086,2.88739980201131,2.16923622510782,1.64448899701614,1,3.00172594231686,3.1445826716284,4.09906083905352,0.936029207171029,3.07789240052843,2.21853906054674,1.27139342138761,1.71736116765367,2.61851548381755,2.82195353712843
0.50807951602404,-0.415144260309239,-0.111477479174612,1.07176952524553,0.381357459204322,1.2411736563514,-0.49286407771424,-1.92304545295815,1.0715187596046,-0.789047779051624,-0.294010907347555,-0.75419422064626,-1.48240581600287,-1.94470339021833,-0.464208813570334,-4.51625864733956,-2.16628077107025,-3.11865559545588,-2.49208885455052,-1.68421616424568,-2.12969460502815,-3.82104809745905,-3.40177569551392,0.0958551160397823,-0.0696857322564415,0.196973300896682,-1.8251661139799,-1.03618247862862,-0.20391732083625,-1.30580622209617,-1.20590779076955,-1.44172924538328,-1.53123857332003,-4.40724196069486,-4.27766616910871,2.00805011021492,-1.76236072503976,0.0566693193901948,0.37268433944099,1.62651205653613,-0.532442758059502,1.48852737137744,-3.30214490306183,1.79054846469964,-1.13856596953529,0.287593285235234,-0.990623539225808,0.5525884039387,3.15419764077299,2.33613374761913,0.118923872978088,-0.342509877935345,-3.2210442575295,2.06885585209729,0.818844008809266,1.51247872480069,-1.6886127478558,0.3311033895939,0.68894056624187,1.61488300980164,2.60779757179261,1.15797180299343,2.28799892610503,2.75696305230354,1.33468713442644,1.3128412542204,1.99853536369071,-1.43978452108711,-1.18001184673285,-1.0277505255752,-0.880220033334818,1.16118205548972,-0.947310912474985,1.79212769354618,1.92797811446269,3.36302712263126,0.431203767292875,1.32939070240037,-0.7623065522189,-0.284575514781554,2.45007269326355,2.02723843107907,0.734057182844875,-0.190192529499693,1.17869005270893,0.919658444992902,2.52516104334967,1.7664651396291,1.93295340801063,3.00172594231686,1,2.04330415548853,2.8160389348331,0.37356702800873,1.34384704385924,1.83390910815693,0.333456070131249,1.64060247287306,2.44975349065853,2.66054766875652
-0.658539010738229,-2.53727230578251,-1.91886713416417,-0.336967824112965,-1.89704154005389,-0.71337679094168,-1.20427303786968,-3.68266613868794,-1.03678764621369,-2.77938253718384,-1.55792341848599,-1.48409460742,-3.21688677330197,-3.11834143535345,-2.07028566898691,-3.100345420591,-0.513661516086837,-2.1664160951931,-2.0163621647633,0.148864622954241,-0.898817473036501,-2.12481644500747,-2.12824876225841,1.59397741561614,-1.11281965817923,-0.562206065876667,1.00949451975668,1.64722378802131,0.012444194876899,0.181312730475881,-0.935851911469646,-2.64513013009967,-0.194032362326281,-1.90761202932847,-1.24618391695304,1.78392637265724,-0.671917175147114,-0.137802311880006,0.828535170398923,0.728838684710288,1.15398365390482,2.35621447054395,-1.27472114169684,1.81968170805081,0.866314380964185,1.88181502976736,1.14325119472504,1.81815890390932,2.52200875681836,1.83469538716032,-1.78939852305855,-2.12242718144791,-4.03197218665222,-0.533679390297605,-1.19776591970246,-0.105776650701195,-3.67850661262756,-1.80189546234851,-1.89487353021734,-0.776153012127898,0.223749891851338,0.12307554288407,0.347874295467233,1.25143492088158,-0.0730537045720021,0.449727656080869,1.42619777831847,-1.39078789119177,-1.03934684158359,-1.62218659523136,-0.618480358325901,0.87831156312191,-0.957126130188663,0.299740058305432,1.07530793640994,1.96793982551857,0.190711420636511,1.25580465081034,-0.0903886577649484,-0.0412447742978119,3.09752970373876,1.93420124862537,2.03950921591301,0.672290300878894,2.6172608266623,1.20337093310038,2.39500984592019,2.29848974917188,0.866566697363726,3.1445826716284,2.04330415548853,1,1.30378312322499,1.33198094577262,1.94037026457369,1.14956270521664,1.63364995491362,1.82342045827773,1.32145775180514,0.931018438882811
-0.34604284309491,-2.81822291894936,-2.43952358391026,-1.01855485321097,-3.07034843805364,-1.64084602617873,-0.368159305877528,-3.02071902669209,-1.75227234921389,-3.1070957693037,-2.43623083255763,-1.83991655917049,-2.7321732646344,-3.12522452943049,-2.41604688137322,-2.10133558444968,-0.565887090392937,-2.0059975604828,-2.49210451042597,1.92931557968045,-0.824893579451345,-1.67601057136792,-1.44930774062764,3.11179622148092,-1.71319914145877,-1.61235632616043,1.97225081107263,1.32355688720576,0.763630163943616,0.720243791355026,-0.336548975456249,-1.47730422112887,1.89846255104245,-1.67078771255797,-0.156967897196741,1.6504851799772,-1.19677758690394,1.26126595713967,3.04095521102298,1.28296234803291,3.16791080275828,3.03273082417786,0.315238020756006,2.69090442242715,0.89650971997927,3.39160180236942,3.02450960961094,3.52956823372618,2.3048954509694,2.63561445914296,-2.52032377274641,-2.88039090293296,-4.49602203954929,-2.07778452203069,-3.24893444149257,-0.880907017607155,-3.49758274342071,-2.08960190363415,-2.70280889047905,-2.05748399629398,-1.03282954674018,-0.000425287459402124,-0.520587969162948,0.371358758086407,-1.34224090825369,-0.0649796475437766,0.910988210415923,-2.2974602035255,-2.63215043262241,-2.86812005690816,-0.799947328279875,-0.295327928462567,-1.93016024212424,-0.028145503268643,-0.12025448926209,0.785505082114882,-0.0221815626858155,0.583965137458828,1.4882830811432,1.37074943008773,2.97891786258695,0.201830940289402,1.61776795199098,-0.61462640715365,2.21906651935764,0.525448025851842,0.389554608931716,1.06222449030655,-0.519765775931766,4.09906083905352,2.8160389348331,1.30378312322499,1,1.92916482153286,2.98306762992425,1.58262152589566,2.90997788306961,1.68853754363445,0.92827349182702,0.256975638634783
0.959483306089535,1.36318501221535,0.729546858638868,1.37402761642596,1.76229820503483,1.94701061539033,0.195405835829189,0.028988569524302,1.59832749813819,0.508314549315843,0.729871771383604,0.150386625268136,-0.0174196163537195,-0.0528361247598177,0.152418270070594,-2.55635044932795,-1.63487686613139,-1.49286549174605,-0.792301655828116,-1.61307584050181,-1.09326356463066,-2.77853826806657,-1.91415106356784,-1.28252429681507,0.578773058244771,0.857165303035183,-2.21875260042039,-1.68864143720061,-0.467481696934043,-1.86936764404082,-1.41103714240439,-0.379807452875675,-2.26092758332524,-3.3692802968834,-4.15769831677582,1.41821961875277,-1.55142811337102,-0.223039692732661,-1.06795869819551,0.82723875202209,-1.47401382339521,-0.882687707097293,-3.46447115803355,0.554004830981589,-1.27819041796843,-1.37540615211229,-2.44599951634206,-0.78993753095902,1.70985670699464,1.00224360494458,1.35476257047889,1.01484284581132,-0.668259350756561,2.54537926428741,1.66700036446865,1.8125317338462,0.369811165749111,0.933798409035735,1.72961029805804,2.23504471074816,2.54797715515478,1.19510750355133,1.92578159702705,2.07932962891409,1.62269254480742,0.972201948506504,1.53739557739851,-0.194954833335464,-0.20900535535659,0.385965110202908,0.153301522049121,0.825234185643655,0.427135022866717,1.56457956962134,1.61199273242072,2.25705501152442,0.832592607277856,0.613201030376778,-1.48766479511864,-0.950691723327194,0.519699866507021,1.26630502624584,-0.0886222796482539,-0.635934105952363,-0.0182187134321983,0.208361511084698,1.78202674479672,0.626289591476656,1.64629560380409,0.936029207171029,0.37356702800873,1.33198094577262,1.92916482153286,1,-0.586270834279271,1.03314392482123,-1.27817288180938,0.969233901593322,1.6578170979861,2.23125804578552
0.917776029654885,0.107871887091004,-0.258465358517128,0.536418922359864,0.0059127426370813,0.804649881645561,1.6543548146454,-0.350767815574923,0.687958125933275,0.0586514360784238,-0.347025536294118,-0.0113189830602672,-0.183372453743733,0.047591256407526,0.0639249407794606,-3.87800947785362,-1.82768364596026,-2.86840234127586,-1.47931125091287,-0.446614297944927,-1.38565513007476,-3.56288153868508,-2.5679470344508,0.971655865690132,0.554351616504404,0.116869725828945,-0.991600188117365,-1.59666979148465,1.24952901406275,-0.654971161288401,-0.921497994183971,-0.873469811775807,-0.733943385278528,-5.12259544676303,-4.53213216722712,1.9025043865815,-1.97960939263242,1.03631755002132,1.568410731193,1.96421334253371,0.300802068911873,1.06643774833673,-2.58857973791563,2.51315023002926,-0.732403868145411,0.814151415066976,-0.522995789812544,1.99391357751373,2.66238628254359,2.98697171490188,-0.8393229987418,-0.566757376189929,-2.74229579078861,1.4507741509313,-0.268968809509073,0.176060777021715,-0.855327690644081,0.572075206810515,1.34984223279026,1.51198321255336,3.14548111956756,0.916131027143813,2.33639405933968,2.67527593883622,1.4454458023573,0.880831237540065,1.30316680443416,-1.1226855431521,-2.366313520956,-1.61571724531504,0.211540541178884,0.843086583478903,-0.218313369542906,1.02068807207567,2.13839875297837,3.46906974261709,1.03704293147168,1.79629463368774,0.0485184762013635,-0.378585876152942,2.40164829019446,-0.440278009350343,-0.530474053347089,-2.05334626335247,1.40561642563721,-0.484956111574526,1.07674668823815,0.863749353243651,1.11279361188316,3.07789240052843,1.34384704385924,1.94037026457369,2.98306762992425,-0.586270834279271,1,2.15756201897723,0.269359180079182,1.57597880754908,1.8376831014809,2.0600236345522
-0.798094467444702,-1.92688270056171,-1.17147495313285,-0.175833642243403,-0.927969371309761,-0.379129794003805,-0.655055398756398,-2.42053837093128,0.0253952245230815,-1.22200266467132,-1.06428934461121,-0.143987272819515,-2.14626347516552,-2.68180567831426,-2.07958648845164,-2.35213211188179,-0.34262833520455,-1.89971409965355,-2.13423470696231,0.129327176179958,-0.686381648416289,-1.12574765459655,-1.98737087044662,2.29581554930078,0.423052284509058,0.386922869423931,0.035857386402705,0.608552819081681,0.182796127571314,0.61610853302375,-0.458740693332281,-1.70957565682936,0.600258043454241,-1.41912636061996,-1.0698357872719,1.07184309605671,-0.347604851458684,-0.140051026000988,1.59017088819179,1.18872699475648,0.479959438767932,1.68556114292253,-0.979235325758045,1.03076400163239,-0.143713761265287,0.865531224262659,0.911185973396696,0.922751312224771,1.64478467015482,1.20416651578357,-1.59270643608432,-1.40413088405988,-2.90390693600329,-0.587233046513447,-0.520901229459192,0.525387630625786,-2.57505951121761,-0.619679697226165,-0.650332334661094,-0.345754230399086,0.642093546078856,-0.537989018605091,0.440177746120994,0.58474917556765,0.196238694773474,-0.0528434867459519,0.758478239333538,-1.21162925666255,-0.897778798677223,-1.18976460204751,-0.844105290782206,1.00517194544822,-1.46543802430711,0.520120758662222,1.37830574469663,2.46905323675186,0.692574755583008,1.46533310689475,0.24385158668035,0.766527413049662,3.13181443410681,0.6842820138536,0.99767541900478,0.359513871853512,1.95833872780808,0.425732705342665,1.82416968026458,1.56290186202375,0.558850050880098,2.21853906054674,1.83390910815693,1.14956270521664,1.58262152589566,1.03314392482123,2.15756201897723,1,1.14488293896064,0.593434561930611,0.751737373839754,0.687459088183743
0.820106598078394,1.11347881275998,0.976511997412912,1.19914243269353,1.80694190530211,2.08244730887865,1.24057941156489,0.298921320769134,2.13369104779891,1.31723743307037,0.683495137944677,0.98496994794987,0.354791450890767,0.444107207008545,0.457138675905999,-3.55933259378102,-1.71423543041014,-2.29391809066545,-0.964446974930043,-1.79558421052552,-1.26774723269213,-3.05948016522622,-2.5464181484893,-0.275091958949078,1.75554311344046,1.5441322088774,-2.43824331735357,-2.15690437992167,0.59421083075337,-1.09931173866379,-1.11902695089087,-0.874528555782729,-2.08153758782952,-4.64596255528923,-5.05960003014276,1.48882351602417,-1.50576450402872,-0.252102999118233,-0.223372213494542,1.56202618579833,-1.88301528860662,-0.325436231411467,-3.67333993440188,0.926271940541846,-1.37439301077156,-1.38459766646275,-2.43821820791038,-0.290478211723485,1.92097494169262,1.57164764518572,0.524859385803208,0.889976847554719,-1.22644431364589,2.74999830767177,2.05672517172714,1.50805680897356,0.212153051749979,1.65036351113501,2.74517873611627,2.8681009348619,3.99409176258631,0.762676316909742,2.82953883511784,2.76069207634621,2.43053898193532,0.958621109064499,1.38910401628868,-0.146422996398685,-0.79487889476589,0.0537505808722396,0.281990924150965,1.58212012919082,0.493144728191271,1.57277301717991,2.85902208438782,4.08986944917108,1.50429886450609,1.94581307485013,-1.18544041111366,-1.06060847306668,1.74763967110548,0.183267571284522,-0.795088532533942,-1.26967066139618,0.753429577344336,-0.500588554576726,1.97877561175688,1.03639205445098,1.97043325729296,1.27139342138761,0.333456070131249,1.63364995491362,2.90997788306961,-1.27817288180938,0.269359180079182,1.14488293896064,1,0.917731296323408,1.7186648849188,2.40572846086424
-0.293878451144832,-0.343862207945783,-0.0823308357607008,0.74780170874945,0.454958645560996,0.20233714412935,-0.69600212842627,-0.848917558736159,0.807379392591423,0.131796876834554,-0.161138989526576,0.108704539889498,-0.488193637569023,-1.55934935526576,-0.799731258751125,-2.14439394645739,-1.14550083331794,-1.99644790814177,-2.15754804841578,-0.943843770637257,-1.35209746075794,-1.27415719426746,-2.22083600558342,0.965356579705525,0.503258663769702,0.128026548687656,-1.446092394413,-0.740849637676882,-0.488794019651132,-0.0558363842423933,0.0537460961633455,0.129871501673696,0.682076192074373,-1.36081216985442,-1.29273804583053,0.32805961666647,-0.353517306738616,0.625265835969967,1.74496171123808,1.10057395394527,0.125365186674991,1.12420633938367,-0.598786806627643,0.981359109747378,-1.34835593573583,0.464939640924457,0.505735538164787,0.0207974934475794,1.34261905202535,1.09484302813689,-0.481563636503503,-0.224407661261699,-1.40751768793775,0.670490345107865,0.145388790687255,0.860727253488259,-0.841854173689323,0.539987235032723,0.444833499777642,0.305337785850392,0.990846813642613,0.118337250815192,0.999578528356599,0.502661710417213,0.107808416727612,0.244560726415583,0.216960264224689,-1.28653647720152,-0.700564573126966,-1.0519559249484,-1.47873238502656,0.336948382394664,-1.9926973040731,1.01058856572376,0.565050727913726,1.6391012628965,-0.133875414833587,0.421183511311292,0.476544384530341,1.17621399127074,1.7776227204708,0.725135543177904,0.078741823520628,0.239315823671086,0.0609667420392251,0.561413752527798,0.931671122536361,0.350631934085185,0.25875104470571,1.71736116765367,1.64060247287306,1.82342045827773,1.68853754363445,0.969233901593322,1.57597880754908,0.593434561930611,0.917731296323408,1,0.851921680934854,1.06788603599377
-0.551082271263746,-1.69139301858594,-1.55743868425985,0.101112502803813,-1.1957049886459,-0.570260834843083,-1.64553005709343,-2.7259324555943,-0.795924753671227,-1.79843395721862,-1.14103264031825,-1.31820296661996,-2.16732777843544,-3.07819935318902,-1.96138089536661,-1.90415294318722,-0.622833808846792,-1.77859366590643,-2.34654167773996,0.255622206710501,-1.03583215756912,-1.22033602029567,-1.69397543840518,1.4302699607548,-1.03672326185654,-0.764542416780262,0.160947120748178,0.564923955855305,-0.387059987168895,-0.204924168073367,-0.420193432971638,-0.837354474399879,0.889189558556293,-0.852247290767597,-0.464287213744272,1.04114160152578,-0.754415635018557,0.367771476131725,1.38636906467648,0.803489107878533,1.19103716197684,1.81830173983133,-0.526221160615572,1.13565940661844,-0.071625082030802,1.45215134333977,1.38323715781299,0.992929447570675,1.83858274374395,1.35452876976675,-1.03707530919359,-1.67362028711848,-2.8766598419419,-0.542784275519023,-1.23698839004462,0.645228262037917,-2.64527210923007,-1.26476330234172,-1.50570144369128,-0.638642678682646,-0.509657311083826,0.358889551397889,-0.135316973631395,0.30302514604927,-0.602678192390492,0.225180076718596,0.988342176978318,-1.7557816630139,-0.769225709112701,-1.29457413538608,-1.13684499975995,-0.0569348743636875,-2.11062625538992,0.743004755370454,0.0744133885067854,0.732892558455911,-0.132804353728693,0.01119129047756,0.184854414112493,1.2566057267909,2.15150994575816,1.67741410944719,1.56131270682383,0.658593871287291,1.01045374421283,1.0344043274684,1.0459200380065,0.939423795488132,0.315705197285947,2.61851548381755,2.44975349065853,1.32145775180514,0.92827349182702,1.6578170979861,1.8376831014809,0.751737373839754,1.7186648849188,0.851921680934854,1,0.82931010941563
-0.708482375460963,-2.44044136614249,-2.11192633489365,-0.372834664931265,-2.16058163864932,-1.27148425780042,-2.08521822211565,-3.39201558165316,-1.55195933807772,-2.85325021534176,-1.64538300652412,-2.01737389508814,-2.85272101090053,-3.77073916710538,-2.3309512739217,-1.31123955765143,-0.306554823367081,-1.30694074378149,-2.38352927598711,0.939883668580044,-0.82555207584063,-0.810159975375577,-1.1811506394298,1.73105335407432,-1.91202168056232,-1.45805100410858,1.05444997491498,1.45314777459676,-0.574883276179143,0.0480959236366676,-0.358053534212678,-1.06369680924099,1.31145300799156,0.0787013675586272,0.751396405323777,1.06944788548197,-0.623519081262639,0.417087078206206,1.52493864481107,0.561784622336226,2.04343193028107,2.35292519262144,0.235763920683001,1.16718976986492,0.373709179656695,2.18325475725429,2.22550429472499,1.53238513771468,1.75039245989209,1.24731173126233,-1.21257145158108,-2.2036110502069,-3.30053969174043,-1.53187033037398,-2.12646014335958,0.271779591232477,-3.23128458561403,-2.07152730286456,-2.77040217441559,-1.72025468495092,-1.78910126041956,0.13665735454911,-0.953466317871895,-0.255023211148741,-1.4014481947969,0.0626736719258298,1.01222976697083,-2.00880608090332,-0.86243834758703,-1.58323400056421,-1.31123920737621,-0.420176621226304,-2.27831161959852,0.405117467179332,-0.701907894968338,-0.268028490309616,-0.618202732881769,-0.389219124774573,0.57118048976403,1.53237457019201,1.96643020748904,1.92361692330823,2.13439667328485,1.08096793952343,1.17893619539638,1.42838623966038,0.847691074205697,1.0542567844309,-0.00376023437411399,2.82195353712843,2.66054766875652,0.931018438882811,0.256975638634783,2.23125804578552,2.0600236345522,0.687459088183743,2.40572846086424,1.06788603599377,0.82931010941563,1
