1,-0.305684162708236,0.929144265977725,-0.301124247346306,-0.437699644387976,0.892349147744915,0.665003450414379,-0.114666704997256,0.543662007292637,0.56744990936043,-0.855743451823961,-0.613435930294072,-1.42464291380258,-0.0282780940365365,-0.824641562786616,-0.549409574000673,-0.159284715786616,-0.143798103594394,0.245190663764606,0.665031373832907,0.398192730750071,-0.072065524964315,0.11743559163685,0.0956278970101465,1.09412593502446,1.19169339809973,0.393451171245382,0.971833982331247,0.896508690196479,1.09659946762437,0.825664044332932,-0.836321972353677,0.263402061089933,-0.368392663855202,-0.507058261114858,0.880837123003373,0.33149152146209,0.582817639026637,0.294227522399368,1.11426556007509,0.102501437404897,0.703448089276556,0.33493072029883,0.690271702991011,-0.14617207714571,0.300774139458135,-0.711674443463072,0.179110727097126,0.616428045985198,0.744566270780209,0.222567075889582,-0.299408113851235,-0.826116001056679,-0.54227667877893,1.04256218968128,0.567260133240639,-0.434614319025034,-0.803947475174019,-0.911406313002245,-0.488138781172223,-0.816570952112051,-1.41842441489287,-0.878080321904115,-0.0323206426670373,0.0221906011030943,-0.245293952728092,-0.112944470727835,-0.552019994622224,-0.458511789210149,-0.423708604634772,0.433166950062168,-0.293704176602432,-0.122685615525012,-0.32701217546132,0.113107660853306,0.744452648501825,0.355113824909653,0.569549236391548,0.475514941535233,-1.03932086160081,0.116974993161333,-0.858325184239888,-0.565418501740917,-0.414104041085092,0.188250041925655,-0.477297740409211,0.0386887778032782,-0.208908613720635,0.808113035065708,-0.308834467936669,-0.734294418800608,-1.01712843774528,-0.924989500807928,-0.235879874442635,-0.236295556252368,0.393117418842685,-0.0309518484163358,0.332084464232393,0.553432319396837,0.789549827236765
-0.305684162708236,1,0.0980434295590615,0.143115768149498,0.174805520038388,-0.0670071790330374,0.0994193510577255,0.180659914632892,0.173529826367521,-0.487119235532509,-1.41284605065918,-0.450170403999211,-1.26397304346394,-0.461340424696005,-1.17872801807488,0.756321576290963,0.454090099504435,1.40008958493268,0.379798491392111,0.825935458002681,0.310778658630743,0.204412286151588,0.585784177576064,-0.363016290302624,-0.0875301974288873,-0.244361334446677,1.09836479485286,0.200654039574197,-0.0354370846540211,0.190974594166629,0.417810362370133,-0.833780981514376,1.03680620876131,1.34878609449824,0.497054433876279,0.0926808904266368,0.570567974358722,-0.0531510604377111,0.076508162795326,-0.112930285777439,0.0987541136835189,0.93685067995519,0.333796022785159,0.140746117351722,0.450354729801118,-0.271708614977017,0.195811694614793,0.292005102324496,-0.0980548320783836,-0.0092980026074187,0.265484620475522,-0.248364247457968,-0.33606235419063,-0.142768848489256,0.442070992509668,-0.0267143298336286,-0.000958116888433502,-0.187312252936949,-1.07665730134278,-0.975474248242906,-1.00237964387452,-1.12435306247944,-0.977047755330461,-0.192790985306356,-0.346424944906779,-1.07454429507595,-0.201927716015556,-0.0661166941745635,0.600777475523222,0.673866614422341,-0.0208554571238079,-0.314137918665838,-0.0503450911615392,-0.653540306631766,-0.394216368040122,-0.890939256008901,-0.487618722608879,-0.564354824985823,0.476577610894678,-0.666810308823719,-0.278441075499111,0.415386124844549,0.586874496000753,0.471409708263341,0.34937036957773,0.24422740712919,0.248488280343531,0.128590144398086,0.814891383770102,-0.638502395928449,-0.373717650636152,-0.869390215148256,-0.530914765671567,-0.376743722813119,-0.867943996820612,0.0573240676531605,-0.244054552320454,0.69630964499292,-0.0699628185574957,0.0231166446187108
0.929144265977725,0.0980434295590615,1,-0.459571347623611,-0.366113549478023,0.882660419776626,0.803181652466539,0.0448794512317844,0.27344200207607,0.15373456970426,-1.37377406625113,-1.36572510775335,-1.6978697390732,-0.00321076970571299,-1.62597169845233,0.166113741870278,-0.0532403344655379,0.370100910589397,0.5687959746997,1.17954458135524,0.518824102294853,-0.553253920609782,0.217922296589242,-0.564855706165209,0.445235062486516,-0.0255259297978705,0.703923059084584,0.145113591202178,0.736884235928753,0.27925289609962,0.724347998905249,-0.744980443365944,0.92083899208372,-0.183833371650862,-0.74209587299746,1.10187149605993,0.517629800868107,1.06817020321292,0.537331348268423,0.389742624135022,0.950403084547454,0.700236544420733,0.239596343897072,1.34955199046306,0.235229847531901,0.545977278713642,-0.511185326410075,0.659754770668715,1.05277107458563,1.35499224002135,0.421584312754075,-0.468821167102015,-0.680893438250225,-0.741664088679116,0.704313331490901,0.612617236472151,-0.227498204380059,-0.768376733296865,-1.33229463938628,-1.12800241400762,-1.57131011155644,-1.5767774611025,-1.31550356036629,0.0620295259151887,-0.213446328931479,-1.22279340210545,0.12339447859919,-0.641863587771504,-0.417265418135758,-0.0330206773356997,0.103311569149749,-1.31540544594405,-0.288862535208462,-0.638064322388809,-0.52132080548957,-0.704096047938721,-0.111956962393332,-0.850338364023352,0.842714428684823,-0.934571354787123,-0.585170008323788,-0.578309789562398,-0.111073984177403,-0.812931870826433,-0.358039657625817,-0.443616457656979,-0.398075395849329,-0.724618394486777,1.09028251874954,-0.283617332351404,-0.167783415846601,-0.618490620802271,-1.30552555196093,-0.518933741934221,-1.18226614395906,1.02578673809702,-0.290903199788888,1.07705358024611,0.926530202278834,1.15509117480982
-0.301124247346306,0.143115768149498,-0.459571347623611,1,0.445953982075167,-0.451105179683794,-0.416950879346711,0.163815086191318,-0.254044993193347,-0.81886316037105,-0.644168173211823,0.0747696861210748,-0.54836035605835,-0.355050724355205,-0.603900950427348,1.02120738313846,0.543847123069704,1.22166560008791,0.463523324492877,0.479144217671699,0.200086221406819,0.306277167184545,0.249641030209823,-0.389935187118045,-0.544893499312445,-0.653133346202294,0.921695078144968,-0.00742680962096653,-0.257755239507095,-0.255470969212965,-0.0554623079429782,-0.0518740297709473,0.636568883008183,1.34076662773152,0.340866195199648,-0.254527579953385,0.243515126449184,-0.405480030807691,-0.225637162862387,-0.722692114440434,-0.407386530625242,0.606267472497501,-0.0310152343250976,-0.421934803031663,0.42449658109342,-0.475484574693493,0.257575909960625,-0.063559719760392,-0.533590384361091,-0.635706329123627,0.0663708715195053,-0.208067559579495,0.0122487607289163,0.15987306451641,-0.150934626780916,-0.448205610239933,-0.0202514098289047,-0.0947553897453868,-0.670571237810526,-0.456466956073805,-0.491461569106264,-0.0985901306917429,-0.510966781536969,-0.137792530989515,-0.285818973150673,-0.542695172603768,-0.26075718618671,0.204990359372235,0.70386331271449,0.620027823142758,0.11347897911887,-0.0022633075673735,-0.0947299823240794,-0.614204250308129,-0.410663915761789,-1.05193704740214,-0.247825763345777,-0.383094662462062,0.0171325621322318,0.347321375043837,-0.128371062276081,0.632291798096783,0.823575421661437,0.617894054621256,0.443313296217719,0.266903268147259,0.102720615551677,0.346538131724342,0.150033939890473,-0.310784751454535,0.270750425679635,-0.105859146838903,-0.100216248529942,0.0445663831681457,-0.490950877553772,-0.135146129336362,0.0209223556273891,0.239115953152621,-0.56211067100677,-0.660070052883893
-0.437699644387976,0.174805520038388,-0.366113549478023,0.445953982075167,1,-0.827567528185334,-0.14328035918633,0.480521648014986,-0.45371718805483,-1.05385781863684,-0.93996652884811,-0.636696714569078,-0.679633749849662,-0.447885499035715,-0.886763579369226,1.28770925294978,0.356672864252515,1.35465754015774,0.34456702314392,0.844938507707558,0.144314055479935,0.126632072475344,0.638320767494434,-0.228099409031655,-1.00523683410231,-1.10974013127415,1.20018593405902,-0.169967607790954,-0.339431034625457,-0.0682843837662373,0.359002606174343,-0.182637143875669,0.980056069409124,1.34544907296823,0.750877857281348,-0.191613970777901,-0.29300232730084,0.0593447021738481,0.335947609252207,-0.345618744060363,0.222938208471792,0.752938978601752,0.501673301021562,-0.236733582211669,0.590147960988279,-0.0786671330261626,0.756310185447483,0.254127461391368,-0.658867736453043,-0.465133119819641,0.183737397936809,-0.407502283171149,-0.336998536880451,-0.147069093709887,-0.719684797101902,-0.636608587599769,0.0973519713463988,-0.482224803594389,-1.17020059990421,-0.922172419621702,-1.22989261087925,-0.246917230334876,-1.07036769109112,-0.329065381542723,-0.670942133163642,-0.766954551272152,-0.537330545570257,-0.340189284287242,0.280229899725276,0.249762905245792,-0.107484680781019,-0.619000575072178,-0.378645374210355,-0.468521694901028,-0.999515192978282,-1.6783314255275,-0.55791993964552,-1.05635598712368,0.548348195441343,0.316421926422102,-0.61413053904991,0.39729647354589,1.05054636996636,0.318343843565578,0.323195560563632,0.342395104211476,-0.32047995450509,-0.185557865597524,-0.0300147507523864,-0.0268877799022046,0.186971289427012,-0.182673735351184,0.0092017168593202,0.275044149158594,-0.356798589222253,-0.0445014697621615,0.420321972210788,0.197778423319719,-0.571737463694831,-0.637114157641415
0.892349147744915,-0.0670071790330374,0.882660419776626,-0.451105179683794,-0.827567528185334,1,0.875007061518858,0.181214897297521,0.421216899259794,-0.0208581699595335,-1.36691116218203,-1.54169684811459,-1.83405871284365,-0.180773965572417,-1.37950099963717,-0.179307344309965,-0.457735277835056,0.472469485692665,0.270556303388274,1.11907809257896,0.305966438489436,-0.62288802144794,0.251922699631053,-0.271993027545679,0.393153001411987,0.0216946067735388,0.552243468934087,0.303932479002033,0.597795090375345,0.574687597510993,1.02275709141029,-0.797351505790242,1.1187540803033,0.00644766457962631,-0.263679181400249,1.10514693039162,0.219103426598038,1.24481282782421,0.865113024669283,0.928725818087971,1.04601991359539,1.18899245242882,0.738557145227005,1.33644464519092,-0.28161876578176,0.783709961604948,-0.41732430992387,0.452784310747804,0.995431958867916,1.21846955515095,0.443551352942494,-0.334010987862934,-1.14530134767165,-0.896723200735981,0.599812764045685,0.52562571635281,-0.0927098927945088,-0.696579311564785,-1.66960680398525,-1.22220157487568,-1.89116347709849,-1.56346125037202,-1.41569106160533,0.0443203982146774,-0.433356355642114,-1.00981509583136,0.0990649550266752,-0.90027007926632,-0.588694317074469,-0.404964343480221,-0.0239489695416217,-1.15951757631451,-0.507710488876234,-0.18427086756928,-0.764185670102589,-0.66868763335265,-0.41021492880332,-0.726339178660755,1.41436203310056,-0.795409318470605,-0.626243755213182,-0.791716266696141,-0.228538739399836,-0.548361760585335,-0.382815337048751,-0.114329061296163,-0.716780038587272,-0.903834742766009,0.923694204875809,-0.0736589624221654,-0.213517498057299,-0.911007324611617,-1.117254072167,-0.0118917643195444,-0.641056283033198,0.778423652266402,0.119748574168625,0.786057900911687,0.898909041813499,1.14127983188478
0.665003450414379,0.0994193510577255,0.803181652466539,-0.416950879346711,-0.14328035918633,0.875007061518858,1,-0.086677043470936,0.244470215725759,0.345546848347883,-1.18784910048432,-0.471714276182013,-1.07346846102915,-0.0187036973266379,-1.24858275202851,-0.27217304192589,0.0189671454144136,0.500448251810347,0.493863280264509,0.471847172131708,0.189482484384844,0.0409478394089811,0.284782503682989,-0.22255646083811,0.5394636235596,0.608023064623685,0.524814189966127,0.3370159221365,0.512414985461001,0.43720950753291,0.964793070292342,-0.45355838559081,1.0006855050289,0.380770179809173,-0.00812533061220233,0.458896453904634,0.594828284968095,0.617437784905199,0.087764371566689,0.504648881640959,0.23657504612183,1.21298544179885,0.63054126059678,0.886023353780488,0.175096407329338,0.334990961891164,-0.72906889912133,0.346932476778692,0.725827301119807,0.753729181627418,0.0234567910913106,-0.0924582208550969,-0.251071240799809,-0.368241537285929,0.993170341947938,0.330329679906022,-0.194067863124704,-0.270116937476623,-0.970373798992203,-0.614736752375733,-0.931576441150922,-1.05288881357164,-0.63065531926763,0.449964793967045,-0.0807037122903251,-0.78477071549999,-0.0605880417660026,0.133521577292719,0.102927521679412,0.203354859038282,0.19842669460869,-0.404503148415569,0.142656907990541,-0.0935861209445575,-0.028822767051196,0.0928528434505679,-0.338962654103595,0.161990597472497,0.73903042021184,-0.961761816315045,0.0997716020060797,-0.371660968968987,-0.205547975728082,-0.132254749784166,0.0143730960218764,-0.248354092676594,-0.453951171355445,-0.165083937165993,0.731840657100999,-0.657016442099584,-0.567065150554057,-1.05983744855163,-1.20518718151911,-0.30875151493853,-0.625259203448564,0.356584359924593,-0.224956058458601,0.511101105931094,0.494312347087146,0.870427591178122
-0.114666704997256,0.180659914632892,0.0448794512317844,0.163815086191318,0.480521648014986,0.181214897297521,-0.086677043470936,1,0.252716359009413,-0.430217767677041,-1.23608634753795,-0.294847355963009,-1.32219006653505,-0.0877521302143437,-1.40368427964646,0.67982901675108,0.537488654660308,1.03072180603001,0.724652477054171,0.719258632305265,0.440552387251058,-0.0790762503906115,0.244792122644824,-0.727054257444547,0.0224056887230015,-0.110991354721137,1.19782794325667,0.249367292318395,-0.0148024364942588,0.0979489446031663,0.333247162710023,-0.816107353447515,0.746396473760799,0.861195160584427,-0.191971567013316,0.212041421439579,1.09466636724554,-0.169257232036212,-0.199067764771527,-0.551360766359602,-0.0814821700456061,0.605128021988021,-0.144979332992974,0.379520110454466,0.687267450696882,-0.265862034139031,-0.202196737532386,0.109060883053827,0.136514178801928,0.223668136178705,0.0838038253957933,-0.0699846096775714,-0.0332749118541503,0.15666373682072,0.812410570056252,0.0383356540814306,0.0160617866639732,-0.204563366950456,-0.997914364554922,-1.02704040424896,-0.852723461732379,-1.12309637224202,-1.02497202603774,-0.0995364073939852,-0.307417958610538,-1.39413077489319,-0.316219397050481,0.116253555546086,0.623068890695652,0.714357222475547,-0.0195520002350792,-0.458822405601275,0.0586685522984389,-0.971729214935975,-0.291449542134448,-0.794258575400941,-0.517381063548681,-0.406431465457347,0.211494050797577,-0.883975721984969,-0.17610820106602,0.586834167124768,0.713508766258632,0.337651011600419,0.455316711955938,0.126511112374338,0.506081716455821,0.293853337537601,0.983836306177656,-0.632405882143044,-0.154033499563417,-0.655072761462403,-0.634332461065156,-0.581616643179743,-1.28785912191841,0.440333921909609,-0.404904419069078,0.861907139903228,0.115463697502143,0.265620255097266
0.543662007292637,0.173529826367521,0.27344200207607,-0.254044993193347,-0.45371718805483,0.421216899259794,0.244470215725759,0.252716359009413,1,-0.568703200752427,-1.24987924675453,-1.20957402458031,-1.63676532871258,0.238058711532257,-1.05362179571224,0.45606798093921,-0.460657341109721,0.499448974418586,0.424133764704079,1.20508268338804,0.272884612954349,-0.932762861159335,0.0916694949311055,-0.956542623092929,-0.276999870489921,-0.472797167679614,1.09097738970813,0.344727998163046,0.28002492021491,-0.0313212660472958,0.582488426183864,-0.382478836985794,0.812617532029357,0.131195734111366,-0.533509148150809,1.01250863056532,0.608205793221322,0.714496267318989,0.33784960822422,-0.166946081463639,0.897340533612648,0.519523735257552,0.0215886774619361,1.12774541136795,0.380689143378153,0.565466170465572,-0.255510425091863,0.255816614746816,0.77877805115219,0.868653699448635,0.384802394846919,0.00620325873249694,-0.632977907336791,-0.250733888303999,0.490086960011545,0.398773140758345,0.185354561376799,-0.477903403910125,-1.62890785175867,-1.38893013047918,-1.61953866513538,-0.879820806275476,-1.44501539258829,-0.299564518862283,-0.911660240369476,-1.32422548700209,0.0121484592238209,-0.774792998358666,-0.177141907585617,-0.0164736040400833,-0.200949004791029,-1.34262318152701,-0.459762225918608,-0.747183143130946,-1.17292423751991,-1.39487884330976,-0.742041390543462,-0.908020823130398,0.589873352195122,-0.54881507288205,-0.781574656621667,0.276229092506921,0.555356341206284,-0.223992585788809,-0.164692188128489,0.134355616644057,-0.107223768694039,-0.231073304792529,0.887986899171399,0.185452985773208,0.376662264137497,-0.276284148672609,-0.894018751087634,-0.00778843315638778,-1.02630933690576,1.08732501211215,0.0428680289241452,1.34818653043028,0.782820720685451,0.822341054325834
0.56744990936043,-0.487119235532509,0.15373456970426,-0.81886316037105,-1.05385781863684,-0.0208581699595335,0.345546848347883,-0.430217767677041,-0.568703200752427,1,-0.514739556652176,-0.735591047434544,-0.497912211572755,-0.467548398636643,-0.406984659300729,-0.156207460117454,0.196307897784844,0.291614824623295,0.0597862689043288,0.694303066084993,0.144696756481124,0.366405999394437,0.838947539769677,0.859056217668278,0.0398798128027247,-0.31976153777722,0.507492195354377,0.418097122548105,0.366971398900274,0.383728605923643,0.351097495588512,-0.272605396203621,0.912303351064284,0.07686686650874,1.0726054215393,0.068477804434536,-0.152436355616796,0.799973324773751,0.510928730476663,0.68693810206283,1.0499912304828,0.850146445717656,1.10275702115156,0.664234470469296,0.448803634638643,0.9983370286278,0.548844528703091,1.3579932609981,0.487768787942036,0.617367527008117,0.228389235391733,-0.325934095674205,-0.567478205764311,-1.31452193668438,-0.622083174635687,-0.310633834296722,-0.24582370940992,-0.548066389265391,-0.778608157876786,-0.652140187427322,-0.803167196832551,-0.352173065137997,-0.362385965801864,0.292707298900656,-0.381433745148489,-0.00359967841016533,0.362537162346661,-0.213139869773345,-1.07315407903376,-0.631953274970894,-0.296068608149631,-0.666594763587229,0.15024167356317,0.458883854662268,-0.209848678889961,-0.466946532398613,-0.122799924988402,-0.42584875176101,0.744886891591507,-0.00669485612445381,-0.483432243272462,-0.893354953988354,-0.55683457705516,-0.753239127112764,-0.313172852437024,-0.479610810024366,-0.86649903806133,-0.694206907835175,-0.244312996214018,-0.0378872347756874,-0.294950150421096,-0.434516630285869,-0.779208809209539,0.160187169531256,0.190998900985079,0.0614581125843689,0.310615961572782,0.286880934397786,0.329722256271554,-0.0308297215555328
-0.855743451823961,-1.41284605065918,-1.37377406625113,-0.644168173211823,-0.93996652884811,-1.36691116218203,-1.18784910048432,-1.23608634753795,-1.24987924675453,-0.514739556652176,1,0.411038614545478,0.741236167111702,-0.767516592956367,0.733254294249429,0.0274514983541926,1.02874341535453,-0.323752294972434,-0.57677742206476,-0.1240120797762,0.109299253628379,1.08062384260184,0.00892077817700121,1.24923623767203,-0.862910375328369,-0.564981854745586,-0.0974942690447733,0.428074134989809,-0.235088683169624,-0.0763815602659789,-0.796676376452835,-0.174171162152488,-0.187297063634701,0.474891493296224,1.2687156514512,-0.934275699726912,-0.380929683830134,-0.899235464769067,-0.0957434479253141,-0.672106960247586,0.173269890031015,-0.412257851645568,0.291958796927439,-0.922817265591888,0.343483910446528,0.465499953111644,1.54553974939016,0.260180672855583,-0.876045572281621,-0.708353252270953,-0.672640088494879,-0.946913849700019,-0.371145281662866,-0.89234345589693,-1.33343568072184,-1.23122379362913,-1.00349716563807,-0.565788751663773,0.467955131277022,-0.128898356249747,0.368918081074752,0.515206486826404,0.212164843284748,-0.637894844906888,-0.237027270866208,0.422773820012586,0.250869255732835,0.29238737723402,0.156158421672318,-0.0852720760882717,-0.177890058004655,0.635583106550756,0.160836445264206,0.0998064032651388,0.43350076985479,0.189023186765584,0.307803701561983,0.0917326800863767,-0.6825230914929,0.891706237880214,0.894321143676513,0.541348669578306,0.258229943093798,0.496991022978873,0.466837018998563,0.352560567109559,-0.131645166741922,0.328273844419951,-0.977068267195341,0.584455387230656,0.515326551506777,0.303624719264319,0.354571124763417,0.491895804387928,0.879553942626724,-0.865718909205636,0.591774434396626,-0.436905732510951,-0.73882289679491,-1.2957292933999
-0.613435930294072,-0.450170403999211,-1.36572510775335,0.0747696861210748,-0.636696714569078,-1.54169684811459,-0.471714276182013,-0.294847355963009,-1.20957402458031,-0.735591047434544,0.411038614545478,1,0.794744156992618,-0.244982493352591,0.703791370920998,0.688624440893777,0.185834362104672,0.0622575950572519,-0.133203192454085,-0.0415693736531281,-0.115195387293686,0.159363636068334,0.340882004685552,0.419492760755864,-0.963302507967947,-1.40507868150738,0.17829119869513,-0.168783539516461,-0.579580666431002,-0.559729661369524,-0.399015610445394,1.000933571142,-0.110402713591407,0.322561127723688,0.838791504391099,-0.655528900841309,-0.439798848978334,-0.108064057169894,-0.157729387535823,-0.616105867651607,0.390035546495011,-0.222293822875157,0.464837533526454,-0.476140891350145,0.422803484660291,0.58886164570248,1.25488700212614,0.484148002437492,-0.729298938121298,-0.613329442417359,-0.350530570392824,-0.379849922201797,0.300915319813722,-0.316046625698466,-1.83317881506823,-1.08890617578548,-0.0581859765573375,-0.111906107882093,0.403769249889248,-0.0183324201546189,0.126111942188759,1.2495750898504,0.414949079575832,-0.300211944200373,-0.608886863267309,0.215455926461966,-0.102565507709682,0.161974128957385,-0.232351616562276,-0.409294834314686,-0.45478335753268,0.0221685205912036,-0.0643200107131438,-0.0181856192081346,-0.430986479171773,-1.00975762212542,-0.138374926445317,-0.456685059886404,-0.236910474289184,1.32390719376236,-0.299588980135092,0.307731437731754,0.479696454983422,0.0981405392809541,-0.14490022681358,0.247205027226236,-0.124733351303094,0.171380941769811,-1.27795382091031,0.533557944821952,0.720095613324686,0.83845606704418,0.538024753190974,0.697666411994574,0.831180464261075,-0.361795507269097,0.852844495525501,-0.628153684393312,-0.708243527132685,-1.14155542546633
-1.42464291380258,-1.26397304346394,-1.6978697390732,-0.54836035605835,-0.679633749849662,-1.83405871284365,-1.07346846102915,-1.32219006653505,-1.63676532871258,-0.497912211572755,0.741236167111702,0.794744156992618,1,-0.937609104018343,0.00725384016489183,0.0328255989754974,1.58604769777039,0.222716618237133,-0.0639220688608126,-0.427517869947987,0.291359911998277,1.37524756229308,0.140812577171374,1.20791116256405,-0.504187265026935,-0.568451396555881,0.0551362782744618,0.163040269070101,-0.718678921869819,-0.143872304606149,-0.828044668148884,-0.553560799163879,0.097671941771111,1.04964246779075,1.37422096152602,-1.07981783102763,-0.0371594341510899,-1.12564088523531,-0.057611312516094,-0.909936996029378,-0.21242598141208,-0.26808073125863,0.263623047126068,-1.32252353320541,0.453969306080319,-0.0156032197549805,1.38028949786243,0.109842049002248,-1.1199217039187,-1.1906068959779,-0.904836791232243,-1.00483174268705,-0.285207600572571,-0.790125142400328,-1.36459950288146,-1.39506428102775,-1.0956414198516,-0.618478339958149,0.552511985507408,0.253124003330636,0.725413667727385,0.426300448775074,0.228215670402023,-0.150880493938138,0.385436315635821,0.239621026215379,0.122090819511661,0.994406051130442,0.825502561125576,0.265779714336419,0.2261329051056,1.24797489010615,0.509216234722423,0.0776773818784364,0.920114995296929,0.238587750057049,0.319737805259432,0.0324734334757571,-0.607138521380762,0.811062967717101,1.09452266883418,0.747515243897943,0.706978595953442,1.19553282906262,0.96135862569574,0.71468992348309,0.261281606090955,0.423885005039074,-0.90007969213975,0.372852291043146,0.65734585655325,0.148442219680959,0.862155787385379,0.508536794643471,0.815602015523011,-1.24778203429447,0.580750906252882,-0.650756522450649,-1.09865402676773,-1.45183678506064
-0.0282780940365365,-0.461340424696005,-0.00321076970571299,-0.355050724355205,-0.447885499035715,-0.180773965572417,-0.0187036973266379,-0.0877521302143437,0.238058711532257,-0.467548398636643,-0.767516592956367,-0.244982493352591,-0.937609104018343,1,-0.409059109310323,0.194659530926349,-0.136052454261556,0.561025679296666,0.228385692776079,0.744199314445634,0.279370358119855,-0.144283532130791,0.207435668021141,0.248127485907621,0.32186841987644,-0.565826071323153,0.189693541594498,-0.139156774314765,-0.0469578174401091,-0.204717147850265,0.473821008379031,-0.0712692938930747,0.552518437037757,0.722000172378196,0.537499840390379,0.158804252351313,0.667074276200887,0.256265645709767,0.266616493281294,0.0948685804061646,0.634415247232962,0.528813453852551,0.741334452401504,0.0289008952387761,0.00843659785678894,0.491920760952181,0.459791074711231,0.0881360229560215,0.139641303524867,0.199579015523873,0.0245348311275554,-0.0174042449731664,-0.554721543730988,-0.7257396574869,-0.0390000543931588,0.0208263681175253,0.128112493437385,0.0978207202125965,-0.792822115383442,-1.06277869364385,-1.06480900598829,-0.696544278267689,-0.837760255459049,-0.599556602866686,-1.04459614738183,-1.03387446676433,-0.0680917951295987,-0.509287979716482,-0.16964734953209,-0.063773158291127,-0.972324912360852,-0.631792113351911,-0.726027967841555,-0.256370411921104,-0.787551519827137,-1.05037942654885,-0.396623341917408,-0.590949653899508,0.39121270521023,0.420025344999881,-0.381982762549945,-0.030619928455712,0.300244187256766,0.132174866844341,-0.441866384439137,0.0281776146036317,0.243641237564967,-0.174332521660533,0.247851969289821,-0.0915202607123419,0.39553106548243,-0.193441382265345,-0.481145745016661,0.379225361951948,0.194712906534446,-0.031711810937627,0.267259444370969,-0.100458776323955,0.186991879883287,0.063179761960822
-0.824641562786616,-1.17872801807488,-1.62597169845233,-0.603900950427348,-0.886763579369226,-1.37950099963717,-1.24858275202851,-1.40368427964646,-1.05362179571224,-0.406984659300729,0.733254294249429,0.703791370920998,0.00725384016489183,-0.409059109310323,1,0.00602547319369118,1.14838555500025,-0.01588579628577,-0.0255317190978132,-0.0148196251466812,0.669276989294113,0.938184340379536,-0.138537418270364,0.922927120647247,-0.306569864079293,-0.44969742286589,-0.0774812826440574,0.207499019130318,-0.35506031530021,-0.314212914277358,-0.667425803185957,-0.25819077014807,-0.177635213373131,0.828607452580316,0.752109057873733,-0.477177580446307,0.226658073571836,-0.924202025426034,-0.227115726015509,-1.09314615053364,-0.0841230462010251,-0.519724141569641,-0.00397559447781587,-1.12564803798772,0.26567630272932,0.130950572348325,0.9663640633872,-0.493965563768601,-0.614497983161177,-0.806238004257586,-1.02163775522265,-0.801859352102795,-0.33929704462565,-0.799912696498509,-0.957001368131847,-0.759635876490948,-1.06437008527919,-0.58709798720461,0.220165195196351,-0.226058482031139,0.105939502086107,-0.0318120321067851,-0.440723598777041,-0.950781203683752,-0.400552635695872,-0.693007429351247,0.215623075479801,0.471107386229488,0.931616911144502,0.49029496633979,-0.0104132634214988,0.646944353101125,-0.114507765675646,-0.119293809381336,0.541105556994207,0.135251005001112,0.265576008897591,0.172246516156193,-0.767630810691249,0.752678524071544,1.10956905643445,0.920577349030282,0.885110301001046,1.11910733292292,0.625431722158279,0.685544294745147,0.509314326980716,0.655432420692018,-0.30639252954627,0.53362880960465,1.00597910792504,0.173734120783949,0.331620387649331,0.695942937194511,0.636216699776372,-1.00332181957976,0.404332001061605,-0.462387839481928,-0.545807690140317,-0.736406906017123
-0.549409574000673,0.756321576290963,0.166113741870278,1.02120738313846,1.28770925294978,-0.179307344309965,-0.27217304192589,0.67982901675108,0.45606798093921,-0.156207460117454,0.0274514983541926,0.688624440893777,0.0328255989754974,0.194659530926349,0.00602547319369118,1,-0.0771627459543106,0.310019487466473,0.373573189309461,-0.525632271882889,-0.216172636667772,-0.421446268288103,-0.372429549321695,-0.68422615010428,0.116784337593959,-0.0504868680019949,0.076256783174053,-0.120844362860821,-0.65571265049545,-0.409617733399054,-0.0447998753581385,0.0683355181726311,0.236468158720561,0.457366353779126,-0.253897798526436,-0.689578930135715,0.697522421033149,-0.392638802938303,-0.497288554148254,-0.554558255643377,-0.897161381105689,-0.189788944950181,-0.420843378288809,-0.124916065623307,0.234300076662215,-0.705624604086286,-0.47651759507337,-0.508679788869431,-0.376437523730404,-0.52188473537237,-0.024841935281096,0.79338122885779,0.769211413816473,1.30657045823783,0.808405530511962,-0.409706230426802,0.609355025393563,0.910481481221089,0.4755010943786,0.38025085409439,0.861756915533904,0.262457163078798,0.661146763929114,0.679415445608689,0.43269190748826,-0.136312750045552,-0.42917324647932,0.715481700341434,0.851944274376268,0.579828189857049,-0.0933877772555406,0.535730754290032,0.256839830416548,-0.209054621915219,0.258002987258201,-0.00885996455560178,-0.503560846488907,0.251415904491495,-0.13598541102351,-0.28043218683967,0.100884333225864,0.9516103649025,0.445306746082362,0.750384225147697,0.316681767943074,0.498022407934247,0.832773569095385,0.49834415792312,0.172440415502811,-0.278753133180389,-0.0287035256619658,0.0516553031470123,0.655499916895394,-0.109963302650325,-0.449138864666119,-0.00509601924670113,-0.259204487907473,-0.109039745296157,-0.347410987140773,-0.261076141852912
-0.159284715786616,0.454090099504435,-0.0532403344655379,0.543847123069704,0.356672864252515,-0.457735277835056,0.0189671454144136,0.537488654660308,-0.460657341109721,0.196307897784844,1.02874341535453,0.185834362104672,1.58604769777039,-0.136052454261556,1.14838555500025,-0.0771627459543106,1,-0.824550351696153,-0.759011991953877,-0.899883327271438,-0.834886676669233,-0.0392875338270817,-0.110346836489641,0.226042901603075,-0.547351796491363,-0.39075567780073,-0.663367429992257,-0.722905485223191,-0.4868685074515,-0.214050625047557,-0.276634866389196,0.845872070355893,-0.45567355889848,-0.74311075273819,0.23161426297037,-0.927811068276856,-0.939927152513435,0.199793532776714,0.271139616707077,0.112484630106481,-0.160983202377185,-0.462835466459203,-0.107883072946995,-0.23100002799979,-0.1956136047848,-0.0729182791440572,0.587028044451674,0.24765530849145,-0.407067373528333,-0.283855275267988,0.318899635887192,0.332836845529933,0.496365335032958,0.65076915846898,-0.780063608555049,-0.234634260152349,0.530451752134378,0.428176868770428,1.10326954949722,1.00770955616949,1.08453055412352,1.43257849045521,1.06182033100871,0.356078643325975,0.355542380586381,1.37529758108849,-0.336758618211404,-0.0481293458905855,-0.639189795718674,-0.7431934356471,-0.182826005656124,0.0907117914751736,-0.0662087135527625,0.640984213026375,0.00987365701061482,0.0677172286984424,0.0904656610057008,-0.420454714875488,0.0251826558558031,0.676367177660353,-0.446429006312648,-0.243847521183506,-0.401628476343306,-0.441663273861526,-0.476506707479722,-0.0999258388154933,-0.464820092783456,-0.268915407748173,-1.24488875672977,0.375831776906575,0.0126379985253995,1.03786453283659,0.975894556754197,0.204967765620571,0.476673147595432,-0.0146361270072234,0.312804204169658,-0.699043087418613,-0.37421271141773,-0.595931183386218
-0.143798103594394,1.40008958493268,0.370100910589397,1.22166560008791,1.35465754015774,0.472469485692665,0.500448251810347,1.03072180603001,0.499448974418586,0.291614824623295,-0.323752294972434,0.0622575950572519,0.222716618237133,0.561025679296666,-0.01588579628577,0.310019487466473,-0.824550351696153,1,0.117983339558316,-0.491604887443044,-0.44667690330536,-0.809772041882492,-0.175623711393992,-1.34236824497015,0.111257342040089,0.0363352770930586,0.404076885667235,-0.361150029270686,-0.190045966810214,-0.153790531440873,0.383753424977627,0.777027105054183,0.246696647051629,-0.097006667293537,-0.645185546455,-0.286243361723343,0.390893751931075,0.642658683960298,-0.260183529772331,-0.291381265546752,-0.44694612268179,0.0619471154099343,-0.298861434304342,0.721907814345244,0.325800823532949,-0.599168602583696,-0.629230454617663,-0.135002403347489,0.245259572754194,0.11375485358089,0.383192265177975,0.785162411452518,1.03003342529886,1.53244181538582,0.785570919570044,0.488040640958303,0.824439262014304,0.916578704427393,0.224829847948024,0.576053607418184,0.60455912927046,0.512830324713885,0.72516465804318,0.72456519420798,0.292192663370216,0.215037302181458,-0.711978086494421,0.0963445137811266,0.313353636001456,0.14897288058085,-0.0612412417389535,-0.369256116464169,-0.264755319240276,-0.538422298876127,-0.356829361928492,-0.45770547392683,-0.553426585610826,-0.341413027891527,0.135771614923102,-0.537053069199961,-0.749057057509327,0.473609089304399,0.297988441480796,-0.0409489969865381,-0.324607117333892,-0.0525969289730723,0.433887793085129,0.238644060518225,-0.0528322140210398,-0.564822076315529,-0.36693710255148,0.30584470544211,0.113599035737611,-0.316463979208369,-0.805886967787633,0.797216879209535,-0.434096964872708,0.277073692919611,0.130140774014503,0.362148878963604
0.245190663764606,0.379798491392111,0.5687959746997,0.463523324492877,0.34456702314392,0.270556303388274,0.493863280264509,0.724652477054171,0.424133764704079,0.0597862689043288,-0.57677742206476,-0.133203192454085,-0.0639220688608126,0.228385692776079,-0.0255317190978132,0.373573189309461,-0.759011991953877,0.117983339558316,1,0.160937837562801,-0.404013753076931,-0.376146757763991,0.0658254808372756,-0.254348114409192,0.216258962592374,-0.330222927008731,-0.0487274045326499,-0.318042699526394,-0.127153747538052,-0.0892654327461346,0.876188590461313,0.674576353686772,0.536367508498219,0.259146368506116,0.209985204243989,0.094746214645132,0.163386448134183,0.59532366430667,0.351588354877431,0.437785367766266,0.369613357039146,0.439785652208183,0.805126580665447,0.465963875908425,-0.00915847822149057,0.247003537115755,0.168336797393573,0.317250859645321,0.118267444895234,0.226826409378148,0.241374677281297,0.357863369317657,0.334047571469437,0.267577034941321,0.0736586730507767,0.140686484063958,0.62953618990449,0.52340272194711,-0.20033291127679,-0.309829365490711,-0.470990977342294,0.0640551995975916,0.0398746145351207,0.0350794707851357,-0.500687924650183,-0.174733499769278,-0.411082869903276,-0.500022163679079,-0.507580327490019,-0.417171507884956,-0.809482113810856,-0.691034411395557,-0.745102530690795,-0.0736073306944677,-0.941745819263511,-0.872268387256693,-0.332716873386411,-0.455314013952683,0.724355729898471,0.480357540487963,-0.780857742434657,-0.353383442146514,-0.086521145596782,-0.387798153287105,-0.855121562738729,-0.360076866847305,-0.03209412299165,-0.483885668801362,-0.22464130030956,-0.232334737481879,-0.067397670293313,0.171230943377729,-0.123596194134554,0.264163165760148,0.237018835790537,0.434380651339849,0.211306049417239,-0.406772817886891,0.106333349240466,0.126525072485421
0.665031373832907,0.825935458002681,1.17954458135524,0.479144217671699,0.844938507707558,1.11907809257896,0.471847172131708,0.719258632305265,1.20508268338804,0.694303066084993,-0.1240120797762,-0.0415693736531281,-0.427517869947987,0.744199314445634,-0.0148196251466812,-0.525632271882889,-0.899883327271438,-0.491604887443044,0.160937837562801,1,-0.22800100523885,-0.893374488259866,-0.404173293140768,-1.09065838386581,0.741023301980366,0.939987392091294,-0.0163149484650091,0.222077185744845,0.154702312060467,0.315367965063298,0.581550443271293,0.101791724982557,-0.360561399039334,-0.672804367214495,-1.12562136073028,0.463713101685578,0.741062745913616,0.508524746868646,-0.192904354340991,0.169231158822456,-0.512221401624847,0.257830852735256,-0.593269228374563,0.872377530199473,-0.266493072110079,-0.29153184518344,-1.19069678914856,-0.427633963274578,0.875453240098686,0.600454805965946,0.658162689580245,1.00382849984254,0.386466408414393,1.22239473408024,1.62624600564626,0.897937503511282,0.76277939478303,0.507644917985875,-0.0195546113691168,0.187499235929793,0.278651990856966,-0.347584008538653,0.0563765750319845,0.309481389924529,0.00215741585347445,-0.209568855260602,-0.22592306579531,-0.187428017355836,0.0804952040986453,-0.0649193283448996,0.000677069263297025,-0.279866633547168,-0.197573886716186,-0.214730493939435,-0.0653586593055308,0.420814801419387,-0.407599500478519,0.367865274132152,0.265187125497938,-1.07916135746411,-0.48031715958529,0.148112564069088,-0.321280077940274,-0.0482583515584619,-0.434293321681724,-0.129799311416621,0.745608001343321,0.503609351774457,0.841789591135797,-0.362129182303887,-0.479688527460218,-0.0917693173027588,-0.260416629014479,-0.369139039830591,-0.848149193676759,0.975292340905648,-0.545946790759254,0.397314001585339,0.931545565679225,1.17328857637937
0.398192730750071,0.310778658630743,0.518824102294853,0.200086221406819,0.144314055479935,0.305966438489436,0.189482484384844,0.440552387251058,0.272884612954349,0.144696756481124,0.109299253628379,-0.115195387293686,0.291359911998277,0.279370358119855,0.669276989294113,-0.216172636667772,-0.834886676669233,-0.44667690330536,-0.404013753076931,-0.22800100523885,1,-0.604572596438204,-0.250231034126216,-0.29008565545081,-0.0347801907241485,-0.0846693789068028,-0.338926664864782,-0.286169777130674,-0.0222084050810704,-0.233936964740641,0.121921151094662,0.489799944989983,-0.270817720877255,-0.422049989266717,-0.232315617665963,-0.155730339288003,-0.0298584873187287,0.507569681915083,-0.00167373549989225,0.264353793880596,0.107197203485038,0.0828155034882524,-0.0174918649175339,0.413761543286246,-0.460448078299256,0.191055096401031,0.0116057663555436,-0.0532507824356073,0.397292498082542,0.373601881597488,0.332162505196428,0.510404384565326,0.155118018097522,0.39753470960447,0.107107590157652,0.3055917871321,0.625651456530456,0.39274944554265,0.0811956871822411,0.0737461799142043,0.127114177143712,0.431628005767854,0.195884127347779,-0.108920153856791,-0.482730198617258,0.262158042992123,-0.12489482528367,-0.463098469056895,-0.515631632660015,-0.480585400596078,-0.496595163401921,-0.529639011607578,-0.486866169013195,0.164010691140332,-0.494483527283231,-0.330279828276901,-0.325333681966482,-0.298726625191892,0.204583411697741,0.0917789590466758,-0.591381336574004,-0.0813037315809735,-0.453885666456808,-0.428877965170044,-0.703316476769369,-0.0982042409046884,-0.0662675716857654,-0.155693521992216,-0.234025349877605,0.0792689906823235,-0.0174725611942731,0.241498361291351,-0.0598439958502997,0.040257967270311,-0.0617490563584662,0.388746505197826,0.0705488654399272,-0.0311748824830499,0.358101405995264,0.262503459633068
-0.072065524964315,0.204412286151588,-0.553253920609782,0.306277167184545,0.126632072475344,-0.62288802144794,0.0409478394089811,-0.0790762503906115,-0.932762861159335,0.366405999394437,1.08062384260184,0.159363636068334,1.37524756229308,-0.144283532130791,0.938184340379536,-0.421446268288103,-0.0392875338270817,-0.809772041882492,-0.376146757763991,-0.893374488259866,-0.604572596438204,1,-0.0885124459510302,0.0503632965087742,-0.41275455962613,-0.428495710734751,-0.895020866691191,-0.862133364406296,-0.558183419718422,-0.430753532295496,-0.452003252578886,0.473257321131997,-0.471522463212567,-0.599823746417418,0.0630392404485212,-0.687907374992404,-0.95287217776641,0.283013054995499,0.22031990423088,0.0115555184832994,0.00551257349431922,-0.598943335573543,-0.209016953920798,-0.145253059141962,-0.249696564102605,-0.081298044563263,0.470198089369263,0.548363114368695,-0.165448438842322,-0.0189114851555701,0.290679527077005,-0.269035219146071,0.149381137233533,0.371822777340544,-0.916352562175747,-0.518800179244177,-0.0311498194732204,-0.0158968236226159,1.19444211018512,1.23184580855351,1.16744339804994,1.17342122908063,1.02337477338163,0.678718217755423,0.69688097380762,1.34473433299905,0.0306705923984251,0.393473199314035,-0.216046017611028,-0.575179984222916,0.132282328723692,0.34646006897817,0.109304866860708,0.572167876836121,0.353452486776393,0.182489517610539,0.150924473425069,-0.47641649924877,0.0156813331775678,0.281480926020728,-0.281087144814359,0.139039960884965,-0.244148645351762,-0.213505462798781,-0.481108477472836,0.183080032701708,-0.42826671549293,-0.132475158217652,-0.984423034992998,0.415489857400877,0.0879203959069691,0.853139358789013,0.922129809929486,0.0599531571963043,0.197290195029688,0.10867485094786,0.162335681937509,-0.502488204775167,-0.0292073633275385,-0.223000448394175
0.11743559163685,0.585784177576064,0.217922296589242,0.249641030209823,0.638320767494434,0.251922699631053,0.284782503682989,0.244792122644824,0.0916694949311055,0.838947539769677,0.00892077817700121,0.340882004685552,0.140812577171374,0.207435668021141,-0.138537418270364,-0.372429549321695,-0.110346836489641,-0.175623711393992,0.0658254808372756,-0.404173293140768,-0.250231034126216,-0.0885124459510302,1,-0.378237028862917,0.653804174033421,0.424400634529362,-0.225472564064819,-0.509423996039383,-0.138417611391067,-0.152067830968905,0.269159409465249,0.352459977710953,0.179097188791324,-0.175938892853824,-0.176150021458197,-0.186494348067068,0.44083139057784,0.573688085818132,0.0741249262064926,0.184772660126516,-0.114169215529991,0.193981780985787,-0.0509883121921192,0.374899766475547,0.085914138609145,-0.200572077672982,-0.395933665514971,0.496474573300132,0.462521047085617,0.40597812709425,0.476492388426765,0.449230471362703,0.500556155544943,0.770715313607939,0.603044669677407,0.406822026341574,0.538498988335085,0.39312749745505,0.622542674442698,0.534572852890309,0.74719917084648,0.0481675308973503,0.457751707451478,0.578811740425614,0.310954609894181,-0.0229159527981602,-0.117579517316336,0.423560781496065,0.167716257454801,0.0244984471102754,0.0200963095867047,0.108357255256596,0.192558443054732,0.0991867951547047,0.431183807243303,0.329589044257915,-0.213548623051111,-0.132696957923785,0.0906959351983846,-0.56835369506283,-0.331229025568226,0.0942660934326744,-0.356538118637005,0.0382062840544964,-0.497436673802321,-0.0800871030449882,0.427778823899028,0.275149908443953,0.127205223237973,-0.377663646586549,-0.250236562301727,0.198259237260354,0.0854484450608217,-0.374410660902101,-0.464096269795761,0.441512924871118,-0.418200375325393,-0.00974033540153396,0.430880019221481,0.647992198391662
0.0956278970101465,-0.363016290302624,-0.564855706165209,-0.389935187118045,-0.228099409031655,-0.271993027545679,-0.22255646083811,-0.727054257444547,-0.956542623092929,0.859056217668278,1.24923623767203,0.419492760755864,1.20791116256405,0.248127485907621,0.922927120647247,-0.68422615010428,0.226042901603075,-1.34236824497015,-0.254348114409192,-1.09065838386581,-0.29008565545081,0.0503632965087742,-0.378237028862917,1,-0.114871266543573,0.157670346404728,-0.963025019277022,-0.304560730985857,-0.261276028196727,-0.356631539143612,-0.664487672561399,0.242421992493909,-1.11150697375441,-1.15068422560936,-0.483608622671195,-0.405404586044547,-0.335424317719264,-0.129542139999458,-0.235721839201866,-0.241982141368019,-0.112468258541177,-0.825916400888825,-0.60494461204208,-0.0175798580767654,-0.0991259923392976,0.210627632110763,0.237642834119763,0.232343380051426,0.210283675466935,0.266530475529483,-0.200274420617347,-0.343154393448022,0.314356819852742,0.204831598022429,-0.536518913619235,-0.26795773299407,-0.395831092573182,-0.368232171095198,1.40699498446611,1.02262494788355,1.33174170070307,1.046082977309,0.869239162816049,0.345018611134385,0.585078029491644,0.866708159698019,0.339073532064555,0.615833680991286,-0.221927363557101,-0.480585018394291,0.225953889501189,0.47897137714958,0.573180259519568,0.385640029625934,0.78615239754784,0.847468555147786,0.296953458658721,0.104864341022703,-0.513813929201834,-0.00291152253878801,0.23335654941872,0.119591011421063,-0.529952357575394,-0.36580987025233,-0.29896682706237,0.0464920275588338,-0.000601208733181341,0.131775133062077,-0.64868263084223,0.426137916206566,0.22417640852158,0.807309256061938,0.538045223682079,-0.211593877056009,0.0483843574437,0.159181831962975,0.0280200084779839,-0.185439607445288,0.216894895146004,0.125831997063704
1.09412593502446,-0.0875301974288873,0.445235062486516,-0.544893499312445,-1.00523683410231,0.393153001411987,0.5394636235596,0.0224056887230015,-0.276999870489921,0.0398798128027247,-0.862910375328369,-0.963302507967947,-0.504187265026935,0.32186841987644,-0.306569864079293,0.116784337593959,-0.547351796491363,0.111257342040089,0.216258962592374,0.741023301980366,-0.0347801907241485,-0.41275455962613,0.653804174033421,-0.114871266543573,1,-0.622057202016499,0.383410231488254,-0.0174023983283418,0.415735043782121,-0.190321983742584,0.619238634396423,0.454826781434666,0.550814615215944,-0.319186447407181,0.170485683566206,0.596113922669791,-0.0377038847629601,1.18412616307579,0.324443855608784,0.625666579162346,1.31159431174124,0.717407146169074,0.981171043931636,1.10959045799244,0.283722775947714,1.22874122072794,0.269030233785864,1.23800108778242,0.878564054193343,1.1404498819791,0.349994155552276,-0.0927599360998663,-0.320157152658783,-0.802877094712606,-0.429574781721632,0.176075657116325,0.273962496806175,-0.495527721957689,-0.967752826372342,-0.991390177455155,-1.32449009130801,-0.110845203539114,-0.718307039415404,-0.134335393999687,-1.13080559667846,-0.59026470079242,0.181657329077801,-0.726811500247972,-1.32803375494353,-0.786624523612088,-0.640483546918941,-1.46344872420164,-0.340520651309302,0.0548425020637439,-1.13568757619259,-1.24133439884016,-0.449737574478563,-0.816761803999498,0.735500000073855,0.053254119869085,-1.1007824393356,-0.776054924045965,-0.446063726155121,-1.12843654371762,-0.966457152327873,-0.546026475381291,-0.792273937466402,-0.692362747209236,-0.117633624106408,0.0507402678114936,0.0254269817902186,-0.085869190371792,-1.12115848959579,0.1212325827819,-0.11038219382052,0.770751667925665,0.38190020971026,0.496614634366201,0.744981980637192,0.634127150216763
1.19169339809973,-0.244361334446677,-0.0255259297978705,-0.653133346202294,-1.10974013127415,0.0216946067735388,0.608023064623685,-0.110991354721137,-0.472797167679614,-0.31976153777722,-0.564981854745586,-1.40507868150738,-0.568451396555881,-0.565826071323153,-0.44969742286589,-0.0504868680019949,-0.39075567780073,0.0363352770930586,-0.330222927008731,0.939987392091294,-0.0846693789068028,-0.428495710734751,0.424400634529362,0.157670346404728,-0.622057202016499,1,0.220416589143446,-0.0460837554590321,0.242400310864187,0.329591264975297,0.519482544415918,-0.0318190036552727,0.58501660470462,-0.398805450762225,0.111299961021087,0.852513693915434,-0.722616990849822,1.3241264725639,1.03149522272563,0.733060696166036,1.41158450807238,1.12354541639976,0.538898134180627,1.13514586868166,-0.442750995186679,1.19218032672271,0.410105583175189,1.16549436679865,0.850417366336076,1.10450115431039,0.706423297484797,-0.646091608910573,-0.894960938989392,-1.03041267314138,-0.896445555649821,0.141234514493725,-0.1640137182374,-0.924251888563338,-0.975073479409592,-0.671161478909907,-1.34589511374671,-0.535514401125425,-0.840982819332539,-0.0902608974884211,-0.526205041378404,-0.071349092263727,0.505166895541309,-0.748684851215845,-0.951920124288497,-0.887196282144279,0.114957951824619,-1.01144787278349,-0.385735693753562,0.297486289548329,-0.604656964746093,-0.675168195524356,-0.216009149075756,-0.817337926401324,1.30829566439861,-0.077464614081583,-0.865962175872702,-0.768101258708549,-0.534932771096017,-0.827937750327584,-0.795692191563191,-0.0280034036533604,-1.25988653777307,-0.65833740709635,0.0274134009094735,0.570541501748263,0.108070708997095,-0.0823563186321859,-0.655155307961875,0.240125525701494,-0.232269671796615,0.834914655201567,0.545958999875329,0.45452947821395,0.815314094854522,0.642872209414281
0.393451171245382,1.09836479485286,0.703923059084584,0.921695078144968,1.20018593405902,0.552243468934087,0.524814189966127,1.19782794325667,1.09097738970813,0.507492195354377,-0.0974942690447733,0.17829119869513,0.0551362782744618,0.189693541594498,-0.0774812826440574,0.076256783174053,-0.663367429992257,0.404076885667235,-0.0487274045326499,-0.0163149484650091,-0.338926664864782,-0.895020866691191,-0.225472564064819,-0.963025019277022,0.383410231488254,0.220416589143446,1,-0.814796370900095,-0.147904945364557,-0.139808869271974,0.137529783351011,0.347979856868931,-0.163969937093639,-0.426101451752633,-1.42121843712783,0.310999775944019,0.218599539941985,0.0660997355591267,-0.0965391487256332,0.173724288616464,-0.642028032466371,-0.17049220800926,-1.02593365407404,0.18323073436122,-0.837004104927443,-0.863633604681219,-1.0223439908074,-0.431191918003329,0.139129243053414,0.221837430343414,1.25865683505918,0.947944365376425,0.523147603810973,1.1934742168986,0.938890014817126,0.93888962512897,1.20221834227913,0.842810919010923,0.701160590839366,0.509450730545212,0.451267386511129,-0.23144848169514,0.207225320138523,0.306736851342562,0.360321844170932,-0.359639553858267,-0.00836484119191216,-0.0711584417070348,0.238555053457843,0.498112552593175,0.222768200086667,-0.0802103063067077,-0.0243518248356125,0.0850852893998812,0.1237787518423,0.0882581806768509,0.160020450921864,-0.0556912887699368,0.26196406788929,-0.304551739849318,-0.571480947419681,0.132895818724155,-0.357175749641161,-0.0991540008540282,-0.477572696160828,0.105883889342969,0.30242769148196,0.0661184433433326,0.832709223628999,-0.206327597910673,-0.0962626287457675,0.425696853204158,0.565027035562487,-0.733524393236238,-0.877538372046364,0.545420249339726,-0.515489689242714,0.287789414876084,0.543509105393924,0.812808786156515
0.971833982331247,0.200654039574197,0.145113591202178,-0.00742680962096653,-0.169967607790954,0.303932479002033,0.3370159221365,0.249367292318395,0.344727998163046,0.418097122548105,0.428074134989809,-0.168783539516461,0.163040269070101,-0.139156774314765,0.207499019130318,-0.120844362860821,-0.722905485223191,-0.361150029270686,-0.318042699526394,0.222077185744845,-0.286169777130674,-0.862133364406296,-0.509423996039383,-0.304560730985857,-0.0174023983283418,-0.0460837554590321,-0.814796370900095,1,-0.0974644658898905,-0.175966562728037,0.0787435501701964,0.491509879335508,-0.265217644623387,-1.05375672258938,-1.34367424722855,0.817038380135503,-0.539864797337716,0.159075950180402,0.190081348099638,0.343844615422524,-0.0630087728537514,-0.269390248933689,-0.804543956106144,0.321204068007478,-1.06866839170709,0.104868330748104,-0.585379824166655,-0.241994840192645,0.295920987371618,0.40609926710312,0.970797555034986,0.133261007178239,-0.225349285137533,0.00941121902612913,-0.0120417064822407,0.466526690334784,0.249381545241061,-0.0879926413229858,0.5871946559251,0.496228833164723,-0.0386261505616287,-0.00571994739256582,-0.0523625475352191,0.0620266052745953,0.107012000818146,-0.0306408693636886,0.770706821148057,-0.181272468508984,-0.30648746989789,-0.209063550182366,0.31052882091496,-0.0715688803770352,-0.118027069052887,0.684589966088738,0.0920962617308023,0.337657895843409,0.48727242269217,0.15975344597253,0.363086607904377,0.380539449216924,-0.254566574124048,-0.172384892762028,-0.513518851650149,-0.411171226047627,-0.711089329785486,0.210428635983744,-0.528167046895689,-0.0505015658302719,0.337434340452025,0.74229361783951,0.578975044176432,0.783234788437706,0.434988644971577,0.146372738920547,-0.132511883619194,0.50168683965329,0.203153962674633,0.218627775075397,0.720341988326171,0.727789982935703
0.896508690196479,-0.0354370846540211,0.736884235928753,-0.257755239507095,-0.339431034625457,0.597795090375345,0.512414985461001,-0.0148024364942588,0.28002492021491,0.366971398900274,-0.235088683169624,-0.579580666431002,-0.718678921869819,-0.0469578174401091,-0.35506031530021,-0.65571265049545,-0.4868685074515,-0.190045966810214,-0.127153747538052,0.154702312060467,-0.0222084050810704,-0.558183419718422,-0.138417611391067,-0.261276028196727,0.415735043782121,0.242400310864187,-0.147904945364557,-0.0974644658898905,1,0.184653706483946,0.323746069971667,-0.347964571256997,0.0916912029517618,-0.527702250327343,-0.58945820326472,0.55268450849672,0.189216751789757,0.695145511223354,0.44944207765508,0.663671125971126,0.369526396077393,0.535263816401598,-0.0770796513677915,0.676326687943303,-0.591914606955244,0.36426810506142,-0.32252392070212,0.182006524296138,0.892482452346717,0.852855095887722,0.664452377013132,0.0643342162638207,-0.736647620622848,-0.319367036023105,0.464843828563199,0.70037964936345,0.0917353175883239,-0.29867470069468,-0.453870811416505,-0.237859818057199,-0.525412742333274,-0.718102697391011,-0.676848490315794,-0.0942045940714084,-0.253709267902041,-0.312703366359241,0.402439866538911,-0.459643850974069,-0.532737929318321,-0.427293397599146,-0.062000338757312,-0.513771332202476,-0.325271913314952,0.317863900108064,-0.135804083838337,0.0216322592723229,-0.177174844552284,-0.198953884856154,0.727517905734204,-0.503163882502397,-0.473842160820463,-0.340161109542868,-0.532443640879264,-0.331800899094709,-0.544288014871685,0.120128427951304,-0.205790714640836,-0.236558075793111,0.548623839445193,0.135650230168131,0.0148432818857899,-0.127876659840245,-0.366681299981006,-0.0688950160756158,-0.480163816866329,0.547329365285217,0.0499985235247593,0.525895357237581,0.960762386892556,0.957073453489703
1.09659946762437,0.190974594166629,0.27925289609962,-0.255470969212965,-0.0682843837662373,0.574687597510993,0.43720950753291,0.0979489446031663,-0.0313212660472958,0.383728605923643,-0.0763815602659789,-0.559729661369524,-0.143872304606149,-0.204717147850265,-0.314212914277358,-0.409617733399054,-0.214050625047557,-0.153790531440873,-0.0892654327461346,0.315367965063298,-0.233936964740641,-0.430753532295496,-0.152067830968905,-0.356631539143612,-0.190321983742584,0.329591264975297,-0.139808869271974,-0.175966562728037,0.184653706483946,1,0.165522079037465,-0.35676297599338,-0.10687679703134,-0.676807969876317,-0.931379500941239,0.774342141724863,-0.473514076794625,0.368203639696304,0.307200732745952,0.388932380482368,0.199067159226301,0.207099633077987,-0.576788427478671,0.634887763065761,-0.609110695762185,0.0488061730940384,-0.487073006048737,0.465731109955228,0.646864525898853,0.794120323542387,0.873314434984364,-0.322936385309352,-0.441553680789907,-0.0501956104684883,0.106040955633191,0.409736124281274,-0.0530440737747517,-0.58420047140381,-0.0454681417138905,0.277905919217356,-0.147564804334523,-0.447198523280095,-0.37858777207103,0.238492650417125,0.4012221662935,0.225476805348927,0.474026459466858,-0.177664660569511,-0.219897961988109,-0.219037302363389,0.7549616671309,-0.317715027888348,0.0318459795359522,0.249893901366526,0.171650535739163,0.333136277096795,0.426762139879028,-0.0587439025910605,0.56870771938208,-0.614143214973036,-0.249372553737687,-0.268005934419393,-0.565786333830106,-0.494330135887183,-0.332348262318722,-0.0263941033731863,-0.713833550023443,-0.160962428445748,0.492936053465968,0.266268541453873,-0.215029101982764,-0.109099174511393,-0.106695845730772,-0.546753858626527,-0.802820744680787,0.777101328344031,-0.13369392870734,0.628722436697802,0.854569928779368,0.890604057937461
0.825664044332932,0.417810362370133,0.724347998905249,-0.0554623079429782,0.359002606174343,1.02275709141029,0.964793070292342,0.333247162710023,0.582488426183864,0.351097495588512,-0.796676376452835,-0.399015610445394,-0.828044668148884,0.473821008379031,-0.667425803185957,-0.0447998753581385,-0.276634866389196,0.383753424977627,0.876188590461313,0.581550443271293,0.121921151094662,-0.452003252578886,0.269159409465249,-0.664487672561399,0.619238634396423,0.519482544415918,0.137529783351011,0.0787435501701964,0.323746069971667,0.165522079037465,1,-0.456650427196748,0.180453045687509,-0.0701939955778562,-0.691047642428467,1.08533654415605,0.341586216934268,0.339146403956496,0.0732834989848312,0.501218552804302,0.382193935230398,-0.0452623690654612,-0.0804485804645557,0.832127803531755,-0.016998252736072,-0.16037183125076,-0.86487118614153,0.590652073705035,0.792992276146293,0.861694226952253,0.207291614079092,-0.00662721078606981,-0.0594248602605551,-0.00262511869749506,0.644000018458434,0.541780768859653,0.124711287336383,-0.0776302364654221,-0.452273061306738,-0.170278803886951,-0.447503717386869,-0.719288140833253,-0.217944063066859,0.551970991598324,0.432759398992153,-0.26514824184671,0.326160209673468,-0.0188387598339724,-0.309327563479645,0.00748108669149877,0.269652456827794,-0.389402187239268,0.0813338915459363,-0.282718212908987,-0.258355000674978,-0.17367249499823,0.231684273383963,0.110484592669878,0.429432528183556,-0.591550391300861,-0.503577858006166,-0.532297649905755,-0.401877546184607,-0.584154529390241,-0.314053948772619,-0.464961190833805,-0.00248405527637571,-0.311899817198585,0.794875238479989,-0.381584065579544,-0.271629560149876,-0.359709620164343,-0.488696701399187,-0.733080581902528,-0.660763112648926,0.722659706369342,-0.560049192878628,0.522052381189381,0.737664567238403,0.996571986205007
-0.836321972353677,-0.833780981514376,-0.744980443365944,-0.0518740297709473,-0.182637143875669,-0.797351505790242,-0.45355838559081,-0.816107353447515,-0.382478836985794,-0.272605396203621,-0.174171162152488,1.000933571142,-0.553560799163879,-0.0712692938930747,-0.25819077014807,0.0683355181726311,0.845872070355893,0.777027105054183,0.674576353686772,0.101791724982557,0.489799944989983,0.473257321131997,0.352459977710953,0.242421992493909,0.454826781434666,-0.0318190036552727,0.347979856868931,0.491509879335508,-0.347964571256997,-0.35676297599338,-0.456650427196748,1,-0.144727887761258,1.07263069714859,0.44898974018453,-0.173715793346229,1.06605023976842,-1.20230193290601,-0.971729774297365,-0.467239917841878,-0.429881765221274,-0.453503002980026,-0.0136604285599721,-0.883411474555942,0.631304667963703,-0.313276021622326,0.124528926049272,0.0739357809841579,-0.500758226678744,-0.620421103609767,-0.446193340423183,-0.196964879962802,-0.0863182030133007,-0.201907338069614,-0.00699196573453875,-0.690063446046379,-0.397856733241038,-0.120136090612087,0.281514301986406,-0.131040867313635,0.364715633706689,-0.297634500844112,-0.078367215473041,-0.227989549166161,-0.107549770194121,-0.738944666214681,0.299789606700921,0.838527187796145,0.89713029598718,0.771231517753513,-0.0344758075037585,0.81892237966826,0.583031727035216,-0.260331017207919,0.514342075218087,0.0205175987655881,0.283328283717415,0.610222434189999,-0.790899242248681,-0.149257121391779,0.601954016064897,0.953372651246269,0.543047559682707,1.0450133084591,0.690730532438226,0.415263069965195,1.35059318170088,0.984008152228219,0.296747532557577,-0.307814853372726,0.099204537069056,-0.540322073162978,0.277851676924532,-0.157707253526797,0.0815486498427764,-0.761932590437024,-0.155430771491193,0.0347506943891113,-0.30589864684793,-0.444709319488189
0.263402061089933,1.03680620876131,0.92083899208372,0.636568883008183,0.980056069409124,1.1187540803033,1.0006855050289,0.746396473760799,0.812617532029357,0.912303351064284,-0.187297063634701,-0.110402713591407,0.097671941771111,0.552518437037757,-0.177635213373131,0.236468158720561,-0.45567355889848,0.246696647051629,0.536367508498219,-0.360561399039334,-0.270817720877255,-0.471522463212567,0.179097188791324,-1.11150697375441,0.550814615215944,0.58501660470462,-0.163969937093639,-0.265217644623387,0.0916912029517618,-0.10687679703134,0.180453045687509,-0.144727887761258,1,-0.433248012201374,-0.847604658175765,0.433422897948127,-0.0223460805877893,0.0478840493968509,-0.342176819133463,0.318948956026744,-0.483098629039979,-0.388750247352158,-0.556174450656282,0.550424890240014,0.207464423093122,-0.927644205165308,-1.18612972009446,0.0467612667865279,0.348699908672641,0.273255637953764,0.525457674033047,0.718277380915076,0.856965693561851,0.8777674974569,1.09078121030558,0.704047217414794,0.53400235021942,0.626169398005983,0.513343122311747,0.81838974928128,0.557619610223242,0.0808214890552246,0.768760176584701,1.24608505732327,1.11180128322232,0.245935144409314,0.125027986265683,0.562706692588281,0.124138506053738,0.530688729860664,0.422995698851136,0.165202072485281,0.809191419565539,0.14618684447455,0.226031511694931,0.311800657031654,0.106647452786734,0.131697142767317,0.0947116103958957,-0.87635167891624,-0.518227551415149,-0.12542320619922,-0.118104991877023,-0.404280563139135,-0.0957208100979454,-0.288067987744519,0.296885758022031,-0.094468710558805,0.77598591420934,-0.67782992174301,-0.780996604989401,-0.0133533417716906,0.113764475803274,-0.793386433459146,-0.719675572838115,0.472394134002969,-0.878658052015659,0.612026873944139,0.400027351081434,0.845122891445432
-0.368392663855202,1.34878609449824,-0.183833371650862,1.34076662773152,1.34544907296823,0.00644766457962631,0.380770179809173,0.861195160584427,0.131195734111366,0.07686686650874,0.474891493296224,0.322561127723688,1.04964246779075,0.722000172378196,0.828607452580316,0.457366353779126,-0.74311075273819,-0.097006667293537,0.259146368506116,-0.672804367214495,-0.422049989266717,-0.599823746417418,-0.175938892853824,-1.15068422560936,-0.319186447407181,-0.398805450762225,-0.426101451752633,-1.05375672258938,-0.527702250327343,-0.676807969876317,-0.0701939955778562,1.07263069714859,-0.433248012201374,1,-0.555410690157855,-0.31425222370565,-0.621585082358933,0.312036561322257,-0.25352581401161,-0.344579880470648,-0.526390206107892,-0.556215616219484,-0.485178635031582,-0.153361548761928,-0.103315251917623,-0.946833103357779,-0.305840284975207,-0.398837238888166,-0.34477843843972,-0.447806093382714,0.317422903077513,0.421866738458611,0.927232010885606,1.37220623607343,-0.162194402711699,0.0783851766857052,0.592030854653821,0.826242127234144,0.726741067061531,1.21645737087244,0.950676687329772,1.14045215981157,1.05948500596069,0.782977456604835,0.547511799549298,0.936858549122819,-0.457052210008839,0.343206338014829,0.531394822522651,0.312005620062087,0.12220236890692,0.0584758240678488,-0.247260682735309,-0.225810679309029,-0.333711171267057,-0.524618649777857,-0.251729841081759,-0.364206453116773,-0.196499028960161,0.230461633321136,-0.774328263924922,0.65343278566676,0.532309119738947,0.0189377951509737,-0.466961357845001,0.120914070211895,0.304859955185261,-0.0334667251607221,-0.396401769235519,-0.141835555959674,-0.0094247165616004,0.755806538488077,0.784457110566898,0.0890939831334873,-0.143961025767556,0.358088252791924,-0.236699317887292,-0.377838654552324,-0.188560616334592,-0.0696285875498295
-0.507058261114858,0.497054433876279,-0.74209587299746,0.340866195199648,0.750877857281348,-0.263679181400249,-0.00812533061220233,-0.191971567013316,-0.533509148150809,1.0726054215393,1.2687156514512,0.838791504391099,1.37422096152602,0.537499840390379,0.752109057873733,-0.253897798526436,0.23161426297037,-0.645185546455,0.209985204243989,-1.12562136073028,-0.232315617665963,0.0630392404485212,-0.176150021458197,-0.483608622671195,0.170485683566206,0.111299961021087,-1.42121843712783,-1.34367424722855,-0.58945820326472,-0.931379500941239,-0.691047642428467,0.44898974018453,-0.847604658175765,-0.555410690157855,1,-0.301880873581603,-0.515764006925904,-0.27975398241559,-0.170037083590629,-0.365630911439145,-0.429771323590218,-1.3962707756532,-0.916148079331758,-0.515755393765447,-0.274783501323989,-0.863536280258795,-0.253001993716858,-0.13792745623665,-0.243571622473005,-0.176969938043828,-0.0324621748370845,-0.060584945759614,0.853838407293236,0.882829785553067,-0.249696238448709,-0.0204531333397451,0.00173675549369656,0.33465020510778,1.92025490411261,1.66542040860269,1.7705601477454,1.08581317945122,1.26218300029165,0.962561901751515,1.26969855262758,0.727475366959849,0.268700138726132,1.19879708566163,0.721914763497501,0.462319141335943,0.467778765264006,0.958132844217287,0.700900520292139,0.328568691822395,0.971770808500413,0.733021907414826,0.338590967079636,-0.125427884582781,-0.736173524810501,0.110785240733786,0.15699025475862,0.61371217885008,0.0486281287940928,0.117525952890022,-0.321189726217105,0.285619919164945,0.371013486704222,-0.0342898886293738,-0.222709744329708,0.171630185882283,0.41073879996788,1.06048162107532,1.1891703852647,-0.342655331493663,-0.0206141833783839,-0.00926569329257632,-0.462856727183031,-0.40135232545115,-0.0194502192281345,0.34276217375617
0.880837123003373,0.0926808904266368,1.10187149605993,-0.254527579953385,-0.191613970777901,1.10514693039162,0.458896453904634,0.212041421439579,1.01250863056532,0.068477804434536,-0.934275699726912,-0.655528900841309,-1.07981783102763,0.158804252351313,-0.477177580446307,-0.689578930135715,-0.927811068276856,-0.286243361723343,0.094746214645132,0.463713101685578,-0.155730339288003,-0.687907374992404,-0.186494348067068,-0.405404586044547,0.596113922669791,0.852513693915434,0.310999775944019,0.817038380135503,0.55268450849672,0.774342141724863,1.08533654415605,-0.173715793346229,0.433422897948127,-0.31425222370565,-0.301880873581603,1,0.482604863481633,0.802776117061545,0.234939514521427,0.602976766415169,0.370742712265135,0.943573462665036,0.399167615131988,1.17695926646948,-0.0855201153053279,0.568456143395802,-0.932584871782505,0.13104181170062,1.008675003366,0.801336605461701,0.29900041815806,0.398298360066279,-0.332193409150171,0.00582201288796519,1.28032616743238,0.665770191622235,0.0844741248547325,0.154171054449042,-0.956925778951065,-0.516576821211711,-0.823613049307226,-0.988703829616086,-0.350587783715012,0.221546621663037,-0.22715031698842,-0.294326430844412,-0.0917816523522274,-0.458163318470668,-0.203027317994466,-0.39069540463843,-0.0195576412647025,-0.435683109799073,-0.372623842851556,-0.172127421190091,-0.339747885126982,0.369540455317359,-0.31755894761969,0.568344562634555,0.821274426355814,-0.902919690088769,-0.120979658377044,-0.416372691212091,-0.280245509331949,-0.0650039728382982,-0.283307835306758,-0.184224388662936,-0.0952234321860468,0.28704113018568,0.683623901103544,-0.220868400254945,-0.546782704948001,-0.756766038632803,-1.03802812635229,0.0625976219881014,-0.228156283859244,0.782713090942022,-0.0954973791738419,0.371286565342211,0.863587632598911,1.03870876440597
0.33149152146209,0.570567974358722,0.517629800868107,0.243515126449184,-0.29300232730084,0.219103426598038,0.594828284968095,1.09466636724554,0.608205793221322,-0.152436355616796,-0.380929683830134,-0.439798848978334,-0.0371594341510899,0.667074276200887,0.226658073571836,0.697522421033149,-0.939927152513435,0.390893751931075,0.163386448134183,0.741062745913616,-0.0298584873187287,-0.95287217776641,0.44083139057784,-0.335424317719264,-0.0377038847629601,-0.722616990849822,0.218599539941985,-0.539864797337716,0.189216751789757,-0.473514076794625,0.341586216934268,1.06605023976842,-0.0223460805877893,-0.621585082358933,-0.515764006925904,0.482604863481633,1,0.60568842546,0.067474330273002,0.490760503376264,0.469928597480815,-0.141711463114122,0.162935313814167,0.0937144600810283,0.161019885672932,0.381002264262617,-0.158203188923377,0.0717143356250023,-0.0351993752599261,0.226959168167478,0.656577891368088,0.693471777444495,0.254365818963379,0.0223799745025697,-0.286241004375603,0.50446914428633,1.16146042410843,0.340852879254926,-0.275836070566749,-0.649546197936154,-0.84740377064921,0.313755352346182,-0.501785863188638,-0.510045442044908,-1.0860493631654,-0.678743187718797,-0.249951245436384,-1.01725427036132,-1.11779360542863,-0.382297787721367,-0.751337608710352,-1.22956239491084,-0.42457365790366,0.0520976000939363,-1.18710412646758,-1.25604985851237,-0.238257588574696,-0.680814011839532,0.0270403353097222,0.619250243886967,-1.19634169242734,-0.800611769129264,-0.145260255211993,-1.06163598904461,-0.682624125805199,-0.53511049491542,-0.319048575711072,-0.575244875189794,0.00507709489300487,0.0757307633596022,0.16899410341601,0.539157280448382,-0.157484100877838,0.0332740181715373,0.100566712935719,0.262267866648391,0.236036060711656,0.0754582440103608,0.0269961135047746,0.105019457526909
0.582817639026637,-0.0531510604377111,1.06817020321292,-0.405480030807691,0.0593447021738481,1.24481282782421,0.617437784905199,-0.169257232036212,0.714496267318989,0.799973324773751,-0.899235464769067,-0.108064057169894,-1.12564088523531,0.256265645709767,-0.924202025426034,-0.392638802938303,0.199793532776714,0.642658683960298,0.59532366430667,0.508524746868646,0.507569681915083,0.283013054995499,0.573688085818132,-0.129542139999458,1.18412616307579,1.3241264725639,0.0660997355591267,0.159075950180402,0.695145511223354,0.368203639696304,0.339146403956496,-1.20230193290601,0.0478840493968509,0.312036561322257,-0.27975398241559,0.802776117061545,0.60568842546,1,-0.252603248552798,0.851065251458135,-0.134826454233113,0.441650265457497,-0.00553204741353858,0.221382197030209,-0.167914517082048,-0.476035875591641,-1.00993844365359,0.117996156774024,0.712695630850889,0.67135805406401,0.334734068094883,0.0255946484475582,-0.544770924702879,-0.294456944156594,1.39156076976792,0.89230298945432,-0.116563092802187,-0.298424013208388,-0.555291974540012,-0.302252268731584,-0.50023043186104,-1.48691448967797,-0.770230771934767,0.0895082570293781,0.149525331073137,-0.747087030106998,0.397655639481417,0.10597427412528,0.226219853803431,0.615626922568912,0.375374571357064,-0.00600330941972038,0.387916189274531,-0.0157115364833492,0.3890853924154,0.616182059545205,0.211097260391102,0.425813611019439,0.131026395924483,-1.39118102448292,0.0734404525130282,-0.387121979718936,-0.471103088402142,-0.0949435421121309,0.0117080806746442,-0.396601402690362,0.414001327848264,0.033343330125457,1.39117130422622,-0.897352446099382,-0.867987204614146,-1.29612248404898,-0.906455966714916,-0.86062345079591,-0.741639455449867,0.070304071751901,-0.931346348484399,0.623547881747852,0.799246972597099,1.17881580893099
0.294227522399368,0.076508162795326,0.537331348268423,-0.225637162862387,0.335947609252207,0.865113024669283,0.087764371566689,-0.199067764771527,0.33784960822422,0.510928730476663,-0.0957434479253141,-0.157729387535823,-0.057611312516094,0.266616493281294,-0.227115726015509,-0.497288554148254,0.271139616707077,-0.260183529772331,0.351588354877431,-0.192904354340991,-0.00167373549989225,0.22031990423088,0.0741249262064926,-0.235721839201866,0.324443855608784,1.03149522272563,-0.0965391487256332,0.190081348099638,0.44944207765508,0.307200732745952,0.0732834989848312,-0.971729774297365,-0.342176819133463,-0.25352581401161,-0.170037083590629,0.234939514521427,0.067474330273002,-0.252603248552798,1,0.033749808779107,-0.192004634354382,-0.23311784043712,-0.365643845021226,0.177161869370203,0.497203240174877,-0.435855467066088,-0.728625329223455,0.170169005334869,0.39348323857176,0.319506222875017,-0.018082422474561,0.0414370511566293,-0.0130980330826859,0.26943850200144,1.05949795892952,0.330272355063124,-0.293473998766502,-0.0859318289282992,0.0996546872689381,0.3208677996776,0.382380196871285,-0.518909094760609,0.161246652638163,0.680871802688056,0.911283012373099,0.293018807951938,0.0684090460175678,0.470668096536639,0.385178492443303,0.460268244877513,0.633333384380142,0.24488018313942,0.725400545551322,-0.0311928817646742,0.657950332827969,0.949804019168947,0.284548983471344,0.39260994098586,-0.164849073473617,-1.24896618152824,0.314431761314644,0.0316419647587408,-0.119832570987902,-0.0776508022255433,0.282161374660548,-0.318508001910131,0.229057409809428,0.162190382741906,0.719218680990086,-0.420746396161782,-0.825597031290811,-0.638264631624698,-0.395920497908804,-0.708430241574432,-0.594742439853201,0.227219951932527,-0.826072225818609,0.415589739688761,0.469799286391914,0.637877787623997
1.11426556007509,-0.112930285777439,0.389742624135022,-0.722692114440434,-0.345618744060363,0.928725818087971,0.504648881640959,-0.551360766359602,-0.166946081463639,0.68693810206283,-0.672106960247586,-0.616105867651607,-0.909936996029378,0.0948685804061646,-1.09314615053364,-0.554558255643377,0.112484630106481,-0.291381265546752,0.437785367766266,0.169231158822456,0.264353793880596,0.0115555184832994,0.184772660126516,-0.241982141368019,0.625666579162346,0.733060696166036,0.173724288616464,0.343844615422524,0.663671125971126,0.388932380482368,0.501218552804302,-0.467239917841878,0.318948956026744,-0.344579880470648,-0.365630911439145,0.602976766415169,0.490760503376264,0.851065251458135,0.033749808779107,1,0.416756219320037,0.931391449080575,0.313567315198532,1.1517702273973,0.21963113998686,0.557293237752122,-0.646606031169896,0.65163315383806,1.23717971557772,1.10274787370889,-0.0412490521509029,-0.391477383391656,-0.358771405470016,-0.473594905786338,0.775506918733116,0.532409419377282,-0.517481083662364,-0.711034720534757,-0.590286866551895,-0.210269693423283,-0.529925831068856,-0.957675686915313,-0.407028446823912,0.434680924241499,0.233047374147081,-0.409167201435649,0.263341073191104,0.182043223404709,-0.114031700421413,-0.130769544280203,0.526816657608964,-0.45168327312902,0.219194309987838,-0.196090265667731,0.345270525323495,0.451378581765661,0.0170744980029137,0.0504262210522835,0.596181179062683,-1.15975790710547,-0.0377725310696445,-0.56926968653677,-0.527763280821929,-0.434580930130742,-0.374348668645957,-0.422962333552765,-0.261947569432701,0.0213735827066808,0.57243976167495,-0.420454267108845,-0.46662197379226,-0.754604488434447,-1.3305699684896,-0.374265487838932,-0.745742744631617,0.636022578581168,-0.328513938700364,0.492761062848323,0.939118106029828,1.1291682007044
0.102501437404897,0.0987541136835189,0.950403084547454,-0.407386530625242,0.222938208471792,1.04601991359539,0.23657504612183,-0.0814821700456061,0.897340533612648,1.0499912304828,0.173269890031015,0.390035546495011,-0.21242598141208,0.634415247232962,-0.0841230462010251,-0.897161381105689,-0.160983202377185,-0.44694612268179,0.369613357039146,-0.512221401624847,0.107197203485038,0.00551257349431922,-0.114169215529991,-0.112468258541177,1.31159431174124,1.41158450807238,-0.642028032466371,-0.0630087728537514,0.369526396077393,0.199067159226301,0.382193935230398,-0.429881765221274,-0.483098629039979,-0.526390206107892,-0.429771323590218,0.370742712265135,0.469928597480815,-0.134826454233113,-0.192004634354382,0.416756219320037,1,-0.148036922557778,-0.208039411217586,-0.0529813628653486,-0.00602903533685322,-0.392662805710863,-1.18030128636926,-0.60046904782878,0.462054696274895,0.18667074426272,-0.112108182013566,0.573293352189925,0.10218501628617,0.340266255829769,1.50919500975868,0.822572800886228,0.0737444006507686,0.446735599121274,0.440752110246593,0.424859345112811,0.490204150706696,-0.506741252369521,0.202203508910396,0.45505270655551,0.565977028572468,-0.18862640094174,0.0233116790091756,0.414058476568983,0.304741904787059,0.284371137699566,0.0700141028227576,0.570241668025262,0.484040785753403,0.275095333265294,0.755943505491401,1.32241399250427,0.140255785989733,0.749228318539552,-0.278983037690637,-0.908097868524324,0.428100706564601,-0.335725250436586,-0.261748357828615,0.150216306524204,0.0474761733009245,-0.254589163839116,0.594879676610035,0.281071260956569,0.798035905561694,-0.544839527111424,-0.49531666235075,-0.418349028074955,-0.21572243969373,-0.329312776250433,-0.00598172475313913,-0.0808833357094728,-0.740135485647432,-0.132263149840885,0.441950683156776,0.966622438611912
0.703448089276556,0.93685067995519,0.700236544420733,0.606267472497501,0.752938978601752,1.18899245242882,1.21298544179885,0.605128021988021,0.519523735257552,0.850146445717656,-0.412257851645568,-0.222293822875157,-0.26808073125863,0.528813453852551,-0.519724141569641,-0.189788944950181,-0.462835466459203,0.0619471154099343,0.439785652208183,0.257830852735256,0.0828155034882524,-0.598943335573543,0.193981780985787,-0.825916400888825,0.717407146169074,1.12354541639976,-0.17049220800926,-0.269390248933689,0.535263816401598,0.207099633077987,-0.0452623690654612,-0.453503002980026,-0.388750247352158,-0.556215616219484,-1.3962707756532,0.943573462665036,-0.141711463114122,0.441650265457497,-0.23311784043712,0.931391449080575,-0.148036922557778,1,-0.718790845653298,0.646924427639924,-0.52092672830055,-0.746425001238739,-1.3965908162905,0.184415016657212,0.685060260913325,0.892130409233272,0.487562690381695,0.0410392279758922,0.174549149553979,0.551492317905442,0.805794855475343,0.921854446681097,0.245463015160759,-0.183573306281554,0.160163390975228,0.724143890501402,0.260476734668663,-0.529069511120504,0.0906738836549372,0.667794509930249,0.941363547672209,0.240688456959312,0.24738450708027,0.0740061395952338,0.0438606430510122,0.286538383204499,1.06270000534812,-0.167502062215953,0.325163422782319,-0.0231346777673072,0.317861258567087,0.613892618892372,0.567170696846035,0.341288376546873,0.106178377603607,-1.22168521996748,-0.280328520467389,-0.463890766973041,-0.734678997919796,-0.762970360280492,-0.207438244721165,-0.519094776911567,0.0498343899172461,-0.293274556525135,0.848217321255457,-0.457625139008966,-0.833819356313314,-0.545479471761165,-0.178279581092305,-1.2330366943572,-1.00031932828048,0.65339230866369,-0.905692884585738,0.559077438983687,0.758453514460284,1.22332242355992
0.33493072029883,0.333796022785159,0.239596343897072,-0.0310152343250976,0.501673301021562,0.738557145227005,0.63054126059678,-0.144979332992974,0.0215886774619361,1.10275702115156,0.291958796927439,0.464837533526454,0.263623047126068,0.741334452401504,-0.00397559447781587,-0.420843378288809,-0.107883072946995,-0.298861434304342,0.805126580665447,-0.593269228374563,-0.0174918649175339,-0.209016953920798,-0.0509883121921192,-0.60494461204208,0.981171043931636,0.538898134180627,-1.02593365407404,-0.804543956106144,-0.0770796513677915,-0.576788427478671,-0.0804485804645557,-0.0136604285599721,-0.556174450656282,-0.485178635031582,-0.916148079331758,0.399167615131988,0.162935313814167,-0.00553204741353858,-0.365643845021226,0.313567315198532,-0.208039411217586,-0.718790845653298,1,0.0964706089065532,-0.164281382438797,-0.521975094355073,-0.865866305882014,0.109496355748883,0.465957295264252,0.455901486340892,-0.0151447790107935,0.0173135787441745,0.449275821967719,0.278828226613311,0.507688111401215,0.449059899467324,-0.0571722036465208,0.188799471694008,0.945649057346637,0.944111560327998,0.743358456015011,0.159824160499395,0.616801501470528,0.877577396901614,0.840389151481971,0.132527145064135,0.305989723065616,0.768470257509717,0.107728845332413,0.20072136600645,0.148283183696917,0.323891701203485,0.439351200468464,0.163052213648577,0.453409609240502,0.472597473485043,0.412272822781919,0.169505763206039,-0.219416997103146,-0.369914074641229,-0.102066021698292,-0.180314722926577,-0.31421136491901,-0.373099778687958,-0.482205595458949,-0.281435959039824,0.31835259177932,-0.14135192641741,0.32894222692673,-0.451882981902405,-0.107802794344192,0.165410261803494,0.102271866889166,-0.605428214536066,-0.262573030814683,0.207220579557174,-0.621772654537281,-0.10323540140658,0.454746319297454,0.892425338941995
0.690271702991011,0.140746117351722,1.34955199046306,-0.421934803031663,-0.236733582211669,1.33644464519092,0.886023353780488,0.379520110454466,1.12774541136795,0.664234470469296,-0.922817265591888,-0.476140891350145,-1.32252353320541,0.0289008952387761,-1.12564803798772,-0.124916065623307,-0.23100002799979,0.721907814345244,0.465963875908425,0.872377530199473,0.413761543286246,-0.145253059141962,0.374899766475547,-0.0175798580767654,1.10959045799244,1.13514586868166,0.18323073436122,0.321204068007478,0.676326687943303,0.634887763065761,0.832127803531755,-0.883411474555942,0.550424890240014,-0.153361548761928,-0.515755393765447,1.17695926646948,0.0937144600810283,0.221382197030209,0.177161869370203,1.1517702273973,-0.0529813628653486,0.646924427639924,0.0964706089065532,1,-0.346084468067495,-0.188420027495994,-1.25008594196081,-0.125764259983207,0.534432788333027,0.560964392877703,0.544124404312229,0.283580940460706,-0.360196498263081,-0.502472891724723,1.35247476780001,0.898348443383396,0.128925362974095,-0.14850426639848,-0.762304906920686,-0.477298025176664,-0.994163849491238,-1.53741788320868,-0.891192300793559,0.204007321227612,0.105097221842044,-0.923952842780574,0.378197426946713,-0.198124091345867,-0.208732427668362,0.288047186644899,0.28513994278506,-0.147453306864318,0.293280096576115,0.335008869155345,0.184229169822117,0.600117251945926,0.164338227035008,0.498922589967245,0.540389381658606,-1.05317384257536,-0.0163639729008763,-0.952829131946687,-0.465164575881014,-0.412631581893638,0.0974661708034148,-0.442199571665149,-0.275137473950233,-0.286270248992582,1.43427383301135,-0.638858267360166,-0.788706545429281,-1.10179096428402,-0.819654627196682,-0.545693723025022,-0.478179359228099,0.100993768023722,-0.584335490634937,0.573580616750698,0.565753308486327,1.09976220752583
-0.14617207714571,0.450354729801118,0.235229847531901,0.42449658109342,0.590147960988279,-0.28161876578176,0.175096407329338,0.687267450696882,0.380689143378153,0.448803634638643,0.343483910446528,0.422803484660291,0.453969306080319,0.00843659785678894,0.26567630272932,0.234300076662215,-0.1956136047848,0.325800823532949,-0.00915847822149057,-0.266493072110079,-0.460448078299256,-0.249696564102605,0.085914138609145,-0.0991259923392976,0.283722775947714,-0.442750995186679,-0.837004104927443,-1.06866839170709,-0.591914606955244,-0.609110695762185,-0.016998252736072,0.631304667963703,0.207464423093122,-0.103315251917623,-0.274783501323989,-0.0855201153053279,0.161019885672932,-0.167914517082048,0.497203240174877,0.21963113998686,-0.00602903533685322,-0.52092672830055,-0.164281382438797,-0.346084468067495,1,-0.33399686210857,0.0496208882589996,0.089899854734301,-0.31808865885583,-0.10689885338645,0.598405514314109,0.649305229155014,0.44938719545064,0.550733648781768,-0.100540194973739,0.268663857669978,0.952937706398155,0.828457543846213,1.08675927198339,0.373139138244756,0.519649281944856,0.434110049521438,0.463292109034612,0.43798828357282,0.34178189070146,-0.239517314046438,0.151988345482499,0.232302156202888,-0.211730132641779,0.108425325539753,-0.428506850252019,0.316765501120809,0.171469686818118,0.568270886814836,0.00891834721360473,-0.198243512288423,0.179172779300792,-0.374205070353771,0.274676570658272,1.1298960114277,-0.416341579674061,-0.101440038566323,-0.238547964461239,-0.0123438919891446,-0.617863816894528,0.235002401245872,0.226432954764343,-0.568549350173079,-0.0130059783016425,0.359701339424466,0.817691538796136,1.23404400501533,1.20083735330976,0.108079823829469,0.379465287282014,0.0247207105101271,0.145117054037705,-0.409560084761989,-0.0163183014447334,0.128705103850493
0.300774139458135,-0.271708614977017,0.545977278713642,-0.475484574693493,-0.0786671330261626,0.783709961604948,0.334990961891164,-0.265862034139031,0.565466170465572,0.9983370286278,0.465499953111644,0.58886164570248,-0.0156032197549805,0.491920760952181,0.130950572348325,-0.705624604086286,-0.0729182791440572,-0.599168602583696,0.247003537115755,-0.29153184518344,0.191055096401031,-0.081298044563263,-0.200572077672982,0.210627632110763,1.22874122072794,1.19218032672271,-0.863633604681219,0.104868330748104,0.36426810506142,0.0488061730940384,-0.16037183125076,-0.313276021622326,-0.927644205165308,-0.946833103357779,-0.863536280258795,0.568456143395802,0.381002264262617,-0.476035875591641,-0.435855467066088,0.557293237752122,-0.392662805710863,-0.746425001238739,-0.521975094355073,-0.188420027495994,-0.33399686210857,1,-0.992702839925483,-0.393348964844469,0.356760810906833,0.280873801467566,-0.119510569015307,0.345652464618827,0.134351155377303,-0.0400553695280916,0.855043263469568,0.672885966002246,-0.0253541195064325,0.0721719934093965,0.838814466556191,0.473049355518004,0.598227129541739,-0.284922553158046,0.258280480463055,0.0790052219309458,0.47016567747621,-0.133489767795674,0.461311373746443,0.305042913074345,-0.175551819154607,0.0411842065499427,0.169782535858706,0.556402518489102,0.577551863403812,0.406351716524499,0.82720838372613,1.366653263799,0.732072538939779,1.00157490874165,-0.563374657832285,-0.378436913607138,0.538421957223399,-0.581100018059031,-0.745221757480218,-0.284880722417886,-0.0307333356234943,-0.415268365140949,0.576832671013787,0.238354985621886,0.556897087021033,-0.159390256743194,-0.183494279923477,-0.0832808393718111,0.00836409751416478,-0.49412961163883,0.204723155223373,-0.200586803114126,-0.491790334975602,-0.166594684635271,0.392574287422605,0.705170451250044
-0.711674443463072,0.195811694614793,-0.511185326410075,0.257575909960625,0.756310185447483,-0.41732430992387,-0.72906889912133,-0.202196737532386,-0.255510425091863,0.548844528703091,1.54553974939016,1.25488700212614,1.38028949786243,0.459791074711231,0.9663640633872,-0.47651759507337,0.587028044451674,-0.629230454617663,0.168336797393573,-1.19069678914856,0.0116057663555436,0.470198089369263,-0.395933665514971,0.237642834119763,0.269030233785864,0.410105583175189,-1.0223439908074,-0.585379824166655,-0.32252392070212,-0.487073006048737,-0.86487118614153,0.124528926049272,-1.18612972009446,-0.305840284975207,-0.253001993716858,-0.932584871782505,-0.158203188923377,-1.00993844365359,-0.728625329223455,-0.646606031169896,-1.18030128636926,-1.3965908162905,-0.865866305882014,-1.25008594196081,0.0496208882589996,-0.992702839925483,1,-0.876412464738133,-0.730471949358244,-0.874859280035432,-0.493376008837867,0.275042305679418,0.679118740589185,0.833713844707079,0.0696654584862038,-0.387741063413747,-0.0500746317301539,0.524160218989078,1.63975437594736,1.29421462880962,1.81106178585174,1.01996033997818,1.11799239393943,0.429784268844387,0.946713708371438,0.779267734553329,-0.207564493003009,0.936153603513997,0.708048759678998,0.491506048402944,0.27885475800903,1.14500426232907,0.590125229292852,0.278716277101517,1.09431723275501,1.08648299454429,0.539074088129806,0.572448114131294,-1.16911761806801,0.2588724739545,0.794630443748012,0.497391189398801,0.144605228289352,0.448139571075522,0.465581883012438,0.0453196172712598,0.635328767479046,0.398960555419065,-0.402170442022569,-0.0558857690312975,0.105947127019978,0.570308199838482,1.08683842741224,-0.185651904043902,0.330273950093469,-0.74740984657892,-0.454457862227408,-0.839061670657684,-0.580489215261884,-0.500729934960783
0.179110727097126,0.292005102324496,0.659754770668715,-0.063559719760392,0.254127461391368,0.452784310747804,0.346932476778692,0.109060883053827,0.255816614746816,1.3579932609981,0.260180672855583,0.484148002437492,0.109842049002248,0.0881360229560215,-0.493965563768601,-0.508679788869431,0.24765530849145,-0.135002403347489,0.317250859645321,-0.427633963274578,-0.0532507824356073,0.548363114368695,0.496474573300132,0.232343380051426,1.23800108778242,1.16549436679865,-0.431191918003329,-0.241994840192645,0.182006524296138,0.465731109955228,0.590652073705035,0.0739357809841579,0.0467612667865279,-0.398837238888166,-0.13792745623665,0.13104181170062,0.0717143356250023,0.117996156774024,0.170169005334869,0.65163315383806,-0.60046904782878,0.184415016657212,0.109496355748883,-0.125764259983207,0.089899854734301,-0.393348964844469,-0.876412464738133,1,0.107494863165947,0.032951738007539,0.328590921089457,0.315027393914294,0.17270291157356,0.372543238115642,0.897228134547513,0.498612985063516,0.133251303448567,0.129725409471796,0.832171799469674,0.777116553506017,0.561067649848436,-0.263980433213206,0.293543649453945,0.733216439968114,0.84461266074553,-0.0220249885902612,-0.0467819324605961,0.636383866394224,0.0701478020694432,0.0415634438784503,0.506680066175183,0.762276734108288,0.669927941815634,0.61942345557959,0.985784309740693,1.32190260374453,0.499428439919549,0.624166644187695,0.210672472048444,-0.43282116936356,0.198961747781489,-0.737078640027945,-0.446646440661502,0.0689887028022091,-0.100715794663482,-0.399053478787976,0.171990396065096,0.166727212313145,0.304419149345979,-0.484038228428176,-0.446915238508334,0.0418119897390665,0.189602215867643,-0.162410192027728,0.152653015466903,-0.105873100934671,-0.412331633514155,-0.543521864557489,0.205620593900028,0.693336822303275
0.616428045985198,-0.0980548320783836,1.05277107458563,-0.533590384361091,-0.658867736453043,0.995431958867916,0.725827301119807,0.136514178801928,0.77877805115219,0.487768787942036,-0.876045572281621,-0.729298938121298,-1.1199217039187,0.139641303524867,-0.614497983161177,-0.376437523730404,-0.407067373528333,0.245259572754194,0.118267444895234,0.875453240098686,0.397292498082542,-0.165448438842322,0.462521047085617,0.210283675466935,0.878564054193343,0.850417366336076,0.139129243053414,0.295920987371618,0.892482452346717,0.646864525898853,0.792992276146293,-0.500758226678744,0.348699908672641,-0.34477843843972,-0.243571622473005,1.008675003366,-0.0351993752599261,0.712695630850889,0.39348323857176,1.23717971557772,0.462054696274895,0.685060260913325,0.465957295264252,0.534432788333027,-0.31808865885583,0.356760810906833,-0.730471949358244,0.107494863165947,1,0.771158467691129,0.453587170773798,0.0126211444975123,-0.793179528799127,-0.709522266915512,0.840084840264687,0.816143351789619,0.0495794553392001,-0.364182504502785,-0.915338976063117,-0.674690460486624,-1.13058102954608,-1.28791358003424,-0.970130740512184,-0.161964750474745,-0.341793377906795,-0.601425712257222,0.202077336448842,-0.685101203037141,-0.574990738739286,-0.158705625869626,0.0934526670492952,-0.549535871193649,-0.0963947874217242,0.15009353493345,-0.142362690217986,0.340349702330884,0.0790444559660324,0.161839766041172,0.499449878914259,-0.749278069015382,-0.231516247962928,-1.04840245826783,-0.602298658878517,-0.612554591850025,-0.224791598975298,-0.522158352072924,-0.364393725387259,-0.556526504034349,0.890555927500104,-0.314422348553943,-0.572673600204858,-0.898266764403308,-0.954864790838619,-0.177037510847435,-0.113423300744609,0.218035002911082,-0.220553160189063,0.371629733572705,0.649828786500356,0.970017380977839
0.744566270780209,-0.0092980026074187,1.35499224002135,-0.635706329123627,-0.465133119819641,1.21846955515095,0.753729181627418,0.223668136178705,0.868653699448635,0.617367527008117,-0.708353252270953,-0.613329442417359,-1.1906068959779,0.199579015523873,-0.806238004257586,-0.52188473537237,-0.283855275267988,0.11375485358089,0.226826409378148,0.600454805965946,0.373601881597488,-0.0189114851555701,0.40597812709425,0.266530475529483,1.1404498819791,1.10450115431039,0.221837430343414,0.40609926710312,0.852855095887722,0.794120323542387,0.861694226952253,-0.620421103609767,0.273255637953764,-0.447806093382714,-0.176969938043828,0.801336605461701,0.226959168167478,0.67135805406401,0.319506222875017,1.10274787370889,0.18667074426272,0.892130409233272,0.455901486340892,0.560964392877703,-0.10689885338645,0.280873801467566,-0.874859280035432,0.032951738007539,0.771158467691129,1,0.394764830754955,0.323454397439299,-0.579586302680685,-0.553798172921422,1.20859321456632,0.973115844227504,0.168793435198269,-0.264297582892671,-0.921053830950139,-0.635628127822145,-0.949858558807992,-1.32059379078299,-0.903729411819633,-0.11031433477663,-0.255212925673361,-0.620463522992732,-0.00639118271911809,-0.621863860040633,-0.653291807859957,-0.263911077710216,0.0301146998166563,-0.542615889915621,-0.0522588344590333,0.137285434326053,0.0226184779840885,0.518540375170748,0.0503657829906077,0.246621372943294,0.529114654244862,-0.956417982320815,-0.219091818301802,-1.26065308050449,-0.697132119910407,-0.585476409451554,-0.140025316824778,-0.711499884830911,-0.171522989637446,-0.338829714831578,0.886504580801965,-0.589961782749765,-0.791077675887617,-0.995700595127756,-1.10316659052672,-0.265974385427125,-0.218960436811594,0.150011904618953,-0.349058165534167,0.235272110882822,0.595462162429168,0.925616659081863
0.222567075889582,0.265484620475522,0.421584312754075,0.0663708715195053,0.183737397936809,0.443551352942494,0.0234567910913106,0.0838038253957933,0.384802394846919,0.228389235391733,-0.672640088494879,-0.350530570392824,-0.904836791232243,0.0245348311275554,-1.02163775522265,-0.024841935281096,0.318899635887192,0.383192265177975,0.241374677281297,0.658162689580245,0.332162505196428,0.290679527077005,0.476492388426765,-0.200274420617347,0.349994155552276,0.706423297484797,1.25865683505918,0.970797555034986,0.664452377013132,0.873314434984364,0.207291614079092,-0.446193340423183,0.525457674033047,0.317422903077513,-0.0324621748370845,0.29900041815806,0.656577891368088,0.334734068094883,-0.018082422474561,-0.0412490521509029,-0.112108182013566,0.487562690381695,-0.0151447790107935,0.544124404312229,0.598405514314109,-0.119510569015307,-0.493376008837867,0.328590921089457,0.453587170773798,0.394764830754955,1,0.120177721365602,-0.218149527774635,0.187153029084909,0.858235579912947,0.376364143730804,-0.00519824680988124,-0.412300130271557,-0.882599831856152,-0.473301625308936,-0.419318234878861,-0.740194955571649,-0.67114079272822,-0.0406111478829464,-0.0541381458015115,-0.406239732445564,-0.269440477180239,-0.245260715908054,0.10994609126215,0.214440876907141,0.627680007831442,-0.418953484477944,0.0620853906337467,-0.492024890966953,0.00900769919409755,0.113235891906811,0.0195281793690143,0.214147721966174,0.106929272298062,-1.00053661785417,0.00912866067403617,-0.0466478844970491,0.00604602748795763,0.0770787194394683,0.488497804338387,-0.387446727839779,0.216181017329813,0.341300834244304,0.704478677794498,-0.389969250300328,-0.580599690726534,-0.622863075001918,-0.762336245203493,-0.453082653837896,-0.805229403372331,0.43356622124783,-0.382862492507597,0.771316912780436,0.446974244350265,0.472852821044226
-0.299408113851235,-0.248364247457968,-0.468821167102015,-0.208067559579495,-0.407502283171149,-0.334010987862934,-0.0924582208550969,-0.0699846096775714,0.00620325873249694,-0.325934095674205,-0.946913849700019,-0.379849922201797,-1.00483174268705,-0.0174042449731664,-0.801859352102795,0.79338122885779,0.332836845529933,0.785162411452518,0.357863369317657,1.00382849984254,0.510404384565326,-0.269035219146071,0.449230471362703,-0.343154393448022,-0.0927599360998663,-0.646091608910573,0.947944365376425,0.133261007178239,0.0643342162638207,-0.322936385309352,-0.00662721078606981,-0.196964879962802,0.718277380915076,0.421866738458611,-0.060584945759614,0.398298360066279,0.693471777444495,0.0255946484475582,0.0414370511566293,-0.391477383391656,0.573293352189925,0.0410392279758922,0.0173135787441745,0.283580940460706,0.649305229155014,0.345652464618827,0.275042305679418,0.315027393914294,0.0126211444975123,0.323454397439299,0.120177721365602,1,-0.283869335455367,-0.355414729114848,-0.0309604703509344,-0.101052988421891,0.0745029354366542,-0.321895695772044,-0.637009409121278,-1.18360593235479,-0.950386983539838,-0.598818526122901,-1.02509636305646,-0.503048910962734,-0.792313268311101,-1.47618416459508,0.182226471258544,-0.22039968210525,0.0478931432799539,0.345740704728504,-0.420645723274716,-0.584342265744355,0.0609573285055933,-0.571336591388758,-0.495635054737978,-1.06574604767034,-0.496763047996711,-0.737939539853125,-0.136122812006379,-0.131939504321169,-0.344283748699878,0.421160339977395,0.556173880630035,-0.00595422956792174,0.0924076579859443,0.180886036817641,0.23103577180714,0.018494084422471,0.636706760209133,0.023361030970152,0.484587347531987,0.034229985658193,-0.349668583666556,-0.206652487508938,-0.67211877964154,0.350302502662031,-0.0560138086242539,0.932276686386386,0.173244112366979,0.17168182628711
-0.826116001056679,-0.33606235419063,-0.680893438250225,0.0122487607289163,-0.336998536880451,-1.14530134767165,-0.251071240799809,-0.0332749118541503,-0.632977907336791,-0.567478205764311,-0.371145281662866,0.300915319813722,-0.285207600572571,-0.554721543730988,-0.33929704462565,0.769211413816473,0.496365335032958,1.03003342529886,0.334047571469437,0.386466408414393,0.155118018097522,0.149381137233533,0.500556155544943,0.314356819852742,-0.320157152658783,-0.894960938989392,0.523147603810973,-0.225349285137533,-0.736647620622848,-0.441553680789907,-0.0594248602605551,-0.0863182030133007,0.856965693561851,0.927232010885606,0.853838407293236,-0.332193409150171,0.254365818963379,-0.544770924702879,-0.0130980330826859,-0.358771405470016,0.10218501628617,0.174549149553979,0.449275821967719,-0.360196498263081,0.44938719545064,0.134351155377303,0.679118740589185,0.17270291157356,-0.793179528799127,-0.579586302680685,-0.218149527774635,-0.283869335455367,1,-0.367871608942526,-0.788035772138207,-0.990318035189157,0.00325545395681337,0.118117068620834,0.0609741280974243,-0.406190114656517,-0.295246331243878,0.133436205504498,-0.186482196103926,0.166010339853144,-0.199659494398438,-0.772163552077137,0.217769940610132,0.659462484259201,0.304899661274145,0.263730986418119,-0.417542194113906,0.472048210696694,0.416785373431993,0.19987775924196,-0.0311341249748232,-0.815549860996833,-0.392494387176419,-0.393876806217388,0.221077201658884,0.661524098256892,-0.101039383643618,0.428926669306538,0.702441830118969,0.537743229099019,0.247606546474662,0.597286652824821,-5.61585912869367e-05,-0.0424657067413631,-0.246004923497113,0.0787286778239305,0.637657772121831,0.123549790467375,0.662101363326686,0.39682627283351,0.205206684267453,-0.442330130615352,0.352956761035122,-0.107504431557261,-0.608603897764499,-0.666293536637737
-0.54227667877893,-0.142768848489256,-0.741664088679116,0.15987306451641,-0.147069093709887,-0.896723200735981,-0.368241537285929,0.15666373682072,-0.250733888303999,-1.31452193668438,-0.89234345589693,-0.316046625698466,-0.790125142400328,-0.7257396574869,-0.799912696498509,1.30657045823783,0.65076915846898,1.53244181538582,0.267577034941321,1.22239473408024,0.39753470960447,0.371822777340544,0.770715313607939,0.204831598022429,-0.802877094712606,-1.03041267314138,1.1934742168986,0.00941121902612913,-0.319367036023105,-0.0501956104684883,-0.00262511869749506,-0.201907338069614,0.8777674974569,1.37220623607343,0.882829785553067,0.00582201288796519,0.0223799745025697,-0.294456944156594,0.26943850200144,-0.473594905786338,0.340266255829769,0.551492317905442,0.278828226613311,-0.502472891724723,0.550733648781768,-0.0400553695280916,0.833713844707079,0.372543238115642,-0.709522266915512,-0.553798172921422,0.187153029084909,-0.355414729114848,-0.367871608942526,1,-0.793511320127171,-0.521528417649799,0.006038625445834,-0.31683274477118,-1.05638127315393,-1.07961625407406,-1.14953306321733,-0.578276604020528,-1.03389022386933,-0.58142414917689,-0.695976634952607,-0.928837096687007,-0.120011165730081,-0.127643820497738,0.354410552226573,0.544720595087184,-0.0956587178413129,-0.277715269837574,-0.126989692996578,-0.499833203563231,-0.613054149102501,-1.33575872772813,-0.300246163759703,-0.578286042021041,0.156236017565722,0.580532499258181,-0.323390056717561,0.444706692952096,0.94362465783553,0.4811445848772,0.460023411895457,0.322453351038273,0.0211587352763472,0.114675476711594,0.201323288698349,0.0819978804627232,0.429471160926665,-0.0448665700737617,-0.0457420002956223,0.259477426031956,-0.111284482810382,-0.267056060227088,0.347288277887078,0.213459023077541,-0.541215113163813,-0.800745328518319
1.04256218968128,0.442070992509668,0.704313331490901,-0.150934626780916,-0.719684797101902,0.599812764045685,0.993170341947938,0.812410570056252,0.490086960011545,-0.622083174635687,-1.33343568072184,-1.83317881506823,-1.36459950288146,-0.0390000543931588,-0.957001368131847,0.808405530511962,-0.780063608555049,0.785570919570044,0.0736586730507767,1.62624600564626,0.107107590157652,-0.916352562175747,0.603044669677407,-0.536518913619235,-0.429574781721632,-0.896445555649821,0.938890014817126,-0.0120417064822407,0.464843828563199,0.106040955633191,0.644000018458434,-0.00699196573453875,1.09078121030558,-0.162194402711699,-0.249696238448709,1.28032616743238,-0.286241004375603,1.39156076976792,1.05949795892952,0.775506918733116,1.50919500975868,0.805794855475343,0.507688111401215,1.35247476780001,-0.100540194973739,0.855043263469568,0.0696654584862038,0.897228134547513,0.840084840264687,1.20859321456632,0.858235579912947,-0.0309604703509344,-0.788035772138207,-0.793511320127171,1,0.618944390905984,0.553991729672649,-0.579302307015924,-1.90173164744674,-1.52592380558046,-2.25477069437512,-0.82463404277451,-1.53993216327418,-0.41163870282817,-1.10777355837713,-0.938001005528454,0.143403716045525,-1.47936066022352,-1.29405823319396,-0.640036118050878,-0.418276661362791,-1.86300130350508,-0.736058853960389,-0.231999766033103,-1.69690363957295,-1.83311394250713,-0.599335262035924,-1.36278855283672,1.17207076121384,-0.0351810673821374,-1.47366806079942,-0.844432963509161,-0.0998134130366788,-1.1406948464422,-0.667621137677163,-0.31163994880727,-1.01080635853058,-1.08382971270461,0.610021087528182,0.304984831348393,0.19375130213247,-0.0730179690719489,-0.95790044776882,0.0481991004377554,-0.618882523550807,1.09865641165948,0.308499610391371,1.11495477440024,0.743123644059613,0.765043814039966
0.567260133240639,-0.0267143298336286,0.612617236472151,-0.448205610239933,-0.636608587599769,0.52562571635281,0.330329679906022,0.0383356540814306,0.398773140758345,-0.310633834296722,-1.23122379362913,-1.08890617578548,-1.39506428102775,0.0208263681175253,-0.759635876490948,-0.409706230426802,-0.234634260152349,0.488040640958303,0.140686484063958,0.897937503511282,0.3055917871321,-0.518800179244177,0.406822026341574,-0.26795773299407,0.176075657116325,0.141234514493725,0.93888962512897,0.466526690334784,0.70037964936345,0.409736124281274,0.541780768859653,-0.690063446046379,0.704047217414794,0.0783851766857052,-0.0204531333397451,0.665770191622235,0.50446914428633,0.89230298945432,0.330272355063124,0.532409419377282,0.822572800886228,0.921854446681097,0.449059899467324,0.898348443383396,0.268663857669978,0.672885966002246,-0.387741063413747,0.498612985063516,0.816143351789619,0.973115844227504,0.376364143730804,-0.101052988421891,-0.990318035189157,-0.521528417649799,0.618944390905984,1,0.0818579104980458,-0.418563881347994,-1.46648817847239,-1.14087323809617,-1.27533048014617,-1.17148929167895,-1.15048078620373,-0.125535995426715,-0.601856810707296,-0.780942982377493,0.0285998132794442,-0.709637858536148,-0.3383156017566,-0.127475725363781,-0.0186011042311378,-0.888073340597411,-0.133713452896062,-0.261917433816679,-0.492849386591004,-0.457064793067928,-0.479529332440195,-0.374698788177455,0.56473641530349,-0.996278135702356,-0.40654333388616,-0.266348367103673,-0.123757324396255,-0.262954817460937,0.0532512765442157,-0.0349876686127684,-0.295317851470948,-0.290282778171213,0.787752488846063,-0.149614759875647,-0.365064840826154,-0.939520381402529,-1.0404011043003,-0.253098138355385,-0.732092199398055,0.618916537711318,-0.121857455636323,1.0117301447939,0.750072597373996,0.816289206452833
-0.434614319025034,-0.000958116888433502,-0.227498204380059,-0.0202514098289047,0.0973519713463988,-0.0927098927945088,-0.194067863124704,0.0160617866639732,0.185354561376799,-0.24582370940992,-1.00349716563807,-0.0581859765573375,-1.0956414198516,0.128112493437385,-1.06437008527919,0.609355025393563,0.530451752134378,0.824439262014304,0.62953618990449,0.76277939478303,0.625651456530456,-0.0311498194732204,0.538498988335085,-0.395831092573182,0.273962496806175,-0.1640137182374,1.20221834227913,0.249381545241061,0.0917353175883239,-0.0530440737747517,0.124711287336383,-0.397856733241038,0.53400235021942,0.592030854653821,0.00173675549369656,0.0844741248547325,1.16146042410843,-0.116563092802187,-0.293473998766502,-0.517481083662364,0.0737444006507686,0.245463015160759,-0.0571722036465208,0.128925362974095,0.952937706398155,-0.0253541195064325,-0.0500746317301539,0.133251303448567,0.0495794553392001,0.168793435198269,-0.00519824680988124,0.0745029354366542,0.00325545395681337,0.006038625445834,0.553991729672649,0.0818579104980458,1,-0.0997235502087654,-0.679669649887543,-1.07371477859971,-0.674224681743678,-0.797884032460287,-0.943806698444979,-0.375948108510778,-0.667080779265422,-1.52716373390858,-0.264109484650628,0.0446841279956356,0.340582179431167,0.578681909598644,-0.337646689907878,-0.443867134219037,0.162488566964024,-0.852785547408607,-0.229046179113411,-0.759212271351669,-0.539095123692589,-0.386209799328754,-0.271066237650439,-0.628941931449554,-0.198273471374587,0.453334764280144,0.676055823387051,0.234438125412904,0.3877503470831,-0.000553660315334381,0.712197033736416,0.414486213332334,0.758835115391755,-0.538348618069661,0.0438131416976153,-0.327206235864487,-0.557956104871147,-0.44995189604357,-0.896749827332987,0.226046073846029,-0.358338977762415,0.750301415353654,0.0655818068003661,0.163792660307106
-0.803947475174019,-0.187312252936949,-0.768376733296865,-0.0947553897453868,-0.482224803594389,-0.696579311564785,-0.270116937476623,-0.204563366950456,-0.477903403910125,-0.548066389265391,-0.565788751663773,-0.111906107882093,-0.618478339958149,0.0978207202125965,-0.58709798720461,0.910481481221089,0.428176868770428,0.916578704427393,0.52340272194711,0.507644917985875,0.39274944554265,-0.0158968236226159,0.39312749745505,-0.368232171095198,-0.495527721957689,-0.924251888563338,0.842810919010923,-0.0879926413229858,-0.29867470069468,-0.58420047140381,-0.0776302364654221,-0.120136090612087,0.626169398005983,0.826242127234144,0.33465020510778,0.154171054449042,0.340852879254926,-0.298424013208388,-0.0859318289282992,-0.711034720534757,0.446735599121274,-0.183573306281554,0.188799471694008,-0.14850426639848,0.828457543846213,0.0721719934093965,0.524160218989078,0.129725409471796,-0.364182504502785,-0.264297582892671,-0.412300130271557,-0.321895695772044,0.118117068620834,-0.31683274477118,-0.579302307015924,-0.418563881347994,-0.0997235502087654,1,-0.546715045909501,-0.786496645734413,-0.680506126439233,0.0181842676028122,-0.663651170431431,-0.27562361822362,-0.555058330298655,-1.12769922480288,-0.0216246583602767,0.185847578045086,0.389174567284611,0.488621361667543,-0.3462396461301,-0.238538483862317,0.13311711499574,-0.537447591377018,-0.542844951718025,-1.25548500634369,-0.485829443063842,-0.717703586160881,-0.281683363607012,0.291736024299411,-0.170146219006797,0.715247536729049,1.12067257884422,0.376098454979107,0.446197313679607,0.468719609045158,0.195282717450363,-0.0320156863322963,0.170634237701438,0.0442745189541784,0.635544469703885,0.0625767782029621,0.0278410544863825,0.112647070852298,-0.185072779590992,-0.0823535687067768,0.173295112906544,0.602822191293883,-0.370317747882636,-0.235380637938953
-0.911406313002245,-1.07665730134278,-1.33229463938628,-0.670571237810526,-1.17020059990421,-1.66960680398525,-0.970373798992203,-0.997914364554922,-1.62890785175867,-0.778608157876786,0.467955131277022,0.403769249889248,0.552511985507408,-0.792822115383442,0.220165195196351,0.4755010943786,1.10326954949722,0.224829847948024,-0.20033291127679,-0.0195546113691168,0.0811956871822411,1.19444211018512,0.622542674442698,1.40699498446611,-0.967752826372342,-0.975073479409592,0.701160590839366,0.5871946559251,-0.453870811416505,-0.0454681417138905,-0.452273061306738,0.281514301986406,0.513343122311747,0.726741067061531,1.92025490411261,-0.956925778951065,-0.275836070566749,-0.555291974540012,0.0996546872689381,-0.590286866551895,0.440752110246593,0.160163390975228,0.945649057346637,-0.762304906920686,1.08675927198339,0.838814466556191,1.63975437594736,0.832171799469674,-0.915338976063117,-0.921053830950139,-0.882599831856152,-0.637009409121278,0.0609741280974243,-1.05638127315393,-1.90173164744674,-1.46648817847239,-0.679669649887543,-0.546715045909501,1,-0.327172904937569,0.10393426955791,0.957035565590344,0.213327993983358,-0.175872299321112,-0.369027341787772,0.274395730101073,0.0976570324754743,0.576439860718571,-0.290325545647535,-0.354926091866608,-0.260047434083911,0.516932072418923,0.545692903303608,0.372697797288113,0.195673883255298,-0.36777257568167,-0.0632092597742115,0.0206175971222711,-0.327121010672827,1.30043147236715,0.501276553331198,0.114844491420354,0.454620255019056,0.383658656323725,0.681091548522466,0.213240849065757,-0.380507285784056,0.127081274045357,-1.36460405529296,0.545301248724592,0.602391779839988,0.400530972185268,0.362669485516811,0.861027073523407,1.21633397041946,-0.947415593601439,0.985654729532365,-0.499928538498322,-1.06943622956451,-1.65001431767475
-0.488138781172223,-0.975474248242906,-1.12800241400762,-0.456466956073805,-0.922172419621702,-1.22220157487568,-0.614736752375733,-1.02704040424896,-1.38893013047918,-0.652140187427322,-0.128898356249747,-0.0183324201546189,0.253124003330636,-1.06277869364385,-0.226058482031139,0.38025085409439,1.00770955616949,0.576053607418184,-0.309829365490711,0.187499235929793,0.0737461799142043,1.23184580855351,0.534572852890309,1.02262494788355,-0.991390177455155,-0.671161478909907,0.509450730545212,0.496228833164723,-0.237859818057199,0.277905919217356,-0.170278803886951,-0.131040867313635,0.81838974928128,1.21645737087244,1.66542040860269,-0.516576821211711,-0.649546197936154,-0.302252268731584,0.3208677996776,-0.210269693423283,0.424859345112811,0.724143890501402,0.944111560327998,-0.477298025176664,0.373139138244756,0.473049355518004,1.29421462880962,0.777116553506017,-0.674690460486624,-0.635628127822145,-0.473301625308936,-1.18360593235479,-0.406190114656517,-1.07961625407406,-1.52592380558046,-1.14087323809617,-1.07371477859971,-0.786496645734413,-0.327172904937569,1,-0.320004624846098,0.104851719527143,0.00840976062318932,-0.132373222305478,0.0142168790289693,0.36830759944433,0.240679004907435,0.3876538788349,0.311707044583911,0.0563933434759967,0.291580690045862,0.516383131462589,0.209011431734894,0.178417212841227,0.213419447451182,-0.170249376808536,6.03899300503641e-05,0.0177709381394173,0.247003071270814,0.65725682314699,0.621551150769632,0.223367037180697,0.342333529578377,0.593554689833283,0.543100599287289,0.414723804334626,-0.7130283910812,0.0523097929785303,-0.800360714290504,0.23975878083363,0.0945576913681759,-0.281545421973586,0.0337516985449587,0.559711244102995,0.721426731382306,-0.756633806598182,0.672596977452649,-0.245982054260847,-0.728876941507948,-1.12143782006824
-0.816570952112051,-1.00237964387452,-1.57131011155644,-0.491461569106264,-1.22989261087925,-1.89116347709849,-0.931576441150922,-0.852723461732379,-1.61953866513538,-0.803167196832551,0.368918081074752,0.126111942188759,0.725413667727385,-1.06480900598829,0.105939502086107,0.861756915533904,1.08453055412352,0.60455912927046,-0.470990977342294,0.278651990856966,0.127114177143712,1.16744339804994,0.74719917084648,1.33174170070307,-1.32449009130801,-1.34589511374671,0.451267386511129,-0.0386261505616287,-0.525412742333274,-0.147564804334523,-0.447503717386869,0.364715633706689,0.557619610223242,0.950676687329772,1.7705601477454,-0.823613049307226,-0.84740377064921,-0.50023043186104,0.382380196871285,-0.529925831068856,0.490204150706696,0.260476734668663,0.743358456015011,-0.994163849491238,0.519649281944856,0.598227129541739,1.81106178585174,0.561067649848436,-1.13058102954608,-0.949858558807992,-0.419318234878861,-0.950386983539838,-0.295246331243878,-1.14953306321733,-2.25477069437512,-1.27533048014617,-0.674224681743678,-0.680506126439233,0.10393426955791,-0.320004624846098,1,0.767786312135394,-0.170731714024139,-0.55584543097869,-0.528366666482536,0.0163967661581788,0.259467133782019,0.291934554645542,-0.00247580682114024,-0.0657840182388905,-0.142579321013701,0.390032823061584,0.248498255447753,0.519389161523114,0.0362354681378388,-0.673617370684589,-0.0343574929141272,-0.495600308544996,-0.0481205593878651,1.4378670374059,0.300687133291256,0.210328364652123,0.613429698113048,0.432789827666223,0.389776689589022,0.488026859890446,-0.762494319598968,-0.0329689888024271,-1.14300025434509,0.67875954306809,0.776640404631029,0.56582604168563,0.597467075463791,0.877578804969927,1.02788344262703,-1.00369268595379,0.974102920604792,-0.47218948873007,-0.993951957816096,-1.46331739826208
-1.41842441489287,-1.12435306247944,-1.5767774611025,-0.0985901306917429,-0.246917230334876,-1.56346125037202,-1.05288881357164,-1.12309637224202,-0.879820806275476,-0.352173065137997,0.515206486826404,1.2495750898504,0.426300448775074,-0.696544278267689,-0.0318120321067851,0.262457163078798,1.43257849045521,0.512830324713885,0.0640551995975916,-0.347584008538653,0.431628005767854,1.17342122908063,0.0481675308973503,1.046082977309,-0.110845203539114,-0.535514401125425,-0.23144848169514,-0.00571994739256582,-0.718102697391011,-0.447198523280095,-0.719288140833253,-0.297634500844112,0.0808214890552246,1.14045215981157,1.08581317945122,-0.988703829616086,0.313755352346182,-1.48691448967797,-0.518909094760609,-0.957675686915313,-0.506741252369521,-0.529069511120504,0.159824160499395,-1.53741788320868,0.434110049521438,-0.284922553158046,1.01996033997818,-0.263980433213206,-1.28791358003424,-1.32059379078299,-0.740194955571649,-0.598818526122901,0.133436205504498,-0.578276604020528,-0.82463404277451,-1.17148929167895,-0.797884032460287,0.0181842676028122,0.957035565590344,0.104851719527143,0.767786312135394,1,0.422479055456684,-0.339603302055063,0.218299380213691,-0.430525077332243,0.257902632852847,1.080591344915,1.15098109846341,0.958965408165149,-0.191329389872952,1.27660081924889,0.521286840298513,0.0438004553475646,1.0127673824667,0.345286373547445,0.260117117496072,0.382361539984518,-0.89738124984032,0.724293570919305,1.19919465431884,1.01726206000203,0.774384493328485,1.27843158149605,0.758234151368513,0.673838944570825,0.760452337711457,0.659647278421005,-0.376130310942469,0.0316244028593501,0.481076112472156,0.0795637024393222,0.828775742320234,0.335010150218564,0.755985844848862,-1.43525003775284,0.187468282920216,-0.695286180580411,-0.993789886948757,-1.33176692716073
-0.878080321904115,-0.977047755330461,-1.31550356036629,-0.510966781536969,-1.07036769109112,-1.41569106160533,-0.63065531926763,-1.02497202603774,-1.44501539258829,-0.362385965801864,0.212164843284748,0.414949079575832,0.228215670402023,-0.837760255459049,-0.440723598777041,0.661146763929114,1.06182033100871,0.72516465804318,0.0398746145351207,0.0563765750319845,0.195884127347779,1.02337477338163,0.457751707451478,0.869239162816049,-0.718307039415404,-0.840982819332539,0.207225320138523,-0.0523625475352191,-0.676848490315794,-0.37858777207103,-0.217944063066859,-0.078367215473041,0.768760176584701,1.05948500596069,1.26218300029165,-0.350587783715012,-0.501785863188638,-0.770230771934767,0.161246652638163,-0.407028446823912,0.202203508910396,0.0906738836549372,0.616801501470528,-0.891192300793559,0.463292109034612,0.258280480463055,1.11799239393943,0.293543649453945,-0.970130740512184,-0.903729411819633,-0.67114079272822,-1.02509636305646,-0.186482196103926,-1.03389022386933,-1.53993216327418,-1.15048078620373,-0.943806698444979,-0.663651170431431,0.213327993983358,0.00840976062318932,-0.170731714024139,0.422479055456684,1,-0.0590304258524248,0.0196009850620399,-0.303040514101038,0.532240762674746,0.898580007387467,0.556698623749717,0.331417221631995,0.120948519327488,0.866973078558007,0.56474560743052,0.57110364831145,0.374875821852696,-0.255139898370751,0.0157059424372019,-0.117289375197767,-0.100129424420187,0.933155453199665,0.698239167083279,0.462590042949541,0.806558365437436,0.775608183953545,0.585293629600415,0.70931019103957,-0.499908113998194,0.0529791374833856,-0.604885249287298,0.421794670182213,0.714110118186379,0.148427907229588,0.596236281649512,0.694961133408297,0.808155626740213,-1.01734863384817,0.679426251610668,-0.226025899641814,-0.878623524491927,-0.952779376387686
-0.0323206426670373,-0.192790985306356,0.0620295259151887,-0.137792530989515,-0.329065381542723,0.0443203982146774,0.449964793967045,-0.0995364073939852,-0.299564518862283,0.292707298900656,-0.637894844906888,-0.300211944200373,-0.150880493938138,-0.599556602866686,-0.950781203683752,0.679415445608689,0.356078643325975,0.72456519420798,0.0350794707851357,0.309481389924529,-0.108920153856791,0.678718217755423,0.578811740425614,0.345018611134385,-0.134335393999687,-0.0902608974884211,0.306736851342562,0.0620266052745953,-0.0942045940714084,0.238492650417125,0.551970991598324,-0.227989549166161,1.24608505732327,0.782977456604835,0.962561901751515,0.221546621663037,-0.510045442044908,0.0895082570293781,0.680871802688056,0.434680924241499,0.45505270655551,0.667794509930249,0.877577396901614,0.204007321227612,0.43798828357282,0.0790052219309458,0.429784268844387,0.733216439968114,-0.161964750474745,-0.11031433477663,-0.0406111478829464,-0.503048910962734,0.166010339853144,-0.58142414917689,-0.41163870282817,-0.125535995426715,-0.375948108510778,-0.27562361822362,-0.175872299321112,-0.132373222305478,-0.55584543097869,-0.339603302055063,-0.0590304258524248,1,0.36287124573846,-0.221076933149164,0.314631493410577,0.231457667347139,0.0358850923105903,0.1635760300246,0.0949244399343757,0.134977715248722,0.257553298875855,0.448358963838888,0.0497437238120571,-0.148383958440597,-0.0195487710346613,-0.235983029319101,0.738888069576368,0.0939347744788728,0.056958224362587,-0.416188208104506,0.0878612809588352,-0.0257498589345162,0.0171149581301449,-0.0156231406590992,-0.655985591545696,-0.42541387489643,0.0798243897464613,-0.243877929696149,-0.31785133255531,-0.292337057300278,-0.0843859741223555,0.0506035916946821,0.21750683254146,-0.263819725708215,0.0534658470944631,0.122767994441092,-0.278762097031233,-0.0699149903284675
0.0221906011030943,-0.346424944906779,-0.213446328931479,-0.285818973150673,-0.670942133163642,-0.433356355642114,-0.0807037122903251,-0.307417958610538,-0.911660240369476,-0.381433745148489,-0.237027270866208,-0.608886863267309,0.385436315635821,-1.04459614738183,-0.400552635695872,0.43269190748826,0.355542380586381,0.292192663370216,-0.500687924650183,0.00215741585347445,-0.482730198617258,0.69688097380762,0.310954609894181,0.585078029491644,-1.13080559667846,-0.526205041378404,0.360321844170932,0.107012000818146,-0.253709267902041,0.4012221662935,0.432759398992153,-0.107549770194121,1.11180128322232,0.547511799549298,1.26969855262758,-0.22715031698842,-1.0860493631654,0.149525331073137,0.911283012373099,0.233047374147081,0.565977028572468,0.941363547672209,0.840389151481971,0.105097221842044,0.34178189070146,0.47016567747621,0.946713708371438,0.84461266074553,-0.341793377906795,-0.255212925673361,-0.0541381458015115,-0.792313268311101,-0.199659494398438,-0.695976634952607,-1.10777355837713,-0.601856810707296,-0.667080779265422,-0.555058330298655,-0.369027341787772,0.0142168790289693,-0.528366666482536,0.218299380213691,0.0196009850620399,0.36287124573846,1,0.618193794688087,0.166255962679454,0.170514228260106,-0.156641717902955,-0.322320020638221,0.260950855199589,0.184900588522153,0.184979486805212,0.641402854596245,-0.032489781060168,-0.138159961689641,-0.10765339824843,-0.31880062921827,0.90220644770713,0.424229290364277,0.172181683562803,-0.266701229059052,0.171874494512772,0.0313055688100877,0.207647605952387,0.301414921026899,-1.38659328673184,-0.443093095444495,-0.660710864262416,0.323976340622053,-0.0834306786462453,-0.0446771131950325,0.0926698863976761,0.491957485799856,0.474321181564589,-0.237228911073147,0.649295890919682,0.00196619754293668,-0.497699660439738,-0.577313893806872
-0.245293952728092,-1.07454429507595,-1.22279340210545,-0.542695172603768,-0.766954551272152,-1.00981509583136,-0.78477071549999,-1.39413077489319,-1.32422548700209,-0.00359967841016533,0.422773820012586,0.215455926461966,0.239621026215379,-1.03387446676433,-0.693007429351247,-0.136312750045552,1.37529758108849,0.215037302181458,-0.174733499769278,-0.209568855260602,0.262158042992123,1.34473433299905,-0.0229159527981602,0.866708159698019,-0.59026470079242,-0.071349092263727,-0.359639553858267,-0.0306408693636886,-0.312703366359241,0.225476805348927,-0.26514824184671,-0.738944666214681,0.245935144409314,0.936858549122819,0.727475366959849,-0.294326430844412,-0.678743187718797,-0.747087030106998,0.293018807951938,-0.409167201435649,-0.18862640094174,0.240688456959312,0.132527145064135,-0.923952842780574,-0.239517314046438,-0.133489767795674,0.779267734553329,-0.0220249885902612,-0.601425712257222,-0.620463522992732,-0.406239732445564,-1.47618416459508,-0.772163552077137,-0.928837096687007,-0.938001005528454,-0.780942982377493,-1.52716373390858,-1.12769922480288,0.274395730101073,0.36830759944433,0.0163967661581788,-0.430525077332243,-0.303040514101038,-0.221076933149164,0.618193794688087,1,0.48585291256829,0.719790926136591,1.12433367111143,0.564615599003189,0.903329717077171,0.991473113554989,0.229980395966369,0.387989473005806,0.955899327300616,0.721240802816042,0.564296111013052,0.182147877592828,0.116832164344781,0.259435458126714,1.24052429308475,0.521875269512886,0.469609219689239,1.01005212601174,0.558051460923371,0.723938563450028,-0.516421574407796,0.215387461682475,-0.197545812494532,0.37161920836445,0.322870596530805,-0.226489806028152,0.397864975353054,0.37480551075915,0.339161238305681,-0.887056158188567,0.324771871850241,-0.364834544054441,-0.382676928067975,-0.452457529014635
-0.112944470727835,-0.201927716015556,0.12339447859919,-0.26075718618671,-0.537330545570257,0.0990649550266752,-0.0605880417660026,-0.316219397050481,0.0121484592238209,0.362537162346661,0.250869255732835,-0.102565507709682,0.122090819511661,-0.0680917951295987,0.215623075479801,-0.42917324647932,-0.336758618211404,-0.711978086494421,-0.411082869903276,-0.22592306579531,-0.12489482528367,0.0306705923984251,-0.117579517316336,0.339073532064555,0.181657329077801,0.505166895541309,-0.00836484119191216,0.770706821148057,0.402439866538911,0.474026459466858,0.326160209673468,0.299789606700921,0.125027986265683,-0.457052210008839,0.268700138726132,-0.0917816523522274,-0.249951245436384,0.397655639481417,0.0684090460175678,0.263341073191104,0.0233116790091756,0.24738450708027,0.305989723065616,0.378197426946713,0.151988345482499,0.461311373746443,-0.207564493003009,-0.0467819324605961,0.202077336448842,-0.00639118271911809,-0.269440477180239,0.182226471258544,0.217769940610132,-0.120011165730081,0.143403716045525,0.0285998132794442,-0.264109484650628,-0.0216246583602767,0.0976570324754743,0.240679004907435,0.259467133782019,0.257902632852847,0.532240762674746,0.314631493410577,0.166255962679454,0.48585291256829,1,0.0509121153890136,-0.183250933317318,-0.37314312591675,0.176423208393383,0.202462416972024,0.207669726662966,0.301190506434442,0.339934116389614,0.797637674693531,-0.041046162045659,0.576517174150428,0.0139962581609392,-0.144492523209542,0.409594280845369,-0.297539200434041,-0.275639163492486,-0.0586658174760082,0.155461472367223,-0.103885385429752,-0.24154905081722,0.184678350273559,-0.277292465307265,0.148770176502137,-0.298926534062278,-0.0904957135605465,-0.263915619097484,0.37403408407727,0.540291335516737,-0.103471818924925,0.215581448906293,-0.10556553832534,-0.0201307349989294,-0.0135621322668086
-0.552019994622224,-0.0661166941745635,-0.641863587771504,0.204990359372235,-0.340189284287242,-0.90027007926632,0.133521577292719,0.116253555546086,-0.774792998358666,-0.213139869773345,0.29238737723402,0.161974128957385,0.994406051130442,-0.509287979716482,0.471107386229488,0.715481700341434,-0.0481293458905855,0.0963445137811266,-0.500022163679079,-0.187428017355836,-0.463098469056895,0.393473199314035,0.423560781496065,0.615833680991286,-0.726811500247972,-0.748684851215845,-0.0711584417070348,-0.181272468508984,-0.459643850974069,-0.177664660569511,-0.0188387598339724,0.838527187796145,0.562706692588281,0.343206338014829,1.19879708566163,-0.458163318470668,-1.01725427036132,0.10597427412528,0.470668096536639,0.182043223404709,0.414058476568983,0.0740061395952338,0.768470257509717,-0.198124091345867,0.232302156202888,0.305042913074345,0.936153603513997,0.636383866394224,-0.685101203037141,-0.621863860040633,-0.245260715908054,-0.22039968210525,0.659462484259201,-0.127643820497738,-1.47936066022352,-0.709637858536148,0.0446841279956356,0.185847578045086,0.576439860718571,0.3876538788349,0.291934554645542,1.080591344915,0.898580007387467,0.231457667347139,0.170514228260106,0.719790926136591,0.0509121153890136,1,-0.279212946711976,-0.409349650814906,-0.204822969149114,0.382310367806585,0.140718496126245,0.572295562537319,-0.0706303953044058,-0.313023347171965,-0.0999674015662041,-0.235882663736456,0.249549788723239,1.06738452446697,-0.112435530372657,-0.267198647475887,-6.22932507619578e-05,-0.0698397051594114,-0.14836420478465,0.0932731455941767,-0.625791587308359,-0.280442512339341,-1.14733297021187,0.295484480704919,0.135986604442723,0.547084035873615,0.706784901477014,0.537588694005707,1.02528222230792,-0.471238125290693,0.543028692467531,-0.66330363338605,-0.858606768464743,-0.954934805677798
-0.458511789210149,0.600777475523222,-0.417265418135758,0.70386331271449,0.280229899725276,-0.588694317074469,0.102927521679412,0.623068890695652,-0.177141907585617,-1.07315407903376,0.156158421672318,-0.232351616562276,0.825502561125576,-0.16964734953209,0.931616911144502,0.851944274376268,-0.639189795718674,0.313353636001456,-0.507580327490019,0.0804952040986453,-0.515631632660015,-0.216046017611028,0.167716257454801,-0.221927363557101,-1.32803375494353,-0.951920124288497,0.238555053457843,-0.30648746989789,-0.532737929318321,-0.219897961988109,-0.309327563479645,0.89713029598718,0.124138506053738,0.531394822522651,0.721914763497501,-0.203027317994466,-1.11779360542863,0.226219853803431,0.385178492443303,-0.114031700421413,0.304741904787059,0.0438606430510122,0.107728845332413,-0.208732427668362,-0.211730132641779,-0.175551819154607,0.708048759678998,0.0701478020694432,-0.574990738739286,-0.653291807859957,0.10994609126215,0.0478931432799539,0.304899661274145,0.354410552226573,-1.29405823319396,-0.3383156017566,0.340582179431167,0.389174567284611,-0.290325545647535,0.311707044583911,-0.00247580682114024,1.15098109846341,0.556698623749717,0.0358850923105903,-0.156641717902955,1.12433367111143,-0.183250933317318,-0.279212946711976,1,-0.205420269987928,-0.0672352613539385,-0.052167758642098,-0.45903149170561,0.0320542530919431,-0.88505349454852,-1.00903482032845,-0.485092057513407,-0.437844014709991,0.109732382491814,0.915215362492842,-0.618231345025895,0.350703327990767,0.472053822283834,0.14549367512522,-0.080211815954128,0.363593360638648,-0.471875003021075,-0.11089821472486,-0.887633538800372,0.452005957617934,0.253760060402971,0.570411469820323,0.649210870835423,0.608690506120271,0.573548422740785,-0.0313969240228514,0.48615711959753,-0.221521627145586,-0.642029711419425,-0.862472883342941
-0.423708604634772,0.673866614422341,-0.0330206773356997,0.620027823142758,0.249762905245792,-0.404964343480221,0.203354859038282,0.714357222475547,-0.0164736040400833,-0.631953274970894,-0.0852720760882717,-0.409294834314686,0.265779714336419,-0.063773158291127,0.49029496633979,0.579828189857049,-0.7431934356471,0.14897288058085,-0.417171507884956,-0.0649193283448996,-0.480585400596078,-0.575179984222916,0.0244984471102754,-0.480585018394291,-0.786624523612088,-0.887196282144279,0.498112552593175,-0.209063550182366,-0.427293397599146,-0.219037302363389,0.00748108669149877,0.771231517753513,0.530688729860664,0.312005620062087,0.462319141335943,-0.39069540463843,-0.382297787721367,0.615626922568912,0.460268244877513,-0.130769544280203,0.284371137699566,0.286538383204499,0.20072136600645,0.288047186644899,0.108425325539753,0.0411842065499427,0.491506048402944,0.0415634438784503,-0.158705625869626,-0.263911077710216,0.214440876907141,0.345740704728504,0.263730986418119,0.544720595087184,-0.640036118050878,-0.127475725363781,0.578681909598644,0.488621361667543,-0.354926091866608,0.0563933434759967,-0.0657840182388905,0.958965408165149,0.331417221631995,0.1635760300246,-0.322320020638221,0.564615599003189,-0.37314312591675,-0.409349650814906,-0.205420269987928,1,-0.440201085200639,-0.358794313852034,-0.522074612408438,-0.0356314125804764,-0.892673512093356,-1.13867595659039,-0.775884762151261,-0.799394431037016,0.349343076365921,0.55551901010038,-0.784626501726857,0.280882354067448,0.412605783782617,0.0660798390717814,-0.180016252583651,0.377446133023916,-0.293235883333936,-0.150595260677215,-0.645900128547725,0.271465921024964,0.29479228050177,0.580776038539651,0.441887967449469,0.489733612414463,0.137555723128617,0.268084219534747,0.420510582661672,0.134233523826626,-0.344008442582011,-0.45371323599987
0.433166950062168,-0.0208554571238079,0.103311569149749,0.11347897911887,-0.107484680781019,-0.0239489695416217,0.19842669460869,-0.0195520002350792,-0.200949004791029,-0.296068608149631,-0.177890058004655,-0.45478335753268,0.2261329051056,-0.972324912360852,-0.0104132634214988,-0.0933877772555406,-0.182826005656124,-0.0612412417389535,-0.809482113810856,0.000677069263297025,-0.496595163401921,0.132282328723692,0.0200963095867047,0.225953889501189,-0.640483546918941,0.114957951824619,0.222768200086667,0.31052882091496,-0.062000338757312,0.7549616671309,0.269652456827794,-0.0344758075037585,0.422995698851136,0.12220236890692,0.467778765264006,-0.0195576412647025,-0.751337608710352,0.375374571357064,0.633333384380142,0.526816657608964,0.0700141028227576,1.06270000534812,0.148283183696917,0.28513994278506,-0.428506850252019,0.169782535858706,0.27885475800903,0.506680066175183,0.0934526670492952,0.0301146998166563,0.627680007831442,-0.420645723274716,-0.417542194113906,-0.0956587178413129,-0.418276661362791,-0.0186011042311378,-0.337646689907878,-0.3462396461301,-0.260047434083911,0.291580690045862,-0.142579321013701,-0.191329389872952,0.120948519327488,0.0949244399343757,0.260950855199589,0.903329717077171,0.176423208393383,-0.204822969149114,-0.0672352613539385,-0.440201085200639,1,0.243930829341642,-0.201806362774762,0.439094524748976,0.156676973596289,0.420424450057583,0.00080430013902727,0.230074344009665,0.80154399658267,-0.148138785371285,0.0147404991189747,-0.162796493248717,-0.3646185925254,0.13647762910954,-0.0212084398030364,0.312976579548219,-0.775878630852326,0.286741502623584,-0.291191970962011,0.194168894832755,-0.414479157266846,-0.147799555789063,0.0848464558637976,0.17921088165089,0.0316466820331239,0.151630669824791,0.311866488051744,0.0500344741214332,0.064252885228344,-0.139323208866129
-0.293704176602432,-0.314137918665838,-1.31540544594405,-0.0022633075673735,-0.619000575072178,-1.15951757631451,-0.404503148415569,-0.458822405601275,-1.34262318152701,-0.666594763587229,0.635583106550756,0.0221685205912036,1.24797489010615,-0.631792113351911,0.646944353101125,0.535730754290032,0.0907117914751736,-0.369256116464169,-0.691034411395557,-0.279866633547168,-0.529639011607578,0.34646006897817,0.108357255256596,0.47897137714958,-1.46344872420164,-1.01144787278349,-0.0802103063067077,-0.0715688803770352,-0.513771332202476,-0.317715027888348,-0.389402187239268,0.81892237966826,0.165202072485281,0.0584758240678488,0.958132844217287,-0.435683109799073,-1.22956239491084,-0.00600330941972038,0.24488018313942,-0.45168327312902,0.570241668025262,-0.167502062215953,0.323891701203485,-0.147453306864318,0.316765501120809,0.556402518489102,1.14500426232907,0.762276734108288,-0.549535871193649,-0.542615889915621,-0.418953484477944,-0.584342265744355,0.472048210696694,-0.277715269837574,-1.86300130350508,-0.888073340597411,-0.443867134219037,-0.238538483862317,0.516932072418923,0.516383131462589,0.390032823061584,1.27660081924889,0.866973078558007,0.134977715248722,0.184900588522153,0.991473113554989,0.202462416972024,0.382310367806585,-0.052167758642098,-0.358794313852034,0.243930829341642,1,0.176208898469237,0.394344633943632,0.0184628260819348,-0.246855425444647,0.0779700764609573,-0.18149042498366,-0.0136105455597713,1.02925588281493,0.0777825934645651,0.289617515107953,0.223978068081327,0.0229774310250696,-0.039497211963728,0.335804053938676,-0.814023667715415,0.0629580275963141,-1.38438363052389,0.795344615214385,0.475334116153779,0.756715493654355,0.553281438437333,0.697685287916911,0.822869390684511,-0.276044805902656,0.727785646912731,-0.409075681778881,-0.674767536819027,-1.02297775801295
-0.122685615525012,-0.0503450911615392,-0.288862535208462,-0.0947299823240794,-0.378645374210355,-0.507710488876234,0.142656907990541,0.0586685522984389,-0.459762225918608,0.15024167356317,0.160836445264206,-0.0643200107131438,0.509216234722423,-0.726027967841555,-0.114507765675646,0.256839830416548,-0.0662087135527625,-0.264755319240276,-0.745102530690795,-0.197573886716186,-0.486866169013195,0.109304866860708,0.192558443054732,0.573180259519568,-0.340520651309302,-0.385735693753562,-0.0243518248356125,-0.118027069052887,-0.325271913314952,0.0318459795359522,0.0813338915459363,0.583031727035216,0.809191419565539,-0.247260682735309,0.700900520292139,-0.372623842851556,-0.42457365790366,0.387916189274531,0.725400545551322,0.219194309987838,0.484040785753403,0.325163422782319,0.439351200468464,0.293280096576115,0.171469686818118,0.577551863403812,0.590125229292852,0.669927941815634,-0.0963947874217242,-0.0522588344590333,0.0620853906337467,0.0609573285055933,0.416785373431993,-0.126989692996578,-0.736058853960389,-0.133713452896062,0.162488566964024,0.13311711499574,0.545692903303608,0.209011431734894,0.248498255447753,0.521286840298513,0.56474560743052,0.257553298875855,0.184979486805212,0.229980395966369,0.207669726662966,0.140718496126245,-0.45903149170561,-0.522074612408438,-0.201806362774762,0.176208898469237,1,0.726147577711537,0.284928959543456,0.132618287585656,-0.146877374535135,-0.281994496000658,0.437601036033321,0.565726824223656,-0.023486595166649,-0.399613850113984,-0.353895696881638,-0.160748522417348,-0.2678830675996,0.1441651509022,-0.654482374102048,-0.127090835075027,-0.721665985918096,0.408313554487316,0.289537366872438,0.673621124247532,0.443183901746806,0.322365805358742,0.499942339069317,-0.114626454549706,0.439252714527919,-0.191188718054286,-0.289766324057796,-0.333486451584359
-0.32701217546132,-0.653540306631766,-0.638064322388809,-0.614204250308129,-0.468521694901028,-0.18427086756928,-0.0935861209445575,-0.971729214935975,-0.747183143130946,0.458883854662268,0.0998064032651388,-0.0181856192081346,0.0776773818784364,-0.256370411921104,-0.119293809381336,-0.209054621915219,0.640984213026375,-0.538422298876127,-0.0736073306944677,-0.214730493939435,0.164010691140332,0.572167876836121,0.0991867951547047,0.385640029625934,0.0548425020637439,0.297486289548329,0.0850852893998812,0.684589966088738,0.317863900108064,0.249893901366526,-0.282718212908987,-0.260331017207919,0.14618684447455,-0.225810679309029,0.328568691822395,-0.172127421190091,0.0520976000939363,-0.0157115364833492,-0.0311928817646742,-0.196090265667731,0.275095333265294,-0.0231346777673072,0.163052213648577,0.335008869155345,0.568270886814836,0.406351716524499,0.278716277101517,0.61942345557959,0.15009353493345,0.137285434326053,-0.492024890966953,-0.571336591388758,0.19987775924196,-0.499833203563231,-0.231999766033103,-0.261917433816679,-0.852785547408607,-0.537447591377018,0.372697797288113,0.178417212841227,0.519389161523114,0.0438004553475646,0.57110364831145,0.448358963838888,0.641402854596245,0.387989473005806,0.301190506434442,0.572295562537319,0.0320542530919431,-0.0356314125804764,0.439094524748976,0.394344633943632,0.726147577711537,1,0.814737656801517,0.731618463153749,0.215967235576713,0.249019722127543,-0.256997041337132,-0.313160658209693,0.58552020929714,-0.0485174097759865,-0.245000657652352,-0.107293606715957,0.291953299227439,-0.111689204408559,-0.0379311379642996,0.0761103584176768,-0.221884755118914,0.0289188874120405,-0.174496663705337,-0.0789619486557894,-0.274301962603182,-0.144118670322612,0.104198302386145,-0.0542022642849166,-0.00863679656409103,0.253645116207041,-0.0385033644107871,-0.166328607616131
0.113107660853306,-0.394216368040122,-0.52132080548957,-0.410663915761789,-0.999515192978282,-0.764185670102589,-0.028822767051196,-0.291449542134448,-1.17292423751991,-0.209848678889961,0.43350076985479,-0.430986479171773,0.920114995296929,-0.787551519827137,0.541105556994207,0.258002987258201,0.00987365701061482,-0.356829361928492,-0.941745819263511,-0.0653586593055308,-0.494483527283231,0.353452486776393,0.431183807243303,0.78615239754784,-1.13568757619259,-0.604656964746093,0.1237787518423,0.0920962617308023,-0.135804083838337,0.171650535739163,-0.258355000674978,0.514342075218087,0.226031511694931,-0.333711171267057,0.971770808500413,-0.339747885126982,-1.18710412646758,0.3890853924154,0.657950332827969,0.345270525323495,0.755943505491401,0.317861258567087,0.453409609240502,0.184229169822117,0.00891834721360473,0.82720838372613,1.09431723275501,0.985784309740693,-0.142362690217986,0.0226184779840885,0.00900769919409755,-0.495635054737978,-0.0311341249748232,-0.613054149102501,-1.69690363957295,-0.492849386591004,-0.229046179113411,-0.542844951718025,0.195673883255298,0.213419447451182,0.0362354681378388,1.0127673824667,0.374875821852696,0.0497437238120571,-0.032489781060168,0.955899327300616,0.339934116389614,-0.0706303953044058,-0.88505349454852,-0.892673512093356,0.156676973596289,0.0184628260819348,0.284928959543456,0.814737656801517,1,-0.0784952451976457,0.0337016029333603,-0.30507854439101,0.40848392381248,0.815315148534345,-0.190069824870669,-0.531910981897036,-0.490405153028548,-0.537698886570457,-0.17303117400676,0.0651632219478646,-1.19798678900403,-0.391111365659932,-1.17819889410436,0.758865475158131,0.23322159156225,0.61008341677235,0.332941110040124,0.429997776987411,0.69889932390935,-0.0955849041653434,0.764799733847275,-0.112309023032322,-0.306276319049615,-0.626408727978936
0.744452648501825,-0.890939256008901,-0.704096047938721,-1.05193704740214,-1.6783314255275,-0.66868763335265,0.0928528434505679,-0.794258575400941,-1.39487884330976,-0.466946532398613,0.189023186765584,-1.00975762212542,0.238587750057049,-1.05037942654885,0.135251005001112,-0.00885996455560178,0.0677172286984424,-0.45770547392683,-0.872268387256693,0.420814801419387,-0.330279828276901,0.182489517610539,0.329589044257915,0.847468555147786,-1.24133439884016,-0.675168195524356,0.0882581806768509,0.337657895843409,0.0216322592723229,0.333136277096795,-0.17367249499823,0.0205175987655881,0.311800657031654,-0.524618649777857,0.733021907414826,0.369540455317359,-1.25604985851237,0.616182059545205,0.949804019168947,0.451378581765661,1.32241399250427,0.613892618892372,0.472597473485043,0.600117251945926,-0.198243512288423,1.366653263799,1.08648299454429,1.32190260374453,0.340349702330884,0.518540375170748,0.113235891906811,-1.06574604767034,-0.815549860996833,-1.33575872772813,-1.83311394250713,-0.457064793067928,-0.759212271351669,-1.25548500634369,-0.36777257568167,-0.170249376808536,-0.673617370684589,0.345286373547445,-0.255139898370751,-0.148383958440597,-0.138159961689641,0.721240802816042,0.797637674693531,-0.313023347171965,-1.00903482032845,-1.13867595659039,0.420424450057583,-0.246855425444647,0.132618287585656,0.731618463153749,-0.0784952451976457,1,0.223743674140657,-0.384788004124425,0.80432787392288,0.609421089075836,-0.176251610500514,-0.680578988746818,-0.593930753258749,-0.625507646748846,-0.299168198591312,0.195730311473965,-1.52185219392783,-0.414459125270495,-0.893682305720311,1.1191143291058,0.471563004924117,0.367560779784782,-0.090336263029707,0.561234607588709,0.518462520278255,0.22174127893993,0.948018167427736,0.227161239890345,0.16748737660101,-0.223880701556371
0.355113824909653,-0.487618722608879,-0.111956962393332,-0.247825763345777,-0.55791993964552,-0.41021492880332,-0.338962654103595,-0.517381063548681,-0.742041390543462,-0.122799924988402,0.307803701561983,-0.138374926445317,0.319737805259432,-0.396623341917408,0.265576008897591,-0.503560846488907,0.0904656610057008,-0.553426585610826,-0.332716873386411,-0.407599500478519,-0.325333681966482,0.150924473425069,-0.213548623051111,0.296953458658721,-0.449737574478563,-0.216009149075756,0.160020450921864,0.48727242269217,-0.177174844552284,0.426762139879028,0.231684273383963,0.283328283717415,0.106647452786734,-0.251729841081759,0.338590967079636,-0.31755894761969,-0.238257588574696,0.211097260391102,0.284548983471344,0.0170744980029137,0.140255785989733,0.567170696846035,0.412272822781919,0.164338227035008,0.179172779300792,0.732072538939779,0.539074088129806,0.499428439919549,0.0790444559660324,0.0503657829906077,0.0195281793690143,-0.496763047996711,-0.392494387176419,-0.300246163759703,-0.599335262035924,-0.479529332440195,-0.539095123692589,-0.485829443063842,-0.0632092597742115,6.03899300503641e-05,-0.0343574929141272,0.260117117496072,0.0157059424372019,-0.0195487710346613,-0.10765339824843,0.564296111013052,-0.041046162045659,-0.0999674015662041,-0.485092057513407,-0.775884762151261,0.00080430013902727,0.0779700764609573,-0.146877374535135,0.215967235576713,0.0337016029333603,0.223743674140657,1,0.263726702386572,0.509577548960824,0.300194746844899,0.151094814487382,-0.123349090528877,-0.156093033127949,0.00758238945806183,0.00929510567774156,0.23365317170139,-0.540927119911924,0.116656600351676,-0.694784204055459,0.401994130450238,0.0775004005167343,0.210521006215204,0.00522469953362903,0.495217014638874,0.345301821681975,0.141793712782102,0.709125363691691,-0.157908951032995,0.0303947926025178,-0.338506522291993
0.569549236391548,-0.564354824985823,-0.850338364023352,-0.383094662462062,-1.05635598712368,-0.726339178660755,0.161990597472497,-0.406431465457347,-0.908020823130398,-0.42584875176101,0.0917326800863767,-0.456685059886404,0.0324734334757571,-0.590949653899508,0.172246516156193,0.251415904491495,-0.420454714875488,-0.341413027891527,-0.455314013952683,0.367865274132152,-0.298726625191892,-0.47641649924877,-0.132696957923785,0.104864341022703,-0.816761803999498,-0.817337926401324,-0.0556912887699368,0.15975344597253,-0.198953884856154,-0.0587439025910605,0.110484592669878,0.610222434189999,0.131697142767317,-0.364206453116773,-0.125427884582781,0.568344562634555,-0.680814011839532,0.425813611019439,0.39260994098586,0.0504262210522835,0.749228318539552,0.341288376546873,0.169505763206039,0.498922589967245,-0.374205070353771,1.00157490874165,0.572448114131294,0.624166644187695,0.161839766041172,0.246621372943294,0.214147721966174,-0.737939539853125,-0.393876806217388,-0.578286042021041,-1.36278855283672,-0.374698788177455,-0.386209799328754,-0.717703586160881,0.0206175971222711,0.0177709381394173,-0.495600308544996,0.382361539984518,-0.117289375197767,-0.235983029319101,-0.31880062921827,0.182147877592828,0.576517174150428,-0.235882663736456,-0.437844014709991,-0.799394431037016,0.230074344009665,-0.18149042498366,-0.281994496000658,0.249019722127543,-0.30507854439101,-0.384788004124425,0.263726702386572,1,0.641840913325104,0.82289603827826,-0.301336841623406,-0.126409845853648,-0.170099787125469,-0.227025303399165,-0.562760216857519,0.371726276204949,-0.743212693807015,0.0421518186013814,-0.638252124071404,0.975005118536277,0.769436985773164,0.584161547762067,0.178008631649854,0.676659148730149,0.388254026532891,0.40787381411261,0.897393827899522,-0.022893417991053,0.198015614524051,-0.067713676943885
0.475514941535233,0.476577610894678,0.842714428684823,0.0171325621322318,0.548348195441343,1.41436203310056,0.73903042021184,0.211494050797577,0.589873352195122,0.744886891591507,-0.6825230914929,-0.236910474289184,-0.607138521380762,0.39121270521023,-0.767630810691249,-0.13598541102351,0.0251826558558031,0.135771614923102,0.724355729898471,0.265187125497938,0.204583411697741,0.0156813331775678,0.0906959351983846,-0.513813929201834,0.735500000073855,1.30829566439861,0.26196406788929,0.363086607904377,0.727517905734204,0.56870771938208,0.429432528183556,-0.790899242248681,0.0947116103958957,-0.196499028960161,-0.736173524810501,0.821274426355814,0.0270403353097222,0.131026395924483,-0.164849073473617,0.596181179062683,-0.278983037690637,0.106178377603607,-0.219416997103146,0.540389381658606,0.274676570658272,-0.563374657832285,-1.16911761806801,0.210672472048444,0.499449878914259,0.529114654244862,0.106929272298062,-0.136122812006379,0.221077201658884,0.156236017565722,1.17207076121384,0.56473641530349,-0.271066237650439,-0.281683363607012,-0.327121010672827,0.247003071270814,-0.0481205593878651,-0.89738124984032,-0.100129424420187,0.738888069576368,0.90220644770713,0.116832164344781,0.0139962581609392,0.249549788723239,0.109732382491814,0.349343076365921,0.80154399658267,-0.0136105455597713,0.437601036033321,-0.256997041337132,0.40848392381248,0.80432787392288,0.509577548960824,0.641840913325104,1,-1.21499632475738,0.159123796330089,-0.498573505118928,-0.34637051368191,-0.544439199971062,0.313956282423225,-0.691529768928072,-0.0584652806887299,-0.152766444683487,0.940914857060538,-0.745666058780456,-1.03929957889134,-0.899971046899565,-0.711658563655382,-0.946695483882515,-0.759042771949566,0.443915205947291,-0.811061165246318,0.523808735290417,0.392795123160787,0.823394915606047
-1.03932086160081,-0.666810308823719,-0.934571354787123,0.347321375043837,0.316421926422102,-0.795409318470605,-0.961761816315045,-0.883975721984969,-0.54881507288205,-0.00669485612445381,0.891706237880214,1.32390719376236,0.811062967717101,0.420025344999881,0.752678524071544,-0.28043218683967,0.676367177660353,-0.537053069199961,0.480357540487963,-1.07916135746411,0.0917789590466758,0.281480926020728,-0.56835369506283,-0.00291152253878801,0.053254119869085,-0.077464614081583,-0.304551739849318,0.380539449216924,-0.503163882502397,-0.614143214973036,-0.591550391300861,-0.149257121391779,-0.87635167891624,0.230461633321136,0.110785240733786,-0.902919690088769,0.619250243886967,-1.39118102448292,-1.24896618152824,-1.15975790710547,-0.908097868524324,-1.22168521996748,-0.369914074641229,-1.05317384257536,1.1298960114277,-0.378436913607138,0.2588724739545,-0.43282116936356,-0.749278069015382,-0.956417982320815,-1.00053661785417,-0.131939504321169,0.661524098256892,0.580532499258181,-0.0351810673821374,-0.996278135702356,-0.628941931449554,0.291736024299411,1.30043147236715,0.65725682314699,1.4378670374059,0.724293570919305,0.933155453199665,0.0939347744788728,0.424229290364277,0.259435458126714,-0.144492523209542,1.06738452446697,0.915215362492842,0.55551901010038,-0.148138785371285,1.02925588281493,0.565726824223656,-0.313160658209693,0.815315148534345,0.609421089075836,0.300194746844899,0.82289603827826,-1.21499632475738,1,0.949210241543035,1.26881709141511,0.747569754776208,0.838947079064294,0.692483864054027,0.399165274488791,1.30508878066561,1.00794949524621,-0.339335144830009,-0.0749452943659026,0.0402937056995771,0.102096074609649,0.678345843972062,0.0530157622160154,0.320188631924745,-0.702233681848431,-0.111018822239117,-0.439847331735417,-0.589366698622784,-0.844610296027522
0.116974993161333,-0.278441075499111,-0.585170008323788,-0.128371062276081,-0.61413053904991,-0.626243755213182,0.0997716020060797,-0.17610820106602,-0.781574656621667,-0.483432243272462,0.894321143676513,-0.299588980135092,1.09452266883418,-0.381982762549945,1.10956905643445,0.100884333225864,-0.446429006312648,-0.749057057509327,-0.780857742434657,-0.48031715958529,-0.591381336574004,-0.281087144814359,-0.331229025568226,0.23335654941872,-1.1007824393356,-0.865962175872702,-0.571480947419681,-0.254566574124048,-0.473842160820463,-0.249372553737687,-0.503577858006166,0.601954016064897,-0.518227551415149,-0.774328263924922,0.15699025475862,-0.120979658377044,-1.19634169242734,0.0734404525130282,0.314431761314644,-0.0377725310696445,0.428100706564601,-0.280328520467389,-0.102066021698292,-0.0163639729008763,-0.416341579674061,0.538421957223399,0.794630443748012,0.198961747781489,-0.231516247962928,-0.219091818301802,0.00912866067403617,-0.344283748699878,-0.101039383643618,-0.323390056717561,-1.47366806079942,-0.40654333388616,-0.198273471374587,-0.170146219006797,0.501276553331198,0.621551150769632,0.300687133291256,1.19919465431884,0.698239167083279,0.056958224362587,0.172181683562803,1.24052429308475,0.409594280845369,-0.112435530372657,-0.618231345025895,-0.784626501726857,0.0147404991189747,0.0777825934645651,-0.023486595166649,0.58552020929714,-0.190069824870669,-0.176251610500514,0.151094814487382,-0.301336841623406,0.159123796330089,0.949210241543035,1,-0.175216235279636,-0.208654790014428,-0.384512540446514,-0.36873606892197,0.28276135577183,-0.802154769693715,-0.292545762358412,-1.14229891314373,0.906231237098282,0.524377902279619,0.911139803221324,0.685425640489169,0.659901175027163,0.724554786425378,-0.0514884154357123,0.729140496796333,-0.30104644047057,-0.25309860254989,-0.617448448354888
-0.858325184239888,0.415386124844549,-0.578309789562398,0.632291798096783,0.39729647354589,-0.791716266696141,-0.371660968968987,0.586834167124768,0.276229092506921,-0.893354953988354,0.541348669578306,0.307731437731754,0.747515243897943,-0.030619928455712,0.920577349030282,0.9516103649025,-0.243847521183506,0.473609089304399,-0.353383442146514,0.148112564069088,-0.0813037315809735,0.139039960884965,0.0942660934326744,0.119591011421063,-0.776054924045965,-0.768101258708549,0.132895818724155,-0.172384892762028,-0.340161109542868,-0.268005934419393,-0.532297649905755,0.953372651246269,-0.12542320619922,0.65343278566676,0.61371217885008,-0.416372691212091,-0.800611769129264,-0.387121979718936,0.0316419647587408,-0.56926968653677,-0.335725250436586,-0.463890766973041,-0.180314722926577,-0.952829131946687,-0.101440038566323,-0.581100018059031,0.497391189398801,-0.737078640027945,-1.04840245826783,-1.26065308050449,-0.0466478844970491,0.421160339977395,0.428926669306538,0.444706692952096,-0.844432963509161,-0.266348367103673,0.453334764280144,0.715247536729049,0.114844491420354,0.223367037180697,0.210328364652123,1.01726206000203,0.462590042949541,-0.416188208104506,-0.266701229059052,0.521875269512886,-0.297539200434041,-0.267198647475887,0.350703327990767,0.280882354067448,-0.162796493248717,0.289617515107953,-0.399613850113984,-0.0485174097759865,-0.531910981897036,-0.680578988746818,-0.123349090528877,-0.126409845853648,-0.498573505118928,1.26881709141511,-0.175216235279636,1,0.720839479424237,0.514465119132203,0.24153583893685,0.244712845431782,0.0927214596836897,0.194079271866121,-0.572525628734092,0.347569272922746,0.493548257868648,0.762712834972175,0.815428276315014,0.715188371040276,0.815248158202701,-0.61285820352909,0.254293935581797,-0.554107904834425,-0.950884479541505,-1.14873166463346
-0.565418501740917,0.586874496000753,-0.111073984177403,0.823575421661437,1.05054636996636,-0.228538739399836,-0.205547975728082,0.713508766258632,0.555356341206284,-0.55683457705516,0.258229943093798,0.479696454983422,0.706978595953442,0.300244187256766,0.885110301001046,0.445306746082362,-0.401628476343306,0.297988441480796,-0.086521145596782,-0.321280077940274,-0.453885666456808,-0.244148645351762,-0.356538118637005,-0.529952357575394,-0.446063726155121,-0.534932771096017,-0.357175749641161,-0.513518851650149,-0.532443640879264,-0.565786333830106,-0.401877546184607,0.543047559682707,-0.118104991877023,0.532309119738947,0.0486281287940928,-0.280245509331949,-0.145260255211993,-0.471103088402142,-0.119832570987902,-0.527763280821929,-0.261748357828615,-0.734678997919796,-0.31421136491901,-0.465164575881014,-0.238547964461239,-0.745221757480218,0.144605228289352,-0.446646440661502,-0.602298658878517,-0.697132119910407,0.00604602748795763,0.556173880630035,0.702441830118969,0.94362465783553,-0.0998134130366788,-0.123757324396255,0.676055823387051,1.12067257884422,0.454620255019056,0.342333529578377,0.613429698113048,0.774384493328485,0.806558365437436,0.0878612809588352,0.171874494512772,0.469609219689239,-0.275639163492486,-6.22932507619578e-05,0.472053822283834,0.412605783782617,-0.3646185925254,0.223978068081327,-0.353895696881638,-0.245000657652352,-0.490405153028548,-0.593930753258749,-0.156093033127949,-0.170099787125469,-0.34637051368191,0.747569754776208,-0.208654790014428,0.720839479424237,1,0.431231844527358,-0.0491430359473064,0.277374699340985,0.345134909692592,-0.00554294763498203,-0.263416442732435,0.0530272019476446,0.304612541844364,0.573791720151719,0.829878974714751,0.0839996290834097,0.228015642393383,-0.0951433449609619,-0.153290705982253,-0.284060594129209,-0.487457159297191,-0.549698199447236
-0.414104041085092,0.471409708263341,-0.812931870826433,0.617894054621256,0.318343843565578,-0.548361760585335,-0.132254749784166,0.337651011600419,-0.223992585788809,-0.753239127112764,0.496991022978873,0.0981405392809541,1.19553282906262,0.132174866844341,1.11910733292292,0.750384225147697,-0.441663273861526,-0.0409489969865381,-0.387798153287105,-0.0482583515584619,-0.428877965170044,-0.213505462798781,0.0382062840544964,-0.36580987025233,-1.12843654371762,-0.827937750327584,-0.0991540008540282,-0.411171226047627,-0.331800899094709,-0.494330135887183,-0.584154529390241,1.0450133084591,-0.404280563139135,0.0189377951509737,0.117525952890022,-0.0650039728382982,-1.06163598904461,-0.0949435421121309,-0.0776508022255433,-0.434580930130742,0.150216306524204,-0.762970360280492,-0.373099778687958,-0.412631581893638,-0.0123438919891446,-0.284880722417886,0.448139571075522,0.0689887028022091,-0.612554591850025,-0.585476409451554,0.0770787194394683,-0.00595422956792174,0.537743229099019,0.4811445848772,-1.1406948464422,-0.262954817460937,0.234438125412904,0.376098454979107,0.383658656323725,0.593554689833283,0.432789827666223,1.27843158149605,0.775608183953545,-0.0257498589345162,0.0313055688100877,1.01005212601174,-0.0586658174760082,-0.0698397051594114,0.14549367512522,0.0660798390717814,0.13647762910954,0.0229774310250696,-0.160748522417348,-0.107293606715957,-0.537698886570457,-0.625507646748846,0.00758238945806183,-0.227025303399165,-0.544439199971062,0.838947079064294,-0.384512540446514,0.514465119132203,0.431231844527358,1,-0.0915220860046035,0.143192150383451,-0.253155915482234,0.0999350362504912,-0.783315978220917,0.488715859372665,0.331473654151778,0.867977014005581,0.650858749095999,0.294062910537105,0.416779203930839,0.0010350200662661,0.179062220912401,-0.138831673585805,-0.514006959350114,-0.724912936547964
0.188250041925655,0.34937036957773,-0.358039657625817,0.443313296217719,0.323195560563632,-0.382815337048751,0.0143730960218764,0.455316711955938,-0.164692188128489,-0.313172852437024,0.466837018998563,-0.14490022681358,0.96135862569574,-0.441866384439137,0.625431722158279,0.316681767943074,-0.476506707479722,-0.324607117333892,-0.855121562738729,-0.434293321681724,-0.703316476769369,-0.481108477472836,-0.497436673802321,-0.29896682706237,-0.966457152327873,-0.795692191563191,-0.477572696160828,-0.711089329785486,-0.544288014871685,-0.332348262318722,-0.314053948772619,0.690730532438226,-0.0957208100979454,-0.466961357845001,-0.321189726217105,-0.283307835306758,-0.682624125805199,0.0117080806746442,0.282161374660548,-0.374348668645957,0.0474761733009245,-0.207438244721165,-0.482205595458949,0.0974661708034148,-0.617863816894528,-0.0307333356234943,0.465581883012438,-0.100715794663482,-0.224791598975298,-0.140025316824778,0.488497804338387,0.0924076579859443,0.247606546474662,0.460023411895457,-0.667621137677163,0.0532512765442157,0.3877503470831,0.446197313679607,0.681091548522466,0.543100599287289,0.389776689589022,0.758234151368513,0.585293629600415,0.0171149581301449,0.207647605952387,0.558051460923371,0.155461472367223,-0.14836420478465,-0.080211815954128,-0.180016252583651,-0.0212084398030364,-0.039497211963728,-0.2678830675996,0.291953299227439,-0.17303117400676,-0.299168198591312,0.00929510567774156,-0.562760216857519,0.313956282423225,0.692483864054027,-0.36873606892197,0.24153583893685,-0.0491430359473064,-0.0915220860046035,1,0.445776389829132,-0.589936736783869,-0.150618986882654,-0.619312378233717,0.589515454514724,0.520090881759278,0.972945416097274,0.791209442796455,0.207369502458587,-0.0317253075254018,0.2457222424152,0.292513774742433,-0.0396734009470853,-0.0741195796257164,-0.259045703485674
-0.477297740409211,0.24422740712919,-0.443616457656979,0.266903268147259,0.342395104211476,-0.114329061296163,-0.248354092676594,0.126511112374338,0.134355616644057,-0.479610810024366,0.352560567109559,0.247205027226236,0.71468992348309,0.0281776146036317,0.685544294745147,0.498022407934247,-0.0999258388154933,-0.0525969289730723,-0.360076866847305,-0.129799311416621,-0.0982042409046884,0.183080032701708,-0.0800871030449882,0.0464920275588338,-0.546026475381291,-0.0280034036533604,0.105883889342969,0.210428635983744,0.120128427951304,-0.0263941033731863,-0.464961190833805,0.415263069965195,-0.288067987744519,0.120914070211895,0.285619919164945,-0.184224388662936,-0.53511049491542,-0.396601402690362,-0.318508001910131,-0.422962333552765,-0.254589163839116,-0.519094776911567,-0.281435959039824,-0.442199571665149,0.235002401245872,-0.415268365140949,0.0453196172712598,-0.399053478787976,-0.522158352072924,-0.711499884830911,-0.387446727839779,0.180886036817641,0.597286652824821,0.322453351038273,-0.31163994880727,-0.0349876686127684,-0.000553660315334381,0.468719609045158,0.213240849065757,0.414723804334626,0.488026859890446,0.673838944570825,0.70931019103957,-0.0156231406590992,0.301414921026899,0.723938563450028,-0.103885385429752,0.0932731455941767,0.363593360638648,0.377446133023916,0.312976579548219,0.335804053938676,0.1441651509022,-0.111689204408559,0.0651632219478646,0.195730311473965,0.23365317170139,0.371726276204949,-0.691529768928072,0.399165274488791,0.28276135577183,0.244712845431782,0.277374699340985,0.143192150383451,0.445776389829132,1,0.0326888230163453,0.255969058097045,-0.387585039266705,0.073266101704186,-0.0771856778326529,0.204163081330414,0.231008668074412,0.136560703411869,0.402987916651125,-0.393041863600773,-0.155351113406914,-0.116025148018762,-0.630012086215115,-0.706771758736742
0.0386887778032782,0.248488280343531,-0.398075395849329,0.102720615551677,-0.32047995450509,-0.716780038587272,-0.453951171355445,0.506081716455821,-0.107223768694039,-0.86649903806133,-0.131645166741922,-0.124733351303094,0.261281606090955,0.243641237564967,0.509314326980716,0.832773569095385,-0.464820092783456,0.433887793085129,-0.03209412299165,0.745608001343321,-0.0662675716857654,-0.42826671549293,0.427778823899028,-0.000601208733181341,-0.792273937466402,-1.25988653777307,0.30242769148196,-0.528167046895689,-0.205790714640836,-0.713833550023443,-0.00248405527637571,1.35059318170088,0.296885758022031,0.304859955185261,0.371013486704222,-0.0952234321860468,-0.319048575711072,0.414001327848264,0.229057409809428,-0.261947569432701,0.594879676610035,0.0498343899172461,0.31835259177932,-0.275137473950233,0.226432954764343,0.576832671013787,0.635328767479046,0.171990396065096,-0.364393725387259,-0.171522989637446,0.216181017329813,0.23103577180714,-5.61585912869367e-05,0.0211587352763472,-1.01080635853058,-0.295317851470948,0.712197033736416,0.195282717450363,-0.380507285784056,-0.7130283910812,-0.762494319598968,0.760452337711457,-0.499908113998194,-0.655985591545696,-1.38659328673184,-0.516421574407796,-0.24154905081722,-0.625791587308359,-0.471875003021075,-0.293235883333936,-0.775878630852326,-0.814023667715415,-0.654482374102048,-0.0379311379642996,-1.19798678900403,-1.52185219392783,-0.540927119911924,-0.743212693807015,-0.0584652806887299,1.30508878066561,-0.802154769693715,0.0927214596836897,0.345134909692592,-0.253155915482234,-0.589936736783869,0.0326888230163453,1,-0.147461064127618,-0.55322645926651,0.5935700421082,0.982452687706423,0.902654765813708,0.0501922911177576,0.709201981897889,0.415748256840611,0.102687781677915,0.642556114595033,-0.274640702480447,-0.286090641334492,-0.490250944476526
-0.208908613720635,0.128590144398086,-0.724618394486777,0.346538131724342,-0.185557865597524,-0.903834742766009,-0.165083937165993,0.293853337537601,-0.231073304792529,-0.694206907835175,0.328273844419951,0.171380941769811,0.423885005039074,-0.174332521660533,0.655432420692018,0.49834415792312,-0.268915407748173,0.238644060518225,-0.483885668801362,0.503609351774457,-0.155693521992216,-0.132475158217652,0.275149908443953,0.131775133062077,-0.692362747209236,-0.65833740709635,0.0661184433433326,-0.0505015658302719,-0.236558075793111,-0.160962428445748,-0.311899817198585,0.984008152228219,-0.094468710558805,-0.0334667251607221,-0.0342898886293738,0.28704113018568,-0.575244875189794,0.033343330125457,0.162190382741906,0.0213735827066808,0.281071260956569,-0.293274556525135,-0.14135192641741,-0.286270248992582,-0.568549350173079,0.238354985621886,0.398960555419065,0.166727212313145,-0.556526504034349,-0.338829714831578,0.341300834244304,0.018494084422471,-0.0424657067413631,0.114675476711594,-1.08382971270461,-0.290282778171213,0.414486213332334,-0.0320156863322963,0.127081274045357,0.0523097929785303,-0.0329689888024271,0.659647278421005,0.0529791374833856,-0.42541387489643,-0.443093095444495,0.215387461682475,0.184678350273559,-0.280442512339341,-0.11089821472486,-0.150595260677215,0.286741502623584,0.0629580275963141,-0.127090835075027,0.0761103584176768,-0.391111365659932,-0.414459125270495,0.116656600351676,0.0421518186013814,-0.152766444683487,1.00794949524621,-0.292545762358412,0.194079271866121,-0.00554294763498203,0.0999350362504912,-0.150618986882654,0.255969058097045,-0.147461064127618,1,-0.585820391421392,0.827271898645269,0.728661908960091,0.736820091867636,0.69711278382667,0.582084998321016,0.549805820008418,0.0610845838575682,0.579300919203757,-0.224403981261861,-0.295822033710949,-0.524954529120764
0.808113035065708,0.814891383770102,1.09028251874954,0.150033939890473,-0.0300147507523864,0.923694204875809,0.731840657100999,0.983836306177656,0.887986899171399,-0.244312996214018,-0.977068267195341,-1.27795382091031,-0.90007969213975,0.247851969289821,-0.30639252954627,0.172440415502811,-1.24488875672977,-0.0528322140210398,-0.22464130030956,0.841789591135797,-0.234025349877605,-0.984423034992998,0.127205223237973,-0.64868263084223,-0.117633624106408,0.0274134009094735,0.832709223628999,0.337434340452025,0.548623839445193,0.492936053465968,0.794875238479989,0.296747532557577,0.77598591420934,-0.396401769235519,-0.222709744329708,0.683623901103544,0.00507709489300487,1.39117130422622,0.719218680990086,0.57243976167495,0.798035905561694,0.848217321255457,0.32894222692673,1.43427383301135,-0.0130059783016425,0.556897087021033,-0.402170442022569,0.304419149345979,0.890555927500104,0.886504580801965,0.704478677794498,0.636706760209133,-0.246004923497113,0.201323288698349,0.610021087528182,0.787752488846063,0.758835115391755,0.170634237701438,-1.36460405529296,-0.800360714290504,-1.14300025434509,-0.376130310942469,-0.604885249287298,0.0798243897464613,-0.660710864262416,-0.197545812494532,-0.277292465307265,-1.14733297021187,-0.887633538800372,-0.645900128547725,-0.291191970962011,-1.38438363052389,-0.721665985918096,-0.221884755118914,-1.17819889410436,-0.893682305720311,-0.694784204055459,-0.638252124071404,0.940914857060538,-0.339335144830009,-1.14229891314373,-0.572525628734092,-0.263416442732435,-0.783315978220917,-0.619312378233717,-0.387585039266705,-0.55322645926651,-0.585820391421392,1,0.0791500694318735,-0.146422596980761,-0.067776246800247,-0.802730087951291,0.157834085833156,-0.508495837357855,1.14864720947429,0.0419495168496414,0.755205430738543,0.720883717270463,0.719379700880509
-0.308834467936669,-0.638502395928449,-0.283617332351404,-0.310784751454535,-0.0268877799022046,-0.0736589624221654,-0.657016442099584,-0.632405882143044,0.185452985773208,-0.0378872347756874,0.584455387230656,0.533557944821952,0.372852291043146,-0.0915202607123419,0.53362880960465,-0.278753133180389,0.375831776906575,-0.564822076315529,-0.232334737481879,-0.362129182303887,0.0792689906823235,0.415489857400877,-0.377663646586549,0.426137916206566,0.0507402678114936,0.570541501748263,-0.206327597910673,0.74229361783951,0.135650230168131,0.266268541453873,-0.381584065579544,-0.307814853372726,-0.67782992174301,-0.141835555959674,0.171630185882283,-0.220868400254945,0.0757307633596022,-0.897352446099382,-0.420746396161782,-0.420454267108845,-0.544839527111424,-0.457625139008966,-0.451882981902405,-0.638858267360166,0.359701339424466,-0.159390256743194,-0.0558857690312975,-0.484038228428176,-0.314422348553943,-0.589961782749765,-0.389969250300328,0.023361030970152,0.0787286778239305,0.0819978804627232,0.304984831348393,-0.149614759875647,-0.538348618069661,0.0442745189541784,0.545301248724592,0.23975878083363,0.67875954306809,0.0316244028593501,0.421794670182213,-0.243877929696149,0.323976340622053,0.37161920836445,0.148770176502137,0.295484480704919,0.452005957617934,0.271465921024964,0.194168894832755,0.795344615214385,0.408313554487316,0.0289188874120405,0.758865475158131,1.1191143291058,0.401994130450238,0.975005118536277,-0.745666058780456,-0.0749452943659026,0.906231237098282,0.347569272922746,0.0530272019476446,0.488715859372665,0.589515454514724,0.073266101704186,0.5935700421082,0.827271898645269,0.0791500694318735,1,-0.119007856078492,0.0126904933562726,0.158547071505139,0.0845874912505074,0.373566012025054,-0.494194582573585,-0.181357843020276,-0.163432517261011,-0.247573276197577,-0.451203196128864
-0.734294418800608,-0.373717650636152,-0.167783415846601,0.270750425679635,0.186971289427012,-0.213517498057299,-0.567065150554057,-0.154033499563417,0.376662264137497,-0.294950150421096,0.515326551506777,0.720095613324686,0.65734585655325,0.39553106548243,1.00597910792504,-0.0287035256619658,0.0126379985253995,-0.36693710255148,-0.067397670293313,-0.479688527460218,-0.0174725611942731,0.0879203959069691,-0.250236562301727,0.22417640852158,0.0254269817902186,0.108070708997095,-0.0962626287457675,0.578975044176432,0.0148432818857899,-0.215029101982764,-0.271629560149876,0.099204537069056,-0.780996604989401,-0.0094247165616004,0.41073879996788,-0.546782704948001,0.16899410341601,-0.867987204614146,-0.825597031290811,-0.46662197379226,-0.49531666235075,-0.833819356313314,-0.107802794344192,-0.788706545429281,0.817691538796136,-0.183494279923477,0.105947127019978,-0.446915238508334,-0.572673600204858,-0.791077675887617,-0.580599690726534,0.484587347531987,0.637657772121831,0.429471160926665,0.19375130213247,-0.365064840826154,0.0438131416976153,0.635544469703885,0.602391779839988,0.0945576913681759,0.776640404631029,0.481076112472156,0.714110118186379,-0.31785133255531,-0.0834306786462453,0.322870596530805,-0.298926534062278,0.135986604442723,0.253760060402971,0.29479228050177,-0.414479157266846,0.475334116153779,0.289537366872438,-0.174496663705337,0.23322159156225,0.471563004924117,0.0775004005167343,0.769436985773164,-1.03929957889134,0.0402937056995771,0.524377902279619,0.493548257868648,0.304612541844364,0.331473654151778,0.520090881759278,-0.0771856778326529,0.982452687706423,0.728661908960091,-0.146422596980761,-0.119007856078492,1,-0.0879204058895486,0.191353790436375,0.0585866274367376,0.594507364377126,-0.631612044871374,-0.180641821451225,-0.361563960251761,-0.550125340527457,-0.806123850952156
-1.01712843774528,-0.869390215148256,-0.618490620802271,-0.105859146838903,-0.182673735351184,-0.911007324611617,-1.05983744855163,-0.655072761462403,-0.276284148672609,-0.434516630285869,0.303624719264319,0.83845606704418,0.148442219680959,-0.193441382265345,0.173734120783949,0.0516553031470123,1.03786453283659,0.30584470544211,0.171230943377729,-0.0917693173027588,0.241498361291351,0.853139358789013,0.198259237260354,0.807309256061938,-0.085869190371792,-0.0823563186321859,0.425696853204158,0.783234788437706,-0.127876659840245,-0.109099174511393,-0.359709620164343,-0.540322073162978,-0.0133533417716906,0.755806538488077,1.06048162107532,-0.756766038632803,0.539157280448382,-1.29612248404898,-0.638264631624698,-0.754604488434447,-0.418349028074955,-0.545479471761165,0.165410261803494,-1.10179096428402,1.23404400501533,-0.0832808393718111,0.570308199838482,0.0418119897390665,-0.898266764403308,-0.995700595127756,-0.622863075001918,0.034229985658193,0.123549790467375,-0.0448665700737617,-0.0730179690719489,-0.939520381402529,-0.327206235864487,0.0625767782029621,0.400530972185268,-0.281545421973586,0.56582604168563,0.0795637024393222,0.148427907229588,-0.292337057300278,-0.0446771131950325,-0.226489806028152,-0.0904957135605465,0.547084035873615,0.570411469820323,0.580776038539651,-0.147799555789063,0.756715493654355,0.673621124247532,-0.0789619486557894,0.61008341677235,0.367560779784782,0.210521006215204,0.584161547762067,-0.899971046899565,0.102096074609649,0.911139803221324,0.762712834972175,0.573791720151719,0.867977014005581,0.972945416097274,0.204163081330414,0.902654765813708,0.736820091867636,-0.067776246800247,0.0126904933562726,-0.0879204058895486,1,0.351491381965968,0.144295219969348,0.484595554619404,-0.922998402128483,0.004543673804349,-0.1783339342312,-0.7069568667487,-1.09987341883733
-0.924989500807928,-0.530914765671567,-1.30552555196093,-0.100216248529942,0.0092017168593202,-1.117254072167,-1.20518718151911,-0.634332461065156,-0.894018751087634,-0.779208809209539,0.354571124763417,0.538024753190974,0.862155787385379,-0.481145745016661,0.331620387649331,0.655499916895394,0.975894556754197,0.113599035737611,-0.123596194134554,-0.260416629014479,-0.0598439958502997,0.922129809929486,0.0854484450608217,0.538045223682079,-1.12115848959579,-0.655155307961875,0.565027035562487,0.434988644971577,-0.366681299981006,-0.106695845730772,-0.488696701399187,0.277851676924532,0.113764475803274,0.784457110566898,1.1891703852647,-1.03802812635229,-0.157484100877838,-0.906455966714916,-0.395920497908804,-1.3305699684896,-0.21572243969373,-0.178279581092305,0.102271866889166,-0.819654627196682,1.20083735330976,0.00836409751416478,1.08683842741224,0.189602215867643,-0.954864790838619,-1.10316659052672,-0.762336245203493,-0.349668583666556,0.662101363326686,-0.0457420002956223,-0.95790044776882,-1.0404011043003,-0.557956104871147,0.0278410544863825,0.362669485516811,0.0337516985449587,0.597467075463791,0.828775742320234,0.596236281649512,-0.0843859741223555,0.0926698863976761,0.397864975353054,-0.263915619097484,0.706784901477014,0.649210870835423,0.441887967449469,0.0848464558637976,0.553281438437333,0.443183901746806,-0.274301962603182,0.332941110040124,-0.090336263029707,0.00522469953362903,0.178008631649854,-0.711658563655382,0.678345843972062,0.685425640489169,0.815428276315014,0.829878974714751,0.650858749095999,0.791209442796455,0.231008668074412,0.0501922911177576,0.69711278382667,-0.802730087951291,0.158547071505139,0.191353790436375,0.351491381965968,1,0.31726631893615,0.444849376726007,-0.678405851587302,0.320887481914068,-0.263034820900543,-1.01070916086838,-1.44031615478647
-0.235879874442635,-0.376743722813119,-0.518933741934221,0.0445663831681457,0.275044149158594,-0.0118917643195444,-0.30875151493853,-0.581616643179743,-0.00778843315638778,0.160187169531256,0.491895804387928,0.697666411994574,0.508536794643471,0.379225361951948,0.695942937194511,-0.109963302650325,0.204967765620571,-0.316463979208369,0.264163165760148,-0.369139039830591,0.040257967270311,0.0599531571963043,-0.374410660902101,-0.211593877056009,0.1212325827819,0.240125525701494,-0.733524393236238,0.146372738920547,-0.0688950160756158,-0.546753858626527,-0.733080581902528,-0.157707253526797,-0.793386433459146,0.0890939831334873,-0.342655331493663,0.0625976219881014,0.0332740181715373,-0.86062345079591,-0.708430241574432,-0.374265487838932,-0.329312776250433,-1.2330366943572,-0.605428214536066,-0.545693723025022,0.108079823829469,-0.49412961163883,-0.185651904043902,-0.162410192027728,-0.177037510847435,-0.265974385427125,-0.453082653837896,-0.206652487508938,0.39682627283351,0.259477426031956,0.0481991004377554,-0.253098138355385,-0.44995189604357,0.112647070852298,0.861027073523407,0.559711244102995,0.877578804969927,0.335010150218564,0.694961133408297,0.0506035916946821,0.491957485799856,0.37480551075915,0.37403408407727,0.537588694005707,0.608690506120271,0.489733612414463,0.17921088165089,0.697685287916911,0.322365805358742,-0.144118670322612,0.429997776987411,0.561234607588709,0.495217014638874,0.676659148730149,-0.946695483882515,0.0530157622160154,0.659901175027163,0.715188371040276,0.0839996290834097,0.294062910537105,0.207369502458587,0.136560703411869,0.709201981897889,0.582084998321016,0.157834085833156,0.0845874912505074,0.0585866274367376,0.144295219969348,0.31726631893615,1,0.149262215234708,-0.271398357706474,-0.398215698354594,-0.00984427090827034,-0.0690302791453342,-0.117441152688467
-0.236295556252368,-0.867943996820612,-1.18226614395906,-0.490950877553772,-0.356798589222253,-0.641056283033198,-0.625259203448564,-1.28785912191841,-1.02630933690576,0.190998900985079,0.879553942626724,0.831180464261075,0.815602015523011,0.194712906534446,0.636216699776372,-0.449138864666119,0.476673147595432,-0.805886967787633,0.237018835790537,-0.848149193676759,-0.0617490563584662,0.197290195029688,-0.464096269795761,0.0483843574437,-0.11038219382052,-0.232269671796615,-0.877538372046364,-0.132511883619194,-0.480163816866329,-0.802820744680787,-0.660763112648926,0.0815486498427764,-0.719675572838115,-0.143961025767556,-0.0206141833783839,-0.228156283859244,0.100566712935719,-0.741639455449867,-0.594742439853201,-0.745742744631617,-0.00598172475313913,-1.00031932828048,-0.262573030814683,-0.478179359228099,0.379465287282014,0.204723155223373,0.330273950093469,0.152653015466903,-0.113423300744609,-0.218960436811594,-0.805229403372331,-0.67211877964154,0.205206684267453,-0.111284482810382,-0.618882523550807,-0.732092199398055,-0.896749827332987,-0.185072779590992,1.21633397041946,0.721426731382306,1.02788344262703,0.755985844848862,0.808155626740213,0.21750683254146,0.474321181564589,0.339161238305681,0.540291335516737,1.02528222230792,0.573548422740785,0.137555723128617,0.0316466820331239,0.822869390684511,0.499942339069317,0.104198302386145,0.69889932390935,0.518462520278255,0.345301821681975,0.388254026532891,-0.759042771949566,0.320188631924745,0.724554786425378,0.815248158202701,0.228015642393383,0.416779203930839,-0.0317253075254018,0.402987916651125,0.415748256840611,0.549805820008418,-0.508495837357855,0.373566012025054,0.594507364377126,0.484595554619404,0.444849376726007,0.149262215234708,1,-0.294453688572454,0.0377049881725562,-0.287831217711419,-0.0680647543258877,-0.212743115250698
0.393117418842685,0.0573240676531605,1.02578673809702,-0.135146129336362,-0.0445014697621615,0.778423652266402,0.356584359924593,0.440333921909609,1.08732501211215,0.0614581125843689,-0.865718909205636,-0.361795507269097,-1.24778203429447,-0.031711810937627,-1.00332181957976,-0.00509601924670113,-0.0146361270072234,0.797216879209535,0.434380651339849,0.975292340905648,0.388746505197826,0.10867485094786,0.441512924871118,0.159181831962975,0.770751667925665,0.834914655201567,0.545420249339726,0.50168683965329,0.547329365285217,0.777101328344031,0.722659706369342,-0.761932590437024,0.472394134002969,0.358088252791924,-0.00926569329257632,0.782713090942022,0.262267866648391,0.070304071751901,0.227219951932527,0.636022578581168,-0.0808833357094728,0.65339230866369,0.207220579557174,0.100993768023722,0.0247207105101271,-0.200586803114126,-0.74740984657892,-0.105873100934671,0.218035002911082,0.150011904618953,0.43356622124783,0.350302502662031,-0.442330130615352,-0.267056060227088,1.09865641165948,0.618916537711318,0.226046073846029,-0.0823535687067768,-0.947415593601439,-0.756633806598182,-1.00369268595379,-1.43525003775284,-1.01734863384817,-0.263819725708215,-0.237228911073147,-0.887056158188567,-0.103471818924925,-0.471238125290693,-0.0313969240228514,0.268084219534747,0.151630669824791,-0.276044805902656,-0.114626454549706,-0.0542022642849166,-0.0955849041653434,0.22174127893993,0.141793712782102,0.40787381411261,0.443915205947291,-0.702233681848431,-0.0514884154357123,-0.61285820352909,-0.0951433449609619,0.0010350200662661,0.2457222424152,-0.393041863600773,0.102687781677915,0.0610845838575682,1.14864720947429,-0.494194582573585,-0.631612044871374,-0.922998402128483,-0.678405851587302,-0.271398357706474,-0.294453688572454,1,-0.381427963045807,0.202660354784596,0.318797197164109,0.558124825160507
-0.0309518484163358,-0.244054552320454,-0.290903199788888,0.0209223556273891,0.420321972210788,0.119748574168625,-0.224956058458601,-0.404904419069078,0.0428680289241452,0.310615961572782,0.591774434396626,0.852844495525501,0.580750906252882,0.267259444370969,0.404332001061605,-0.259204487907473,0.312804204169658,-0.434096964872708,0.211306049417239,-0.545946790759254,0.0705488654399272,0.162335681937509,-0.418200375325393,0.0280200084779839,0.38190020971026,0.545958999875329,-0.515489689242714,0.203153962674633,0.0499985235247593,-0.13369392870734,-0.560049192878628,-0.155430771491193,-0.878658052015659,-0.236699317887292,-0.462856727183031,-0.0954973791738419,0.236036060711656,-0.931346348484399,-0.826072225818609,-0.328513938700364,-0.740135485647432,-0.905692884585738,-0.621772654537281,-0.584335490634937,0.145117054037705,-0.491790334975602,-0.454457862227408,-0.412331633514155,-0.220553160189063,-0.349058165534167,-0.382862492507597,-0.0560138086242539,0.352956761035122,0.347288277887078,0.308499610391371,-0.121857455636323,-0.358338977762415,0.173295112906544,0.985654729532365,0.672596977452649,0.974102920604792,0.187468282920216,0.679426251610668,0.0534658470944631,0.649295890919682,0.324771871850241,0.215581448906293,0.543028692467531,0.48615711959753,0.420510582661672,0.311866488051744,0.727785646912731,0.439252714527919,-0.00863679656409103,0.764799733847275,0.948018167427736,0.709125363691691,0.897393827899522,-0.811061165246318,-0.111018822239117,0.729140496796333,0.254293935581797,-0.153290705982253,0.179062220912401,0.292513774742433,-0.155351113406914,0.642556114595033,0.579300919203757,0.0419495168496414,-0.181357843020276,-0.180641821451225,0.004543673804349,0.320887481914068,-0.398215698354594,0.0377049881725562,-0.381427963045807,1,-0.251773427198841,-0.145221683881796,-0.186011718888804
0.332084464232393,0.69630964499292,1.07705358024611,0.239115953152621,0.197778423319719,0.786057900911687,0.511101105931094,0.861907139903228,1.34818653043028,0.286880934397786,-0.436905732510951,-0.628153684393312,-0.650756522450649,-0.100458776323955,-0.462387839481928,-0.109039745296157,-0.699043087418613,0.277073692919611,-0.406772817886891,0.397314001585339,-0.0311748824830499,-0.502488204775167,-0.00974033540153396,-0.185439607445288,0.496614634366201,0.45452947821395,0.287789414876084,0.218627775075397,0.525895357237581,0.628722436697802,0.522052381189381,0.0347506943891113,0.612026873944139,-0.377838654552324,-0.40135232545115,0.371286565342211,0.0754582440103608,0.623547881747852,0.415589739688761,0.492761062848323,-0.132263149840885,0.559077438983687,-0.10323540140658,0.573580616750698,-0.409560084761989,-0.166594684635271,-0.839061670657684,-0.543521864557489,0.371629733572705,0.235272110882822,0.771316912780436,0.932276686386386,-0.107504431557261,0.213459023077541,1.11495477440024,1.0117301447939,0.750301415353654,0.602822191293883,-0.499928538498322,-0.245982054260847,-0.47218948873007,-0.695286180580411,-0.226025899641814,0.122767994441092,0.00196619754293668,-0.364834544054441,-0.10556553832534,-0.66330363338605,-0.221521627145586,0.134233523826626,0.0500344741214332,-0.409075681778881,-0.191188718054286,0.253645116207041,-0.112309023032322,0.227161239890345,-0.157908951032995,-0.022893417991053,0.523808735290417,-0.439847331735417,-0.30104644047057,-0.554107904834425,-0.284060594129209,-0.138831673585805,-0.0396734009470853,-0.116025148018762,-0.274640702480447,-0.224403981261861,0.755205430738543,-0.163432517261011,-0.361563960251761,-0.1783339342312,-0.263034820900543,-0.00984427090827034,-0.287831217711419,0.202660354784596,-0.251773427198841,1,0.414237060321881,0.62562825335333
0.553432319396837,-0.0699628185574957,0.926530202278834,-0.56211067100677,-0.571737463694831,0.898909041813499,0.494312347087146,0.115463697502143,0.782820720685451,0.329722256271554,-0.73882289679491,-0.708243527132685,-1.09865402676773,0.186991879883287,-0.545807690140317,-0.347410987140773,-0.37421271141773,0.130140774014503,0.106333349240466,0.931545565679225,0.358101405995264,-0.0292073633275385,0.430880019221481,0.216894895146004,0.744981980637192,0.815314094854522,0.543509105393924,0.720341988326171,0.960762386892556,0.854569928779368,0.737664567238403,-0.30589864684793,0.400027351081434,-0.188560616334592,-0.0194502192281345,0.863587632598911,0.0269961135047746,0.799246972597099,0.469799286391914,0.939118106029828,0.441950683156776,0.758453514460284,0.454746319297454,0.565753308486327,-0.0163183014447334,0.392574287422605,-0.580489215261884,0.205620593900028,0.649828786500356,0.595462162429168,0.446974244350265,0.173244112366979,-0.608603897764499,-0.541215113163813,0.743123644059613,0.750072597373996,0.0655818068003661,-0.370317747882636,-1.06943622956451,-0.728876941507948,-0.993951957816096,-0.993789886948757,-0.878623524491927,-0.278762097031233,-0.497699660439738,-0.382676928067975,-0.0201307349989294,-0.858606768464743,-0.642029711419425,-0.344008442582011,0.064252885228344,-0.674767536819027,-0.289766324057796,-0.0385033644107871,-0.306276319049615,0.16748737660101,0.0303947926025178,0.198015614524051,0.392795123160787,-0.589366698622784,-0.25309860254989,-0.950884479541505,-0.487457159297191,-0.514006959350114,-0.0741195796257164,-0.630012086215115,-0.286090641334492,-0.295822033710949,0.720883717270463,-0.247573276197577,-0.550125340527457,-0.7069568667487,-1.01070916086838,-0.0690302791453342,-0.0680647543258877,0.318797197164109,-0.145221683881796,0.414237060321881,1,0.693073583423999
0.789549827236765,0.0231166446187108,1.15509117480982,-0.660070052883893,-0.637114157641415,1.14127983188478,0.870427591178122,0.265620255097266,0.822341054325834,-0.0308297215555328,-1.2957292933999,-1.14155542546633,-1.45183678506064,0.063179761960822,-0.736406906017123,-0.261076141852912,-0.595931183386218,0.362148878963604,0.126525072485421,1.17328857637937,0.262503459633068,-0.223000448394175,0.647992198391662,0.125831997063704,0.634127150216763,0.642872209414281,0.812808786156515,0.727789982935703,0.957073453489703,0.890604057937461,0.996571986205007,-0.444709319488189,0.845122891445432,-0.0696285875498295,0.34276217375617,1.03870876440597,0.105019457526909,1.17881580893099,0.637877787623997,1.1291682007044,0.966622438611912,1.22332242355992,0.892425338941995,1.09976220752583,0.128705103850493,0.705170451250044,-0.500729934960783,0.693336822303275,0.970017380977839,0.925616659081863,0.472852821044226,0.17168182628711,-0.666293536637737,-0.800745328518319,0.765043814039966,0.816289206452833,0.163792660307106,-0.235380637938953,-1.65001431767475,-1.12143782006824,-1.46331739826208,-1.33176692716073,-0.952779376387686,-0.0699149903284675,-0.577313893806872,-0.452457529014635,-0.0135621322668086,-0.954934805677798,-0.862472883342941,-0.45371323599987,-0.139323208866129,-1.02297775801295,-0.333486451584359,-0.166328607616131,-0.626408727978936,-0.223880701556371,-0.338506522291993,-0.067713676943885,0.823394915606047,-0.844610296027522,-0.617448448354888,-1.14873166463346,-0.549698199447236,-0.724912936547964,-0.259045703485674,-0.706771758736742,-0.490250944476526,-0.524954529120764,0.719379700880509,-0.451203196128864,-0.806123850952156,-1.09987341883733,-1.44031615478647,-0.117441152688467,-0.212743115250698,0.558124825160507,-0.186011718888804,0.62562825335333,0.693073583423999,1
