1,-0.25463945879261,0.0539999435034558,-0.223948368249362,-0.188942757337054,-0.309480619022537,0.189663356562604,-0.0565553214488255,-0.0263542975832416,0.341963487422796,-0.127868139598968,-0.204785741529955,-0.262184881076406,-0.77238781462013,0.00218887736058959,0.0269430764524773,-0.00305899045238323,-0.07032377177765,-0.63685321891089,0.0528897234081776,-0.373617214156871,0.159579721823509,-0.0384857944019272,0.261540839208898,0.0846744669173404,0.0353141341381193,-0.0226743540343206,-0.112861037062276,-0.212818900525816,0.316270412331921,-0.194998185621392,-0.291395011728337,0.507781933207752,0.0171186605894201,-0.00440726421756962,-0.0293999493802905,-0.189206020766288,-0.137163706281565,0.214914952037223,0.305214179948052,-0.00820379164503032,-0.478657158909653,0.186669667584768,-0.133605849893021,0.00660130997358099,-0.00142783752062433,0.0846329183484407,0.0338582055712159,-0.670116068815029,-0.121055534428731,-0.465932330801308,-0.0299008743217597,-0.0119867461633702,0.0107038502808267,-0.00785945967629811,-0.287867546003333,0.0090262948968422,0.116427887734465,0.168958200509785,-0.101755388102354,-0.0588673398974526,-0.262502372721518,0.209453797680445,-0.0741326056191722,-0.157177387256662,0.0148714343947229,0.136618755154867,-0.0362825096750845,0.089801909653428,-0.0278171359057915,-0.170498806810974,0.555571130174744,0.0783711497046759,-0.0411717611078098,0.191020124676844,0.1801264550855,0.213021612206191,0.0635996690572051,0.0482252660352615,0.0776402612181434,0.443811107966965,-0.0731860341968839,0.107930514422044,0.196042280468765,0.434677166012998,0.25207444267598,-0.0852158643439766,-0.162942615491857,-0.020676016630368,0.464509446365831,0.38882323677129,-0.0299194532106849,0.653223210083818,0.133785393747763,0.315729734563416,-0.127948330519132,0.184987609753716,0.0865989595393442,-0.438784684538229,-0.20475735719165
-0.25463945879261,1,0.223562727469361,-0.0921441512040926,0.202997070530366,0.195420783680605,-0.0899904297806264,-0.00746240030829859,0.0146610434582666,-0.377063378188055,-0.204706980737719,-0.0473763012332752,-0.39920322646767,-0.193930740487868,-0.509137547355601,0.0595324592921374,0.258244039687909,0.118706244258808,0.174661578785862,-0.0706006053492361,0.248049630664719,-0.0103100732873226,-0.350521037166311,0.0289958736117556,0.0273464900736455,-0.121726328937992,0.16067851228922,0.288235141167465,0.15011542918206,-0.122006108250213,0.111675962732187,-0.473718392441228,-0.263452437277675,0.283483203750447,0.198299283007072,-0.293486888750306,0.382355782202146,-0.286843472288205,-0.130535226655202,-0.0346719821393281,-0.292809672225159,0.336771682920592,-0.0810289183692731,-0.0991102227637803,0.30120453911284,0.0972303511387978,0.0406288378136963,-0.140675438461713,0.191090612670494,-0.0959347417997115,-0.558474404813773,0.0547585346940167,-0.033283551452431,0.16517256978485,0.408490942828907,-0.028768079870971,-0.0636170992563168,0.0491376714536297,-0.267142767108858,-0.324414628590332,-0.175837219272765,-0.321822068792221,-0.191412257060337,-0.341998113443082,-0.086040816197057,-0.474899914674461,-0.00800282021534776,0.0801078891721655,0.354470676019012,0.0480502749999602,-0.441003034948827,0.108775663067248,-0.166578220051883,0.196771374384114,0.00412230833562127,0.0912535179450661,0.278470297616145,-9.0428421682491e-05,0.00726791857308913,0.0368698361756774,0.259222495803888,0.423822717207352,0.472701973555879,0.499837280099989,0.433403012009957,0.513529802292804,0.377070927932876,0.537968518388997,0.182536096043179,0.0506288741328302,-0.0917405960573395,-0.275045662114512,-0.157669942523511,0.395161987464864,0.343391346616965,-0.132720908525047,0.480801601401095,0.066978781668382,-0.0768411524405544,0.0236049655234235
0.0539999435034558,0.223562727469361,1,-0.243137864415192,0.441816705784543,0.458035142655019,-0.247992174377152,-0.0249364278545555,0.175724321423156,-0.204324964677014,-0.119808479035823,0.0263519451579967,-0.38786353866467,-0.0749394874399843,-0.760999653895512,-0.0504346369733893,0.382060021170967,0.167445738085617,0.294298448302812,0.270315490365286,0.315775562243425,0.000543366693063568,-0.239488720575574,-0.0119643158686848,0.110567689911091,0.0316370839160101,0.396947730698843,0.268421328203862,0.148143095660856,-0.276118417846193,0.0242917232604715,-0.374638310585136,-0.259525830124577,0.281456854751781,0.100243474628258,-0.146289680869158,0.390429060061325,-0.190757719122466,-0.409228411006945,-0.420158890990797,-0.318243471135115,0.181246729739739,-0.197602067945829,-0.135894840338489,0.491521687444527,-0.171380322144774,-0.282370835830792,-0.18234535926429,0.154285116428529,0.0276138209552342,-0.578319397863742,-0.0853577549128605,-0.36430830041347,0.0717594960684536,0.327957305889174,0.267464020326525,-0.219532302137106,0.038128180081071,-0.186340055260923,-0.289532111540126,-0.257631334947199,-0.545626459272199,-0.228508985855751,-0.468351536816856,-0.211048604772529,-0.682861593359708,-0.0393545370316472,0.320446416484231,0.50672074855014,0.271854275387524,-0.214612029827687,0.194976382989879,-0.0194697503048577,-0.163320893363593,0.128512092022361,0.283206518423045,0.316173689555021,0.116721943248508,-0.450886943188301,-0.347666608933592,0.446329386774052,0.506240738439685,0.588643893338202,0.387878470384609,0.527506463311911,0.422087759105939,0.39886247199133,0.549361853099839,0.344972329546965,0.0580213540829533,-0.122315299762183,-0.301950529489848,-0.272411217259291,0.326636475306285,0.0347306112091369,-0.110004039925674,0.218417175383501,0.14627389299797,0.0882664765499229,0.216830487713754
-0.223948368249362,-0.0921441512040926,-0.243137864415192,1,-0.289987970859866,-0.402979692710267,-0.03587526461624,-0.147306993411379,-0.403757572516276,-0.0302126774944657,0.157645218507493,-0.0176328638085941,-0.00298609482241557,0.168137106646301,-0.273836713170257,-0.362571786255454,-0.0430711471813335,-0.214957539176165,0.19560516861725,-0.109177398211288,0.195833967673903,-0.217815492669257,-0.422509514881086,0.144471856781344,0.178602464623529,-0.533334921454547,-0.224852619770978,-0.51472758426177,0.158929882143137,-0.708275260144149,0.264876819676199,0.252361498988386,-0.341582052450584,-0.155515692425026,-0.21073221333274,0.295528491427517,0.119205632054139,0.453649451093547,0.694321142469083,0.596395791506676,0.126078415319822,0.468110351839865,0.140150495524686,0.178063874840111,0.126825832388048,0.52379292342691,0.24629652795852,-0.111040110279289,0.344290346960129,0.193249904406652,0.113837678987617,-0.131481646194457,-0.348635729315945,-0.0669394136304792,-0.461676708956767,-0.737929954618666,-0.491098644142917,-0.313756002712498,-0.032082513435877,-0.0847043509323657,-0.0848649560594216,0.108735084947646,-0.376762221811651,-0.0900530023116257,-0.145178506585525,-0.204917558228249,-0.0420331098598225,-0.300889078147389,-0.322543375848919,-0.485298316290766,0.0538673756376623,-0.473868644190896,-0.571161533499824,0.620170596872072,-0.276513182701581,-0.482319841873147,0.219412627748791,-0.562350481957149,0.561055265987646,0.776586471736279,-0.314325936971761,-0.140654265939263,0.351616342046615,-0.0750918742613601,-0.132137059548741,-0.113045987716713,0.0472140362979005,-0.0963973569073932,-0.26896348308921,0.438221787586434,0.486386667339598,0.528316944464486,0.312509178123588,0.234324738869989,0.479947712981095,0.199069286189386,0.551535637161643,-0.178320822688101,0.0155481659257465,0.0748695305095166
-0.188942757337054,0.202997070530366,0.441816705784543,-0.289987970859866,1,0.0848088431584658,0.0785222701089932,0.26555804446858,0.0616561578157266,-0.692169997277514,-0.489789625415092,-0.577409204924501,-0.739341455435367,-0.562231928980943,-0.918264168384382,0.307564653346862,0.151855277130318,0.312575150414237,-0.201605522280407,0.291594362901578,0.0135815124043321,-0.128876093834523,-0.312916616252582,0.151232501408275,-0.323594163631723,-0.369243030024875,0.336070364441035,0.298820498748277,0.0588627105724652,-0.221262972202627,0.394412758611982,-0.473885529168832,0.0452393434615591,0.405754356372814,0.499368636089501,-0.131845515531902,0.0835084965742192,-0.286468330980758,0.00358498916108835,-0.00226490391975062,0.0268168733320409,0.511704047286684,0.11540064909286,-0.248773444349896,0.556429620747008,0.119862653309771,0.0229490750151267,-0.109085343752185,-0.0719531825151485,-0.0700411844960235,-0.466214678602294,0.10424349533075,-0.497994810093668,-0.0343010100700321,-0.0195741671663537,0.106628046344443,-0.137991133393246,-0.0872568209631274,-0.668152975717817,-0.632242657567243,-0.785761890205803,-0.567292200782007,-0.748634653231028,-0.72864817949674,-0.624782325152155,-0.753643409273987,0.180551918414031,-0.0502747944398592,0.143110109736606,-0.124934906195082,-0.398569828847143,0.00273735209782323,-0.341961987662773,0.317839443003874,-0.301639507804651,-0.112646310005671,0.32751136102338,-0.111171486886611,0.103619191371524,0.106787416334756,0.267941065251438,0.418884347724003,0.912144138283523,0.49855910221985,0.654898478742955,0.756111927763112,0.2479375407302,0.446075973649822,0.200219814109891,0.560260752115597,0.201164291663847,-0.205368823758282,0.0563015638140544,0.737707692137258,0.493774917224128,-0.223982828404208,0.815545243189687,0.0854507680712402,-0.0414278816959653,0.120486884059662
-0.309480619022537,0.195420783680605,0.458035142655019,-0.402979692710267,0.0848088431584658,1,-0.0692731610712337,0.304470425971113,0.159891650147559,-0.561798822486176,-0.326254480377007,-0.162831522801857,-0.812509708525348,-0.424911716729079,-0.657967338092156,0.0486352785065393,0.311587778967388,0.289833272269156,-0.10378110430762,0.16209368599458,-0.0685571183007564,-0.0354454947899735,-0.427197573662011,0.29812234227779,0.0502225437928343,-0.192884788435936,0.0969116743062461,0.115098847883551,-0.176542529707961,-0.252130009990987,0.127171801594456,-0.563882680067158,0.355912365923926,0.517622941804305,0.434548817988325,-0.475754789220712,0.0914541781557649,-0.313737394494395,-0.0235914380514167,-0.101908675168605,-0.159866169849826,0.380221699046777,0.233151694755025,-0.470237595161996,0.297187436722154,0.0200876214687042,0.0570617134045082,-0.225901506879937,-0.382845269362365,-0.306324147489739,-0.718435590552578,0.195492698909653,-0.41867603328901,0.01208287378254,0.262213896670912,-0.0552088675273263,0.0742001390029401,0.318019493303327,-0.521814012395547,-0.499133031640976,-0.569705183571535,-0.629760784756443,-0.560825046164596,-0.805412824666538,-0.509359570274186,-0.745325998538888,0.0883962270713395,0.111813341047609,0.484095929125579,-4.39252189433637e-05,-0.613848023327091,0.441630721596717,-0.386569038390896,0.31387940691756,0.176178979056269,0.202105754992121,0.148262481391593,-0.0161259874230595,0.176364121346556,0.16125923941292,0.663466506476663,0.517048455785843,0.811808786406528,0.842080508801729,0.629414655028024,0.95238750715988,0.250654198252302,0.482297456865114,0.2473027124098,0.74300916796121,0.39642363360488,-0.249027907338994,0.0548615046863171,0.749383501348199,0.660136665211243,-0.409800647271838,0.73533725571189,-0.0483233029119892,-0.271959681487384,-0.115686104446905
0.189663356562604,-0.0899904297806264,-0.247992174377152,-0.03587526461624,0.0785222701089932,-0.0692731610712337,1,0.0787355203363616,-0.0159107422312402,0.238905890119769,0.481750620475676,0.24571294736587,0.527593519929709,0.225850207484616,0.551348443034726,-0.692480364510034,-0.18023809080098,-0.528611902686697,0.0114345496463479,-0.4156103301474,0.0744206791549685,-0.223496526030643,-0.191990049973996,-0.17786703902042,0.134338574134284,-0.470104369962442,-0.227438207133514,-0.570622615412139,-0.14287182928559,-0.246742710814663,-0.329342801450327,0.456794729858765,-0.206837247649777,-0.333208798972367,-0.403565296104539,0.130520867597642,-0.202531655018487,0.557131443041139,0.258749775492078,0.2907253880295,-0.0727544760800658,-0.0168842226181846,-0.264420892737238,0.453241505234245,-0.183210491411547,0.406161328460665,-0.0633603502748927,0.22052116743784,0.318726272792844,0.333215477758991,0.00220657712174921,0.00855376875903324,-0.124090031743254,0.145450315435982,0.12632380997858,-0.382011769397861,-0.0835717695021339,0.298546351657481,0.228297673104169,0.374312760554852,0.469769337093573,0.574196411364857,0.667642470603651,0.701672115866916,0.33780262054368,0.433860997029643,-0.0232445032024876,-0.0467897033940167,-0.215278282498345,-0.294982734381975,0.0834822860295103,-0.342965140891206,-0.100569009078254,0.306414560710181,-0.196713403262968,-0.432347416107551,0.157687160462852,-0.426578352257809,0.377603025213369,0.664492549829142,-0.140833051625216,-0.0965241122959477,-0.0781184026583807,-0.152388523574523,-0.199991135682285,-0.437772196584978,-0.135984405750708,-0.317485888377589,-0.341939892693896,0.353393877928686,0.485697649722511,0.482854976573887,0.0843712962501452,-0.223898959475644,0.0619889351802004,0.596471247280884,0.167291438659042,0.10331100688274,0.18519950400846,0.269557777621156
-0.0565553214488255,-0.00746240030829859,-0.0249364278545555,-0.147306993411379,0.26555804446858,0.304470425971113,0.0787355203363616,1,0.0641059587314274,-0.1265926502026,0.225684503811659,0.177529710834757,-0.020187677979113,0.0498041598715304,-0.256790443922054,-0.490983394645723,0.201832685192858,-0.269089301770883,0.244577178121117,-0.229234194101753,0.390122546329042,-0.157523828105778,-0.385524023233896,-0.129475923180825,0.377470864116634,-0.159877699035559,0.207298658526729,-0.0381010486065761,0.116750096448167,-0.310687488807212,-0.246269363216014,-0.0521947925094874,-0.552616710834801,-0.0806883761114726,-0.257103829279998,0.0825600519515981,0.350123866320108,0.0350991149439657,-0.21757194273147,-0.117787623311926,-0.426922620097816,0.0925110978199317,-0.505400954098563,0.331842687844834,0.408206754442023,0.148860993596561,-0.271802208014814,-0.00908548233495299,0.536860068903696,0.308535722159378,-0.467457851832096,-0.0914469788232166,-0.293046418963992,0.0353710293734255,0.223008066736284,-0.0317456875853409,-0.459701770681842,0.0487656440099346,-0.0772818211288455,0.0674158922191412,0.198511934916726,-0.025468652978375,0.207405265014625,0.215145506687058,0.217279401996371,-0.226560009438161,0.119829090295632,0.21010896070772,0.136209904035003,-0.0918811820930749,-0.0437906339341154,-0.151385743806538,-0.0798464591820184,0.129131233321575,0.0479293418749882,-0.0520208180987174,0.302589558846165,-0.190483641483928,0.0196562526329968,0.141158528116279,0.116768579852387,0.365738094630924,0.461157351872415,0.204502580976204,0.317032723240038,-0.00754684079292633,0.544261429880946,0.255422232348042,0.113941755500998,0.170873729739341,0.130622981160384,0.0101504996600394,-0.218525571506955,0.0402276794664304,0.0552417320821137,0.399200053562091,0.318398267728252,0.187873793232907,0.461303103314033,0.455130232013868
-0.0263542975832416,0.0146610434582666,0.175724321423156,-0.403757572516276,0.0616561578157266,0.159891650147559,-0.0159107422312402,0.0641059587314274,1,-0.362865187952943,-0.205506737431637,-0.0836246353650751,-0.396706498004831,-0.274473974065633,-0.455086113089233,-0.0287552418432071,0.170762961703252,0.0480210357916951,0.0738554213261287,0.0896327006867528,0.0556438972845048,-0.00535513114895481,-0.265865293313758,-0.114228206686887,-0.0843613669057174,-0.108795734562335,0.359579306118339,0.133912505425274,-0.0383033812261709,-0.357547760425501,-0.121801198846969,-0.16329432471832,-0.144860705089919,0.202558084403038,0.109928846645698,-0.111360938930414,0.171054538462161,-0.113025373128844,-0.180447665315907,-0.205989622391393,-0.248139639680993,0.0303199028664818,-0.271823318828029,-0.0183613394330342,0.452603017828957,0.0193699919341568,-0.0564320695818704,-0.0446228885418532,0.0969266967329877,0.0849607219445744,-0.57915493053194,-0.0645496565668944,-0.288172398250919,0.0674955305194781,0.110391833985147,-0.0973473215096579,-0.150150376649798,0.0739204284689253,-0.338083281359454,-0.328103101101478,-0.223780940884342,-0.150575424391199,-0.17994659090714,-0.287031570305467,-0.186085831565242,-0.487721209043671,0.135647996292211,0.214422349321977,0.318610020762878,0.0119135188632644,-0.27690561267245,0.208178146232832,-0.0391395930062218,-0.0581884352074508,0.139886726231228,-0.0250852289266821,0.200497563776362,-0.0884726891837314,-0.0536335307157517,0.126613873619167,0.29129690182864,0.482747002517173,0.526816184963061,0.427069266899596,0.507470252307082,0.42934717050143,0.265889647413814,0.336701687216331,0.159962105668349,0.322433648657758,0.21940013286766,-0.0470825812097748,-0.179847036930536,0.218381953288938,0.021152082171308,0.0167159991398651,0.373187662110459,0.207251122028157,0.152567040217923,0.193085648756346
0.341963487422796,-0.377063378188055,-0.204324964677014,-0.0302126774944657,-0.692169997277514,-0.561798822486176,0.238905890119769,-0.1265926502026,-0.362865187952943,1,-0.171337324823007,-0.526871455122411,0.136145943297459,-0.700233919113242,0.425500363794419,0.107026193083952,-0.406255605298683,-0.113289186901893,-0.602311581600818,0.145204778642493,-0.503326258337968,0.131990840702148,0.394275238726013,-0.0596198783571181,-0.507344094005106,-1.03755580131461,0.294868270347299,-0.179721971450343,-0.641400479811827,0.45803984290392,-0.303078875189441,0.522280801464709,0.233108536856845,-0.149467643261426,0.303956738035719,0.483121318552574,-0.658237594897327,0.796699166442955,0.809334060283701,0.451479075091768,0.841453230443274,-0.118739861426133,0.530168063991791,0.351039991936764,-0.232092619703911,0.841598347554327,0.758346975262607,0.805208262893967,-0.248322640843298,0.0179071589779766,0.382269671508754,-0.332665501420636,0.00792652950569006,-0.194474646262828,-0.640050942197339,-0.474294365281444,0.0951463620777667,-0.11523289273154,0.0935275826346562,-0.254636765483381,-0.378958312005163,0.135155045748244,-0.318175149374448,0.429198264519285,-0.0344502842697929,0.464761847914388,0.236645531234078,-0.432994873058868,-0.788097531223503,-0.574344484653235,0.114717954637519,-0.380138657709218,-0.0512119141971246,-0.116618923448623,-0.52580939582017,-0.851246429676365,-0.623911879531974,-0.529096354754292,0.591713486485245,0.664634142914327,-0.657228935378888,-0.682668123302272,-0.587609129720697,-0.675442125096762,-0.461058334596999,-0.503083998792724,-1.01269623747576,-0.725640053831802,-0.723758579027208,0.19956576156183,0.106551242710695,0.414128800496774,0.131613604359734,-0.308033003038754,-0.112051001337118,0.285447428157873,-0.00914293215525269,0.182456390466697,-0.302715924384745,-0.701009660255124
-0.127868139598968,-0.204706980737719,-0.119808479035823,0.157645218507493,-0.489789625415092,-0.326254480377007,0.481750620475676,0.225684503811659,-0.205506737431637,-0.171337324823007,1,-0.126296983423763,0.197878389854061,-0.0192653575543431,0.473348993253948,-0.0586988784491817,-0.412408702036873,-0.353702162215839,-0.345861592406352,-0.340242887558466,-0.179645534420264,-0.402429082828564,-0.224053882231307,0.0790906926892275,0.064500692675425,-0.663011255572954,-0.15043968318934,-0.412060840502431,-0.0505080201103969,-0.169777632910161,0.0756578940009308,0.435922234342125,0.0831346680532499,-0.190384003198591,-0.15606564452155,-0.0148454111309864,-0.178849048071386,0.563971664418338,0.456432720649291,0.41125790556752,0.334678781231813,0.17239578192645,0.199983729331361,0.503722708504734,0.0172865058724276,0.771485862402086,0.423657270377355,0.456320612553359,0.0251293629043193,0.321993425898041,0.184198297306773,-0.049388861568713,0.177001208114555,-0.0350007704534808,-0.425039192862057,-0.539351611249785,0.0220140587910339,0.128339966924325,-0.0778841109303614,0.136093517031136,0.0912977264147515,0.183754178148129,-0.0160472832901468,0.149313056309734,-0.179772501020311,0.282147113590133,0.0261496166660902,-0.833236650257017,-0.647700706374568,-0.643292547522131,-0.23570751520173,-0.759685660449674,-0.521884633861761,0.311913184720327,-0.408379635609739,-0.657373577148089,0.154829306832005,-0.615469147469973,0.645252740059878,0.680212836418001,-0.463779087494973,-0.258009104426,-0.111043795795768,-0.38124311248695,-0.632984631493658,-0.272101739541907,-0.359126575853576,-0.463210108883287,-0.448396507882264,0.356785304759212,0.317069584889925,0.375228594033761,-0.164139287267103,-0.194724629795846,0.259524688108704,0.392056420557419,0.467069684159527,-0.058671929371059,-0.0802675016486696,-0.131127514137776
-0.204785741529955,-0.0473763012332752,0.0263519451579967,-0.0176328638085941,-0.577409204924501,-0.162831522801857,0.24571294736587,0.177529710834757,-0.0836246353650751,-0.526871455122411,-0.126296983423763,1,-0.0672435582916087,-0.0236873818984698,0.0325827133186515,0.439223424292583,-0.0228544573720356,0.152444612898108,0.00832286968093132,0.30981476641177,0.145477371489004,-0.130366429267156,0.236337049987889,0.281762370324205,-0.15481435096723,-0.341203354541077,0.400430123186487,0.235369723022947,0.0143491966551958,0.118871743771151,0.271633615876489,0.217110433438576,0.0541580374196867,0.0832738462199122,0.31368612610022,0.0512926278210089,0.00681441069238609,0.288461602458409,-0.0317337210955858,-0.132707841220214,0.177244804721215,0.282420045258298,0.155816435062917,0.0733172388517188,0.160608716614092,0.275657480943522,0.242456142266512,0.250429507986046,0.0637052952701963,0.0896164425634244,0.0346252472277443,-0.0216822870934507,-0.0508770860140711,-0.172964447417549,-0.502372690990024,0.0910651938128192,0.33578585069062,-0.0527296938456226,-0.342799209635823,-0.26305267546272,-0.186006475185926,0.0514686370793984,-0.510784431896275,-0.164489941952322,0.0273794097011049,-0.180880306767763,0.0428367749915845,-0.141300427638159,-0.354572181980274,-0.266775118742398,0.226767879933764,-0.396257435019648,-0.123702010028018,-0.125456787734653,-0.0223486531380596,-0.23114608924111,-0.242754326235494,-0.289080162124383,0.163787690311002,0.0608079772735979,-0.371098724870349,-0.1438281981603,0.028462342882933,-0.14341400768155,-0.312081319850916,-0.0668699114779873,-0.314688725103924,-0.002631422923005,-0.115996264159774,-0.0791708314292502,-0.325476370833466,-0.0625777922710411,-0.450667717085123,-0.00377010811379014,0.0601113697753343,0.0638779036945575,0.135918022100347,0.0276000561755726,0.316814444115746,-0.130875090295275
-0.262184881076406,-0.39920322646767,-0.38786353866467,-0.00298609482241557,-0.739341455435367,-0.812509708525348,0.527593519929709,-0.020187677979113,-0.396706498004831,0.136145943297459,0.197878389854061,-0.0672435582916087,1,-0.504967647148623,0.258709144260707,0.00972794179859249,-0.160644948146426,-0.31037457120215,-0.432256302075233,-0.404522167735303,-0.220099374038903,-0.0448792745087513,-0.279083742953688,0.275774120367541,0.171367115221313,-0.573124084590438,-0.148495680763034,-0.297782828713027,-0.327999521437922,0.198844777658908,-0.0894064277642428,0.268676294268519,0.189201221769171,-0.187527321786337,-0.0985286465766818,0.13638971620243,-0.259175722361274,0.468899475834393,0.690631553672146,0.39721567007689,0.185443272311281,0.0623243026495451,0.265998951896405,0.209855917261179,-0.109916061749012,0.693931334652306,0.446232719639914,0.23951055067714,-0.293668284982082,-0.192751546142302,0.0618915945617396,-0.15763595447484,0.19807107439598,-0.117937806083323,-0.528284204983824,-0.841876223479644,-0.0587041584482575,-0.10569893859869,0.295311645581945,0.197042389790436,0.263722934521175,0.0707575494390035,-0.0631909708619217,0.218024961607447,0.249232959459588,0.252101297150446,0.131907336331818,-0.473219777018618,-0.485837917980788,-0.661535544015228,0.114167413663625,-0.103369831145627,-0.329005579250112,0.266995945235952,0.0421139226689791,-0.327732671079541,0.134958760957474,-0.539403197095541,0.695001876569208,0.844536504145438,-0.290905219563043,-0.557756957581948,-0.122385281363274,-0.129289233807667,-0.369639280669163,-0.133500275447675,-0.406576049433674,-0.365432077105051,-0.604832202676693,0.295257230995056,0.441210019357722,0.371076034419993,0.381796700931723,0.0406026247794674,0.443027195160894,0.118200561081966,0.496568581889287,-0.275304590921141,-0.404723427774681,-0.533858272275514
-0.77238781462013,-0.193930740487868,-0.0749394874399843,0.168137106646301,-0.562231928980943,-0.424911716729079,0.225850207484616,0.0498041598715304,-0.274473974065633,-0.700233919113242,-0.0192653575543431,-0.0236873818984698,-0.504967647148623,1,-0.295749716466429,-0.00312256227021404,0.0998364588807174,-0.118220742881732,0.10986950542079,-0.0696682539726556,0.301551498497508,-0.187857917790102,-0.430577620418907,0.604393179297062,0.212698841988646,-0.431599490661977,-0.0352725545601824,-0.0471590119671631,-0.196766494050165,-0.207164511725372,0.515385399018272,-0.0144621771815131,0.234920047170235,0.123903785991923,0.284575204611155,-0.153149483920862,0.0272648138989415,0.0561342469180578,0.302400673719423,0.105831334566353,0.0580260428802601,0.71627653733535,0.462456700739543,-0.0107485935714504,0.174164067911263,0.559581334033378,0.461229250602102,-0.202883644647013,-0.0506345923675365,-0.224961248136156,-0.032055813770083,-0.0156618732527668,-0.263699025127452,-0.235551619504649,-0.283638639348496,-0.320447440364104,-0.165191653480558,-0.130612351487759,-0.445984881639783,-0.145471141293648,-0.234743848013129,-0.242164609691933,-0.587673565212292,-0.438771471132298,0.0155094877086964,-0.370692055042757,0.0612847351186435,-0.332001770172279,-0.169291017784161,-0.448552350971302,-0.0499236944263251,-0.382160908355685,-0.713929603602792,0.422764147394772,0.132300303960757,-0.229052917938997,0.0278189223642872,-0.533481324448237,0.517564870021737,0.505431328106685,-0.0885055875541215,-0.0306494435166563,0.398574900713103,0.347589680197418,-0.262948980172403,0.30566026729884,-0.0277441537782908,0.0815036936477968,-0.269054255105663,0.320547606445734,0.261780472215469,-0.0124207418226246,-0.153422018133822,0.49029496226317,0.72912994899326,-0.188662485288989,0.674844415854757,-0.404340431783912,-0.0337201655959046,-0.338973737474517
0.00218887736058959,-0.509137547355601,-0.760999653895512,-0.273836713170257,-0.918264168384382,-0.657967338092156,0.551348443034726,-0.256790443922054,-0.455086113089233,0.425500363794419,0.473348993253948,0.0325827133186515,0.258709144260707,-0.295749716466429,1,-0.356802323484542,-0.186303290685222,-0.337086069862025,-0.366153468868904,-0.263547226739972,-0.0251628022069409,0.0356496615463976,-0.0225618024871068,0.0340181266144843,0.23772073028687,-0.653343004609857,-0.24254089258807,-0.731471843821215,-0.214583412541055,-0.0667682466629542,-0.276047313820856,0.352006636112235,0.296335411669094,-0.191848616907358,-0.27354831233462,0.511328937118388,-0.310799673476767,0.633318288896893,0.934898977466362,0.540401557705145,0.448837492931448,-0.0643426591756351,0.147706316312815,0.26146722669602,-0.24024514532145,0.711802902564518,0.611825785101985,0.547436535930716,-0.13738228329251,0.168091205766817,0.103716711866877,-0.358784196575124,-0.0138198904182746,-0.346335162457214,-0.576143460172513,-0.576165705995608,-0.461043732968371,-0.245107521053555,0.345909052767677,0.469211936369395,0.295640693182045,0.274414993188995,0.0538455996385586,0.269553157654183,0.23303921166013,0.0616392530028538,0.39605606833189,-0.50519145025436,-0.385877878404898,-0.497795283156654,0.238989449053713,-0.461993017264051,-0.402226613879057,0.276916805480343,-0.163032273983883,-0.697992833632244,0.358523882263414,-0.693515567804487,0.687925497678038,0.898964313686088,-0.346075081349314,-0.302366828255391,0.0318658577976977,-0.132347287332144,-0.452468617983715,-0.255061482545311,-0.250397478644109,-0.327724530142798,-0.398534599730053,0.522929227717067,0.832110308935358,0.73036056665495,0.254589636289684,-0.107671774921172,0.0409709804269937,0.269260123473433,0.229226994283333,0.0435131470095752,-0.145200910265271,0.0280265991833719
0.0269430764524773,0.0595324592921374,-0.0504346369733893,-0.362571786255454,0.307564653346862,0.0486352785065393,-0.692480364510034,-0.490983394645723,-0.0287552418432071,0.107026193083952,-0.0586988784491817,0.439223424292583,0.00972794179859249,-0.00312256227021404,-0.356802323484542,1,0.391202428439213,0.286045507763349,0.254295997385177,0.00020484207074456,0.238120509867048,0.27346245834199,0.121678800584401,-0.189021708380948,-0.161754748400013,0.51214444000749,-0.21716547778053,0.31167631237713,0.0727910534118117,0.241359760310895,-0.0388214921205596,-0.403866991146872,0.0480966900356875,0.37734415149701,0.154284399643034,-0.172164931960252,0.726636350172531,-0.202517161262366,-0.259623766243835,-0.240658081525964,-0.182434631144686,-0.0963234658819857,-0.287902882895306,-0.611549617763016,-0.371181272105936,-0.542838528403628,-0.28697544181913,-0.29748340276763,-0.0456678993037944,-0.270267872887227,-0.302042449514741,-0.15906023598101,-0.0531933159913623,-0.00115061462437234,0.347122199715484,0.236980096599799,0.207757318614215,-0.299645289546292,0.112412079003954,0.0582834712183196,0.551215799043199,-0.0528122503594086,-0.0114355949815761,0.0745219946676359,0.23898343391697,-0.0935307010941094,-0.0113107297855496,0.755124879406211,0.627718566572131,0.494639221753771,0.150322922373772,0.76529361338548,0.63398309472388,-0.319400494638146,0.445150436147498,0.654127588459468,-0.0527189645760321,0.783973179043285,-0.513255092148159,-0.668051715921411,0.568441960783713,0.494394949126664,-0.0135466563908944,0.485433899156358,0.493715574133595,0.391790221446719,0.307259561185094,0.407564202352596,0.357712361234361,-0.381070833613142,-0.337119665371642,-0.230235219159579,-0.0682120909723473,-0.125575340126097,-0.539533063325157,-0.441142165516228,-0.458373700502049,0.0364370815771484,0.0679125562246121,0.0993241100657394
-0.00305899045238323,0.258244039687909,0.382060021170967,-0.0430711471813335,0.151855277130318,0.311587778967388,-0.18023809080098,0.201832685192858,0.170762961703252,-0.406255605298683,-0.412408702036873,-0.0228544573720356,-0.160644948146426,0.0998364588807174,-0.186303290685222,0.391202428439213,1,0.261782861843251,-0.0300310124338061,0.22636856776978,-0.178079487595775,-0.151190496201964,0.0894154349532155,0.0832526463474154,-0.223106626252398,0.376510784431011,0.0881720819412335,0.536079038361147,0.260358231554423,0.159361925996191,0.485384499210215,-0.214471566890184,0.34886954028239,0.196632848866315,0.410931189879759,-0.373682646443947,0.336562105374394,-0.294462971918698,-0.488413535525155,-0.537676301356194,0.0229882053443274,0.151224348433081,0.0247068158715839,-0.200184515396454,-0.00769045156418588,-0.390507805450013,-0.17976921710552,-0.114228277921266,0.00777671467795321,-0.173151772372188,0.0970773203735099,0.239768923558821,-0.130587997619371,-0.0854048818540606,0.181437093006471,0.723098794455496,0.54148468808122,-0.00645916683353842,-0.383867224042112,-0.392869080978351,-0.174474539614547,-0.0994174381814461,-0.338748659397197,-0.344458298180422,-0.208999292547594,-0.114768751412392,-0.101946838540835,0.211171042736033,0.134312132333418,0.206165612335718,-0.165742869022807,0.00135938913440292,0.0893237662890811,-0.427650071978664,0.111854522132741,0.402290043151438,-0.267132542026109,0.271443650309161,-0.345698908779216,-0.710155059587829,0.180914154546178,0.327257931048298,0.033948415315586,0.14655226586054,0.013915369462389,0.333656105801308,0.152081206425214,0.315652104876011,0.258900181427007,-0.251117341778653,-0.420757174921652,-0.459529562973496,-0.420974674474706,0.152360958463102,-0.178463681001855,-0.143698947753365,-0.145228919647779,0.112385198661485,0.306425588735245,0.105232578003589
-0.07032377177765,0.118706244258808,0.167445738085617,-0.214957539176165,0.312575150414237,0.289833272269156,-0.528611902686697,-0.269089301770883,0.0480210357916951,-0.113289186901893,-0.353702162215839,0.152444612898108,-0.31037457120215,-0.118220742881732,-0.337086069862025,0.286045507763349,0.261782861843251,1,-0.00758799895418355,-0.0222352202298741,-0.0972660789479423,0.208178219564489,-0.00214096303142453,-0.0823568721018885,-0.259154032969956,0.726672848504512,0.378302805853684,0.801032866412764,-0.00516939550151715,0.504435023637329,0.189328370456515,-0.373040467480009,0.345490462541958,0.280977986190985,0.488318209818047,-0.421436545790266,0.633838248552636,-0.381916179442798,-0.573538204447709,-0.832407906118651,-0.129264316965288,-0.0924526390304462,0.0354996867741478,-0.272221014221813,0.156057923374644,-0.467226035373181,-0.185674722975316,-0.365768527933556,-0.116668279463014,-0.347843111425372,-0.407405696802717,-0.125876056515279,0.00200826255935244,0.00550586285376958,0.421065913176921,0.524135100423206,0.136074410580873,-0.178072681309249,-0.195873040377524,-0.277706814429758,0.0868250318620896,-0.312631473031966,-0.0481214258418615,-0.183087325122597,0.0872552833360477,-0.0848245443562826,-0.316301996070219,0.628904177059375,0.478571788000273,0.363704422288293,-0.0461683381179805,0.561848017883452,0.415932813825869,-0.864341603223875,0.399000495513364,0.769372066760945,-0.337801795604293,0.713792170717434,-0.661832148394118,-0.872667067578593,0.57622683087344,0.42907622696521,0.0112062526764468,0.23350662848194,0.408370162048004,0.263696265682574,0.283786688305227,0.397493698442882,0.0440809911937593,-0.504168620260045,-0.549368156952787,-0.519900750470214,-0.329375258653104,0.0612544634886559,-0.466177297755867,-0.31880471050888,-0.363025715433416,-0.0906295641414961,0.0424964201509207,-0.13432694682732
-0.63685321891089,0.174661578785862,0.294298448302812,0.19560516861725,-0.201605522280407,-0.10378110430762,0.0114345496463479,0.244577178121117,0.0738554213261287,-0.602311581600818,-0.345861592406352,0.00832286968093132,-0.432256302075233,0.10986950542079,-0.366153468868904,0.254295997385177,-0.0300310124338061,-0.00758799895418355,1,-0.0419706533896838,-0.0328408185378659,-0.157183201028758,-0.353979869893214,0.472371306801508,0.00850226537454599,0.0271576337945018,0.00795860871824,0.375156832932152,-0.0353012205322903,0.0254283449329229,0.82943800815273,-0.134404745167457,0.303460226498992,0.271748281800019,0.520115368951325,-0.445142701712402,0.337865675460304,-0.0789548194847033,0.0453050289872992,-0.092708283487541,0.0336587089405926,0.692845243083957,0.579328540354493,-0.285517755147735,0.115075374379647,0.174643504157364,0.373708703742141,-0.36618482674972,-0.111637305463889,-0.285872147402691,0.0166426978877025,0.307442805172348,0.0698924901196283,0.0524190634918752,-0.0423969518876313,0.107859222670695,0.362566817323087,0.118392769948201,-0.471442873259812,-0.350524617499416,-0.219935130709023,-0.271354641833786,-0.7029472908885,-0.805723074495096,-0.273665320828528,-0.40354641808544,-0.276969510299257,-0.272663801044489,-0.0451590426074129,-0.255899391883426,-0.315537425184304,-0.191235200021121,-0.550408596453145,0.163422417709705,0.0878302421796783,0.1983137814087,-0.157793853112772,-0.0649327530571451,0.0533360248249291,-0.0879648980750074,0.0704796955586408,0.133080767968323,0.301798474238513,0.36477971814888,-0.188085740413515,0.438629861054688,0.0944840962794318,0.347057219938697,-0.080380096775418,0.0303700201487408,-0.231760967053484,-0.2293457897285,-0.208236899754576,0.514859335773609,0.518473831514637,-0.364212915855952,0.40369678576273,-0.447651224996151,0.0253834872469781,-0.282344647147327
0.0528897234081776,-0.0706006053492361,0.270315490365286,-0.109177398211288,0.291594362901578,0.16209368599458,-0.4156103301474,-0.229234194101753,0.0896327006867528,0.145204778642493,-0.340242887558466,0.30981476641177,-0.404522167735303,-0.0696682539726556,-0.263547226739972,0.00020484207074456,0.22636856776978,-0.0222352202298741,-0.0419706533896838,1,-0.394692299021094,0.136429742645664,-0.206397875105322,0.0559966018498582,0.0803501436323014,0.576865959537677,0.0303116774007697,0.259638652492594,-0.174848990010353,0.0490280495751698,0.0997877613485388,-0.334866318472788,0.471686577574082,0.227574287673207,0.208610448159472,-0.426932849061748,0.441405306034072,-0.434580270513514,-0.395538401066056,-0.668228562317116,-0.284200388859255,-0.246482662400452,0.0957444283389614,-0.353338119423902,-0.114138530837987,-0.521997558253065,-0.190773554167293,-0.499046470326376,-0.315240417220268,-0.513518794917266,-0.284191567629808,0.0711141090426259,-0.0519037549512763,0.126692119743251,0.559612069794584,0.356473284762006,0.260239143516445,0.0469051522473838,0.0192777779888755,-0.270564257322578,0.11670314150722,-0.371765361327555,-0.097783294510549,-0.237196478574717,0.00855101660755196,-0.172942349073902,-0.0458525428501378,0.684635580172782,0.637863906306555,0.471284747998285,-0.260300096048499,0.719475712908639,0.259548252888094,-0.500544642160147,0.652554525825456,0.680876195073459,-0.621372293937663,0.351161094018516,-0.406175232871818,-0.623919287690563,0.698276182045993,0.535693847630684,0.0360064009828664,0.456729636384605,0.213494037955841,0.499057002069875,0.323395346719925,0.197220523724531,0.210305405898227,-0.0981051020408351,-0.0921856054743366,-0.366138990440292,0.146527035895989,0.00616352020616628,-0.284528562926273,-0.218950135635786,-0.396922299216358,0.0743099223817574,0.0197168187352679,-0.112954622709353
-0.373617214156871,0.248049630664719,0.315775562243425,0.195833967673903,0.0135815124043321,-0.0685571183007564,0.0744206791549685,0.390122546329042,0.0556438972845048,-0.503326258337968,-0.179645534420264,0.145477371489004,-0.220099374038903,0.301551498497508,-0.0251628022069409,0.238120509867048,-0.178079487595775,-0.0972660789479423,-0.0328408185378659,-0.394692299021094,1,-0.362845265624977,-0.395676616945475,0.10238099609304,0.0303284954394155,-0.0397321683191232,-0.320039434935419,0.0989935477644625,-0.0537738188012892,-0.313771989903128,0.661573428246641,-0.0983370223295057,0.235834053721357,0.102759290426869,0.170146394956433,-0.47956858434032,0.322672164173826,-0.0620004353844236,-0.174301512047693,-0.232120259000309,-0.118833033362691,0.40317480455165,0.0509013107345103,-0.0462199289313361,-0.0982335782177248,0.064126129865184,0.0298223573415487,-0.252603693961414,0.0883052278493117,-0.109325714645614,-0.0553659528205238,0.388285132134797,0.0755406884740702,0.200711996954406,0.0573750885976037,0.208911845584857,0.703535116700199,0.203080266773914,-0.354136799814733,-0.2026871432074,0.11539729147786,-0.0266892927889355,-0.37049500020721,-0.442805449844784,-0.227761495381337,-0.131300500620869,-0.212251413411989,-0.265389233381623,-0.0517501094193562,-0.242834230402561,-0.337025499308474,-0.357389306921485,-0.421426738873969,0.0663846832173764,0.0112887042734851,0.0648608656749559,-0.0540349557659505,-0.23102234970364,0.0354276361475369,-0.212933920490105,0.0283038831078279,0.282614546670215,0.230237642868512,0.299018454879288,-0.337809741628808,0.381922863507223,0.0403115416319546,0.23877384662167,-0.0694738632708975,0.0487722341574007,-0.0754550939052935,-0.143511182139312,-0.294079964030918,0.244959079275608,0.127654673270005,-0.0503768672576074,0.272978960242019,-0.211716660820002,0.211516340293261,0.0479402162199531
0.159579721823509,-0.0103100732873226,0.000543366693063568,-0.217815492669257,-0.128876093834523,-0.0354454947899735,-0.223496526030643,-0.157523828105778,-0.00535513114895481,0.131990840702148,-0.402429082828564,-0.130366429267156,-0.0448792745087513,-0.187857917790102,0.0356496615463976,0.27346245834199,-0.151190496201964,0.208178219564489,-0.157183201028758,0.136429742645664,-0.362845265624977,1,0.376208195944491,-0.43519803567202,-0.550347998886405,0.0194583403403604,0.142199504018479,0.285885801511497,-0.363043336411421,0.369749367901233,0.0656526159522628,-0.0296897094263409,0.248426347277178,0.100226140949881,0.316188912662282,0.0496149892079098,0.0333994051520795,0.0850194158655903,-0.0143236464974932,-0.234611895434866,0.407812357333511,-0.164016765706598,0.149655270523201,-0.268313650500896,-0.361910037874442,-0.216008407588212,0.194266586853887,0.040711196129414,-0.335548956413258,-0.279480264892785,0.504359968827299,-0.214177816496115,0.107044401222038,-0.00651054175273302,0.0346256779813248,0.30472418475606,0.364331482959269,-0.175316496836575,0.21375278401095,-0.0165966211448756,0.0296878408150855,0.0690322997361177,-0.145199433683162,0.135534947439632,0.270307636203282,0.161159009527004,-0.0429728228289041,0.3448643799521,0.0322269744775568,0.171484079490275,0.229915434718447,0.275374278323327,0.488913474611333,-0.593112388020677,0.0339028536512749,0.115671614050416,-0.387244938314422,0.270426724198938,-0.17493249636565,-0.380084515080627,-0.135068727420492,0.0148175075189608,-0.395882038198797,-0.204758757304335,-0.1775478277427,0.0673103646352633,-0.36023573465434,0.0127440664079506,-0.0724424571475012,-0.437482528008343,-0.397996860611238,0.0081297653499347,-0.0816205478744336,-0.355958587447226,-0.654862103419491,-0.273603344163225,-0.601836835075879,-0.0139342989776807,-0.0259892496661125,-0.272383037515074
-0.0384857944019272,-0.350521037166311,-0.239488720575574,-0.422509514881086,-0.312916616252582,-0.427197573662011,-0.191990049973996,-0.385524023233896,-0.265865293313758,0.394275238726013,-0.224053882231307,0.236337049987889,-0.279083742953688,-0.430577620418907,-0.0225618024871068,0.121678800584401,0.0894154349532155,-0.00214096303142453,-0.353979869893214,-0.206397875105322,-0.395676616945475,0.376208195944491,1,-0.0986742404661638,-0.150513363299496,0.115742558898438,-0.148149363351913,0.0120892889153812,-0.584590313057075,0.390685917657865,-0.0257392236627039,-0.0224311573882232,0.771528976763878,0.249832272808657,0.343439254172859,-0.201479537823572,0.0734824939602657,-0.0382249126233125,0.17787491248515,-0.289809115692289,0.143342081208906,-0.174586505808643,0.278459339997062,-0.50283408856588,-0.547301449962221,-0.17875847008592,0.241797581621445,-0.106915658214113,-0.795965175914412,-0.745162272907655,0.207332666510213,-0.444800885105158,0.135574331850231,-0.0162269316198401,0.0793156399317534,-0.0674745479757785,0.289964571025148,-0.214857081177233,0.40634125709017,0.143777350220587,0.363258193848883,-0.210687728446184,-0.171288073946005,0.00355390621115209,0.447842806958155,0.0855729785299966,0.0903756039151195,0.315568741411645,0.323903609884326,0.165830850619575,0.18135606504461,0.634282933393631,0.271044760549899,-0.437750495801072,0.524830096208246,0.345699429271175,-0.365486949126798,0.23279525698578,-0.159084891087927,-0.123747036373848,0.391856838407081,0.0577312417349191,-0.31416026332277,0.218970295872378,-0.0684966368004485,0.190452829042849,-0.287391708640453,-0.0662177140591456,-0.206867591597124,-0.241797348844827,-0.0127190569809946,0.0240064857047458,0.119101350289821,-0.358304930542356,-0.478282033840375,-0.457118254264486,-0.465458535651635,-0.119901542661931,-0.39504285871965,-0.513998966554804
0.261540839208898,0.0289958736117556,-0.0119643158686848,0.144471856781344,0.151232501408275,0.29812234227779,-0.17786703902042,-0.129475923180825,-0.114228206686887,-0.0596198783571181,0.0790906926892275,0.281762370324205,0.275774120367541,0.604393179297062,0.0340181266144843,-0.189021708380948,0.0832526463474154,-0.0823568721018885,0.472371306801508,0.0559966018498582,0.10238099609304,-0.43519803567202,-0.0986742404661638,1,0.117163572501229,0.39383866369412,0.155642282306727,0.164912525169357,0.469134040635298,-0.42147718219255,0.166384806112702,0.00882478161277925,-0.389725708629738,-0.131793702164801,-0.428834221880371,-0.291079783901686,0.536947796833851,-0.0827974559899162,-0.621026566037429,-0.501251052048668,-0.286016358865206,-0.184551811133952,-0.393522720322977,0.410388296236112,0.214027483493191,-0.333839578996672,-0.493018291364881,-0.0481332128127918,0.808758262171281,0.486873467020424,0.083939110072124,0.0864885751638296,-0.0625283880222199,0.0317978906058344,-0.0059723479178721,0.273698724565566,-0.0732601959605878,0.00697425619942611,-0.0930152661089871,-0.148697671055047,0.270894919752375,0.285192498860395,0.0585509061441979,0.20993670367793,0.0865487011245336,-0.162661027642622,-0.153125207044584,0.442611603217168,0.285906876254045,0.300126589431971,0.104314552069645,-0.28404056368991,0.10838761333889,-0.273746505624385,0.245644785420903,0.237181815956217,-0.442401075802124,-0.103095297358547,-0.326985704146473,-0.594567153125756,0.00159344382139831,0.637354194195869,0.16011995752565,-0.0565611589900626,-0.121733770121155,0.00098637292475505,0.478870317542607,0.254076342656489,0.395516679721911,-0.167664205153124,-0.295647581460446,-0.151829263702758,-0.345261353201586,-0.147669246910317,-0.297792711325088,0.636609710156387,-0.165872919884719,0.48592618545463,0.820338903003763,0.699391121957696
0.0846744669173404,0.0273464900736455,0.110567689911091,0.178602464623529,-0.323594163631723,0.0502225437928343,0.134338574134284,0.377470864116634,-0.0843613669057174,-0.507344094005106,0.064500692675425,-0.15481435096723,0.171367115221313,0.212698841988646,0.23772073028687,-0.161754748400013,-0.223106626252398,-0.259154032969956,0.00850226537454599,0.0803501436323014,0.0303284954394155,-0.550347998886405,-0.150513363299496,0.117163572501229,1,-0.565747468834438,0.293809967604453,-0.0316926633879053,-0.0301126617309927,-0.283008448139415,0.104951715533633,0.322082709911954,-0.133663603761164,-0.236596412301311,-0.0386501899685534,0.0674015588362676,-0.191374168321861,0.475763966036336,0.00832983365973133,-0.0529753095006468,0.22951223885711,0.297953392789574,0.0864851319530689,0.699490026966495,0.379198336392401,0.579905756257804,0.0567832212312881,0.442168662659641,0.504068956101528,0.520874912655788,-0.124256047535557,0.128485782136102,-0.306809560799716,-0.213379176859875,-0.455521018168158,-0.0548274401933307,-0.0216723655529927,0.0665431763508439,-0.471829514733971,-0.363413445031852,-0.277271236053454,0.209078866531678,-0.243467454183273,0.100290696261127,-0.290496209878249,0.0336312717720369,-0.068252210868883,-0.2454237176016,-0.504589512908782,-0.502582922272818,-0.0175739242631193,-0.935163975450532,-0.481799449836791,0.0288402130041509,-0.391740068463142,-0.562819942903169,-0.398443700076096,-0.68254099031764,0.373394008427543,0.239099256252946,-0.428173144295922,0.0454050781310351,0.217634007306753,-0.366999557313486,-0.380475152415793,-0.164228651431773,-0.236023654731383,-0.157910215571781,-0.348708713335423,0.357372769483165,-0.052023754222889,0.00447291977878807,-0.424785000152312,0.222057246742379,0.209855229364635,0.687679717126695,0.503746204840834,0.256743892716525,0.527794869204599,0.183257856995292
0.0353141341381193,-0.121726328937992,0.0316370839160101,-0.533334921454547,-0.369243030024875,-0.192884788435936,-0.470104369962442,-0.159877699035559,-0.108795734562335,-1.03755580131461,-0.663011255572954,-0.341203354541077,-0.573124084590438,-0.431599490661977,-0.653343004609857,0.51214444000749,0.376510784431011,0.726672848504512,0.0271576337945018,0.576865959537677,-0.0397321683191232,0.0194583403403604,0.115742558898438,0.39383866369412,-0.565747468834438,1,0.518960897939017,0.564194181336673,0.263699856163034,-0.0949254746692546,0.594556920424348,-0.326157725786772,0.596954924386475,0.811945384237064,0.704227820779531,-0.533070418251603,0.468421315150627,-0.189677278183416,-0.301221590280654,-0.670998914161581,0.198821208644241,0.596020294870451,0.213807006235465,-0.180405728829879,0.472207278076758,-0.0256058352745274,0.11615413833366,0.00604451464704514,0.0594977334077804,0.156976614672931,-0.211129878253876,-0.166235276658216,-0.479986734844591,-0.682017445633934,-0.454119550187189,0.105631163320326,-0.0560847282681534,-0.232977902619575,-0.974867110684777,-0.83855605800193,-0.683688883561901,-0.466170664218247,-0.698269278154375,-0.600640421682731,-0.615983342508571,-0.866504574416988,-0.071646664660354,0.217534321872048,0.486710938683943,0.310351949815485,-0.193134585145342,0.0481754423116141,0.00195684775017485,-0.236543545636396,0.0698018855402123,0.0172737282413742,-0.222952497286631,0.00974456345043317,0.0216465249157046,-0.337992396371982,0.285017027429074,0.720215181461275,0.741953355272633,0.558454624145686,0.313417105790697,0.716913415131845,0.123694981279121,0.558134189883462,0.516069969457661,0.170563462162227,-0.0771432120687327,-0.392590306629778,-0.599154841092442,0.561285819059471,0.0543451763855452,-0.124152834135613,0.43451158265857,0.172288118910252,0.392495081681505,0.280754415891396
-0.0226743540343206,0.16067851228922,0.396947730698843,-0.224852619770978,0.336070364441035,0.0969116743062461,-0.227438207133514,0.207298658526729,0.359579306118339,0.294868270347299,-0.15043968318934,0.400430123186487,-0.148495680763034,-0.0352725545601824,-0.24254089258807,-0.21716547778053,0.0881720819412335,0.378302805853684,0.00795860871824,0.0303116774007697,-0.320039434935419,0.142199504018479,-0.148149363351913,0.155642282306727,0.293809967604453,0.518960897939017,1,-0.127174711473686,0.0782640156216361,-0.211962305031178,0.228938367715065,-0.169640789289601,0.25261318049471,0.32627833852132,0.24577271046512,-0.685199572889487,0.370225559646066,-0.352462074701086,-0.0544467173701877,-0.107109658768488,-0.47407438579574,0.119457640917142,0.106932635683663,-0.466912380862177,-0.261920763477962,-0.555780424392905,-0.204825911682426,-0.757486003450174,-0.639137846578075,-0.474020777557445,0.313339608009214,0.142097756956905,0.0240069465970341,0.0850926987740814,0.356467407782495,0.0603351912686725,0.145761094154963,0.271962908706115,0.209747158455288,-0.0276261718532693,0.107074787243929,-0.283733236189453,0.0748053645571714,-0.368457919373361,0.0445624731897363,-0.500812295155106,-0.231150339453401,0.202005563764183,0.612813302515016,0.438478887190239,-0.187692713054563,0.579957014899288,0.0771504920707289,0.199373993022231,0.420956705393842,0.634904294970989,0.108843530050547,0.388369369889863,-0.0999378332460598,-0.0582458129914299,0.427343507020976,0.274465861777511,0.176988431334137,0.365987957701749,0.12807171406243,0.423732990118661,0.274341692025175,0.437673638618947,0.434060791022368,-0.200255639955139,-0.0385459283983142,-0.0857710094426625,0.10581020874035,0.0634961305531219,0.108001346554444,-0.611964432706863,-0.158248131910671,-0.454437268018953,-0.289330472229548,0.110590078826188
-0.112861037062276,0.288235141167465,0.268421328203862,-0.51472758426177,0.298820498748277,0.115098847883551,-0.570622615412139,-0.0381010486065761,0.133912505425274,-0.179721971450343,-0.412060840502431,0.235369723022947,-0.297782828713027,-0.0471590119671631,-0.731471843821215,0.31167631237713,0.536079038361147,0.801032866412764,0.375156832932152,0.259638652492594,0.0989935477644625,0.285885801511497,0.0120892889153812,0.164912525169357,-0.0316926633879053,0.564194181336673,-0.127174711473686,1,0.181960822185933,-0.316867896185645,0.464482663349905,-0.283648717205519,0.361290075539768,0.684392880786673,0.265994971330135,-0.73147041629806,0.394727899547465,-0.567091266854547,-0.333910367507948,-0.466681863639179,-0.394227471036234,0.263658112038713,-0.0783774421099976,-0.837328064567898,0.00361073115411503,-0.768318804915945,-0.310719858000323,-0.754106636602637,-0.425364270499518,-0.366630461852432,0.00788237293210076,0.0437698602922157,-0.257649702605986,-0.205376338625118,0.175955533757555,0.288213545023318,0.0142064434512772,-0.0892381254109842,-0.193681940551638,-0.321760082657987,-0.23854393935878,-0.410221884741077,-0.505926336591509,-0.673059326447702,-0.21257900994994,-0.933582539047941,-0.068277154597966,0.592704290442465,0.936485598807955,0.797294517326349,-0.0258462370481138,0.657274985802365,0.196021092535011,0.144169292240357,0.504416619546289,0.664470464222784,0.0438818581240841,0.459392102296043,-0.375173343860687,-0.306005249694858,0.581195069442937,0.700747071396974,0.68579914807128,0.688548431381739,0.389927099612045,0.768238905843209,0.253315818618877,0.669289228094675,0.759827346795093,-0.0967233233796722,-0.0491962514880228,-0.227196095368377,-0.182539585906717,0.460353196926903,0.0745284588565839,-0.650476447122593,0.111903907470492,-0.215485742426125,0.0189362768328564,0.266328155468973
-0.212818900525816,0.15011542918206,0.148143095660856,0.158929882143137,0.0588627105724652,-0.176542529707961,-0.14287182928559,0.116750096448167,-0.0383033812261709,-0.641400479811827,-0.0505080201103969,0.0143491966551958,-0.327999521437922,-0.196766494050165,-0.214583412541055,0.0727910534118117,0.260358231554423,-0.00516939550151715,-0.0353012205322903,-0.174848990010353,-0.0537738188012892,-0.363043336411421,-0.584590313057075,0.469134040635298,-0.0301126617309927,0.263699856163034,0.0782640156216361,0.181960822185933,1,-0.0700653439548051,0.240265659549122,-0.257182711481209,0.212709296309377,0.21325700386137,-0.006239788448098,-0.662625746242287,0.413412659082237,-0.287612769210484,-0.379657385776364,-0.536428541722753,-0.314014653745011,0.152661922509547,-0.0559425688181507,0.0856817613669832,0.363208246350555,-0.0233672873008059,-0.238226300113611,-0.499010625740171,0.423310681476595,0.0391293285279446,-0.454367613462075,0.215542600351708,-0.154908698356107,-0.248175434479851,-0.154150010993837,-0.0852734905020843,-0.027885778037895,0.11920026828091,-0.506483170802601,-0.359042671469563,-0.00400940709927455,-0.26969084817814,-0.0384867474370996,-0.152120595766639,-0.147294794941612,-0.353379014698436,-0.264602527765004,0.24025844389828,0.285605546695835,-0.023770627166689,-0.325290359424945,0.124081445803885,-0.202562385499427,0.173306923820598,0.340391003716898,0.346678085019948,-0.393758221066584,-0.0849043864966475,0.195615380088719,-0.141699650610254,0.349347011414627,0.506078632115425,0.506627220454324,0.33485060298002,0.10459366353382,0.462730953673706,0.394349372294613,0.193535750934535,0.120212853414364,0.302746565552757,0.0834750235003911,-0.261641587487841,-0.157348596294299,0.520123714184326,0.432952174655578,0.231127085457204,0.575989260124959,-0.192007660612863,0.408707273183109,0.244719339255631
0.316270412331921,-0.122006108250213,-0.276118417846193,-0.708275260144149,-0.221262972202627,-0.252130009990987,-0.246742710814663,-0.310687488807212,-0.357547760425501,0.45803984290392,-0.169777632910161,0.118871743771151,0.198844777658908,-0.207164511725372,-0.0667682466629542,0.241359760310895,0.159361925996191,0.504435023637329,0.0254283449329229,0.0490280495751698,-0.313771989903128,0.369749367901233,0.390685917657865,-0.42147718219255,-0.283008448139415,-0.0949254746692546,-0.211962305031178,-0.316867896185645,-0.0700653439548051,1,-0.157813793700775,0.0388249457107755,0.461289986998418,0.451583928533501,0.150286958360469,-0.206584826816616,-0.0203887318785846,0.00943516068760551,0.221866680175216,-0.10644125043892,0.215401273520172,-0.162398362442555,0.0445209068277366,-0.407662451692099,-0.462957608414555,-0.196633500286386,0.281170816912124,0.122532266310432,-0.573519109639849,-0.288774928598879,0.368539937965788,-0.328627233403941,0.127462710821362,-0.242647230323749,-0.0378830274262131,-0.150250420768309,0.186359652906291,-0.284780807521068,0.330623051473701,0.032955346984159,0.0689276502987206,0.222530507800963,-0.0532715125794339,0.0870687926426107,0.0871727816668292,-0.13566453239529,0.141672228550041,0.210307327149584,0.450825953591044,0.404036702343876,0.143904478954103,0.400532958518707,0.440040734931812,-0.148700238151981,0.00570432997114121,-0.105241631510965,-0.12341002428248,-0.0415757125320894,-0.0291494058093155,0.150208899230876,0.126708973026121,0.299768004799562,-0.0550286280960366,0.135088996971241,-0.278788687690914,0.276488983187335,-0.236624582481121,0.173606798754333,0.223468738400345,-0.112540619896311,0.152769398890191,0.191061807178001,-0.103549002360927,-0.338666709331032,-0.437935533801797,-0.182190906631725,-0.258788619691089,0.225624563157209,-0.216013311247114,-0.00195526536062463
-0.194998185621392,0.111675962732187,0.0242917232604715,0.264876819676199,0.394412758611982,0.127171801594456,-0.329342801450327,-0.246269363216014,-0.121801198846969,-0.303078875189441,0.0756578940009308,0.271633615876489,-0.0894064277642428,0.515385399018272,-0.276047313820856,-0.0388214921205596,0.485384499210215,0.189328370456515,0.82943800815273,0.0997877613485388,0.661573428246641,0.0656526159522628,-0.0257392236627039,0.166384806112702,0.104951715533633,0.594556920424348,0.228938367715065,0.464482663349905,0.240265659549122,-0.157813793700775,1,-0.271272403783382,-0.407399648832786,0.103320344647711,-0.0215172992696609,-0.0879283589494137,0.279600631744306,-0.436063884158003,-0.627740109384149,-0.303001539502588,-0.438698302830022,0.0713370540291463,-0.391745955570118,0.0852749790721597,0.357842693583649,-0.465196029100828,-0.639712328212636,-0.36622643405307,0.399109091847509,0.124059213161454,-0.137558508956332,-0.236353580484906,-0.225214654154637,-0.0948285262090639,-0.084711809449744,-0.150235396470107,-0.578434155672986,-0.390386575041282,-0.20806232819783,-0.0830472950628088,0.0366829347823387,-0.185775396744504,0.00803329777535194,0.0400695969787951,0.212919932151044,-0.325191171230453,-0.109679859480272,0.519241345733958,0.328711271504002,0.324199736303603,0.402195674202624,0.233109854111856,0.235719497109712,0.0368282337922191,0.272941932434889,0.518902515269422,0.0631050410062364,0.444503074763743,-0.37725456051898,-0.442028477859423,0.219940536517644,0.117907760584185,0.19971026497075,0.129145338012982,0.426105945058743,-0.157768418192302,0.359830939848741,0.279673138109959,0.293690884549415,-0.423655649366634,-0.335383961921374,-0.460821860102096,-0.0761476824844082,-0.0298503520733809,-0.0149642741093468,-0.13581437792812,-0.00903374355803227,-0.166620775465703,0.256301743178349,0.30060838603226
-0.291395011728337,-0.473718392441228,-0.374638310585136,0.252361498988386,-0.473885529168832,-0.563882680067158,0.456794729858765,-0.0521947925094874,-0.16329432471832,0.522280801464709,0.435922234342125,0.217110433438576,0.268676294268519,-0.0144621771815131,0.352006636112235,-0.403866991146872,-0.214471566890184,-0.373040467480009,-0.134404745167457,-0.334866318472788,-0.0983370223295057,-0.0296897094263409,-0.0224311573882232,0.00882478161277925,0.322082709911954,-0.326157725786772,-0.169640789289601,-0.283648717205519,-0.257182711481209,0.0388249457107755,-0.271272403783382,1,-0.266975588302115,-0.391428951927663,-0.238409417463233,0.579067472552301,-0.227877109374374,0.304355101851615,0.553565644135506,0.817042311262087,0.100042943903357,-0.122377583710933,0.14189889884043,0.323471201676883,-0.226976404700913,0.458754717907235,0.165258928659314,0.332257362512282,-0.205801560123049,0.0484343930987152,0.570626397778899,-0.330221424982787,0.0704607816312602,-0.110674315537821,-0.34112343973857,-0.783892019033426,-0.258698232407337,-0.106933445507136,0.592934049973702,0.56436329353895,0.582794371694124,0.20316493668893,0.19983548301331,0.684467109173936,0.563208557678058,0.36115970803269,0.214144307555477,-0.351486471860327,-0.515481384911599,-0.507899199525115,0.419815569976804,-0.212780891936453,-0.0975405696468841,0.500205107102743,0.0243505795534585,-0.329554177628773,0.314184636672148,-0.288364725544261,0.592968340766489,0.455149541137965,-0.415296618733743,-0.596002370628831,-0.390360436054273,-0.381395854885066,-0.3589400885044,-0.587716497614578,-0.149626832630572,-0.388927511974813,-0.46999737474445,-0.0084282848739859,0.128088770894656,0.330743481489907,0.497613721992505,-0.48557114976251,0.0339863614369581,0.107013782629283,-0.134567560142609,-0.178965731604129,-0.187860102911562,-0.177659599135363
0.507781933207752,-0.263452437277675,-0.259525830124577,-0.341582052450584,0.0452393434615591,0.355912365923926,-0.206837247649777,-0.552616710834801,-0.144860705089919,0.233108536856845,0.0831346680532499,0.0541580374196867,0.189201221769171,0.234920047170235,0.296335411669094,0.0480966900356875,0.34886954028239,0.345490462541958,0.303460226498992,0.471686577574082,0.235834053721357,0.248426347277178,0.771528976763878,-0.389725708629738,-0.133663603761164,0.596954924386475,0.25261318049471,0.361290075539768,0.212709296309377,0.461289986998418,-0.407399648832786,-0.266975588302115,1,-0.0134411205287419,-0.149102471342613,0.330701077579174,-0.0387043328523795,-0.500012400815937,-0.672569044487345,-0.549442410530612,0.112389985579386,-0.488927263536993,-0.459605510162392,-0.161761991364258,-0.113091015564357,-0.699767259391205,-0.425974349945672,0.394394288052413,0.0357137474813939,-0.0882906898345274,0.240338356865797,-0.216125581616046,-0.0403797135200396,-0.17633984197267,0.30706775750899,0.644142675750522,-0.229058108372819,-0.427115457558999,0.0965976814217611,0.262786689769652,0.0407637737466187,0.181036664160131,0.33621244960548,0.512746032136144,0.425955705197171,0.329602803646412,0.326666993201814,0.823794103349559,0.339868517260636,0.728772597944487,0.715519470159176,0.350126334115351,0.968187276704012,-0.803264009797109,0.191679678522999,0.267726629453611,-0.203915049668071,0.635882265381706,-0.68772073930912,-0.78972783633838,0.160339902626238,0.182065659948627,-0.382351068142298,-0.113263892451588,0.386534546720012,-0.13469455617271,0.260884439704565,0.0836657217541832,0.426328297688103,-0.425387141837276,-0.271325435439322,-0.381965901575488,-0.237693800247112,-0.569087310823603,-0.826405101868084,0.0526830100768065,-0.854086401827975,0.759787471155431,0.207545143272762,0.174861300819919
0.0171186605894201,0.283483203750447,0.281456854751781,-0.155515692425026,0.405754356372814,0.517622941804305,-0.333208798972367,-0.0806883761114726,0.202558084403038,-0.149467643261426,-0.190384003198591,0.0832738462199122,-0.187527321786337,0.123903785991923,-0.191848616907358,0.37734415149701,0.196632848866315,0.280977986190985,0.271748281800019,0.227574287673207,0.102759290426869,0.100226140949881,0.249832272808657,-0.131793702164801,-0.236596412301311,0.811945384237064,0.32627833852132,0.684392880786673,0.21325700386137,0.451583928533501,0.103320344647711,-0.391428951927663,-0.0134411205287419,1,0.205292358254,-0.214902794795168,0.351795288827206,-0.497191668323081,-0.722362148349743,-0.638832834428871,-0.222793969379028,-0.119316273303406,-0.2067781122447,-0.327909078876904,0.0895679341626119,-0.68827482432921,-0.43771115150951,-0.433184062986581,-0.0922600107639529,-0.270863599958638,-0.0610729270674539,0.0509574475720171,0.0574663695087537,0.0341502644512302,0.401962058298239,0.694094503324313,0.264934427057187,-0.141705207874976,-0.134346388433742,-0.120383853551348,-0.0282674150114798,-0.192161765229238,0.0325890341607367,-0.14819411148217,0.144205836966022,-0.0567630708706782,-0.18274054301762,0.597584810889991,0.378844764067658,0.544379804924219,0.11449574506814,0.497069373058928,0.619390813366081,-0.646067143304874,0.371083413131341,0.786219707143711,-0.165661541153672,0.76286035784502,-0.772141631588916,-0.983420003061206,0.210590462517958,0.204084957842482,-0.106519735307627,0.0150989654909424,0.354191397501427,0.164563477202806,0.230747648072125,0.357206426127098,0.297734683942366,-0.670026749407653,-0.682222693891257,-0.572673438542161,-0.228674649197824,0.0932051567585474,-0.470924224292235,-0.356981659921861,-0.468586990690525,-0.0918641061347255,0.122524718890466,-0.0281070830163783
-0.00440726421756962,0.198299283007072,0.100243474628258,-0.21073221333274,0.499368636089501,0.434548817988325,-0.403565296104539,-0.257103829279998,0.109928846645698,0.303956738035719,-0.15606564452155,0.31368612610022,-0.0985286465766818,0.284575204611155,-0.27354831233462,0.154284399643034,0.410931189879759,0.488318209818047,0.520115368951325,0.208610448159472,0.170146394956433,0.316188912662282,0.343439254172859,-0.428834221880371,-0.0386501899685534,0.704227820779531,0.24577271046512,0.265994971330135,-0.006239788448098,0.150286958360469,-0.0215172992696609,-0.238409417463233,-0.149102471342613,0.205292358254,1,-0.148486109264853,0.30776166373838,-0.501501309708347,-0.636363499714014,-0.611852425487469,-0.278638943051347,-0.20211387332348,-0.284019970510282,-0.525635283065393,0.00514687260483704,-0.884667297556718,-0.415827932038026,-0.489544901484906,-0.401645631583706,-0.40224610417596,0.212781848560101,-0.146013405636254,0.12262160703462,0.23821793208452,0.503367635521168,0.523946661731326,-0.0633796176025871,-0.196193154955761,0.29863633822259,0.167289182192256,0.0583617782149514,-0.18744627007138,-0.036918571443544,-0.0210941899585805,0.38757073509635,-0.270477718947417,-0.0397838034153468,0.916917769736832,0.708354522977358,0.875317117115173,0.527288096501881,0.647296776036004,0.772453504755839,-0.659786684135876,0.499896980409777,0.723400707138705,-0.0560597839432745,0.741248800452976,-0.735105760092218,-0.756384233984413,0.249945269350936,0.30006767065678,-0.0744125531937531,0.0754849407910396,0.325080176119227,0.129909586389353,0.233192682436514,0.303866736903865,0.479607669322072,-0.742389280219167,-0.451824358193639,-0.329272238621101,-0.16987630460574,-0.324021139897617,-0.666964818910531,-0.521758709519459,-0.73548406632754,-0.0405737294811474,-0.109580391315899,0.0301189555608503
-0.0293999493802905,-0.293486888750306,-0.146289680869158,0.295528491427517,-0.131845515531902,-0.475754789220712,0.130520867597642,0.0825600519515981,-0.111360938930414,0.483121318552574,-0.0148454111309864,0.0512926278210089,0.13638971620243,-0.153149483920862,0.511328937118388,-0.172164931960252,-0.373682646443947,-0.421436545790266,-0.445142701712402,-0.426932849061748,-0.47956858434032,0.0496149892079098,-0.201479537823572,-0.291079783901686,0.0674015588362676,-0.533070418251603,-0.685199572889487,-0.73147041629806,-0.662625746242287,-0.206584826816616,-0.0879283589494137,0.579067472552301,0.330701077579174,-0.214902794795168,-0.148486109264853,1,-0.624084193572167,0.560841456244862,0.651214135119397,0.407849194375783,0.275725045791595,-0.194715836993866,0.291596654270186,-0.0666404732534794,-0.492867755387572,0.370226044867551,0.45464935776418,0.180677391183637,-0.448435999541386,-0.288737578570204,0.139188889429249,-0.142802117970983,0.203927744357437,0.323871675844956,0.0398342575959555,-0.489502924235446,0.346734492342316,0.366064666851978,0.627810830957581,0.322218283347048,0.270822318061854,0.227323173655646,0.0667796661766756,0.211529671769451,0.121558004730512,0.540169915285664,0.0266166194764182,-0.337229476749301,-0.243733246549014,-0.377553953658151,-0.212754605914348,0.0654649219714984,-0.322472168073777,0.0449242194904177,-0.0148849331205621,-0.398148118216333,-0.32429332973899,-0.390467809195256,0.525327606165072,0.623093722489293,-0.0616218123327414,-0.348233685814292,-0.395665091125548,-0.0733497227520279,-0.546317017040567,-0.188951707606771,-0.551300804592747,-0.515745418474799,-0.538652025293232,0.26378082502547,0.404679931658808,0.562601436401279,0.246058275645266,-0.356860010821215,-0.0917370570106609,-0.0810111887746946,-0.0958898386750383,-0.119704924342066,-0.487154055672761,-0.554518787615749
-0.189206020766288,0.382355782202146,0.390429060061325,0.119205632054139,0.0835084965742192,0.0914541781557649,-0.202531655018487,0.350123866320108,0.171054538462161,-0.658237594897327,-0.178849048071386,0.00681441069238609,-0.259175722361274,0.0272648138989415,-0.310799673476767,0.726636350172531,0.336562105374394,0.633838248552636,0.337865675460304,0.441405306034072,0.322672164173826,0.0333994051520795,0.0734824939602657,0.536947796833851,-0.191374168321861,0.468421315150627,0.370225559646066,0.394727899547465,0.413412659082237,-0.0203887318785846,0.279600631744306,-0.227877109374374,-0.0387043328523795,0.351795288827206,0.30776166373838,-0.624084193572167,1,-0.460976832964922,-0.587088712933979,-0.340798675412091,-0.504821420371136,0.219867313809653,-0.130756431273606,-0.295264825788547,0.595881250761107,-0.445198511910744,-0.446519176651853,-0.567668742071983,0.0309890975947697,-0.0678687677445787,-0.404836168924876,0.166947166091057,0.0498870461044281,-0.229057052935484,-0.309636807914784,0.112230284875675,0.253009509583908,0.0247744962235481,-0.560978859681069,-0.559961063657117,-0.499026786995686,-0.390026318626455,-0.362697120027385,-0.564786940995475,-0.443942480097654,-0.613526966157659,-0.394876869824948,0.0738380816966222,0.359002266617251,0.336554125128356,-0.293529690966176,0.217261486588697,0.0125183732489646,0.143960472164836,0.192962417456695,0.431186516879367,-0.0900759715228028,0.26102789706493,-0.360641986883317,-0.401370889773248,0.241116227855259,0.156423886428543,0.523137878126965,0.185793317587144,0.410933640465358,0.241703835948193,0.0950443796233688,0.421053811679434,0.445415084343786,-0.260156205076466,-0.556623184887311,-0.548623537035325,-0.28094219459945,0.492189343138659,0.362864964110566,-0.311908041718286,0.368473572520013,-0.282252124724879,0.0701496871449897,0.130853797615759
-0.137163706281565,-0.286843472288205,-0.190757719122466,0.453649451093547,-0.286468330980758,-0.313737394494395,0.557131443041139,0.0350991149439657,-0.113025373128844,0.796699166442955,0.563971664418338,0.288461602458409,0.468899475834393,0.0561342469180578,0.633318288896893,-0.202517161262366,-0.294462971918698,-0.381916179442798,-0.0789548194847033,-0.434580270513514,-0.0620004353844236,0.0850194158655903,-0.0382249126233125,-0.0827974559899162,0.475763966036336,-0.189677278183416,-0.352462074701086,-0.567091266854547,-0.287612769210484,0.00943516068760551,-0.436063884158003,0.304355101851615,-0.500012400815937,-0.497191668323081,-0.501501309708347,0.560841456244862,-0.460976832964922,1,0.314791334631497,0.688728013335747,-0.270557337402805,-0.390607402662196,-0.0396347167168953,0.14780557223653,-0.34079242437307,0.139319264250885,-0.0052962099980719,0.0904701195962574,-0.264789453396099,-0.117521888480229,0.261764330673105,-0.154471721861035,0.41961724722783,0.347727440006918,-0.0768011789575122,-0.621660323054717,-0.156499229939633,0.080890607107421,0.86876582665468,0.723393599219196,0.484382235510992,0.34151877300883,0.408358463400892,0.574053177973895,0.552592005594006,0.526182520297048,0.144804792456389,-0.404034799123971,-0.375072566960877,-0.287238593225914,0.291780295339357,-0.0156019111916679,-0.0561846869687348,0.462974311938121,-0.00937933469388508,-0.220694120997966,0.24183899826156,-0.214413154530112,0.425911368465517,0.566327188189156,-0.431254374238483,-0.718532395908812,-0.497514495222483,-0.344125304698182,-0.377228945109916,-0.530116268663964,-0.348735933479877,-0.523247839017053,-0.370272013047365,-0.243989671046509,0.00255726783538052,0.269761419564023,0.527593950895608,-0.518966984550472,0.0555872707833871,-0.0756435700263116,-0.268366666085594,-0.202394943424446,-0.456389508288587,-0.31734893283169
0.214914952037223,-0.130535226655202,-0.409228411006945,0.694321142469083,0.00358498916108835,-0.0235914380514167,0.258749775492078,-0.21757194273147,-0.180447665315907,0.809334060283701,0.456432720649291,-0.0317337210955858,0.690631553672146,0.302400673719423,0.934898977466362,-0.259623766243835,-0.488413535525155,-0.573538204447709,0.0453050289872992,-0.395538401066056,-0.174301512047693,-0.0143236464974932,0.17787491248515,-0.621026566037429,0.00832983365973133,-0.301221590280654,-0.0544467173701877,-0.333910367507948,-0.379657385776364,0.221866680175216,-0.627740109384149,0.553565644135506,-0.672569044487345,-0.722362148349743,-0.636363499714014,0.651214135119397,-0.587088712933979,0.314791334631497,1,0.244932599470683,0.0979963315747402,-0.682512636231443,-0.0560638368510409,0.436751770088174,-0.290941943003398,0.24460393262927,0.0920952715322285,0.366229150860143,0.0616075932120332,0.0746343147800703,0.48423264733347,-0.126168025080889,0.61225669414918,0.66240463378937,0.24654197436628,-0.331827945731356,-0.171401097745393,0.087959139692646,0.923126147140843,0.709915152080486,0.429121128975723,0.591568417541559,0.60171920080622,1.01241051524886,0.631536276524393,0.969504122958305,-0.0115870345499954,-0.0823347627113154,-0.458938670324544,-0.122208138475086,0.521063084129871,-0.21788000749824,0.238995022073989,-0.375372352115476,-0.210749496469031,-0.353224970073381,-0.273639981582181,-0.208806241666185,0.0377024594580251,0.155480139068802,-0.692345079120781,-0.709635777043838,-0.967664209609927,-0.832080932050907,-0.537603155218731,-0.938215360261574,-0.583552097857053,-0.733352919367927,-0.54977181683138,-0.55100638681666,-0.273684410491757,0.213500852014462,0.215856317500163,-0.919934572859433,-0.547943676438064,0.272391195574626,-0.704874490365114,0.0974491479308202,-0.364559490667955,-0.416936587903103
0.305214179948052,-0.0346719821393281,-0.420158890990797,0.596395791506676,-0.00226490391975062,-0.101908675168605,0.2907253880295,-0.117787623311926,-0.205989622391393,0.451479075091768,0.41125790556752,-0.132707841220214,0.39721567007689,0.105831334566353,0.540401557705145,-0.240658081525964,-0.537676301356194,-0.832407906118651,-0.092708283487541,-0.668228562317116,-0.232120259000309,-0.234611895434866,-0.289809115692289,-0.501251052048668,-0.0529753095006468,-0.670998914161581,-0.107109658768488,-0.466681863639179,-0.536428541722753,-0.10644125043892,-0.303001539502588,0.817042311262087,-0.549442410530612,-0.638832834428871,-0.611852425487469,0.407849194375783,-0.340798675412091,0.688728013335747,0.244932599470683,1,0.0894369799065342,-0.226970980818466,-0.0286750816407991,0.665524142865394,-0.210050626692587,0.588419328985875,0.244030595258773,0.213418058806507,0.454981837425229,0.269445333724561,0.104088839981811,-0.0751064340208679,0.486837626205457,0.647878831725879,0.085297271717189,-0.330320366013428,-0.0673872999328514,0.210142493637058,0.620353011978759,0.539088352016857,0.431159308303825,0.455242732294013,0.521868128843617,0.711159802037375,0.42648546895312,0.599097536436222,-0.124407024404856,-0.257985132356106,-0.4545668726947,-0.445472608601938,0.137790998513093,-0.423909439721464,-0.214556698423164,-0.146728109705015,-0.30557321440907,-0.564320032860231,-0.178088165995023,-0.631287420101705,0.430867505539805,0.596253100710525,-0.704788420701273,-0.469423556687849,-0.519335984352925,-0.517037221561116,-0.721682903896399,-0.641244405879108,-0.560083555286471,-0.622034207299058,-0.698657211886056,-0.126916338875055,0.0906462848860051,0.59809115736442,0.188336899079227,-0.382253309886425,-0.235415064073484,0.548782871288326,-0.130140760992097,-0.0628776671907977,-0.106732159406095,-0.172621513806724
-0.00820379164503032,-0.292809672225159,-0.318243471135115,0.126078415319822,0.0268168733320409,-0.159866169849826,-0.0727544760800658,-0.426922620097816,-0.248139639680993,0.841453230443274,0.334678781231813,0.177244804721215,0.185443272311281,0.0580260428802601,0.448837492931448,-0.182434631144686,0.0229882053443274,-0.129264316965288,0.0336587089405926,-0.284200388859255,-0.118833033362691,0.407812357333511,0.143342081208906,-0.286016358865206,0.22951223885711,0.198821208644241,-0.47407438579574,-0.394227471036234,-0.314014653745011,0.215401273520172,-0.438698302830022,0.100042943903357,0.112389985579386,-0.222793969379028,-0.278638943051347,0.275725045791595,-0.504821420371136,-0.270557337402805,0.0979963315747402,0.0894369799065342,1,-0.369447709658551,0.0783477107360367,-0.329112034459263,-0.444829637493614,-0.261709218562288,-0.0252894519327083,-0.0609118413953182,-0.570029096207466,-0.528708672526004,0.243884462717725,-0.321181814970168,0.212615593236042,0.251403965031442,0.384668203710262,-0.170275930281161,-0.257763783219212,-0.207833883351736,0.781864730404273,0.691039357424056,0.270479377752463,0.108663745256119,0.33372496684671,0.435596281651254,0.541201669184496,0.511408020538328,0.165814052328566,0.202508576985876,0.250923011435159,0.324813741132373,0.325376605419387,0.520312732012283,0.291325052416607,-0.197931426078653,0.263020626159186,0.16667029534769,-0.118108539806687,0.275606995014293,-0.129439937666247,0.0204097315969247,0.0883658511776457,-0.325376839023342,-0.461748323524452,-0.0326161500635401,-0.0148107152748706,-0.173332917126567,-0.212898539488679,-0.288962467559371,-0.135714079486428,-0.313925904443522,0.0955011337104608,0.017356947164959,0.411086241384474,-0.38212343640773,-0.336907670134659,-0.367014708338496,-0.534492866512904,-0.0160894514381952,-0.712739202021467,-0.419728764341171
-0.478657158909653,0.336771682920592,0.181246729739739,0.468110351839865,0.511704047286684,0.380221699046777,-0.0168842226181846,0.0925110978199317,0.0303199028664818,-0.118739861426133,0.17239578192645,0.282420045258298,0.0623243026495451,0.71627653733535,-0.0643426591756351,-0.0963234658819857,0.151224348433081,-0.0924526390304462,0.692845243083957,-0.246482662400452,0.40317480455165,-0.164016765706598,-0.174586505808643,-0.184551811133952,0.297953392789574,0.596020294870451,0.119457640917142,0.263658112038713,0.152661922509547,-0.162398362442555,0.0713370540291463,-0.122377583710933,-0.488927263536993,-0.119316273303406,-0.20211387332348,-0.194715836993866,0.219867313809653,-0.390607402662196,-0.682512636231443,-0.226970980818466,-0.369447709658551,1,-0.182519939878151,0.0610957610621037,0.428395799961786,-0.363046675138892,-0.401510924616003,-0.459305002071447,0.1111470167528,0.0626057004639826,-0.0861267781686232,0.0755373218993404,0.147937726082784,0.288125282710069,0.376122448762528,0.0860315550297278,-0.409464054516836,-0.044461195332076,0.0163137233201287,0.221201260502474,0.0930305323392986,-0.0322823860242272,0.203155839381526,-0.0629488592698231,0.212600961295234,-0.200789508621455,-0.226777021493944,0.199454976552699,0.23877003887011,0.225043312158963,0.176634103206723,0.00924925842197982,0.029696732212303,-0.0632764603219139,0.0962701802120932,0.408436020374594,0.146657923062272,0.370749940306751,-0.369938172938519,-0.328075857672266,0.0648054823308241,0.186051405484718,0.132905600450579,-0.00388935146382652,0.0927108879599628,-0.142954121870229,0.449858584853384,0.193549134345985,0.10506449479385,-0.468923470197943,-0.390819777214198,-0.398189517500616,-0.207606483024147,-0.067626294854058,-0.0961429962114788,-0.220462389184585,0.00137396097054038,-0.311165568004,-0.0625386992442607,0.161436502713015
0.186669667584768,-0.0810289183692731,-0.197602067945829,0.140150495524686,0.11540064909286,0.233151694755025,-0.264420892737238,-0.505400954098563,-0.271823318828029,0.530168063991791,0.199983729331361,0.155816435062917,0.265998951896405,0.462456700739543,0.147706316312815,-0.287902882895306,0.0247068158715839,0.0354996867741478,0.579328540354493,0.0957444283389614,0.0509013107345103,0.149655270523201,0.278459339997062,-0.393522720322977,0.0864851319530689,0.213807006235465,0.106932635683663,-0.0783774421099976,-0.0559425688181507,0.0445209068277366,-0.391745955570118,0.14189889884043,-0.459605510162392,-0.2067781122447,-0.284019970510282,0.291596654270186,-0.130756431273606,-0.0396347167168953,-0.0560638368510409,-0.0286750816407991,0.0783477107360367,-0.182519939878151,1,-0.000241806770366372,-0.182237796721369,-0.262906103392703,-0.0192409408474462,-0.0950740336152973,-0.0348111221830016,-0.117039674929524,0.650659360556479,-0.330359908104143,0.155317675965931,0.0806810711163031,0.165062466268767,0.058002510407817,-0.578918609671403,-0.380191324486109,0.497928764665402,0.452818046577474,0.0423067233105736,0.228485852426973,0.0713415509584855,0.380628856209605,0.475506888830958,0.214982374505251,0.0498604405535988,0.400284493155175,0.150825151943978,0.354714098918394,0.494046887848564,0.158812927559621,0.369029954604802,-0.24383239675544,0.0697412943211899,0.123369591377129,-0.317251639424372,0.265166715414001,-0.219607479419084,-0.0709400048004752,-0.299135095542743,-0.118301211357333,-0.483380734078478,-0.366126206749116,-0.210030331976498,-0.351401726115229,-0.0880946147866625,-0.0543592265993858,0.0500319073860169,-0.56834433000867,-0.208244996923525,0.0557112081968137,0.0602649920578502,-0.443757137914345,-0.434768601856338,-0.132859132388466,-0.593000855755519,0.0133348704467257,-0.225215487130902,-0.129301801032191
-0.133605849893021,-0.0991102227637803,-0.135894840338489,0.178063874840111,-0.248773444349896,-0.470237595161996,0.453241505234245,0.331842687844834,-0.0183613394330342,0.351039991936764,0.503722708504734,0.0733172388517188,0.209855917261179,-0.0107485935714504,0.26146722669602,-0.611549617763016,-0.200184515396454,-0.272221014221813,-0.285517755147735,-0.353338119423902,-0.0462199289313361,-0.268313650500896,-0.50283408856588,0.410388296236112,0.699490026966495,-0.180405728829879,-0.466912380862177,-0.837328064567898,0.0856817613669832,-0.407662451692099,0.0852749790721597,0.323471201676883,-0.161761991364258,-0.327909078876904,-0.525635283065393,-0.0666404732534794,-0.295264825788547,0.14780557223653,0.436751770088174,0.665524142865394,-0.329112034459263,0.0610957610621037,-0.000241806770366372,1,0.102771872024743,0.231411246360697,-0.204359150792356,-0.210266417091993,-0.192953556831634,-0.0104015272163097,0.119323229691527,0.135283180249344,-0.156958486394748,-0.0271205055490239,-0.3507292220276,-0.64757585251472,-0.429812264402588,0.217555159612012,0.371604545880182,0.485410378312402,0.214623785721858,0.0649057726120549,0.172036000216855,0.0223214961820524,-0.150357016966391,0.0654140123077034,-0.0198596810370134,-0.600133652002704,-0.239068763440073,-0.402728965079882,-0.000293770220542722,-0.191761183568668,-0.547639937719844,0.871027280823408,-0.0653923774608021,-0.150214872258455,0.648551034600821,-0.29166038246154,0.522090018525646,0.769055112134759,0.00461758082649244,-0.333371932435178,0.390578534079004,0.0219861254808016,0.046466495848537,-0.130414358985345,0.162224162165239,-0.240196642831674,-0.0831141035545166,0.608127562946582,0.610677445280166,0.413276747061568,0.525923499422913,0.194414469924624,0.748128133874058,0.00622422279403501,0.603363591012892,-0.257854419323999,-0.341787698581918,0.110726589969929
0.00660130997358099,0.30120453911284,0.491521687444527,0.126825832388048,0.556429620747008,0.297187436722154,-0.183210491411547,0.408206754442023,0.452603017828957,-0.232092619703911,0.0172865058724276,0.160608716614092,-0.109916061749012,0.174164067911263,-0.24024514532145,-0.371181272105936,-0.00769045156418588,0.156057923374644,0.115075374379647,-0.114138530837987,-0.0982335782177248,-0.361910037874442,-0.547301449962221,0.214027483493191,0.379198336392401,0.472207278076758,-0.261920763477962,0.00361073115411503,0.363208246350555,-0.462957608414555,0.357842693583649,-0.226976404700913,-0.113091015564357,0.0895679341626119,0.00514687260483704,-0.492867755387572,0.595881250761107,-0.34079242437307,-0.290941943003398,-0.210050626692587,-0.444829637493614,0.428395799961786,-0.182237796721369,0.102771872024743,1,-0.35922518806757,-0.565003472006105,-0.650149483307753,0.162227451403284,0.164662280785039,0.220082332197611,0.357129300096333,-0.385524839850481,-0.135503885055973,0.143385684987601,0.212246018162432,-0.132927648879186,0.242328100268071,-0.242870872937032,-0.256489840418309,-0.111704528821373,-0.283741023468784,0.106576210980694,-0.38561372475735,-0.418601777371944,-0.426095676497053,-0.224618185348796,-0.0590278191939082,0.333370299916261,0.179205109222889,-0.446777705867483,0.0575485746583081,-0.31493308714006,0.274429048653442,0.0489882853107982,0.459132228389575,0.337048436202622,0.19985441034618,0.143864653191389,-0.080789931966692,0.222043862182867,0.326731412754529,0.440311174105997,0.409037415135561,0.0230011231157288,0.452556993907723,0.5719251131884,0.278240163262262,0.40629449535295,-0.0565762621558179,0.120627591556683,-0.226090653251968,0.0378984450601137,0.602057339964084,0.329874308972881,-0.125448721857666,0.433363713029132,-0.445679539671402,0.28374480994039,0.614915336926023
-0.00142783752062433,0.0972303511387978,-0.171380322144774,0.52379292342691,0.119862653309771,0.0200876214687042,0.406161328460665,0.148860993596561,0.0193699919341568,0.841598347554327,0.771485862402086,0.275657480943522,0.693931334652306,0.559581334033378,0.711802902564518,-0.542838528403628,-0.390507805450013,-0.467226035373181,0.174643504157364,-0.521997558253065,0.064126129865184,-0.216008407588212,-0.17875847008592,-0.333839578996672,0.579905756257804,-0.0256058352745274,-0.555780424392905,-0.768318804915945,-0.0233672873008059,-0.196633500286386,-0.465196029100828,0.458754717907235,-0.699767259391205,-0.68827482432921,-0.884667297556718,0.370226044867551,-0.445198511910744,0.139319264250885,0.24460393262927,0.588419328985875,-0.261709218562288,-0.363046675138892,-0.262906103392703,0.231411246360697,-0.35922518806757,1,-0.19836442627732,-0.159323289909203,0.050918513289662,0.0824202813222153,0.558246392480778,0.124844672374356,0.455614867226796,0.39839443218504,0.142828819858638,-0.303624091230658,-0.29513801237789,0.165312883725189,0.869739139119195,0.992008135091501,0.571200604832867,0.595286289405949,0.710366292099808,0.631836875471387,0.495794228973438,0.626969809526322,-0.0655408416579277,-0.348090549245937,-0.298991520855142,-0.160603443617886,0.338400923616728,-0.252984725756848,-0.1388111262872,0.389350217736927,-0.100797708197313,-0.185366078227617,0.419504046552329,-0.154038499083166,0.258926279903413,0.555083870726308,-0.483973328722337,-0.54058626997988,-0.461589655505124,-0.512896465290513,-0.481226445127578,-0.601253490556882,-0.0331252721157561,-0.457393903376215,-0.263433002228262,-0.153122312531741,0.160510976008344,0.502506865444516,0.403160648863759,-0.499996307528513,0.042363558724844,0.101232960412791,-0.260425210276162,-0.279663762142497,-0.290299499965806,0.0486627579264809
0.0846329183484407,0.0406288378136963,-0.282370835830792,0.24629652795852,0.0229490750151267,0.0570617134045082,-0.0633603502748927,-0.271802208014814,-0.0564320695818704,0.758346975262607,0.423657270377355,0.242456142266512,0.446232719639914,0.461229250602102,0.611825785101985,-0.28697544181913,-0.17976921710552,-0.185674722975316,0.373708703742141,-0.190773554167293,0.0298223573415487,0.194266586853887,0.241797581621445,-0.493018291364881,0.0567832212312881,0.11615413833366,-0.204825911682426,-0.310719858000323,-0.238226300113611,0.281170816912124,-0.639712328212636,0.165258928659314,-0.425974349945672,-0.43771115150951,-0.415827932038026,0.45464935776418,-0.446519176651853,-0.0052962099980719,0.0920952715322285,0.244030595258773,-0.0252894519327083,-0.401510924616003,-0.0192409408474462,-0.204359150792356,-0.565003472006105,-0.19836442627732,1,-0.225927971505428,-0.365269565771955,-0.387729877852393,0.550664225548495,-0.120279280553631,0.584008537633954,0.462151370796597,0.355148020681584,-0.170971593109481,-0.0758087232199921,-0.115702161707719,0.802099588320741,0.717383221964092,0.331100198830082,0.424518766942178,0.450163602851459,0.594557367908269,0.680741902191209,0.653719278183403,-0.136169644304674,0.15154783488986,0.0147303752618495,0.226062315768402,0.392635192808106,0.238180758589547,0.370432406460802,-0.19348904615941,0.0842073728118761,0.0575527584010678,-0.201399199918725,0.260153505048774,-0.24350372135959,0.0195676489675125,-0.357984756144965,-0.545196467782785,-0.747844703043841,-0.409001473404801,-0.28311452474057,-0.426137901005605,-0.40553000731787,-0.312086649318865,-0.276203342331662,-0.690473955292522,-0.229145510962266,0.114122896410106,0.363714168479078,-0.58334251211897,-0.454014908063699,-0.319618386519438,-0.833332934428545,-0.301795452382474,-0.573789485678833,-0.514350268194259
0.0338582055712159,-0.140675438461713,-0.18234535926429,-0.111040110279289,-0.109085343752185,-0.225901506879937,0.22052116743784,-0.00908548233495299,-0.0446228885418532,0.805208262893967,0.456320612553359,0.250429507986046,0.23951055067714,-0.202883644647013,0.547436535930716,-0.29748340276763,-0.114228277921266,-0.365768527933556,-0.36618482674972,-0.499046470326376,-0.252603693961414,0.040711196129414,-0.106915658214113,-0.0481332128127918,0.442168662659641,0.00604451464704514,-0.757486003450174,-0.754106636602637,-0.499010625740171,0.122532266310432,-0.36622643405307,0.332257362512282,0.394394288052413,-0.433184062986581,-0.489544901484906,0.180677391183637,-0.567668742071983,0.0904701195962574,0.366229150860143,0.213418058806507,-0.0609118413953182,-0.459305002071447,-0.0950740336152973,-0.210266417091993,-0.650149483307753,-0.159323289909203,-0.225927971505428,1,-0.603110088543304,-0.387699836491689,0.0837772890477942,-0.0570508231763726,0.00601870363141349,0.0911652573868371,0.247059935125395,-0.139015613352793,-0.0480568363860575,0.0972484425125331,0.782855191486917,0.800649807874021,0.484383898116526,0.186747810039238,0.449582184354615,0.519977969062391,0.571375187471196,0.519196533370319,0.32688658841744,0.134957341283924,-0.0286139885206322,-0.0514963261996518,0.295294960160928,0.447588649160554,0.0416584720723788,0.191034499851599,0.378369277768935,0.140184400007325,0.15297069313737,0.00783399796896317,0.321108281549899,0.516972228159585,0.117505810582627,-0.446363465481316,-0.281878454421531,-0.00258008231317719,-0.117909475847923,-0.138439048251589,-0.291646309869789,-0.531777005465181,-0.300230213936957,0.277011954889168,0.543575211964627,0.44717877387965,0.695349180459498,-0.129488267566026,0.0993064540635855,-0.0587842757228141,-0.11696103975297,-0.0817987444889097,-0.482848652778234,-0.226632944692498
-0.670116068815029,0.191090612670494,0.154285116428529,0.344290346960129,-0.0719531825151485,-0.382845269362365,0.318726272792844,0.536860068903696,0.0969266967329877,-0.248322640843298,0.0251293629043193,0.0637052952701963,-0.293668284982082,-0.0506345923675365,-0.13738228329251,-0.0456678993037944,0.00777671467795321,-0.116668279463014,-0.111637305463889,-0.315240417220268,0.0883052278493117,-0.335548956413258,-0.795965175914412,0.808758262171281,0.504068956101528,0.0594977334077804,-0.639137846578075,-0.425364270499518,0.423310681476595,-0.573519109639849,0.399109091847509,-0.205801560123049,0.0357137474813939,-0.0922600107639529,-0.401645631583706,-0.448435999541386,0.0309890975947697,-0.264789453396099,0.0616075932120332,0.454981837425229,-0.570029096207466,0.1111470167528,-0.0348111221830016,-0.192953556831634,0.162227451403284,0.050918513289662,-0.365269565771955,-0.603110088543304,1,0.0182676745417936,-0.620807611767016,0.334463439492494,-0.0745412595204444,0.0657173856777692,-0.193920115753158,-0.668263694741444,-0.0271098233603303,0.364976231890937,-0.102186437257093,-0.12664909839537,0.0218042484058621,-0.339100017322977,-0.196966322831851,-0.481761048745116,-0.382423226631223,-0.351044204620714,-0.257767295846692,-0.597905433906253,0.110350178009729,-0.238587050183064,-0.570798472215434,-0.0307215635241496,-0.762927904128743,0.889678686243857,0.278106702906916,0.271827424381489,0.480920410060675,-0.233672630140428,0.219510904367874,0.246180351622591,0.382408871629189,0.0555820245149125,0.740056911663956,0.446652444304469,0.298095938024637,0.388611780923227,0.3184183111804,0.073320842533969,0.162521284864745,0.563645239017225,0.301069620126435,-0.130527474558163,0.43143019660749,0.666636932481592,0.978892616697096,-0.205838990643398,0.898142896429333,-0.490479061352833,-0.222406891624608,0.101843792710527
-0.121055534428731,-0.0959347417997115,0.0276138209552342,0.193249904406652,-0.0700411844960235,-0.306324147489739,0.333215477758991,0.308535722159378,0.0849607219445744,0.0179071589779766,0.321993425898041,0.0896164425634244,-0.192751546142302,-0.224961248136156,0.168091205766817,-0.270267872887227,-0.173151772372188,-0.347843111425372,-0.285872147402691,-0.513518794917266,-0.109325714645614,-0.279480264892785,-0.745162272907655,0.486873467020424,0.520874912655788,0.156976614672931,-0.474020777557445,-0.366630461852432,0.0391293285279446,-0.288774928598879,0.124059213161454,0.0484343930987152,-0.0882906898345274,-0.270863599958638,-0.40224610417596,-0.288737578570204,-0.0678687677445787,-0.117521888480229,0.0746343147800703,0.269445333724561,-0.528708672526004,0.0626057004639826,-0.117039674929524,-0.0104015272163097,0.164662280785039,0.0824202813222153,-0.387729877852393,-0.387699836491689,0.0182676745417936,1,-0.531127308174285,0.277994630660886,-0.0921667751728745,0.0667678956125542,-0.11015854692303,-0.483373089484502,-0.186863679864219,0.323862037499029,0.108980145762244,0.133132948209642,0.161667832062445,-0.181004645192505,0.195417485869358,-0.259371161040007,-0.350132966782915,0.0947714040190691,-0.175652419221739,-0.467662894798462,-0.00844431359523579,-0.31623464718869,-0.415003784096957,0.0975167428148609,-0.568932780913306,0.510778023725103,0.139436245631696,0.179944973546642,0.498649668257434,-0.0907861043330469,0.367333072988631,0.465602988080824,0.174460064712232,-0.173575732986758,0.490394304297914,0.339511201580893,0.203966908667523,0.144483592651063,0.216191695404231,-0.0674607087907415,-0.0669900331545817,0.363543822621769,0.323810982016178,0.0456677128821627,0.493975414924759,0.578261721378777,0.696821600333344,-0.0525160306001691,0.701070347986238,-0.365397163845125,-0.263818198913259,0.0487389349169689
-0.465932330801308,-0.558474404813773,-0.578319397863742,0.113837678987617,-0.466214678602294,-0.718435590552578,0.00220657712174921,-0.467457851832096,-0.57915493053194,0.382269671508754,0.184198297306773,0.0346252472277443,0.0618915945617396,-0.032055813770083,0.103716711866877,-0.302042449514741,0.0970773203735099,-0.407405696802717,0.0166426978877025,-0.284191567629808,-0.0553659528205238,0.504359968827299,0.207332666510213,0.083939110072124,-0.124256047535557,-0.211129878253876,0.313339608009214,0.00788237293210076,-0.454367613462075,0.368539937965788,-0.137558508956332,0.570626397778899,0.240338356865797,-0.0610729270674539,0.212781848560101,0.139188889429249,-0.404836168924876,0.261764330673105,0.48423264733347,0.104088839981811,0.243884462717725,-0.0861267781686232,0.650659360556479,0.119323229691527,0.220082332197611,0.558246392480778,0.550664225548495,0.0837772890477942,-0.620807611767016,-0.531127308174285,1,-0.537399139297834,0.190093887240202,0.0240403118823251,-0.331708664848413,-0.773343300975612,-0.560875156598074,-0.440898537582385,0.257825176803761,0.319005219179905,0.212504975345573,0.369012418005555,0.036878200825036,0.42338692674644,0.443160140710074,0.44778114839657,-0.106805086560495,-0.00368834713904748,-0.250297761929619,-0.372620131917018,0.54396351199021,0.101845958569461,0.0604242843500561,-0.189432298932503,0.13944102037795,-0.23877141519827,-0.265604415137574,-0.12542491960208,0.274193066543522,0.473752844535052,-0.0336440560056791,-0.508776485236254,-0.262167558473994,-0.239402918622411,-0.00901047392262477,-0.504989758714895,-0.523673718107521,-0.457241195475384,-0.731635213152169,0.0531708523988491,0.328749672428221,0.18742401172446,0.0256399566509248,-0.262630987249759,0.216485079153406,-0.181044764689754,0.00919660566156802,-0.39237915647072,-0.723261795312451,-0.826220151704553
-0.0299008743217597,0.0547585346940167,-0.0853577549128605,-0.131481646194457,0.10424349533075,0.195492698909653,0.00855376875903324,-0.0914469788232166,-0.0645496565668944,-0.332665501420636,-0.049388861568713,-0.0216822870934507,-0.15763595447484,-0.0156618732527668,-0.358784196575124,-0.15906023598101,0.239768923558821,-0.125876056515279,0.307442805172348,0.0711141090426259,0.388285132134797,-0.214177816496115,-0.444800885105158,0.0864885751638296,0.128485782136102,-0.166235276658216,0.142097756956905,0.0437698602922157,0.215542600351708,-0.328627233403941,-0.236353580484906,-0.330221424982787,-0.216125581616046,0.0509574475720171,-0.146013405636254,-0.142802117970983,0.166947166091057,-0.154471721861035,-0.126168025080889,-0.0751064340208679,-0.321181814970168,0.0755373218993404,-0.330359908104143,0.135283180249344,0.357129300096333,0.124844672374356,-0.120279280553631,-0.0570508231763726,0.334463439492494,0.277994630660886,-0.537399139297834,1,-0.216914433960939,0.0444541664855312,0.0899135312162401,-0.125319259350473,-0.314206355999113,-0.0433545679800832,-0.299119181251591,-0.210831094608125,-0.107847650771896,-0.0807548369633186,0.0401516589197486,-0.263640541063695,-0.149766765467843,-0.443799124846872,0.15247618694441,0.137334753023101,0.304166366940263,-0.00418077678305431,-0.407643437532208,0.0408902319364537,-0.210587195054355,0.275673301159906,0.0731541433796952,-0.015854202023212,0.337456820902354,-0.229828695034388,-0.194371319719257,0.103710201423257,0.289782823140912,0.489105712560479,0.58047890655016,0.405914651150051,0.402454280393073,0.475213394178668,0.25147950675088,0.40195225890976,0.209289766559199,0.435529009817746,0.293506316386293,-0.0654629768878936,0.0446083761488878,0.360186682488325,0.343250046351645,0.256031592505596,0.565552757270889,0.2577554411463,0.283449075652033,0.368186686945184
-0.0119867461633702,-0.033283551452431,-0.36430830041347,-0.348635729315945,-0.497994810093668,-0.41867603328901,-0.124090031743254,-0.293046418963992,-0.288172398250919,0.00792652950569006,0.177001208114555,-0.0508770860140711,0.19807107439598,-0.263699025127452,-0.0138198904182746,-0.0531933159913623,-0.130587997619371,0.00200826255935244,0.0698924901196283,-0.0519037549512763,0.0755406884740702,0.107044401222038,0.135574331850231,-0.0625283880222199,-0.306809560799716,-0.479986734844591,0.0240069465970341,-0.257649702605986,-0.154908698356107,0.127462710821362,-0.225214654154637,0.0704607816312602,-0.0403797135200396,0.0574663695087537,0.12262160703462,0.203927744357437,0.0498870461044281,0.41961724722783,0.61225669414918,0.486837626205457,0.212615593236042,0.147937726082784,0.155317675965931,-0.156958486394748,-0.385524839850481,0.455614867226796,0.584008537633954,0.00601870363141349,-0.0745412595204444,-0.0921667751728745,0.190093887240202,-0.216914433960939,1,-0.128641123498056,-0.235956546013741,-0.61546695887876,0.0429793622035491,-0.205061746242684,0.0683441689016413,0.13158620087499,0.135303759272666,0.253912223304999,0.0160065187193976,0.202065338007785,0.244914701016395,0.0206810794043974,0.0368020530042389,-0.160509607044635,-0.189869122016904,-0.339440119433802,-0.0388534279174736,0.135851653344232,0.0861061836159375,0.42964149439006,-0.172844241318193,-0.354923524031012,-0.0455483484420105,-0.213794606153552,0.317060970810273,0.579451763068504,-0.311335722705498,-0.154222416011106,-0.124465179763055,-0.0123166624922625,-0.146863077123156,0.0542495014304084,-0.372284650479329,-0.0475968967476916,-0.327765439385306,0.11094892193593,0.22337133173657,0.495206265074256,0.201599767866043,0.0348865923993374,0.0651391227788709,-0.0720025823123256,0.0793850661485716,-0.198984484859706,-0.170583376696401,-0.222750536587405
0.0107038502808267,0.16517256978485,0.0717594960684536,-0.0669394136304792,-0.0343010100700321,0.01208287378254,0.145450315435982,0.0353710293734255,0.0674955305194781,-0.194474646262828,-0.0350007704534808,-0.172964447417549,-0.117937806083323,-0.235551619504649,-0.346335162457214,-0.00115061462437234,-0.0854048818540606,0.00550586285376958,0.0524190634918752,0.126692119743251,0.200711996954406,-0.00651054175273302,-0.0162269316198401,0.0317978906058344,-0.213379176859875,-0.682017445633934,0.0850926987740814,-0.205376338625118,-0.248175434479851,-0.242647230323749,-0.0948285262090639,-0.110674315537821,-0.17633984197267,0.0341502644512302,0.23821793208452,0.323871675844956,-0.229057052935484,0.347727440006918,0.66240463378937,0.647878831725879,0.251403965031442,0.288125282710069,0.0806810711163031,-0.0271205055490239,-0.135503885055973,0.39839443218504,0.462151370796597,0.0911652573868371,0.0657173856777692,0.0667678956125542,0.0240403118823251,0.0444541664855312,-0.128641123498056,1,-0.0506212795251885,-0.284923224696107,-0.03739939660169,0.0306682598841571,-0.220093430799028,-0.203407863463857,-0.321778990105572,-0.117105154873935,-0.187460778767823,-0.191601038575022,-0.15703825557496,-0.226537642206644,0.142325236399982,-0.189247645367929,-0.261273614651796,-0.314635485928238,-0.314630312540967,-0.145188550996862,-0.22734625640115,0.523151960833468,-0.359042503996119,-0.400826166050985,0.329370773380231,-0.284191575575355,0.340573026072182,0.70974171506931,-0.197006420202624,-0.200518992186243,0.092816511939259,-0.0375406497357258,0.021958660274764,0.0244447651276256,-0.204750625647941,-0.0152712165710977,-0.234220966401268,0.412284506282396,0.374183444875043,0.408788363740009,0.301782139024867,0.163422152590704,0.389132401123275,-0.0609563425519838,0.327451203296406,-0.174790804040959,-0.191734869083697,-0.105250126811329
-0.00785945967629811,0.408490942828907,0.327957305889174,-0.461676708956767,-0.0195741671663537,0.262213896670912,0.12632380997858,0.223008066736284,0.110391833985147,-0.640050942197339,-0.425039192862057,-0.502372690990024,-0.528284204983824,-0.283638639348496,-0.576143460172513,0.347122199715484,0.181437093006471,0.421065913176921,-0.0423969518876313,0.559612069794584,0.0573750885976037,0.0346256779813248,0.0793156399317534,-0.0059723479178721,-0.455521018168158,-0.454119550187189,0.356467407782495,0.175955533757555,-0.154150010993837,-0.0378830274262131,-0.084711809449744,-0.34112343973857,0.30706775750899,0.401962058298239,0.503367635521168,0.0398342575959555,-0.309636807914784,-0.0768011789575122,0.24654197436628,0.085297271717189,0.384668203710262,0.376122448762528,0.165062466268767,-0.3507292220276,0.143385684987601,0.142828819858638,0.355148020681584,0.247059935125395,-0.193920115753158,-0.11015854692303,-0.331708664848413,0.0899135312162401,-0.235956546013741,-0.0506212795251885,1,0.309515924410318,0.10045166145019,-0.0173106575826223,-0.68891313325364,-0.476184034869901,-0.838041168311482,-0.268306330561258,-0.583055953726771,-0.743132470533092,-0.562789482415467,-0.556755850518893,0.297766820204031,-0.00985039300756749,0.0579862717602035,-0.136875227880605,-0.483183833181955,0.100848926054404,-0.222246055628823,0.221601635451933,-0.298792283828805,-0.271058352894899,0.115744960855514,-0.0671993283730906,-0.0344574470293947,0.202774381007301,0.170175835398921,0.239385721377931,0.455783474518917,0.350585441595373,0.480581480802517,0.720422927933729,-0.10649430360465,0.34060094352881,0.153265397614117,0.675029203908888,0.344701620042971,0.0173797153595234,-0.110981721473443,0.487392985144121,0.380662317952332,-0.249293561297128,0.523081878869711,0.226476496570771,-0.214635791270157,-0.078291768503657
-0.287867546003333,-0.028768079870971,0.267464020326525,-0.737929954618666,0.106628046344443,-0.0552088675273263,-0.382011769397861,-0.0317456875853409,-0.0973473215096579,-0.474294365281444,-0.539351611249785,0.0910651938128192,-0.841876223479644,-0.320447440364104,-0.576165705995608,0.236980096599799,0.723098794455496,0.524135100423206,0.107859222670695,0.356473284762006,0.208911845584857,0.30472418475606,-0.0674745479757785,0.273698724565566,-0.0548274401933307,0.105631163320326,0.0603351912686725,0.288213545023318,-0.0852734905020843,-0.150250420768309,-0.150235396470107,-0.783892019033426,0.644142675750522,0.694094503324313,0.523946661731326,-0.489502924235446,0.112230284875675,-0.621660323054717,-0.331827945731356,-0.330320366013428,-0.170275930281161,0.0860315550297278,0.058002510407817,-0.64757585251472,0.212246018162432,-0.303624091230658,-0.170971593109481,-0.139015613352793,-0.668263694741444,-0.483373089484502,-0.773343300975612,-0.125319259350473,-0.61546695887876,-0.284923224696107,0.309515924410318,1,0.0856918991753833,-0.12548941359257,-0.493212688891023,-0.628133748055377,-0.429727774197943,-0.675825030471147,-0.513954981277812,-0.596714123878903,-0.227698936098702,-0.591908337168069,0.3154757375867,0.567822677493999,0.706508442163484,0.389550544606466,-0.213362898212977,0.763260353758832,0.109778621674437,-0.00759818533951179,0.518176952974788,0.369001268439299,0.0457383046697844,0.291854679439514,-0.259050884716301,-0.248950029279018,1.02046840181121,0.660821697865059,0.635437032298865,0.90558854766455,0.872530075924687,0.845704866305539,0.172165079769572,0.40288896107407,0.329985748505512,0.469920603701173,0.220008307223489,-0.548632696632389,-0.0830773108214366,0.385379428207834,0.264352588406281,-0.505116108368585,0.332067091186203,0.212835734646135,-0.251564049390256,-0.186556412529087
0.0090262948968422,-0.0636170992563168,-0.219532302137106,-0.491098644142917,-0.137991133393246,0.0742001390029401,-0.0835717695021339,-0.459701770681842,-0.150150376649798,0.0951463620777667,0.0220140587910339,0.33578585069062,-0.0587041584482575,-0.165191653480558,-0.461043732968371,0.207757318614215,0.54148468808122,0.136074410580873,0.362566817323087,0.260239143516445,0.703535116700199,0.364331482959269,0.289964571025148,-0.0732601959605878,-0.0216723655529927,-0.0560847282681534,0.145761094154963,0.0142064434512772,-0.027885778037895,0.186359652906291,-0.578434155672986,-0.258698232407337,-0.229058108372819,0.264934427057187,-0.0633796176025871,0.346734492342316,0.253009509583908,-0.156499229939633,-0.171401097745393,-0.0673872999328514,-0.257763783219212,-0.409464054516836,-0.578918609671403,-0.429812264402588,-0.132927648879186,-0.29513801237789,-0.0758087232199921,-0.0480568363860575,-0.0271098233603303,-0.186863679864219,-0.560875156598074,-0.314206355999113,0.0429793622035491,-0.03739939660169,0.10045166145019,0.0856918991753833,1,-0.333364754113245,0.0835784307918111,0.0463145298517307,0.263433257608976,-0.108148131585105,-0.0824309034028139,0.0476645673713875,0.494419719109378,-0.269598839532933,0.387270247343485,0.585736493992561,0.387256844576698,0.339878910436237,0.290701292563919,0.519424139972714,0.545276035736599,-0.106522687068231,0.41672749155333,0.133302912122806,0.172461654162498,0.233912157423192,-0.516756899840224,-0.140644644172824,0.466514479456536,0.29129630592214,0.0982586772098469,0.319535752362814,0.507523649698366,0.131385643771416,0.164090806450775,0.132168320318976,0.220175781479995,-0.0439166303501388,0.000564419941985611,-0.0548474184631999,-0.00761727819103805,-0.428778162301123,-0.274008089038468,-0.153905887601537,-0.366630599722105,0.272286750330686,0.174305734797429,0.000354356027265629
0.116427887734465,0.0491376714536297,0.038128180081071,-0.313756002712498,-0.0872568209631274,0.318019493303327,0.298546351657481,0.0487656440099346,0.0739204284689253,-0.11523289273154,0.128339966924325,-0.0527296938456226,-0.10569893859869,-0.130612351487759,-0.245107521053555,-0.299645289546292,-0.00645916683353842,-0.178072681309249,0.118392769948201,0.0469051522473838,0.203080266773914,-0.175316496836575,-0.214857081177233,0.00697425619942611,0.0665431763508439,-0.232977902619575,0.271962908706115,-0.0892381254109842,0.11920026828091,-0.284780807521068,-0.390386575041282,-0.106933445507136,-0.427115457558999,-0.141705207874976,-0.196193154955761,0.366064666851978,0.0247744962235481,0.080890607107421,0.087959139692646,0.210142493637058,-0.207833883351736,-0.044461195332076,-0.380191324486109,0.217555159612012,0.242328100268071,0.165312883725189,-0.115702161707719,0.0972484425125331,0.364976231890937,0.323862037499029,-0.440898537582385,-0.0433545679800832,-0.205061746242684,0.0306682598841571,-0.0173106575826223,-0.12548941359257,-0.333364754113245,1,-0.206045542115145,0.0305007006605443,-0.0324548657345717,0.0883249789625123,0.157825673572117,0.00682589260455845,-0.00812222010141295,-0.174457626188691,0.210844660559434,-0.0157223047039008,-0.019286060277878,-0.202973607156672,-0.190414119203805,-0.0569009189219662,-0.0595370090219834,0.278579104402643,-0.0573468149654502,-0.167932036793115,0.442461145142527,-0.21356134690203,0.000192542565439602,0.352593798792973,-0.0039507055147005,0.169264261760271,0.347834449796914,0.107997271644674,0.337279128101394,0.128779706756584,0.225217248435253,0.146389684625002,0.0983060431999808,0.410508358525203,0.290994781043753,0.15953708675897,0.0996908437821275,0.140084376368631,0.21587321925351,0.260094261176146,0.35722952843395,0.18822422786803,0.200345651250529,0.337386774695998
0.168958200509785,-0.267142767108858,-0.186340055260923,-0.032082513435877,-0.668152975717817,-0.521814012395547,0.228297673104169,-0.0772818211288455,-0.338083281359454,0.0935275826346562,-0.0778841109303614,-0.342799209635823,0.295311645581945,-0.445984881639783,0.345909052767677,0.112412079003954,-0.383867224042112,-0.195873040377524,-0.471442873259812,0.0192777779888755,-0.354136799814733,0.21375278401095,0.40634125709017,-0.0930152661089871,-0.471829514733971,-0.974867110684777,0.209747158455288,-0.193681940551638,-0.506483170802601,0.330623051473701,-0.20806232819783,0.592934049973702,0.0965976814217611,-0.134346388433742,0.29863633822259,0.627810830957581,-0.560978859681069,0.86876582665468,0.923126147140843,0.620353011978759,0.781864730404273,0.0163137233201287,0.497928764665402,0.371604545880182,-0.242870872937032,0.869739139119195,0.802099588320741,0.782855191486917,-0.102186437257093,0.108980145762244,0.257825176803761,-0.299119181251591,0.0683441689016413,-0.220093430799028,-0.68891313325364,-0.493212688891023,0.0835784307918111,-0.206045542115145,1,-0.256730432253939,-0.250136580179835,0.309351866429715,-0.306326745874109,0.35203432442057,-0.119583760814049,0.447792074858795,0.136634410632271,-0.551116524756337,-0.849591389138349,-0.682415736067587,0.0822883721207854,-0.522260168553911,-0.161618120920579,0.0100382307256762,-0.631305145741152,-0.906250325897429,-0.44390378117874,-0.515704898796348,0.587105183876508,0.756522605174439,-0.681973016546027,-0.693212124329164,-0.459223189140769,-0.615381241390185,-0.477853553128022,-0.544797291390276,-0.909367888600074,-0.627724398061559,-0.749520933297939,0.184312331532771,0.125912536634551,0.519500639106518,0.0673470175243779,-0.242065567712323,-0.0163118080582802,0.317046986744281,0.0714139387254003,0.0903651421226366,-0.258875190349623,-0.549883453848799
-0.101755388102354,-0.324414628590332,-0.289532111540126,-0.0847043509323657,-0.632242657567243,-0.499133031640976,0.374312760554852,0.0674158922191412,-0.328103101101478,-0.254636765483381,0.136093517031136,-0.26305267546272,0.197042389790436,-0.145471141293648,0.469211936369395,0.0582834712183196,-0.392869080978351,-0.277706814429758,-0.350524617499416,-0.270564257322578,-0.2026871432074,-0.0165966211448756,0.143777350220587,-0.148697671055047,-0.363413445031852,-0.83855605800193,-0.0276261718532693,-0.321760082657987,-0.359042671469563,0.032955346984159,-0.0830472950628088,0.56436329353895,0.262786689769652,-0.120383853551348,0.167289182192256,0.322218283347048,-0.559961063657117,0.723393599219196,0.709915152080486,0.539088352016857,0.691039357424056,0.221201260502474,0.452818046577474,0.485410378312402,-0.256489840418309,0.992008135091501,0.717383221964092,0.800649807874021,-0.12664909839537,0.133132948209642,0.319005219179905,-0.210831094608125,0.13158620087499,-0.203407863463857,-0.476184034869901,-0.628133748055377,0.0463145298517307,0.0305007006605443,-0.256730432253939,1,0.00386912683407592,0.400020455235426,0.0249660477156777,0.316871743696064,-0.0475049022528244,0.457163180366343,0.203341916092663,-0.789118982665672,-0.802471438045007,-0.799936135888186,-0.0735195247091004,-0.65009134274182,-0.469242018781859,0.213471268891441,-0.528585108758758,-0.995603983666412,-0.226763731392751,-0.729646992871619,0.95615598406698,0.934518490947709,-0.666223594679179,-0.509768779700675,-0.305663390789852,-0.382087234967951,-0.711644445861896,-0.390119452771737,-0.815536501851601,-0.597095526325014,-0.779244996345445,0.265888366515982,0.442200939575213,0.467030272810457,-0.341952398618377,-0.184908304185472,0.0856874625833662,0.375369740570005,0.345671814181469,-0.0314637530483766,-0.287230967969548,-0.37629352286751
-0.0588673398974526,-0.175837219272765,-0.257631334947199,-0.0848649560594216,-0.785761890205803,-0.569705183571535,0.469769337093573,0.198511934916726,-0.223780940884342,-0.378958312005163,0.0912977264147515,-0.186006475185926,0.263722934521175,-0.234743848013129,0.295640693182045,0.551215799043199,-0.174474539614547,0.0868250318620896,-0.219935130709023,0.11670314150722,0.11539729147786,0.0296878408150855,0.363258193848883,0.270894919752375,-0.277271236053454,-0.683688883561901,0.107074787243929,-0.23854393935878,-0.00400940709927455,0.0689276502987206,0.0366829347823387,0.582794371694124,0.0407637737466187,-0.0282674150114798,0.0583617782149514,0.270822318061854,-0.499026786995686,0.484382235510992,0.429121128975723,0.431159308303825,0.270479377752463,0.0930305323392986,0.0423067233105736,0.214623785721858,-0.111704528821373,0.571200604832867,0.331100198830082,0.484383898116526,0.0218042484058621,0.161667832062445,0.212504975345573,-0.107847650771896,0.135303759272666,-0.321778990105572,-0.838041168311482,-0.429727774197943,0.263433257608976,-0.0324548657345717,-0.250136580179835,0.00386912683407592,1,0.397498392420106,-0.157513231481003,0.264595246976215,-0.0233552374490311,0.157993448355813,0.160295014698549,-0.588778263923097,-0.693868275605338,-0.547620247350422,0.194838392649774,-0.519436450559929,-0.209055279203566,0.410284034808294,-0.252661801892574,-0.756903906481824,0.106181833473807,-0.609598369183251,0.652783122143277,0.751026116544097,-0.590231493338049,-0.493478383130788,-0.1119189665834,-0.359449946069764,-0.448269808802757,-0.368462998055879,-0.704373227921106,-0.486608908770083,-0.412005561597976,0.233954223392181,0.187188572933972,0.412215994622799,-0.257011585750164,-0.136619951234875,0.268335824661247,0.253001934713451,0.321153107890517,-0.00296609832646494,0.0367311401448658,-0.158513243486406
-0.262502372721518,-0.321822068792221,-0.545626459272199,0.108735084947646,-0.567292200782007,-0.629760784756443,0.574196411364857,-0.025468652978375,-0.150575424391199,0.135155045748244,0.183754178148129,0.0514686370793984,0.0707575494390035,-0.242164609691933,0.274414993188995,-0.0528122503594086,-0.0994174381814461,-0.312631473031966,-0.271354641833786,-0.371765361327555,-0.0266892927889355,0.0690322997361177,-0.210687728446184,0.285192498860395,0.209078866531678,-0.466170664218247,-0.283733236189453,-0.410221884741077,-0.26969084817814,0.222530507800963,-0.185775396744504,0.20316493668893,0.181036664160131,-0.192161765229238,-0.18744627007138,0.227323173655646,-0.390026318626455,0.34151877300883,0.591568417541559,0.455242732294013,0.108663745256119,-0.0322823860242272,0.228485852426973,0.0649057726120549,-0.283741023468784,0.595286289405949,0.424518766942178,0.186747810039238,-0.339100017322977,-0.181004645192505,0.369012418005555,-0.0807548369633186,0.253912223304999,-0.117105154873935,-0.268306330561258,-0.675825030471147,-0.108148131585105,0.0883249789625123,0.309351866429715,0.400020455235426,0.397498392420106,1,0.170180163210003,0.386724356113841,0.381065546815207,0.362583654234208,0.153258895040929,-0.373426686413512,-0.466610078937214,-0.426661147747545,0.216471304831499,-0.143546059242512,-0.274448504893373,0.287946160465194,0.165019135187672,-0.287545351515411,0.336064666075303,-0.496422598259655,0.574490810125332,0.7313207529774,-0.278377789879757,-0.601276780333707,-0.265082312557779,-0.171369796136114,-0.481209787809113,-0.360647475401298,-0.420169652343943,-0.47458843411461,-0.526808182091334,0.167453467661604,0.431753313282326,0.3404162258598,0.29768003661452,-0.234908963799292,0.392297035035133,0.0285734866047244,0.12410434402372,-0.384435898694624,-0.319438481224342,-0.485487465005172
0.209453797680445,-0.191412257060337,-0.228508985855751,-0.376762221811651,-0.748634653231028,-0.560825046164596,0.667642470603651,0.207405265014625,-0.17994659090714,-0.318175149374448,-0.0160472832901468,-0.510784431896275,-0.0631909708619217,-0.587673565212292,0.0538455996385586,-0.0114355949815761,-0.338748659397197,-0.0481214258418615,-0.7029472908885,-0.097783294510549,-0.37049500020721,-0.145199433683162,-0.171288073946005,0.0585509061441979,-0.243467454183273,-0.698269278154375,0.0748053645571714,-0.505926336591509,-0.0384867474370996,-0.0532715125794339,0.00803329777535194,0.19983548301331,0.33621244960548,0.0325890341607367,-0.036918571443544,0.0667796661766756,-0.362697120027385,0.408358463400892,0.60171920080622,0.521868128843617,0.33372496684671,0.203155839381526,0.0713415509584855,0.172036000216855,0.106576210980694,0.710366292099808,0.450163602851459,0.449582184354615,-0.196966322831851,0.195417485869358,0.036878200825036,0.0401516589197486,0.0160065187193976,-0.187460778767823,-0.583055953726771,-0.513954981277812,-0.0824309034028139,0.157825673572117,-0.306326745874109,0.0249660477156777,-0.157513231481003,0.170180163210003,1,-0.0913607609464373,-0.468585889372142,-0.0247224113280878,0.277117773931063,-0.787091123533235,-0.410407969811062,-0.605683003819035,-0.284127773874722,-0.39116657593951,-0.457995777913292,0.573409472756597,-0.510989472431963,-0.794757932463053,0.517503129143194,-0.637078848149135,0.790771045581865,0.879287314537544,-0.304394239371699,-0.1211598748432,0.436902392079895,0.112106843147782,-0.132964840341371,0.169847202742154,-0.307097613652615,-0.1062386169899,-0.175467014547341,0.766198006611137,0.903985887904434,0.532436767704203,0.0687201430831073,0.228515863147561,0.327313878176679,0.274094516307813,0.678252950808803,0.195637587955313,-0.205726694940383,0.155362809301598
-0.0741326056191722,-0.341998113443082,-0.468351536816856,-0.0900530023116257,-0.72864817949674,-0.805412824666538,0.701672115866916,0.215145506687058,-0.287031570305467,0.429198264519285,0.149313056309734,-0.164489941952322,0.218024961607447,-0.438771471132298,0.269553157654183,0.0745219946676359,-0.344458298180422,-0.183087325122597,-0.805723074495096,-0.237196478574717,-0.442805449844784,0.135534947439632,0.00355390621115209,0.20993670367793,0.100290696261127,-0.600640421682731,-0.368457919373361,-0.673059326447702,-0.152120595766639,0.0870687926426107,0.0400695969787951,0.684467109173936,0.512746032136144,-0.14819411148217,-0.0210941899585805,0.211529671769451,-0.564786940995475,0.574053177973895,1.01241051524886,0.711159802037375,0.435596281651254,-0.0629488592698231,0.380628856209605,0.0223214961820524,-0.38561372475735,0.631836875471387,0.594557367908269,0.519977969062391,-0.481761048745116,-0.259371161040007,0.42338692674644,-0.263640541063695,0.202065338007785,-0.191601038575022,-0.743132470533092,-0.596714123878903,0.0476645673713875,0.00682589260455845,0.35203432442057,0.316871743696064,0.264595246976215,0.386724356113841,-0.0913607609464373,1,-0.0149546313660082,0.411118423256054,0.224839572551951,-0.945513129176374,-0.705844634786214,-0.743158783409529,0.0282371294410385,-0.351643916508529,-0.53470823373371,0.50315565962401,-0.21261288202198,-0.618641931981092,0.315366572056612,-0.595166599587254,0.831390578257943,0.994134096128501,-0.371875494629025,-0.717848230884084,-0.228762172997744,-0.319479566258916,-0.46091856878869,-0.355564590802977,-0.492345399016328,-0.51371250050525,-0.454616695569515,0.417869422084154,0.593406550404866,0.671642683817926,0.142809622176775,-0.24074164614049,0.36411084984346,0.00100637361562839,0.271728768396058,-0.121777861321428,-0.520774423336163,-0.331714788800239
-0.157177387256662,-0.086040816197057,-0.211048604772529,-0.145178506585525,-0.624782325152155,-0.509359570274186,0.33780262054368,0.217279401996371,-0.186085831565242,-0.0344502842697929,-0.179772501020311,0.0273794097011049,0.249232959459588,0.0155094877086964,0.23303921166013,0.23898343391697,-0.208999292547594,0.0872552833360477,-0.273665320828528,0.00855101660755196,-0.227761495381337,0.270307636203282,0.447842806958155,0.0865487011245336,-0.290496209878249,-0.615983342508571,0.0445624731897363,-0.21257900994994,-0.147294794941612,0.0871727816668292,0.212919932151044,0.563208557678058,0.425955705197171,0.144205836966022,0.38757073509635,0.121558004730512,-0.443942480097654,0.552592005594006,0.631536276524393,0.42648546895312,0.541201669184496,0.212600961295234,0.475506888830958,-0.150357016966391,-0.418601777371944,0.495794228973438,0.680741902191209,0.571375187471196,-0.382423226631223,-0.350132966782915,0.443160140710074,-0.149766765467843,0.244914701016395,-0.15703825557496,-0.562789482415467,-0.227698936098702,0.494419719109378,-0.00812222010141295,-0.119583760814049,-0.0475049022528244,-0.0233552374490311,0.381065546815207,-0.468585889372142,-0.0149546313660082,1,0.290577835633532,0.0323974903157508,-0.585884457870679,-0.588455487252352,-0.56754250958768,0.00537822177061653,-0.459064384121166,-0.270304015367964,0.246433051955863,-0.314134101717179,-0.621645296254948,-0.344415866710673,-0.384794577862419,0.437073138358704,0.453965105654902,-0.375669449969066,-0.423345049170947,-0.236847157009216,-0.225490159809372,-0.449368919678655,-0.280793630220617,-0.688287168866206,-0.319095997667266,-0.419330461406593,0.112827682031325,0.122330715850511,0.330143418067871,-0.43345587097462,-0.280523594673107,0.0866638420498427,-0.0475148892343344,-0.0257581320111739,-0.0234130229831248,-0.343072427533023,-0.440568417576027
0.0148714343947229,-0.474899914674461,-0.682861593359708,-0.204917558228249,-0.753643409273987,-0.745325998538888,0.433860997029643,-0.226560009438161,-0.487721209043671,0.464761847914388,0.282147113590133,-0.180880306767763,0.252101297150446,-0.370692055042757,0.0616392530028538,-0.0935307010941094,-0.114768751412392,-0.0848245443562826,-0.40354641808544,-0.172942349073902,-0.131300500620869,0.161159009527004,0.0855729785299966,-0.162661027642622,0.0336312717720369,-0.866504574416988,-0.500812295155106,-0.933582539047941,-0.353379014698436,-0.13566453239529,-0.325191171230453,0.36115970803269,0.329602803646412,-0.0567630708706782,-0.270477718947417,0.540169915285664,-0.613526966157659,0.526182520297048,0.969504122958305,0.599097536436222,0.511408020538328,-0.200789508621455,0.214982374505251,0.0654140123077034,-0.426095676497053,0.626969809526322,0.653719278183403,0.519196533370319,-0.351044204620714,0.0947714040190691,0.44778114839657,-0.443799124846872,0.0206810794043974,-0.226537642206644,-0.556755850518893,-0.591908337168069,-0.269598839532933,-0.174457626188691,0.447792074858795,0.457163180366343,0.157993448355813,0.362583654234208,-0.0247224113280878,0.411118423256054,0.290577835633532,1,0.516166428680589,-0.388808065368364,-0.309056775650824,-0.296277273740426,0.357643754489319,-0.287061738655949,-0.216517473033829,0.385839070241226,-0.19589627635795,-0.884838866617942,0.115301046697112,-0.824846649629188,0.739499996587157,0.942221549903024,-0.375519939132254,-0.278837858551027,-0.062147282647813,-0.174129897515574,-0.539358135981992,-0.191563177136541,-0.456173435334429,-0.505090493364235,-0.309524129668551,0.563892866833579,0.832401065305317,0.791806959029442,0.321335878411502,-0.304941022007589,-0.00965382167620844,0.192593230203608,0.107732183842542,0.133373542538678,-0.144128713507899,-0.0374048565933404
0.136618755154867,-0.00800282021534776,-0.0393545370316472,-0.0420331098598225,0.180551918414031,0.0883962270713395,-0.0232445032024876,0.119829090295632,0.135647996292211,0.236645531234078,0.0261496166660902,0.0428367749915845,0.131907336331818,0.0612847351186435,0.39605606833189,-0.0113107297855496,-0.101946838540835,-0.316301996070219,-0.276969510299257,-0.0458525428501378,-0.212251413411989,-0.0429728228289041,0.0903756039151195,-0.153125207044584,-0.068252210868883,-0.071646664660354,-0.231150339453401,-0.068277154597966,-0.264602527765004,0.141672228550041,-0.109679859480272,0.214144307555477,0.326666993201814,-0.18274054301762,-0.0397838034153468,0.0266166194764182,-0.394876869824948,0.144804792456389,-0.0115870345499954,-0.124407024404856,0.165814052328566,-0.226777021493944,0.0498604405535988,-0.0198596810370134,-0.224618185348796,-0.0655408416579277,-0.136169644304674,0.32688658841744,-0.257767295846692,-0.175652419221739,-0.106805086560495,0.15247618694441,0.0368020530042389,0.142325236399982,0.297766820204031,0.3154757375867,0.387270247343485,0.210844660559434,0.136634410632271,0.203341916092663,0.160295014698549,0.153258895040929,0.277117773931063,0.224839572551951,0.0323974903157508,0.516166428680589,1,0.149028422805852,-0.120571875844019,-0.0763786355412713,0.0160784620106915,0.0759292493630606,0.065959998644488,-0.25744841475111,-0.020477369855693,-0.0518709041304637,-0.116326175844279,0.018342589483339,-0.101751347116339,-0.0420037674672874,0.230360781152943,-0.174915779090607,-0.255813911982305,-0.0751101406084651,0.0228073571337203,-0.113545856553662,-0.282563968447108,-0.333728641216308,-0.308005951461049,0.27708940147747,0.163591183427598,0.100745692535794,0.0990993016166778,-0.176428065054969,-0.0738927836477185,0.159814332347823,-0.135891914348309,0.230303870728236,-0.189694076581051,-0.216099107462173
-0.0362825096750845,0.0801078891721655,0.320446416484231,-0.300889078147389,-0.0502747944398592,0.111813341047609,-0.0467897033940167,0.21010896070772,0.214422349321977,-0.432994873058868,-0.833236650257017,-0.141300427638159,-0.473219777018618,-0.332001770172279,-0.50519145025436,0.755124879406211,0.211171042736033,0.628904177059375,-0.272663801044489,0.684635580172782,-0.265389233381623,0.3448643799521,0.315568741411645,0.442611603217168,-0.2454237176016,0.217534321872048,0.202005563764183,0.592704290442465,0.24025844389828,0.210307327149584,0.519241345733958,-0.351486471860327,0.823794103349559,0.597584810889991,0.916917769736832,-0.337229476749301,0.0738380816966222,-0.404034799123971,-0.0823347627113154,-0.257985132356106,0.202508576985876,0.199454976552699,0.400284493155175,-0.600133652002704,-0.0590278191939082,-0.348090549245937,0.15154783488986,0.134957341283924,-0.597905433906253,-0.467662894798462,-0.00368834713904748,0.137334753023101,-0.160509607044635,-0.189247645367929,-0.00985039300756749,0.567822677493999,0.585736493992561,-0.0157223047039008,-0.551116524756337,-0.789118982665672,-0.588778263923097,-0.373426686413512,-0.787091123533235,-0.945513129176374,-0.585884457870679,-0.388808065368364,0.149028422805852,1,0.143401686165478,0.202779373499022,-0.287366401281878,0.252705357524316,-0.102102782796818,-0.246306322687798,0.17977236386486,0.305846850331711,-0.027290790750297,0.28957075379914,-0.312257325484898,-0.471443722993376,0.424540234935788,0.0691597978301999,0.0886504315241122,0.361081080361446,0.303417815135918,0.500593059226779,-0.145846013455879,0.3769030978328,0.349472723506968,-0.0597436082374126,-0.252354278189241,-0.516370195764856,-0.317047228858901,0.169865398079091,0.134271052302145,-0.618945270280089,-0.0944552699933046,0.152796503107481,-0.186181698694879,-0.253910120683851
0.089801909653428,0.354470676019012,0.50672074855014,-0.322543375848919,0.143110109736606,0.484095929125579,-0.215278282498345,0.136209904035003,0.318610020762878,-0.788097531223503,-0.647700706374568,-0.354572181980274,-0.485837917980788,-0.169291017784161,-0.385877878404898,0.627718566572131,0.134312132333418,0.478571788000273,-0.0451590426074129,0.637863906306555,-0.0517501094193562,0.0322269744775568,0.323903609884326,0.285906876254045,-0.504589512908782,0.486710938683943,0.612813302515016,0.936485598807955,0.285605546695835,0.450825953591044,0.328711271504002,-0.515481384911599,0.339868517260636,0.378844764067658,0.708354522977358,-0.243733246549014,0.359002266617251,-0.375072566960877,-0.458938670324544,-0.4545668726947,0.250923011435159,0.23877003887011,0.150825151943978,-0.239068763440073,0.333370299916261,-0.298991520855142,0.0147303752618495,-0.0286139885206322,0.110350178009729,-0.00844431359523579,-0.250297761929619,0.304166366940263,-0.189869122016904,-0.261273614651796,0.0579862717602035,0.706508442163484,0.387256844576698,-0.019286060277878,-0.849591389138349,-0.802471438045007,-0.693868275605338,-0.466610078937214,-0.410407969811062,-0.705844634786214,-0.588455487252352,-0.309056775650824,-0.120571875844019,0.143401686165478,1,0.173967502952485,-0.383417583587163,0.152878726437202,0.199287775995503,-0.416588031838517,-0.0847963499841383,0.37673862181793,-0.229127555607898,0.524740071117293,-0.535254385416847,-0.765946471625936,0.189297002757967,0.199197126329736,0.0709800442886326,0.0845154443247299,0.382564888432118,0.35394442356354,0.160529526783229,0.363055868414988,0.273540209605612,-0.165863325386406,-0.487518968843445,-0.594444583985845,-0.33814965323643,0.4142864817298,-0.0231634934262195,-0.18986099796903,0.0160810325610821,0.0922935693799015,0.217699530648901,-0.0489785340128584
-0.0278171359057915,0.0480502749999602,0.271854275387524,-0.485298316290766,-0.124934906195082,-4.39252189433637e-05,-0.294982734381975,-0.0918811820930749,0.0119135188632644,-0.574344484653235,-0.643292547522131,-0.266775118742398,-0.661535544015228,-0.448552350971302,-0.497795283156654,0.494639221753771,0.206165612335718,0.363704422288293,-0.255899391883426,0.471284747998285,-0.242834230402561,0.171484079490275,0.165830850619575,0.300126589431971,-0.502582922272818,0.310351949815485,0.438478887190239,0.797294517326349,-0.023770627166689,0.404036702343876,0.324199736303603,-0.507899199525115,0.728772597944487,0.544379804924219,0.875317117115173,-0.377553953658151,0.336554125128356,-0.287238593225914,-0.122208138475086,-0.445472608601938,0.324813741132373,0.225043312158963,0.354714098918394,-0.402728965079882,0.179205109222889,-0.160603443617886,0.226062315768402,-0.0514963261996518,-0.238587050183064,-0.31623464718869,-0.372620131917018,-0.00418077678305431,-0.339440119433802,-0.314635485928238,-0.136875227880605,0.389550544606466,0.339878910436237,-0.202973607156672,-0.682415736067587,-0.799936135888186,-0.547620247350422,-0.426661147747545,-0.605683003819035,-0.743158783409529,-0.56754250958768,-0.296277273740426,-0.0763786355412713,0.202779373499022,0.173967502952485,1,-0.400513871638844,0.439694451852178,0.0862726655854287,-0.437620166191855,0.0996145313221152,0.351979887747442,-0.413154209463456,0.402611823099358,-0.374997306098187,-0.616364758509911,0.486545418674416,0.311399094424025,0.211851123532694,0.368358789225201,0.434155189354829,0.609731883056337,0.0605572047021372,0.432200782655717,0.109509014671402,0.0743051097532938,-0.179002834711088,-0.441906688575741,-0.185891805624731,0.425177422890926,-0.00291830428484335,-0.348195275064962,0.110992997162273,0.0710211700162904,-0.0195332320323881,-0.232648585990483
-0.170498806810974,-0.441003034948827,-0.214612029827687,0.0538673756376623,-0.398569828847143,-0.613848023327091,0.0834822860295103,-0.0437906339341154,-0.27690561267245,0.114717954637519,-0.23570751520173,0.226767879933764,0.114167413663625,-0.0499236944263251,0.238989449053713,0.150322922373772,-0.165742869022807,-0.0461683381179805,-0.315537425184304,-0.260300096048499,-0.337025499308474,0.229915434718447,0.18135606504461,0.104314552069645,-0.0175739242631193,-0.193134585145342,-0.187692713054563,-0.0258462370481138,-0.325290359424945,0.143904478954103,0.402195674202624,0.419815569976804,0.715519470159176,0.11449574506814,0.527288096501881,-0.212754605914348,-0.293529690966176,0.291780295339357,0.521063084129871,0.137790998513093,0.325376605419387,0.176634103206723,0.494046887848564,-0.000293770220542722,-0.446777705867483,0.338400923616728,0.392635192808106,0.295294960160928,-0.570798472215434,-0.415003784096957,0.54396351199021,-0.407643437532208,-0.0388534279174736,-0.314630312540967,-0.483183833181955,-0.213362898212977,0.290701292563919,-0.190414119203805,0.0822883721207854,-0.0735195247091004,0.194838392649774,0.216471304831499,-0.284127773874722,0.0282371294410385,0.00537822177061653,0.357643754489319,0.0160784620106915,-0.287366401281878,-0.383417583587163,-0.400513871638844,1,-0.119446367939271,-0.218474934483689,-0.0591001553078127,0.0123791133372008,-0.184858058325654,-0.349119978805696,-0.227105299622861,0.427483830127474,0.23180128438818,-0.138239169533707,-0.317393698106877,-0.241150949141092,-0.149729104947052,-0.551464615306708,-0.177817475475536,-0.619656033427694,-0.239753905076547,-0.465425945593817,-0.0897219869690667,0.0567761253369124,0.142580556366557,-0.21241194416278,-0.180735950150291,0.0270937815060967,-0.118089732133323,-0.0398960075316782,-0.188496720782355,-0.238149271075089,-0.409448219570838
0.555571130174744,0.108775663067248,0.194976382989879,-0.473868644190896,0.00273735209782323,0.441630721596717,-0.342965140891206,-0.151385743806538,0.208178146232832,-0.380138657709218,-0.759685660449674,-0.396257435019648,-0.103369831145627,-0.382160908355685,-0.461993017264051,0.76529361338548,0.00135938913440292,0.561848017883452,-0.191235200021121,0.719475712908639,-0.357389306921485,0.275374278323327,0.634282933393631,-0.28404056368991,-0.935163975450532,0.0481754423116141,0.579957014899288,0.657274985802365,0.124081445803885,0.400532958518707,0.233109854111856,-0.212780891936453,0.350126334115351,0.497069373058928,0.647296776036004,0.0654649219714984,0.217261486588697,-0.0156019111916679,-0.21788000749824,-0.423909439721464,0.520312732012283,0.00924925842197982,0.158812927559621,-0.191761183568668,0.0575485746583081,-0.252984725756848,0.238180758589547,0.447588649160554,-0.0307215635241496,0.0975167428148609,0.101845958569461,0.0408902319364537,0.135851653344232,-0.145188550996862,0.100848926054404,0.763260353758832,0.519424139972714,-0.0569009189219662,-0.522260168553911,-0.65009134274182,-0.519436450559929,-0.143546059242512,-0.39116657593951,-0.351643916508529,-0.459064384121166,-0.287061738655949,0.0759292493630606,0.252705357524316,0.152878726437202,0.439694451852178,-0.119446367939271,1,0.405922183034113,-0.67222453463961,-0.263647815090536,-0.102017300937789,-0.2474213309143,0.269760266027398,-0.356699921649381,-0.58781694024937,-0.0653256518531208,0.309218116730862,-0.121508992025325,-0.0392069789639586,0.0840204785427264,0.210059053832277,-0.318473075320354,0.237729235977235,0.302963419783382,-0.320711958576901,-0.449717907882059,-0.186092307714531,-0.519121231070231,-0.0702010565216657,-0.680166605188889,-0.0677311306205929,-0.497916436802707,0.504543411541263,0.212912025273281,0.0468034484796879
0.0783711497046759,-0.166578220051883,-0.0194697503048577,-0.571161533499824,-0.341961987662773,-0.386569038390896,-0.100569009078254,-0.0798464591820184,-0.0391395930062218,-0.0512119141971246,-0.521884633861761,-0.123702010028018,-0.329005579250112,-0.713929603602792,-0.402226613879057,0.63398309472388,0.0893237662890811,0.415932813825869,-0.550408596453145,0.259548252888094,-0.421426738873969,0.488913474611333,0.271044760549899,0.10838761333889,-0.481799449836791,0.00195684775017485,0.0771504920707289,0.196021092535011,-0.202562385499427,0.440040734931812,0.235719497109712,-0.0975405696468841,0.968187276704012,0.619390813366081,0.772453504755839,-0.322472168073777,0.0125183732489646,-0.0561846869687348,0.238995022073989,-0.214556698423164,0.291325052416607,0.029696732212303,0.369029954604802,-0.547639937719844,-0.31493308714006,-0.1388111262872,0.370432406460802,0.0416584720723788,-0.762927904128743,-0.568932780913306,0.0604242843500561,-0.210587195054355,0.0861061836159375,-0.22734625640115,-0.222246055628823,0.109778621674437,0.545276035736599,-0.0595370090219834,-0.161618120920579,-0.469242018781859,-0.209055279203566,-0.274448504893373,-0.457995777913292,-0.53470823373371,-0.270304015367964,-0.216517473033829,0.065959998644488,-0.102102782796818,0.199287775995503,0.0862726655854287,-0.218474934483689,0.405922183034113,1,-0.232189353863026,0.103924411870714,0.0824670802333625,-0.244330095796662,0.105825666299003,-0.024380796664522,-0.121090359317913,0.377179020350724,0.078445614892508,0.0253673709161491,0.319623049669303,0.00510616870335218,0.375911583491705,-0.389242733610295,0.171852386930489,0.0327171611123165,-0.0820203373997283,0.0432733613765978,-0.045743736541404,-0.148065743497042,-5.26088171872718e-05,-0.225098194928739,-0.499878576006427,-0.171208389639354,-0.0388154278940566,-0.313870854090832,-0.32472540329246
-0.0411717611078098,0.196771374384114,-0.163320893363593,0.620170596872072,0.317839443003874,0.31387940691756,0.306414560710181,0.129131233321575,-0.0581884352074508,-0.116618923448623,0.311913184720327,-0.125456787734653,0.266995945235952,0.422764147394772,0.276916805480343,-0.319400494638146,-0.427650071978664,-0.864341603223875,0.163422417709705,-0.500544642160147,0.0663846832173764,-0.593112388020677,-0.437750495801072,-0.273746505624385,0.0288402130041509,-0.236543545636396,0.199373993022231,0.144169292240357,0.173306923820598,-0.148700238151981,0.0368282337922191,0.500205107102743,-0.803264009797109,-0.646067143304874,-0.659786684135876,0.0449242194904177,0.143960472164836,0.462974311938121,-0.375372352115476,-0.146728109705015,-0.197931426078653,-0.0632764603219139,-0.24383239675544,0.871027280823408,0.274429048653442,0.389350217736927,-0.19348904615941,0.191034499851599,0.889678686243857,0.510778023725103,-0.189432298932503,0.275673301159906,0.42964149439006,0.523151960833468,0.221601635451933,-0.00759818533951179,-0.106522687068231,0.278579104402643,0.0100382307256762,0.213471268891441,0.410284034808294,0.287946160465194,0.573409472756597,0.50315565962401,0.246433051955863,0.385839070241226,-0.25744841475111,-0.246306322687798,-0.416588031838517,-0.437620166191855,-0.0591001553078127,-0.67222453463961,-0.232189353863026,1,-0.290358864203355,-0.214815877771235,-0.108847104162686,-0.395527718155961,0.0837011562320333,0.0769118655719842,-0.425094998046821,-0.0492862277826374,-0.197900721592198,-0.410400114090191,-0.2669544064924,-0.485829583646203,0.179694266143973,-0.274706375554435,-0.342599158156005,-0.0734415351401801,-0.119615422619252,0.158583423097342,-0.103708188059387,-0.0816367401677788,0.0779273622722915,0.876804072475752,0.156568058285554,0.134520250934463,0.309731623529022,0.192309402482819
0.191020124676844,0.00412230833562127,0.128512092022361,-0.276513182701581,-0.301639507804651,0.176178979056269,-0.196713403262968,0.0479293418749882,0.139886726231228,-0.52580939582017,-0.408379635609739,-0.0223486531380596,0.0421139226689791,0.132300303960757,-0.163032273983883,0.445150436147498,0.111854522132741,0.399000495513364,0.0878302421796783,0.652554525825456,0.0112887042734851,0.0339028536512749,0.524830096208246,0.245644785420903,-0.391740068463142,0.0698018855402123,0.420956705393842,0.504416619546289,0.340391003716898,0.00570432997114121,0.272941932434889,0.0243505795534585,0.191679678522999,0.371083413131341,0.499896980409777,-0.0148849331205621,0.192962417456695,-0.00937933469388508,-0.210749496469031,-0.30557321440907,0.263020626159186,0.0962701802120932,0.0697412943211899,-0.0653923774608021,0.0489882853107982,-0.100797708197313,0.0842073728118761,0.378369277768935,0.278106702906916,0.139436245631696,0.13944102037795,0.0731541433796952,-0.172844241318193,-0.359042503996119,-0.298792283828805,0.518176952974788,0.41672749155333,-0.0573468149654502,-0.631305145741152,-0.528585108758758,-0.252661801892574,0.165019135187672,-0.510989472431963,-0.21261288202198,-0.314134101717179,-0.19589627635795,-0.020477369855693,0.17977236386486,-0.0847963499841383,0.0996145313221152,0.0123791133372008,-0.263647815090536,0.103924411870714,-0.290358864203355,1,-0.111565650960068,-0.33069414410693,0.000767965493800316,-0.234279427755198,-0.377272711169565,0.0027885362884682,0.254905676265942,0.00157012415925185,-0.0245934213419768,-0.0101971543461186,0.0964936650051298,-0.125274961204805,0.142238629610128,0.182081584204032,0.0104029650499771,-0.312581713156107,-0.209662311877057,-0.662847148516676,-0.0734574505208873,-0.114864650820455,0.120997661590373,-0.160233896598958,0.406131918402486,0.50948728051516,0.122737316282398
0.1801264550855,0.0912535179450661,0.283206518423045,-0.482319841873147,-0.112646310005671,0.202105754992121,-0.432347416107551,-0.0520208180987174,-0.0250852289266821,-0.851246429676365,-0.657373577148089,-0.23114608924111,-0.327732671079541,-0.229052917938997,-0.697992833632244,0.654127588459468,0.402290043151438,0.769372066760945,0.1983137814087,0.680876195073459,0.0648608656749559,0.115671614050416,0.345699429271175,0.237181815956217,-0.562819942903169,0.0172737282413742,0.634904294970989,0.664470464222784,0.346678085019948,-0.105241631510965,0.518902515269422,-0.329554177628773,0.267726629453611,0.786219707143711,0.723400707138705,-0.398148118216333,0.431186516879367,-0.220694120997966,-0.353224970073381,-0.564320032860231,0.16667029534769,0.408436020374594,0.123369591377129,-0.150214872258455,0.459132228389575,-0.185366078227617,0.0575527584010678,0.140184400007325,0.271827424381489,0.179944973546642,-0.23877141519827,-0.015854202023212,-0.354923524031012,-0.400826166050985,-0.271058352894899,0.369001268439299,0.133302912122806,-0.167932036793115,-0.906250325897429,-0.995603983666412,-0.756903906481824,-0.287545351515411,-0.794757932463053,-0.618641931981092,-0.621645296254948,-0.884838866617942,-0.0518709041304637,0.305846850331711,0.37673862181793,0.351979887747442,-0.184858058325654,-0.102017300937789,0.0824670802333625,-0.214815877771235,-0.111565650960068,1,-0.39884372446628,0.048875245892837,-0.183131974595921,-0.413302209910957,0.179457427884379,0.670928850227247,0.568157172916624,0.312206643490267,0.273914446590771,0.534245765414099,0.0603590575411846,0.573391969188159,0.492321861877604,0.0103750328443473,-0.341386626777753,-0.401152265782076,-0.694455413036044,0.410004568405838,-0.0276617100322683,0.00179783334818662,0.249067994001755,0.391480193242017,0.449302889880432,0.270993046712235
0.213021612206191,0.278470297616145,0.316173689555021,0.219412627748791,0.32751136102338,0.148262481391593,0.157687160462852,0.302589558846165,0.200497563776362,-0.623911879531974,0.154829306832005,-0.242754326235494,0.134958760957474,0.0278189223642872,0.358523882263414,-0.0527189645760321,-0.267132542026109,-0.337801795604293,-0.157793853112772,-0.621372293937663,-0.0540349557659505,-0.387244938314422,-0.365486949126798,-0.442401075802124,-0.398443700076096,-0.222952497286631,0.108843530050547,0.0438818581240841,-0.393758221066584,-0.12341002428248,0.0631050410062364,0.314184636672148,-0.203915049668071,-0.165661541153672,-0.0560597839432745,-0.32429332973899,-0.0900759715228028,0.24183899826156,-0.273639981582181,-0.178088165995023,-0.118108539806687,0.146657923062272,-0.317251639424372,0.648551034600821,0.337048436202622,0.419504046552329,-0.201399199918725,0.15297069313737,0.480920410060675,0.498649668257434,-0.265604415137574,0.337456820902354,-0.0455483484420105,0.329370773380231,0.115744960855514,0.0457383046697844,0.172461654162498,0.442461145142527,-0.44390378117874,-0.226763731392751,0.106181833473807,0.336064666075303,0.517503129143194,0.315366572056612,-0.344415866710673,0.115301046697112,-0.116326175844279,-0.027290790750297,-0.229127555607898,-0.413154209463456,-0.349119978805696,-0.2474213309143,-0.244330095796662,-0.108847104162686,-0.33069414410693,-0.39884372446628,1,-0.336616869751609,0.5386170663601,0.157691323224931,-0.31548242772839,0.120778123044147,0.305465086786281,0.0704769783760155,-0.180302522620119,0.0220279125131002,-0.213049876959615,-0.061418256725428,-0.339549569425136,0.151885650517508,0.19966675595056,0.169593933928886,-0.449261497317388,0.223595808732006,0.0845329678126114,0.647804513919729,0.532524799892724,0.114529131608464,0.344727776612187,0.395963939812479
0.0635996690572051,-9.0428421682491e-05,0.116721943248508,-0.562350481957149,-0.111171486886611,-0.0161259874230595,-0.426578352257809,-0.190483641483928,-0.0884726891837314,-0.529096354754292,-0.615469147469973,-0.289080162124383,-0.539403197095541,-0.533481324448237,-0.693515567804487,0.783973179043285,0.271443650309161,0.713792170717434,-0.0649327530571451,0.351161094018516,-0.23102234970364,0.270426724198938,0.23279525698578,-0.103095297358547,-0.68254099031764,0.00974456345043317,0.388369369889863,0.459392102296043,-0.0849043864966475,-0.0415757125320894,0.444503074763743,-0.288364725544261,0.635882265381706,0.76286035784502,0.741248800452976,-0.390467809195256,0.26102789706493,-0.214413154530112,-0.208806241666185,-0.631287420101705,0.275606995014293,0.370749940306751,0.265166715414001,-0.29166038246154,0.19985441034618,-0.154038499083166,0.260153505048774,0.00783399796896317,-0.233672630140428,-0.0907861043330469,-0.12542491960208,-0.229828695034388,-0.213794606153552,-0.284191575575355,-0.0671993283730906,0.291854679439514,0.233912157423192,-0.21356134690203,-0.515704898796348,-0.729646992871619,-0.609598369183251,-0.496422598259655,-0.637078848149135,-0.595166599587254,-0.384794577862419,-0.824846649629188,0.018342589483339,0.28957075379914,0.524740071117293,0.402611823099358,-0.227105299622861,0.269760266027398,0.105825666299003,-0.395527718155961,0.000767965493800316,0.048875245892837,-0.336616869751609,1,-0.0488024412008777,-0.309480647844498,0.146022642805156,0.557072499287399,0.430825301769869,0.406942352378577,0.0377712568434281,0.637210927885689,-0.182807522415454,0.512890411930383,0.322402186952247,-0.157006579138747,-0.19248297114454,-0.260346649674761,-0.481823499745705,0.426941339705909,-0.294402975374529,-0.247443004733383,0.134169099644579,0.126382028772521,0.0782180607122547,0.0720832696465655
0.0482252660352615,0.00726791857308913,-0.450886943188301,0.561055265987646,0.103619191371524,0.176364121346556,0.377603025213369,0.0196562526329968,-0.0536335307157517,0.591713486485245,0.645252740059878,0.163787690311002,0.695001876569208,0.517564870021737,0.687925497678038,-0.513255092148159,-0.345698908779216,-0.661832148394118,0.0533360248249291,-0.406175232871818,0.0354276361475369,-0.17493249636565,-0.159084891087927,-0.326985704146473,0.373394008427543,0.0216465249157046,-0.0999378332460598,-0.375173343860687,0.195615380088719,-0.0291494058093155,-0.37725456051898,0.592968340766489,-0.68772073930912,-0.772141631588916,-0.735105760092218,0.525327606165072,-0.360641986883317,0.425911368465517,0.0377024594580251,0.430867505539805,-0.129439937666247,-0.369938172938519,-0.219607479419084,0.522090018525646,0.143864653191389,0.258926279903413,-0.24350372135959,0.321108281549899,0.219510904367874,0.367333072988631,0.274193066543522,-0.194371319719257,0.317060970810273,0.340573026072182,-0.0344574470293947,-0.259050884716301,-0.516756899840224,0.000192542565439602,0.587105183876508,0.95615598406698,0.652783122143277,0.574490810125332,0.790771045581865,0.831390578257943,0.437073138358704,0.739499996587157,-0.101751347116339,-0.312257325484898,-0.535254385416847,-0.374997306098187,0.427483830127474,-0.356699921649381,-0.024380796664522,0.0837011562320333,-0.234279427755198,-0.183131974595921,0.5386170663601,-0.0488024412008777,1,0.299296770120708,-0.469802560282717,-0.580801989202149,-0.476473496635827,-0.649112872007879,-0.198509270250731,-0.954021188501646,-0.0852572982525023,-0.405703153864375,-0.353109581964041,-0.212643839998538,-0.0401045014074558,0.347315570216071,-0.0040421296595369,-0.571486598575644,-0.0804757037399819,0.351185555988018,-0.172692075715933,0.0109790087415563,-0.160719225467555,0.142948975501808
0.0776402612181434,0.0368698361756774,-0.347666608933592,0.776586471736279,0.106787416334756,0.16125923941292,0.664492549829142,0.141158528116279,0.126613873619167,0.664634142914327,0.680212836418001,0.0608079772735979,0.844536504145438,0.505431328106685,0.898964313686088,-0.668051715921411,-0.710155059587829,-0.872667067578593,-0.0879648980750074,-0.623919287690563,-0.212933920490105,-0.380084515080627,-0.123747036373848,-0.594567153125756,0.239099256252946,-0.337992396371982,-0.0582458129914299,-0.306005249694858,-0.141699650610254,0.150208899230876,-0.442028477859423,0.455149541137965,-0.78972783633838,-0.983420003061206,-0.756384233984413,0.623093722489293,-0.401370889773248,0.566327188189156,0.155480139068802,0.596253100710525,0.0204097315969247,-0.328075857672266,-0.0709400048004752,0.769055112134759,-0.080789931966692,0.555083870726308,0.0195676489675125,0.516972228159585,0.246180351622591,0.465602988080824,0.473752844535052,0.103710201423257,0.579451763068504,0.70974171506931,0.202774381007301,-0.248950029279018,-0.140644644172824,0.352593798792973,0.756522605174439,0.934518490947709,0.751026116544097,0.7313207529774,0.879287314537544,0.994134096128501,0.453965105654902,0.942221549903024,-0.0420037674672874,-0.471443722993376,-0.765946471625936,-0.616364758509911,0.23180128438818,-0.58781694024937,-0.121090359317913,0.0769118655719842,-0.377272711169565,-0.413302209910957,0.157691323224931,-0.309480647844498,0.299296770120708,1,-0.888791722778175,-0.707876720495421,-0.717124917406991,-0.798805995814954,-0.588707846989477,-0.879319470539941,-0.361719739547042,-0.42182999536379,-0.519484869709573,-0.318944588551793,-0.193365142554297,0.333453098945454,0.121810771087054,-0.665218700902431,-0.311237888897611,0.531776377995027,-0.410122366336408,0.0432918296462008,-0.137076315054253,0.0214649764006899
0.443811107966965,0.259222495803888,0.446329386774052,-0.314325936971761,0.267941065251438,0.663466506476663,-0.140833051625216,0.116768579852387,0.29129690182864,-0.657228935378888,-0.463779087494973,-0.371098724870349,-0.290905219563043,-0.0885055875541215,-0.346075081349314,0.568441960783713,0.180914154546178,0.57622683087344,0.0704796955586408,0.698276182045993,0.0283038831078279,-0.135068727420492,0.391856838407081,0.00159344382139831,-0.428173144295922,0.285017027429074,0.427343507020976,0.581195069442937,0.349347011414627,0.126708973026121,0.219940536517644,-0.415296618733743,0.160339902626238,0.210590462517958,0.249945269350936,-0.0616218123327414,0.241116227855259,-0.431254374238483,-0.692345079120781,-0.704788420701273,0.0883658511776457,0.0648054823308241,-0.299135095542743,0.00461758082649244,0.222043862182867,-0.483973328722337,-0.357984756144965,0.117505810582627,0.382408871629189,0.174460064712232,-0.0336440560056791,0.289782823140912,-0.311335722705498,-0.197006420202624,0.170175835398921,1.02046840181121,0.466514479456536,-0.0039507055147005,-0.681973016546027,-0.666223594679179,-0.590231493338049,-0.278377789879757,-0.304394239371699,-0.371875494629025,-0.375669449969066,-0.375519939132254,0.230360781152943,0.424540234935788,0.189297002757967,0.486545418674416,-0.138239169533707,-0.0653256518531208,0.377179020350724,-0.425094998046821,0.0027885362884682,0.179457427884379,-0.31548242772839,0.146022642805156,-0.469802560282717,-0.888791722778175,1,0.461401646550466,0.150260390454989,0.0323551661890498,0.197669690424074,0.435720464512999,0.169667267891081,0.299702240962424,0.585628157302635,-0.0721302207276615,-0.345341637545113,-0.484732732328108,-0.432875736333438,0.290413412045175,-0.338201137052558,0.253060490794131,-0.173885954739142,0.603558175433357,0.686251295258669,0.38584740776239
-0.0731860341968839,0.423822717207352,0.506240738439685,-0.140654265939263,0.418884347724003,0.517048455785843,-0.0965241122959477,0.365738094630924,0.482747002517173,-0.682668123302272,-0.258009104426,-0.1438281981603,-0.557756957581948,-0.0306494435166563,-0.302366828255391,0.494394949126664,0.327257931048298,0.42907622696521,0.133080767968323,0.535693847630684,0.282614546670215,0.0148175075189608,0.0577312417349191,0.637354194195869,0.0454050781310351,0.720215181461275,0.274465861777511,0.700747071396974,0.506078632115425,0.299768004799562,0.117907760584185,-0.596002370628831,0.182065659948627,0.204084957842482,0.30006767065678,-0.348233685814292,0.156423886428543,-0.718532395908812,-0.709635777043838,-0.469423556687849,-0.325376839023342,0.186051405484718,-0.118301211357333,-0.333371932435178,0.326731412754529,-0.54058626997988,-0.545196467782785,-0.446363465481316,0.0555820245149125,-0.173575732986758,-0.508776485236254,0.489105712560479,-0.154222416011106,-0.200518992186243,0.239385721377931,0.660821697865059,0.29129630592214,0.169264261760271,-0.693212124329164,-0.509768779700675,-0.493478383130788,-0.601276780333707,-0.1211598748432,-0.717848230884084,-0.423345049170947,-0.278837858551027,-0.174915779090607,0.0691597978301999,0.199197126329736,0.311399094424025,-0.317393698106877,0.309218116730862,0.078445614892508,-0.0492862277826374,0.254905676265942,0.670928850227247,0.120778123044147,0.557072499287399,-0.580801989202149,-0.707876720495421,0.461401646550466,1,0.224008053175275,0.252516540647958,0.575800228264353,0.343722709083622,0.305320159724443,0.326299794166823,0.386091786589548,-0.103697675208483,-0.3743517703398,-0.81825464139416,-0.169305729513032,0.62102276812094,0.375720165003051,-0.351233487080472,0.151380999360419,-0.189184664283808,0.0228950265718736,-0.0600165124676395
0.107930514422044,0.472701973555879,0.588643893338202,0.351616342046615,0.912144138283523,0.811808786406528,-0.0781184026583807,0.461157351872415,0.526816184963061,-0.587609129720697,-0.111043795795768,0.028462342882933,-0.122385281363274,0.398574900713103,0.0318658577976977,-0.0135466563908944,0.033948415315586,0.0112062526764468,0.301798474238513,0.0360064009828664,0.230237642868512,-0.395882038198797,-0.31416026332277,0.16011995752565,0.217634007306753,0.741953355272633,0.176988431334137,0.68579914807128,0.506627220454324,-0.0550286280960366,0.19971026497075,-0.390360436054273,-0.382351068142298,-0.106519735307627,-0.0744125531937531,-0.395665091125548,0.523137878126965,-0.497514495222483,-0.967664209609927,-0.519335984352925,-0.461748323524452,0.132905600450579,-0.483380734078478,0.390578534079004,0.440311174105997,-0.461589655505124,-0.747844703043841,-0.281878454421531,0.740056911663956,0.490394304297914,-0.262167558473994,0.58047890655016,-0.124465179763055,0.092816511939259,0.455783474518917,0.635437032298865,0.0982586772098469,0.347834449796914,-0.459223189140769,-0.305663390789852,-0.1119189665834,-0.265082312557779,0.436902392079895,-0.228762172997744,-0.236847157009216,-0.062147282647813,-0.255813911982305,0.0886504315241122,0.0709800442886326,0.211851123532694,-0.241150949141092,-0.121508992025325,0.0253673709161491,-0.197900721592198,0.00157012415925185,0.568157172916624,0.305465086786281,0.430825301769869,-0.476473496635827,-0.717124917406991,0.150260390454989,0.224008053175275,1,0.0478476459799659,0.258406008709169,-0.052182061945056,0.653239090132645,0.257088022407567,0.376722368467493,-0.39814912856977,-0.518692512276828,-0.683755133420906,-0.292821643993537,0.248878374171099,0.032529952727136,0.193832010611477,0.0972876199966136,-0.059008408000629,0.589573444424109,0.568555355730287
0.196042280468765,0.499837280099989,0.387878470384609,-0.0750918742613601,0.49855910221985,0.842080508801729,-0.152388523574523,0.204502580976204,0.427069266899596,-0.675442125096762,-0.38124311248695,-0.14341400768155,-0.129289233807667,0.347589680197418,-0.132347287332144,0.485433899156358,0.14655226586054,0.23350662848194,0.36477971814888,0.456729636384605,0.299018454879288,-0.204758757304335,0.218970295872378,-0.0565611589900626,-0.366999557313486,0.558454624145686,0.365987957701749,0.688548431381739,0.33485060298002,0.135088996971241,0.129145338012982,-0.381395854885066,-0.113263892451588,0.0150989654909424,0.0754849407910396,-0.0733497227520279,0.185793317587144,-0.344125304698182,-0.832080932050907,-0.517037221561116,-0.0326161500635401,-0.00388935146382652,-0.366126206749116,0.0219861254808016,0.409037415135561,-0.512896465290513,-0.409001473404801,-0.00258008231317719,0.446652444304469,0.339511201580893,-0.239402918622411,0.405914651150051,-0.0123166624922625,-0.0375406497357258,0.350585441595373,0.90558854766455,0.319535752362814,0.107997271644674,-0.615381241390185,-0.382087234967951,-0.359449946069764,-0.171369796136114,0.112106843147782,-0.319479566258916,-0.225490159809372,-0.174129897515574,-0.0751101406084651,0.361081080361446,0.0845154443247299,0.368358789225201,-0.149729104947052,-0.0392069789639586,0.319623049669303,-0.410400114090191,-0.0245934213419768,0.312206643490267,0.0704769783760155,0.406942352378577,-0.649112872007879,-0.798805995814954,0.0323551661890498,0.252516540647958,0.0478476459799659,1,0.253836302099527,0.0843340043953148,0.18499060745174,0.295222458273229,0.363228428517434,-0.313909700728037,-0.500013754442338,-0.487055435463487,-0.431078240766056,0.206388877556486,-0.232403243115005,0.140626432604209,-0.176760932531846,0.239257925829287,0.546865089811803,0.300207332188918
0.434677166012998,0.433403012009957,0.527506463311911,-0.132137059548741,0.654898478742955,0.629414655028024,-0.199991135682285,0.317032723240038,0.507470252307082,-0.461058334596999,-0.632984631493658,-0.312081319850916,-0.369639280669163,-0.262948980172403,-0.452468617983715,0.493715574133595,0.013915369462389,0.408370162048004,-0.188085740413515,0.213494037955841,-0.337809741628808,-0.1775478277427,-0.0684966368004485,-0.121733770121155,-0.380475152415793,0.313417105790697,0.12807171406243,0.389927099612045,0.10459366353382,-0.278788687690914,0.426105945058743,-0.3589400885044,0.386534546720012,0.354191397501427,0.325080176119227,-0.546317017040567,0.410933640465358,-0.377228945109916,-0.537603155218731,-0.721682903896399,-0.0148107152748706,0.0927108879599628,-0.210030331976498,0.046466495848537,0.0230011231157288,-0.481226445127578,-0.28311452474057,-0.117909475847923,0.298095938024637,0.203966908667523,-0.00901047392262477,0.402454280393073,-0.146863077123156,0.021958660274764,0.480581480802517,0.872530075924687,0.507523649698366,0.337279128101394,-0.477853553128022,-0.711644445861896,-0.448269808802757,-0.481209787809113,-0.132964840341371,-0.46091856878869,-0.449368919678655,-0.539358135981992,0.0228073571337203,0.303417815135918,0.382564888432118,0.434155189354829,-0.551464615306708,0.0840204785427264,0.00510616870335218,-0.2669544064924,-0.0101971543461186,0.273914446590771,-0.180302522620119,0.0377712568434281,-0.198509270250731,-0.588707846989477,0.197669690424074,0.575800228264353,0.258406008709169,0.253836302099527,1,0.549645102114976,0.214869083513467,0.391525972211529,0.492787576810164,-0.0964362205326113,-0.17328172900891,-0.288045704735898,-0.311004149885609,0.374001081639547,-0.251107032039515,0.16593757746158,-0.0163792615426462,0.238156523895841,0.517152833449681,0.533630206088506
0.25207444267598,0.513529802292804,0.422087759105939,-0.113045987716713,0.756111927763112,0.95238750715988,-0.437772196584978,-0.00754684079292633,0.42934717050143,-0.503083998792724,-0.272101739541907,-0.0668699114779873,-0.133500275447675,0.30566026729884,-0.255061482545311,0.391790221446719,0.333656105801308,0.263696265682574,0.438629861054688,0.499057002069875,0.381922863507223,0.0673103646352633,0.190452829042849,0.00098637292475505,-0.164228651431773,0.716913415131845,0.423732990118661,0.768238905843209,0.462730953673706,0.276488983187335,-0.157768418192302,-0.587716497614578,-0.13469455617271,0.164563477202806,0.129909586389353,-0.188951707606771,0.241703835948193,-0.530116268663964,-0.938215360261574,-0.641244405879108,-0.173332917126567,-0.142954121870229,-0.351401726115229,-0.130414358985345,0.452556993907723,-0.601253490556882,-0.426137901005605,-0.138439048251589,0.388611780923227,0.144483592651063,-0.504989758714895,0.475213394178668,0.0542495014304084,0.0244447651276256,0.720422927933729,0.845704866305539,0.131385643771416,0.128779706756584,-0.544797291390276,-0.390119452771737,-0.368462998055879,-0.360647475401298,0.169847202742154,-0.355564590802977,-0.280793630220617,-0.191563177136541,-0.113545856553662,0.500593059226779,0.35394442356354,0.609731883056337,-0.177817475475536,0.210059053832277,0.375911583491705,-0.485829583646203,0.0964936650051298,0.534245765414099,0.0220279125131002,0.637210927885689,-0.954021188501646,-0.879319470539941,0.435720464512999,0.343722709083622,-0.052182061945056,0.0843340043953148,0.549645102114976,1,0.449285132161753,0.362546468980537,0.407598528911205,-0.298624074234194,-0.476826718403205,-0.672515768907826,-0.346951644700529,0.125094174605114,-0.216758632064624,-0.0256704854003306,-0.271589781706986,0.275998519848495,0.246473576922118,0.14417432787316
-0.0852158643439766,0.377070927932876,0.39886247199133,0.0472140362979005,0.2479375407302,0.250654198252302,-0.135984405750708,0.544261429880946,0.265889647413814,-1.01269623747576,-0.359126575853576,-0.314688725103924,-0.406576049433674,-0.0277441537782908,-0.250397478644109,0.307259561185094,0.152081206425214,0.283786688305227,0.0944840962794318,0.323395346719925,0.0403115416319546,-0.36023573465434,-0.287391708640453,0.478870317542607,-0.236023654731383,0.123694981279121,0.274341692025175,0.253315818618877,0.394349372294613,-0.236624582481121,0.359830939848741,-0.149626832630572,0.260884439704565,0.230747648072125,0.233192682436514,-0.551300804592747,0.0950443796233688,-0.348735933479877,-0.583552097857053,-0.560083555286471,-0.212898539488679,0.449858584853384,-0.0880946147866625,0.162224162165239,0.5719251131884,-0.0331252721157561,-0.40553000731787,-0.291646309869789,0.3184183111804,0.216191695404231,-0.523673718107521,0.25147950675088,-0.372284650479329,-0.204750625647941,-0.10649430360465,0.172165079769572,0.164090806450775,0.225217248435253,-0.909367888600074,-0.815536501851601,-0.704373227921106,-0.420169652343943,-0.307097613652615,-0.492345399016328,-0.688287168866206,-0.456173435334429,-0.282563968447108,-0.145846013455879,0.160529526783229,0.0605572047021372,-0.619656033427694,-0.318473075320354,-0.389242733610295,0.179694266143973,-0.125274961204805,0.0603590575411846,-0.213049876959615,-0.182807522415454,-0.0852572982525023,-0.361719739547042,0.169667267891081,0.305320159724443,0.653239090132645,0.18499060745174,0.214869083513467,0.449285132161753,1,0.2031619755725,0.291808696800741,0.160709182616068,-0.0782611729158513,-0.609435783851005,-0.464817146838734,0.7134138113955,0.379351945455521,0.149519706738767,0.617909822119074,-0.0839186822117774,0.334978948319077,0.244702001241276
-0.162942615491857,0.537968518388997,0.549361853099839,-0.0963973569073932,0.446075973649822,0.482297456865114,-0.317485888377589,0.255422232348042,0.336701687216331,-0.725640053831802,-0.463210108883287,-0.002631422923005,-0.365432077105051,0.0815036936477968,-0.327724530142798,0.407564202352596,0.315652104876011,0.397493698442882,0.347057219938697,0.197220523724531,0.23877384662167,0.0127440664079506,-0.0662177140591456,0.254076342656489,-0.157910215571781,0.558134189883462,0.437673638618947,0.669289228094675,0.193535750934535,0.173606798754333,0.279673138109959,-0.388927511974813,0.0836657217541832,0.357206426127098,0.303866736903865,-0.515745418474799,0.421053811679434,-0.523247839017053,-0.733352919367927,-0.622034207299058,-0.288962467559371,0.193549134345985,-0.0543592265993858,-0.240196642831674,0.278240163262262,-0.457393903376215,-0.312086649318865,-0.531777005465181,0.073320842533969,-0.0674607087907415,-0.457241195475384,0.40195225890976,-0.0475968967476916,-0.0152712165710977,0.34060094352881,0.40288896107407,0.132168320318976,0.146389684625002,-0.627724398061559,-0.597095526325014,-0.486608908770083,-0.47458843411461,-0.1062386169899,-0.51371250050525,-0.319095997667266,-0.505090493364235,-0.333728641216308,0.3769030978328,0.363055868414988,0.432200782655717,-0.239753905076547,0.237729235977235,0.171852386930489,-0.274706375554435,0.142238629610128,0.573391969188159,-0.061418256725428,0.512890411930383,-0.405703153864375,-0.42182999536379,0.299702240962424,0.326299794166823,0.257088022407567,0.295222458273229,0.391525972211529,0.362546468980537,0.2031619755725,1,0.200098040797645,-0.28148733405828,-0.356116313293029,-0.592870117494608,-0.23180048124648,0.568560292694681,0.183080351021852,-0.273831696453304,0.181787807747766,-0.320349354643609,0.0661648013519664,-0.0126182407975262
-0.020676016630368,0.182536096043179,0.344972329546965,-0.26896348308921,0.200219814109891,0.2473027124098,-0.341939892693896,0.113941755500998,0.159962105668349,-0.723758579027208,-0.448396507882264,-0.115996264159774,-0.604832202676693,-0.269054255105663,-0.398534599730053,0.357712361234361,0.258900181427007,0.0440809911937593,-0.080380096775418,0.210305405898227,-0.0694738632708975,-0.0724424571475012,-0.206867591597124,0.395516679721911,-0.348708713335423,0.516069969457661,0.434060791022368,0.759827346795093,0.120212853414364,0.223468738400345,0.293690884549415,-0.46999737474445,0.426328297688103,0.297734683942366,0.479607669322072,-0.538652025293232,0.445415084343786,-0.370272013047365,-0.54977181683138,-0.698657211886056,-0.135714079486428,0.10506449479385,0.0500319073860169,-0.0831141035545166,0.40629449535295,-0.263433002228262,-0.276203342331662,-0.300230213936957,0.162521284864745,-0.0669900331545817,-0.731635213152169,0.209289766559199,-0.327765439385306,-0.234220966401268,0.153265397614117,0.329985748505512,0.220175781479995,0.0983060431999808,-0.749520933297939,-0.779244996345445,-0.412005561597976,-0.526808182091334,-0.175467014547341,-0.454616695569515,-0.419330461406593,-0.309524129668551,-0.308005951461049,0.349472723506968,0.273540209605612,0.109509014671402,-0.465425945593817,0.302963419783382,0.0327171611123165,-0.342599158156005,0.182081584204032,0.492321861877604,-0.339549569425136,0.322402186952247,-0.353109581964041,-0.519484869709573,0.585628157302635,0.386091786589548,0.376722368467493,0.363228428517434,0.492787576810164,0.407598528911205,0.291808696800741,0.200098040797645,1,0.0759402685902464,-0.177189641848119,-0.528396499657049,-0.103751408461969,0.628548886442144,0.168242850126429,0.0334253749186851,0.273771095459911,-0.0478599045198665,0.2387318255259,-0.0216958478389683
0.464509446365831,0.0506288741328302,0.0580213540829533,0.438221787586434,0.560260752115597,0.74300916796121,0.353393877928686,0.170873729739341,0.322433648657758,0.19956576156183,0.356785304759212,-0.0791708314292502,0.295257230995056,0.320547606445734,0.522929227717067,-0.381070833613142,-0.251117341778653,-0.504168620260045,0.0303700201487408,-0.0981051020408351,0.0487722341574007,-0.437482528008343,-0.241797348844827,-0.167664205153124,0.357372769483165,0.170563462162227,-0.200255639955139,-0.0967233233796722,0.302746565552757,-0.112540619896311,-0.423655649366634,-0.0084282848739859,-0.425387141837276,-0.670026749407653,-0.742389280219167,0.26378082502547,-0.260156205076466,-0.243989671046509,-0.55100638681666,-0.126916338875055,-0.313925904443522,-0.468923470197943,-0.56834433000867,0.608127562946582,-0.0565762621558179,-0.153122312531741,-0.690473955292522,0.277011954889168,0.563645239017225,0.363543822621769,0.0531708523988491,0.435529009817746,0.11094892193593,0.412284506282396,0.675029203908888,0.469920603701173,-0.0439166303501388,0.410508358525203,0.184312331532771,0.265888366515982,0.233954223392181,0.167453467661604,0.766198006611137,0.417869422084154,0.112827682031325,0.563892866833579,0.27708940147747,-0.0597436082374126,-0.165863325386406,0.0743051097532938,-0.0897219869690667,-0.320711958576901,-0.0820203373997283,-0.0734415351401801,0.0104029650499771,0.0103750328443473,0.151885650517508,-0.157006579138747,-0.212643839998538,-0.318944588551793,-0.0721302207276615,-0.103697675208483,-0.39814912856977,-0.313909700728037,-0.0964362205326113,-0.298624074234194,0.160709182616068,-0.28148733405828,0.0759402685902464,1,0.0371352141503662,-0.247477301289725,0.044832806305628,-0.261336742305055,-0.0944081211039385,0.652628455912918,-0.25249385737513,0.543967801782729,0.276363695150762,0.35241347050819
0.38882323677129,-0.0917405960573395,-0.122315299762183,0.486386667339598,0.201164291663847,0.39642363360488,0.485697649722511,0.130622981160384,0.21940013286766,0.106551242710695,0.317069584889925,-0.325476370833466,0.441210019357722,0.261780472215469,0.832110308935358,-0.337119665371642,-0.420757174921652,-0.549368156952787,-0.231760967053484,-0.0921856054743366,-0.0754550939052935,-0.397996860611238,-0.0127190569809946,-0.295647581460446,-0.052023754222889,-0.0771432120687327,-0.0385459283983142,-0.0491962514880228,0.0834750235003911,0.152769398890191,-0.335383961921374,0.128088770894656,-0.271325435439322,-0.682222693891257,-0.451824358193639,0.404679931658808,-0.556623184887311,0.00255726783538052,-0.273684410491757,0.0906462848860051,0.0955011337104608,-0.390819777214198,-0.208244996923525,0.610677445280166,0.120627591556683,0.160510976008344,-0.229145510962266,0.543575211964627,0.301069620126435,0.323810982016178,0.328749672428221,0.293506316386293,0.22337133173657,0.374183444875043,0.344701620042971,0.220008307223489,0.000564419941985611,0.290994781043753,0.125912536634551,0.442200939575213,0.187188572933972,0.431753313282326,0.903985887904434,0.593406550404866,0.122330715850511,0.832401065305317,0.163591183427598,-0.252354278189241,-0.487518968843445,-0.179002834711088,0.0567761253369124,-0.449717907882059,0.0432733613765978,-0.119615422619252,-0.312581713156107,-0.341386626777753,0.19966675595056,-0.19248297114454,-0.0401045014074558,-0.193365142554297,-0.345341637545113,-0.3743517703398,-0.518692512276828,-0.500013754442338,-0.17328172900891,-0.476826718403205,-0.0782611729158513,-0.356116313293029,-0.177189641848119,0.0371352141503662,1,-0.0939223951475498,0.0283465851512618,-0.463847417902549,-0.145144463161253,0.591521965885111,-0.267394854889825,0.478038092572106,0.121192261537728,0.0925846061081301
-0.0299194532106849,-0.275045662114512,-0.301950529489848,0.528316944464486,-0.205368823758282,-0.249027907338994,0.482854976573887,0.0101504996600394,-0.0470825812097748,0.414128800496774,0.375228594033761,-0.0625777922710411,0.371076034419993,-0.0124207418226246,0.73036056665495,-0.230235219159579,-0.459529562973496,-0.519900750470214,-0.2293457897285,-0.366138990440292,-0.143511182139312,0.0081297653499347,0.0240064857047458,-0.151829263702758,0.00447291977878807,-0.392590306629778,-0.0857710094426625,-0.227196095368377,-0.261641587487841,0.191061807178001,-0.460821860102096,0.330743481489907,-0.381965901575488,-0.572673438542161,-0.329272238621101,0.562601436401279,-0.548623537035325,0.269761419564023,0.213500852014462,0.59809115736442,0.017356947164959,-0.398189517500616,0.0557112081968137,0.413276747061568,-0.226090653251968,0.502506865444516,0.114122896410106,0.44717877387965,-0.130527474558163,0.0456677128821627,0.18742401172446,-0.0654629768878936,0.495206265074256,0.408788363740009,0.0173797153595234,-0.548632696632389,-0.0548474184631999,0.15953708675897,0.519500639106518,0.467030272810457,0.412215994622799,0.3404162258598,0.532436767704203,0.671642683817926,0.330143418067871,0.791806959029442,0.100745692535794,-0.516370195764856,-0.594444583985845,-0.441906688575741,0.142580556366557,-0.186092307714531,-0.045743736541404,0.158583423097342,-0.209662311877057,-0.401152265782076,0.169593933928886,-0.260346649674761,0.347315570216071,0.333453098945454,-0.484732732328108,-0.81825464139416,-0.683755133420906,-0.487055435463487,-0.288045704735898,-0.672515768907826,-0.609435783851005,-0.592870117494608,-0.528396499657049,-0.247477301289725,-0.0939223951475498,1,0.262708662919154,-0.547414753429478,-0.048232201488276,0.115150543960148,-0.214020121090545,-0.066451653273427,-0.499286815941275,-0.43985325936153
0.653223210083818,-0.157669942523511,-0.272411217259291,0.312509178123588,0.0563015638140544,0.0548615046863171,0.0843712962501452,-0.218525571506955,-0.179847036930536,0.131613604359734,-0.164139287267103,-0.450667717085123,0.381796700931723,-0.153422018133822,0.254589636289684,-0.0682120909723473,-0.420974674474706,-0.329375258653104,-0.208236899754576,0.146527035895989,-0.294079964030918,-0.0816205478744336,0.119101350289821,-0.345261353201586,-0.424785000152312,-0.599154841092442,0.10581020874035,-0.182539585906717,-0.157348596294299,-0.103549002360927,-0.0761476824844082,0.497613721992505,-0.237693800247112,-0.228674649197824,-0.16987630460574,0.246058275645266,-0.28094219459945,0.527593950895608,0.215856317500163,0.188336899079227,0.411086241384474,-0.207606483024147,0.0602649920578502,0.525923499422913,0.0378984450601137,0.403160648863759,0.363714168479078,0.695349180459498,0.43143019660749,0.493975414924759,0.0256399566509248,0.0446083761488878,0.201599767866043,0.301782139024867,-0.110981721473443,-0.0830773108214366,-0.00761727819103805,0.0996908437821275,0.0673470175243779,-0.341952398618377,-0.257011585750164,0.29768003661452,0.0687201430831073,0.142809622176775,-0.43345587097462,0.321335878411502,0.0990993016166778,-0.317047228858901,-0.33814965323643,-0.185891805624731,-0.21241194416278,-0.519121231070231,-0.148065743497042,-0.103708188059387,-0.662847148516676,-0.694455413036044,-0.449261497317388,-0.481823499745705,-0.0040421296595369,0.121810771087054,-0.432875736333438,-0.169305729513032,-0.292821643993537,-0.431078240766056,-0.311004149885609,-0.346951644700529,-0.464817146838734,-0.23180048124648,-0.103751408461969,0.044832806305628,0.0283465851512618,0.262708662919154,1,-0.342758572866884,-0.304272017669148,0.627326520043648,-0.107648279284311,0.633943486454004,0.102012983438793,0.0103718713571331
0.133785393747763,0.395161987464864,0.326636475306285,0.234324738869989,0.737707692137258,0.749383501348199,-0.223898959475644,0.0402276794664304,0.218381953288938,-0.308033003038754,-0.194724629795846,-0.00377010811379014,0.0406026247794674,0.49029496226317,-0.107671774921172,-0.125575340126097,0.152360958463102,0.0612544634886559,0.514859335773609,0.00616352020616628,0.244959079275608,-0.355958587447226,-0.358304930542356,-0.147669246910317,0.222057246742379,0.561285819059471,0.0634961305531219,0.460353196926903,0.520123714184326,-0.338666709331032,-0.0298503520733809,-0.48557114976251,-0.569087310823603,0.0932051567585474,-0.324021139897617,-0.356860010821215,0.492189343138659,-0.518966984550472,-0.919934572859433,-0.382253309886425,-0.38212343640773,-0.067626294854058,-0.443757137914345,0.194414469924624,0.602057339964084,-0.499996307528513,-0.58334251211897,-0.129488267566026,0.666636932481592,0.578261721378777,-0.262630987249759,0.360186682488325,0.0348865923993374,0.163422152590704,0.487392985144121,0.385379428207834,-0.428778162301123,0.140084376368631,-0.242065567712323,-0.184908304185472,-0.136619951234875,-0.234908963799292,0.228515863147561,-0.24074164614049,-0.280523594673107,-0.304941022007589,-0.176428065054969,0.169865398079091,0.4142864817298,0.425177422890926,-0.180735950150291,-0.0702010565216657,-5.26088171872718e-05,-0.0816367401677788,-0.0734574505208873,0.410004568405838,0.223595808732006,0.426941339705909,-0.571486598575644,-0.665218700902431,0.290413412045175,0.62102276812094,0.248878374171099,0.206388877556486,0.374001081639547,0.125094174605114,0.7134138113955,0.568560292694681,0.628548886442144,-0.261336742305055,-0.463847417902549,-0.547414753429478,-0.342758572866884,1,-0.103531378105699,0.1339544392749,0.0496102533654678,0.287576586255988,0.376713944607983,0.601509682334814
0.315729734563416,0.343391346616965,0.0347306112091369,0.479947712981095,0.493774917224128,0.660136665211243,0.0619889351802004,0.0552417320821137,0.021152082171308,-0.112051001337118,0.259524688108704,0.0601113697753343,0.443027195160894,0.72912994899326,0.0409709804269937,-0.539533063325157,-0.178463681001855,-0.466177297755867,0.518473831514637,-0.284528562926273,0.127654673270005,-0.654862103419491,-0.478282033840375,-0.297792711325088,0.209855229364635,0.0543451763855452,0.108001346554444,0.0745284588565839,0.432952174655578,-0.437935533801797,-0.0149642741093468,0.0339863614369581,-0.826405101868084,-0.470924224292235,-0.666964818910531,-0.0917370570106609,0.362864964110566,0.0555872707833871,-0.547943676438064,-0.235415064073484,-0.336907670134659,-0.0961429962114788,-0.434768601856338,0.748128133874058,0.329874308972881,0.042363558724844,-0.454014908063699,0.0993064540635855,0.978892616697096,0.696821600333344,0.216485079153406,0.343250046351645,0.0651391227788709,0.389132401123275,0.380662317952332,0.264352588406281,-0.274008089038468,0.21587321925351,-0.0163118080582802,0.0856874625833662,0.268335824661247,0.392297035035133,0.327313878176679,0.36411084984346,0.0866638420498427,-0.00965382167620844,-0.0738927836477185,0.134271052302145,-0.0231634934262195,-0.00291830428484335,0.0270937815060967,-0.680166605188889,-0.225098194928739,0.0779273622722915,-0.114864650820455,-0.0276617100322683,0.0845329678126114,-0.294402975374529,-0.0804757037399819,-0.311237888897611,-0.338201137052558,0.375720165003051,0.032529952727136,-0.232403243115005,-0.251107032039515,-0.216758632064624,0.379351945455521,0.183080351021852,0.168242850126429,-0.0944081211039385,-0.145144463161253,-0.048232201488276,-0.304272017669148,-0.103531378105699,1,0.815659594384028,-0.00891138187471852,0.436796844763194,0.689263216675348,0.701405051389872
-0.127948330519132,-0.132720908525047,-0.110004039925674,0.199069286189386,-0.223982828404208,-0.409800647271838,0.596471247280884,0.399200053562091,0.0167159991398651,0.285447428157873,0.392056420557419,0.0638779036945575,0.118200561081966,-0.188662485288989,0.269260123473433,-0.441142165516228,-0.143698947753365,-0.31880471050888,-0.364212915855952,-0.218950135635786,-0.0503768672576074,-0.273603344163225,-0.457118254264486,0.636609710156387,0.687679717126695,-0.124152834135613,-0.611964432706863,-0.650476447122593,0.231127085457204,-0.182190906631725,-0.13581437792812,0.107013782629283,0.0526830100768065,-0.356981659921861,-0.521758709519459,-0.0810111887746946,-0.311908041718286,-0.0756435700263116,0.272391195574626,0.548782871288326,-0.367014708338496,-0.220462389184585,-0.132859132388466,0.00622422279403501,-0.125448721857666,0.101232960412791,-0.319618386519438,-0.0587842757228141,-0.205838990643398,-0.0525160306001691,-0.181044764689754,0.256031592505596,-0.0720025823123256,-0.0609563425519838,-0.249293561297128,-0.505116108368585,-0.153905887601537,0.260094261176146,0.317046986744281,0.375369740570005,0.253001934713451,0.0285734866047244,0.274094516307813,0.00100637361562839,-0.0475148892343344,0.192593230203608,0.159814332347823,-0.618945270280089,-0.18986099796903,-0.348195275064962,-0.118089732133323,-0.0677311306205929,-0.499878576006427,0.876804072475752,0.120997661590373,0.00179783334818662,0.647804513919729,-0.247443004733383,0.351185555988018,0.531776377995027,0.253060490794131,-0.351233487080472,0.193832010611477,0.140626432604209,0.16593757746158,-0.0256704854003306,0.149519706738767,-0.273831696453304,0.0334253749186851,0.652628455912918,0.591521965885111,0.115150543960148,0.627326520043648,0.1339544392749,0.815659594384028,1,0.541346791103095,-0.122011096933874,-0.281672878675543,0.0638099935753224
0.184987609753716,0.480801601401095,0.218417175383501,0.551535637161643,0.815545243189687,0.73533725571189,0.167291438659042,0.318398267728252,0.373187662110459,-0.00914293215525269,0.467069684159527,0.135918022100347,0.496568581889287,0.674844415854757,0.229226994283333,-0.458373700502049,-0.145228919647779,-0.363025715433416,0.40369678576273,-0.396922299216358,0.272978960242019,-0.601836835075879,-0.465458535651635,-0.165872919884719,0.503746204840834,0.43451158265857,-0.158248131910671,0.111903907470492,0.575989260124959,-0.258788619691089,-0.00903374355803227,-0.134567560142609,-0.854086401827975,-0.468586990690525,-0.73548406632754,-0.0958898386750383,0.368473572520013,-0.268366666085594,-0.704874490365114,-0.130140760992097,-0.534492866512904,0.00137396097054038,-0.593000855755519,0.603363591012892,0.433363713029132,-0.260425210276162,-0.833332934428545,-0.11696103975297,0.898142896429333,0.701070347986238,0.00919660566156802,0.565552757270889,0.0793850661485716,0.327451203296406,0.523081878869711,0.332067091186203,-0.366630599722105,0.35722952843395,0.0714139387254003,0.345671814181469,0.321153107890517,0.12410434402372,0.678252950808803,0.271728768396058,-0.0257581320111739,0.107732183842542,-0.135891914348309,-0.0944552699933046,0.0160810325610821,0.110992997162273,-0.0398960075316782,-0.497916436802707,-0.171208389639354,0.156568058285554,-0.160233896598958,0.249067994001755,0.532524799892724,0.134169099644579,-0.172692075715933,-0.410122366336408,-0.173885954739142,0.151380999360419,0.0972876199966136,-0.176760932531846,-0.0163792615426462,-0.271589781706986,0.617909822119074,0.181787807747766,0.273771095459911,-0.25249385737513,-0.267394854889825,-0.214020121090545,-0.107648279284311,0.0496102533654678,-0.00891138187471852,0.541346791103095,1,0.108770851223298,0.467105243230734,0.757794838652225
0.0865989595393442,0.066978781668382,0.14627389299797,-0.178320822688101,0.0854507680712402,-0.0483233029119892,0.10331100688274,0.187873793232907,0.207251122028157,0.182456390466697,-0.058671929371059,0.0276000561755726,-0.275304590921141,-0.404340431783912,0.0435131470095752,0.0364370815771484,0.112385198661485,-0.0906295641414961,-0.447651224996151,0.0743099223817574,-0.211716660820002,-0.0139342989776807,-0.119901542661931,0.48592618545463,0.256743892716525,0.172288118910252,-0.454437268018953,-0.215485742426125,-0.192007660612863,0.225624563157209,-0.166620775465703,-0.178965731604129,0.759787471155431,-0.0918641061347255,-0.0405737294811474,-0.119704924342066,-0.282252124724879,-0.202394943424446,0.0974491479308202,-0.0628776671907977,-0.0160894514381952,-0.311165568004,0.0133348704467257,-0.257854419323999,-0.445679539671402,-0.279663762142497,-0.301795452382474,-0.0817987444889097,-0.490479061352833,-0.365397163845125,-0.39237915647072,0.2577554411463,-0.198984484859706,-0.174790804040959,0.226476496570771,0.212835734646135,0.272286750330686,0.18822422786803,0.0903651421226366,-0.0314637530483766,-0.00296609832646494,-0.384435898694624,0.195637587955313,-0.121777861321428,-0.0234130229831248,0.133373542538678,0.230303870728236,0.152796503107481,0.0922935693799015,0.0710211700162904,-0.188496720782355,0.504543411541263,-0.0388154278940566,0.134520250934463,0.406131918402486,0.391480193242017,0.114529131608464,0.126382028772521,0.0109790087415563,0.0432918296462008,0.603558175433357,-0.189184664283808,-0.059008408000629,0.239257925829287,0.238156523895841,0.275998519848495,-0.0839186822117774,-0.320349354643609,-0.0478599045198665,0.543967801782729,0.478038092572106,-0.066451653273427,0.633943486454004,0.287576586255988,0.436796844763194,-0.122011096933874,0.108770851223298,1,-0.323912341288475,-0.196337947087952
-0.438784684538229,-0.0768411524405544,0.0882664765499229,0.0155481659257465,-0.0414278816959653,-0.271959681487384,0.18519950400846,0.461303103314033,0.152567040217923,-0.302715924384745,-0.0802675016486696,0.316814444115746,-0.404723427774681,-0.0337201655959046,-0.145200910265271,0.0679125562246121,0.306425588735245,0.0424964201509207,0.0253834872469781,0.0197168187352679,0.211516340293261,-0.0259892496661125,-0.39504285871965,0.820338903003763,0.527794869204599,0.392495081681505,-0.289330472229548,0.0189362768328564,0.408707273183109,-0.216013311247114,0.256301743178349,-0.187860102911562,0.207545143272762,0.122524718890466,-0.109580391315899,-0.487154055672761,0.0701496871449897,-0.456389508288587,-0.364559490667955,-0.106732159406095,-0.712739202021467,-0.0625386992442607,-0.225215487130902,-0.341787698581918,0.28374480994039,-0.290299499965806,-0.573789485678833,-0.482848652778234,-0.222406891624608,-0.263818198913259,-0.723261795312451,0.283449075652033,-0.170583376696401,-0.191734869083697,-0.214635791270157,-0.251564049390256,0.174305734797429,0.200345651250529,-0.258875190349623,-0.287230967969548,0.0367311401448658,-0.319438481224342,-0.205726694940383,-0.520774423336163,-0.343072427533023,-0.144128713507899,-0.189694076581051,-0.186181698694879,0.217699530648901,-0.0195332320323881,-0.238149271075089,0.212912025273281,-0.313870854090832,0.309731623529022,0.50948728051516,0.449302889880432,0.344727776612187,0.0782180607122547,-0.160719225467555,-0.137076315054253,0.686251295258669,0.0228950265718736,0.589573444424109,0.546865089811803,0.517152833449681,0.246473576922118,0.334978948319077,0.0661648013519664,0.2387318255259,0.276363695150762,0.121192261537728,-0.499286815941275,0.102012983438793,0.376713944607983,0.689263216675348,-0.281672878675543,0.467105243230734,-0.323912341288475,1,-0.0444830360330517
-0.20475735719165,0.0236049655234235,0.216830487713754,0.0748695305095166,0.120486884059662,-0.115686104446905,0.269557777621156,0.455130232013868,0.193085648756346,-0.701009660255124,-0.131127514137776,-0.130875090295275,-0.533858272275514,-0.338973737474517,0.0280265991833719,0.0993241100657394,0.105232578003589,-0.13432694682732,-0.282344647147327,-0.112954622709353,0.0479402162199531,-0.272383037515074,-0.513998966554804,0.699391121957696,0.183257856995292,0.280754415891396,0.110590078826188,0.266328155468973,0.244719339255631,-0.00195526536062463,0.30060838603226,-0.177659599135363,0.174861300819919,-0.0281070830163783,0.0301189555608503,-0.554518787615749,0.130853797615759,-0.31734893283169,-0.416936587903103,-0.172621513806724,-0.419728764341171,0.161436502713015,-0.129301801032191,0.110726589969929,0.614915336926023,0.0486627579264809,-0.514350268194259,-0.226632944692498,0.101843792710527,0.0487389349169689,-0.826220151704553,0.368186686945184,-0.222750536587405,-0.105250126811329,-0.078291768503657,-0.186556412529087,0.000354356027265629,0.337386774695998,-0.549883453848799,-0.37629352286751,-0.158513243486406,-0.485487465005172,0.155362809301598,-0.331714788800239,-0.440568417576027,-0.0374048565933404,-0.216099107462173,-0.253910120683851,-0.0489785340128584,-0.232648585990483,-0.409448219570838,0.0468034484796879,-0.32472540329246,0.192309402482819,0.122737316282398,0.270993046712235,0.395963939812479,0.0720832696465655,0.142948975501808,0.0214649764006899,0.38584740776239,-0.0600165124676395,0.568555355730287,0.300207332188918,0.533630206088506,0.14417432787316,0.244702001241276,-0.0126182407975262,-0.0216958478389683,0.35241347050819,0.0925846061081301,-0.43985325936153,0.0103718713571331,0.601509682334814,0.701405051389872,0.0638099935753224,0.757794838652225,-0.196337947087952,-0.0444830360330517,1
