1,-2.12876170231814,-1.27286919886941,-0.172113043859569,-0.967494865915129,-1.50351493954322,-0.761050085253543,-1.6406270554508,-1.20008959257051,0.220206444738577,0.197048409881948,0.209308367152982,-0.700890996554076,-1.40250620990526,-0.593810853268072,-0.770942647396623,0.367261323267025,-1.1274912580424,-0.718737100295538,-0.859190575524046,0.439289205944775,0.975309331932226,-0.354877600027174,0.640562229124228,1.0264760372011,-0.35431885314442,0.875502408518254,1.33658304581722,-0.628152308811514,1.53153980315388,0.560627715366802,-0.443709725211629,0.262640899561291,0.805054053703583,1.15940866207388,-0.0792259241164189,0.942242014638469,0.352901007524904,1.06781481515663,0.345175278938464,0.102418156378009,0.708401869961085,1.12156405882366,0.55087179030588,1.00210195385621,1.29802605313695,1.20807417870434,0.333520142919923,-0.171849045531267,-0.266700516553636,-1.28037490726063,-1.33839067576728,-0.563964063186711,-0.993330631248445,-0.762522197641699,-1.44371607158378,-2.40369023661822,-0.843729174294919,-0.147281667581336,-0.236297873412496,-0.106249574728906,-0.359205039199357,-0.163809204854166,0.0505728859789351,-0.232890949060029,0.297476946788231,-0.898923003440208,-0.664253617598622,-0.252290725348492,-1.17332165771878,0.212173059678969,-0.213723704252095,-0.90345467286889,-0.644563397729605,-0.384918416265884,-0.176191661692187,0.200511215127247,0.180857960942029,1.08448079375659,1.11267367212431,0.626249057006209,-0.348339803475406,0.537670502040036,0.49197777296711,0.627836315497337,-0.651580071565542,0.462481024592467,0.392274699438911,-1.32985035464003,-0.154433737092876,0.376500015807571,0.183860002998912,0.062330559263197,0.568429753879044,0.81323091385116,-0.270750008565037,0.911526065248808,-0.575921824955164,-0.923432524621778,-1.10859680103138
-2.12876170231814,1,-0.281742330673263,-2.75330548832614,-1.74943024982615,-0.07127092627164,-0.684898670705104,-1.62624852428498,-0.892839583506798,-4.15228983663992,-1.69835162254891,-1.39657015785534,-3.36903368504024,-1.8176459491101,-2.43811888089805,0.360549638994238,1.97002435301949,0.145245728473548,0.145622452045352,0.737627876235704,1.66157342230314,1.2390475733247,-0.0812145893624525,1.90151957182088,-0.701489949403963,-1.0035306038807,2.86885105087476,3.78721685919685,-0.0366883824040131,2.03798619408908,0.374686763471331,-3.09340830991325,1.29657123945754,2.96985502743655,3.73107050196081,-0.471810845706675,1.64884332369411,-1.07571067131951,0.024650881250152,-0.654995963898169,1.3361061848625,3.33433599050007,1.70995694995304,-0.186313437028842,2.35069896594932,2.08037592644075,2.46973378736786,1.18964910311318,0.153710870070921,-0.455680146531442,-3.5423404552293,-0.838480229463564,-2.12501416329035,-2.29692923567216,0.565324711937051,0.127942415898971,-2.81302834948066,-0.933902651015565,-4.53530402911552,-2.6845006762403,-3.2610434888113,-2.02725765302244,-1.52529506178704,-2.18030898404636,-1.77003513268463,-1.44701380896229,-0.367301647380916,-0.771620249984453,0.576345258553383,-1.3277846097918,-1.97701054534401,-0.433530159749132,-1.68344753524242,-1.37233101163939,-1.02355809097055,-0.835421122795122,0.77462203379099,0.534448782598418,0.887958369423459,0.506172307635932,2.00413610799012,1.38824874420855,2.84532383272647,3.18636161079752,2.41916020345445,1.92889652189738,1.34519036217024,2.76661990463414,-0.757092690041372,1.11705098839721,0.971519923215471,-1.89384960336961,-2.92952301921191,2.7223186978703,2.23490269689376,-1.05560057667935,3.19085715944341,0.0957025019358416,-1.25851964756899,-1.41088579501634
-1.27286919886941,-0.281742330673263,1,-2.19485065506576,-1.23416146969547,0.0363085757618071,-0.296975776036834,-0.992734591480613,-1.57704050785083,-3.64534841834105,-1.28213529161562,-1.56005381057148,-2.62086735770577,-0.999125166395991,-2.58623460466532,0.838997462514637,1.82456903359868,0.361804259149165,0.594610022559471,1.55765286270462,2.03446624469944,0.798643084120796,0.478283116444228,1.2069934828353,-1.01679846574059,-1.48927101863733,2.62643687188447,2.78175815488031,0.0774417703386653,1.01549506370358,-0.165800337187722,-1.88213540539893,1.33430519231617,2.23453973946145,2.53848093080984,0.0994361264092021,0.573779207294218,-0.0362853996860136,0.171624001145883,-0.596963281350583,1.993614884322,2.01461877297708,0.938728488250151,0.129204363620567,1.96772897784168,1.83805613533403,1.94116355779482,1.72875969162052,0.378275254224434,0.200379749936962,-3.227910942533,-1.12059572619278,-1.60727660198927,-2.07832737607847,-0.610710760676908,0.295228433326858,-2.13828276924881,-1.45928501100381,-4.02281747484465,-2.15065591352122,-2.97640515667219,-1.16111684249022,-1.62812239352333,-2.03826462912889,-1.69964044740373,-1.36327227193876,-0.0693302676730245,-0.81658608904861,0.176536547610201,-1.18603413244739,-0.803884045753088,-1.10546428751865,-1.35888791079014,-1.35438806396711,-1.19980038334492,-1.39303805771038,1.08238205364788,-0.00630391571261785,0.365510816159033,0.583310930856459,1.48727091904533,1.04060424108008,2.32165674017184,1.85038920698829,1.87690921204339,1.46367244473706,0.447703171322272,1.67368916316443,-0.826632600790981,1.55587817575245,1.12517106164839,-1.34626870934172,-2.71894512599607,1.9933137532511,1.4684574823959,-0.521104337550291,2.7149299751716,0.475494277392119,-1.08553641972696,-1.02674250239389
-0.172113043859569,-2.75330548832614,-2.19485065506576,1,-3.03559304217528,-2.75611469111231,0.895839906528768,-1.08607048449848,-2.20659986043295,0.0499946814499903,0.663846135142652,-1.27008314637211,0.251677503267969,-1.22022507475375,0.963655264395693,-1.55365133148435,-1.52073936341452,-2.02059934669625,-1.42513037657732,-0.347396396972609,-0.462938417821521,-0.748959218523621,-0.330298852291123,0.989267138788888,-0.0505246341060368,-2.89076607303279,1.12662898183592,-0.414956709078486,-0.741806902954683,-0.0609685496382283,0.467787899741378,1.20510980289256,-0.196349868767593,-1.13406729048379,0.13156607237235,0.965082285666695,-0.768660820781503,2.40556272474638,2.64838251177683,1.828993154848,1.73992431966151,0.582319891899185,1.99699903109668,2.70336434277429,1.12198552637457,3.6274244533042,2.26272928149906,1.82322707472198,0.8692774188175,1.2064944189819,0.914629389373395,-1.43599267880967,-0.881259427187953,-1.51060275226169,-3.31315733047092,-2.89926334658984,-2.89678126143777,-0.953675646653154,-0.271472895021977,-0.340607492841582,-0.954898413718242,1.25863466725602,-0.341582298611988,0.722055213258909,-1.05593925176463,1.26010930928467,-0.394748735164525,-2.77415782087841,-2.8529873771115,-3.10476273706688,0.0619593105710621,-2.73482673915699,-2.01628996473817,0.710368019971714,-2.40878855206287,-2.88750728309482,-0.538354668698604,-2.58495386502082,3.10838807534569,2.91346438108214,-1.93071793389585,-1.7425799624335,0.374557978326032,-1.4566132427351,-1.35697325073822,-1.89827898567376,-1.31699150864991,-1.44771951148855,-2.68158166508566,1.34561027353443,1.66264577779839,1.7029330077064,0.884827806934624,0.963291318614309,1.34108526726456,1.78069737585082,2.23322124712714,-0.0521166018483402,-0.185056194220157,-0.918349154048205
-0.967494865915129,-1.74943024982615,-1.23416146969547,-3.03559304217528,1,-0.973979837237148,-1.32201941295161,-2.03523182663662,-2.26868201872777,-4.57195715222081,-2.65218279687548,-2.25971740253963,-3.26954412855251,-2.33329368587621,-2.78076954091973,2.23276021004161,2.13974881202128,1.67370817931471,0.194975760667774,2.745214224133,1.69544883654456,1.85939641013501,1.74017349189949,1.39674182516573,-2.5317775576419,-1.8060663864852,3.66537224655452,3.91221731022847,0.223965061890311,1.93132119565698,0.3514341452754,-2.06938689626268,2.1981526756147,3.42185469679842,4.41649189017962,0.12420535176357,0.481461414638636,-0.547732919932124,0.223856848463494,-1.06546072592565,2.885760776006,2.89356999022306,1.90326320071611,-0.442548082296934,2.18906511741545,2.19031163052206,2.87749484468357,2.50258226367176,-0.436350710592667,-0.290258271936346,-3.02261489909147,-2.11752148986042,-2.46143584254043,-3.42869173280731,-1.76610497173851,-0.158750568230116,-2.22034687112258,-2.62918395760785,-5.12485388127745,-3.60895506126585,-4.31547053690263,-1.56029120614396,-2.74345601129273,-2.21842900525089,-2.71651392021108,-1.38906250822001,0.050484173585418,-0.538909640266626,0.0307125918644378,-0.897541419589966,-0.461854954779537,-0.686555132241805,-0.539842997329125,-2.04354962201812,-1.87556950286019,-2.03924290063366,0.0774236103200888,0.181565085728284,0.606114917236249,0.343454192532854,1.31416515152734,0.925665979175535,2.51009475979297,1.81367179662048,2.17881735390939,1.70039228788576,-0.407610915590542,1.64582607738846,-0.862740250245038,1.13333354983416,0.691611034609645,-2.00940711831956,-3.27575432487282,2.12989051290466,1.32747139184353,-0.916843464569768,2.65889659278032,1.04557199482826,-1.17796769700767,-1.83833424277117
-1.50351493954322,-0.07127092627164,0.0363085757618071,-2.75611469111231,-0.973979837237148,1,-0.682393926621148,-0.799714776446255,-0.754343968849144,-4.38851254790446,-1.83811596960143,-1.65423570888223,-3.03231634300071,-1.16729984643792,-2.64558475242427,0.939714906258151,1.94317670558125,0.584810901292205,0.424074601527466,1.26881440830247,1.74602334513532,0.935385203441567,0.139530037911895,1.2791733143159,-1.39470894488578,-1.25559068728128,2.49708566657928,3.299434440587,-0.0277929334950521,1.44411406161545,0.139880084533912,-2.416488321126,1.77092028425279,2.91724394093645,3.4084653488381,-0.446909608299527,1.07176221424788,-0.622756754068081,-0.0322366232688667,-0.956684192745609,1.90770394855976,3.08014042081188,1.26117755061079,-0.272782381106275,1.68255792902036,1.75872714875072,2.23400484697959,1.45981837776011,0.275469537951325,-0.0874225891502792,-3.66351719838239,-0.567528504887485,-1.87405975454214,-1.91096029816514,0.489571660407933,0.935887273846711,-1.63434918817565,-0.884370380759546,-4.75090472494004,-2.75762320526436,-3.45010855115097,-1.72230785404953,-1.58690539730672,-2.49621705601842,-2.01551356778974,-1.71177889617165,-0.18021174676995,-0.632955427997569,0.635269958296689,-1.08692183507793,-1.98685512759224,-0.681984165072879,-1.64905588408814,-1.48793580144036,-1.26919477810975,-1.09407427498933,0.717542955743768,0.372585925938666,0.385850286392006,0.308569653713034,1.94152346780794,1.69809974034011,2.57817133266168,2.91803830922303,2.08310445971574,2.48424895509397,0.747334297334181,2.36537254247692,-0.547734936233585,1.54426592448875,1.07462536802069,-1.77239139075628,-3.26357756891931,2.67255884479918,1.89106725876168,-0.866578311165328,3.14904767491814,0.282099793391205,-1.0469954585241,-0.998071941423692
-0.761050085253543,-0.684898670705104,-0.296975776036834,0.895839906528768,-1.32201941295161,-0.682393926621148,1,0.824758399967292,-0.42230344728119,0.076118472536588,1.85369553351774,-1.11396096214546,0.826220515820133,0.0212585585798024,1.52852899765859,-3.88802075600757,-2.57396613277382,-4.42651364193243,-1.85739034182202,-3.03989622402076,-0.684703476064883,-2.3746735116302,-2.85722809218208,0.586519009371473,1.40959859126078,-3.35772213225328,-0.276453161519119,-1.32300788602375,-1.51878438933201,-0.547062764999925,0.712252419110138,1.36951270975841,-0.658803379667044,-2.18165279740712,-0.987842761545627,0.335330669270764,-0.286337109054516,3.307836481232,3.22834026666996,2.59909094425608,1.05220938754004,1.69533697284641,1.82793051979472,4.00867743756155,0.759016253921472,4.49206982332292,2.20802198150835,1.15995603128328,2.1479848358526,2.02394462117484,0.0458519192503684,0.602116033934919,-0.5385417666484,0.523162148145615,-0.61490570181803,-1.96678743398115,-2.67939680195605,1.61767239192413,-0.106552591492703,0.796889937223761,-0.240488678831069,1.59377878469193,1.3884107206919,0.627210921427839,-0.871924027201067,1.28813930562107,-1.02332272859602,-4.12863790378529,-3.15555976859544,-4.77478286688588,-2.42533930975667,-4.01307095891081,-4.54489191951556,1.67789166123421,-2.97630762789899,-2.7684490621487,0.265287396938547,-3.26646885230951,4.12912783348141,3.95285672901296,-1.84244721221557,-1.08969256005121,0.709714616699932,-0.345742102631614,-2.26972735865494,-1.21706631514598,-0.415405819106953,-0.926852253266002,-3.5172344088322,2.50260900604659,2.75515670133143,2.7232619335931,0.753206633311864,2.45376826476426,2.62529825005614,2.61194711779471,4.03696670058048,-1.12296495500058,-0.158891264775043,0.0441913838603033
-1.6406270554508,-1.62624852428498,-0.992734591480613,-1.08607048449848,-2.03523182663662,-0.799714776446255,0.824758399967292,1,-1.39150870302485,-2.28827242239388,0.33979505295888,-1.46640685984039,-1.63824566732567,-1.00238209538569,-0.586370775281261,-2.09876321003668,-0.113914134276955,-2.43289814443083,-0.609439076588928,-1.27022825982747,1.0674328677547,-0.579659439544046,-1.34935311517611,1.14835991192271,0.580331062323017,-2.6205771576425,1.919259411928,1.76433688107329,-0.957148914724091,0.947089550589588,0.293202191289517,-1.25657091371656,-0.194794976115596,0.281964427672422,1.30304457202354,0.348916920113389,0.657609882171418,1.36241773119898,1.60152013501193,1.12583084496813,1.37167382419867,2.49365369050618,1.71399311771054,2.28795806257039,2.20460210772363,3.84227372536396,2.44476870282168,1.65402468654709,1.34961346411023,0.901024921539807,-2.12981474607395,-0.606570800579211,-1.55547735898955,-1.25753894013498,-0.498614109869876,-1.50607169214606,-3.71255273326294,-0.220568503659134,-2.5538329851525,-0.888979678814348,-1.78905926589357,-0.148886542182916,-0.133587197034128,-0.561718678682445,-1.26782624227962,0.10913273375647,-0.699689479067558,-2.66050566494815,-1.54208998185966,-3.51212826154872,-1.61822792690017,-2.5114493465383,-3.00670258067163,-0.16803651133132,-2.15188601727189,-2.12058546316575,0.907707503927998,-1.35669842533728,2.66834393193837,2.34488304700379,0.0135177429755506,-0.00015823367665746,2.08376478972763,1.34970734023674,0.506837310227846,0.0347241879539542,0.732767201119843,1.19017005655458,-2.5249701987322,1.91048702123035,1.89606936560825,0.258101318564146,-1.23570982320868,2.51428550238407,2.45465307882122,0.924460656051653,3.88425859089135,-0.326364594939896,-0.961754462545533,-1.03384629532528
-1.20008959257051,-0.892839583506798,-1.57704050785083,-2.20659986043295,-2.26868201872777,-0.754343968849144,-0.42230344728119,-1.39150870302485,1,-4.06834204797562,-1.68093528992496,-2.10632501703945,-2.70324041129488,-1.03219130361196,-2.35601017140232,0.961751189167321,1.70617938949876,0.422667868754837,0.589684062467421,2.13271294986073,1.70169760206559,0.639332380600885,0.696525618637486,1.47047048775703,-2.01987411014459,-1.98823257263463,3.34287268703076,3.00662109799549,0.24405034101858,0.813508412548711,-0.19570533642959,-1.74209327625644,1.63094420057469,2.26784611230283,2.94498650023204,0.0839182351932776,0.494299838378859,0.274732735202928,0.393524585190789,-0.82636141609935,2.71602807847085,2.20299690922534,1.63631221099655,0.634267361518688,2.4143141204553,2.62100310514571,2.65809628785628,2.20299994591095,0.544841383327277,0.493089605200627,-3.13848645647651,-1.58421767965359,-1.82670629357089,-2.49658382944291,-1.63967955708769,-0.527217501081608,-2.37952029566014,-2.05986085424906,-4.56535659534548,-2.79966372876715,-3.52865710847799,-0.808081831824289,-2.0427246217859,-2.10130126086933,-2.09312766691315,-1.27578340900984,-0.0386737120315511,-0.915534666624739,-0.134281666327748,-1.49433676585968,-0.830162916527802,-1.38965376512157,-1.31971714928059,-1.42852689091346,-1.60277563590906,-2.11574897128824,0.33783263737126,-0.56504688613525,0.627921535700828,0.573826175596917,1.13144297299067,1.04608968478442,2.50179814196645,1.64353430883434,1.8363520510034,1.54657306814088,0.00657319982559368,1.33343688299328,-1.06717842001629,1.91704344541921,1.34432312467452,-1.44287450414747,-2.69678261097888,2.21691216452094,1.50306487987579,-0.0755870889758999,3.06904655975581,0.754528430191691,-0.88999537015789,-1.18158722310408
0.220206444738577,-4.15228983663992,-3.64534841834105,0.0499946814499903,-4.57195715222081,-4.38851254790446,0.076118472536588,-2.28827242239388,-4.06834204797562,1,-0.0600160222455888,-2.34033907284943,-0.194244251244295,-2.40490104350301,0.662803460260334,-0.734250738426382,-1.44861169466122,-1.54295682942339,-1.87761447564184,0.695365064417543,-0.275363769204525,-0.0634898347757336,0.819026134854176,0.802304740480412,-1.45148407805093,-4.43080969678655,2.40212082443708,0.545807627663397,-1.20085267567713,0.645660391291006,0.675224354588901,1.7375971163778,0.621296594558659,-0.385524349552288,1.52731512501593,1.54739662452177,-1.29789789880262,3.37036504341028,3.63557705588309,1.79473527186474,3.59409746011119,1.15320671718763,3.03089779690469,3.22856312801691,1.41032230612363,5.12540130852779,3.70250840656683,3.56492878905385,0.628847480048753,1.49437315186459,0.629001077862487,-3.11884599933887,-1.75719291338021,-3.10796115391143,-5.81118559455223,-4.05388432008437,-3.78792537828302,-2.78605822892284,-1.36966700464283,-1.59660862994402,-2.30551406863,1.53719606979208,-1.3985484232238,0.673662514443295,-2.24747511948935,1.59613509066833,-0.445563916419448,-3.31181517004891,-3.81561890114813,-3.95239672324601,0.952902031341989,-3.45502377837598,-1.9057012623753,-0.23380545271125,-3.88971779317411,-4.54759704528303,-1.2884618889345,-3.07995136287373,3.92364308201503,3.64684650742362,-2.4720456389771,-2.18830688408056,0.496997848462988,-2.08953484252446,-1.35136797038417,-2.0890225791239,-2.59889624178226,-2.00548371707113,-3.74778798514965,1.69092371709894,1.91542200402538,1.74312509687885,0.411711503210692,1.19155821133098,1.35794655533962,2.11133044601543,2.95242074838387,0.491002866784749,-0.458024863479583,-1.93978898460335
0.197048409881948,-1.69835162254891,-1.28213529161562,0.663846135142652,-2.65218279687548,-1.83811596960143,1.85369553351774,0.33979505295888,-1.68093528992496,-0.0600160222455888,1,-2.00424880797455,1.10842321337403,-0.849154556662069,1.69305618721344,-2.72697531363097,-2.98671654939225,-3.58795024831863,-2.30374682334033,-1.64887778594228,-0.866271998876981,-1.92989700580033,-1.32845295795143,0.42234200926994,0.133417349954983,-4.55519241834016,0.453286732067981,-1.57964277322591,-1.48079927055465,-0.511705930723306,0.775724705673773,2.40122647652288,-0.217772360103286,-2.27609194483188,-0.499510747499282,1.1858196662626,-1.65165457804898,3.99637409772,3.9141600974051,2.94628216842886,2.37289493446799,1.45596466850643,2.31369929097064,4.16007528046251,0.756673605538901,5.20401332735516,2.92803876540906,2.54102521847147,1.61869997342731,2.20223566627384,1.1147331895665,-0.552173715411358,-1.14174357204066,-0.7305391274266,-2.85540593849831,-2.62633316238226,-2.81206652331539,0.307599199374339,-0.350834752595699,0.245660378117688,-1.2717906739533,2.20631694429852,0.403861574315535,0.930166017675494,-1.74616081912033,1.74870717759023,-0.582097958761934,-4.63820637406986,-4.41325063428241,-5.03144768558596,-1.17488849113155,-4.84677442146505,-3.97982336137603,1.51886472245077,-4.25637016190283,-4.37796042816582,-0.156942812168248,-4.18701795785436,4.70808109186485,4.61527507350494,-3.14330778255919,-2.23919433640461,0.421598453017473,-1.91678138091949,-2.99559273270769,-2.19376384459792,-2.30709989506899,-2.15684894085407,-4.18671363502427,2.51009203094247,2.81038456491657,3.13999418086006,0.709451388969155,2.07688721394923,2.19277239137175,2.99306529735769,3.87269262086973,-0.32510813987476,-0.171171226478403,-0.573592313909359
0.209308367152982,-1.39657015785534,-1.56005381057148,-1.27008314637211,-2.25971740253963,-1.65423570888223,-1.11396096214546,-1.46640685984039,-2.10632501703945,-2.34033907284943,-2.00424880797455,1,-1.33096549913519,-1.39183657408991,-1.22389297960559,2.19271154752952,0.971448423184791,1.74527462921152,0.0028875565049945,2.95151161414021,0.300861815660623,1.09716641473045,1.85115119810115,0.893073628340993,-2.82425807780333,-1.33401636634619,2.29054915066728,1.66376264921504,0.501244973262317,0.505783241004047,0.193554434857727,-0.104219346933734,1.96108895918335,1.89183647450502,2.65521092485415,0.183324250945118,-0.321263765923121,0.162712051461897,0.523413421698597,-0.896358764449699,2.58384659596674,0.985900185626839,1.54102697411381,-0.137526856449053,0.876623556243059,1.3152476596866,2.03379780080114,1.90077394907595,-0.446864046705046,0.121919037060218,-0.731944885784772,-1.92483990057427,-1.28285316969401,-2.48665899815363,-2.91929339790126,-0.739127875886732,-0.620576729569003,-2.41436298229381,-2.79914885033755,-2.63701192413375,-2.8255231747695,-0.288736368001104,-2.21256675260125,-1.20856531478887,-1.87439053775045,-0.603382438563216,0.283914671277198,-0.0731766686913427,-0.344843749723551,-0.118015446455046,0.357470547830588,-0.438098373618614,0.308076133553951,-1.13424988884108,-1.34335555561748,-1.85120896373504,-1.15069356827604,-0.501788487969559,0.278682815237201,0.116280902428401,0.0913262849957693,0.197192212907421,0.885895112439647,-0.0290172404458531,0.655516917447613,0.754383267756045,-1.46890371148632,-0.260905444888128,-0.344741389114791,0.742991929137591,0.3940089962322,-0.890079307334324,-1.3947422912727,0.762921492579645,0.200647586146385,-0.111099694659573,0.990107044082645,1.03452656812647,-0.166504358893922,-1.00867635927219
-0.700890996554076,-3.36903368504024,-2.62086735770577,0.251677503267969,-3.26954412855251,-3.03231634300071,0.826220515820133,-1.63824566732567,-2.70324041129488,-0.194244251244295,1.10842321337403,-1.33096549913519,1,-1.64071320013153,0.796027417800146,-2.40251387484524,-1.44178017173327,-2.85679083876015,-1.58606025581029,-1.3603324903207,0.191517389833983,-0.604865006878857,-0.70070696870664,0.717568020226961,0.667588093135959,-3.53160238922507,1.43561587113934,0.359846493019963,-1.52744529290817,0.748037418342884,0.458554124960326,0.736998661698416,-0.609418259668207,-1.00009344864049,0.393641688198922,1.26106408085337,-0.504150454599881,2.8415525399725,3.07958600608595,2.20920502150453,1.85190109507729,1.18083351419954,2.12305548031271,3.18814495275568,1.43314708306423,4.51966201571955,2.68031358821061,2.32905214865883,1.08464595704454,1.23660465068967,0.0109839702791885,-1.82764643987776,-1.2766633763893,-1.77230347296689,-3.26110018793709,-3.33652575393138,-4.15106523590321,-1.18403145384367,-0.517031113685736,-0.233947504275279,-0.946669214461351,1.1077097505941,-0.0720623150348301,0.901501149915056,-1.06369980920695,1.54026707740888,-0.736466208263675,-3.32974399232773,-3.17265697791407,-4.11318561314816,0.101730482402179,-3.13394869972434,-2.581756246012,0.205785585793907,-2.89735973474612,-3.14978578520734,-0.0292884431859289,-2.39407907685345,3.74654717066828,3.56354990660144,-1.76550153952808,-1.8105862508879,0.684919389380344,-0.974202266370397,-0.982187162099874,-2.02157958446902,-0.866722181870699,-0.822019311917267,-3.52329641582436,1.45525570168312,1.9031669740242,1.79243332536935,0.579936838451433,1.33784005740377,1.84445122997382,1.80972547163945,3.04791719930403,-0.294844855853591,-0.704618829534421,-1.47797672348134
-1.40250620990526,-1.8176459491101,-0.999125166395991,-1.22022507475375,-2.33329368587621,-1.16729984643792,0.0212585585798024,-1.00238209538569,-1.03219130361196,-2.40490104350301,-0.849154556662069,-1.39183657408991,-1.64071320013153,1,-1.23597955590655,-0.316273308498975,0.208785550401372,-0.873450020173184,-1.12708239180914,0.668583690797044,0.363540056054694,0.391403339552729,-0.504184543776227,2.33152541126429,-0.547882428862444,-2.07851668413856,1.60135857475471,1.24733491558753,-0.436482181760927,0.922115085876603,0.628747175808399,-0.608862957849149,1.65514187441323,1.49266718529177,2.50553458090105,-0.117634709352777,0.516690777270374,0.775040194579266,2.15136245678928,0.724401014266239,2.01220177995595,2.42167768764501,2.38905559248422,1.05896931428249,1.02313919288759,2.95058837559026,3.09764208532571,1.37258621069271,0.555615004098126,0.431781848652938,-1.49752962819197,-0.812932804012715,-1.59546916536076,-2.19828190559002,-1.26894095653074,-0.583684989446344,-2.49829994071405,-0.46876244020476,-2.9082233934704,-2.04049531073921,-2.85872531246989,-0.768370864792498,-1.21862565373725,-1.70730288935256,-1.89040197182836,-0.664954054426782,-0.423060797519646,-2.22720644657114,-1.12235051185503,-2.35148462879143,-2.23239438326507,-1.88929450484539,-3.10996252834382,0.0384368733568047,-2.01660362855839,-2.06734963392735,0.0121481929516448,-1.43438436292638,2.32711831845679,2.57635900372772,0.398039020486538,-0.080650621496905,1.65552435338709,1.38843859887428,0.117231797545879,0.551099464483427,-0.319021964786318,0.507340482729294,-1.74221195810932,1.77947627320293,2.10546215434228,0.333623521495921,-1.18674637770648,2.65154472809206,2.63681660603789,0.124651557303786,3.45142549917013,-0.497526805323508,-0.696842419855998,-1.07062677760093
-0.593810853268072,-2.43811888089805,-2.58623460466532,0.963655264395693,-2.78076954091973,-2.64558475242427,1.52852899765859,-0.586370775281261,-2.35601017140232,0.662803460260334,1.69305618721344,-1.22389297960559,0.796027417800146,-1.23597955590655,1,-2.87664393296516,-2.25045126957516,-3.8427112632043,-2.19085339940908,-1.56800001553314,-0.136277519919814,-1.15747991117857,-1.3368638355576,1.10925355576562,1.24420729566368,-4.03131237963028,0.566169976248436,-1.29145050424301,-1.61735370372256,-0.0303234225878699,0.541976679112234,2.13855342316972,-0.108061616173549,-1.80722702223915,-0.535555660399889,1.27803473109145,-1.12497208619619,3.97152261095722,4.3005764080931,3.02944850767045,2.0881801391452,0.69439671003198,2.25588114378196,3.89667525551808,0.871428790097815,4.90750498931888,2.9697977997902,2.24236153600632,1.48352511886012,1.8797404260355,0.378353477999666,-1.34381929383282,-0.874638850021219,-1.27027757410041,-3.41277511380755,-2.95995816510446,-3.90201014100713,-0.352796688742736,0.208556853912658,0.517049336348928,-0.78315120118764,1.80113565298944,0.238368278519717,0.673087530106264,-1.19007617927287,1.52941135832801,-0.861395104981071,-4.43599255180557,-3.952504030112,-4.85035140038836,-0.504969561806299,-4.43634739031707,-4.1700820911978,1.21902331911818,-3.47459430003085,-3.76233580590667,0.4536309905992,-3.68326335724979,4.4053624469466,5.04487221536936,-2.24900018052609,-2.47462798463036,0.340764873849107,-1.72573310874326,-2.33110569769513,-2.69624598007254,-1.70878871256424,-2.02578826303829,-4.25964884190881,2.24160945432946,2.99045506642857,3.22926047086942,1.13991347370079,1.73606060496816,2.37637295070217,2.38384270566058,3.60213549462504,-0.847648529770812,-0.672515997199064,-1.005281771934
-0.770942647396623,0.360549638994238,0.838997462514637,-1.55365133148435,2.23276021004161,0.939714906258151,-3.88802075600757,-2.09876321003668,0.961751189167321,-0.734250738426382,-2.72697531363097,2.19271154752952,-2.40251387484524,-0.316273308498975,-2.87664393296516,1,4.65574175805578,5.24809403213422,2.60254173878191,2.93259030130766,1.02819918620324,3.78646583226405,2.42449894352433,-0.0172379753863798,-1.20278447783031,5.85016929190527,0.873484619530298,3.89549254983247,2.0563179327822,1.95628676220247,-0.314676937660201,-3.61497762453333,1.46349048472091,4.59335127861457,2.8756842797402,-1.98108373464435,2.99881276817569,-5.57484915969768,-4.83395749941856,-4.60312279483353,-2.27432737407339,-0.882832420092095,-1.62058750492247,-5.57836436727658,-0.0346799424562292,-6.00216082382835,-2.4770205612081,-2.72224808012312,-2.73703730728539,-3.27883453731204,-2.43341994394244,-0.76673516905805,0.678215475262031,-0.409085571173334,2.49862356107709,2.2754997661431,2.62746709234271,-1.84911166231435,-0.77747818489858,-1.81222137320624,0.559414679536129,-3.36103766296654,-1.55251661229696,-1.59161477389642,1.3486180712213,-2.38624035996011,0.285549294506732,6.3373839181655,6.01140855929415,6.48088966632807,1.76463207626414,6.80011219247672,5.50092399648414,-3.02396188331203,5.15501524413706,5.37347551955863,-0.764984582352594,5.86652233120399,-5.79841029986827,-6.20025672889855,4.72722749090618,3.23043205561305,0.0446715691418872,2.98279045703307,4.75132428557095,3.20417979948951,2.79869742442612,3.07665218454375,5.04107361551575,-3.54012365524542,-3.88370664332345,-4.86630311278595,-1.49781473548167,-2.23429441047996,-2.73679747802806,-4.33733692211047,-4.66848929431393,0.645745212157519,-0.197149806972614,-0.205638082832042
0.367261323267025,1.97002435301949,1.82456903359868,-1.52073936341452,2.13974881202128,1.94317670558125,-2.57396613277382,-0.113914134276955,1.70617938949876,-1.44861169466122,-2.98671654939225,0.971448423184791,-1.44178017173327,0.208785550401372,-2.25045126957516,4.65574175805578,1,5.1238994315029,1.92548747921756,3.64811369274832,0.212843866931008,2.43686302313474,2.30545763415829,0.117405933968528,-2.41504293989901,4.10862256652954,0.115215009588855,1.81334280517717,2.08064236186182,0.448916391868068,-0.255620020400043,-1.92278643377991,2.17162259904931,3.52939288544669,2.29072951875494,-1.64434017132706,1.25255991569304,-4.25656168593408,-3.66774198207501,-3.65886506396363,-0.912330080043243,-0.460766724189938,-1.32782168645315,-4.75011959404311,-1.06282347431344,-5.0451179294406,-1.7969957427147,-1.89151245191648,-2.13637463570294,-2.19438750324647,-1.02931178327995,0.375878022186299,0.474053660752677,-0.169082869169452,2.11874463808806,3.37025865501254,4.02823256245105,-0.707238412462696,-1.42067497260751,-2.00377828444963,-0.753410834631163,-2.45172732911186,-1.68283308151491,-2.07345807302493,0.2187725050525,-2.45793543959576,0.874776912608181,4.66635654273252,4.3801810080896,5.45591619726689,0.281022719566102,4.66122566673864,3.85265037286472,-1.66391769512687,3.28906545262216,3.40767254030141,-0.927734529657315,3.65873514702804,-4.64977821858427,-4.68468256706987,3.09618941750278,2.61715603620838,-0.108109459438295,2.01734303504095,2.62979375946582,3.26780890208692,0.84093745439857,1.6769997086585,4.44276230152975,-2.0066179132448,-2.55014490918418,-3.49521588260781,-1.72879487678194,-1.24500257532944,-2.02643785729159,-3.16847338731976,-3.36663887556898,0.848625079028336,0.430220681260607,0.541287435493387
-1.1274912580424,0.145245728473548,0.361804259149165,-2.02059934669625,1.67370817931471,0.584810901292205,-4.42651364193243,-2.43289814443083,0.422667868754837,-1.54295682942339,-3.58795024831863,1.74527462921152,-2.85679083876015,-0.873450020173184,-3.8427112632043,5.24809403213422,5.1238994315029,1,2.35113810650186,4.0526197345885,1.0945469387422,4.37650215850196,2.73323344696648,0.865160356412281,-2.03254883921879,5.51191878259711,1.61009824647725,4.34692365272471,2.33461640106745,2.20088674339491,-0.0556405501940574,-3.44900146291061,2.92264682497358,5.62740920275241,4.12204952960673,-2.3158964147399,3.13259810794629,-5.41360066998418,-4.18500641041452,-4.95746390905673,-1.26931868263415,-0.352021942116489,-0.691270419939344,-5.62415224872841,0.295223073468784,-5.43330352511588,-1.28837401063125,-2.27737303242944,-2.8857122120465,-3.19498003754471,-3.27680382854387,-1.35491335789416,0.255596241976469,-1.25719609614893,1.72135413295154,2.33327527045786,2.34895111371291,-2.41836309624056,-1.94662037361326,-2.8217213080264,-0.693135407483921,-3.56926045482805,-2.43675746729273,-2.6177593832549,0.463179693798521,-2.99264291162152,0.130416357414427,6.06010698831321,6.04640172099788,6.28401842073778,1.23289451709607,6.38902947275139,4.71798248871053,-3.24552496872949,4.61683791539433,4.72826014916498,-0.975029808775769,5.43297480048283,-5.58940367189355,-5.6496329747076,5.2100253794686,3.39070211848898,0.551448028549786,3.27944712929976,4.84873138106633,3.61098590909453,2.17068570556755,2.83995535181373,4.68948005180571,-2.95540535370471,-3.2190638044871,-4.89735512310813,-2.10711939688648,-1.41358156227548,-2.1883459992958,-4.52601071070125,-3.87316762928549,0.616217706928242,-0.454878638741653,-0.500882341142188
-0.718737100295538,0.145622452045352,0.594610022559471,-1.42513037657732,0.194975760667774,0.424074601527466,-1.85739034182202,-0.609439076588928,0.589684062467421,-1.87761447564184,-2.30374682334033,0.0028875565049945,-1.58606025581029,-1.12708239180914,-2.19085339940908,2.60254173878191,1.92548747921756,2.35113810650186,1,2.41337439441291,0.0489257675040676,1.91327013775256,0.844093299751644,1.60329719372052,-1.6121371340756,1.38525995806467,0.664220014907826,1.60701470163351,0.87618745461873,0.971470775596811,0.506195521761089,-1.09481719469735,2.81572931164522,3.21734574114389,3.04790168478094,-1.35455490899982,1.26514914271605,-1.93679876748205,-0.461265882255878,-1.74331505495543,0.645989826863833,1.20531966473808,0.912971994068804,-2.22331826303363,-0.385274889526843,-1.30825570494108,1.00513343795387,-0.536254694298697,-1.06042490636459,-1.0775347646857,-1.63186926866053,-0.258479338015724,-0.537915082500968,-1.2870895102143,0.558959743339137,1.75174265244327,1.0995003955276,-0.504475408663112,-2.29431338774241,-2.39572155678268,-2.04248222862488,-1.93038508529444,-1.66875590859544,-2.41740267534497,-1.08965564688189,-1.91881021085402,0.0129415276870625,1.38368549180652,2.02113274179914,1.82991390336378,-1.46746591671005,1.69050096183032,0.00660603759054634,-0.877720879753232,0.734469096083859,0.938408111373833,-0.713665244474467,1.28011519403301,-1.24524883291566,-0.919884621759439,2.29471707459011,1.50565121883401,0.70464094715281,2.07956710703199,1.35379144945267,2.29620895880063,0.137476988726332,1.0110089638501,1.4583911804645,-0.149372642723651,-0.0874914655859361,-1.5538851830091,-1.52400850805565,1.00026629299183,0.518632454204894,-1.90637678329323,0.0855142779175848,-0.144252145427903,-0.204060935712966,-0.28343609192585
-0.859190575524046,0.737627876235704,1.55765286270462,-0.347396396972609,2.745214224133,1.26881440830247,-3.03989622402076,-1.27022825982747,2.13271294986073,0.695365064417543,-1.64887778594228,2.95151161414021,-1.3603324903207,0.668583690797044,-1.56800001553314,2.93259030130766,3.64811369274832,4.0526197345885,2.41337439441291,1,0.0767205020941221,2.65164748137933,1.07903413305766,0.0743592158970525,-0.137764145945608,6.48802390810567,-0.400410231884762,2.46536604074263,2.06773090470087,1.07680774661675,-0.303286726104301,-3.21046345255041,0.515037965233442,3.16961458409248,1.2927367474141,-2.33945978308695,3.24424034704192,-5.46306737493385,-4.80035184087311,-4.06220917753219,-3.53954108847785,-1.45398007907506,-1.85419538907933,-4.99031840492408,-0.461544821396706,-6.31069983590076,-3.21461817369201,-3.9700732365249,-2.17988505270197,-3.05968653675996,-1.3088583821123,0.435677319707297,1.55396955266323,1.02576697025343,3.56625472456771,2.04755365782331,3.07466857431132,-0.342227159652189,0.844034518869637,-0.618851457537514,2.06512773028106,-2.85522888421206,-0.346615676283912,-0.888975680361443,2.34409759030102,-1.94072149057231,0.115569112019027,6.19797668374007,5.9535963707364,6.37814396716477,0.996119944581252,6.88828823862001,5.04672205680686,-1.82260425554128,5.8756499915118,6.12580814202931,-0.995292508393531,5.46647471794652,-5.57824308055637,-6.15472662186368,4.27332647154592,3.07792398209605,-0.513250217266715,2.81460590162903,3.93170686706147,2.77624935365142,3.42029905559725,2.72482656173626,5.27380166523905,-3.62610808590712,-3.7947866120567,-4.12051513053603,-0.144273795109549,-2.44907480451536,-2.63325800533322,-3.77523892943901,-5.02435221687253,-0.00515380230270934,0.359480911003359,0.618006011806084
0.439289205944775,1.66157342230314,2.03446624469944,-0.462938417821521,1.69544883654456,1.74602334513532,-0.684703476064883,1.0674328677547,1.70169760206559,-0.275363769204525,-0.866271998876981,0.300861815660623,0.191517389833983,0.363540056054694,-0.136277519919814,1.02819918620324,0.212843866931008,1.0945469387422,0.0489257675040676,0.0767205020941221,1,0.296150648025945,0.031565901859087,-0.612296489855325,-0.643586849549131,1.12842745766419,-0.948352753320051,-0.0996428266638687,0.278921365047495,0.0845169783335947,0.320697626512391,-0.0368154853175078,0.807543166794918,0.736191592070393,0.518055534813705,-0.840088222983868,0.233912405833034,-1.07473672805045,-0.907177334462761,-0.888665823795516,-0.512347311434732,0.495199974743665,-0.468365013520313,-1.30164319134757,-1.10939238280952,-1.54633122284835,-0.64513289193708,-0.80585289585326,-0.576548100229502,-0.508451272122578,-0.121338284298946,1.13690052991738,0.20120676189557,0.945517204205332,1.95525938195622,1.83426669911965,2.24771384027233,1.04385828846056,-0.175647996958967,-0.236359544109634,-0.0531961237771814,-0.532159069604909,0.17176591002482,-0.51495125157678,-0.125079625178907,-0.600768603303554,0.120136651816625,1.03352664289712,1.10961880936502,1.31272783565893,-0.963294108590607,1.07149953283012,0.500209481975707,-0.10446912168981,0.44710549134229,1.02526853911575,-0.352143422753245,0.87566404164241,-1.00121841936465,-1.13941101652151,0.616539386862931,0.947500880341851,-0.30090335018767,0.783859472784602,-0.0823019672616847,1.35155378270735,-0.0688461563754424,0.384860673491028,1.13237863512229,-0.482353686100554,-0.646471931834748,-0.539916548253658,-0.644986997751994,0.104796591338837,-0.413950522090244,-0.700390723647013,-0.699469438858087,-0.0241430814281678,0.299472198359359,0.616046534919217
0.975309331932226,1.2390475733247,0.798643084120796,-0.748959218523621,1.85939641013501,0.935385203441567,-2.3746735116302,-0.579659439544046,0.639332380600885,-0.0634898347757336,-1.92989700580033,1.09716641473045,-0.604865006878857,0.391403339552729,-1.15747991117857,3.78646583226405,2.43686302313474,4.37650215850196,1.91327013775256,2.65164748137933,0.296150648025945,1,2.55566059554555,-1.24897951797282,-1.84172438166246,3.49828219270829,0.03569656836906,1.46101106967695,1.43289552512954,0.446068805493916,-0.539104021404631,-1.17368822891933,0.778220501892657,2.19368727356256,1.01414241331007,-0.743644772713537,0.567583054353135,-3.2066049193885,-3.48241964351424,-3.07448604122424,-1.05116042219797,-1.46262070079474,-1.83045893706643,-3.84685294953655,-0.973216659215282,-4.56386643837677,-2.36077608942267,-1.29788576011742,-2.03642065859187,-1.86318135939262,-0.238472461129961,-0.382033656177041,0.733092997809877,0.096898024822333,0.939863661293624,1.91438761454618,3.35947455289549,-1.42684470012625,0.120032400461191,-0.892277333970176,0.536655065353548,-1.39045014746678,-1.05579990488748,-0.461577596445869,0.854161125436781,-1.16240916304657,0.794596079315087,4.49447034480717,3.44843448625792,4.86060823659059,2.17674624260871,4.31478332381891,4.7839119303522,-1.92534757882183,3.01014855343262,3.00158878330072,-0.925505349777125,3.50759830209313,-4.32207390837261,-4.56435010768732,1.93164552549886,1.68945093338705,-0.858957697831314,0.532669737098443,2.23143996603304,1.83849275098307,0.505663328715977,0.975872793644932,3.67162312097922,-2.50261471559704,-3.0454796351469,-2.88460596712832,-0.788238722901849,-2.42342880237242,-2.94065320382783,-2.37809565913874,-4.10888620031531,1.1369366602433,0.413857024714291,0.248410530512217
-0.354877600027174,-0.0812145893624525,0.478283116444228,-0.330298852291123,1.74017349189949,0.139530037911895,-2.85722809218208,-1.34935311517611,0.696525618637486,0.819026134854176,-1.32845295795143,1.85115119810115,-0.70070696870664,-0.504184543776227,-1.3368638355576,2.42449894352433,2.30545763415829,2.73323344696648,0.844093299751644,1.07903413305766,0.031565901859087,2.55566059554555,1,-0.318747199944968,-0.255089322835647,3.70172250301115,-0.26416901141419,1.79377320280159,0.793713247484635,1.5010486302756,0.237287619794091,-1.23851297023994,1.1728717565732,2.63760956633253,1.61168528802437,-1.3766129426596,1.85897489690508,-2.91334321286766,-2.17417629884804,-2.51581821235959,-1.58715228675009,-0.778587681290955,-0.739111079915615,-3.26331744101391,-0.797030917131565,-3.72178087784997,-1.42290031001616,-1.91618798099263,-1.93537963211028,-2.04935912018672,-1.10371141995372,-0.640947726913246,0.71166407665855,0.0519400840631736,1.29108507610204,1.09173230055966,1.80490271657882,-0.94397276029587,0.684019689817026,-0.663207328968554,1.03942892365306,-1.75994021728853,-0.555436813302259,-0.549501663867949,0.959347821536786,-0.997428115706826,-0.245473366162906,3.72960244953918,3.43346045657772,3.7959089945436,1.19420942918954,4.22744893232791,3.08274582752684,-1.74483420977868,3.01863038735158,3.44872774904764,-0.884053512263293,3.52829765435539,-3.1425773491638,-3.21602956811554,2.69318914011224,1.54919489698236,-0.710617330501844,1.36601196029995,2.19673542466083,1.46390160184501,1.26941876655607,1.18861884398911,2.65387121743692,-2.53473775860501,-2.37898869309208,-2.17182843533746,-0.144533965027775,-1.58827299040501,-1.75745918548172,-2.58154456314781,-3.18335470553764,-0.112702200555387,-0.142193486652667,-0.189703310004959
0.640562229124228,1.90151957182088,1.2069934828353,0.989267138788888,1.39674182516573,1.2791733143159,0.586519009371473,1.14835991192271,1.47047048775703,0.802304740480412,0.42234200926994,0.893073628340993,0.717568020226961,2.33152541126429,1.10925355576562,-0.0172379753863798,0.117405933968528,0.865160356412281,1.60329719372052,0.0743592158970525,-0.612296489855325,-1.24897951797282,-0.318747199944968,1,-0.233271998568188,2.12963439485245,-1.01316365448159,-0.942080931611348,1.12550137737809,-1.77200120237478,-0.8237281973954,-0.498541451715678,-1.33344383345777,-1.15035336258664,-2.03556364500953,-0.560992257946956,0.299510622515979,-1.353377654803,-2.44007675358738,-1.13303963710073,-1.74358587448152,-1.60205100079928,-1.68627976337281,-0.786369198237684,-0.377420356148711,-2.44959704462592,-2.45112755852376,-1.82566846318269,0.287949547107492,-0.148918555155911,1.18051525765227,1.55392452295392,1.47203786639967,2.00450780188224,1.67135410538912,0.66314629729462,2.3545215237491,1.00238050106587,1.28896163045214,0.91393144556597,1.8707941836626,0.231711347606472,0.899229912186837,0.591358643994054,1.68028971254898,-0.175332174247694,0.589034977628506,2.14686024992814,1.63741652086001,2.26317317373448,0.256534129441222,1.89179642150655,2.19711711283032,0.524899296489787,2.42650893095756,2.06151561155682,-0.604536572106139,0.998786338434605,-2.28159692522709,-2.91854043043249,0.187573448143081,1.11739764723955,-0.65152086059568,0.00898353819055475,0.430797556838496,0.806807741466595,1.28401605924815,0.315984797757605,2.45302240964539,-0.732929886730882,-1.39213342311231,-1.02859738233948,0.821370710404726,-1.49963170887144,-1.59081686672203,0.0204552182118696,-2.23109050760891,0.375042087191348,1.20171243607454,1.55122064035777
1.0264760372011,-0.701489949403963,-1.01679846574059,-0.0505246341060368,-2.5317775576419,-1.39470894488578,1.40959859126078,0.580331062323017,-2.01987411014459,-1.45148407805093,0.133417349954983,-2.82425807780333,0.667588093135959,-0.547882428862444,1.24420729566368,-1.20278447783031,-2.41504293989901,-2.03254883921879,-1.6121371340756,-0.137764145945608,-0.643586849549131,-1.84172438166246,-0.255089322835647,-0.233271998568188,1,-4.80839908440752,1.07989900565965,-0.940175489499385,-1.07471396518212,-0.83185167459266,0.545611179368896,2.30574421674732,0.417392918077623,-1.58106066150626,0.180927079666948,1.23007733376302,-2.09654472492458,3.74203678760951,3.07214205506925,1.94462642402739,3.39406019278579,1.67432769505086,2.03796880392955,3.62543486451523,0.669379696502207,4.84978005246758,2.8382106835365,3.26750325914937,1.4426243812083,2.30873601742436,0.827620648175103,-0.738587741767783,-1.3897863988893,-1.03013128518198,-3.33893257543637,-1.99893036835125,-1.5802610725035,-0.478688740682956,-1.71739292444661,-0.834368446902642,-2.29617202196679,2.15540401416745,-0.376405140063183,0.450790660593656,-2.45096226178841,1.27384836444802,-0.105700334495174,-3.88760376383567,-4.02446718285048,-4.2728658715603,-0.821074123047664,-4.56470520570442,-2.88141480250527,0.776946793111823,-4.51294917960341,-4.78675840960498,-0.700855592545088,-3.89314958915671,3.81413423973207,3.43942942033178,-3.06480447700181,-1.47258488370151,0.591852138613618,-1.91086134613809,-2.56383837478378,-1.05311000993881,-2.88859422336704,-2.05970641027353,-3.50369616136391,2.74852227168353,2.3568237654971,2.17641342801495,-0.34269202765755,1.97010159396271,1.47929099425192,2.92856830252872,3.67838362849641,0.58164781178292,0.110492247935139,-0.448884034435334
-0.35431885314442,-1.0035306038807,-1.48927101863733,-2.89076607303279,-1.8060663864852,-1.25559068728128,-3.35772213225328,-2.6205771576425,-1.98823257263463,-4.43080969678655,-4.55519241834016,-1.33401636634619,-3.53160238922507,-2.07851668413856,-4.03131237963028,5.85016929190527,4.10862256652954,5.51191878259711,1.38525995806467,6.48802390810567,1.12842745766419,3.49828219270829,3.70172250301115,2.12963439485245,-4.80839908440752,1,3.55690775464222,4.13829804748264,1.97900786677246,1.37213479205841,0.021902146134983,-2.12929469951909,4.32803699232908,5.58751691718807,5.53847353221525,-1.02129249008973,1.1334562880607,-2.82345205690973,-1.53226086460025,-3.67933132820282,2.84613993229155,1.21390714682775,1.44998228102688,-3.43281196936532,0.879559270643264,-1.41803940036466,1.90762404046896,1.0866683891936,-1.87767826051489,-1.46629453635266,-2.69613637272464,-2.66285139459603,-1.48183087490405,-3.97721593705171,-2.50978003639738,1.17706582835207,0.860808990538686,-3.97616470408458,-5.17763510893349,-5.19428199087407,-4.49340853744793,-2.66015852115528,-4.33843877689865,-3.63589323971218,-2.35796392681088,-2.93161397225987,0.695260376159974,2.95227342277062,2.90163593903168,3.32559067600275,0.397068676611133,2.6948236332828,2.3514753728991,-2.86757093460144,0.81210128365757,0.114191558504215,-1.73690243488888,2.0906410514161,-2.7636573713663,-2.67951397746886,3.13650611046995,2.28546504198666,1.59464293498544,2.10557660645145,3.42855430461229,3.44129544585808,-0.575703087061974,1.37016589113518,2.43637852178748,-0.148718975169029,-0.824598004137088,-3.80584853328611,-3.15505408267856,0.562007472218539,-0.474724448923674,-2.74061678431824,-0.373022128153409,1.5052943167434,-0.339573773313699,-1.31550785943615
0.875502408518254,2.86885105087476,2.62643687188447,1.12662898183592,3.66537224655452,2.49708566657928,-0.276453161519119,1.919259411928,3.34287268703076,2.40212082443708,0.453286732067981,2.29054915066728,1.43561587113934,1.60135857475471,0.566169976248436,0.873484619530298,0.115215009588855,1.61009824647725,0.664220014907826,-0.400410231884762,-0.948352753320051,0.03569656836906,-0.26416901141419,-1.01316365448159,1.07989900565965,3.55690775464222,1,-2.02557933848639,0.584271357456164,-0.940670217664181,-0.284134692333407,0.343893336159136,-0.437379302500557,-0.404524944451774,-1.97131321304606,-0.961394841923479,0.271840186290681,-2.09311870003952,-2.04240419894096,-0.851345310109827,-2.83448718403017,-1.96983515277539,-2.42805672992859,-2.67284975365197,-2.86122836034197,-4.67166978869305,-3.30464685034369,-3.06869693379082,-0.909794568152621,-1.18798170712328,1.59277988159234,2.30311375621106,2.00437702196509,2.51158343755517,3.31418070604186,2.92359181544811,4.11188924980463,2.18830540600633,2.92850928151626,1.64020861872099,2.66906563826722,-0.701138894064513,1.28012563784626,0.241641320613387,2.0097561663837,-0.545073740653105,0.449616672063718,2.6783421260362,2.40055247778317,3.59088395805028,-0.0497416599755909,3.05738156253558,1.99036116863866,0.694999091741564,3.08705912265623,3.59589296286316,-0.091159114156881,2.12075186159251,-2.86971777894293,-2.44903617908378,0.94492199179244,0.781445492538938,-1.94881134238429,0.208228184774331,-0.245338108458201,0.834163714661573,0.98966131438433,0.0952297012771435,3.13097363074848,-1.94782247690133,-1.82211533687606,-0.311329310164195,1.24433223741103,-2.01089432770516,-1.6945146651842,-1.44488305830182,-3.52106004135328,-0.652585457759163,0.942367641583411,1.65517341425787
1.33658304581722,3.78721685919685,2.78175815488031,-0.414956709078486,3.91221731022847,3.299434440587,-1.32300788602375,1.76433688107329,3.00662109799549,0.545807627663397,-1.57964277322591,1.66376264921504,0.359846493019963,1.24733491558753,-1.29145050424301,3.89549254983247,1.81334280517717,4.34692365272471,1.60701470163351,2.46536604074263,-0.0996428266638687,1.46101106967695,1.79377320280159,-0.942080931611348,-0.940175489499385,4.13829804748264,-2.02557933848639,1,1.65260152698535,-0.624337310204731,-0.538640467352928,-0.316552978367102,1.15101488916182,1.54568767749826,-0.243963480770316,-1.06803121157181,-0.0814439713721633,-3.40752377236053,-3.33176274880026,-2.42092096795793,-1.86607203778503,-1.85550807307835,-2.7656809142878,-4.57393505622688,-2.60685554894665,-5.99200273270382,-3.28137423585963,-2.47348168333752,-1.95796500569778,-1.81753105618526,0.577617503176013,1.68509103611145,1.43453130336604,1.39123647179876,3.08633416193298,4.49462325706248,5.35629675358475,0.872257293122543,0.926393174702981,0.129135683634792,0.848562460918144,-1.55207684561861,-0.433291842066117,-1.1614339288091,1.06770138498142,-1.86269403647077,1.15431366354996,4.07029320291678,3.58773991278899,5.43372824430695,0.642155333834712,3.91771984322031,3.49491342087729,-0.450334250394958,3.28864967984493,3.60919165871596,0.0950465422840514,3.02288976087253,-4.62198276951537,-3.90148162681103,1.92874737292836,1.55204374200337,-1.37329148153323,0.55307447645057,0.911545871154434,2.04418200218035,0.218389449732188,0.506347154187621,4.34019026300793,-2.16440180466095,-2.45563546477377,-1.89185996471402,-0.625481138340736,-2.13790779018231,-2.49290931154286,-2.65597741535811,-4.24698795268107,0.451097863711669,0.717313272697825,1.41684871930801
-0.628152308811514,-0.0366883824040131,0.0774417703386653,-0.741806902954683,0.223965061890311,-0.0277929334950521,-1.51878438933201,-0.957148914724091,0.24405034101858,-1.20085267567713,-1.48079927055465,0.501244973262317,-1.52744529290817,-0.436482181760927,-1.61735370372256,2.0563179327822,2.08064236186182,2.33461640106745,0.87618745461873,2.06773090470087,0.278921365047495,1.43289552512954,0.793713247484635,1.12550137737809,-1.07471396518212,1.97900786677246,0.584271357456164,1.65260152698535,1,0.498500151742025,0.0317704840732065,-1.554195209721,1.45914524464623,2.47155390538214,1.87426163439128,-1.09356869011694,1.48102126420041,-2.19682663207208,-1.38660577614112,-1.88328583394636,-0.165339863780206,0.169189251845102,0.0611949454964805,-2.15526532283489,-0.102366070507824,-1.9472425058793,-0.188872807784982,-1.00518453998071,-0.819797002349794,-1.14044618069625,-1.13582997488786,-0.351276737649138,0.076418628655066,-0.856054101555564,0.383983245818793,1.01595144657793,0.918310912211555,-0.815414043520015,-1.38545081846024,-1.76696495524425,-0.775936304498189,-1.76810280346012,-1.21298056135953,-1.55080202550509,-0.0458303361838628,-1.52178846508963,0.104451291795536,2.16168117748849,2.42970190369066,2.39136192550156,-0.344082555407901,2.49695830832679,1.2961720052701,-1.00400695444987,1.87204511440517,1.78253067168119,-0.814072479988636,1.9345657990468,-1.9517439734257,-2.03642993072624,2.28206609400798,1.65318879877474,0.418850112526814,1.78159147603192,1.95850245968921,2.00101477021973,1.13178451892397,1.29316934453815,2.12969625038965,-0.673346763915332,-0.874494993761453,-2.01960173518514,-0.798485235049642,-0.119438455848763,-0.295370364087249,-1.78645740696519,-0.928840797468425,0.061098502067862,0.0679300657914909,-0.0537630255813757
1.53153980315388,2.03798619408908,1.01549506370358,-0.0609685496382283,1.93132119565698,1.44411406161545,-0.547062764999925,0.947089550589588,0.813508412548711,0.645660391291006,-0.511705930723306,0.505783241004047,0.748037418342884,0.922115085876603,-0.0303234225878699,1.95628676220247,0.448916391868068,2.20088674339491,0.971470775596811,1.07680774661675,0.0845169783335947,0.446068805493916,1.5010486302756,-1.77200120237478,-0.83185167459266,1.37213479205841,-0.940670217664181,-0.624337310204731,0.498500151742025,1,-0.577509027643907,0.48533335997719,-0.0925282693417536,-0.0180736846109077,-0.818310943627738,0.185812139427759,-0.953855921908717,-0.967609464470357,-1.77367923538746,-1.05769657652311,-0.565159604906352,-1.47170697874235,-1.89845857433991,-1.84759935615692,-1.39368713247803,-2.74197033715825,-2.02076333202269,-0.420350272526192,-0.991196794460606,-0.569577736354607,0.7916682937303,0.431195807193954,0.719682350209194,0.869232029375816,0.738409584465469,1.75818427482516,2.86292078424472,-0.155085659834409,0.982144026825703,0.541962510248656,0.790478923257283,0.0552310786189418,-0.041093183893894,0.318860415269163,0.606928108901809,-0.20997896182855,0.800208946090875,2.00088688899936,1.10201855490994,2.47087838844256,1.63219355644968,1.52853264231697,2.62457588880811,-0.561651789589109,1.07546565021646,1.14404079299657,0.042554806418616,1.29721848083527,-2.31637315840099,-2.1008246995655,-0.0156414177755675,0.29250850124075,-1.15654576885874,-0.851739342773928,0.0713523417095518,0.397403553404582,-0.640447996174339,-0.312321308969073,1.76193389941017,-1.2312818815927,-1.60352574239733,-0.705693445430006,-0.21418320868189,-1.80637663206037,-2.09252341517121,-0.725858818829416,-2.60235933969205,0.820859596101648,0.43909803765673,0.610961131809156
0.560627715366802,0.374686763471331,-0.165800337187722,0.467787899741378,0.3514341452754,0.139880084533912,0.712252419110138,0.293202191289517,-0.19570533642959,0.675224354588901,0.775724705673773,0.193554434857727,0.458554124960326,0.628747175808399,0.541976679112234,-0.314676937660201,-0.255620020400043,-0.0556405501940574,0.506195521761089,-0.303286726104301,0.320697626512391,-0.539104021404631,0.237287619794091,-0.8237281973954,0.545611179368896,0.021902146134983,-0.284134692333407,-0.538640467352928,0.0317704840732065,-0.577509027643907,1,0.113908019566167,-1.2733145606833,-1.10981889130256,-1.41588806750212,0.652543685085795,-0.594349280540689,0.14306857960833,-0.629732846524661,0.336349688291057,-0.527715421123084,-1.04398835739316,-1.08359257121125,0.157223523884148,0.0634571834119025,-0.47783680106555,-1.18981807603146,0.0159306304177841,0.125270828400452,0.137094849948977,0.775837224084104,0.095278230805033,0.387444515016036,0.487602671779368,-0.0940458267490378,-0.201355252489718,0.0846116327706381,-0.0584051504168839,0.953419268538671,0.998690943411997,0.962893660325209,0.501590912582384,0.445839595845211,0.933966220722115,0.695172037325395,0.518176079503614,0.32545004726198,0.167349600671271,-0.267495146393378,0.2160005359369,1.26690932781432,-0.0445211807030498,0.966072847369541,0.129642193038182,0.359518745229147,0.170648782892018,0.524846471304924,0.0953780492787508,-0.365067103356766,-0.488581519148191,-0.627965958163882,-0.399929913282382,-0.3816673109365,-0.929393404774863,-0.0972360103615842,-0.778258773463875,0.140240974198966,-0.202704265671545,0.193863339122497,-0.337678854290174,-0.538441020073747,0.0514255814091901,0.430189303157772,-1.05053200100884,-0.834745394534393,0.323838465674548,-0.859528130487661,0.41291469401243,0.139626394505393,0.269564579241152
-0.443709725211629,-3.09340830991325,-1.88213540539893,1.20510980289256,-2.06938689626268,-2.416488321126,1.36951270975841,-1.25657091371656,-1.74209327625644,1.7375971163778,2.40122647652288,-0.104219346933734,0.736998661698416,-0.608862957849149,2.13855342316972,-3.61497762453333,-1.92278643377991,-3.44900146291061,-1.09481719469735,-3.21046345255041,-0.0368154853175078,-1.17368822891933,-1.23851297023994,-0.498541451715678,2.30574421674732,-2.12929469951909,0.343893336159136,-0.316552978367102,-1.554195209721,0.48533335997719,0.113908019566167,1,-2.76787166730689,-2.54363490190389,-1.63767404976063,1.41881676459044,-0.298539751391393,2.17089049262354,1.73000766671864,2.41560446439547,-0.342131924259547,-0.0977399904450412,0.658947174465989,3.02778609311193,1.33285790379567,3.11884918269217,0.595632933239601,1.05330586575567,1.04771808377938,0.855653637794183,1.06257803712992,-0.970409709078862,-0.343813018163841,-0.0859548165328206,-1.62641608684132,-3.58513044853531,-3.72601571309844,-0.255241588623611,1.87707041373806,1.75550139227515,1.54851297781624,1.50644994473099,1.40095951199063,2.56562525984816,0.69322698227873,2.41125960855755,-0.668265226054923,-2.39006254892269,-2.70858662151345,-3.30719218520923,1.22044817864694,-2.04603497229882,-1.04889687380463,0.593059437357352,-1.41582486838733,-1.52181223038479,0.471321932826212,-1.46643892179603,2.94814290042781,2.29956532015493,-2.14586605685799,-2.03609921796652,-0.142246359444778,-1.49281128963209,-0.946359931501271,-2.96997454099379,0.30063485948078,-0.570843624196108,-2.80538063071937,0.115170800956056,0.622880623593977,1.72413171905217,1.77585109461636,-0.21423153074235,0.660391956886147,1.86428975450618,1.16534049121045,-0.347241688134765,-0.421570152704335,-0.922558643700499
0.262640899561291,1.29657123945754,1.33430519231617,-0.196349868767593,2.1981526756147,1.77092028425279,-0.658803379667044,-0.194794976115596,1.63094420057469,0.621296594558659,-0.217772360103286,1.96108895918335,-0.609418259668207,1.65514187441323,-0.108061616173549,1.46349048472091,2.17162259904931,2.92264682497358,2.81572931164522,0.515037965233442,0.807543166794918,0.778220501892657,1.1728717565732,-1.33344383345777,0.417392918077623,4.32803699232908,-0.437379302500557,1.15101488916182,1.45914524464623,-0.0925282693417536,-1.2733145606833,-2.76787166730689,1,0.442241179648366,-1.14772909020008,-0.422585750145935,1.11859645162271,-3.93611587039185,-4.79596546644558,-2.35880840908499,-3.27360462704357,-2.07038656795197,-3.14327886780918,-3.4017853352914,-0.0805924506629796,-4.99720016412468,-4.02567442020818,-2.50779133957943,-1.17446902275499,-1.97826100505699,0.212135729636445,0.961013139944426,1.31414878315417,1.47040351058425,3.11110794309903,1.63289810898673,2.36793707349546,-0.0294936024017749,1.36614743445596,0.942582477743115,2.4257896887643,-1.41361960818132,0.476737592769221,0.66441455080836,2.69226326152343,-0.688873732516759,0.971436803077662,4.57097776727762,3.72287456171313,4.70863344555083,2.14711945522824,4.63575426921976,5.08885902062101,-1.08582557347316,4.4330373668062,4.31530793076142,0.402759697790854,3.98390686397665,-4.53020659563413,-5.23441928393699,1.81386041334795,1.68597639855096,-0.57385474597824,1.05663604146858,2.81972713841895,1.14631373462869,2.76709858772998,2.26403026847116,4.17827710329237,-2.91321951250322,-3.44998833598993,-3.15621894203574,-0.0725292679683409,-2.98148165526899,-2.87790852787181,-2.14233517174255,-4.50392593612959,0.902730007636727,0.533792146762236,0.813697216012095
0.805054053703583,2.96985502743655,2.23453973946145,-1.13406729048379,3.42185469679842,2.91724394093645,-2.18165279740712,0.281964427672422,2.26784611230283,-0.385524349552288,-2.27609194483188,1.89183647450502,-1.00009344864049,1.49266718529177,-1.80722702223915,4.59335127861457,3.52939288544669,5.62740920275241,3.21734574114389,3.16961458409248,0.736191592070393,2.19368727356256,2.63760956633253,-1.15035336258664,-1.58106066150626,5.58751691718807,-0.404524944451774,1.54568767749826,2.47155390538214,-0.0180736846109077,-1.10981889130256,-2.54363490190389,0.442241179648366,1,0.525143871477171,-1.30875166370438,1.08118429602943,-5.21524619071727,-5.62536382859209,-4.10790663980482,-2.56349826412261,-2.04731787890236,-3.26221074720079,-5.5907203821014,-1.0359319953485,-7.00073841777092,-4.04649206543241,-2.7948538929233,-2.35577069093586,-2.65136675499895,-0.550195513986382,0.926647872610814,1.33254503181409,1.05528083363311,3.41319745003495,3.82571153252318,4.88806268569499,-0.512485064664812,0.0953920797661492,-0.526643296119909,1.06077843321673,-2.30588213521586,-0.913284581426018,-1.06403624468374,1.78910926967868,-2.21844785942561,1.34204515168482,6.20773661606854,5.35268478512863,7.00056750029415,1.91246405448309,5.96342465660627,6.0331120719579,-1.8380409551207,4.98307468551295,4.96771606505056,-0.132094066248726,4.91035657041331,-6.44139721942849,-6.59777359861012,3.14938519105645,2.75246104238402,-0.660009666289783,1.57327751788734,3.31065943661091,2.86700976053151,1.79841270643914,2.14271765344208,5.73934728403789,-3.19564169597408,-3.96749047955635,-4.21374687933056,-1.3395024923658,-2.98496321704675,-3.59561018362093,-3.51049203567146,-5.50068113038177,1.30682646454015,0.624944093084343,1.07201633450752
1.15940866207388,3.73107050196081,2.53848093080984,0.13156607237235,4.41649189017962,3.4084653488381,-0.987842761545627,1.30304457202354,2.94498650023204,1.52731512501593,-0.499510747499282,2.65521092485415,0.393641688198922,2.50553458090105,-0.535555660399889,2.8756842797402,2.29072951875494,4.12204952960673,3.04790168478094,1.2927367474141,0.518055534813705,1.01414241331007,1.61168528802437,-2.03556364500953,0.180927079666948,5.53847353221525,-1.97131321304606,-0.243963480770316,1.87426163439128,-0.818310943627738,-1.41588806750212,-1.63767404976063,-1.14772909020008,0.525143871477171,1,-0.818520846865112,0.500016494252533,-4.32209319163369,-5.33638818633536,-2.93708452177734,-3.68987152789014,-3.19580426766547,-4.31342824466268,-4.76328830094472,-1.77910577004294,-7.2149439410547,-5.26259664893091,-3.37318760597103,-1.79541611355638,-2.21281084283404,0.611073965375678,1.83350378472021,2.21082002750517,2.52986152981639,4.11594735555052,3.72391359325995,5.04696908582358,0.714605939948011,2.33803519699615,1.50960290022731,2.99397075460627,-1.3924994815767,0.574663166724612,0.206310279337221,2.96324391954958,-1.30229901662138,1.28759228927432,5.60957887426553,4.62634955598315,6.43340891968774,2.28718690384602,5.37836093706095,5.68538139889538,-0.884542833210439,5.20325664950382,5.29329618966647,0.574841590791754,4.45090860926857,-6.07084055613463,-5.98847633005516,2.18179537451159,1.9499236020552,-1.581159298703,0.580013286223546,2.18630309429348,1.63646766499387,2.02010731740827,1.5085706273183,5.36174605955747,-3.33483399761003,-3.89804835404203,-2.92578153254197,-0.0139944597459041,-3.75301599465482,-3.84817338282573,-2.7464689109157,-5.99893400170105,0.817815619725467,0.852251488889491,1.70401544081092
-0.0792259241164189,-0.471810845706675,0.0994361264092021,0.965082285666695,0.12420535176357,-0.446909608299527,0.335330669270764,0.348916920113389,0.0839182351932776,1.54739662452177,1.1858196662626,0.183324250945118,1.26106408085337,-0.117634709352777,1.27803473109145,-1.98108373464435,-1.64434017132706,-2.3158964147399,-1.35455490899982,-2.33945978308695,-0.840088222983868,-0.743644772713537,-1.3766129426596,-0.560992257946956,1.23007733376302,-1.02129249008973,-0.961394841923479,-1.06803121157181,-1.09356869011694,0.185812139427759,0.652543685085795,1.41881676459044,-0.422585750145935,-1.30875166370438,-0.818520846865112,1,-0.154297663197154,1.68103157494266,1.68919889380221,1.28963610853454,-0.158118301085553,0.3237265800404,0.672560686013716,1.69441550383287,-0.341939782653523,1.53515452112159,0.591478899853157,0.12312665820212,0.498241260019911,0.666482249048223,0.459809105148283,0.182339453635101,0.140814123350232,0.860626229743024,-0.0582562774003749,-1.10846118812137,-0.782161630420102,0.938526509923927,1.45776084015507,1.14808019142985,0.993051139634512,1.06589629444344,1.21531465780843,1.06162376435968,0.0324965338560541,1.18989354291481,-0.814367439989219,-1.58199045258445,-1.44721989689712,-1.9559332636794,-0.512064433427545,-1.3763071673662,-1.65434689857738,0.687199075186926,-1.19844066660525,-0.735230478914536,-0.138928262667137,-1.14609739562775,1.86187088807484,1.81000949672039,-1.07800102046557,-0.90575066742228,-0.532484794570131,-0.731743367905617,-1.56168843437312,-1.16842863392706,-0.508222094937416,-0.960445572216387,-1.7980327278571,0.310832147410787,0.748189303348418,1.79503789255405,1.08263722614501,0.47656262092158,0.627663529145551,1.13368001777942,0.913755274947582,-0.826310098947683,-0.118215903519064,-0.0194761692573592
0.942242014638469,1.64884332369411,0.573779207294218,-0.768660820781503,0.481461414638636,1.07176221424788,-0.286337109054516,0.657609882171418,0.494299838378859,-1.29789789880262,-1.65165457804898,-0.321263765923121,-0.504150454599881,0.516690777270374,-1.12497208619619,2.99881276817569,1.25255991569304,3.13259810794629,1.26514914271605,3.24424034704192,0.233912405833034,0.567583054353135,1.85897489690508,0.299510622515979,-2.09654472492458,1.1334562880607,0.271840186290681,-0.0814439713721633,1.48102126420041,-0.953855921908717,-0.594349280540689,-0.298539751391393,1.11859645162271,1.08118429602943,0.500016494252533,-0.154297663197154,1,-1.57109500005764,-1.68025116602527,-1.44505518239736,0.444586391962373,-0.770397572021693,-0.923402412417417,-2.15843931264483,-0.581311508174873,-2.29534848410058,-0.897481742594308,-0.247145563859222,-0.806198590959495,-0.555484368167134,0.44953420732952,0.266726960790207,0.183436210245349,-0.515179000816093,-0.0484006305787286,2.0374828567858,2.4583400969615,-0.594785322806138,-1.202510390862,-1.17492197346436,-1.20543449719937,-0.716921894312462,-1.42977328188673,-1.27284048764497,-0.325623331528818,-1.39821956128631,1.13023419099291,1.77268364528866,1.3641317168621,2.64936797362736,0.41712453627731,1.29025474569161,1.87319484161186,-0.286909786600952,1.02843306650337,0.542491515535761,-0.277251503585005,0.701542061833606,-2.29289980122508,-1.97771229490326,0.600169252999612,0.758131511843535,-0.00608342840753806,-0.0281172354311363,0.675328144260109,1.31833915429207,-0.643081144854372,0.0169192164758403,2.25810469973274,-0.250363329665973,-0.794005527766487,-1.41502394895034,-1.00640112693487,-0.720600427845318,-1.10147064161848,-1.05932645211475,-1.48477022647072,1.02095587473653,0.52075109011651,0.546571055773356
0.352901007524904,-1.07571067131951,-0.0362853996860136,2.40556272474638,-0.547732919932124,-0.622756754068081,3.307836481232,1.36241773119898,0.274732735202928,3.37036504341028,3.99637409772,0.162712051461897,2.8415525399725,0.775040194579266,3.97152261095722,-5.57484915969768,-4.25656168593408,-5.41360066998418,-1.93679876748205,-5.46306737493385,-1.07473672805045,-3.2066049193885,-2.91334321286766,-1.353377654803,3.74203678760951,-2.82345205690973,-2.09311870003952,-3.40752377236053,-2.19682663207208,-0.967609464470357,0.14306857960833,2.17089049262354,-3.93611587039185,-5.21524619071727,-4.32209319163369,1.68103157494266,-1.57109500005764,1,2.61886834781822,4.16432266177592,-1.23972603098636,-0.495411265973407,-0.135593379417216,4.24156948485621,-0.108830794117489,3.32245016738064,-0.275348573833134,0.448044771923775,1.92211284368922,1.77347639530895,2.91849379911861,1.27461640015056,0.437944382194573,2.12496628759805,0.0981545635186885,-2.62193129079316,-2.46197713123626,2.52463387864772,3.90561136841153,3.93100840053173,2.92376533090419,2.80182050895163,3.25184631909099,3.53823536537004,1.25451591117347,3.24734193168312,-0.582128760523687,-4.01851611669666,-4.19359374044701,-4.53042781305735,-0.0709990794720836,-3.76103093246106,-2.76956054721246,2.60373948838571,-2.23892118094287,-1.94972863736248,1.17628874245243,-3.10576077706837,4.12480047983598,3.8076821403691,-3.91968205252225,-3.009823275555,-1.08372978759616,-2.5785126238976,-3.48816964893405,-3.9521949483224,-0.352590666914628,-1.7532951654649,-3.53320001084043,0.739916361973616,1.45907727790493,3.90373552973773,2.9134603970564,-0.0209738359604027,1.08941752409763,3.20690363717182,1.55774330105642,-1.03655227739685,0.149150504240142,0.333127654398186
1.06781481515663,0.024650881250152,0.171624001145883,2.64838251177683,0.223856848463494,-0.0322366232688667,3.22834026666996,1.60152013501193,0.393524585190789,3.63557705588309,3.9141600974051,0.523413421698597,3.07958600608595,2.15136245678928,4.3005764080931,-4.83395749941856,-3.66774198207501,-4.18500641041452,-0.461265882255878,-4.80035184087311,-0.907177334462761,-3.48241964351424,-2.17417629884804,-2.44007675358738,3.07214205506925,-1.53226086460025,-2.04240419894096,-3.33176274880026,-1.38660577614112,-1.77367923538746,-0.629732846524661,1.73000766671864,-4.79596546644558,-5.62536382859209,-5.33638818633536,1.68919889380221,-1.68025116602527,2.61886834781822,1,2.97706507134096,-1.98887254639758,-1.81846940736402,-1.51668777432192,3.44248731831814,0.0291153652900584,1.59574446291858,-1.97942182861894,-0.103443431696217,1.74554588560145,1.55460762229942,3.28710691860199,1.49958771980001,1.17716109699144,2.99274172724538,0.515726035541738,-2.38919561562812,-1.04486918917603,2.12410861482924,4.464698375185,4.3574919892031,3.93703843151928,3.05006658303088,3.3989220454261,4.07395921286727,2.23681446411036,3.19211031544183,-0.0372628031985216,-2.12940623138941,-3.02305289741508,-2.7155164287749,1.31736218522003,-2.34541362018226,-0.312129699310135,2.15501176499909,-0.747317772792271,-0.813647802578732,0.935305724157178,-2.05168627262645,2.10786390402968,1.37520460185288,-3.78785480835593,-2.32063403553946,-1.46777499149399,-2.95847780051512,-2.7013658141019,-3.56485925086856,0.137899147441926,-1.52878333681961,-1.94112087563897,-0.043350110190189,0.0793278492815803,2.75659950395579,2.96854399463898,-1.49913978879237,-0.636802316707489,3.05936055903392,-0.393494068517277,-0.202932259198917,0.698590898170834,0.966733346798011
0.345175278938464,-0.654995963898169,-0.596963281350583,1.828993154848,-1.06546072592565,-0.956684192745609,2.59909094425608,1.12583084496813,-0.82636141609935,1.79473527186474,2.94628216842886,-0.896358764449699,2.20920502150453,0.724401014266239,3.02944850767045,-4.60312279483353,-3.65886506396363,-4.95746390905673,-1.74331505495543,-4.06220917753219,-0.888665823795516,-3.07448604122424,-2.51581821235959,-1.13303963710073,1.94462642402739,-3.67933132820282,-0.851345310109827,-2.42092096795793,-1.88328583394636,-1.05769657652311,0.336349688291057,2.41560446439547,-2.35880840908499,-4.10790663980482,-2.93708452177734,1.28963610853454,-1.44505518239736,4.16432266177592,2.97706507134096,1,0.498475805795892,0.312185490902352,0.810640678497076,4.69662755212537,0.566074845391217,4.36894745867984,0.998454562315053,1.46011604484135,2.16602463951442,2.35702445590842,1.5649114385429,0.482408530330228,-0.0172010701403308,1.40900095279385,-1.18686647380068,-2.88751254722062,-2.46412956446536,1.47499580706912,1.92705421054772,2.41996295220844,1.37519872883324,2.93640667256381,2.26948366646142,2.50715623085801,-0.0191759121132609,2.6429957767738,-0.801339006840667,-4.13409582746056,-4.12458541931954,-4.93841911947458,-0.464682306400306,-4.35400214539539,-3.22618254092649,1.86527568789676,-3.11302038490378,-3.01901633504982,0.423946864695714,-3.55999611638293,4.14390782635206,3.7376892454424,-3.456502792112,-2.1759709206272,-0.326330757437166,-2.28122860366836,-3.13929960663977,-2.83653680010868,-1.03364335908425,-1.93965747056522,-3.9236697202119,1.82836874156285,2.01664778343812,3.4600000897929,1.82656099580138,0.93417121863518,1.30162994118563,3.5203447614758,2.71865808272507,-0.638933984212184,0.0908002232100611,0.201893028424521
0.102418156378009,1.3361061848625,1.993614884322,1.73992431966151,2.885760776006,1.90770394855976,1.05220938754004,1.37167382419867,2.71602807847085,3.59409746011119,2.37289493446799,2.58384659596674,1.85190109507729,2.01220177995595,2.0881801391452,-2.27432737407339,-0.912330080043243,-1.26931868263415,0.645989826863833,-3.53954108847785,-0.512347311434732,-1.05116042219797,-1.58715228675009,-1.74358587448152,3.39406019278579,2.84613993229155,-2.83448718403017,-1.86607203778503,-0.165339863780206,-0.565159604906352,-0.527715421123084,-0.342131924259547,-3.27360462704357,-2.56349826412261,-3.68987152789014,-0.158118301085553,0.444586391962373,-1.23972603098636,-1.98887254639758,0.498475805795892,1,-2.09695870762824,-2.6516969607704,-0.680904281364342,-1.00824264168155,-2.9576874246926,-3.66221693047334,-2.91033482262636,-0.0370345267295372,-0.786345682512045,1.66447937852714,2.27112460390379,1.93342622414829,3.39647657238661,3.89035889445345,0.676749707144752,1.35013926644097,2.61759584333835,4.38864753271238,3.68160531998243,4.43717784890662,0.341759134176586,2.87255428552255,2.29738387300591,3.22010964128919,1.06203747915327,-0.0314890301140664,1.50459747310565,1.15298711792066,1.53685504975814,0.801538917295488,1.94546128783437,1.69102249400374,1.08698030752882,2.80569386585853,3.33045857031406,1.10441756173528,1.62126242778008,-1.47508491923045,-1.7325679180529,-0.194823482813323,-0.228536917470452,-1.56428233421244,-0.30933651396167,-0.277148807257566,-1.21321769736385,2.15045905139104,0.538419069230177,1.4791142308102,-2.16147054663055,-1.78397400610712,0.350032970111719,2.10794630112367,-2.23155384371336,-1.47916946283726,-0.251903557168837,-3.02991020693873,-0.772904795085184,0.46957569077465,1.30950951104974
0.708401869961085,3.33433599050007,2.01461877297708,0.582319891899185,2.89356999022306,3.08014042081188,1.69533697284641,2.49365369050618,2.20299690922534,1.15320671718763,1.45596466850643,0.985900185626839,1.18083351419954,2.42167768764501,0.69439671003198,-0.882832420092095,-0.460766724189938,-0.352021942116489,1.20531966473808,-1.45398007907506,0.495199974743665,-1.46262070079474,-0.778587681290955,-1.60205100079928,1.67432769505086,1.21390714682775,-1.96983515277539,-1.85550807307835,0.169189251845102,-1.47170697874235,-1.04398835739316,-0.0977399904450412,-2.07038656795197,-2.04731787890236,-3.19580426766547,0.3237265800404,-0.770397572021693,-0.495411265973407,-1.81846940736402,0.312185490902352,-2.09695870762824,1,-2.81443377402692,-0.537521154591495,-0.87957639905514,-2.21365683165345,-2.93451006392061,-1.35245816378594,0.449127666584853,0.0826265994592992,0.719829817919045,2.36321709599437,1.2631893897383,2.64021105200345,3.18081536833444,2.13996631864406,1.9744501046722,2.17351482205234,1.87478722920127,2.55794573003409,2.16399121044135,0.433585632845429,1.73311592588122,0.795831847459097,1.74353470871052,0.0250109153109582,0.665014533075253,0.671282168636479,0.619011579075224,1.05272818280705,0.281766450751718,0.261597307109162,0.783429619617394,0.906242215944607,1.3735479670652,1.53728392990486,1.86666999172115,0.55677326623201,-1.5779389060872,-1.2249130209826,-0.290520004439284,0.180693344316056,-0.6775062109659,-0.343591955610212,-0.401355540202885,-0.172338262567022,0.958192502132192,0.370864259358953,1.24309429621249,-0.418151670973764,-0.715278105859896,0.156890327978824,0.258366497361676,-1.21211551688711,-1.05558894486821,0.0758907327433103,-1.49588164170942,0.026911318399171,0.401662432529181,1.52679505099831
1.12156405882366,1.70995694995304,0.938728488250151,1.99699903109668,1.90326320071611,1.26117755061079,1.82793051979472,1.71399311771054,1.63631221099655,3.03089779690469,2.31369929097064,1.54102697411381,2.12305548031271,2.38905559248422,2.25588114378196,-1.62058750492247,-1.32782168645315,-0.691270419939344,0.912971994068804,-1.85419538907933,-0.468365013520313,-1.83045893706643,-0.739111079915615,-1.68627976337281,2.03796880392955,1.44998228102688,-2.42805672992859,-2.7656809142878,0.0611949454964805,-1.89845857433991,-1.08359257121125,0.658947174465989,-3.14327886780918,-3.26221074720079,-4.31342824466268,0.672560686013716,-0.923402412417417,-0.135593379417216,-1.51668777432192,0.810640678497076,-2.6516969607704,-2.81443377402692,1,-0.0032437898376525,-1.18440407784249,-2.27147976338419,-3.38155805698682,-1.74293696259645,0.439044246054308,0.102853580049087,2.67568702004332,1.83475420392248,1.89089979686006,2.68959521502285,1.69607423721601,0.379985359544908,1.67929546570322,1.75609610404396,3.85134982989765,3.19948520943909,3.57328863868814,1.1447753449839,2.14659452837387,2.18953781488308,2.64089738172588,1.13596160902764,0.642183732540209,0.905640990301575,0.0839409680171193,1.21705307853523,1.45184569663092,0.778610172306091,1.75966190557149,1.38173825295202,1.96038062362688,1.75549989721205,0.751115501507523,0.325905978976945,-1.28141736450087,-1.30393659297783,-1.32882918900619,-0.737085625045405,-1.73487524959171,-1.64521054017132,-0.965186300954385,-1.48305639545555,0.889103099516594,-0.604764678271829,1.32896535734957,-1.17277277086841,-1.22888971338182,0.753755075063425,2.1936405054942,-2.48554370798309,-1.7288718466516,0.643543003579455,-2.7226309723799,-0.0484428454011015,0.966555022468007,1.48310169547486
0.55087179030588,-0.186313437028842,0.129204363620567,2.70336434277429,-0.442548082296934,-0.272782381106275,4.00867743756155,2.28795806257039,0.634267361518688,3.22856312801691,4.16007528046251,-0.137526856449053,3.18814495275568,1.05896931428249,3.89667525551808,-5.57836436727658,-4.75011959404311,-5.62415224872841,-2.22331826303363,-4.99031840492408,-1.30164319134757,-3.84685294953655,-3.26331744101391,-0.786369198237684,3.62543486451523,-3.43281196936532,-2.67284975365197,-4.57393505622688,-2.15526532283489,-1.84759935615692,0.157223523884148,3.02778609311193,-3.4017853352914,-5.5907203821014,-4.76328830094472,1.69441550383287,-2.15843931264483,4.24156948485621,3.44248731831814,4.69662755212537,-0.680904281364342,-0.537521154591495,-0.0032437898376525,1,-0.730867671852447,3.59923879320719,0.0189167667440407,0.490919078262941,2.35660373856678,2.3005946885437,3.39256520401311,1.80770115492135,0.617667873095624,2.15281614252538,-0.199012333578982,-1.98160188092337,-1.98358529344852,3.13915734042875,3.71489475677575,3.86915586668414,2.44492592136219,2.99904762232956,3.17467096200958,2.97424110239735,0.865869829716093,2.93798218458343,-0.46842897208848,-4.86367934452085,-4.73442314836923,-4.95474858420048,-0.97721536262209,-4.6915051009644,-4.00843842674131,3.37918115239997,-2.73867430447059,-2.56791365315731,1.21043907803589,-4.09738219429802,4.57531567978552,4.76716128031449,-4.23840585483534,-3.2171148716867,-1.13799598478706,-2.84758174424889,-4.36620710497883,-3.84756649975787,-0.929699268139446,-2.40593295709318,-3.69379441677561,1.63870783255473,2.34904777762909,4.70855641876247,3.04889976797939,0.510400972161939,1.70553280184366,3.57623498394921,2.29915768583056,-1.33545899471637,0.384529985452339,0.775315005389356
1.00210195385621,2.35069896594932,1.96772897784168,1.12198552637457,2.18906511741545,1.68255792902036,0.759016253921472,2.20460210772363,2.4143141204553,1.41032230612363,0.756673605538901,0.876623556243059,1.43314708306423,1.02313919288759,0.871428790097815,-0.0346799424562292,-1.06282347431344,0.295223073468784,-0.385274889526843,-0.461544821396706,-1.10939238280952,-0.973216659215282,-0.797030917131565,-0.377420356148711,0.669379696502207,0.879559270643264,-2.86122836034197,-2.60685554894665,-0.102366070507824,-1.39368713247803,0.0634571834119025,1.33285790379567,-0.0805924506629796,-1.0359319953485,-1.77910577004294,-0.341939782653523,-0.581311508174873,-0.108830794117489,0.0291153652900584,0.566074845391217,-1.00824264168155,-0.87957639905514,-1.18440407784249,-0.730867671852447,1,-1.9391226025288,-1.56379938352687,-1.49581502754035,0.081293516472792,0.0380947588636344,1.90852420865008,2.06217369442367,1.22489551437906,1.64098926876075,1.58412445329803,2.09597650263981,2.82740644633908,2.20909921783584,1.76322052364216,1.02469675851134,1.20819524907036,0.00383905275082985,1.01002220691836,0.0393585677885552,0.645448913517702,-0.153545460067816,0.332510064862935,0.161122786985695,0.23696030124661,1.04696079016501,-1.11549449982579,0.460623110730764,-0.380563741602744,1.39762066058145,0.746120210865999,1.10989359527299,-0.201934121706576,-0.0491081753423371,-0.484065770383019,-0.00307435466631822,-0.328620141331049,0.0111131880645041,-1.43390417893967,-0.340486930130949,-1.54519249602687,0.403804927512469,-0.135590220824775,-0.74822515005428,1.23789048631109,-0.150432185762693,-0.0898110508603823,1.00596331294065,1.11774084591363,-0.553482905938393,-0.205055527237673,-0.074281168910297,-0.978434006883792,-0.737257623689489,0.910771634779398,1.39152739916424
1.29802605313695,2.08037592644075,1.83805613533403,3.6274244533042,2.19031163052206,1.75872714875072,4.49206982332292,3.84227372536396,2.62100310514571,5.12540130852779,5.20401332735516,1.3152476596866,4.51966201571955,2.95058837559026,4.90750498931888,-6.00216082382835,-5.0451179294406,-5.43330352511588,-1.30825570494108,-6.31069983590076,-1.54633122284835,-4.56386643837677,-3.72178087784997,-2.44959704462592,4.84978005246758,-1.41803940036466,-4.67166978869305,-5.99200273270382,-1.9472425058793,-2.74197033715825,-0.47783680106555,3.11884918269217,-4.99720016412468,-7.00073841777092,-7.2149439410547,1.53515452112159,-2.29534848410058,3.32245016738064,1.59574446291858,4.36894745867984,-2.9576874246926,-2.21365683165345,-2.27147976338419,3.59923879320719,-1.9391226025288,1,-2.77004491570567,-1.26018865221809,2.21641064351184,1.91002139686285,4.38535359724974,3.52447890627318,2.06647951961388,4.60364618707011,2.3933416439478,-0.581187678120445,0.30758470049762,4.71861543002083,6.17599106882807,5.97358096106996,5.02009884416834,3.28654877090891,4.74665092762725,4.04231135015037,2.74944193994761,3.19322825108575,-0.109550546052379,-3.25683577234932,-3.5469261023156,-3.14001313267538,-0.293833926314356,-3.19308605366628,-2.30255599156024,3.83492746686554,-0.812057917014089,-0.377608472513563,1.80058225424048,-2.85724482423059,2.68765774934115,2.89153800143913,-4.23446553649803,-2.87717509966632,-2.36669942443068,-3.18720078660991,-4.55157224214712,-3.90354594730637,-0.0062177830445902,-2.24977710808681,-2.05305942121286,0.378727544565824,0.954296654938108,4.59122217269563,3.91817295949402,-1.19186271176665,0.138153231484804,3.30989582350876,-0.129821381844734,-1.42449625506252,0.975631618168738,2.0332057498324
1.20807417870434,2.46973378736786,1.94116355779482,2.26272928149906,2.87749484468357,2.23400484697959,2.20802198150835,2.44476870282168,2.65809628785628,3.70250840656683,2.92803876540906,2.03379780080114,2.68031358821061,3.09764208532571,2.9697977997902,-2.4770205612081,-1.7969957427147,-1.28837401063125,1.00513343795387,-3.21461817369201,-0.64513289193708,-2.36077608942267,-1.42290031001616,-2.45112755852376,2.8382106835365,1.90762404046896,-3.30464685034369,-3.28137423585963,-0.188872807784982,-2.02076333202269,-1.18981807603146,0.595632933239601,-4.02567442020818,-4.04649206543241,-5.26259664893091,0.591478899853157,-0.897481742594308,-0.275348573833134,-1.97942182861894,0.998454562315053,-3.66221693047334,-2.93451006392061,-3.38155805698682,0.0189167667440407,-1.56379938352687,-2.77004491570567,1,-2.36044134062971,0.593704031511157,0.0456006494444972,2.93593172886892,2.78096289814566,2.28194211127641,3.89231483487834,3.20039101938223,0.808445128473341,2.22964262061769,2.82158717956037,4.78231123866825,4.20057055631607,4.61614907579634,1.33589546126559,3.13865599718151,2.78405507411656,3.3489354647187,1.45582579561757,0.604587661567792,1.05869735837558,0.23209689263881,1.26565445919669,1.19537803337343,0.990341648882991,1.87412538734917,1.69421979730139,2.31080804911862,2.42086897902841,1.0947402586822,0.609536069107717,-1.45614870643095,-1.62004306111405,-1.5202886238944,-0.661707535858631,-2.06589975770142,-1.51328123640853,-1.23961468938002,-1.54503270144233,1.37004596150148,-0.331887495293227,1.50677502323336,-1.51937416082797,-1.54610472090897,0.951737227851661,2.47145488378856,-2.71889370976947,-1.93037730254289,0.770788428445797,-3.12327168029267,-0.276688167881833,1.10276143244404,1.92054105979433
0.333520142919923,1.18964910311318,1.72875969162052,1.82322707472198,2.50258226367176,1.45981837776011,1.15995603128328,1.65402468654709,2.20299994591095,3.56492878905385,2.54102521847147,1.90077394907595,2.32905214865883,1.37258621069271,2.24236153600632,-2.72224808012312,-1.89151245191648,-2.27737303242944,-0.536254694298697,-3.9700732365249,-0.80585289585326,-1.29788576011742,-1.91618798099263,-1.82566846318269,3.26750325914937,1.0866683891936,-3.06869693379082,-2.47348168333752,-1.00518453998071,-0.420350272526192,0.0159306304177841,1.05330586575567,-2.50779133957943,-2.7948538929233,-3.37318760597103,0.12312665820212,-0.247145563859222,0.448044771923775,-0.103443431696217,1.46011604484135,-2.91033482262636,-1.35245816378594,-1.74293696259645,0.490919078262941,-1.49581502754035,-1.26018865221809,-2.36044134062971,1,0.266230125948246,-0.0488135845529832,1.69852040792093,1.94817427893998,1.48375610636576,3.0251499874983,2.78191471296982,0.345076266425214,0.863771692413382,2.6890313008514,4.13241384651793,3.50010402698104,3.68707018812208,0.963868484186006,2.85733921465253,2.24679972721064,2.1918703811799,1.48846790870287,-0.409023348936964,-0.21225951241889,-0.360568257824683,-0.221630802129262,0.192285721818666,0.191474687193642,-0.0898860214032648,1.33759894867739,0.917858823803004,1.69574855675805,0.950272629390296,0.26476696886216,0.229344619590138,0.288726793552841,-1.0290936735821,-0.929741851330141,-1.6652403167682,-0.897942656983482,-1.59027450769912,-1.63892680079371,0.827181950855795,-0.438308534199645,-0.164170680026765,-1.20474921420567,-0.638471396742515,1.72881787388588,2.09283983553282,-1.28218412950144,-0.605306846462733,0.553794652913443,-1.50403313320568,-1.09762625648295,0.256079494221563,1.01894715214401
-0.171849045531267,0.153710870070921,0.378275254224434,0.8692774188175,-0.436350710592667,0.275469537951325,2.1479848358526,1.34961346411023,0.544841383327277,0.628847480048753,1.61869997342731,-0.446864046705046,1.08464595704454,0.555615004098126,1.48352511886012,-2.73703730728539,-2.13637463570294,-2.8857122120465,-1.06042490636459,-2.17988505270197,-0.576548100229502,-2.03642065859187,-1.93537963211028,0.287949547107492,1.4426243812083,-1.87767826051489,-0.909794568152621,-1.95796500569778,-0.819797002349794,-0.991196794460606,0.125270828400452,1.04771808377938,-1.17446902275499,-2.35577069093586,-1.79541611355638,0.498241260019911,-0.806198590959495,1.92211284368922,1.74554588560145,2.16602463951442,-0.0370345267295372,0.449127666584853,0.439044246054308,2.35660373856678,0.081293516472792,2.21641064351184,0.593704031511157,0.266230125948246,1,1.25240297217567,1.04101016077083,1.20246082845689,-0.000625565041179554,0.921778613470495,0.348594160842421,-0.637917937711841,-1.14669163338075,1.85401232949849,0.77684414288202,1.36502815537642,0.39463721161787,1.21180187151802,1.30679117505302,0.731481874391601,-0.0146333508730563,0.933242949778694,-0.247655066829255,-2.71256727453541,-2.21832218378302,-2.74414357780867,-1.52699698808875,-2.67936129047135,-2.7789581513599,1.81804554541005,-1.58782020201734,-1.5373303600082,0.715668740610412,-2.35141354458842,2.43888544909745,2.52837864047521,-1.7420421658908,-1.17614761353879,0.115802151000403,-0.69380548525871,-1.97667433940762,-1.2929043594131,-0.315746674395181,-0.813093506720852,-1.8810359215638,1.41170998937293,1.68514290676261,2.10147521807998,0.90086590667611,1.12605534346541,1.5010741660775,1.74217667544026,2.031536772716,-0.715525749016413,0.12099068626576,0.462145334076382
-0.266700516553636,-0.455680146531442,0.200379749936962,1.2064944189819,-0.290258271936346,-0.0874225891502792,2.02394462117484,0.901024921539807,0.493089605200627,1.49437315186459,2.20223566627384,0.121919037060218,1.23660465068967,0.431781848652938,1.8797404260355,-3.27883453731204,-2.19438750324647,-3.19498003754471,-1.0775347646857,-3.05968653675996,-0.508451272122578,-1.86318135939262,-2.04935912018672,-0.148918555155911,2.30873601742436,-1.46629453635266,-1.18798170712328,-1.81753105618526,-1.14044618069625,-0.569577736354607,0.137094849948977,0.855653637794183,-1.97826100505699,-2.65136675499895,-2.21281084283404,0.666482249048223,-0.555484368167134,1.77347639530895,1.55460762229942,2.35702445590842,-0.786345682512045,0.0826265994592992,0.102853580049087,2.3005946885437,0.0380947588636344,1.91002139686285,0.0456006494444972,-0.0488135845529832,1.25240297217567,1,1.26736178681352,1.0273082205818,0.221604738249089,1.15052638803452,0.523403577508263,-1.12800040739254,-1.55134340619052,1.79441883860136,1.74936295998127,1.98325702266479,1.36177575624504,1.18874488850131,1.77981434377798,1.4771841716869,0.625672515907477,1.41487550893845,-0.426652850102887,-2.42508024426533,-2.11586942739776,-2.6369442473372,-0.822575052761693,-2.13392842480548,-2.20062367927692,1.65225609689039,-1.10799400195672,-0.918216420347989,0.820423916893944,-1.76469484379168,2.38178641525284,2.31990415378568,-1.75000948861847,-1.41531534407269,-0.244648413074044,-0.820778300094268,-1.76194151170936,-1.82474091861863,0.213214517130846,-0.615951351124791,-1.88015691845135,0.708935253783769,1.15610472651552,2.10726388735384,1.45582632311684,0.498453739720682,1.16753147202735,1.60003333505251,1.38499890589439,-0.879394648474731,0.00409277954139881,0.270070439738421
-1.28037490726063,-3.5423404552293,-3.227910942533,0.914629389373395,-3.02261489909147,-3.66351719838239,0.0458519192503684,-2.12981474607395,-3.13848645647651,0.629001077862487,1.1147331895665,-0.731944885784772,0.0109839702791885,-1.49752962819197,0.378353477999666,-2.43341994394244,-1.02931178327995,-3.27680382854387,-1.63186926866053,-1.3088583821123,-0.121338284298946,-0.238472461129961,-1.10371141995372,1.18051525765227,0.827620648175103,-2.69613637272464,1.59277988159234,0.577617503176013,-1.13582997488786,0.7916682937303,0.775837224084104,1.06257803712992,0.212135729636445,-0.550195513986382,0.611073965375678,0.459809105148283,0.44953420732952,2.91849379911861,3.28710691860199,1.5649114385429,1.66447937852714,0.719829817919045,2.67568702004332,3.39256520401311,1.90852420865008,4.38535359724974,2.93593172886892,1.69852040792093,1.04101016077083,1.26736178681352,1,-2.36678224786243,-0.771212047815328,-1.50669419311539,-3.63854067707355,-4.10137417796642,-4.37664558281491,-1.51712120730543,-0.0660569706792562,-0.226314592534537,-0.373694750848478,1.28074014274214,-0.0987837260468605,0.688454983383539,-0.880426952154873,1.36161524512384,-1.3930231367766,-2.83202614061087,-2.4610945630151,-3.83559012683671,0.197663505844945,-2.66217939090854,-2.73524156723742,0.0555947803701895,-2.18754416799977,-2.51757594535292,-0.511789762421884,-2.23233383895503,3.39540700145567,3.29457607008498,-0.911543379656788,-1.40278801246695,0.656324512386361,-0.900800835629068,-0.717859371038862,-2.01279456508366,-0.598454016718996,-1.23520179689546,-3.56406708543548,1.39628967390897,1.95571205128328,1.80552132566278,1.09316447531343,1.314743595201,1.67437560544157,1.74028872486849,2.76737694211731,-0.711396449011194,-0.796263413835485,-1.35271064593494
-1.33839067576728,-0.838480229463564,-1.12059572619278,-1.43599267880967,-2.11752148986042,-0.567528504887485,0.602116033934919,-0.606570800579211,-1.58421767965359,-3.11884599933887,-0.552173715411358,-1.92483990057427,-1.82764643987776,-0.812932804012715,-1.34381929383282,-0.76673516905805,0.375878022186299,-1.35491335789416,-0.258479338015724,0.435677319707297,1.13690052991738,-0.382033656177041,-0.640947726913246,1.55392452295392,-0.738587741767783,-2.66285139459603,2.30311375621106,1.68509103611145,-0.351276737649138,0.431195807193954,0.095278230805033,-0.970409709078862,0.961013139944426,0.926647872610814,1.83350378472021,0.182339453635101,0.266726960790207,1.27461640015056,1.49958771980001,0.482408530330228,2.27112460390379,2.36321709599437,1.83475420392248,1.80770115492135,2.06217369442367,3.52447890627318,2.78096289814566,1.94817427893998,1.20246082845689,1.0273082205818,-2.36678224786243,1,-1.60725872842279,-1.69871604992234,-1.11545136805396,-0.811856160996942,-2.83720034613605,-0.69006000816149,-3.53282419889311,-1.74342107773537,-2.82106509919074,-0.214824350588741,-1.00190136152397,-1.51065909061923,-1.85284989785513,-0.627395840124949,-0.361142200298134,-2.33321507301764,-1.22997502098735,-2.88424194181727,-1.78533455025644,-2.56998258264227,-2.91873249725205,-0.296912033369326,-2.24723527685514,-2.51434110739667,0.637398053733901,-1.62861781409925,2.02562713606064,2.05430342070349,0.276867299132978,0.343359667126904,2.25034139149782,1.30217143309676,0.554816112092499,0.721149785302146,-0.0209545717455409,0.828000205960493,-2.043324745408,2.39634262339012,2.14727870254171,-0.0433592244676539,-1.8358511996437,2.71452162856515,2.32910025563012,0.75567203534325,3.91282057541137,0.0423881047657934,-0.800507594093915,-0.847063288984439
-0.563964063186711,-2.12501416329035,-1.60727660198927,-0.881259427187953,-2.46143584254043,-1.87405975454214,-0.5385417666484,-1.55547735898955,-1.82670629357089,-1.75719291338021,-1.14174357204066,-1.28285316969401,-1.2766633763893,-1.59546916536076,-0.874638850021219,0.678215475262031,0.474053660752677,0.255596241976469,-0.537915082500968,1.55396955266323,0.20120676189557,0.733092997809877,0.71166407665855,1.47203786639967,-1.3897863988893,-1.48183087490405,2.00437702196509,1.43453130336604,0.076418628655066,0.719682350209194,0.387444515016036,-0.343813018163841,1.31414878315417,1.33254503181409,2.21082002750517,0.140814123350232,0.183436210245349,0.437944382194573,1.17716109699144,-0.0172010701403308,1.93342622414829,1.2631893897383,1.89089979686006,0.617667873095624,1.22489551437906,2.06647951961388,2.28194211127641,1.48375610636576,-0.000625565041179554,0.221604738249089,-0.771212047815328,-1.60725872842279,1,-2.24619390248388,-2.35081176368557,-1.30496542513363,-1.86129311086999,-1.64519298702383,-2.21337421345624,-1.98263443539171,-2.26579816833547,-0.307257882557415,-1.55259938793193,-0.920480601665872,-1.53891486458193,-0.271219095135034,-0.12429120226073,-0.969689723527882,-0.782817298227336,-1.14457580837974,-0.303778580381502,-0.939283743865721,-0.908218872859727,-0.51989478603299,-1.37131333600808,-1.7574390866909,-0.64738656097492,-0.878519196134835,1.26189980395096,1.11859372442957,0.043456526682015,-0.18654226696971,1.07880325862752,0.275798049432622,0.44275855941672,0.121561032781333,-0.722893140450793,-0.0417676558786835,-1.06058487735112,0.896886999785386,0.930337605307492,-0.276996172962665,-0.78553653040304,1.2136523432487,1.05970326294728,0.123046453329052,1.72106479438948,0.333910425755342,-0.396056556083856,-1.10313852321217
-0.993330631248445,-2.29692923567216,-2.07832737607847,-1.51060275226169,-3.42869173280731,-1.91096029816514,0.523162148145615,-1.25753894013498,-2.49658382944291,-3.10796115391143,-0.7305391274266,-2.48665899815363,-1.77230347296689,-2.19828190559002,-1.27027757410041,-0.409085571173334,-0.169082869169452,-1.25719609614893,-1.2870895102143,1.02576697025343,0.945517204205332,0.096898024822333,0.0519400840631736,2.00450780188224,-1.03013128518198,-3.97721593705171,2.51158343755517,1.39123647179876,-0.856054101555564,0.869232029375816,0.487602671779368,-0.0859548165328206,1.47040351058425,1.05528083363311,2.52986152981639,0.860626229743024,-0.515179000816093,2.12496628759805,2.99274172724538,1.40900095279385,3.39647657238661,2.64021105200345,2.68959521502285,2.15281614252538,1.64098926876075,4.60364618707011,3.89231483487834,3.0251499874983,0.921778613470495,1.15052638803452,-1.50669419311539,-1.69871604992234,-2.24619390248388,1,-3.02850246552596,-1.41085332241737,-3.62605193005957,-1.44220920629235,-3.67651654290292,-2.2850566806794,-3.76563405431829,-0.0926714682318202,-1.67075164122421,-1.44362408799902,-2.68920076566623,-0.198745977055952,-0.288419069159566,-3.47238649202436,-2.58183235742166,-3.76032866969294,-1.46544651092647,-3.51370816637538,-3.55163616598216,-0.189784518764079,-3.58119427251935,-3.89501348258174,0.333386888346079,-2.50190072539448,3.3716355225747,3.68315042455811,-0.621180926356783,-0.819658684066996,2.00124132601935,0.43819481072007,-0.26089119325684,-0.167026833918826,-1.30459187450747,-0.0360661831634553,-3.04134579003317,2.59706283728373,2.72172366513138,0.823461744475727,-1.60406893719666,2.92009142052502,2.8490989756106,0.963425281578307,4.51452732349514,0.0657861424675272,-0.971772206046667,-1.60197133334088
-0.762522197641699,0.565324711937051,-0.610710760676908,-3.31315733047092,-1.76610497173851,0.489571660407933,-0.61490570181803,-0.498614109869876,-1.63967955708769,-5.81118559455223,-2.85540593849831,-2.91929339790126,-3.26110018793709,-1.26894095653074,-3.41277511380755,2.49862356107709,2.11874463808806,1.72135413295154,0.558959743339137,3.56625472456771,1.95525938195622,0.939863661293624,1.29108507610204,1.67135410538912,-3.33893257543637,-2.50978003639738,3.31418070604186,3.08633416193298,0.383983245818793,0.738409584465469,-0.0940458267490378,-1.62641608684132,3.11110794309903,3.41319745003495,4.11594735555052,-0.0582562774003749,-0.0484006305787286,0.0981545635186885,0.515726035541738,-1.18686647380068,3.89035889445345,3.18081536833444,1.69607423721601,-0.199012333578982,1.58412445329803,2.3933416439478,3.20039101938223,2.78191471296982,0.348594160842421,0.523403577508263,-3.63854067707355,-1.11545136805396,-2.35081176368557,-3.02850246552596,1,1.38894659262724,-1.06646972782118,-1.85424891278741,-6.36524956245602,-4.00915400748778,-5.3250013887929,-1.44054393051358,-2.88316759871461,-3.5158322273109,-3.29196906207494,-2.29703539916539,0.380586177798343,-1.09991530232549,0.0115401984687509,-1.19652812645001,-1.97592436661324,-1.75338841086636,-1.94766821842057,-1.60079753090198,-2.42946011238686,-2.73919143752194,0.419130661057513,-0.692782466256213,0.412796447684445,0.798405535061912,1.49775167494504,1.60139158073899,2.860092976636,2.28108238650709,1.68817206660315,2.92387983921862,-0.835341513576232,1.51755669160429,-0.701972644588014,2.65238809090757,1.81360187982781,-1.70802626045007,-4.12718088524637,3.14748499986177,1.98916825444049,-0.535114305625338,3.87895257721578,0.975263918961987,-0.873654322091116,-1.052236996426
-1.44371607158378,0.127942415898971,0.295228433326858,-2.89926334658984,-0.158750568230116,0.935887273846711,-1.96678743398115,-1.50607169214606,-0.527217501081608,-4.05388432008437,-2.62633316238226,-0.739127875886732,-3.33652575393138,-0.583684989446344,-2.95995816510446,2.2754997661431,3.37025865501254,2.33327527045786,1.75174265244327,2.04755365782331,1.83426669911965,1.91438761454618,1.09173230055966,0.66314629729462,-1.99893036835125,1.17706582835207,2.92359181544811,4.49462325706248,1.01595144657793,1.75818427482516,-0.201355252489718,-3.58513044853531,1.63289810898673,3.82571153252318,3.72391359325995,-1.10846118812137,2.0374828567858,-2.62193129079316,-2.38919561562812,-2.88751254722062,0.676749707144752,2.13996631864406,0.379985359544908,-1.98160188092337,2.09597650263981,-0.581187678120445,0.808445128473341,0.345076266425214,-0.637917937711841,-1.12800040739254,-4.10137417796642,-0.811856160996942,-1.30496542513363,-1.41085332241737,1.38894659262724,1,-0.432758420949923,-1.63574853335213,-4.33362897233674,-2.84253275291722,-2.48936070793182,-2.26596736010936,-1.78623755736715,-2.32890752157619,-1.01703820149497,-2.12181903265345,0.0202043890237369,2.13827912912251,2.83498732927733,1.52133583711456,-0.642378013191655,1.96673738442866,1.2674461044463,-2.51437789755738,0.928096422549497,1.00222411146026,0.211593839505092,2.46149083854112,-2.0994082487084,-2.69357829415324,3.16008398422388,2.80296766032911,2.35207923305689,3.38661349940277,3.71446196705197,3.21855431356462,1.72870418500524,3.16502994999487,1.43129397456625,-0.0503686724734986,-0.809651485627117,-3.62929543636012,-3.40421876874542,1.24249974380634,0.131020294092277,-1.97649277116496,0.685448107551824,0.887023279088777,-0.831324189802673,-0.801662902588818
-2.40369023661822,-2.81302834948066,-2.13828276924881,-2.89678126143777,-2.22034687112258,-1.63434918817565,-2.67939680195605,-3.71255273326294,-2.37952029566014,-3.78792537828302,-2.81206652331539,-0.620576729569003,-4.15106523590321,-2.49829994071405,-3.90201014100713,2.62746709234271,4.02823256245105,2.34895111371291,1.0995003955276,3.07466857431132,2.24771384027233,3.35947455289549,1.80490271657882,2.3545215237491,-1.5802610725035,0.860808990538686,4.11188924980463,5.35629675358475,0.918310912211555,2.86292078424472,0.0846116327706381,-3.72601571309844,2.36793707349546,4.88806268569499,5.04696908582358,-0.782161630420102,2.4583400969615,-2.46197713123626,-1.04486918917603,-2.46412956446536,1.35013926644097,1.9744501046722,1.67929546570322,-1.98358529344852,2.82740644633908,0.30758470049762,2.22964262061769,0.863771692413382,-1.14669163338075,-1.55134340619052,-4.37664558281491,-2.83720034613605,-1.86129311086999,-3.62605193005957,-1.06646972782118,-0.432758420949923,1,-3.39968242699655,-4.50792280320393,-3.65169059092248,-3.20724177863443,-2.80432130806007,-2.9527183693386,-2.68749585731616,-1.36051846407695,-2.10562417757552,-0.327850230218488,1.66052566542931,2.44976165395429,1.10030931194421,0.236150226340455,1.93542961232999,0.825955001189977,-2.92043708480364,0.817658917727184,0.507712289655964,0.111107747120188,2.32936630462626,-1.27868755008546,-1.36430301800758,3.58468770338777,1.833630131517,2.61886360835446,3.17574492613186,4.29133711449384,2.10504402263435,1.54586643845417,2.88117311103975,0.633854505804311,-0.26366492922036,-0.310501202032082,-3.41535395829116,-2.92495529993238,1.28203935176784,0.818584432730323,-2.54676482437545,1.01391567259958,0.572362482786441,-1.52897864624168,-2.12267651333699
-0.843729174294919,-0.933902651015565,-1.45928501100381,-0.953675646653154,-2.62918395760785,-0.884370380759546,1.61767239192413,-0.220568503659134,-2.05986085424906,-2.78605822892284,0.307599199374339,-2.41436298229381,-1.18403145384367,-0.46876244020476,-0.352796688742736,-1.84911166231435,-0.707238412462696,-2.41836309624056,-0.504475408663112,-0.342227159652189,1.04385828846056,-1.42684470012625,-0.94397276029587,1.00238050106587,-0.478688740682956,-3.97616470408458,2.18830540600633,0.872257293122543,-0.815414043520015,-0.155085659834409,-0.0584051504168839,-0.255241588623611,-0.0294936024017749,-0.512485064664812,0.714605939948011,0.938526509923927,-0.594785322806138,2.52463387864772,2.12410861482924,1.47499580706912,2.61759584333835,2.17351482205234,1.75609610404396,3.13915734042875,2.20909921783584,4.71861543002083,2.82158717956037,2.6890313008514,1.85401232949849,1.79441883860136,-1.51712120730543,-0.69006000816149,-1.64519298702383,-1.44220920629235,-1.85424891278741,-1.63574853335213,-3.39968242699655,1,-3.05085411486556,-1.05209444145217,-2.53111892939259,0.781377091748057,-0.497768729898458,-0.614633179610042,-1.85313356638316,0.22030396709296,-0.268548006450138,-3.47872323301129,-2.62795170891236,-4.18171265684186,-1.44177226079535,-3.93042727761975,-3.37668113784024,0.222346152917607,-3.23258701190103,-3.64954331292201,0.819064043124846,-2.74090403181326,3.07818517529109,2.94973452178066,-1.08212201641433,-0.438846214148127,2.07847288310457,0.262748042724525,-0.369232685309969,-0.229802257311051,-0.52994322744797,0.15791749589855,-3.02958463214785,2.9443968257579,2.58806311541874,0.841982471517494,-1.3646894335627,2.66343320089197,2.41400061185628,1.9047981949022,4.48354193522615,0.229062361194923,-0.645536002332876,-0.769435526454194
-0.147281667581336,-4.53530402911552,-4.02281747484465,-0.271472895021977,-5.12485388127745,-4.75090472494004,-0.106552591492703,-2.5538329851525,-4.56535659534548,-1.36966700464283,-0.350834752595699,-2.79914885033755,-0.517031113685736,-2.9082233934704,0.208556853912658,-0.77747818489858,-1.42067497260751,-1.94662037361326,-2.29431338774241,0.844034518869637,-0.175647996958967,0.120032400461191,0.684019689817026,1.28896163045214,-1.71739292444661,-5.17763510893349,2.92850928151626,0.926393174702981,-1.38545081846024,0.982144026825703,0.953419268538671,1.87707041373806,1.36614743445596,0.0953920797661492,2.33803519699615,1.45776084015507,-1.202510390862,3.90561136841153,4.464698375185,1.92705421054772,4.38864753271238,1.87478722920127,3.85134982989765,3.71489475677575,1.76322052364216,6.17599106882807,4.78231123866825,4.13241384651793,0.77684414288202,1.74936295998127,-0.0660569706792562,-3.53282419889311,-2.21337421345624,-3.67651654290292,-6.36524956245602,-4.33362897233674,-4.50792280320393,-3.05085411486556,1,-2.16964369296028,-3.15580923513015,1.52512664402398,-1.76324032975719,0.174455804542426,-2.95250838455054,1.44356005192475,-0.722434765439204,-4.04281184411624,-4.22697515898099,-4.80889623563139,0.402321960186759,-4.20796208694995,-2.93775812908726,-0.349697016164771,-4.70968151521822,-5.33258079146525,-1.32170421497353,-3.6209571935682,4.66150931053448,4.53007174297917,-2.36576679695648,-2.22088768213977,0.957482175655199,-1.84457778614561,-1.44494990505037,-1.97748576227164,-2.96535011866083,-2.09734941108654,-4.53871475851035,2.3099590686151,2.62065926455693,1.99947078484158,0.00284572626010871,2.04485468265432,2.06583939056104,2.27250204386375,4.05316758807186,0.337052768166408,-0.752604000556205,-2.279787813576
-0.236297873412496,-2.6845006762403,-2.15065591352122,-0.340607492841582,-3.60895506126585,-2.75762320526436,0.796889937223761,-0.888979678814348,-2.79966372876715,-1.59660862994402,0.245660378117688,-2.63701192413375,-0.233947504275279,-2.04049531073921,0.517049336348928,-1.81222137320624,-2.00377828444963,-2.8217213080264,-2.39572155678268,-0.618851457537514,-0.236359544109634,-0.892277333970176,-0.663207328968554,0.91393144556597,-0.834368446902642,-5.19428199087407,1.64020861872099,0.129135683634792,-1.76696495524425,0.541962510248656,0.998690943411997,1.75550139227515,0.942582477743115,-0.526643296119909,1.50960290022731,1.14808019142985,-1.17492197346436,3.93100840053173,4.3574919892031,2.41996295220844,3.68160531998243,2.55794573003409,3.19948520943909,3.86915586668414,1.02469675851134,5.97358096106996,4.20057055631607,3.50010402698104,1.36502815537642,1.98325702266479,-0.226314592534537,-1.74342107773537,-1.98263443539171,-2.2850566806794,-4.00915400748778,-2.84253275291722,-3.65169059092248,-1.05209444145217,-2.16964369296028,1,-2.7965267218203,1.39143078469387,-0.689939848734858,4.62427760550277e-06,-2.75141909482051,1.23214536828414,-0.769309904559608,-4.63928182857708,-4.19933901600125,-5.29812085954077,-1.28689149097356,-4.69864858596326,-4.18323725494578,0.370333864843294,-4.85121527794082,-4.9408232270126,-0.582639416225763,-3.73961867212858,4.92377788541818,4.83836966635126,-2.29736482774886,-1.73518207902958,1.05443977379648,-1.00308749982955,-2.02044259968126,-1.27244368341143,-2.37148841345328,-1.5047627523938,-4.47924808496183,2.80975018035997,3.02899353197722,2.40404733286697,-0.325619546105923,2.79170534486243,2.73208153615183,2.43394724969411,4.83603830078827,-0.212561814321225,-0.632226532479641,-1.47839845786019
-0.106249574728906,-3.2610434888113,-2.97640515667219,-0.954898413718242,-4.31547053690263,-3.45010855115097,-0.240488678831069,-1.78905926589357,-3.52865710847799,-2.30551406863,-1.2717906739533,-2.8255231747695,-0.946669214461351,-2.85872531246989,-0.78315120118764,0.559414679536129,-0.753410834631163,-0.693135407483921,-2.04248222862488,2.06512773028106,-0.0531961237771814,0.536655065353548,1.03942892365306,1.8707941836626,-2.29617202196679,-4.49340853744793,2.66906563826722,0.848562460918144,-0.775936304498189,0.790478923257283,0.962893660325209,1.54851297781624,2.4257896887643,1.06077843321673,2.99397075460627,0.993051139634512,-1.20543449719937,2.92376533090419,3.93703843151928,1.37519872883324,4.43717784890662,2.16399121044135,3.57328863868814,2.44492592136219,1.20819524907036,5.02009884416834,4.61614907579634,3.68707018812208,0.39463721161787,1.36177575624504,-0.373694750848478,-2.82106509919074,-2.26579816833547,-3.76563405431829,-5.3250013887929,-2.48936070793182,-3.20724177863443,-2.53111892939259,-3.15580923513015,-2.7965267218203,1,0.709557050807396,-2.33481707989393,-1.04744550640793,-3.35192740133677,0.343401827996051,-0.340954654032862,-3.54601538318657,-3.3740104334094,-3.71784423124086,-0.516860453038865,-3.74540498046069,-3.0503987772578,-0.239936117922319,-4.34562880950142,-4.86428151484963,-1.03876435620697,-3.26226128596315,3.82021590654364,4.08734692270819,-1.57187848755419,-1.61001090964748,1.21477719644636,-1.09795646707949,-1.23549420204325,-0.907685055295613,-3.06059740449802,-1.72804494319074,-3.52891850045602,2.42458623251304,2.66054359625934,1.46995234933857,-0.870332549668279,2.43720600522289,2.23578553381777,1.42670370481369,3.96118116059039,0.369973167035637,-0.693474135832131,-1.90463507493468
-0.359205039199357,-2.02725765302244,-1.16111684249022,1.25863466725602,-1.56029120614396,-1.72230785404953,1.59377878469193,-0.148886542182916,-0.808081831824289,1.53719606979208,2.20631694429852,-0.288736368001104,1.1077097505941,-0.768370864792498,1.80113565298944,-3.36103766296654,-2.45172732911186,-3.56926045482805,-1.93038508529444,-2.85522888421206,-0.532159069604909,-1.39045014746678,-1.75994021728853,0.231711347606472,2.15540401416745,-2.66015852115528,-0.701138894064513,-1.55207684561861,-1.76810280346012,0.0552310786189418,0.501590912582384,1.50644994473099,-1.41361960818132,-2.30588213521586,-1.3924994815767,1.06589629444344,-0.716921894312462,2.80182050895163,3.05006658303088,2.93640667256381,0.341759134176586,0.433585632845429,1.1447753449839,2.99904762232956,0.00383905275082985,3.28654877090891,1.33589546126559,0.963868484186006,1.21180187151802,1.18874488850131,1.28074014274214,-0.214824350588741,-0.307257882557415,-0.0926714682318202,-1.44054393051358,-2.26596736010936,-2.80432130806007,0.781377091748057,1.52512664402398,1.39143078469387,0.709557050807396,1,1.28359957824618,1.51695679942959,-0.0458891992628325,1.85301173576701,-0.730381609691278,-3.37209728232521,-3.11971007540442,-3.73544496120534,-0.513428269462955,-2.90380746660733,-2.94906909013219,1.36850064369526,-2.20283468843051,-2.05855041836386,0.35880719195481,-2.37583222210669,3.62710859093107,3.73818844458654,-2.143486265186,-2.12844967916856,-0.320113256119975,-1.27696178102245,-2.11989931759791,-2.43583891467553,-0.557163395010352,-1.20361891744608,-3.04522338168073,1.01757504294156,1.76130670685356,2.78678071829767,1.6912626060385,0.833704799067884,1.71861943883954,1.88656756747551,2.21113618168007,-1.04184532804925,-0.283225724339369,-0.543506383755781
-0.163809204854166,-1.52529506178704,-1.62812239352333,-0.341582298611988,-2.74345601129273,-1.58690539730672,1.3884107206919,-0.133587197034128,-2.0427246217859,-1.3985484232238,0.403861574315535,-2.21256675260125,-0.0720623150348301,-1.21862565373725,0.238368278519717,-1.55251661229696,-1.68283308151491,-2.43675746729273,-1.66875590859544,-0.346615676283912,0.17176591002482,-1.05579990488748,-0.555436813302259,0.899229912186837,-0.376405140063183,-4.33843877689865,1.28012563784626,-0.433291842066117,-1.21298056135953,-0.041093183893894,0.445839595845211,1.40095951199063,0.476737592769221,-0.913284581426018,0.574663166724612,1.21531465780843,-1.42977328188673,3.25184631909099,3.3989220454261,2.26948366646142,2.87255428552255,1.73311592588122,2.14659452837387,3.17467096200958,1.01002220691836,4.74665092762725,3.13865599718151,2.85733921465253,1.30679117505302,1.77981434377798,-0.0987837260468605,-1.00190136152397,-1.55259938793193,-1.67075164122421,-2.88316759871461,-1.78623755736715,-2.9527183693386,-0.497768729898458,-1.76324032975719,-0.689939848734858,-2.33481707989393,1.28359957824618,1,-0.144572305709288,-2.09812443554124,0.816040821750965,-0.315840058766624,-4.07323237437994,-3.60493802001375,-4.36412163555475,-1.06443845818579,-4.36373045024932,-3.67826857746353,0.721887921304834,-3.9637809737285,-4.20849975403231,0.361846074656869,-3.44119561979249,3.88114193529802,4.17253476492807,-2.06980832347267,-1.66447348678693,1.03270577204738,-1.03709779591356,-1.82182867612732,-1.33970877708674,-2.01128904354955,-1.29826527624115,-3.63685687084358,2.58499309049934,2.7712832629812,2.14616197044971,-0.431574491836749,2.29233205532563,2.31770829405495,2.07860528633285,4.02254377689913,-0.0598643584815499,-0.563980079604064,-0.957254769450319
0.0505728859789351,-2.18030898404636,-2.03826462912889,0.722055213258909,-2.21842900525089,-2.49621705601842,0.627210921427839,-0.561718678682445,-2.10130126086933,0.673662514443295,0.930166017675494,-1.20856531478887,0.901501149915056,-1.70730288935256,0.673087530106264,-1.59161477389642,-2.07345807302493,-2.6177593832549,-2.41740267534497,-0.888975680361443,-0.51495125157678,-0.461577596445869,-0.549501663867949,0.591358643994054,0.450790660593656,-3.63589323971218,0.241641320613387,-1.1614339288091,-1.55080202550509,0.318860415269163,0.933966220722115,2.56562525984816,0.66441455080836,-1.06403624468374,0.206310279337221,1.06162376435968,-1.27284048764497,3.53823536537004,4.07395921286727,2.50715623085801,2.29738387300591,0.795831847459097,2.18953781488308,2.97424110239735,0.0393585677885552,4.04231135015037,2.78405507411656,2.24679972721064,0.731481874391601,1.4771841716869,0.688454983383539,-1.51065909061923,-0.920480601665872,-1.44362408799902,-3.5158322273109,-2.32890752157619,-2.68749585731616,-0.614633179610042,0.174455804542426,4.62427760550277e-06,-1.04744550640793,1.51695679942959,-0.144572305709288,1,-1.59434708956927,1.41195791862363,-0.781778199173758,-3.7533659880107,-3.57922315063123,-3.92987263673543,-0.208427479597767,-3.68178392386812,-3.33570382462698,0.774044623288867,-3.48954825230712,-3.4899245896686,-0.202028858639327,-3.08824874737428,3.93040933346514,4.46795314267069,-2.12418525152987,-2.28527545283778,-0.12766350644224,-1.88420971789798,-2.43091842222394,-2.23797387407671,-2.33786660481764,-2.24705807308155,-3.73066934014088,1.66628866454704,2.3407083727252,2.95154988381906,0.905650939758647,1.38234893032495,1.77477473045556,1.88307423441007,2.83781822603286,-0.624976230843773,-0.547508383970089,-1.0541675454578
-0.232890949060029,-1.77003513268463,-1.69964044740373,-1.05593925176463,-2.71651392021108,-2.01551356778974,-0.871924027201067,-1.26782624227962,-2.09312766691315,-2.24747511948935,-1.74616081912033,-1.87439053775045,-1.06369980920695,-1.89040197182836,-1.19007617927287,1.3486180712213,0.2187725050525,0.463179693798521,-1.08965564688189,2.34409759030102,-0.125079625178907,0.854161125436781,0.959347821536786,1.68028971254898,-2.45096226178841,-2.35796392681088,2.0097561663837,1.06770138498142,-0.0458303361838628,0.606928108901809,0.695172037325395,0.69322698227873,2.69226326152343,1.78910926967868,2.96324391954958,0.0324965338560541,-0.325623331528818,1.25451591117347,2.23681446411036,-0.0191759121132609,3.22010964128919,1.74353470871052,2.64089738172588,0.865869829716093,0.645448913517702,2.74944193994761,3.3489354647187,2.1918703811799,-0.0146333508730563,0.625672515907477,-0.880426952154873,-1.85284989785513,-1.53891486458193,-2.68920076566623,-3.29196906207494,-1.01703820149497,-1.36051846407695,-1.85313356638316,-2.95250838455054,-2.75141909482051,-3.35192740133677,-0.0458891992628325,-2.09812443554124,-1.59434708956927,1,-0.518610109329156,-0.178807704558776,-1.58692909475692,-1.3176442259927,-1.6265983725777,-0.945417525532118,-1.76815146330515,-1.83036432641981,-0.498586024944647,-2.48466554070229,-2.82476905749769,-1.19211214697492,-1.71451511220753,1.80997777533546,2.0335425384548,-0.197835911337725,-0.275149826698041,1.01219316502188,0.0508147815648646,-0.331675265010496,0.477266607670109,-2.01834510096211,-0.844046648374779,-1.61131360099875,1.6433917079438,1.69460092154746,0.310055574696891,-1.14684614585195,1.94428608946252,1.48894303756636,0.399056931060117,2.53577198318622,0.290250792260133,-0.350174642361355,-1.15012778316805
0.297476946788231,-1.44701380896229,-1.36327227193876,1.26010930928467,-1.38906250822001,-1.71177889617165,1.28813930562107,0.10913273375647,-1.27578340900984,1.59613509066833,1.74870717759023,-0.603382438563216,1.54026707740888,-0.664954054426782,1.52941135832801,-2.38624035996011,-2.45793543959576,-2.99264291162152,-1.91881021085402,-1.94072149057231,-0.600768603303554,-1.16240916304657,-0.997428115706826,-0.175332174247694,1.27384836444802,-2.93161397225987,-0.545073740653105,-1.86269403647077,-1.52178846508963,-0.20997896182855,0.518176079503614,2.41125960855755,-0.688873732516759,-2.21844785942561,-1.30229901662138,1.18989354291481,-1.39821956128631,3.24734193168312,3.19211031544183,2.6429957767738,1.06203747915327,0.0250109153109582,1.13596160902764,2.93798218458343,-0.153545460067816,3.19322825108575,1.45582579561757,1.48846790870287,0.933242949778694,1.41487550893845,1.36161524512384,-0.627395840124949,-0.271219095135034,-0.198745977055952,-2.29703539916539,-2.12181903265345,-2.10562417757552,0.22030396709296,1.44356005192475,1.23214536828414,0.343401827996051,1.85301173576701,0.816040821750965,1.41195791862363,-0.518610109329156,1,-0.594895376370675,-3.27037959399979,-3.3322046992442,-3.48509357901814,0.141507777744723,-3.24324030100885,-2.59689267977025,1.18505282045793,-2.66262933709095,-2.63700890170113,0.191934432886445,-2.74694150515354,3.34288163342956,3.70890753738851,-2.45900961292381,-2.31977576736205,-0.576554774503626,-2.12864801399139,-2.54195928429889,-2.58175027687822,-1.69532823103867,-2.09107146546012,-3.18840436636143,1.15669750656613,1.76400046442543,2.97145486341932,1.49538878395157,0.598352549269079,1.16121455485009,2.06416186559671,1.88702205665287,-0.631722406031328,-0.253128723146589,-0.48961602514364
-0.898923003440208,-0.367301647380916,-0.0693302676730245,-0.394748735164525,0.050484173585418,-0.18021174676995,-1.02332272859602,-0.699689479067558,-0.0386737120315511,-0.445563916419448,-0.582097958761934,0.283914671277198,-0.736466208263675,-0.423060797519646,-0.861395104981071,0.285549294506732,0.874776912608181,0.130416357414427,0.0129415276870625,0.115569112019027,0.120136651816625,0.794596079315087,-0.245473366162906,0.589034977628506,-0.105700334495174,0.695260376159974,0.449616672063718,1.15431366354996,0.104451291795536,0.800208946090875,0.32545004726198,-0.668265226054923,0.971436803077662,1.34204515168482,1.28759228927432,-0.814367439989219,1.13023419099291,-0.582128760523687,-0.0372628031985216,-0.801339006840667,-0.0314890301140664,0.665014533075253,0.642183732540209,-0.46842897208848,0.332510064862935,-0.109550546052379,0.604587661567792,-0.409023348936964,-0.247655066829255,-0.426652850102887,-1.3930231367766,-0.361142200298134,-0.12429120226073,-0.288419069159566,0.380586177798343,0.0202043890237369,-0.327850230218488,-0.268548006450138,-0.722434765439204,-0.769309904559608,-0.340954654032862,-0.730381609691278,-0.315840058766624,-0.781778199173758,-0.178807704558776,-0.594895376370675,1,0.554329423143707,1.00535671372941,0.294704467331237,-0.647446589430875,0.788448308732249,-0.274999511816542,-0.629012901411971,0.471629278440966,0.669534077820268,-0.336009780548054,0.737799289838219,-0.335856254957181,-0.336789456819071,1.31087080178728,0.81294231146929,0.470215749801879,1.21648283798595,0.89991729356875,0.890984064491027,0.623190310746184,0.703804853343837,0.18364408178857,-0.108768326824226,0.0022828899765559,-0.614217814540005,-0.446685578679886,0.586333896308865,0.385620011360682,-0.695155659219113,0.300725359605775,-0.405241144921686,-0.335914767763941,-0.285303069721622
-0.664253617598622,-0.771620249984453,-0.81658608904861,-2.77415782087841,-0.538909640266626,-0.632955427997569,-4.12863790378529,-2.66050566494815,-0.915534666624739,-3.31181517004891,-4.63820637406986,-0.0731766686913427,-3.32974399232773,-2.22720644657114,-4.43599255180557,6.3373839181655,4.66635654273252,6.06010698831321,1.38368549180652,6.19797668374007,1.03352664289712,4.49447034480717,3.72960244953918,2.14686024992814,-3.88760376383567,2.95227342277062,2.6783421260362,4.07029320291678,2.16168117748849,2.00088688899936,0.167349600671271,-2.39006254892269,4.57097776727762,6.20773661606854,5.60957887426553,-1.58199045258445,1.77268364528866,-4.01851611669666,-2.12940623138941,-4.13409582746056,1.50459747310565,0.671282168636479,0.905640990301575,-4.86367934452085,0.161122786985695,-3.25683577234932,1.05869735837558,-0.21225951241889,-2.71256727453541,-2.42508024426533,-2.83202614061087,-2.33321507301764,-0.969689723527882,-3.47238649202436,-1.09991530232549,2.13827912912251,1.66052566542931,-3.47872323301129,-4.04281184411624,-4.63928182857708,-3.54601538318657,-3.37209728232521,-4.07323237437994,-3.7533659880107,-1.58692909475692,-3.27037959399979,0.554329423143707,1,4.16236781896182,4.77987012385887,0.533777730492527,4.22555645084492,3.00893764476211,-2.97626721680557,2.16171378994427,1.83995040793416,-1.44117422827954,3.36851531635211,-3.84001541800401,-3.36446808589538,4.12886871308906,2.45336274993573,1.04961115136162,2.58719164537309,3.80639715608312,3.49906321917678,-0.0172852317767838,1.70591730467753,3.37916968016063,-1.34725192561859,-1.56316943578718,-4.05125721900683,-2.83600247869845,-0.0622654191785195,-0.900496390235682,-3.90615085220686,-1.79619516638126,1.00108880271261,-0.509601404795895,-1.22223330255918
-0.252290725348492,0.576345258553383,0.176536547610201,-2.8529873771115,0.0307125918644378,0.635269958296689,-3.15555976859544,-1.54208998185966,-0.134281666327748,-3.81561890114813,-4.41325063428241,-0.344843749723551,-3.17265697791407,-1.12235051185503,-3.952504030112,6.01140855929415,4.3801810080896,6.04640172099788,2.02113274179914,5.9535963707364,1.10961880936502,3.44843448625792,3.43346045657772,1.63741652086001,-4.02446718285048,2.90163593903168,2.40055247778317,3.58773991278899,2.42970190369066,1.10201855490994,-0.267495146393378,-2.70858662151345,3.72287456171313,5.35268478512863,4.62634955598315,-1.44721989689712,1.3641317168621,-4.19359374044701,-3.02305289741508,-4.12458541931954,1.15298711792066,0.619011579075224,0.0839409680171193,-4.73442314836923,0.23696030124661,-3.5469261023156,0.23209689263881,-0.360568257824683,-2.21832218378302,-2.11586942739776,-2.4610945630151,-1.22997502098735,-0.782817298227336,-2.58183235742166,0.0115401984687509,2.83498732927733,2.44976165395429,-2.62795170891236,-4.22697515898099,-4.19933901600125,-3.3740104334094,-3.11971007540442,-3.60493802001375,-3.57922315063123,-1.3176442259927,-3.3322046992442,1.00535671372941,4.16236781896182,1,4.89058436254134,0.16456076100901,3.97506807764107,3.2505471809882,-2.5341512989827,2.27783882751522,1.88148867410853,-1.04968810415211,3.1944425050544,-4.20971761652428,-4.02333523272807,3.71844042025611,2.80137716561537,1.22752663234352,2.63217757156255,3.67727652690114,3.86811281732828,0.291723990086745,2.02548259465284,3.87678645659845,-1.02356340140785,-1.68594010524617,-4.29684733793618,-3.1450685937532,-0.0935844454957355,-1.11414674183975,-3.4977648327151,-1.79489089149865,1.38087241283259,-0.116542336487451,-0.524323300303233
-1.17332165771878,-1.3277846097918,-1.18603413244739,-3.10476273706688,-0.897541419589966,-1.08692183507793,-4.77478286688588,-3.51212826154872,-1.49433676585968,-3.95239672324601,-5.03144768558596,-0.118015446455046,-4.11318561314816,-2.35148462879143,-4.85035140038836,6.48088966632807,5.45591619726689,6.28401842073778,1.82991390336378,6.37814396716477,1.31272783565893,4.86060823659059,3.7959089945436,2.26317317373448,-4.2728658715603,3.32559067600275,3.59088395805028,5.43372824430695,2.39136192550156,2.47087838844256,0.2160005359369,-3.30719218520923,4.70863344555083,7.00056750029415,6.43340891968774,-1.9559332636794,2.64936797362736,-4.53042781305735,-2.7155164287749,-4.93841911947458,1.53685504975814,1.05272818280705,1.21705307853523,-4.95474858420048,1.04696079016501,-3.14001313267538,1.26565445919669,-0.221630802129262,-2.74414357780867,-2.6369442473372,-3.83559012683671,-2.88424194181727,-1.14457580837974,-3.76032866969294,-1.19652812645001,1.52133583711456,1.10030931194421,-4.18171265684186,-4.80889623563139,-5.29812085954077,-3.71784423124086,-3.73544496120534,-4.36412163555475,-3.92987263673543,-1.6265983725777,-3.48509357901814,0.294704467331237,4.77987012385887,4.89058436254134,1,0.687594144981356,4.91673203776823,3.56198838637782,-3.71563986634512,2.61350003072862,2.2338480500582,-1.81565605949833,4.05950767780165,-4.24715557182183,-4.25162672419716,4.91745198060085,3.21220544649934,1.59321740955034,3.32464656876627,4.90069713832682,4.11710863480809,0.721087869564549,2.43912174619542,3.61064684506863,-1.48363632813677,-1.93638392708537,-5.01516973250583,-3.25126230609016,0.0490084548211558,-1.02788067581361,-4.1693000820628,-1.73855306860857,1.18398333799768,-0.660461362103307,-1.48440440153388
0.212173059678969,-1.97701054534401,-0.803884045753088,0.0619593105710621,-0.461854954779537,-1.98685512759224,-2.42533930975667,-1.61822792690017,-0.830162916527802,0.952902031341989,-1.17488849113155,0.357470547830588,0.101730482402179,-2.23239438326507,-0.504969561806299,1.76463207626414,0.281022719566102,1.23289451709607,-1.46746591671005,0.996119944581252,-0.963294108590607,2.17674624260871,1.19420942918954,0.256534129441222,-0.821074123047664,0.397068676611133,-0.0497416599755909,0.642155333834712,-0.344082555407901,1.63219355644968,1.26690932781432,1.22044817864694,2.14711945522824,1.91246405448309,2.28718690384602,-0.512064433427545,0.41712453627731,-0.0709990794720836,1.31736218522003,-0.464682306400306,0.801538917295488,0.281766450751718,1.45184569663092,-0.97721536262209,-1.11549449982579,-0.293833926314356,1.19537803337343,0.192285721818666,-1.52699698808875,-0.822575052761693,0.197663505844945,-1.78533455025644,-0.303778580381502,-1.46544651092647,-1.97592436661324,-0.642378013191655,0.236150226340455,-1.44177226079535,0.402321960186759,-1.28689149097356,-0.516860453038865,-0.513428269462955,-1.06443845818579,-0.208427479597767,-0.945417525532118,0.141507777744723,-0.647446589430875,0.533777730492527,0.16456076100901,0.687594144981356,1,1.11977552149502,0.453716788667946,-0.924864610256957,-0.353083513746174,0.0775994007580261,-1.70516346767785,0.641891698235768,0.332882549355516,0.49185966028693,0.454567382285136,-0.443463543586971,-0.91626197849637,-0.42598524573647,-0.240081897446012,-0.156238504524178,-1.34612325923444,-1.00834547856911,-0.283084530576166,-1.09247597488193,-0.480824614120441,0.261413703748527,0.504653365783586,-0.285686552301722,-0.287327838655984,-0.938475071656009,-0.793542379604939,-0.380453040851541,-0.292303423807242,-1.05823505728742
-0.213723704252095,-0.433530159749132,-1.10546428751865,-2.73482673915699,-0.686555132241805,-0.681984165072879,-4.01307095891081,-2.5114493465383,-1.38965376512157,-3.45502377837598,-4.84677442146505,-0.438098373618614,-3.13394869972434,-1.88929450484539,-4.43634739031707,6.80011219247672,4.66122566673864,6.38902947275139,1.69050096183032,6.88828823862001,1.07149953283012,4.31478332381891,4.22744893232791,1.89179642150655,-4.56470520570442,2.6948236332828,3.05738156253558,3.91771984322031,2.49695830832679,1.52853264231697,-0.0445211807030498,-2.04603497229882,4.63575426921976,5.96342465660627,5.37836093706095,-1.3763071673662,1.29025474569161,-3.76103093246106,-2.34541362018226,-4.35400214539539,1.94546128783437,0.261597307109162,0.778610172306091,-4.6915051009644,0.460623110730764,-3.19308605366628,0.990341648882991,0.191474687193642,-2.67936129047135,-2.13392842480548,-2.66217939090854,-2.56998258264227,-0.939283743865721,-3.51370816637538,-1.75338841086636,1.96673738442866,1.93542961232999,-3.93042727761975,-4.20796208694995,-4.69864858596326,-3.74540498046069,-2.90380746660733,-4.36373045024932,-3.68178392386812,-1.76815146330515,-3.24324030100885,0.788448308732249,4.22555645084492,3.97506807764107,4.91673203776823,1.11977552149502,1,3.47094477864266,-3.0291432616965,1.97753773393715,1.37363929682181,-1.51571179635849,3.01660431178191,-4.10623965422025,-3.65739268259945,3.75797982234299,2.37769001028465,1.05588371753651,1.94349505164548,3.68999090406117,3.34789067374144,-0.554397841860187,1.22868230563507,3.3925652110644,-1.14680996392613,-1.61634464185509,-4.12195507542099,-2.95425160355672,-0.323372584990257,-1.37572635166499,-3.5719700062531,-2.01286568804046,1.50180979767479,-0.367228395731334,-1.09703871821945
-0.90345467286889,-1.68344753524242,-1.35888791079014,-2.01628996473817,-0.539842997329125,-1.64905588408814,-4.54489191951556,-3.00670258067163,-1.31971714928059,-1.9057012623753,-3.97982336137603,0.308076133553951,-2.581756246012,-3.10996252834382,-4.1700820911978,5.50092399648414,3.85265037286472,4.71798248871053,0.00660603759054634,5.04672205680686,0.500209481975707,4.7839119303522,3.08274582752684,2.19711711283032,-2.88141480250527,2.3514753728991,1.99036116863866,3.49491342087729,1.2961720052701,2.62457588880811,0.966072847369541,-1.04889687380463,5.08885902062101,6.0331120719579,5.68538139889538,-1.65434689857738,1.87319484161186,-2.76956054721246,-0.312129699310135,-3.22618254092649,1.69102249400374,0.783429619617394,1.75966190557149,-4.00843842674131,-0.380563741602744,-2.30255599156024,1.87412538734917,-0.0898860214032648,-2.7789581513599,-2.20062367927692,-2.73524156723742,-2.91873249725205,-0.908218872859727,-3.55163616598216,-1.94766821842057,1.2674461044463,0.825955001189977,-3.37668113784024,-2.93775812908726,-4.18323725494578,-3.0503987772578,-2.94906909013219,-3.67826857746353,-3.33570382462698,-1.83036432641981,-2.59689267977025,-0.274999511816542,3.00893764476211,3.2505471809882,3.56198838637782,0.453716788667946,3.47094477864266,1,-2.75824142408438,1.33375774586153,1.40576468425785,-1.6831856555499,2.76073733772123,-2.4247177220673,-1.61510891853134,3.83308239254535,1.62517959230053,0.495543296380956,2.00414443941366,2.76847125920908,2.52085575412174,-0.637990250633557,0.733321315090471,1.95779350897499,-1.30457700553981,-0.934317118051733,-2.6083406271495,-1.92451242595873,0.232802933198426,-0.335581662496805,-3.56487302494686,-1.23316919980963,0.139175255263271,-0.870416543927702,-1.60809711369004
-0.644563397729605,-1.37233101163939,-1.35438806396711,0.710368019971714,-2.04354962201812,-1.48793580144036,1.67789166123421,-0.16803651133132,-1.42852689091346,-0.23380545271125,1.51886472245077,-1.13424988884108,0.205785585793907,0.0384368733568047,1.21902331911818,-3.02396188331203,-1.66391769512687,-3.24552496872949,-0.877720879753232,-1.82260425554128,-0.10446912168981,-1.92534757882183,-1.74483420977868,0.524899296489787,0.776946793111823,-2.86757093460144,0.694999091741564,-0.450334250394958,-1.00400695444987,-0.561651789589109,0.129642193038182,0.593059437357352,-1.08582557347316,-1.8380409551207,-0.884542833210439,0.687199075186926,-0.286909786600952,2.60373948838571,2.15501176499909,1.86527568789676,1.08698030752882,0.906242215944607,1.38173825295202,3.37918115239997,1.39762066058145,3.83492746686554,1.69421979730139,1.33759894867739,1.81804554541005,1.65225609689039,0.0555947803701895,-0.296912033369326,-0.51989478603299,-0.189784518764079,-1.60079753090198,-2.51437789755738,-2.92043708480364,0.222346152917607,-0.349697016164771,0.370333864843294,-0.239936117922319,1.36850064369526,0.721887921304834,0.774044623288867,-0.498586024944647,1.18505282045793,-0.629012901411971,-2.97626721680557,-2.5341512989827,-3.71563986634512,-0.924864610256957,-3.0291432616965,-2.75824142408438,1,-2.1000979224427,-2.40851463369361,0.0713534910324828,-2.49196367096772,3.0145900357688,2.61855981995261,-1.57559315693136,-0.920664528618073,0.801908625273833,-0.555325654478131,-1.11326462570654,-1.21453036644707,-0.0763808688066657,-0.57448690795226,-2.68005987322804,1.93333995075216,1.91596260196675,1.62856104529155,0.654243516898141,1.45941328978135,1.70993198631286,2.21157837594997,2.9827959499424,-0.396292914910653,-0.123130063917894,-0.270324701188859
-0.384918416265884,-1.02355809097055,-1.19980038334492,-2.40878855206287,-1.87556950286019,-1.26919477810975,-2.97630762789899,-2.15188601727189,-1.60277563590906,-3.88971779317411,-4.25637016190283,-1.34335555561748,-2.89735973474612,-2.01660362855839,-3.47459430003085,5.15501524413706,3.28906545262216,4.61683791539433,0.734469096083859,5.8756499915118,0.44710549134229,3.01014855343262,3.01863038735158,2.42650893095756,-4.51294917960341,0.81210128365757,3.08705912265623,3.28864967984493,1.87204511440517,1.07546565021646,0.359518745229147,-1.41582486838733,4.4330373668062,4.98307468551295,5.20325664950382,-1.19844066660525,1.02843306650337,-2.23892118094287,-0.747317772792271,-3.11302038490378,2.80569386585853,1.3735479670652,1.96038062362688,-2.73867430447059,0.746120210865999,-0.812057917014089,2.31080804911862,0.917858823803004,-1.58782020201734,-1.10799400195672,-2.18754416799977,-2.24723527685514,-1.37131333600808,-3.58119427251935,-2.42946011238686,0.928096422549497,0.817658917727184,-3.23258701190103,-4.70968151521822,-4.85121527794082,-4.34562880950142,-2.20283468843051,-3.9637809737285,-3.48954825230712,-2.48466554070229,-2.66262933709095,0.471629278440966,2.16171378994427,2.27783882751522,2.61350003072862,-0.353083513746174,1.97753773393715,1.33375774586153,-2.1000979224427,1,-0.280687943129579,-1.90694531350076,1.21820608795728,-1.92855805655147,-1.79913272873638,2.6114997127808,1.89216618700587,1.46052373552342,1.80086769366664,2.50431210578959,3.02048434511471,-0.939549960358516,0.744405540336641,1.85768616582054,0.223656610393346,-0.246371051301649,-2.94435428800245,-2.61976532801395,1.01790972678634,0.0181204691485255,-2.19717972709005,0.127943170794246,1.11725171002497,-0.19139727220639,-1.08174865072415
-0.176191661692187,-0.835421122795122,-1.39303805771038,-2.88750728309482,-2.03924290063366,-1.09407427498933,-2.7684490621487,-2.12058546316575,-2.11574897128824,-4.54759704528303,-4.37796042816582,-1.85120896373504,-3.14978578520734,-2.06734963392735,-3.76233580590667,5.37347551955863,3.40767254030141,4.72826014916498,0.938408111373833,6.12580814202931,1.02526853911575,3.00158878330072,3.44872774904764,2.06151561155682,-4.78675840960498,0.114191558504215,3.59589296286316,3.60919165871596,1.78253067168119,1.14404079299657,0.170648782892018,-1.52181223038479,4.31530793076142,4.96771606505056,5.29329618966647,-0.735230478914536,0.542491515535761,-1.94972863736248,-0.813647802578732,-3.01901633504982,3.33045857031406,1.53728392990486,1.75549989721205,-2.56791365315731,1.10989359527299,-0.377608472513563,2.42086897902841,1.69574855675805,-1.5373303600082,-0.918216420347989,-2.51757594535292,-2.51434110739667,-1.7574390866909,-3.89501348258174,-2.73919143752194,1.00222411146026,0.507712289655964,-3.64954331292201,-5.33258079146525,-4.9408232270126,-4.86428151484963,-2.05855041836386,-4.20849975403231,-3.4899245896686,-2.82476905749769,-2.63700890170113,0.669534077820268,1.83995040793416,1.88148867410853,2.2338480500582,0.0775994007580261,1.37363929682181,1.40576468425785,-2.40851463369361,-0.280687943129579,1,-1.41071873469401,1.03390343589331,-1.80583846982048,-1.65144155457211,2.35531338022656,1.77201869320779,1.7708064049852,1.58605576870775,2.60143260461247,2.92178935569518,-1.28204695278607,0.828246315826456,1.47966439363942,0.502784933378156,-0.150328712234745,-3.05905691159411,-3.26295225110436,1.10711990596697,-0.0434515525307086,-2.03774137603792,0.492642508105954,1.56396162822633,-0.41736088122886,-1.28152994610294
0.200511215127247,0.77462203379099,1.08238205364788,-0.538354668698604,0.0774236103200888,0.717542955743768,0.265287396938547,0.907707503927998,0.33783263737126,-1.2884618889345,-0.156942812168248,-1.15069356827604,-0.0292884431859289,0.0121481929516448,0.4536309905992,-0.764984582352594,-0.927734529657315,-0.975029808775769,-0.713665244474467,-0.995292508393531,-0.352143422753245,-0.925505349777125,-0.884053512263293,-0.604536572106139,-0.700855592545088,-1.73690243488888,-0.091159114156881,0.0950465422840514,-0.814072479988636,0.042554806418616,0.524846471304924,0.471321932826212,0.402759697790854,-0.132094066248726,0.574841590791754,-0.138928262667137,-0.277251503585005,1.17628874245243,0.935305724157178,0.423946864695714,1.10441756173528,1.86666999172115,0.751115501507523,1.21043907803589,-0.201934121706576,1.80058225424048,1.0947402586822,0.950272629390296,0.715668740610412,0.820423916893944,-0.511789762421884,0.637398053733901,-0.64738656097492,0.333386888346079,0.419130661057513,0.211593839505092,0.111107747120188,0.819064043124846,-1.32170421497353,-0.582639416225763,-1.03876435620697,0.35880719195481,0.361846074656869,-0.202028858639327,-1.19211214697492,0.191934432886445,-0.336009780548054,-1.44117422827954,-1.04968810415211,-1.81565605949833,-1.70516346767785,-1.51571179635849,-1.6831856555499,0.0713534910324828,-1.90694531350076,-1.41071873469401,1,-0.983670395290449,1.47341834979512,1.03583190227794,-0.618260374029149,0.384851039046195,0.491535312180076,0.502294380763019,-0.843650319632012,0.889978784501811,-0.558012536804332,0.0992079253328056,-1.20269079412491,1.23239939674331,0.873636386578452,0.551967242966242,-0.853302708460371,1.56948228372321,1.00117891919522,0.941623369000771,2.09668879544415,-0.119340649501631,0.0388107988770318,0.0855509328398785
0.180857960942029,0.534448782598418,-0.00630391571261785,-2.58495386502082,0.181565085728284,0.372585925938666,-3.26646885230951,-1.35669842533728,-0.56504688613525,-3.07995136287373,-4.18701795785436,-0.501788487969559,-2.39407907685345,-1.43438436292638,-3.68326335724979,5.86652233120399,3.65873514702804,5.43297480048283,1.28011519403301,5.46647471794652,0.87566404164241,3.50759830209313,3.52829765435539,0.998786338434605,-3.89314958915671,2.0906410514161,2.12075186159251,3.02288976087253,1.9345657990468,1.29721848083527,0.0953780492787508,-1.46643892179603,3.98390686397665,4.91035657041331,4.45090860926857,-1.14609739562775,0.701542061833606,-3.10576077706837,-2.05168627262645,-3.55999611638293,1.62126242778008,0.55677326623201,0.325905978976945,-4.09738219429802,-0.0491081753423371,-2.85724482423059,0.609536069107717,0.26476696886216,-2.35141354458842,-1.76469484379168,-2.23233383895503,-1.62861781409925,-0.878519196134835,-2.50190072539448,-0.692782466256213,2.46149083854112,2.32936630462626,-2.74090403181326,-3.6209571935682,-3.73961867212858,-3.26226128596315,-2.37583222210669,-3.44119561979249,-3.08824874737428,-1.71451511220753,-2.74694150515354,0.737799289838219,3.36851531635211,3.1944425050544,4.05950767780165,0.641891698235768,3.01660431178191,2.76073733772123,-2.49196367096772,1.21820608795728,1.03390343589331,-0.983670395290449,1,-3.40365511376936,-3.00804338892411,2.9540726994387,2.04353986374562,0.80768449788372,1.61989126479637,2.6899910366694,3.01988817717398,-0.835561598984686,1.02656893705793,2.76204827224632,-0.920921723047107,-1.39153575025352,-3.30861775858198,-2.91208056082962,-0.0971997078390409,-1.20641249443618,-2.98673911115016,-1.58544709993961,1.325422625731,-0.342213734819405,-0.717353469376172
1.08448079375659,0.887958369423459,0.365510816159033,3.10838807534569,0.606114917236249,0.385850286392006,4.12912783348141,2.66834393193837,0.627921535700828,3.92364308201503,4.70808109186485,0.278682815237201,3.74654717066828,2.32711831845679,4.4053624469466,-5.79841029986827,-4.64977821858427,-5.58940367189355,-1.24524883291566,-5.57824308055637,-1.00121841936465,-4.32207390837261,-3.1425773491638,-2.28159692522709,3.81413423973207,-2.7636573713663,-2.86971777894293,-4.62198276951537,-1.9517439734257,-2.31637315840099,-0.365067103356766,2.94814290042781,-4.53020659563413,-6.44139721942849,-6.07084055613463,1.86187088807484,-2.29289980122508,4.12480047983598,2.10786390402968,4.14390782635206,-1.47508491923045,-1.5779389060872,-1.28141736450087,4.57531567978552,-0.484065770383019,2.68765774934115,-1.45614870643095,0.229344619590138,2.43888544909745,2.38178641525284,3.39540700145567,2.02562713606064,1.26189980395096,3.3716355225747,0.412796447684445,-2.0994082487084,-1.27868755008546,3.07818517529109,4.66150931053448,4.92377788541818,3.82021590654364,3.62710859093107,3.88114193529802,3.93040933346514,1.80997777533546,3.34288163342956,-0.335856254957181,-3.84001541800401,-4.20971761652428,-4.24715557182183,0.332882549355516,-4.10623965422025,-2.4247177220673,3.0145900357688,-1.92855805655147,-1.80583846982048,1.47341834979512,-3.40365511376936,1,3.26358713456803,-4.368521527659,-2.87025602826631,-1.51865437262354,-3.38068363708373,-4.03539411200793,-4.00212321275476,-0.503057407521519,-2.32525877625927,-3.14852381096086,1.08373545987501,1.36379812003886,4.25643071203223,3.19207403539473,-0.634117604973746,0.343364433244673,3.84492459520786,1.00421000811021,-0.818486312440636,0.588197019837853,1.28430786555114
1.11267367212431,0.506172307635932,0.583310930856459,2.91346438108214,0.343454192532854,0.308569653713034,3.95285672901296,2.34488304700379,0.573826175596917,3.64684650742362,4.61527507350494,0.116280902428401,3.56354990660144,2.57635900372772,5.04487221536936,-6.20025672889855,-4.68468256706987,-5.6496329747076,-0.919884621759439,-6.15472662186368,-1.13941101652151,-4.56435010768732,-3.21602956811554,-2.91854043043249,3.43942942033178,-2.67951397746886,-2.44903617908378,-3.90148162681103,-2.03642993072624,-2.1008246995655,-0.488581519148191,2.29956532015493,-5.23441928393699,-6.59777359861012,-5.98847633005516,1.81000949672039,-1.97771229490326,3.8076821403691,1.37520460185288,3.7376892454424,-1.7325679180529,-1.2249130209826,-1.30393659297783,4.76716128031449,-0.00307435466631822,2.89153800143913,-1.62004306111405,0.288726793552841,2.52837864047521,2.31990415378568,3.29457607008498,2.05430342070349,1.11859372442957,3.68315042455811,0.798405535061912,-2.69357829415324,-1.36430301800758,2.94973452178066,4.53007174297917,4.83836966635126,4.08734692270819,3.73818844458654,4.17253476492807,4.46795314267069,2.0335425384548,3.70890753738851,-0.336789456819071,-3.36446808589538,-4.02333523272807,-4.25162672419716,0.49185966028693,-3.65739268259945,-1.61510891853134,2.61855981995261,-1.79913272873638,-1.65144155457211,1.03583190227794,-3.00804338892411,3.26358713456803,1,-4.5319665422991,-2.4768949020508,-1.37946624339991,-3.08281120378047,-3.57052213144206,-3.70531258034899,-0.0303113071126158,-1.76037736538515,-3.00527003774783,0.773094768774939,0.795163428119442,3.6363717228154,3.06991671392152,-0.783479577867664,-0.0243631946354526,4.05947196882562,0.830989486212264,-0.481353581217928,0.747854334038729,1.2053430959982
0.626249057006209,2.00413610799012,1.48727091904533,-1.93071793389585,1.31416515152734,1.94152346780794,-1.84244721221557,0.0135177429755506,1.13144297299067,-2.4720456389771,-3.14330778255919,0.0913262849957693,-1.76550153952808,0.398039020486538,-2.24900018052609,4.72722749090618,3.09618941750278,5.2100253794686,2.29471707459011,4.27332647154592,0.616539386862931,1.93164552549886,2.69318914011224,0.187573448143081,-3.06480447700181,3.13650611046995,0.94492199179244,1.92874737292836,2.28206609400798,-0.0156414177755675,-0.627965958163882,-2.14586605685799,1.81386041334795,3.14938519105645,2.18179537451159,-1.07800102046557,0.600169252999612,-3.91968205252225,-3.78785480835593,-3.456502792112,-0.194823482813323,-0.290520004439284,-1.32882918900619,-4.23840585483534,-0.328620141331049,-4.23446553649803,-1.5202886238944,-1.0290936735821,-1.7420421658908,-1.75000948861847,-0.911543379656788,0.276867299132978,0.043456526682015,-0.621180926356783,1.49775167494504,3.16008398422388,3.58468770338777,-1.08212201641433,-2.36576679695648,-2.29736482774886,-1.57187848755419,-2.143486265186,-2.06980832347267,-2.12418525152987,-0.197835911337725,-2.45900961292381,1.31087080178728,4.12886871308906,3.71844042025611,4.91745198060085,0.454567382285136,3.75797982234299,3.83308239254535,-1.57559315693136,2.6114997127808,2.35531338022656,-0.618260374029149,2.9540726994387,-4.368521527659,-4.5319665422991,1,2.43011884942453,0.435589838664585,1.68226301485373,2.64530968561093,3.14079403651746,0.507097493410917,1.66627048678324,4.15583953326593,-1.35589741905746,-2.22333721443855,-3.65233345224273,-2.25894655958878,-1.00500504217842,-1.9096062448348,-2.64864815308148,-2.73700757845065,1.47880693208212,0.48126757399784,0.478479466845651
-0.348339803475406,1.38824874420855,1.04060424108008,-1.7425799624335,0.925665979175535,1.69809974034011,-1.08969256005121,-0.00015823367665746,1.04608968478442,-2.18830688408056,-2.23919433640461,0.197192212907421,-1.8105862508879,-0.080650621496905,-2.47462798463036,3.23043205561305,2.61715603620838,3.39070211848898,1.50565121883401,3.07792398209605,0.947500880341851,1.68945093338705,1.54919489698236,1.11739764723955,-1.47258488370151,2.28546504198666,0.781445492538938,1.55204374200337,1.65318879877474,0.29250850124075,-0.399929913282382,-2.03609921796652,1.68597639855096,2.75246104238402,1.9499236020552,-0.90575066742228,0.758131511843535,-3.009823275555,-2.32063403553946,-2.1759709206272,-0.228536917470452,0.180693344316056,-0.737085625045405,-3.2171148716867,0.0111131880645041,-2.87717509966632,-0.661707535858631,-0.929741851330141,-1.17614761353879,-1.41531534407269,-1.40278801246695,0.343359667126904,-0.18654226696971,-0.819658684066996,1.60139158073899,2.80296766032911,1.833630131517,-0.438846214148127,-2.22088768213977,-1.73518207902958,-1.61001090964748,-2.12844967916856,-1.66447348678693,-2.28527545283778,-0.275149826698041,-2.31977576736205,0.81294231146929,2.45336274993573,2.80137716561537,3.21220544649934,-0.443463543586971,2.37769001028465,1.62517959230053,-0.920664528618073,1.89216618700587,1.77201869320779,0.384851039046195,2.04353986374562,-2.87025602826631,-2.4768949020508,2.43011884942453,1,0.862383135377442,1.93181398167158,2.15995591679387,2.32194916109145,0.764859798198317,1.65212170006621,2.76815290033173,-0.627605637884755,-0.948818919567914,-2.52353040070843,-1.9879439993668,-0.0155558203921586,-0.465619695832952,-2.35304172055832,-1.19628396527103,0.605343624138008,-0.0974051171125688,0.185270340794865
0.537670502040036,2.84532383272647,2.32165674017184,0.374557978326032,2.51009475979297,2.57817133266168,0.709714616699932,2.08376478972763,2.50179814196645,0.496997848462988,0.421598453017473,0.885895112439647,0.684919389380344,1.65552435338709,0.340764873849107,0.0446715691418872,-0.108109459438295,0.551448028549786,0.70464094715281,-0.513250217266715,-0.30090335018767,-0.858957697831314,-0.710617330501844,-0.65152086059568,0.591852138613618,1.59464293498544,-1.94881134238429,-1.37329148153323,0.418850112526814,-1.15654576885874,-0.3816673109365,-0.142246359444778,-0.57385474597824,-0.660009666289783,-1.581159298703,-0.532484794570131,-0.00608342840753806,-1.08372978759616,-1.46777499149399,-0.326330757437166,-1.56428233421244,-0.6775062109659,-1.73487524959171,-1.13799598478706,-1.43390417893967,-2.36669942443068,-2.06589975770142,-1.6652403167682,0.115802151000403,-0.244648413074044,0.656324512386361,2.25034139149782,1.07880325862752,2.00124132601935,2.860092976636,2.35207923305689,2.61886360835446,2.07847288310457,0.957482175655199,1.05443977379648,1.21477719644636,-0.320113256119975,1.03270577204738,-0.12766350644224,1.01219316502188,-0.576554774503626,0.470215749801879,1.04961115136162,1.22752663234352,1.59321740955034,-0.91626197849637,1.05588371753651,0.495543296380956,0.801908625273833,1.46052373552342,1.7708064049852,0.491535312180076,0.80768449788372,-1.51865437262354,-1.37946624339991,0.435589838664585,0.862383135377442,1,0.537471769723925,-0.262306326915899,1.00199094633285,0.861163970422647,0.452325995483955,1.79907698167079,-0.357323450405864,-0.631962255163818,-0.250396302998179,0.135950298981068,-0.549536837955618,-0.573292166057499,-0.437709670357165,-1.20595858411162,-0.256031684921429,0.679925521567773,1.45565817943063
0.49197777296711,3.18636161079752,1.85038920698829,-1.4566132427351,1.81367179662048,2.91803830922303,-0.345742102631614,1.34970734023674,1.64353430883434,-2.08953484252446,-1.91678138091949,-0.0290172404458531,-0.974202266370397,1.38843859887428,-1.72573310874326,2.98279045703307,2.01734303504095,3.27944712929976,2.07956710703199,2.81460590162903,0.783859472784602,0.532669737098443,1.36601196029995,0.00898353819055475,-1.91086134613809,2.10557660645145,0.208228184774331,0.55307447645057,1.78159147603192,-0.851739342773928,-0.929393404774863,-1.49281128963209,1.05663604146858,1.57327751788734,0.580013286223546,-0.731743367905617,-0.0281172354311363,-2.5785126238976,-2.95847780051512,-2.28122860366836,-0.30933651396167,-0.343591955610212,-1.64521054017132,-2.84758174424889,-0.340486930130949,-3.18720078660991,-1.51328123640853,-0.897942656983482,-0.69380548525871,-0.820778300094268,-0.900800835629068,1.30217143309676,0.275798049432622,0.43819481072007,2.28108238650709,3.38661349940277,3.17574492613186,0.262748042724525,-1.84457778614561,-1.00308749982955,-1.09795646707949,-1.27696178102245,-1.03709779591356,-1.88420971789798,0.0508147815648646,-2.12864801399139,1.21648283798595,2.58719164537309,2.63217757156255,3.32464656876627,-0.42598524573647,1.94349505164548,2.00414443941366,-0.555325654478131,1.80086769366664,1.58605576870775,0.502294380763019,1.61989126479637,-3.38068363708373,-3.08281120378047,1.68226301485373,1.93181398167158,0.537471769723925,1,1.53156863064563,2.51209332046597,0.422466483595678,1.28257974449536,3.06822555950651,-0.274301212603779,-1.05537379119666,-2.32482626000242,-2.02874305731357,-0.336369528938668,-1.10998685185423,-1.5994904981825,-1.51943139805825,1.01873323090552,0.436850317145605,1.02779540629037
0.627836315497337,2.41916020345445,1.87690921204339,-1.35697325073822,2.17881735390939,2.08310445971574,-2.26972735865494,0.506837310227846,1.8363520510034,-1.35136797038417,-2.99559273270769,0.655516917447613,-0.982187162099874,0.117231797545879,-2.33110569769513,4.75132428557095,2.62979375946582,4.84873138106633,1.35379144945267,3.93170686706147,-0.0823019672616847,2.23143996603304,2.19673542466083,0.430797556838496,-2.56383837478378,3.42855430461229,-0.245338108458201,0.911545871154434,1.95850245968921,0.0713523417095518,-0.0972360103615842,-0.946359931501271,2.81972713841895,3.31065943661091,2.18630309429348,-1.56168843437312,0.675328144260109,-3.48816964893405,-2.7013658141019,-3.13929960663977,-0.277148807257566,-0.401355540202885,-0.965186300954385,-4.36620710497883,-1.54519249602687,-4.55157224214712,-1.23961468938002,-1.59027450769912,-1.97667433940762,-1.76194151170936,-0.717859371038862,0.554816112092499,0.44275855941672,-0.26089119325684,1.68817206660315,3.71446196705197,4.29133711449384,-0.369232685309969,-1.44494990505037,-2.02044259968126,-1.23549420204325,-2.11989931759791,-1.82182867612732,-2.43091842222394,-0.331675265010496,-2.54195928429889,0.89991729356875,3.80639715608312,3.67727652690114,4.90069713832682,-0.240081897446012,3.68999090406117,2.76847125920908,-1.11326462570654,2.50431210578959,2.60143260461247,-0.843650319632012,2.6899910366694,-4.03539411200793,-3.57052213144206,2.64530968561093,2.15995591679387,-0.262306326915899,1.53156863064563,1,3.03008264667964,-0.0455371484901776,0.845789321473985,3.89416398233345,-1.37030534454792,-1.77411207001176,-2.6273106923946,-1.61651598693594,-0.780959528095189,-1.5607983664709,-2.81590093519267,-2.75618058601324,0.627971120238702,0.475652252555066,0.666931930944643
-0.651580071565542,1.92889652189738,1.46367244473706,-1.89827898567376,1.70039228788576,2.48424895509397,-1.21706631514598,0.0347241879539542,1.54657306814088,-2.0890225791239,-2.19376384459792,0.754383267756045,-2.02157958446902,0.551099464483427,-2.69624598007254,3.20417979948951,3.26780890208692,3.61098590909453,2.29620895880063,2.77624935365142,1.35155378270735,1.83849275098307,1.46390160184501,0.806807741466595,-1.05311000993881,3.44129544585808,0.834163714661573,2.04418200218035,2.00101477021973,0.397403553404582,-0.778258773463875,-2.96997454099379,1.14631373462869,2.86700976053151,1.63646766499387,-1.16842863392706,1.31833915429207,-3.9521949483224,-3.56485925086856,-2.83653680010868,-1.21321769736385,-0.172338262567022,-1.48305639545555,-3.84756649975787,0.403804927512469,-3.90354594730637,-1.54503270144233,-1.63892680079371,-1.2929043594131,-1.82474091861863,-2.01279456508366,0.721149785302146,0.121561032781333,-0.167026833918826,2.92387983921862,3.21855431356462,2.10504402263435,-0.229802257311051,-1.97748576227164,-1.27244368341143,-0.907685055295613,-2.43583891467553,-1.33970877708674,-2.23797387407671,0.477266607670109,-2.58175027687822,0.890984064491027,3.49906321917678,3.86811281732828,4.11710863480809,-0.156238504524178,3.34789067374144,2.52085575412174,-1.21453036644707,3.02048434511471,2.92178935569518,0.889978784501811,3.01988817717398,-4.00212321275476,-3.70531258034899,3.14079403651746,2.32194916109145,1.00199094633285,2.51209332046597,3.03008264667964,1,1.74522750761716,2.45207450988223,3.57095256043041,-1.19528049588077,-1.61410843306098,-3.32081326029831,-2.20799187186507,-0.460213057467419,-0.990137168657821,-2.842956740032,-2.01985536137532,0.696989485782282,-0.151621353141023,0.414854615975965
0.462481024592467,1.34519036217024,0.447703171322272,-1.31699150864991,-0.407610915590542,0.747334297334181,-0.415405819106953,0.732767201119843,0.00657319982559368,-2.59889624178226,-2.30709989506899,-1.46890371148632,-0.866722181870699,-0.319021964786318,-1.70878871256424,2.79869742442612,0.84093745439857,2.17068570556755,0.137476988726332,3.42029905559725,-0.0688461563754424,0.505663328715977,1.26941876655607,1.28401605924815,-2.88859422336704,-0.575703087061974,0.98966131438433,0.218389449732188,1.13178451892397,-0.640447996174339,0.140240974198966,0.30063485948078,2.76709858772998,1.79841270643914,2.02010731740827,-0.508222094937416,-0.643081144854372,-0.352590666914628,0.137899147441926,-1.03364335908425,2.15045905139104,0.958192502132192,0.889103099516594,-0.929699268139446,-0.135590220824775,-0.0062177830445902,1.37004596150148,0.827181950855795,-0.315746674395181,0.213214517130846,-0.598454016718996,-0.0209545717455409,-0.722893140450793,-1.30459187450747,-0.835341513576232,1.72870418500524,1.54586643845417,-0.52994322744797,-2.96535011866083,-2.37148841345328,-3.06059740449802,-0.557163395010352,-2.01128904354955,-2.33786660481764,-2.01834510096211,-1.69532823103867,0.623190310746184,-0.0172852317767838,0.291723990086745,0.721087869564549,-1.34612325923444,-0.554397841860187,-0.637990250633557,-0.0763808688066657,-0.939549960358516,-1.28204695278607,-0.558012536804332,-0.835561598984686,-0.503057407521519,-0.0303113071126158,0.507097493410917,0.764859798198317,0.861163970422647,0.422466483595678,-0.0455371484901776,1.74522750761716,1,-0.418816089216349,0.622272794520736,1.30933975292148,0.84231995450784,-0.661792457280511,-1.76954714103258,1.31107585749201,0.498195575929964,-0.420000421245353,1.02905626749919,0.671148240921277,0.199605661116294,0.183355167718077
0.392274699438911,2.76661990463414,1.67368916316443,-1.44771951148855,1.64582607738846,2.36537254247692,-0.926852253266002,1.19017005655458,1.33343688299328,-2.00548371707113,-2.15684894085407,-0.260905444888128,-0.822019311917267,0.507340482729294,-2.02578826303829,3.07665218454375,1.6769997086585,2.83995535181373,1.0110089638501,2.72482656173626,0.384860673491028,0.975872793644932,1.18861884398911,0.315984797757605,-2.05970641027353,1.37016589113518,0.0952297012771435,0.506347154187621,1.29316934453815,-0.312321308969073,-0.202704265671545,-0.570843624196108,2.26403026847116,2.14271765344208,1.5085706273183,-0.960445572216387,0.0169192164758403,-1.7532951654649,-1.52878333681961,-1.93965747056522,0.538419069230177,0.370864259358953,-0.604764678271829,-2.40593295709318,-0.74822515005428,-2.24977710808681,-0.331887495293227,-0.438308534199645,-0.813093506720852,-0.615951351124791,-1.23520179689546,0.828000205960493,-0.0417676558786835,-0.0360661831634553,1.51755669160429,3.16502994999487,2.88117311103975,0.15791749589855,-2.09734941108654,-1.5047627523938,-1.72804494319074,-1.20361891744608,-1.29826527624115,-2.24705807308155,-0.844046648374779,-2.09107146546012,0.703804853343837,1.70591730467753,2.02548259465284,2.43912174619542,-1.00834547856911,1.22868230563507,0.733321315090471,-0.57448690795226,0.744405540336641,0.828246315826456,0.0992079253328056,1.02656893705793,-2.32525877625927,-1.76037736538515,1.66627048678324,1.65212170006621,0.452325995483955,1.28257974449536,0.845789321473985,2.45207450988223,-0.418816089216349,1,2.04590021436704,0.143538649271779,-0.353247560443568,-1.54959361801395,-2.01773657892198,0.435913593276145,-0.437369343130251,-1.47450622099865,-0.587710169246831,0.542428023969128,0.162588013414196,0.666482396926705
-1.32985035464003,-0.757092690041372,-0.826632600790981,-2.68158166508566,-0.862740250245038,-0.547734936233585,-3.5172344088322,-2.5249701987322,-1.06717842001629,-3.74778798514965,-4.18671363502427,-0.344741389114791,-3.52329641582436,-1.74221195810932,-4.25964884190881,5.04107361551575,4.44276230152975,4.68948005180571,1.4583911804645,5.27380166523905,1.13237863512229,3.67162312097922,2.65387121743692,2.45302240964539,-3.50369616136391,2.43637852178748,3.13097363074848,4.34019026300793,2.12969625038965,1.76193389941017,0.193863339122497,-2.80538063071937,4.17827710329237,5.73934728403789,5.36174605955747,-1.7980327278571,2.25810469973274,-3.53320001084043,-1.94112087563897,-3.9236697202119,1.4791142308102,1.24309429621249,1.32896535734957,-3.69379441677561,1.23789048631109,-2.05305942121286,1.50677502323336,-0.164170680026765,-1.8810359215638,-1.88015691845135,-3.56406708543548,-2.043324745408,-1.06058487735112,-3.04134579003317,-0.701972644588014,1.43129397456625,0.633854505804311,-3.02958463214785,-4.53871475851035,-4.47924808496183,-3.52891850045602,-3.04522338168073,-3.63685687084358,-3.73066934014088,-1.61131360099875,-3.18840436636143,0.18364408178857,3.37916968016063,3.87678645659845,3.61064684506863,-0.283084530576166,3.3925652110644,1.95779350897499,-2.68005987322804,1.85768616582054,1.47966439363942,-1.20269079412491,2.76204827224632,-3.14852381096086,-3.00527003774783,4.15583953326593,2.76815290033173,1.79907698167079,3.06822555950651,3.89416398233345,3.57095256043041,0.622272794520736,2.04590021436704,1,-0.552349569906878,-0.927520280538289,-3.95146678994492,-2.95638494092465,0.772717795082236,-0.214389968686325,-3.22280978874914,-0.585669473012309,0.819089431810601,-0.60510210596236,-1.0484838262273
-0.154433737092876,1.11705098839721,1.55587817575245,1.34561027353443,1.13333354983416,1.54426592448875,2.50260900604659,1.91048702123035,1.91704344541921,1.69092371709894,2.51009203094247,0.742991929137591,1.45525570168312,1.77947627320293,2.24160945432946,-3.54012365524542,-2.0066179132448,-2.95540535370471,-0.149372642723651,-3.62610808590712,-0.482353686100554,-2.50261471559704,-2.53473775860501,-0.732929886730882,2.74852227168353,-0.148718975169029,-1.94782247690133,-2.16440180466095,-0.673346763915332,-1.2312818815927,-0.337678854290174,0.115170800956056,-2.91321951250322,-3.19564169597408,-3.33483399761003,0.310832147410787,-0.250363329665973,0.739916361973616,-0.043350110190189,1.82836874156285,-2.16147054663055,-0.418151670973764,-1.17277277086841,1.63870783255473,-0.150432185762693,0.378727544565824,-1.51937416082797,-1.20474921420567,1.41170998937293,0.708935253783769,1.39628967390897,2.39634262339012,0.896886999785386,2.59706283728373,2.65238809090757,-0.0503686724734986,-0.26366492922036,2.9443968257579,2.3099590686151,2.80975018035997,2.42458623251304,1.01757504294156,2.58499309049934,1.66628866454704,1.6433917079438,1.15669750656613,-0.108768326824226,-1.34725192561859,-1.02356340140785,-1.48363632813677,-1.09247597488193,-1.14680996392613,-1.30457700553981,1.93333995075216,0.223656610393346,0.502784933378156,1.23239939674331,-0.920921723047107,1.08373545987501,0.773094768774939,-1.35589741905746,-0.627605637884755,-0.357323450405864,-0.274301212603779,-1.37030534454792,-1.19528049588077,1.30933975292148,0.143538649271779,-0.552349569906878,1,0.410402838423112,1.45172156318478,1.42562096719748,-0.0352376601666766,0.538536419398673,1.35622768016473,0.380591683434259,-0.795391861712889,0.422353667655056,1.17568349847343
0.376500015807571,0.971519923215471,1.12517106164839,1.66264577779839,0.691611034609645,1.07462536802069,2.75515670133143,1.89606936560825,1.34432312467452,1.91542200402538,2.81038456491657,0.3940089962322,1.9031669740242,2.10546215434228,2.99045506642857,-3.88370664332345,-2.55014490918418,-3.2190638044871,-0.0874914655859361,-3.7947866120567,-0.646471931834748,-3.0454796351469,-2.37898869309208,-1.39213342311231,2.3568237654971,-0.824598004137088,-1.82211533687606,-2.45563546477377,-0.874494993761453,-1.60352574239733,-0.538441020073747,0.622880623593977,-3.44998833598993,-3.96749047955635,-3.89804835404203,0.748189303348418,-0.794005527766487,1.45907727790493,0.0793278492815803,2.01664778343812,-1.78397400610712,-0.715278105859896,-1.22888971338182,2.34904777762909,-0.0898110508603823,0.954296654938108,-1.54610472090897,-0.638471396742515,1.68514290676261,1.15610472651552,1.95571205128328,2.14727870254171,0.930337605307492,2.72172366513138,1.81360187982781,-0.809651485627117,-0.310501202032082,2.58806311541874,2.62065926455693,3.02899353197722,2.66054359625934,1.76130670685356,2.7712832629812,2.3407083727252,1.69460092154746,1.76400046442543,0.0022828899765559,-1.56316943578718,-1.68594010524617,-1.93638392708537,-0.480824614120441,-1.61634464185509,-0.934317118051733,1.91596260196675,-0.246371051301649,-0.150328712234745,0.873636386578452,-1.39153575025352,1.36379812003886,0.795163428119442,-2.22333721443855,-0.948818919567914,-0.631962255163818,-1.05537379119666,-1.77411207001176,-1.61410843306098,0.84231995450784,-0.353247560443568,-0.927520280538289,0.410402838423112,1,1.73733124766832,1.73172773925511,-0.374079573260757,0.147869257673102,2.08932537938232,0.322844084177764,-0.445550239584248,0.667359223440846,1.18757239131076
0.183860002998912,-1.89384960336961,-1.34626870934172,1.7029330077064,-2.00940711831956,-1.77239139075628,2.7232619335931,0.258101318564146,-1.44287450414747,1.74312509687885,3.13999418086006,-0.890079307334324,1.79243332536935,0.333623521495921,3.22926047086942,-4.86630311278595,-3.49521588260781,-4.89735512310813,-1.5538851830091,-4.12051513053603,-0.539916548253658,-2.88460596712832,-2.17182843533746,-1.02859738233948,2.17641342801495,-3.80584853328611,-0.311329310164195,-1.89185996471402,-2.01960173518514,-0.705693445430006,0.0514255814091901,1.72413171905217,-3.15621894203574,-4.21374687933056,-2.92578153254197,1.79503789255405,-1.41502394895034,3.90373552973773,2.75659950395579,3.4600000897929,0.350032970111719,0.156890327978824,0.753755075063425,4.70855641876247,1.00596331294065,4.59122217269563,0.951737227851661,1.72881787388588,2.10147521807998,2.10726388735384,1.80552132566278,-0.0433592244676539,-0.276996172962665,0.823461744475727,-1.70802626045007,-3.62929543636012,-3.41535395829116,0.841982471517494,1.99947078484158,2.40404733286697,1.46995234933857,2.78678071829767,2.14616197044971,2.95154988381906,0.310055574696891,2.97145486341932,-0.614217814540005,-4.05125721900683,-4.29684733793618,-5.01516973250583,0.261413703748527,-4.12195507542099,-2.6083406271495,1.62856104529155,-2.94435428800245,-3.05905691159411,0.551967242966242,-3.30861775858198,4.25643071203223,3.6363717228154,-3.65233345224273,-2.52353040070843,-0.250396302998179,-2.32482626000242,-2.6273106923946,-3.32081326029831,-0.661792457280511,-1.54959361801395,-3.95146678994492,1.45172156318478,1.73733124766832,1,1.99047810551109,0.525419101999476,1.22198140458456,3.42937443962397,2.50635225690709,-0.398094983724062,-0.0268308447661967,-0.283369195355912
0.062330559263197,-2.92952301921191,-2.71894512599607,0.884827806934624,-3.27575432487282,-3.26357756891931,0.753206633311864,-1.23570982320868,-2.69678261097888,0.411711503210692,0.709451388969155,-1.3947422912727,0.579936838451433,-1.18674637770648,1.13991347370079,-1.49781473548167,-1.72879487678194,-2.10711939688648,-1.52400850805565,-0.144273795109549,-0.644986997751994,-0.788238722901849,-0.144533965027775,0.821370710404726,-0.34269202765755,-3.15505408267856,1.24433223741103,-0.625481138340736,-0.798485235049642,-0.21418320868189,0.430189303157772,1.77585109461636,-0.0725292679683409,-1.3395024923658,-0.0139944597459041,1.08263722614501,-1.00640112693487,2.9134603970564,2.96854399463898,1.82656099580138,2.10794630112367,0.258366497361676,2.1936405054942,3.04889976797939,1.11774084591363,3.91817295949402,2.47145488378856,2.09283983553282,0.90086590667611,1.45582632311684,1.09316447531343,-1.8358511996437,-0.78553653040304,-1.60406893719666,-4.12718088524637,-3.40421876874542,-2.92495529993238,-1.3646894335627,0.00284572626010871,-0.325619546105923,-0.870332549668279,1.6912626060385,-0.431574491836749,0.905650939758647,-1.14684614585195,1.49538878395157,-0.446685578679886,-2.83600247869845,-3.1450685937532,-3.25126230609016,0.504653365783586,-2.95425160355672,-1.92451242595873,0.654243516898141,-2.61976532801395,-3.26295225110436,-0.853302708460371,-2.91208056082962,3.19207403539473,3.06991671392152,-2.25894655958878,-1.9879439993668,0.135950298981068,-2.02874305731357,-1.61651598693594,-2.20799187186507,-1.76954714103258,-2.01773657892198,-2.95638494092465,1.42562096719748,1.73172773925511,1.99047810551109,1,0.759967983308752,1.10734643987787,2.10241304048969,2.12215864521571,0.0203396747306694,-0.105939524921216,-0.991867665611483
0.568429753879044,2.7223186978703,1.9933137532511,0.963291318614309,2.12989051290466,2.67255884479918,2.45376826476426,2.51428550238407,2.21691216452094,1.19155821133098,2.07688721394923,0.762921492579645,1.33784005740377,2.65154472809206,1.73606060496816,-2.23429441047996,-1.24500257532944,-1.41358156227548,1.00026629299183,-2.44907480451536,0.104796591338837,-2.42342880237242,-1.58827299040501,-1.49963170887144,1.97010159396271,0.562007472218539,-2.01089432770516,-2.13790779018231,-0.119438455848763,-1.80637663206037,-1.05053200100884,-0.21423153074235,-2.98148165526899,-2.98496321704675,-3.75301599465482,0.47656262092158,-0.720600427845318,-0.0209738359604027,-1.49913978879237,0.93417121863518,-2.23155384371336,-1.21211551688711,-2.48554370798309,0.510400972161939,-0.553482905938393,-1.19186271176665,-2.71889370976947,-1.28218412950144,1.12605534346541,0.498453739720682,1.314743595201,2.71452162856515,1.2136523432487,2.92009142052502,3.14748499986177,1.24249974380634,1.28203935176784,2.66343320089197,2.04485468265432,2.79170534486243,2.43720600522289,0.833704799067884,2.29233205532563,1.38234893032495,1.94428608946252,0.598352549269079,0.586333896308865,-0.0622654191785195,-0.0935844454957355,0.0490084548211558,-0.285686552301722,-0.323372584990257,0.232802933198426,1.45941328978135,1.01790972678634,1.10711990596697,1.56948228372321,-0.0971997078390409,-0.634117604973746,-0.783479577867664,-1.00500504217842,-0.0155558203921586,-0.549536837955618,-0.336369528938668,-0.780959528095189,-0.460213057467419,1.31107585749201,0.435913593276145,0.772717795082236,-0.0352376601666766,-0.374079573260757,0.525419101999476,0.759967983308752,1,-0.562454178838757,0.871480987905833,-0.800394675085275,-0.0827054785158434,0.677298791477092,1.63179883980712
0.81323091385116,2.23490269689376,1.4684574823959,1.34108526726456,1.32747139184353,1.89106725876168,2.62529825005614,2.45465307882122,1.50306487987579,1.35794655533962,2.19277239137175,0.200647586146385,1.84445122997382,2.63681660603789,2.37637295070217,-2.73679747802806,-2.02643785729159,-2.1883459992958,0.518632454204894,-2.63325800533322,-0.413950522090244,-2.94065320382783,-1.75745918548172,-1.59081686672203,1.47929099425192,-0.474724448923674,-1.6945146651842,-2.49290931154286,-0.295370364087249,-2.09252341517121,-0.834745394534393,0.660391956886147,-2.87790852787181,-3.59561018362093,-3.84817338282573,0.627663529145551,-1.10147064161848,1.08941752409763,-0.636802316707489,1.30162994118563,-1.47916946283726,-1.05558894486821,-1.7288718466516,1.70553280184366,-0.205055527237673,0.138153231484804,-1.93037730254289,-0.605306846462733,1.5010741660775,1.16753147202735,1.67437560544157,2.32910025563012,1.05970326294728,2.8490989756106,1.98916825444049,0.131020294092277,0.818584432730323,2.41400061185628,2.06583939056104,2.73208153615183,2.23578553381777,1.71861943883954,2.31770829405495,1.77477473045556,1.48894303756636,1.16121455485009,0.385620011360682,-0.900496390235682,-1.11414674183975,-1.02788067581361,-0.287327838655984,-1.37572635166499,-0.335581662496805,1.70993198631286,0.0181204691485255,-0.0434515525307086,1.00117891919522,-1.20641249443618,0.343364433244673,-0.0243631946354526,-1.9096062448348,-0.465619695832952,-0.573292166057499,-1.10998685185423,-1.5607983664709,-0.990137168657821,0.498195575929964,-0.437369343130251,-0.214389968686325,0.538536419398673,0.147869257673102,1.22198140458456,1.10734643987787,-0.562454178838757,1,1.84363189865448,-0.131134302458534,0.0206781401772005,0.815663116585857,1.55768630091759
-0.270750008565037,-1.05560057667935,-0.521104337550291,1.78069737585082,-0.916843464569768,-0.866578311165328,2.61194711779471,0.924460656051653,-0.0755870889758999,2.11133044601543,2.99306529735769,-0.111099694659573,1.80972547163945,0.124651557303786,2.38384270566058,-4.33733692211047,-3.16847338731976,-4.52601071070125,-1.90637678329323,-3.77523892943901,-0.700390723647013,-2.37809565913874,-2.58154456314781,0.0204552182118696,2.92856830252872,-2.74061678431824,-1.44488305830182,-2.65597741535811,-1.78645740696519,-0.725858818829416,0.323838465674548,1.86428975450618,-2.14233517174255,-3.51049203567146,-2.7464689109157,1.13368001777942,-1.05932645211475,3.20690363717182,3.05936055903392,3.5203447614758,-0.251903557168837,0.0758907327433103,0.643543003579455,3.57623498394921,-0.074281168910297,3.30989582350876,0.770788428445797,0.553794652913443,1.74217667544026,1.60003333505251,1.74028872486849,0.75567203534325,0.123046453329052,0.963425281578307,-0.535114305625338,-1.97649277116496,-2.54676482437545,1.9047981949022,2.27250204386375,2.43394724969411,1.42670370481369,1.88656756747551,2.07860528633285,1.88307423441007,0.399056931060117,2.06416186559671,-0.695155659219113,-3.90615085220686,-3.4977648327151,-4.1693000820628,-0.938475071656009,-3.5719700062531,-3.56487302494686,2.21157837594997,-2.19717972709005,-2.03774137603792,0.941623369000771,-2.98673911115016,3.84492459520786,4.05947196882562,-2.64864815308148,-2.35304172055832,-0.437709670357165,-1.5994904981825,-2.81590093519267,-2.842956740032,-0.420000421245353,-1.47450622099865,-3.22280978874914,1.35622768016473,2.08932537938232,3.42937443962397,2.10241304048969,0.871480987905833,1.84363189865448,1,2.35487950859571,-1.25501276474276,-0.103976865208985,0.0835250215849261
0.911526065248808,3.19085715944341,2.7149299751716,2.23322124712714,2.65889659278032,3.14904767491814,4.03696670058048,3.88425859089135,3.06904655975581,2.95242074838387,3.87269262086973,0.990107044082645,3.04791719930403,3.45142549917013,3.60213549462504,-4.66848929431393,-3.36663887556898,-3.87316762928549,0.0855142779175848,-5.02435221687253,-0.699469438858087,-4.10888620031531,-3.18335470553764,-2.23109050760891,3.67838362849641,-0.373022128153409,-3.52106004135328,-4.24698795268107,-0.928840797468425,-2.60235933969205,-0.859528130487661,1.16534049121045,-4.50392593612959,-5.50068113038177,-5.99893400170105,0.913755274947582,-1.48477022647072,1.55774330105642,-0.393494068517277,2.71865808272507,-3.02991020693873,-1.49588164170942,-2.7226309723799,2.29915768583056,-0.978434006883792,-0.129821381844734,-3.12327168029267,-1.50403313320568,2.031536772716,1.38499890589439,2.76737694211731,3.91282057541137,1.72106479438948,4.51452732349514,3.87895257721578,0.685448107551824,1.01391567259958,4.48354193522615,4.05316758807186,4.83603830078827,3.96118116059039,2.21113618168007,4.02254377689913,2.83781822603286,2.53577198318622,1.88702205665287,0.300725359605775,-1.79619516638126,-1.79489089149865,-1.73855306860857,-0.793542379604939,-2.01286568804046,-1.23316919980963,2.9827959499424,0.127943170794246,0.492642508105954,2.09668879544415,-1.58544709993961,1.00421000811021,0.830989486212264,-2.73700757845065,-1.19628396527103,-1.20595858411162,-1.51943139805825,-2.75618058601324,-2.01985536137532,1.02905626749919,-0.587710169246831,-0.585669473012309,0.380591683434259,0.322844084177764,2.50635225690709,2.12215864521571,-0.800394675085275,-0.131134302458534,2.35487950859571,1,-0.720710516900456,0.927048424007342,2.24936702032023
-0.575921824955164,0.0957025019358416,0.475494277392119,-0.0521166018483402,1.04557199482826,0.282099793391205,-1.12296495500058,-0.326364594939896,0.754528430191691,0.491002866784749,-0.32510813987476,1.03452656812647,-0.294844855853591,-0.497526805323508,-0.847648529770812,0.645745212157519,0.848625079028336,0.616217706928242,-0.144252145427903,-0.00515380230270934,-0.0241430814281678,1.1369366602433,-0.112702200555387,0.375042087191348,0.58164781178292,1.5052943167434,-0.652585457759163,0.451097863711669,0.061098502067862,0.820859596101648,0.41291469401243,-0.347241688134765,0.902730007636727,1.30682646454015,0.817815619725467,-0.826310098947683,1.02095587473653,-1.03655227739685,-0.202932259198917,-0.638933984212184,-0.772904795085184,0.026911318399171,-0.0484428454011015,-1.33545899471637,-0.737257623689489,-1.42449625506252,-0.276688167881833,-1.09762625648295,-0.715525749016413,-0.879394648474731,-0.711396449011194,0.0423881047657934,0.333910425755342,0.0657861424675272,0.975263918961987,0.887023279088777,0.572362482786441,0.229062361194923,0.337052768166408,-0.212561814321225,0.369973167035637,-1.04184532804925,-0.0598643584815499,-0.624976230843773,0.290250792260133,-0.631722406031328,-0.405241144921686,1.00108880271261,1.38087241283259,1.18398333799768,-0.380453040851541,1.50180979767479,0.139175255263271,-0.396292914910653,1.11725171002497,1.56396162822633,-0.119340649501631,1.325422625731,-0.818486312440636,-0.481353581217928,1.47880693208212,0.605343624138008,-0.256031684921429,1.01873323090552,0.627971120238702,0.696989485782282,0.671148240921277,0.542428023969128,0.819089431810601,-0.795391861712889,-0.445550239584248,-0.398094983724062,0.0203396747306694,-0.0827054785158434,0.0206781401772005,-1.25501276474276,-0.720710516900456,1,-0.250064278550416,-0.0490462808265581
-0.923432524621778,-1.25851964756899,-1.08553641972696,-0.185056194220157,-1.17796769700767,-1.0469954585241,-0.158891264775043,-0.961754462545533,-0.88999537015789,-0.458024863479583,-0.171171226478403,-0.166504358893922,-0.704618829534421,-0.696842419855998,-0.672515997199064,-0.197149806972614,0.430220681260607,-0.454878638741653,-0.204060935712966,0.359480911003359,0.299472198359359,0.413857024714291,-0.142193486652667,1.20171243607454,0.110492247935139,-0.339573773313699,0.942367641583411,0.717313272697825,0.0679300657914909,0.43909803765673,0.139626394505393,-0.421570152704335,0.533792146762236,0.624944093084343,0.852251488889491,-0.118215903519064,0.52075109011651,0.149150504240142,0.698590898170834,0.0908002232100611,0.46957569077465,0.401662432529181,0.966555022468007,0.384529985452339,0.910771634779398,0.975631618168738,1.10276143244404,0.256079494221563,0.12099068626576,0.00409277954139881,-0.796263413835485,-0.800507594093915,-0.396056556083856,-0.971772206046667,-0.873654322091116,-0.831324189802673,-1.52897864624168,-0.645536002332876,-0.752604000556205,-0.632226532479641,-0.693474135832131,-0.283225724339369,-0.563980079604064,-0.547508383970089,-0.350174642361355,-0.253128723146589,-0.335914767763941,-0.509601404795895,-0.116542336487451,-0.660461362103307,-0.292303423807242,-0.367228395731334,-0.870416543927702,-0.123130063917894,-0.19139727220639,-0.41736088122886,0.0388107988770318,-0.342213734819405,0.588197019837853,0.747854334038729,0.48126757399784,-0.0974051171125688,0.679925521567773,0.436850317145605,0.475652252555066,-0.151621353141023,0.199605661116294,0.162588013414196,-0.60510210596236,0.422353667655056,0.667359223440846,-0.0268308447661967,-0.105939524921216,0.677298791477092,0.815663116585857,-0.103976865208985,0.927048424007342,-0.250064278550416,1,-0.551455542457786
-1.10859680103138,-1.41088579501634,-1.02674250239389,-0.918349154048205,-1.83833424277117,-0.998071941423692,0.0441913838603033,-1.03384629532528,-1.18158722310408,-1.93978898460335,-0.573592313909359,-1.00867635927219,-1.47797672348134,-1.07062677760093,-1.005281771934,-0.205638082832042,0.541287435493387,-0.500882341142188,-0.28343609192585,0.618006011806084,0.616046534919217,0.248410530512217,-0.189703310004959,1.55122064035777,-0.448884034435334,-1.31550785943615,1.65517341425787,1.41684871930801,-0.0537630255813757,0.610961131809156,0.269564579241152,-0.922558643700499,0.813697216012095,1.07201633450752,1.70401544081092,-0.0194761692573592,0.546571055773356,0.333127654398186,0.966733346798011,0.201893028424521,1.30950951104974,1.52679505099831,1.48310169547486,0.775315005389356,1.39152739916424,2.0332057498324,1.92054105979433,1.01894715214401,0.462145334076382,0.270070439738421,-1.35271064593494,-0.847063288984439,-1.10313852321217,-1.60197133334088,-1.052236996426,-0.801662902588818,-2.12267651333699,-0.769435526454194,-2.279787813576,-1.47839845786019,-1.90463507493468,-0.543506383755781,-0.957254769450319,-1.0541675454578,-1.15012778316805,-0.48961602514364,-0.285303069721622,-1.22223330255918,-0.524323300303233,-1.48440440153388,-1.05823505728742,-1.09703871821945,-1.60809711369004,-0.270324701188859,-1.08174865072415,-1.28152994610294,0.0855509328398785,-0.717353469376172,1.28430786555114,1.2053430959982,0.478479466845651,0.185270340794865,1.45565817943063,1.02779540629037,0.666931930944643,0.414854615975965,0.183355167718077,0.666482396926705,-1.0484838262273,1.17568349847343,1.18757239131076,-0.283369195355912,-0.991867665611483,1.63179883980712,1.55768630091759,0.0835250215849261,2.24936702032023,-0.0490462808265581,-0.551455542457786,1
