1,-0.0572127068967623,-0.15893724839064,0.480768578768948,-0.0980596092223593,-0.508817111910081,0.150670080403706,-0.429635288446704,-0.346560063413381,0.254266189380195,0.0989091165892914,0.309324318854286,0.200419996359835,-0.0764517968097673,-0.302587278375548,-0.153802865060508,0.51512611491671,-0.381572153251812,0.146094051158797,-0.145784494658938,0.356023170427944,0.341178527879279,0.0709495739478235,0.633901532447835,0.327223695715145,-0.0560881637808365,0.28438839305246,-0.33091805992009,0.104724037524164,0.37841978011217,0.666469181100099,0.193434704778252,0.837598013231802,0.0388533058731203,0.263599105799973,0.313221036568886,0.17502133919537,0.220700570903735,0.251951557271426,0.610620629338972,0.297358897884972,0.319351358118519,0.381094517802741,-0.147051009636909,0.247255823257052,0.130836316419621,0.330714360099101,-0.0260846584120047,-0.228548799077408,-0.140865012915172,-0.691460484039574,-0.348083183775978,-0.215060071671015,0.023806576896162,-0.313232988581755,-0.276236756433027,-0.678100047699492,-0.39332531472036,-0.13297865838664,0.463174992860093,-0.514944964367373,-0.561108495479151,-0.751034114369094,-0.62419628604972,0.202396956040578,-0.292898686830445,0.241065738200731,-0.166510331309273,-0.0956184523738878,-0.382248825502571,0.325536095591993,-0.0788235106809184,-0.301210869473672,0.0883275379480553,0.0607053181184529,-0.0806653335052896,0.28842211902064,-0.139833132934154,0.0809617171919792,0.212048958379627,0.290103292014839,-0.0611196189148192,0.209161831219471,-0.118623901114801,0.502961716824587,-0.0508489678507038,0.369631938053807,-0.0468653352676739,-0.319134313349296,0.129601520323955,0.0939000692459637,-0.063624540572959,0.478215972465371,0.236506538495381,0.118405591132795,0.0923082376555901,0.287069131239135,-0.115346173711822,-0.0567076449028819,-0.1997615105456
-0.0572127068967623,1,0.378996510217765,-0.0653190739785109,0.349498903276613,0.363807077394581,-0.400090567877467,-0.0825460345129159,0.161826118010915,-0.280431602427956,-0.63348673889886,-0.0431675566381864,-0.660275828949988,-0.543377550217888,-0.416830964316582,0.106237129853226,0.0554157381755149,0.420946755589448,0.0726808438628896,0.309499178626749,0.0761015701035211,0.344926201809398,0.168350975276748,-0.222838090586433,0.151396996540748,0.131642207266951,0.262550616554701,0.514036986774798,-0.215491961440943,-0.312888808829973,-0.462012896994451,0.268665329868262,0.227866285039364,0.623938485371309,0.252813925768952,-0.0676321566535226,0.031315104500758,-0.0922752573573902,-0.35618729574711,0.080274394081459,-0.166561602336624,-0.231762958314154,-0.125286926611011,-0.310158072879129,0.151199370814017,-0.476214835896483,-0.350846004883171,-0.28202943073546,0.0224124946349558,-0.373281268741921,0.151673718541305,0.0306686822188652,-0.184284781738228,0.139289078242037,0.457239994535684,0.264492928099364,-0.000279417558658235,0.128768250124446,-0.702424500637481,-0.497178161364141,-0.357966898424358,-0.468578992916746,-0.588136731272216,-0.538362439574964,-0.312761299700605,-0.817319985691642,0.196292732854852,0.246025405415009,0.738854106128514,0.522489338097965,-0.0389642417639649,0.119250094474292,0.272217356100727,0.0355474949821905,-0.417915873190604,-0.162743120199078,-0.539202834802703,-0.29190458528072,-0.101231621483383,-0.130515361202874,0.10486014680953,0.550500271599212,0.12792566899006,0.565799607467933,-0.0136364593848042,0.341272491924976,0.403450319138683,-0.0756517144000904,0.322650919953429,-0.401373144634492,-0.446487122881689,-0.504957779710729,-0.656410925758865,-0.115943692651246,-0.195963512461792,-0.546545723788906,-0.495517074528313,0.0925572480834751,-0.208251494901052,-0.290353393245323
-0.15893724839064,0.378996510217765,1,-0.0772173119284132,0.393260623867403,0.42164394055855,-0.443280129320883,0.105012206237778,0.0857443139249434,-0.244016815588196,-0.427248203497449,0.00389328542636852,-0.571589093022975,-0.20032032277005,-0.43964019644971,0.0724735870555136,-0.00945864879846048,0.241560693810527,0.128662028716298,0.154784662650551,0.0421671110086017,0.122150364668661,0.0915215859525368,-0.354303752914647,0.106105676721958,0.155016574198287,0.377359204653567,0.371248288742275,-0.0996514083373451,-0.48040139541587,-0.668184833207144,0.35404976378613,-0.124413853685227,0.372491832719767,0.0372266721008872,-0.124242594193315,-0.0806183617062726,0.161328594955524,-0.396914001349266,-0.354204286775971,-0.0736273479690089,-0.471322776961722,-0.0275955786064206,-0.149632006793545,0.400417265069859,-0.138867412320479,-0.233928741599742,-0.240235369471705,0.121814620377005,-0.256800329727636,0.12078332613144,0.00571677344326804,0.00268362251574505,0.184107663878762,0.447041650104691,0.141842951354062,0.103290780415328,0.183887482928194,-0.506583003654813,-0.313788052617209,-0.0968964968448473,-0.215928689678701,-0.252125670183877,-0.136331695847624,-0.362412192078269,-0.541578328513806,-0.457920902036861,0.353255743370575,0.526385721483056,0.330515478931544,0.00411878679564412,0.0876544499720011,0.186510218313764,-0.311434982602283,-0.374704905483372,-0.028535867020923,-0.30162048941838,-0.102523815828511,-0.38050840143164,-0.308059400961098,-0.0225766056204863,0.189382324324389,0.0659654566141973,0.149025179926592,-0.0349940855201613,-0.00821788893345232,0.0587641890626811,-0.0931194871109435,-0.168632243177772,-0.406906776186037,-0.373981275901887,-0.433309553428556,-0.802191678230529,-0.184647950998811,-0.181082342603598,-0.453038041814547,-0.428300578802189,-0.243222606791511,-0.428423911166561,-0.481337843705628
0.480768578768948,-0.0653190739785109,-0.0772173119284132,1,0.136374659892261,0.214077354556494,-0.423126529823372,-0.704366977971597,-0.224366758945671,-0.446622597592458,-0.191619444614904,-0.565793716784028,-0.184688565493929,-0.61694287204278,-0.475681101354636,-0.209339255890779,-0.0428322407219814,-0.203622607607844,-0.185905222500601,-0.0668576833963343,-0.0747825243946588,0.0312091292303194,-0.195743590479441,-0.239723907314176,-0.445567461830506,-0.426442143954512,-0.367401432665682,-0.070971813731361,-0.053798933820234,-0.195374790433119,-0.071875557089219,0.032553334271426,0.329079796794855,0.0746989254604603,-0.189603093369705,0.409368785937624,-0.0984561272202773,0.0170168693049787,0.0217814163817988,0.43025177761038,-0.0129882617413594,0.543397517649823,-0.483824049888606,-0.148946910762073,-0.557914415657961,-0.320978004003979,-0.327345381151464,-0.138540791216221,0.0565325734442239,0.057512277708809,0.481482648160739,0.0500066454429605,-0.554171698924896,0.279191914239703,0.0701406761835939,0.483608039699089,-0.559377772742033,-0.511350485003722,-0.49330002943962,0.0761838019251127,-0.872259285295315,-0.465355691848584,-0.684852576130921,-0.382077334856902,-0.325394803069562,-0.427883180368078,0.905135621187938,-0.0157768685258364,0.424594010897479,-0.0768949248679572,-0.147285627476166,0.187708625001732,-0.096603501077368,0.920114747348969,-0.509800326143457,-0.483392352664133,-0.24892308235397,-0.471681420458835,0.435174176576041,0.927833259491035,-0.0860351215588981,0.796823044848292,0.113403824659921,0.636761372664893,0.0753086923435287,0.841042532360935,0.303845570361281,0.150967118961769,0.556512350630162,0.32983455065959,0.57597824102211,0.603547629051907,0.3187605194,0.515404618968626,-0.378122520022221,0.261898716046332,0.00688509490458536,0.781700802516875,0.463592185382527,0.658348154701617
-0.0980596092223593,0.349498903276613,0.393260623867403,0.136374659892261,1,0.244831347780637,-0.192033929706163,0.0823789988542381,0.209972059838628,-0.811445455816585,-0.564768175330255,-0.630535052399347,-0.781362815002095,-0.712325864582107,-0.676671247541776,0.210544953680513,-0.436541286134477,0.0813100363780187,-0.392058445388591,0.0824529029354881,-0.223497634111476,-0.200391104241353,-0.173169012509895,-0.213753788406844,-0.467755546075124,-0.364683670022206,0.10205309693319,0.365169079639733,-0.403893565926045,-0.149912715191136,-0.289992419895423,0.274227280437482,0.220699246187583,0.268386790752663,0.0861734293137225,0.293687055256274,-0.221131813469082,0.1884228947315,-0.223300405098673,0.200434526657992,0.209014786560517,-0.157896595810346,-0.0726353240813505,-0.0748231207906912,-0.00627804704936713,-0.103268025844537,-0.203803145850312,-0.125687027668718,0.0679211244404513,-0.107697441233888,0.349085874712077,0.38970324865989,-0.23678380223954,0.271835260502239,0.034568866083766,0.29156633700686,-0.0480250716457044,-0.0289835370164535,-0.836649323018492,-0.362194115224117,-0.869432229355012,-0.525462426601645,-0.72780077864147,-0.658087737345392,-0.656095084800097,-0.728967436730513,0.243845440407695,-0.169710944136669,0.153216596865996,-0.199659208781153,-0.305021943831012,-0.114904346071281,-0.0673805870149427,0.518578481188141,-0.927797532711311,-0.57995415936204,-0.44392855723523,-0.669114703809892,0.41866911974646,0.423341394224141,-0.414449461212081,0.527491213845978,0.263602644585148,0.428914685003816,-0.24157965632016,0.663832573190534,0.265948516128913,-0.224600738420097,0.037233613455085,0.193174894393582,0.00932955606874142,0.129874511842411,-0.213612482667961,0.488739272364191,-0.112443587411448,-0.212257269346683,-0.0597112442270558,0.208212143991451,-0.0235039235737214,-0.0277404165102247
-0.508817111910081,0.363807077394581,0.42164394055855,0.214077354556494,0.244831347780637,1,-0.469348677217628,0.169515488862805,0.0484502457012513,-0.638915843360146,-0.452825857833792,-0.207519700242341,-0.826018781387811,-0.727322813682167,-0.516115312957178,-0.107988162328763,-0.239418783170379,0.00657702225997003,-0.423776183089979,-0.354414993471868,-0.497219563738699,-0.0957218544602036,-0.374765906612409,-0.100210379300478,-0.111728612120658,-0.179727739281156,-0.301503422626735,0.167109133840416,-0.582559967185417,-0.457442855492354,-0.321736865815703,0.216072063623839,0.115082731947961,0.274622005160887,0.0825411273680494,-0.32550710085149,-0.430487893018718,0.0882012318295172,-0.242369374109784,0.0558813682016655,-0.143960508353183,-0.0960173729207638,0.0774782554005524,-0.253856001852781,-0.157535284285446,-0.0011837409195174,-0.137357550303535,-0.40238760736833,-0.167847987450852,-0.519039932644181,0.146156353128653,0.361094028514902,-0.289086517105688,0.447599989699475,0.318337730273008,-0.0175214832264962,0.167413759343789,0.323399059830429,-0.525199507303858,-0.592314113984945,-0.387988393330355,-0.297207866986158,-0.540887589386886,-0.602677404230648,-0.734042570335711,-0.524979626893695,-0.274948115357804,-0.167100208229748,0.333841870059,-0.202901594327334,-0.514814951419112,0.382234389682993,-0.391078440860507,0.533122501320614,-0.435467357071974,0.0153663841887538,-0.334325692829929,-0.294440400361424,0.525180072762307,0.515049684038655,-0.0708714533265428,0.406707692135472,0.292024422127713,0.692898508753577,-0.15450753838814,0.713004807608432,0.151861336655428,0.0464820461549303,-0.172568154602243,0.313976222451128,0.289467075760952,0.135271800947613,-0.163847954071041,0.613465194616087,0.341140521934825,-0.447944330774434,0.235424228191157,-0.240410036917503,-0.51799021675174,-0.430400267511605
0.150670080403706,-0.400090567877467,-0.443280129320883,-0.423126529823372,-0.192033929706163,-0.469348677217628,1,-0.34827946437745,-0.427595446936046,0.301480819165754,0.125269249107952,0.773436833343695,0.54738721912918,0.768726424530299,0.0543981800792878,-0.0469966538287755,0.983306467918138,0.194317892914625,0.989847564169991,0.415428458522646,0.928543236068222,0.667826396556705,0.367192752608546,0.545985680574939,0.327868896834333,0.175101042156129,0.493422842447268,-0.00465576076998561,0.499485922264972,0.398504247028697,0.290324846851488,-0.21726455893962,0.455186533201039,0.430412864101043,0.29407448122651,-0.213052833619121,0.473106945001014,0.10400847831048,0.313296983281141,-0.134161869179851,0.0523202468330455,0.379717855579863,0.277613957118452,-0.0109791508353975,0.427969266247993,0.0483517127553201,0.162817243534629,0.208771460521505,-0.0729818771245344,0.0488104912784798,-0.962131909610227,-0.637573316107381,-0.17809090158477,-0.690036653294175,-0.277419024095714,-0.787623586891389,-0.403649805720016,-0.262190272764036,0.0437094690531317,-0.141434278407422,0.18355893439651,-0.234044342989681,-0.10171175322998,0.103118574025697,0.485019359393256,-0.380279527067241,-0.327657097177244,0.852697666341284,0.283875316113512,0.2910706332712,0.653799943380404,0.204737392298154,0.556416953942389,-0.523166833798103,0.375674436166056,0.177406923648587,-0.192479212276118,0.46871724687127,0.0524862726407641,-0.163920688738577,0.588639759705544,-0.371811571391432,0.0176224161276923,-0.167405512035485,0.674706416563391,-0.415557035129113,0.0770995463563911,0.0751999457730301,-0.14654337612732,-0.302247664709808,-0.327617139780516,-0.314502989083524,-0.0883517031068693,-0.278321820341394,-0.0525436874550085,-0.102986600326815,-0.102215084834489,-0.00344360968486299,-0.00435109984884994,-0.217615731109741
-0.429635288446704,-0.0825460345129159,0.105012206237778,-0.704366977971597,0.0823789988542381,0.169515488862805,-0.34827946437745,1,-0.012692133410608,-0.196104590724041,-0.450634396199527,0.356035445396449,-0.640394236365592,0.0939622100825648,-0.308064979789947,0.325216090593648,0.459616873676512,0.62668064144549,0.572285979628333,0.35385867146518,0.586275270703065,0.463263012948421,0.222299556550963,-0.191401421285866,0.217329835458134,0.596470653466242,0.552502768657974,0.649782452989658,0.0241077666258367,-0.158789054305151,-0.724285329717992,-0.222872997314857,-0.0491339707177774,0.715273867479223,0.223846662610741,-0.320241008968931,0.451122889243333,-0.347325855195543,-0.394935835214661,-0.617541682263459,-0.277773612830115,-0.523473502863754,-0.113584675797667,-0.226585505963965,0.594799026038745,-0.310452263091825,-0.240430477524073,-0.213234984023488,-0.0203601774358133,-0.244293656702695,-0.321569507791924,-0.242837824655809,0.119488040525863,-0.392609132460561,0.343352392064225,-0.298679801642459,0.0070013173684631,0.0177143269730762,-0.456359862619616,-0.470104309437948,0.220774059858852,-0.416476407983102,-0.0563073677542689,0.195768324361324,0.0776435520724291,-0.719584517124163,-0.348866392214739,1.13336650307413,0.826965714527067,0.758546995342175,0.336762570429042,0.49368330177554,0.870910792451966,-0.659422503548403,0.195955835440652,0.269496809654494,-0.531633642310249,0.376118842288378,-0.304373826332735,-0.574750557780703,0.348504305962752,0.217117051037049,0.121246756276502,0.302444094710236,0.380956250415234,-0.00338200489000229,0.143695309454542,-0.0644184129909379,0.0727332741127409,-0.583240799310941,-0.495006422157016,-0.799217490858109,-0.813627526717767,-0.453380724288001,-0.198008606538464,-0.664451891157383,-0.520888496572316,-0.134717525216206,-0.321401507871791,-0.480845421892965
-0.346560063413381,0.161826118010915,0.0857443139249434,-0.224366758945671,0.209972059838628,0.0484502457012513,-0.427595446936046,-0.012692133410608,1,-0.518423241841712,-0.542479748085464,-0.0742564037869832,-0.935906140440094,-0.275581570586061,-0.63185439121385,0.0192881006016827,-0.160497509073657,0.145878754722025,0.0699132096003373,0.164046253584831,0.206619698936588,-0.200098007310258,-0.258441002533588,-0.219450184626551,-0.0619741586514092,0.0590704485610212,0.270978649863255,0.411339185060638,-0.247947637277426,-0.362733981424539,-0.671489086323022,0.328323992577819,0.0204862147755117,0.141782028015287,-0.27997564380895,-0.051239426281982,0.144497185330239,0.136598605548347,-0.366762883355381,-0.427604631167278,0.0679211356895062,-0.655519766720827,-0.341180746877412,0.215126016739735,0.226139203841652,-0.208334995687257,-0.228081041864207,-0.0520751504873513,0.289711059426171,0.0162100439449798,-0.109193653247697,-0.0272263626752057,-0.320130991753349,0.0510453699044255,0.0532223213743633,-0.127300957227008,-0.185397271374019,0.00891733202040901,-0.449930607233739,-0.386482041591712,-0.130169443549121,-0.323408088669287,-0.171299717491653,-0.0927902381917894,-0.0752800519572096,-0.625152486521164,-0.0621728976171587,0.455898688121762,0.219895775414951,0.147535752401141,0.196641541289983,0.0271397088510032,0.476663369786706,-0.118662801924114,-0.261153455397099,-0.0347772510763321,-0.545653581684668,-0.342766240926701,0.110066983004649,0.0519723321135742,0.112591799332073,0.447528818055824,0.0628233769226894,-0.0263071312940078,-0.0221473509743602,0.0999825124509336,0.437420470966394,-0.611954973087304,-0.135732897295328,0.0355227648244929,-0.0680822117134054,-0.0811464575405508,-0.501504843278412,-0.131586883411884,-0.230086589621756,-0.191055434145982,-0.354545816704797,0.0716097519750593,-0.0839368735792494,-0.199773538215297
0.254266189380195,-0.280431602427956,-0.244016815588196,-0.446622597592458,-0.811445455816585,-0.638915843360146,0.301480819165754,-0.196104590724041,-0.518423241841712,1,0.1227660587043,-0.0799424129795943,0.179266367718562,0.0387817897602079,0.0576834997886098,0.281102578040263,0.790998345683354,0.507505450964992,0.561194882146399,0.818234472699573,0.59234887754878,0.689004579216566,0.788889758579852,0.560896515011417,0.0705284488321374,-0.488606060901352,0.895767216987756,0.0301002643444087,0.377612390140788,0.107401009125667,0.428346930186716,0.251709037969395,0.510854928545142,0.690293471957845,0.97638076858684,0.0497151986694934,0.0638580057356912,0.394497865619793,0.173383367537223,0.149159894837025,0.599305599818813,0.483719778804274,0.794048363716851,-0.351466118091595,0.57579118068699,0.314146758997479,0.559827361540252,0.367761161425402,0.00208535955800564,-0.160041886779624,-0.537126959445133,-0.540851929930967,-0.144693898790894,-0.858571311728946,-0.697050739958424,-0.462584981112779,-0.282496898771335,-0.192623534986337,-0.505928856352997,-0.636927397644283,-0.511258051951571,-0.160457476927165,-0.907694362246979,-0.566370749655834,0.0660797499107613,-0.380481776759626,0.139171870389336,-0.17365448957065,-0.220616910039853,0.137699860843611,0.546436250943897,-0.736968133339176,-0.21424342184541,-0.479512477210281,-0.0361556670798536,-0.570606150170468,-0.347358877422646,-0.300536441631252,-0.0206593014890333,-0.250752952552528,0.00434519376340167,-0.347617302423195,0.229208336468478,-0.105589245023479,0.208416877429677,-0.548943087917368,-0.319667203199377,-0.187774293593629,-0.260507379764799,-0.0469070753053328,-0.222507939388917,-0.6600061572038,-0.675330621589771,-0.323186879113141,0.210962383145435,-0.0269920088335413,0.187342621554092,-0.205754331864694,-0.120571282415248,-0.572312118507791
0.0989091165892914,-0.63348673889886,-0.427248203497449,-0.191619444614904,-0.564768175330255,-0.452825857833792,0.125269249107952,-0.450634396199527,-0.542479748085464,0.1227660587043,1,-0.166981676443914,0.213608939102414,0.0475002308074798,-0.0261270673174476,0.29813767197313,0.527543979463911,0.281580205544387,0.217940298163071,0.0802614105191343,0.123256118163748,0.461633099312955,0.326004480797685,0.148630480709803,-0.153339839276253,-0.528163967764754,-0.0687321640134957,-0.248489385759694,0.283701539369032,-0.0132403143751087,0.619183339420807,0.016208011669633,0.257768219625,0.555858956286526,0.587901503874461,0.009193334077126,0.249648697256881,0.0418931046643409,-0.163212293108701,-0.153311982545507,0.347537490867514,0.35283271984095,0.438061672117041,-0.178702139824246,-0.0594974860550864,0.190732416050094,0.446257486830849,0.478351891105348,-0.159108777278272,-0.00364264560521946,0.0115521040369896,-0.455887210794533,-0.069921473517195,-0.486309339587862,-0.454209222279396,-0.244078078228742,-0.444705609437083,-0.421381806307416,0.264539758347361,-0.24420149119285,-0.52912419085919,-0.0817754388718471,-0.518787648661311,-0.534243888242051,0.0296963887602325,0.171690092074406,0.350812614628011,-0.421208431376854,-0.19782028067271,0.0200684704651365,0.0149710337550885,-0.504066338358971,-0.321508663134199,-0.201363960582698,-0.0488434445956493,-0.552146056395613,0.230715554113109,-0.417052563744701,0.165604069240439,0.247576527729737,-0.316526321102599,0.169139578213575,0.0205159305232442,0.195594074556464,-0.304632061006739,-0.0226415023157691,-0.104161751665114,0.0859783184316467,0.0844990401209921,-0.0231512699444076,0.285776877775668,-0.0245329021623983,-0.316643398541224,-0.0645774571962085,-0.248723481636051,0.304312476622543,0.305438149536498,0.239693639396919,0.154526003759783,0.0590280616918475
0.309324318854286,-0.0431675566381864,0.00389328542636852,-0.565793716784028,-0.630535052399347,-0.207519700242341,0.773436833343695,0.356035445396449,-0.0742564037869832,-0.0799424129795943,-0.166981676443914,1,-0.0393954791040129,0.0154179996671122,-0.122460096247268,0.292759324785645,0.149898935245514,0.219364199841579,0.0679037284638672,0.511067491330667,0.142073246509066,-0.0768598773747364,0.281395656083848,0.400322608745356,0.0945217903734584,-0.330240005817331,0.699975550614532,-0.0898052771040507,0.209971865614664,0.0820574977706113,0.138398855686015,0.287982435042735,0.171444480974082,0.0791403750289651,0.296043736840214,0.183042520981987,0.0424268901515222,0.649015079895664,0.127907684812819,-0.0506478407986456,0.771752091893821,-0.0719496995877529,0.44332800464875,0.398458030106748,0.493919494821362,0.562830319476298,0.494853174607238,0.851923237912182,0.321456323706108,0.30973198453164,-0.380903373305578,-0.145525614097175,-0.142820129704708,-0.52169772756799,-0.541500903921999,-0.342172141643402,0.154603029145654,0.239288093014743,-0.117921409145941,-0.561254083626206,-0.129710177879832,0.0548901915518143,-0.432566391709964,-0.52821560462607,0.0237789034285116,-0.139382658930119,-0.0701258055268101,-0.392404312356552,-0.890772064579728,-0.447442490111459,0.416018572147755,-0.736467968602411,-0.219353778786897,-0.667335543505235,-0.199528026715658,-0.477336805914707,0.191604803622386,-0.45014743426228,0.339070547855182,-0.18517233998602,-0.510704755552651,-0.713579054617585,0.0228749400835205,-0.590362766592649,-0.264548986662614,-0.569483314552239,-0.131788539538408,-0.147353719923307,-0.640486435058611,0.0714065714081615,-0.113933173741332,-0.106157499735879,-0.425077378128657,-0.15038110063732,-0.0186553191074073,0.393145032485388,0.253961669140783,0.0514132511041615,0.0976955689801026,-0.289072280988816
0.200419996359835,-0.660275828949988,-0.571589093022975,-0.184688565493929,-0.781362815002095,-0.826018781387811,0.54738721912918,-0.640394236365592,-0.935906140440094,0.179266367718562,0.213608939102414,-0.0393954791040129,1,-0.299679758304203,-0.319650497349504,0.385919761633694,0.928833872837253,0.0517194681598092,0.251082300652199,0.111670556546477,0.278506725051589,0.816983491396322,0.278261738241484,0.65434033267093,0.132191114869616,-0.341336970862133,0.31655746681528,-0.143719043302741,0.0859443681215804,0.276100405610993,0.480604404303053,-0.180557459738274,0.833255773387607,0.54269344446247,0.708126138330247,-0.0286340449058397,-0.0758398189964842,0.0154486423276357,0.303444467157718,0.22724267518368,0.267025110956726,0.646860786566976,0.598245488118366,-0.442465354789177,0.129830234384366,0.230282485000852,0.492077210409429,0.177091274448309,-0.592554854230788,-0.52451366989508,-0.559945586868706,-0.608810706508948,-0.0346778161495816,-0.525065320408889,-0.530665781003923,-0.45000729366738,-0.501336643871824,-0.748874082481424,-0.117143841545143,-0.164319216273525,-0.632925108113351,-0.656625316750721,-1.11946415056484,-0.826593418557631,0.167808939497,-0.296842754958536,0.571622214351519,-0.140966462831292,0.121197490588074,-0.165567787730179,0.25219219158646,0.108670583701991,-0.334205917583966,-0.0666321141384913,0.345787519435025,-0.329666313084811,0.0310289538512798,-0.305042538935236,0.293039397227843,0.39148847825997,0.198574858463814,-0.148691117645812,0.204947663744779,0.513260970657498,0.380222425344872,0.256796053117844,-0.102866256680023,0.329484630125169,-0.121485669636027,0.130330492453888,0.360696029667094,-0.23635146421049,0.231992160762428,0.273913895449068,0.105217307125182,0.0670388738214477,0.552984174271793,0.192434174869467,-0.237542084813402,-0.283925935487791
-0.0764517968097673,-0.543377550217888,-0.20032032277005,-0.61694287204278,-0.712325864582107,-0.727322813682167,0.768726424530299,0.0939622100825648,-0.275581570586061,0.0387817897602079,0.0475002308074798,0.0154179996671122,-0.299679758304203,1,-0.294415212591887,0.559620214019011,0.450610387856808,0.56788324606161,0.191328712379375,0.477247487343046,0.330549935364846,0.541667808078139,0.266943441448194,0.668270123984968,0.336336880691653,-0.37951326913248,0.379221147623392,-0.0592746188632624,0.134020529441025,0.37487057935147,0.346536979854806,-0.0297950570663234,0.700671083688761,0.604486708811777,0.663339906180795,-0.0251308260158578,0.600864881558163,0.109823012874059,0.285755845038209,-0.00919816089346705,0.444558629254709,0.0231641585336242,0.625116735307533,-0.210502637859364,0.317034404776266,0.227389908904409,0.418983608668863,0.380572134534669,-0.404506077025989,-0.0516533678938976,-0.345060138913242,-0.25258683306316,-0.0878129750778132,-0.790682393981559,-0.571007540006189,-0.703168577581158,-0.0943616608039051,-0.204562745539333,0.179743826193977,-0.282240220496099,-0.357690301085074,-0.685586325531486,-0.479199756219381,-0.578540458672172,0.284928347882601,-0.459392731251363,0.277701795300543,-0.141688574100629,-0.150869795212069,-0.0608089029105508,0.245608252693507,-0.167300011641523,0.11873983488024,-0.254537132527784,0.166786009205365,-0.309449783895416,0.199963722954282,-0.403182838154946,0.36729288980716,0.0890275094402039,-0.0364845605485134,-0.351752859946754,0.0148944335721254,0.115550127384543,0.0240858107150837,0.0104919009270367,0.10077345415415,-0.0748171087554027,0.017386188123722,-0.00329627074820488,-0.0565214425289692,-0.355351598035001,-0.094425979832855,-0.0690425357103258,0.02259379792487,-0.153695223564566,0.16560096455518,-0.0453437689936096,-0.0668094475194622,-0.346376452765916
-0.302587278375548,-0.416830964316582,-0.43964019644971,-0.475681101354636,-0.676671247541776,-0.516115312957178,0.0543981800792878,-0.308064979789947,-0.63185439121385,0.0576834997886098,-0.0261270673174476,-0.122460096247268,-0.319650497349504,-0.294415212591887,1,0.453858337248254,0.692016175221482,0.537416745222032,0.23265847783517,0.285326175134556,0.290784056682861,0.604250081349179,0.215409326641765,0.22429970606662,-0.15772353046344,0.0486018131389977,-0.248581029065737,-0.0588854960437846,0.0847462292714882,-0.0751418049385826,0.349027315630606,-0.628901807158405,0.455853172715832,0.699899441573072,0.307427875781687,-0.309087845992882,0.279474338424736,-0.729576511919797,0.173287052709212,-0.0652347521680948,-0.365057976722183,0.415777146311911,0.0667378548357691,-0.728508500325173,-0.0292314663630286,-0.243549474187492,0.0292357992857679,-0.206307995838363,-0.53931127907487,-0.251859285575807,-0.220019115820368,-0.535910561336736,-0.0391826344356516,-0.549097943912529,-0.24405675375238,-0.100153602322695,-0.300510756369152,-0.271710242809812,-0.0627728055792244,-0.00973771373271443,-0.029612571112018,-0.589263403379296,-0.418585577199001,-0.0629752863645606,0.192267867491836,-0.539475219347897,0.523540892101092,0.540311050251146,0.905746673965896,0.682585054051356,0.189669169492639,0.473946771590367,0.0590117540277639,0.347086674830455,0.560946300326854,0.0017364364583341,0.154272438877789,0.234231367146788,0.0211060085403321,0.197163408610669,0.320223122882116,0.369972873036573,0.405058282459842,0.735018350725688,0.400576334677023,0.713398689179536,-0.0824967874375326,0.392547668665064,0.873177507845297,0.0114156990781387,0.44464497557678,-0.185989040258726,0.114047046463112,0.0434441265600895,0.166125328325318,-0.599033787486073,0.181769486807274,0.136754349732998,-0.0478834325407062,0.142356816897835
-0.153802865060508,0.106237129853226,0.0724735870555136,-0.209339255890779,0.210544953680513,-0.107988162328763,-0.0469966538287755,0.325216090593648,0.0192881006016827,0.281102578040263,0.29813767197313,0.292759324785645,0.385919761633694,0.559620214019011,0.453858337248254,1,0.108859936993803,0.108348565517868,0.413704362240528,-0.356273707900512,0.283051731387541,0.0615405539861471,-0.215986929410557,-0.492625314206517,0.155094300901324,0.571535701317018,-0.230949097804062,0.0856432885956101,-0.136559501028797,-0.0542384460949437,-0.0111238250570047,-0.358761583686195,-0.155558355949483,0.356628894665033,0.0352574982847019,-0.81343557943069,0.609179132443806,-0.247518066935071,-0.142008334907246,-0.22573835284183,-0.577650108898959,-0.177119045252223,-0.0352481710504024,-0.375660219929327,-0.026029103441701,-0.303042809971568,-0.356748179971392,-0.610200336934159,-0.34883218802097,-0.314876927832311,0.124942811911593,0.276666921574518,0.606365811168329,-0.0391618033696313,0.355810142939345,-0.426164178181885,0.438544797874521,0.195158039684516,0.270109343059035,0.269110702983936,0.517846635897813,0.125176570192799,0.348066634990657,0.348752171970446,0.222398952395551,0.101246938349362,-0.336803602270071,0.917449368263024,0.745440611785024,0.372130228509717,-0.0623997553844133,0.435516928992249,0.495713578188228,-0.29525700873193,0.314418914691596,0.104957298027035,-0.375121412633979,0.403384773768714,-0.0570808704240445,-0.363647456783417,-0.0455460469437529,0.161873193626053,-0.0596906346572013,0.457150633315604,0.0802958789170187,0.291666538651173,-0.0542064296764433,0.151841942873371,0.0146314687192174,-0.618868064151716,-0.296247717373741,-0.321016764756073,-0.124359611893467,0.00168686878905222,-0.338722212103292,-0.409784353626362,-0.220737933848584,-0.270819782344565,-0.207988646751775,0.0275518392843236
0.51512611491671,0.0554157381755149,-0.00945864879846048,-0.0428322407219814,-0.436541286134477,-0.239418783170379,0.983306467918138,0.459616873676512,-0.160497509073657,0.790998345683354,0.527543979463911,0.149898935245514,0.928833872837253,0.450610387856808,0.692016175221482,0.108859936993803,1,-0.105981770755423,0.123399078466369,0.104400096495596,-0.0799755763311447,-0.00907811503537359,0.318557216049423,0.0538213354334641,0.293122908687405,-0.20743973832866,0.140497009453918,-0.478622448203624,0.249752081529158,0.0577106133415198,0.768902388410351,0.349281645276654,0.164196269657286,-0.0977089681089255,0.340495714218355,-0.0511945478434765,0.042153595280626,0.407148799126468,0.327883574102875,0.283695470076088,0.296390300608368,0.248241015071983,0.537710097583619,0.0432896066835697,0.0348613044361263,0.232707063404168,0.29030777397858,0.249066694298764,-0.0476312153848321,-0.0542551055234946,-0.0725986132825846,-0.0935983620467509,0.354561633172888,-0.280321387360724,-0.326734180909041,-0.111874273196784,0.455207587990182,0.290571574532876,0.476551105590388,0.0771562176465895,0.256276667189193,0.541374919661233,-0.101508311961396,-0.272557495698374,0.226803081281813,0.405048402593661,-0.0380669856330096,-0.459167202429401,-0.586462903514171,-0.302554253141805,0.086877615428306,-0.715326386381349,-0.464782970243544,-0.360935067829223,-0.0412144397424186,-0.403571402609106,0.251780398857714,-0.268370242273403,0.074692892663249,-0.280242347861019,-0.551546227851923,-0.775144620967953,-0.160359875057667,-0.527072905255214,-0.418086706974548,-0.583791983886697,-0.366869364655828,-0.0883069578776606,-0.509697450385177,-0.282462290824154,-0.268572369792553,-0.0292021150829227,0.0538635233926101,-0.225765424698129,-0.0603471018068735,0.33893252359786,0.162422081931312,-0.281510245298425,-0.004677912108005,-0.123210524781015
-0.381572153251812,0.420946755589448,0.241560693810527,-0.203622607607844,0.0813100363780187,0.00657702225997003,0.194317892914625,0.62668064144549,0.145878754722025,0.507505450964992,0.281580205544387,0.219364199841579,0.0517194681598092,0.56788324606161,0.537416745222032,0.108348565517868,-0.105981770755423,1,0.280788804071038,-0.177447628249072,0.0776592425524164,-0.0437222427037445,-0.0354673665680437,-0.401304836012879,0.334570660039162,0.291670981526255,0.204171746392833,0.0269802155515933,-0.294454153622882,-0.127624840884772,0.209013991940602,0.331389325042227,-0.124288954715252,0.215634362007485,0.263449834101857,-0.428258563448173,0.629450845159767,0.0879536219937941,-0.125282717970429,-0.485801639095509,-0.11625699538281,-0.466202985791893,0.47640096278626,-0.12260202216489,0.520457625958222,0.0461298345905827,-0.0209057287780666,-0.587106663316502,-0.0844723084787489,-0.337770583118991,-0.167976659433199,0.118702253585005,0.634847296074817,-0.0995045457552298,0.292712987399442,-0.302401188473331,0.467016961415692,0.501852873377303,0.221418901397279,0.0705763982490466,0.655458204107399,0.323906781232221,0.432825809441029,0.161148742053482,0.336694708641766,0.175784954711327,-0.682095545172967,0.268157002323072,0.111947358812966,0.215195700801103,0.0210704553764321,-0.371643389239846,0.0332279377545305,-0.717320621554008,0.158509871184863,-0.0165984914481212,-0.107500523469532,-0.0764189682807904,-0.565326339302757,-0.835656911411245,-0.189837698145802,-0.286032549404358,0.0807205765811662,-0.29046426077016,-0.430509939600902,-0.536057937687785,-0.075445038100918,-0.370005929193606,-0.622030059419871,-0.553657916764806,-0.661349026439604,-0.526102669277975,-0.483635421838777,-0.435895158920231,0.0222794248653133,-0.332675554324027,-0.203852521450399,-0.990548717413013,-0.420807030965136,-0.707320547716113
0.146094051158797,0.0726808438628896,0.128662028716298,-0.185905222500601,-0.392058445388591,-0.423776183089979,0.989847564169991,0.572285979628333,0.0699132096003373,0.561194882146399,0.217940298163071,0.0679037284638672,0.251082300652199,0.191328712379375,0.23265847783517,0.413704362240528,0.123399078466369,0.280788804071038,1,0.315594555759765,0.0107802054018359,0.314593971553279,0.226790650226073,0.378735907725369,0.485578349586388,-0.335458321523047,0.213300150943125,-0.258619166893607,0.0843231294783458,0.203332316591057,0.750905405531369,0.399147885955166,0.573376606905728,0.41132098059773,0.575653101871324,-0.0720876679822353,0.501597531773881,0.351074635262515,0.334696964679185,0.302678477124371,0.37409653540428,0.0671010448790749,0.790323889508922,-0.244667707858492,0.196143034042361,0.115549653925711,0.297948193062273,0.116652179946018,-0.293346191622953,-0.132248658740562,-0.156388529184436,0.0627070024231202,0.32969055132791,-0.337199997879066,-0.368654722627878,-0.305537709001837,0.38318114169764,0.394949657078121,0.325517257599706,-0.158693444229628,-0.0539633941741728,-0.238453427884256,-0.458804019227203,-0.83746773306581,0.142904058236639,-0.27449710716395,0.0855267296360872,-0.5153571398382,-0.372733901425596,-0.156410899887682,0.0876737282397565,-0.630483804692797,-0.354160511431386,-0.144214326014053,-0.103927880806011,-0.43728352718554,0.227677869798005,-0.550833843469844,0.206232000685638,-0.159127219971839,-0.366106710100209,-0.585304710505192,-0.0148426150225911,-0.19755954678713,-0.41406802671661,-0.303678176029618,0.0534574795646799,-0.272491017673722,-0.21362501349214,-0.176725238955935,-0.391770180117086,-0.214024562287218,-0.0822213659170812,-0.192386985729756,0.0894580800087568,-0.0575437056529905,0.0616802099942042,-0.398194114539611,-0.124425983027559,-0.329440847935596
-0.145784494658938,0.309499178626749,0.154784662650551,-0.0668576833963343,0.0824529029354881,-0.354414993471868,0.415428458522646,0.35385867146518,0.164046253584831,0.818234472699573,0.0802614105191343,0.511067491330667,0.111670556546477,0.477247487343046,0.285326175134556,-0.356273707900512,0.104400096495596,-0.177447628249072,0.315594555759765,1,0.135722704301765,0.0697959932542173,-0.0704260858924757,0.18909861785761,0.771607315213527,0.223727810501567,0.364658955034351,-0.0303037506714598,-0.0499096735538285,-0.0340067881708422,0.41444600803884,0.400594570892073,0.360841215182605,0.0260826590959298,0.0785927112026708,-0.354598037496091,0.627386635061466,0.305141619024906,0.409526152011073,0.0489724787344866,-0.0280436356742147,-0.0126588048295163,0.476721355364897,-0.109119406805855,0.427329229245101,-0.0813389371259086,0.115589234082464,-0.534199916993042,-0.0359939120934964,-0.221005494297222,-0.671808283622785,-0.0976122119577797,0.201234193865657,-0.0312729879991723,0.16456652913262,-0.425988927371752,0.141121574235617,0.482874957680151,0.21829919090024,-0.0124727378638246,0.713239597542383,-0.192021053074391,0.0769771095270894,-0.0329537333954305,0.463149826739078,-0.352961391519624,-0.450932896432214,0.179290000050504,0.0822313009797404,0.166932968827009,0.26910748062201,-0.222825827627948,0.00290098016762808,-0.391875060608284,0.430516035198787,0.442341956633205,-0.206147429092888,0.105437826424146,-0.208552662910121,-0.67705254216972,0.653471793573854,-0.308134651699584,0.180301132062824,-0.334678870792843,0.198405753627475,-0.545907027427367,0.358523101586236,-0.45324062087341,-0.272308581483373,-0.138135387545978,-0.532050856176753,-0.400451654738525,0.0473977758546879,-0.558149086696334,0.370445486052877,-0.215071049559645,-0.182601465730538,-0.871822808316338,-0.352234909052398,-0.494315900602981
0.356023170427944,0.0761015701035211,0.0421671110086017,-0.0747825243946588,-0.223497634111476,-0.497219563738699,0.928543236068222,0.586275270703065,0.206619698936588,0.59234887754878,0.123256118163748,0.142073246509066,0.278506725051589,0.330549935364846,0.290784056682861,0.283051731387541,-0.0799755763311447,0.0776592425524164,0.0107802054018359,0.135722704301765,1,-0.0730880367124661,-0.0864632537150027,0.224674355010571,0.34282394901665,-0.21643162322184,0.0849213444826171,-0.309376010052083,0.117782284005536,0.122907977213145,0.804129100883398,0.275278249733065,0.672202205381291,0.142911097177657,0.233151155288308,-0.0682452064738982,0.714919503339387,0.352630930485593,0.284595281088563,0.0911657224171678,0.441025334637547,0.0138069910735323,0.44115705564795,0.168823837436094,0.00785415901273037,0.0718365704503948,0.216163084079816,0.307672645803675,-0.0277063404414413,0.190630629297398,-0.217156382736098,0.0424707692890626,0.265147167694551,-0.264394613532754,-0.396665550490902,-0.342071547010356,0.389217106173482,0.462539914727579,0.465253305497097,0.0195227498159267,0.0907861491490173,-0.317690622161383,-0.266636075859385,-0.535431002274672,0.292759967174407,-0.175960064523547,0.183524058778612,-0.286092077260226,-0.477487271091818,-0.237117837857924,0.133943263035173,-0.704361138332379,-0.173161110960548,-0.239006281561086,-0.0563736220741877,-0.401027872005544,0.0845709301335496,-0.585635994046908,0.420867096582913,-0.215566586336116,-0.337794998787648,-0.438310544419422,-0.107453731874432,-0.526147508220289,-0.476923277169909,-0.301006190736769,0.0936714242386585,-0.472962595459833,-0.271458132972145,-0.178922220459641,-0.285359970322419,-0.0217226112238937,0.110791923459842,-0.296219684929097,-0.24104819769677,0.262087332728659,-0.0857859613405356,-0.159151373037056,0.147941400918669,0.00200684642903824
0.341178527879279,0.344926201809398,0.122150364668661,0.0312091292303194,-0.200391104241353,-0.0957218544602036,0.667826396556705,0.463263012948421,-0.200098007310258,0.689004579216566,0.461633099312955,-0.0768598773747364,0.816983491396322,0.541667808078139,0.604250081349179,0.0615405539861471,-0.00907811503537359,-0.0437222427037445,0.314593971553279,0.0697959932542173,-0.0730880367124661,1,0.38230840816332,-0.369710746151377,0.172345451291709,-0.314886431242415,0.0638517159539782,-0.364999334794712,0.0126574971066166,-0.244995229097978,0.472773005815942,0.385086276837737,0.0166888235014115,0.0970588570089058,0.319571884474781,-0.0936448210256929,0.0584779306176671,0.465993266979484,0.205583131048415,0.321496640376885,0.22370841429469,0.0844127075515821,0.518914102750974,-0.208741597414109,0.183536578600142,0.099953879206303,0.104705746328094,-0.226162637380666,-0.140142109004845,-0.119011506402585,0.116694575680086,0.0783742108982511,0.498835010321631,-0.0791695836980938,-0.00994138191406739,-0.134432568407376,0.478500991614213,0.205039554849165,0.208277558631164,-0.0417913782060439,0.1132185129203,0.340306665844922,-0.211889778310963,-0.231279761793826,0.065670127739385,0.0120099363209408,-0.17172314577997,-0.248135429024433,-0.0354673395924475,-0.0428656240422274,0.0049723015358864,-0.557542519891989,-0.295008200342846,-0.202232538685711,-0.225602612988049,-0.477265794581122,0.00287109767076102,-0.350115887663699,-0.115104479738009,-0.420389953159232,-0.443679867927106,-0.305957509737289,0.00917174964861311,-0.134759734475353,-0.316148962936615,-0.234499594952016,-0.302754917340282,0.0733943154520184,-0.236953219957902,-0.205533194239795,-0.374214828751656,-0.220182600902494,-0.0855918349155873,-0.332647394856264,-0.0905173742475662,0.125994420686437,0.0794548398660664,-0.361874272164536,-0.0568720234889364,-0.195838329032019
0.0709495739478235,0.168350975276748,0.0915215859525368,-0.195743590479441,-0.173169012509895,-0.374765906612409,0.367192752608546,0.222299556550963,-0.258441002533588,0.788889758579852,0.326004480797685,0.281395656083848,0.278261738241484,0.266943441448194,0.215409326641765,-0.215986929410557,0.318557216049423,-0.0354673665680437,0.226790650226073,-0.0704260858924757,-0.0864632537150027,0.38230840816332,1,0.0954639473062652,0.56349131978833,-0.157351795409494,0.0627790948658072,-0.384614928389664,-0.119469998582761,-0.267996210931781,0.553546427452173,0.335488423142011,0.478511871404487,0.467116192720041,0.601300059528951,-0.391551734862764,0.454974834900286,0.299514331302497,0.394393985857655,0.150746844710974,0.0395415785497825,0.232269574289176,0.873717951041179,-0.534721276757741,0.372249480563995,0.111936594304698,0.250297550455973,-0.601806557502565,-0.526346377001353,-0.588617179777333,-0.285377628621398,-0.139964231416308,0.287882516986048,-0.0912616606467885,0.131764649028346,-0.426541932086777,0.180813659371719,0.243441604170796,0.156395398447723,-0.0404674993354038,0.222546113224154,-0.181583801304235,-0.478288687356197,-0.611273183871019,0.0764900488611233,-0.326439860914596,-0.262995700349625,-0.211135864914272,0.356109198663812,0.088483196013175,-0.0316761363413979,-0.275804008698108,-0.512771504356835,-0.0703581330551732,0.226180519075847,-0.0987648082812754,0.166388002767965,-0.236859385435806,-0.363995361634344,-0.409974167590746,0.288576467444677,-0.151439308388114,0.314782834979457,0.209635312282168,0.0269206692473747,-0.140406394731834,0.0186964420164657,0.053274871785664,-0.297614937423594,-0.0677228913233889,-0.246595710318559,-0.430925719519876,-0.0160238614871172,-0.262828008011402,0.197298780494918,-0.29090630318462,0.214684839937099,-0.767673830381998,-0.475231480742056,-0.597738283752473
0.633901532447835,-0.222838090586433,-0.354303752914647,-0.239723907314176,-0.213753788406844,-0.100210379300478,0.545985680574939,-0.191401421285866,-0.219450184626551,0.560896515011417,0.148630480709803,0.400322608745356,0.65434033267093,0.668270123984968,0.22429970606662,-0.492625314206517,0.0538213354334641,-0.401304836012879,0.378735907725369,0.18909861785761,0.224674355010571,-0.369710746151377,0.0954639473062652,1,0.251081953463977,-0.0591749230492742,0.492361093254606,-0.1974336408432,0.436675824691676,0.072734959738824,0.0339366892946424,0.163699561685147,-0.148403073710156,-0.618090736185006,-0.50371420355508,0.297097906224275,0.245993815508773,0.620213450776059,0.388856839047336,0.0787832361046132,0.525694255950709,0.0790861125587126,-0.155428244460651,0.849546499562836,0.308977432749707,0.280776793194162,0.271746042672414,0.822833171446277,0.704537271708278,0.867302380343894,-0.460427765472294,-0.470660240147315,-0.262694635881623,-0.199084711718149,-0.347141230694099,-0.181477209107298,-0.282745036861215,-0.0187457951355801,0.364628179118581,0.0336663632668118,0.594684453784075,0.350049447136684,0.327713358241799,0.430624287039598,0.480294436231304,0.147816703037227,-0.0108718478481117,0.0307513015553129,-0.63397687591595,-0.259364079180142,0.531359407338558,-0.536379866262616,0.162923515637029,-0.579724376541026,0.0928357800820371,0.0607521007386484,0.119988016462159,0.0444805002654343,0.0217841896922903,-0.348563145489094,0.164130660751975,-0.337435689430916,-0.143086963444713,-0.898279711039578,0.175869481288735,-0.688353895214545,0.255721682508193,-0.0759551638174921,-0.1965076274357,0.133905993093582,-0.0696888281229945,0.257145709324755,0.179357235953703,-0.614974352857246,-0.340125568374264,0.92312631777916,-0.08256974324619,0.507485194502109,0.636979605791481,0.475510837990389
0.327223695715145,0.151396996540748,0.106105676721958,-0.445567461830506,-0.467755546075124,-0.111728612120658,0.327868896834333,0.217329835458134,-0.0619741586514092,0.0705284488321374,-0.153339839276253,0.0945217903734584,0.132191114869616,0.336336880691653,-0.15772353046344,0.155094300901324,0.293122908687405,0.334570660039162,0.485578349586388,0.771607315213527,0.34282394901665,0.172345451291709,0.56349131978833,0.251081953463977,1,-0.448026286183052,1.00264822866561,0.00839931993088353,0.276670322161282,-0.139790653272929,-0.0161407585476196,0.573460236264964,0.201629823066822,0.341311686581348,0.476215167529136,0.304692874681537,0.0813838161675875,0.816808924666992,0.219049054651461,0.168702484952685,0.799862877540533,0.0376371707578557,0.583674130583286,0.209271429756798,0.685963216190226,0.349603983170771,0.449536862144532,0.57631180436981,0.5125795559315,0.366202192988751,-0.510770858009681,-0.246593593333183,-0.122657009657635,-0.560734677240833,-0.49659810464044,-0.386995405031121,0.00269554994238714,0.0796580013378014,-0.44194687534165,-0.754640911195734,-0.225553568798861,0.141481704968986,-0.551555251247621,-0.429935351493947,-0.046805643678394,-0.447177817850141,-0.314697091738171,-0.213632777026488,-0.565166163810204,-0.0806149780679534,0.49317553582142,-0.99461704028445,-0.100878833920133,-0.694247253548959,-0.45262026557553,-0.531819178244146,-0.347762606448215,-0.477139974224163,0.0509826344523243,-0.379655423585295,-0.154632856835418,-0.470712632291807,0.107194939753592,-0.550478900761743,-0.12292923936659,-0.777098690860062,-0.130380346730443,-0.319680285548317,-0.515873296327326,-0.034787362484537,-0.450615964146239,-0.435819015364885,-0.793354555173413,-0.485114683253165,0.0937604732823573,0.260688643255483,-0.0746479839354253,-0.244515145847446,0.0455604984921431,-0.356193323593266
-0.0560881637808365,0.131642207266951,0.155016574198287,-0.426442143954512,-0.364683670022206,-0.179727739281156,0.175101042156129,0.596470653466242,0.0590704485610212,-0.488606060901352,-0.528163967764754,-0.330240005817331,-0.341336970862133,-0.37951326913248,0.0486018131389977,0.571535701317018,-0.20743973832866,0.291670981526255,-0.335458321523047,0.223727810501567,-0.21643162322184,-0.314886431242415,-0.157351795409494,-0.0591749230492742,-0.448026286183052,1,0.0918702698414219,0.175841562537796,-0.291876726085938,-0.287089081663637,-0.304712261147988,-0.120423472077912,0.175464113508469,0.172748105069125,0.0716607413341959,-0.500842181795939,-0.297734319865799,0.190700937241046,0.14215783139914,-0.270180072356612,0.217989698041379,0.0134868696078989,0.0475892281815556,0.288722015594144,0.0237344451204439,0.299242838990579,0.230851892094756,0.260205398438549,-0.0564941193038897,0.151456430927584,0.173845340947226,0.126404450345455,0.0655030703825759,-0.282402846405391,-0.222003722805051,-0.285636203640721,0.70341989655315,0.406817780151413,-0.350138415161974,-0.79957748590823,-0.156010967520016,-0.07011793586508,-0.174372672418012,-0.0302699194420635,-0.431424432826595,-0.157138760428085,-0.262561097019583,0.137310472246221,-0.13178222722598,-0.151697124215814,-0.209320469115363,0.000748347200785537,0.0303527029416908,-0.281716739497048,-0.0732556174758136,-0.229046845165241,-0.297149918809997,-0.183815591725894,0.669496553698131,0.183933537005991,-0.348849658667242,-0.18667769355873,-0.0746644698179966,-0.0284111896638265,-0.213550868853654,0.277012882096467,-0.504715472475187,-0.0662384276238887,-0.303362461031873,0.0728425649155938,0.241554858593187,0.0511712665537335,-0.227852836654162,0.251672542714496,0.0285640828402592,0.0224103849933253,0.264546456846053,0.0890825397102452,-0.133579650446907,-0.0504197279838467
0.28438839305246,0.262550616554701,0.377359204653567,-0.367401432665682,0.10205309693319,-0.301503422626735,0.493422842447268,0.552502768657974,0.270978649863255,0.895767216987756,-0.0687321640134957,0.699975550614532,0.31655746681528,0.379221147623392,-0.248581029065737,-0.230949097804062,0.140497009453918,0.204171746392833,0.213300150943125,0.364658955034351,0.0849213444826171,0.0638517159539782,0.0627790948658072,0.492361093254606,1.00264822866561,0.0918702698414219,1,-0.687998122804077,0.360901474359822,-0.451859275693143,0.0331830178432087,0.353850964057219,0.501005517251367,0.108101137351022,0.0255389714200098,-0.23799963293838,0.394629661066492,0.452489553423659,0.835636853736824,0.595315930885779,0.157561595515716,-0.224761096296568,0.263925006537101,-0.26517039183057,0.0957196639699079,-0.211636902062422,0.153301636969388,-0.261798124687318,-0.328740113450899,0.0147941617323721,-0.157765342406647,0.0361489995764921,0.00269584682003624,-0.259408638206394,-0.0506088245877594,-0.444281204356678,0.371497347573007,0.322819643451808,0.311166828026527,0.0610208404003436,0.38190683210506,-0.196626532226658,-0.291659939512063,-0.391667061651771,0.172904541443538,-0.638072485401446,-0.167462975504501,-0.0978840582709755,0.0589449465624853,0.115365338647895,0.185234908520435,-0.122409191465424,-0.047679201895397,0.107540597909789,0.322053650400568,0.236151656961985,0.371778902862042,-0.0638990444905921,-0.135675783120932,-0.221130312017213,0.746357129665507,-0.336628229222645,0.146959260928911,-0.220984460214153,0.279803150945522,-0.271110170016285,0.284703783125792,-0.112920644274382,-0.0277864668011935,0.250549641300291,-0.129580787753094,-0.166875504000918,0.345456087338059,-0.587382109517995,0.281723537823779,-0.261891388071036,-0.0728192907269636,-0.473738005013562,-0.180884796216675,-0.0488247735215632
-0.33091805992009,0.514036986774798,0.371248288742275,-0.070971813731361,0.365169079639733,0.167109133840416,-0.00465576076998561,0.649782452989658,0.411339185060638,0.0301002643444087,-0.248489385759694,-0.0898052771040507,-0.143719043302741,-0.0592746188632624,-0.0588854960437846,0.0856432885956101,-0.478622448203624,0.0269802155515933,-0.258619166893607,-0.0303037506714598,-0.309376010052083,-0.364999334794712,-0.384614928389664,-0.1974336408432,0.00839931993088353,0.175841562537796,-0.687998122804077,1,-0.228855197452514,-0.30540275260471,-0.465684529406926,0.00230297878933267,-0.205532982379219,-0.324494020762819,-0.630299524249734,-0.477767229113106,-0.310048312702008,-0.0308950417391807,0.205275911536388,0.0567952149298945,-0.457583062270395,-0.439350685341843,-0.354131996260662,-0.0605128104502249,-0.520250447306832,-0.370152763769106,-0.427638600507779,-0.626842261839139,-0.513088751750357,-0.107949169366549,0.414571745704658,0.583638907619637,0.138354912425766,0.386500064061525,0.416896367951584,0.0972115856888409,0.654911367203246,0.406861703312462,0.255840484639872,-0.26419077945156,0.222012132631241,-0.277997299103993,0.213676764934167,0.0990824179409618,-0.298570562704116,-0.378999674671002,-0.172543733126899,0.263587887413672,0.30503707814107,0.0837414165088611,-0.233896077371851,0.594312009431895,0.238826643659018,0.780767126681396,0.0814832934062715,0.337154369332375,0.000485309117300936,0.0635754617755629,0.49047765731313,0.40918760527317,0.131462533089327,0.0607841584029503,-0.106241204337981,0.161880482115168,0.0644930328148228,0.557602862579145,-0.181459185846611,-0.170084884886831,0.380338374138914,0.361483630296293,0.290930840267391,0.494220714353835,0.463559850102085,0.18779238279346,0.159395933125358,-0.231403643898965,0.0389033644668956,-0.0178606853124922,-0.222938163010878,0.356575224908094
0.104724037524164,-0.215491961440943,-0.0996514083373451,-0.053798933820234,-0.403893565926045,-0.582559967185417,0.499485922264972,0.0241077666258367,-0.247947637277426,0.377612390140788,0.283701539369032,0.209971865614664,0.0859443681215804,0.134020529441025,0.0847462292714882,-0.136559501028797,0.249752081529158,-0.294454153622882,0.0843231294783458,-0.0499096735538285,0.117782284005536,0.0126574971066166,-0.119469998582761,0.436675824691676,0.276670322161282,-0.291876726085938,0.360901474359822,-0.228855197452514,1,0.147506891263848,0.114180666765052,0.1031047009749,0.370788365047067,-0.202323847735977,0.168373083599562,-0.134862815152608,0.0642852481693072,0.517952604138495,0.503090028182859,0.0917415310285477,0.409002402078146,0.194427566063035,0.505761852564114,0.207911493789021,0.139347917905434,0.41279883300668,0.545462937889153,0.252289624798691,0.198392668621905,0.189402565240988,-0.514492951181389,-0.256959167218959,-0.0895400803717877,-0.344058209591766,-0.329428986613232,-0.449168338527358,-0.125499634840572,0.0754908033743302,0.314935448950992,-0.182965691378921,0.167068757530871,-0.302247181478248,-0.087616382891222,-0.0618865888042788,0.333448166863935,-0.189123036574414,-0.252104182949249,0.0514278862814002,-0.494594726029969,-0.424147340667474,0.253542349022982,-0.119960093279444,-0.223121874662776,-0.146526370710862,0.224062133112807,0.143758242030909,-0.416478739878348,-0.00108154496913837,0.680862889860233,0.275508530951813,0.206788983341708,-0.540616965118888,-0.233050768550991,-0.374224030428085,0.148391505840579,-0.379622011064596,-0.16910020852834,-0.377272451980928,-0.505747172339749,0.274657782221673,0.159835713261728,0.0399366590594959,0.228529112284803,-0.184099663627345,0.332921111293766,0.340729039402422,0.342613221668085,-0.302949371204527,0.0602788223784061,-0.234619956892845
0.37841978011217,-0.312888808829973,-0.48040139541587,-0.195374790433119,-0.149912715191136,-0.457442855492354,0.398504247028697,-0.158789054305151,-0.362733981424539,0.107401009125667,-0.0132403143751087,0.0820574977706113,0.276100405610993,0.37487057935147,-0.0751418049385826,-0.0542384460949437,0.0577106133415198,-0.127624840884772,0.203332316591057,-0.0340067881708422,0.122907977213145,-0.244995229097978,-0.267996210931781,0.072734959738824,-0.139790653272929,-0.287089081663637,-0.451859275693143,-0.30540275260471,0.147506891263848,1,0.298603481335019,-0.32744161886748,0.304220833267075,-0.237064335688927,-0.438372220150029,-0.0900800838704791,0.33796136394233,0.0331786749634337,0.419514721973068,-0.0174383227887399,0.172162284063923,0.0252013620994482,-0.274504665754071,0.39197720288429,-0.333812867879393,-0.0126971252559076,0.0336019715185192,0.452233930955424,-0.241383952148679,0.519784403353121,-0.0763200209123778,-0.182446222395894,-0.259756994362386,-0.192277466463786,-0.362785469098535,-0.363252277300981,-0.195293326547425,-0.321583370356267,0.513995179462998,0.177145327839411,-0.0487806275343305,-0.495886384404017,-0.0039315469288469,0.0874089077487671,0.221371369281834,-0.147038849093458,0.395082915094225,0.314113377698521,-0.0170464036830815,-0.249001054612682,0.135109182269385,0.208429537654616,0.346504579605702,0.442607931557454,0.0998705430301248,-0.18334672728784,0.303319092914726,-0.199240799657474,0.573428914436758,0.507666897429254,0.161538332378729,0.123733180488435,-0.0972867591475645,-0.137559812443678,0.192451427547163,0.472927272191543,0.224273118209605,0.0860480413459814,0.332315763282004,0.428249177936467,0.400161034955631,0.609290470601937,0.751938164396166,-0.0487643774240738,-0.492822191655493,0.498835067947371,0.183632254000446,0.847162285550538,0.482765303490964,0.784858522564975
0.666469181100099,-0.462012896994451,-0.668184833207144,-0.071875557089219,-0.289992419895423,-0.321736865815703,0.290324846851488,-0.724285329717992,-0.671489086323022,0.428346930186716,0.619183339420807,0.138398855686015,0.480604404303053,0.346536979854806,0.349027315630606,-0.0111238250570047,0.768902388410351,0.209013991940602,0.750905405531369,0.41444600803884,0.804129100883398,0.472773005815942,0.553546427452173,0.0339366892946424,-0.0161407585476196,-0.304712261147988,0.0331830178432087,-0.465684529406926,0.114180666765052,0.298603481335019,1,-0.313061931932362,0.23611102950031,0.081633714031139,0.134838600353636,0.7610102076886,-0.0563588816274242,-0.344243960791625,-0.0207481338712192,-0.103486045597999,0.237039317831793,-0.0656020596662195,-0.17116929726934,-0.0400828812109944,-0.15017036538531,-0.0436370211615633,-0.073106698826624,0.277754883442582,-0.0994114582790105,-0.014430794410721,-0.330661291766533,-0.92274137796022,-0.115663388673504,-0.439889550243689,-0.516100856942441,-0.150619810274654,-0.647579747186841,-0.76782320366672,0.367416176430545,0.648164526567101,-0.160021813068981,-0.0653964395698533,-0.0536397467455911,0.218243508008435,0.849302599156871,0.162482801748682,0.849439046181087,0.402532480873757,0.175612418054894,0.304382118654139,0.720364963720758,0.111568502130267,0.259539250972666,-0.142325203375587,0.406722081129848,-0.328781821851003,0.34696746521511,-0.0853855366334764,-0.451943838951626,-0.229033423229403,-0.00126568463438599,-0.196318538779504,-0.0669443293426041,-0.289361948867038,0.24486257181292,-0.33016047440755,-0.314005836074237,-0.109762410254916,0.124385957547265,-0.145038799739024,0.0573202309425645,-0.164320427915828,0.417076391603647,-0.480410354786793,-0.494318227714288,0.261491814256144,-0.0484045225107468,0.255435524018825,0.345234814828584,0.04762083107467
0.193434704778252,0.268665329868262,0.35404976378613,0.032553334271426,0.274227280437482,0.216072063623839,-0.21726455893962,-0.222872997314857,0.328323992577819,0.251709037969395,0.016208011669633,0.287982435042735,-0.180557459738274,-0.0297950570663234,-0.628901807158405,-0.358761583686195,0.349281645276654,0.331389325042227,0.399147885955166,0.400594570892073,0.275278249733065,0.385086276837737,0.335488423142011,0.163699561685147,0.573460236264964,-0.120423472077912,0.353850964057219,0.00230297878933267,0.1031047009749,-0.32744161886748,-0.313061931932362,1,0.180740090756542,0.555396120902359,0.356739791764312,0.616062332444175,0.492910316602992,0.199952826812266,-0.167492258352183,0.740400246565326,0.199703569423561,-0.143093136711131,0.104109667669098,-0.484663441485867,0.286654013921132,-0.404809232090154,-0.210157757619953,-0.181125921182143,0.230564648365343,0.0500847754168121,0.0534855771217887,0.0823630041616938,-0.359175379152028,-0.0192550261234873,0.222581483655117,0.0171258913479175,-0.374789968463223,0.00462448929534284,-0.383283896943585,0.00152877862045321,-0.320098802505724,-0.476790966102369,-0.798581624010036,-0.736199981329187,-0.0244908458807572,-0.82922326355969,0.334116034065436,-0.264832962536355,0.330809208478275,0.349657763777537,0.273928486841551,-0.415731215255757,-0.0868274767426539,0.236858998433139,-0.249882826290683,-0.127845463323149,0.142047007221474,-0.360007258175977,-0.511374993643463,-0.555007149004148,0.346700020884625,0.459349492914226,0.253426956457651,0.328816250641426,0.0904616788021,-0.135224058518878,0.866227536208486,0.119958420175801,0.330123166709328,-0.0563338209504679,-0.43548444636591,-0.632925845396482,-0.25904715008045,-0.464484042174663,-0.12350771919907,-0.286561416040848,-0.522713296592625,-0.187799202185252,0.128017085238576,-0.0653042407381942
0.837598013231802,0.227866285039364,-0.124413853685227,0.329079796794855,0.220699246187583,0.115082731947961,0.455186533201039,-0.0491339707177774,0.0204862147755117,0.510854928545142,0.257768219625,0.171444480974082,0.833255773387607,0.700671083688761,0.455853172715832,-0.155558355949483,0.164196269657286,-0.124288954715252,0.573376606905728,0.360841215182605,0.672202205381291,0.0166888235014115,0.478511871404487,-0.148403073710156,0.201629823066822,0.175464113508469,0.501005517251367,-0.205532982379219,0.370788365047067,0.304220833267075,0.23611102950031,0.180740090756542,1,-0.325257281092437,-0.375389866209171,0.527243389682555,0.249611218379661,0.0541144049104483,-0.000144025362611711,0.415996383288589,0.138809450338979,0.056506640124163,-0.414229010706925,0.116810566531774,0.290055882603288,-0.364156388571541,-0.302531982576364,0.131902683885944,0.383801619783078,0.403742909920624,-0.201373831271981,-0.136763129587397,0.214321598274959,0.119096002684417,-0.154185805851851,0.220179937426521,-0.154096349945424,-0.0850652959619147,0.029103453493372,0.731258886357969,0.099899678724153,0.0279556472278679,0.0732902521157937,0.372454018947211,0.588918752684039,-0.0586243767523535,0.351185148217897,0.377359478205278,0.0489330899651538,0.268488115804259,0.765922435626793,-0.25529054474928,0.571267185076882,-0.307508088434248,-0.0384280243285912,-0.0880324092716315,0.102631594058075,0.253485561541186,-0.549485226286579,-0.58403314875225,0.104884795351163,-0.167196018673946,-0.017667789641392,-0.655490420073845,0.488633382945934,-0.473143098605872,0.250350351553326,-0.0717655161961988,0.187101195959508,-0.383551326169519,-0.635716049512569,-0.199442461254202,0.2108340082155,-0.683414567804906,-0.457818186734093,0.276609271012513,-0.527929535370136,0.385271647422945,0.505713095931,0.297649441589682
0.0388533058731203,0.623938485371309,0.372491832719767,0.0746989254604603,0.268386790752663,0.274622005160887,0.430412864101043,0.715273867479223,0.141782028015287,0.690293471957845,0.555858956286526,0.0791403750289651,0.54269344446247,0.604486708811777,0.699899441573072,0.356628894665033,-0.0977089681089255,0.215634362007485,0.41132098059773,0.0260826590959298,0.142911097177657,0.0970588570089058,0.467116192720041,-0.618090736185006,0.341311686581348,0.172748105069125,0.108101137351022,-0.324494020762819,-0.202323847735977,-0.237064335688927,0.081633714031139,0.555396120902359,-0.325257281092437,1,0.0946696125016976,-0.0817331391694062,-0.0307325116168264,0.0557592491536677,-0.239005776756086,-0.0670311681809485,-0.239238821894209,-0.553540597569128,0.18497276166575,-0.350593183898487,0.255466648177048,-0.277665083385981,-0.3320120807716,-0.682827460489987,-0.278900712487448,-0.518413234366508,0.338360272729802,0.247853557113483,0.822578298794025,0.102506001605735,0.312553360002228,0.111362263577364,0.758400964426779,0.344191231598196,0.268137768399114,0.335346597709535,0.343980739690337,0.610415030294415,0.216722858275691,0.121049041910099,0.351587804552917,0.275770806882938,-0.245861676874641,0.136797509995485,0.113231651960179,0.40072759101117,0.17402781529625,-0.432553849363233,0.140563298577945,-0.437325754465075,0.0288473053524644,-0.289507042112168,-0.0353903578230296,-0.259967304879915,-0.735914101340271,-0.826143995287559,-0.628606604545288,-0.457035868215827,-0.0729607908956078,-0.391427984048864,-0.528211975628619,-0.603053196579838,-0.372616937520249,-0.385780903613935,-0.419848365655288,-0.723416500179546,-0.76241765781613,-0.50638229427082,-0.376073684815028,-0.480133095934436,-0.202773079953463,-0.254622154187213,-0.399539574438462,-0.763542572820417,-0.372661717317298,-0.543528180287232
0.263599105799973,0.252813925768952,0.0372266721008872,-0.189603093369705,0.0861734293137225,0.0825411273680494,0.29407448122651,0.223846662610741,-0.27997564380895,0.97638076858684,0.587901503874461,0.296043736840214,0.708126138330247,0.663339906180795,0.307427875781687,0.0352574982847019,0.340495714218355,0.263449834101857,0.575653101871324,0.0785927112026708,0.233151155288308,0.319571884474781,0.601300059528951,-0.50371420355508,0.476215167529136,0.0716607413341959,0.0255389714200098,-0.630299524249734,0.168373083599562,-0.438372220150029,0.134838600353636,0.356739791764312,-0.375389866209171,0.0946696125016976,1,0.0461963586953847,0.0103198161859124,0.0615062913109107,-0.0504535026740411,-0.0781557245014498,-0.14641447740673,-0.351580701684654,0.144225352888145,-0.449802627579515,0.321681135242613,-0.193576345577742,-0.101671276019677,-0.523371519714521,-0.355461631531371,-0.397102961549196,0.112740622186285,-0.111902079633425,0.616768900350277,0.064802944310339,0.263491107321998,0.0389432709715323,0.325802851716004,-0.0542785776886143,0.437070158695326,0.411245332767239,0.327997979985116,0.443300683558591,-0.0901571273816935,0.077099379137209,0.319322900599874,0.0107591211210913,-0.159118898521939,0.180835146814319,0.38604130252641,0.519872918714913,0.44396293157767,-0.220309033779145,0.0896701405730675,-0.417194393731157,0.289790866163766,-0.126790672334124,0.421648677215017,-0.0242444695811116,-0.826578670961641,-0.720362092937395,-0.114866352339613,-0.171248327481375,0.154384104816984,-0.159112997685057,0.0387445761154011,-0.42648799511378,-0.284468081113027,0.0832407888811226,-0.0752772050941076,-0.336232924817674,-0.281301286279935,-0.396476021238797,-0.10569505196982,-0.591784008556183,-0.269038472884414,-0.0619863859866006,-0.117681430942996,-0.398921607275771,-0.209569317686462,-0.2722659152529
0.313221036568886,-0.0676321566535226,-0.124242594193315,0.409368785937624,0.293687055256274,-0.32550710085149,-0.213052833619121,-0.320241008968931,-0.051239426281982,0.0497151986694934,0.009193334077126,0.183042520981987,-0.0286340449058397,-0.0251308260158578,-0.309087845992882,-0.81343557943069,-0.0511945478434765,-0.428258563448173,-0.0720876679822353,-0.354598037496091,-0.0682452064738982,-0.0936448210256929,-0.391551734862764,0.297097906224275,0.304692874681537,-0.500842181795939,-0.23799963293838,-0.477767229113106,-0.134862815152608,-0.0900800838704791,0.7610102076886,0.616062332444175,0.527243389682555,-0.0817331391694062,0.0461963586953847,1,0.217554502236198,0.568297458866907,0.0970278184137078,0.0838863883842685,0.449563789680601,0.286084045997486,0.296073523307859,0.158007190027077,0.0216615057379784,0.289057893279027,0.255829922080821,0.103813630139771,0.222593741582457,0.00552700331610684,-0.431862683421854,-0.0672148307774357,-0.575081708641455,0.255205619548969,-0.0905496472611682,-0.0912867428528703,-0.580475481680744,0.138151061559542,0.139923461747327,0.196687752715113,-0.235975727564605,-0.333411679814827,-0.361823509093223,-0.713596170866279,-0.0900967170047207,-0.176979778666201,0.108005234244934,-0.632893362874362,-0.249244151323575,-0.446568001319942,-0.0864105185625055,-0.445752891894003,-0.666215384126503,0.249643167657063,-0.244717624872464,-0.144968031993563,0.105356911489819,-0.505740803956736,0.187897980529063,0.195732220138665,0.227153406020945,0.337815668794069,0.384858090682134,-0.0703288033287101,-0.211596970310592,-0.0445874490075659,0.533380133595131,-0.11542523080625,-0.234322324307639,0.481469973919738,0.232768496325888,0.346611717284452,0.107186899670325,0.199506346847944,0.0394319306659516,0.295356584766039,0.342183561207732,-0.0521985857392936,0.147940703849276,-0.177767397442102
0.17502133919537,0.031315104500758,-0.0806183617062726,-0.0984561272202773,-0.221131813469082,-0.430487893018718,0.473106945001014,0.451122889243333,0.144497185330239,0.0638580057356912,0.249648697256881,0.0424268901515222,-0.0758398189964842,0.600864881558163,0.279474338424736,0.609179132443806,0.042153595280626,0.629450845159767,0.501597531773881,0.627386635061466,0.714919503339387,0.0584779306176671,0.454974834900286,0.245993815508773,0.0813838161675875,-0.297734319865799,0.394629661066492,-0.310048312702008,0.0642852481693072,0.33796136394233,-0.0563588816274242,0.492910316602992,0.249611218379661,-0.0307325116168264,0.0103198161859124,0.217554502236198,1,0.202743768176297,-0.0304002717406688,-0.166285674137172,0.359164361864202,-0.634890688769717,-0.0319300834841968,0.0666649811183546,0.203191519278005,-0.0936229327633312,-0.0960905122697848,0.265623639463445,-0.119628215818515,0.199606853251829,0.0463877660622012,-0.13777386872849,0.145635665071432,-0.449428026793534,-0.693887684753693,-0.418601743289152,0.0967491519000091,-0.0102163026746486,0.433746052024275,0.346275897300394,-0.290546925412827,-0.312443558357988,0.114550700205605,0.0572827194515406,0.610333521343883,-0.000615550309958551,0.0708168695813533,0.134050635026529,-0.533537883505741,0.0412171967363727,0.597768906684143,-0.473267462973839,0.573844084544656,-0.143353713482356,-0.0500232974532381,-0.418447741036426,0.011466531345203,-0.464264753139585,-0.0497569875546291,-0.0415312438745679,-0.424729397352514,-0.632971482129162,-0.341715449099176,-1.00494586754185,-0.200002118886925,-0.697676477736016,-0.149192146854832,-0.891263323511083,-0.17567744746234,-0.208582970025326,-0.444446074525487,-0.160797795762549,-0.0843308294274807,-0.585459467631574,-0.26381794474216,0.0159355183783089,-0.311662614752977,-0.189997620008077,0.0403549949741664,-0.291167170692494
0.220700570903735,-0.0922752573573902,0.161328594955524,0.0170168693049787,0.1884228947315,0.0882012318295172,0.10400847831048,-0.347325855195543,0.136598605548347,0.394497865619793,0.0418931046643409,0.649015079895664,0.0154486423276357,0.109823012874059,-0.729576511919797,-0.247518066935071,0.407148799126468,0.0879536219937941,0.351074635262515,0.305141619024906,0.352630930485593,0.465993266979484,0.299514331302497,0.620213450776059,0.816808924666992,0.190700937241046,0.452489553423659,-0.0308950417391807,0.517952604138495,0.0331786749634337,-0.344243960791625,0.199952826812266,0.0541144049104483,0.0557592491536677,0.0615062913109107,0.568297458866907,0.202743768176297,1,-0.201014437666123,0.4234084374876,0.0168020902207785,-0.320098798917558,-0.0842181644211266,-0.251377668823847,0.246380206367993,-0.42077583167482,-0.14630175762554,0.131551051139254,0.115381291829443,-0.0571512631497517,-0.406634539982007,-0.0590078181874926,-0.380948392136216,0.111386112781943,0.0927006151661619,-0.0263119814604338,-0.526496254590918,-0.327851687291383,0.0196991654397208,0.129762663022784,-0.146250329677907,-0.355602180470133,-0.48397245142123,-0.582683899954691,0.211978461432481,-0.496294315318234,0.204305360245098,-0.327376373171284,-0.07685145665343,0.102668334917874,0.488686842786201,-0.067233596125846,0.121058612268577,0.0215921619103771,0.0872188483903112,0.372978978261927,0.258585283343955,0.0723840528617525,-0.357792308454113,-0.299354919401987,0.680039610491074,0.0131275858624544,-0.0122548671803712,0.052498436057173,0.516506998680369,-0.358147154529221,0.751628292860358,0.0623973171716339,0.24427948875645,-0.0161366055022301,-0.296222803897597,-0.536610661535618,-0.0725659330010262,-0.464388855682795,-0.0161207016025304,-0.143032810049412,-0.436707720440771,0.0939268434474236,0.0549738155389434,-0.0737592167158543
0.251951557271426,-0.35618729574711,-0.396914001349266,0.0217814163817988,-0.223300405098673,-0.242369374109784,0.313296983281141,-0.394935835214661,-0.366762883355381,0.173383367537223,-0.163212293108701,0.127907684812819,0.303444467157718,0.285755845038209,0.173287052709212,-0.142008334907246,0.327883574102875,-0.125282717970429,0.334696964679185,0.409526152011073,0.284595281088563,0.205583131048415,0.394393985857655,0.388856839047336,0.219049054651461,0.14215783139914,0.835636853736824,0.205275911536388,0.503090028182859,0.419514721973068,-0.0207481338712192,-0.167492258352183,-0.000144025362611711,-0.239005776756086,-0.0504535026740411,0.0970278184137078,-0.0304002717406688,-0.201014437666123,1,-0.131389219055336,0.0669826264994804,0.0625464230485127,-0.0125137152692522,0.154076343590503,0.691505847191658,0.0843316658259093,0.225462642500644,0.369194309412684,-0.0069685032472185,0.129259695069622,-0.711034321364697,-0.524463653186769,-0.0332041362429734,-0.0408611823780782,-0.0824941635332958,-0.256343250613319,-0.396830643947406,-0.350909654834768,-0.0626241090385544,0.124341844432455,0.227467097005639,-0.0439960148412762,0.14710699842683,0.551780154217542,0.490493979238586,0.183418363271412,-0.0228883805392731,0.131517779594124,-0.0266705772916769,0.233160645746796,0.536080075922567,0.0108070925091326,0.403844710510817,-0.60240806107515,0.479850496140595,0.438593570216089,0.0637037316703965,0.553338777059561,-0.688286341840373,-0.72630943632905,0.881884062812039,-0.231519328286822,0.0317356864022017,-0.404991905225663,0.960278614867408,-0.561193714488164,0.0419758475652677,0.135440583971383,0.196098241483654,-0.06828415157374,-0.42516551484919,-0.671030094662879,-0.00430063635459987,-0.729306313950484,-0.0294948007935514,0.086978655235819,-0.175149548882064,0.363481599520979,-0.0300885278275241,-0.168548386885327
0.610620629338972,0.080274394081459,-0.354204286775971,0.43025177761038,0.200434526657992,0.0558813682016655,-0.134161869179851,-0.617541682263459,-0.427604631167278,0.149159894837025,-0.153311982545507,-0.0506478407986456,0.22724267518368,-0.00919816089346705,-0.0652347521680948,-0.22573835284183,0.283695470076088,-0.485801639095509,0.302678477124371,0.0489724787344866,0.0911657224171678,0.321496640376885,0.150746844710974,0.0787832361046132,0.168702484952685,-0.270180072356612,0.595315930885779,0.0567952149298945,0.0917415310285477,-0.0174383227887399,-0.103486045597999,0.740400246565326,0.415996383288589,-0.0670311681809485,-0.0781557245014498,0.0838863883842685,-0.166285674137172,0.4234084374876,-0.131389219055336,1,0.131525489443984,0.405881151690266,-0.0433502310850738,0.101259856525301,0.194820539627279,-0.120494183592098,0.0530624791525753,0.0958645715749465,0.548266205627925,0.083163536899059,-0.439899120664215,-0.370938371779227,-0.202100328310461,0.303237999244024,0.10527948069871,0.258513030377004,-0.538046607536216,-0.268376104528959,-0.399366549393925,0.0525090738160367,-0.203169022241536,-0.126626353862103,-0.381883652001947,-0.101669847473787,0.249685236669095,-0.289735855897228,0.162141419331998,-0.0745476782316961,0.234618019856843,0.186651108474011,0.415933763613264,-0.280723224325139,-0.110350418023194,-0.415500824338297,-0.179512432361896,-0.025603359502709,-0.569154145842146,-0.211285876490058,-0.18674731486104,0.00715514424830863,0.51175567486689,0.208445456792614,-0.0909008851214946,0.088250444533589,0.261445028906752,-0.285446128423989,0.153548219929775,-0.0673017630519015,0.1639077386215,-0.103980086316014,-0.117430452871766,-0.2395308876613,-0.378510463713243,-0.32017402528606,-0.0826945343723179,0.305293379258103,-0.262275688426603,0.221226467258172,0.179996401939745,0.0797669820555825
0.297358897884972,-0.166561602336624,-0.0736273479690089,-0.0129882617413594,0.209014786560517,-0.143960508353183,0.0523202468330455,-0.277773612830115,0.0679211356895062,0.599305599818813,0.347537490867514,0.771752091893821,0.267025110956726,0.444558629254709,-0.365057976722183,-0.577650108898959,0.296390300608368,-0.11625699538281,0.37409653540428,-0.0280436356742147,0.441025334637547,0.22370841429469,0.0395415785497825,0.525694255950709,0.799862877540533,0.217989698041379,0.157561595515716,-0.457583062270395,0.409002402078146,0.172162284063923,0.237039317831793,0.199703569423561,0.138809450338979,-0.239238821894209,-0.14641447740673,0.449563789680601,0.359164361864202,0.0168020902207785,0.0669826264994804,0.131525489443984,1,-0.0999066983233254,-0.0280340985932684,-0.0953720071064481,0.303044535115895,-0.15055681484919,-0.0934415817360232,-0.107184353543844,-0.0766227081674279,-0.145437997798928,-0.572348172518831,-0.20242523292497,-0.284478352469201,0.0870573167652576,0.00832454938802141,-0.172349137850305,-0.487871809345042,-0.262126071357628,0.364542418360264,0.712960405024592,0.240114468040827,-0.151291294882652,-0.00276872330934863,-0.163725851203398,0.482807039955286,-0.161964430929555,0.103123207261008,-0.149664424046725,-0.0244824068504995,0.0523631174797483,0.50692680346772,0.00944918538028305,0.150020831770635,-0.0825171105643849,0.41385938934431,0.433832597823736,0.61046914034554,0.190015920015473,-0.574729676564215,-0.441765873870821,0.676818165848797,-0.123653300204137,0.29626331543374,-0.264137017640534,0.539488223450875,-0.409294631317053,0.530389953062558,0.0485901886374868,-0.0272864400693027,0.0460005606371101,-0.183793419075376,-0.258691066718948,0.393002556362676,-0.264478836135708,-0.0460897416628228,-0.0512231021635713,-0.163094149663177,-0.113635868994762,0.0439187753935749,-0.155837502717765
0.319351358118519,-0.231762958314154,-0.471322776961722,0.543397517649823,-0.157896595810346,-0.0960173729207638,0.379717855579863,-0.523473502863754,-0.655519766720827,0.483719778804274,0.35283271984095,-0.0719496995877529,0.646860786566976,0.0231641585336242,0.415777146311911,-0.177119045252223,0.248241015071983,-0.466202985791893,0.0671010448790749,-0.0126588048295163,0.0138069910735323,0.0844127075515821,0.232269574289176,0.0790861125587126,0.0376371707578557,0.0134868696078989,-0.224761096296568,-0.439350685341843,0.194427566063035,0.0252013620994482,-0.0656020596662195,-0.143093136711131,0.056506640124163,-0.553540597569128,-0.351580701684654,0.286084045997486,-0.634890688769717,-0.320098798917558,0.0625464230485127,0.405881151690266,-0.0999066983233254,1,-0.346816609873221,0.0136007617895555,-0.31420265312824,-0.126514379329468,-0.0533805348549737,0.136910258725748,-0.146134842915188,0.0632499943167113,-0.207229591365371,-0.569152515452355,-0.0296601909509817,0.235891521354017,-0.135672316671799,0.221015901948241,-0.377142489456942,-0.477133271595394,0.347384638038368,0.435627655951623,0.178459033070755,0.286024781873755,0.104133292370865,0.401336767413986,0.486619215171753,0.389278868389444,0.679036102992576,-0.179899949829605,0.03755912974538,0.0713915857802531,0.195056900772109,0.276818563615471,-0.191277238330198,0.262684350834268,0.495691597903985,0.271741702091095,0.356958804523775,0.250055248371429,-0.431968216117295,0.111257418971857,0.449213550762778,-0.0190779301299469,-0.212495282811905,-0.123307189225351,0.447689726826112,-0.0723369252957128,-0.23680588238972,0.197462739015925,0.330811991883551,0.244270439810162,0.357940247816239,0.0515145163838515,0.675487321958809,-0.360251750285096,0.0419123736638338,0.323490248946137,0.19464815311205,0.49775732104303,0.198220393958625,0.305155314764508
0.381094517802741,-0.125286926611011,-0.0275955786064206,-0.483824049888606,-0.0726353240813505,0.0774782554005524,0.277613957118452,-0.113584675797667,-0.341180746877412,0.794048363716851,0.438061672117041,0.44332800464875,0.598245488118366,0.625116735307533,0.0667378548357691,-0.0352481710504024,0.537710097583619,0.47640096278626,0.790323889508922,0.476721355364897,0.44115705564795,0.518914102750974,0.873717951041179,-0.155428244460651,0.583674130583286,0.0475892281815556,0.263925006537101,-0.354131996260662,0.505761852564114,-0.274504665754071,-0.17116929726934,0.104109667669098,-0.414229010706925,0.18497276166575,0.144225352888145,0.296073523307859,-0.0319300834841968,-0.0842181644211266,-0.0125137152692522,-0.0433502310850738,-0.0280340985932684,-0.346816609873221,1,-0.370355631808028,0.377155101856465,-0.261637026907455,-0.0387390255603696,-0.119305023037723,-0.216231619729467,-0.268629422112786,-0.109849668997393,-0.324948779130012,0.216649783394877,-0.29204249623648,0.0889178264004996,0.000562900764505325,-0.0515630863390491,-0.361544854088185,0.256048155386778,0.193177611096424,0.258193137218412,0.369824614260588,-0.0896212472105873,0.103571087388062,0.339586187087682,-0.0743985335799016,0.0963383371083754,0.160730191009679,0.307231132745313,0.600359808021424,0.599096465493713,-0.0898809185873523,0.30924836573594,-0.375944781596195,0.353263796038197,0.0075762221037699,0.464331363989087,0.206954905703123,-0.866778123888293,-0.731600538333579,0.286045980571056,-0.200224373713325,0.127774194127269,-0.125885446285979,0.363175797596084,-0.579828128057233,-0.150091843552022,0.17234374537454,0.22548187902331,-0.216164754499519,-0.272853577738011,-0.556243676221472,-0.174220596747987,-0.847703317132021,-0.259210567532107,-0.0946992651246566,-0.249064531334967,-0.0594975684633602,-0.0686308137804183,-0.15419529301864
-0.147051009636909,-0.310158072879129,-0.149632006793545,-0.148946910762073,-0.0748231207906912,-0.253856001852781,-0.0109791508353975,-0.226585505963965,0.215126016739735,-0.351466118091595,-0.178702139824246,0.398458030106748,-0.442465354789177,-0.210502637859364,-0.728508500325173,-0.375660219929327,0.0432896066835697,-0.12260202216489,-0.244667707858492,-0.109119406805855,0.168823837436094,-0.208741597414109,-0.534721276757741,0.849546499562836,0.209271429756798,0.288722015594144,-0.26517039183057,-0.0605128104502249,0.207911493789021,0.39197720288429,-0.0400828812109944,-0.484663441485867,0.116810566531774,-0.350593183898487,-0.449802627579515,0.158007190027077,0.0666649811183546,-0.251377668823847,0.154076343590503,0.101259856525301,-0.0953720071064481,0.0136007617895555,-0.370355631808028,1,-0.208340089332367,-0.0306773070820523,-0.105367547108286,0.167317600557975,-0.275148694676486,0.00359886229603745,-0.362788829224633,0.0827701707099853,-0.567606264578285,0.0463272669428796,-0.203664957941311,-0.210313563462386,-0.478155547939354,-0.224554033362057,0.223359035888579,0.312645018682516,-0.0152331298768904,-0.674406412340662,-0.0789405184893368,-0.203168932673588,-0.0659414624661662,-0.188994642040838,0.142640949625806,0.00890695215285725,-0.222791613475351,-0.428722648911918,0.11814222370707,0.712838633365511,0.208151109560125,0.620249958897017,0.380023889971907,0.662350616457732,0.662045858458866,0.516443249375798,0.325835302150113,0.509892775418418,0.597313530034223,-0.0403486626496098,0.143829785721717,0.00889763847885466,0.730434349450508,0.400521841152719,0.484082542127117,0.182602966537422,0.13606174678901,0.592343305628376,0.476942085357789,0.441180180641639,0.822426879176589,0.416836461090972,0.198248853866861,-0.164985033304777,0.241157682487968,0.363450811381356,-0.0176844409365722,0.167169855327866
0.247255823257052,0.151199370814017,0.400417265069859,-0.557914415657961,-0.00627804704936713,-0.157535284285446,0.427969266247993,0.594799026038745,0.226139203841652,0.57579118068699,-0.0594974860550864,0.493919494821362,0.129830234384366,0.317034404776266,-0.0292314663630286,-0.026029103441701,0.0348613044361263,0.520457625958222,0.196143034042361,0.427329229245101,0.00785415901273037,0.183536578600142,0.372249480563995,0.308977432749707,0.685963216190226,0.0237344451204439,0.0957196639699079,-0.520250447306832,0.139347917905434,-0.333812867879393,-0.15017036538531,0.286654013921132,0.290055882603288,0.255466648177048,0.321681135242613,0.0216615057379784,0.203191519278005,0.246380206367993,0.691505847191658,0.194820539627279,0.303044535115895,-0.31420265312824,0.377155101856465,-0.208340089332367,1,0.0600445786731053,0.225067600590876,-0.139068554566368,-0.406496690481267,-0.193654354372598,0.0634621669287307,-0.0244532866164622,0.0655920390893757,-0.454543202575774,-0.0672349700274085,-0.291576580257249,0.553369227005036,0.157443456953999,0.0412350366251792,-0.0755765469944915,0.253667721722908,0.0693181899613222,-0.087967451422152,-0.107664545281074,0.0360629909185832,-0.234733685651536,-0.177048062586297,-0.133516631252397,-0.0562531047048547,0.163358663854336,0.0188698176339241,-0.135120322274205,0.0411511468306511,-0.194895461678869,0.16990096504947,0.0223299150036788,0.282518744615885,-0.0469375885284489,-0.369480066082403,-0.422047287617745,0.326831432201558,-0.544367811839269,0.083013655130479,-0.243481109106057,-0.008912008798448,-0.331405820562258,-0.257664799149447,-0.344535974975215,-0.250613045950811,0.0496088873188293,-0.115596999647881,-0.441742259900767,0.101325656775194,-0.510825431907742,0.251261122527275,-0.389995296326114,0.00169840079103041,-0.617878446981007,-0.36318746050878,-0.44817715574349
0.130836316419621,-0.476214835896483,-0.138867412320479,-0.320978004003979,-0.103268025844537,-0.0011837409195174,0.0483517127553201,-0.310452263091825,-0.208334995687257,0.314146758997479,0.190732416050094,0.562830319476298,0.230282485000852,0.227389908904409,-0.243549474187492,-0.303042809971568,0.232707063404168,0.0461298345905827,0.115549653925711,-0.0813389371259086,0.0718365704503948,0.099953879206303,0.111936594304698,0.280776793194162,0.349603983170771,0.299242838990579,-0.211636902062422,-0.370152763769106,0.41279883300668,-0.0126971252559076,-0.0436370211615633,-0.404809232090154,-0.364156388571541,-0.277665083385981,-0.193576345577742,0.289057893279027,-0.0936229327633312,-0.42077583167482,0.0843316658259093,-0.120494183592098,-0.15055681484919,-0.126514379329468,-0.261637026907455,-0.0306773070820523,0.0600445786731053,1,0.0596424889992584,0.188217504840491,-0.204414829529698,-0.0486893978852026,-0.21136287426719,-0.264272827479747,-0.200992287244106,-0.0909785542531986,0.00900632174656618,-0.0602466676531971,-0.251008127998432,-0.461113192905565,0.433045694357012,0.421734358022689,0.336955608152031,0.216086171722185,0.312693682472807,0.294078652818225,0.20797470668961,0.30203548146514,0.00268795289549023,-0.0885647326112537,-0.0254616176810089,0.0607374143808251,0.192568592103529,0.395344743930213,0.119244695151722,-0.0550512709882506,0.578487146642377,0.549309982220222,0.880107580707042,0.625295273785281,-0.458367440398913,-0.175196245057423,0.531287746837674,-0.0802585373740227,0.172376160205827,-0.0173153601110155,0.556141646908276,-0.0895456344323761,0.0706271114331263,0.539915583855674,0.189585046786202,0.244790887534821,0.298602397079335,0.00287731993295715,0.481628615789185,-0.180561035455756,0.00666774744952209,0.00574526476978748,0.168127734543427,0.247227124725705,0.058381669690879,0.0985443659002046
0.330714360099101,-0.350846004883171,-0.233928741599742,-0.327345381151464,-0.203803145850312,-0.137357550303535,0.162817243534629,-0.240430477524073,-0.228081041864207,0.559827361540252,0.446257486830849,0.494853174607238,0.492077210409429,0.418983608668863,0.0292357992857679,-0.356748179971392,0.29030777397858,-0.0209057287780666,0.297948193062273,0.115589234082464,0.216163084079816,0.104705746328094,0.250297550455973,0.271746042672414,0.449536862144532,0.230851892094756,0.153301636969388,-0.427638600507779,0.545462937889153,0.0336019715185192,-0.073106698826624,-0.210157757619953,-0.302531982576364,-0.3320120807716,-0.101671276019677,0.255829922080821,-0.0960905122697848,-0.14630175762554,0.225462642500644,0.0530624791525753,-0.0934415817360232,-0.0533805348549737,-0.0387390255603696,-0.105367547108286,0.225067600590876,0.0596424889992584,1,-0.0109360099244396,-0.265233328067893,-0.148686785969456,-0.272481540590217,-0.345353570527366,0.0148913920826322,-0.131734962021468,-0.0830056312338848,-0.225441036000007,-0.156383106259695,-0.430143029255408,0.356504101967441,0.498467528795122,0.441853485800552,0.405390612565475,0.248324574298955,0.360886688105005,0.407051797827889,0.400772705847099,-0.0512719913620581,-0.113321314556698,-0.0547989230636673,0.129098226442159,0.322847449932199,0.0818022887241976,0.0890096457613568,-0.273782028412899,0.63632472013502,0.407703387354841,0.629995681607479,0.465494231416398,-0.713124256280581,-0.48194258589126,0.581426732412318,-0.320734437735793,0.168060426664955,-0.217964148254332,0.581962862425269,-0.41558287478564,-0.178068457426724,0.321017495869363,-0.0318656848313604,0.0877375089432788,0.0288389330697989,-0.319619456124598,0.375869285879701,-0.318345608611288,0.0522128060509865,0.044960186064477,0.0737470036992731,-0.0481411549461389,-0.0839428950962004,-0.114614892480496
-0.0260846584120047,-0.28202943073546,-0.240235369471705,-0.138540791216221,-0.125687027668718,-0.40238760736833,0.208771460521505,-0.213234984023488,-0.0520751504873513,0.367761161425402,0.478351891105348,0.851923237912182,0.177091274448309,0.380572134534669,-0.206307995838363,-0.610200336934159,0.249066694298764,-0.587106663316502,0.116652179946018,-0.534199916993042,0.307672645803675,-0.226162637380666,-0.601806557502565,0.822833171446277,0.57631180436981,0.260205398438549,-0.261798124687318,-0.626842261839139,0.252289624798691,0.452233930955424,0.277754883442582,-0.181125921182143,0.131902683885944,-0.682827460489987,-0.523371519714521,0.103813630139771,0.265623639463445,0.131551051139254,0.369194309412684,0.0958645715749465,-0.107184353543844,0.136910258725748,-0.119305023037723,0.167317600557975,-0.139068554566368,0.188217504840491,-0.0109360099244396,1,-0.0307432380177902,0.0804721223179123,-0.705497159644677,-0.135782506383243,-0.427679524746403,-0.0683441575149078,-0.179123367704357,-0.448627065501693,-0.523210396633317,-0.147320412628049,0.726237797912727,0.748177216873905,0.554203247094812,-0.15708326784862,0.363131432140783,0.0564582078755351,0.603924726937326,0.193878103696897,-0.149368890008303,0.0011976546675358,-0.459506190996364,-0.516020221523392,0.356781562150969,0.375146083401558,-0.0775291127849334,0.0729746505564358,0.706687395412163,0.719250727163366,0.682876190474904,0.453140618807312,0.3246166671573,0.387769111527488,0.494025927203452,-0.450346167392558,0.0685806128596401,-0.241593554458798,0.397062471792589,-0.139439559142696,0.383860860296452,0.139962672070133,-0.343255994533207,0.421782836671173,0.504849854205788,0.459441057386897,0.961665896612064,0.327899417361817,0.373856815872355,0.161965329917418,0.386323216188454,-0.200555922830321,0.144842405830642,0.0190309377927759
-0.228548799077408,0.0224124946349558,0.121814620377005,0.0565325734442239,0.0679211244404513,-0.167847987450852,-0.0729818771245344,-0.0203601774358133,0.289711059426171,0.00208535955800564,-0.159108777278272,0.321456323706108,-0.592554854230788,-0.404506077025989,-0.53931127907487,-0.34883218802097,-0.0476312153848321,-0.0844723084787489,-0.293346191622953,-0.0359939120934964,-0.0277063404414413,-0.140142109004845,-0.526346377001353,0.704537271708278,0.5125795559315,-0.0564941193038897,-0.328740113450899,-0.513088751750357,0.198392668621905,-0.241383952148679,-0.0994114582790105,0.230564648365343,0.383801619783078,-0.278900712487448,-0.355461631531371,0.222593741582457,-0.119628215818515,0.115381291829443,-0.0069685032472185,0.548266205627925,-0.0766227081674279,-0.146134842915188,-0.216231619729467,-0.275148694676486,-0.406496690481267,-0.204414829529698,-0.265233328067893,-0.0307432380177902,1,-0.0586148662088442,-0.172745678520053,-0.00605552233713513,-0.654301098438684,0.171005761513776,-0.154879633661189,-0.12520687065078,-0.331431165659697,0.142889107389202,0.205589043899108,0.183990855210698,-0.0102703861923324,-0.351379257044065,-0.31016681895039,-0.608703774566199,0.0927591662750927,-0.299636239132466,0.253234644698207,-0.551783478588723,-0.287094755985431,-0.208134723763886,0.0546714309937443,0.0772882967637462,-0.433135779811582,0.524557063547646,0.232773546056137,0.456686024491774,0.210677655561633,-0.163630430859779,0.218019449969976,0.431730113472713,0.419108351567359,0.0691453717813731,0.167973090273337,0.0943540129023437,0.0441126084780411,0.10726888421658,0.452720892836076,-0.256998336649014,0.120914024137069,0.459380319873881,0.418159372404211,0.166396272808049,0.290635969913794,0.199453489516272,0.520591791820269,-0.237740235967206,0.101016307209594,-0.238511533308248,-0.112270489568117,-0.087675157578986
-0.140865012915172,-0.373281268741921,-0.256800329727636,0.057512277708809,-0.107697441233888,-0.519039932644181,0.0488104912784798,-0.244293656702695,0.0162100439449798,-0.160041886779624,-0.00364264560521946,0.30973198453164,-0.52451366989508,-0.0516533678938976,-0.251859285575807,-0.314876927832311,-0.0542551055234946,-0.337770583118991,-0.132248658740562,-0.221005494297222,0.190630629297398,-0.119011506402585,-0.588617179777333,0.867302380343894,0.366202192988751,0.151456430927584,0.0147941617323721,-0.107949169366549,0.189402565240988,0.519784403353121,-0.014430794410721,0.0500847754168121,0.403742909920624,-0.518413234366508,-0.397102961549196,0.00552700331610684,0.199606853251829,-0.0571512631497517,0.129259695069622,0.083163536899059,-0.145437997798928,0.0632499943167113,-0.268629422112786,0.00359886229603745,-0.193654354372598,-0.0486893978852026,-0.148686785969456,0.0804721223179123,-0.0586148662088442,1,-0.407446165890209,-0.126376952940526,-0.525128632942558,0.0254229320164936,-0.320511728427462,-0.318742920072325,-0.560756162911359,-0.238952679033093,0.296314662924007,0.513294470200746,0.0995261022002447,-0.678649303247862,0.119861024660259,-0.0538119144955784,0.430559132617963,0.0765127406513011,0.116291695093019,-0.134280178630999,-0.328443804217806,-0.38548001309124,0.177676901619921,0.342042531401023,0.106925936439717,0.282758558578933,0.41987243026658,0.666054272321358,0.0934800883495379,0.262648817504876,0.309036191096036,0.573560358234765,0.60115687943645,-0.104868376221484,-0.100163764513029,-0.111461249118299,0.516191987819036,0.126136435083801,0.496849100399621,-0.228304914239794,0.139264237435541,0.351920076083758,0.311071640194442,0.139380553520318,0.560174379047142,0.185122085310525,0.389285586411403,-0.141713889691566,0.126943615700936,0.0646058252684067,-0.0209664890517444,-0.101864513220236
-0.691460484039574,0.151673718541305,0.12078332613144,0.481482648160739,0.349085874712077,0.146156353128653,-0.962131909610227,-0.321569507791924,-0.109193653247697,-0.537126959445133,0.0115521040369896,-0.380903373305578,-0.559945586868706,-0.345060138913242,-0.220019115820368,0.124942811911593,-0.0725986132825846,-0.167976659433199,-0.156388529184436,-0.671808283622785,-0.217156382736098,0.116694575680086,-0.285377628621398,-0.460427765472294,-0.510770858009681,0.173845340947226,-0.157765342406647,0.414571745704658,-0.514492951181389,-0.0763200209123778,-0.330661291766533,0.0534855771217887,-0.201373831271981,0.338360272729802,0.112740622186285,-0.431862683421854,0.0463877660622012,-0.406634539982007,-0.711034321364697,-0.439899120664215,-0.572348172518831,-0.207229591365371,-0.109849668997393,-0.362788829224633,0.0634621669287307,-0.21136287426719,-0.272481540590217,-0.705497159644677,-0.172745678520053,-0.407446165890209,1,0.336131127420577,0.321323067032454,0.621640315666992,0.507955653683282,0.132264901544753,-0.222826062318583,-0.231827426122731,-0.321185065914726,0.148554730844987,-0.32496877654936,0.0198494210679404,0.00113759536765004,0.0980930915264727,-0.202200435756602,0.192709358467611,-0.293309925602181,0.276380368293495,0.701767749519109,0.159616933174896,-0.372405732663402,0.369298264485646,0.00264700691530703,0.154066164662918,-0.119358220056502,0.0394060759600774,-0.534622915093063,0.0110243304975939,-0.188890056933682,0.277401778279167,0.0124120829034967,0.818291830108938,0.0456398285864352,0.801303252812006,0.0228205731593401,0.580831798962229,0.0889057964147351,0.223611370724273,0.148306129425651,-0.163575733340862,0.127384683979381,-0.175806752517991,-0.448359865685495,0.42119532172194,-0.0245600129751394,-0.381137947057972,-0.037083658838526,-0.209849460891146,-0.327990907043522,-0.149455385782084
-0.348083183775978,0.0306686822188652,0.00571677344326804,0.0500066454429605,0.38970324865989,0.361094028514902,-0.637573316107381,-0.242837824655809,-0.0272263626752057,-0.540851929930967,-0.455887210794533,-0.145525614097175,-0.608810706508948,-0.25258683306316,-0.535910561336736,0.276666921574518,-0.0935983620467509,0.118702253585005,0.0627070024231202,-0.0976122119577797,0.0424707692890626,0.0783742108982511,-0.139964231416308,-0.470660240147315,-0.246593593333183,0.126404450345455,0.0361489995764921,0.583638907619637,-0.256959167218959,-0.182446222395894,-0.92274137796022,0.0823630041616938,-0.136763129587397,0.247853557113483,-0.111902079633425,-0.0672148307774357,-0.13777386872849,-0.0590078181874926,-0.524463653186769,-0.370938371779227,-0.20242523292497,-0.569152515452355,-0.324948779130012,0.0827701707099853,-0.0244532866164622,-0.264272827479747,-0.345353570527366,-0.135782506383243,-0.00605552233713513,-0.126376952940526,0.336131127420577,1,-0.0633769872081547,0.210454306616437,0.3351535248905,0.0724853558265317,-0.14940962471236,-0.305756495763228,-0.409555132788393,-0.292150392759444,-0.349213964346485,-0.291097462073509,-0.0565464774873785,0.000662234217926494,-0.287287661436986,-0.401853932938562,-0.0612617363463233,0.47144109838089,0.538200520473584,0.225223610695931,-0.216684897800539,0.409667032876756,0.51892135792274,0.0184446131895818,-0.400193807350164,-0.0873880634706853,-0.571188064940606,-0.208389448052755,0.0861551497528898,0.226850897800487,-0.125947478914315,0.559469084423877,-0.181948896407882,0.41730951899457,-0.106697240642521,0.409575158377709,0.0974998935271649,-0.175812005066516,0.114750240890771,-0.255572247777727,-0.0502022715291047,-0.0848261777808635,-0.507501762051454,0.149413203419985,-0.436020449243303,-0.173646860856852,-0.395909097674478,0.271312688201833,-0.114255997105727,0.0258529104718735
-0.215060071671015,-0.184284781738228,0.00268362251574505,-0.554171698924896,-0.23678380223954,-0.289086517105688,-0.17809090158477,0.119488040525863,-0.320130991753349,-0.144693898790894,-0.069921473517195,-0.142820129704708,-0.0346778161495816,-0.0878129750778132,-0.0391826344356516,0.606365811168329,0.354561633172888,0.634847296074817,0.32969055132791,0.201234193865657,0.265147167694551,0.498835010321631,0.287882516986048,-0.262694635881623,-0.122657009657635,0.0655030703825759,0.00269584682003624,0.138354912425766,-0.0895400803717877,-0.259756994362386,-0.115663388673504,-0.359175379152028,0.214321598274959,0.822578298794025,0.616768900350277,-0.575081708641455,0.145635665071432,-0.380948392136216,-0.0332041362429734,-0.202100328310461,-0.284478352469201,-0.0296601909509817,0.216649783394877,-0.567606264578285,0.0655920390893757,-0.200992287244106,0.0148913920826322,-0.427679524746403,-0.654301098438684,-0.525128632942558,0.321323067032454,-0.0633769872081547,1,-0.544263327369976,0.0381713483200945,-0.476432740154722,0.275435560469977,-0.198242267584489,-0.217306219492702,-0.399457295576078,-0.393034235064889,-0.168505942680379,-0.354728836287768,-0.027096454699105,-0.174443028300939,-0.391019823035759,0.0473830131261504,0.758882768953224,0.77048544358721,0.439534028095918,-0.09730780612918,0.467348970790088,0.454808317695837,0.0307696300795525,0.00652193272536615,-0.390351019012767,-0.465911632351326,-0.0675735097667168,0.211410866239759,0.141973874232689,-0.170892658560115,0.187746620781206,0.120900008122365,0.653535326593389,0.0795186905502293,0.472059632076353,-0.410640886141627,0.0383823120581805,0.00765227756902535,-0.378901391312483,0.00851078610478095,-0.306815948227417,-0.268250747920487,0.200419393754029,-0.235560481449445,-0.501569077718405,-0.0554669166393826,-0.0446760218133793,-0.340474581456021,-0.135446301463102
0.023806576896162,0.139289078242037,0.184107663878762,0.279191914239703,0.271835260502239,0.447599989699475,-0.690036653294175,-0.392609132460561,0.0510453699044255,-0.858571311728946,-0.486309339587862,-0.52169772756799,-0.525065320408889,-0.790682393981559,-0.549097943912529,-0.0391618033696313,-0.280321387360724,-0.0995045457552298,-0.337199997879066,-0.0312729879991723,-0.264394613532754,-0.0791695836980938,-0.0912616606467885,-0.199084711718149,-0.560734677240833,-0.282402846405391,-0.259408638206394,0.386500064061525,-0.344058209591766,-0.192277466463786,-0.439889550243689,-0.0192550261234873,0.119096002684417,0.102506001605735,0.064802944310339,0.255205619548969,-0.449428026793534,0.111386112781943,-0.0408611823780782,0.303237999244024,0.0870573167652576,0.235891521354017,-0.29204249623648,0.0463272669428796,-0.454543202575774,-0.0909785542531986,-0.131734962021468,-0.0683441575149078,0.171005761513776,0.0254229320164936,0.621640315666992,0.210454306616437,-0.544263327369976,1,0.203201161572536,0.578752297763549,-0.312825092596775,-0.283871810022658,-0.861410149918349,-0.377023126854779,-0.829045545747267,-0.464114676999157,-0.462974235621447,-0.303796301768292,-0.700521045054474,-0.367077715527525,0.38121360470646,-0.0398264906101024,0.274054576886781,-0.109928823525462,-0.492791938550547,0.19785299443204,-0.098124042045601,0.746865557020464,-0.73165625511936,-0.345588166122982,-0.328098472515016,-0.288195825375194,0.504955624535103,0.850953640238366,-0.237132002946937,0.620928697985348,-0.0289779464890887,0.536380859082534,-0.189578386712321,0.654682604258934,0.164614261266549,0.0601656737282255,0.259149879247176,0.265965502302955,0.383490368647741,0.415274333890853,-0.0659600144610187,0.633771510075796,-0.0644226910213844,-0.00820183615273312,0.0184655697024664,0.386713958630375,0.194524901713866,0.315821599864893
-0.313232988581755,0.457239994535684,0.447041650104691,0.0701406761835939,0.034568866083766,0.318337730273008,-0.277419024095714,0.343352392064225,0.0532223213743633,-0.697050739958424,-0.454209222279396,-0.541500903921999,-0.530665781003923,-0.571007540006189,-0.24405675375238,0.355810142939345,-0.326734180909041,0.292712987399442,-0.368654722627878,0.16456652913262,-0.396665550490902,-0.00994138191406739,0.131764649028346,-0.347141230694099,-0.49659810464044,-0.222003722805051,-0.0506088245877594,0.416896367951584,-0.329428986613232,-0.362785469098535,-0.516100856942441,0.222581483655117,-0.154185805851851,0.312553360002228,0.263491107321998,-0.0905496472611682,-0.693887684753693,0.0927006151661619,-0.0824941635332958,0.10527948069871,0.00832454938802141,-0.135672316671799,0.0889178264004996,-0.203664957941311,-0.0672349700274085,0.00900632174656618,-0.0830056312338848,-0.179123367704357,-0.154879633661189,-0.320511728427462,0.507955653683282,0.3351535248905,0.0381713483200945,0.203201161572536,1,0.288646123594794,0.413283314361836,0.129141304235615,-0.77943748590386,-0.688559687311411,-0.610075922402096,0.0250862995148484,-0.513246076044406,-0.470176286145145,-0.997149700653135,-0.397609042769785,-0.212526248395186,-0.144708406216617,0.191830300702461,-0.14475386777807,-0.506355948430656,0.16048791670854,-0.190835230899712,0.516590974599827,-0.767995777055538,-0.38632064754588,-0.390122943592432,-0.215341201834703,0.327104849163473,0.455154076685796,-0.496390786207231,0.173749809075575,0.0694585605093803,0.423475662587835,-0.199088791255067,0.538755321830419,-0.328277374050477,-0.0325686392645825,-0.0241877356244033,0.187926147103132,0.121492587525957,0.153227318480623,-0.407272257387964,0.421979217271356,0.224893044092151,-0.394192684721417,0.146729312488941,-0.0372346096265094,-0.401017807588541,-0.240208076197486
-0.276236756433027,0.264492928099364,0.141842951354062,0.483608039699089,0.29156633700686,-0.0175214832264962,-0.787623586891389,-0.298679801642459,-0.127300957227008,-0.462584981112779,-0.244078078228742,-0.342172141643402,-0.45000729366738,-0.703168577581158,-0.100153602322695,-0.426164178181885,-0.111874273196784,-0.302401188473331,-0.305537709001837,-0.425988927371752,-0.342071547010356,-0.134432568407376,-0.426541932086777,-0.181477209107298,-0.386995405031121,-0.285636203640721,-0.444281204356678,0.0972115856888409,-0.449168338527358,-0.363252277300981,-0.150619810274654,0.0171258913479175,0.220179937426521,0.111362263577364,0.0389432709715323,-0.0912867428528703,-0.418601743289152,-0.0263119814604338,-0.256343250613319,0.258513030377004,-0.172349137850305,0.221015901948241,0.000562900764505325,-0.210313563462386,-0.291576580257249,-0.0602466676531971,-0.225441036000007,-0.448627065501693,-0.12520687065078,-0.318742920072325,0.132264901544753,0.0724853558265317,-0.476432740154722,0.578752297763549,0.288646123594794,1,-0.264275843125186,0.0802773869639157,-0.49957659925564,-0.227373483092312,-0.490124089482031,-0.333459183244164,-0.444733129784017,-0.385820220713476,-0.5183705115627,-0.281526830772326,0.180314479737589,-0.151659877310641,0.453815054582264,-0.135451338407432,-0.393979389435088,0.301946544946521,-0.505757954336492,0.878215473934405,-0.380356080526316,-0.127259500064386,-0.395295760732026,-0.306904544578828,0.312209754219175,0.556439210966572,0.0719531492094519,0.732352295906917,0.258904350577514,0.627137578460135,-0.00227267981745966,0.747430170084455,0.102207069369166,-0.0453778781924948,0.0640294511868814,0.354469082766808,0.389939009132151,0.222104321541535,0.191074246021407,0.506867625483905,0.169068443614187,-0.16935819182417,0.243622375659256,0.00951896073737943,-0.169374315120338,-0.077989632817375
-0.678100047699492,-0.000279417558658235,0.103290780415328,-0.559377772742033,-0.0480250716457044,0.167413759343789,-0.403649805720016,0.0070013173684631,-0.185397271374019,-0.282496898771335,-0.444705609437083,0.154603029145654,-0.501336643871824,-0.0943616608039051,-0.300510756369152,0.438544797874521,0.455207587990182,0.467016961415692,0.38318114169764,0.141121574235617,0.389217106173482,0.478500991614213,0.180813659371719,-0.282745036861215,0.00269554994238714,0.70341989655315,0.371497347573007,0.654911367203246,-0.125499634840572,-0.195293326547425,-0.647579747186841,-0.374789968463223,-0.154096349945424,0.758400964426779,0.325802851716004,-0.580475481680744,0.0967491519000091,-0.526496254590918,-0.396830643947406,-0.538046607536216,-0.487871809345042,-0.377142489456942,-0.0515630863390491,-0.478155547939354,0.553369227005036,-0.251008127998432,-0.156383106259695,-0.523210396633317,-0.331431165659697,-0.560756162911359,-0.222826062318583,-0.14940962471236,0.275435560469977,-0.312825092596775,0.413283314361836,-0.264275843125186,1,-0.0914168479433062,-0.572178236254365,-0.573425543093303,0.130847941363393,-0.175184340048424,-0.135877479849675,0.14050405020886,-0.221870346241696,-0.528123284315355,-0.401047194860248,1.01110424845497,0.972249760434918,0.671234993955401,0.0346888806938484,0.726595146652515,0.563284524735311,-0.537324307909391,0.260165408553675,0.287026943634108,-0.460007234541703,0.56030125428075,-0.345728939551892,-0.426368122880484,0.345527489506266,0.297628038952928,0.320820816319926,0.65747642424861,0.480030530262963,0.258915192095211,-0.118520637200243,0.241434193939992,-0.000954051892200866,-0.532229224251285,-0.238069782879146,-0.713993098181501,-0.714049394069179,-0.100972816340493,0.00294051109525649,-0.818031704392554,-0.229494453542263,-0.229700660524634,-0.603006265822844,-0.480197871780968
-0.39332531472036,0.128768250124446,0.183887482928194,-0.511350485003722,-0.0289835370164535,0.323399059830429,-0.262190272764036,0.0177143269730762,0.00891733202040901,-0.192623534986337,-0.421381806307416,0.239288093014743,-0.748874082481424,-0.204562745539333,-0.271710242809812,0.195158039684516,0.290571574532876,0.501852873377303,0.394949657078121,0.482874957680151,0.462539914727579,0.205039554849165,0.243441604170796,-0.0187457951355801,0.0796580013378014,0.406817780151413,0.322819643451808,0.406861703312462,0.0754908033743302,-0.321583370356267,-0.76782320366672,0.00462448929534284,-0.0850652959619147,0.344191231598196,-0.0542785776886143,0.138151061559542,-0.0102163026746486,-0.327851687291383,-0.350909654834768,-0.268376104528959,-0.262126071357628,-0.477133271595394,-0.361544854088185,-0.224554033362057,0.157443456953999,-0.461113192905565,-0.430143029255408,-0.147320412628049,0.142889107389202,-0.238952679033093,-0.231827426122731,-0.305756495763228,-0.198242267584489,-0.283871810022658,0.129141304235615,0.0802773869639157,-0.0914168479433062,1,-0.490059769908089,-0.364107321044218,0.202344633575297,-0.185542247933742,-0.15265281734115,0.0435508967498752,0.0942663023951907,-0.583337951828077,0.0142745427033331,0.766344620209953,0.474529222949627,0.584878406679475,0.446890847769111,0.357286283811791,0.606789346906946,-0.114208664010878,0.0805254345338231,0.248583084313115,-0.27621498181539,0.230802216869293,-0.256385921939072,-0.171985121408642,0.168690270593791,0.0704089411963251,0.0425587488033647,0.0501135229956057,0.225806064059018,-0.00483658770365279,0.124564271685079,-0.368955430301028,0.113750383000163,-0.300176240518201,-0.274305002318691,-0.44382349560918,-0.520899782189929,-0.414678754337576,0.0676971576314906,-0.637291804015702,-0.489820294147971,-0.137231469992397,-0.266158330168735,-0.386535003033528
-0.13297865838664,-0.702424500637481,-0.506583003654813,-0.49330002943962,-0.836649323018492,-0.525199507303858,0.0437094690531317,-0.456359862619616,-0.449930607233739,-0.505928856352997,0.264539758347361,-0.117921409145941,-0.117143841545143,0.179743826193977,-0.0627728055792244,0.270109343059035,0.476551105590388,0.221418901397279,0.325517257599706,0.21829919090024,0.465253305497097,0.208277558631164,0.156395398447723,0.364628179118581,-0.44194687534165,-0.350138415161974,0.311166828026527,0.255840484639872,0.314935448950992,0.513995179462998,0.367416176430545,-0.383283896943585,0.029103453493372,0.268137768399114,0.437070158695326,0.139923461747327,0.433746052024275,0.0196991654397208,-0.0626241090385544,-0.399366549393925,0.364542418360264,0.347384638038368,0.256048155386778,0.223359035888579,0.0412350366251792,0.433045694357012,0.356504101967441,0.726237797912727,0.205589043899108,0.296314662924007,-0.321185065914726,-0.409555132788393,-0.217306219492702,-0.861410149918349,-0.77943748590386,-0.49957659925564,-0.572178236254365,-0.490059769908089,1,-0.357201938812889,-0.334763859635435,0.00423511005294455,-0.0989639986959612,0.0230620450890342,0.164027714505283,0.275778180887728,0.0900889663206756,0.103984558816234,-0.534419292487774,-0.270308814866479,0.247721983210367,-0.314619538354545,0.107555338327514,-0.315512387892398,0.0105122624950843,-0.36054028575026,-0.0561104208394932,-0.0308307797151391,0.499005763496296,0.329374902097384,-0.35823011501759,-0.182325756507508,-0.0596154031680374,-0.10793024342465,-0.019643210238961,-0.158201381017462,-0.0687458748324627,-0.0138183126683824,-0.239765589359795,0.0368246059792508,0.207587100516832,0.0817000047975879,-0.308184492201318,0.24455054720811,-0.0750565463347654,0.347169685116662,0.296737309585468,0.186636757358611,0.268047102164316,0.0515137036428212
0.463174992860093,-0.497178161364141,-0.313788052617209,0.0761838019251127,-0.362194115224117,-0.592314113984945,-0.141434278407422,-0.470104309437948,-0.386482041591712,-0.636927397644283,-0.24420149119285,-0.561254083626206,-0.164319216273525,-0.282240220496099,-0.00973771373271443,0.269110702983936,0.0771562176465895,0.0705763982490466,-0.158693444229628,-0.0124727378638246,0.0195227498159267,-0.0417913782060439,-0.0404674993354038,0.0336663632668118,-0.754640911195734,-0.79957748590823,0.0610208404003436,-0.26419077945156,-0.182965691378921,0.177145327839411,0.648164526567101,0.00152877862045321,0.731258886357969,0.335346597709535,0.411245332767239,0.196687752715113,0.346275897300394,0.129762663022784,0.124341844432455,0.0525090738160367,0.712960405024592,0.435627655951623,0.193177611096424,0.312645018682516,-0.0755765469944915,0.421734358022689,0.498467528795122,0.748177216873905,0.183990855210698,0.513294470200746,0.148554730844987,-0.292150392759444,-0.399457295576078,-0.377023126854779,-0.688559687311411,-0.227373483092312,-0.573425543093303,-0.364107321044218,-0.357201938812889,1,-1.01163698070149,-0.461815160006232,-0.422217260875546,-0.288927779928404,-0.0735988403375927,0.0782264931996602,0.630281188749028,-0.268819178864437,-0.269782299189325,-0.286264449025721,-0.169313303913001,-0.631497401936862,-0.268113489435801,0.0959750220400041,-0.53990470650177,-1.04911805683538,-0.291855268134388,-0.726955649786667,0.576316295654346,0.701005544279553,-0.387853463677897,0.40929000603697,0.032435690818087,-0.0851933713600376,-0.33454192108831,0.274253687379604,-0.0890245012970207,-0.265265319691814,0.0533319392751866,0.18580900753764,0.416217198099212,0.220441612132773,-0.0913864503816044,0.220505645262286,-0.444757081204994,0.551399296952472,0.273639995112391,0.583066645783109,0.616534132015323,0.332915786449456
-0.514944964367373,-0.357966898424358,-0.0968964968448473,-0.872259285295315,-0.869432229355012,-0.387988393330355,0.18355893439651,0.220774059858852,-0.130169443549121,-0.511258051951571,-0.52912419085919,-0.129710177879832,-0.632925108113351,-0.357690301085074,-0.029612571112018,0.517846635897813,0.256276667189193,0.655458204107399,-0.0539633941741728,0.713239597542383,0.0907861491490173,0.1132185129203,0.222546113224154,0.594684453784075,-0.225553568798861,-0.156010967520016,0.38190683210506,0.222012132631241,0.167068757530871,-0.0487806275343305,-0.160021813068981,-0.320098802505724,0.099899678724153,0.343980739690337,0.327997979985116,-0.235975727564605,-0.290546925412827,-0.146250329677907,0.227467097005639,-0.203169022241536,0.240114468040827,0.178459033070755,0.258193137218412,-0.0152331298768904,0.253667721722908,0.336955608152031,0.441853485800552,0.554203247094812,-0.0102703861923324,0.0995261022002447,-0.32496877654936,-0.349213964346485,-0.393034235064889,-0.829045545747267,-0.610075922402096,-0.490124089482031,0.130847941363393,0.202344633575297,-0.334763859635435,-1.01163698070149,1,0.0367042992447366,-0.105240076830085,-0.001942922919976,-0.20206978355167,-0.157707434423573,-0.182829561303938,-0.0537859302019293,-0.386666318910628,0.0626988699706091,0.0894185484971785,-0.0316062679275576,-0.0624118517941316,-0.250267064906364,0.224217031128048,0.0643926130165365,-0.138911642700506,0.110301612226806,0.330105369028767,0.086529965860863,0.118562003329963,-0.430015296885102,0.220170688175563,-0.0547466732282968,0.065117697625933,-0.115070482883625,-0.411175806627713,-0.102319508451275,-0.0440516991054139,0.281465473111853,0.223157055463017,-0.163517041005035,-0.410909574710001,-0.050652658785809,0.672429244098639,-0.313115519076035,0.365137329366666,-0.0680472947995439,-0.265903643574605,-0.343250497034708
-0.561108495479151,-0.468578992916746,-0.215928689678701,-0.465355691848584,-0.525462426601645,-0.297207866986158,-0.234044342989681,-0.416476407983102,-0.323408088669287,-0.160457476927165,-0.0817754388718471,0.0548901915518143,-0.656625316750721,-0.685586325531486,-0.589263403379296,0.125176570192799,0.541374919661233,0.323906781232221,-0.238453427884256,-0.192021053074391,-0.317690622161383,0.340306665844922,-0.181583801304235,0.350049447136684,0.141481704968986,-0.07011793586508,-0.196626532226658,-0.277997299103993,-0.302247181478248,-0.495886384404017,-0.0653964395698533,-0.476790966102369,0.0279556472278679,0.610415030294415,0.443300683558591,-0.333411679814827,-0.312443558357988,-0.355602180470133,-0.0439960148412762,-0.126626353862103,-0.151291294882652,0.286024781873755,0.369824614260588,-0.674406412340662,0.0693181899613222,0.216086171722185,0.405390612565475,-0.15708326784862,-0.351379257044065,-0.678649303247862,0.0198494210679404,-0.291097462073509,-0.168505942680379,-0.464114676999157,0.0250862995148484,-0.333459183244164,-0.175184340048424,-0.185542247933742,0.00423511005294455,-0.461815160006232,0.0367042992447366,1,-0.41194463512425,-0.353198633101768,-0.150532163111915,0.0264516359694086,-0.0524820449619485,-0.240315596712941,0.227211683805312,0.273375056830744,-0.376687188897294,0.281849237355784,-0.633163316219363,-0.161542595891903,0.628121353032876,0.249134341350816,0.158094730122026,0.0210227940538834,-0.227438670520506,-0.000488307533361959,0.339355284253489,0.175658038451965,0.537798379633264,0.811180220082643,-0.121970266300015,0.217530454231191,-0.110433170907494,0.569668312758979,-0.15794154337931,0.201086544210995,0.440819120281074,-0.255587955264436,-0.222352396333478,0.334177346290411,0.551824387389361,-0.398510360653608,0.435618175195928,-0.460993264264284,-0.559376179014261,-0.458848650295355
-0.751034114369094,-0.588136731272216,-0.252125670183877,-0.684852576130921,-0.72780077864147,-0.540887589386886,-0.10171175322998,-0.0563073677542689,-0.171299717491653,-0.907694362246979,-0.518787648661311,-0.432566391709964,-1.11946415056484,-0.479199756219381,-0.418585577199001,0.348066634990657,-0.101508311961396,0.432825809441029,-0.458804019227203,0.0769771095270894,-0.266636075859385,-0.211889778310963,-0.478288687356197,0.327713358241799,-0.551555251247621,-0.174372672418012,-0.291659939512063,0.213676764934167,-0.087616382891222,-0.0039315469288469,-0.0536397467455911,-0.798581624010036,0.0732902521157937,0.216722858275691,-0.0901571273816935,-0.361823509093223,0.114550700205605,-0.48397245142123,0.14710699842683,-0.381883652001947,-0.00276872330934863,0.104133292370865,-0.0896212472105873,-0.0789405184893368,-0.087967451422152,0.312693682472807,0.248324574298955,0.363131432140783,-0.31016681895039,0.119861024660259,0.00113759536765004,-0.0565464774873785,-0.354728836287768,-0.462974235621447,-0.513246076044406,-0.444733129784017,-0.135877479849675,-0.15265281734115,-0.0989639986959612,-0.422217260875546,-0.105240076830085,-0.41194463512425,1,0.105683386876931,-0.368818382515329,-0.134681490958369,0.105067445501267,0.119726412369895,0.0292675430504108,-0.093070951359829,-0.376273698907043,0.531717420527142,0.133654386400097,0.393176202778962,0.259990073326617,0.160299232898551,0.0176180439227694,0.170808625820452,0.531170297901395,0.534876910309963,0.212675618680183,0.337228337075497,0.336358293241598,0.481163435756399,0.188056394782543,0.801695481088968,-0.0718556061547635,0.174073941761593,0.486635199366237,0.679910080787803,0.772738480264362,0.283777475790688,0.10729008744429,0.508056704835489,0.377482028800469,-0.316117981689109,0.542186828141901,0.371851761018941,-0.0851842490917601,0.158640784926025
-0.62419628604972,-0.538362439574964,-0.136331695847624,-0.382077334856902,-0.658087737345392,-0.602677404230648,0.103118574025697,0.195768324361324,-0.0927902381917894,-0.566370749655834,-0.534243888242051,-0.52821560462607,-0.826593418557631,-0.578540458672172,-0.0629752863645606,0.348752171970446,-0.272557495698374,0.161148742053482,-0.83746773306581,-0.0329537333954305,-0.535431002274672,-0.231279761793826,-0.611273183871019,0.430624287039598,-0.429935351493947,-0.0302699194420635,-0.391667061651771,0.0990824179409618,-0.0618865888042788,0.0874089077487671,0.218243508008435,-0.736199981329187,0.372454018947211,0.121049041910099,0.077099379137209,-0.713596170866279,0.0572827194515406,-0.582683899954691,0.551780154217542,-0.101669847473787,-0.163725851203398,0.401336767413986,0.103571087388062,-0.203168932673588,-0.107664545281074,0.294078652818225,0.360886688105005,0.0564582078755351,-0.608703774566199,-0.0538119144955784,0.0980930915264727,0.000662234217926494,-0.027096454699105,-0.303796301768292,-0.470176286145145,-0.385820220713476,0.14050405020886,0.0435508967498752,0.0230620450890342,-0.288927779928404,-0.001942922919976,-0.353198633101768,0.105683386876931,1,-0.422547133138515,0.0873998864125092,-0.00552805622038197,-0.165935588564105,0.0860485494081765,-0.223027444912399,-0.744032153794124,0.607254440867682,-0.223417515294708,0.597450605093461,0.391749725019724,0.311607563138408,0.113905338670201,0.369805937858565,0.445905550269863,0.646304395711963,0.438607994172789,0.120876306994114,0.268047673108067,0.442954732686273,0.368117419255309,0.864992479474782,-0.198629153907703,0.359918283752603,0.444375385802205,0.610052623728486,0.625200867720694,0.265523901301254,0.426876980952806,0.452647539479409,0.659503910208064,-0.49177357459446,0.659351001859876,0.163739030672279,-0.316254847112765,0.0643100164621915
0.202396956040578,-0.312761299700605,-0.362412192078269,-0.325394803069562,-0.656095084800097,-0.734042570335711,0.485019359393256,0.0776435520724291,-0.0752800519572096,0.0660797499107613,0.0296963887602325,0.0237789034285116,0.167808939497,0.284928347882601,0.192267867491836,0.222398952395551,0.226803081281813,0.336694708641766,0.142904058236639,0.463149826739078,0.292759967174407,0.065670127739385,0.0764900488611233,0.480294436231304,-0.046805643678394,-0.431424432826595,0.172904541443538,-0.298570562704116,0.333448166863935,0.221371369281834,0.849302599156871,-0.0244908458807572,0.588918752684039,0.351587804552917,0.319322900599874,-0.0900967170047207,0.610333521343883,0.211978461432481,0.490493979238586,0.249685236669095,0.482807039955286,0.486619215171753,0.339586187087682,-0.0659414624661662,0.0360629909185832,0.20797470668961,0.407051797827889,0.603924726937326,0.0927591662750927,0.430559132617963,-0.202200435756602,-0.287287661436986,-0.174443028300939,-0.700521045054474,-0.997149700653135,-0.5183705115627,-0.221870346241696,0.0942663023951907,0.164027714505283,-0.0735988403375927,-0.20206978355167,-0.150532163111915,-0.368818382515329,-0.422547133138515,1,-0.0905663808819867,0.190708692895918,-0.226436680476075,-0.444888754807511,-0.216295630508793,0.0902328263205695,-0.63182490738183,-0.240006047784715,0.00423841259205368,-0.110026061439361,-0.46528935218211,-0.0446737004102873,-0.264884879099446,0.420517800931073,0.168819963042804,-0.109975339815757,-0.191121499647294,0.167084463538051,-0.300691617031345,-0.139914781878266,-0.116723953824934,0.0946995296343836,-0.20091040651884,0.131311575158393,0.123409185854302,0.0706062088939005,0.177146161916579,-0.0564582286814215,-0.0864045309560887,0.0813271235268383,0.0967921666611543,0.181587008200808,0.0878559080366415,0.261768337418693,0.205127044370884
-0.292898686830445,-0.817319985691642,-0.541578328513806,-0.427883180368078,-0.728967436730513,-0.524979626893695,-0.380279527067241,-0.719584517124163,-0.625152486521164,-0.380481776759626,0.171690092074406,-0.139382658930119,-0.296842754958536,-0.459392731251363,-0.539475219347897,0.101246938349362,0.405048402593661,0.175784954711327,-0.27449710716395,-0.352961391519624,-0.175960064523547,0.0120099363209408,-0.326439860914596,0.147816703037227,-0.447177817850141,-0.157138760428085,-0.638072485401446,-0.378999674671002,-0.189123036574414,-0.147038849093458,0.162482801748682,-0.82922326355969,-0.0586243767523535,0.275770806882938,0.0107591211210913,-0.176979778666201,-0.000615550309958551,-0.496294315318234,0.183418363271412,-0.289735855897228,-0.161964430929555,0.389278868389444,-0.0743985335799016,-0.188994642040838,-0.234733685651536,0.30203548146514,0.400772705847099,0.193878103696897,-0.299636239132466,0.0765127406513011,0.192709358467611,-0.401853932938562,-0.391019823035759,-0.367077715527525,-0.397609042769785,-0.281526830772326,-0.528123284315355,-0.583337951828077,0.275778180887728,0.0782264931996602,-0.157707434423573,0.0264516359694086,-0.134681490958369,0.0873998864125092,-0.0905663808819867,1,0.319398787745441,0.0742920828572419,0.237108573380837,-0.00864294775303415,-0.290106154761957,0.442282286821073,-0.206304925214021,0.413149940212747,0.47623191106981,-0.0443456427136669,0.401699421824391,0.0538776352733451,0.334765785287649,0.683509464637408,0.081696970740618,0.571823616976974,0.378759226351224,0.712741989362669,0.0685985932542791,0.827106455562606,0.0601943198132283,0.765230990412561,0.362677423867541,0.599456070070877,1.07667579247915,0.549008058658249,0.454035286633918,0.683576917582191,0.0299229618513336,0.100278400805759,0.670537195961427,0.458877705498744,0.293226713939664,0.516650396611748
0.241065738200731,0.196292732854852,-0.457920902036861,0.905135621187938,0.243845440407695,-0.274948115357804,-0.327657097177244,-0.348866392214739,-0.0621728976171587,0.139171870389336,0.350812614628011,-0.0701258055268101,0.571622214351519,0.277701795300543,0.523540892101092,-0.336803602270071,-0.0380669856330096,-0.682095545172967,0.0855267296360872,-0.450932896432214,0.183524058778612,-0.17172314577997,-0.262995700349625,-0.0108718478481117,-0.314697091738171,-0.262561097019583,-0.167462975504501,-0.172543733126899,-0.252104182949249,0.395082915094225,0.849439046181087,0.334116034065436,0.351185148217897,-0.245861676874641,-0.159118898521939,0.108005234244934,0.0708168695813533,0.204305360245098,-0.0228883805392731,0.162141419331998,0.103123207261008,0.679036102992576,0.0963383371083754,0.142640949625806,-0.177048062586297,0.00268795289549023,-0.0512719913620581,-0.149368890008303,0.253234644698207,0.116291695093019,-0.293309925602181,-0.0612617363463233,0.0473830131261504,0.38121360470646,-0.212526248395186,0.180314479737589,-0.401047194860248,0.0142745427033331,0.0900889663206756,0.630281188749028,-0.182829561303938,-0.0524820449619485,0.105067445501267,-0.00552805622038197,0.190708692895918,0.319398787745441,1,-0.143198476425097,-0.0674269784797837,-0.22810755443459,0.0588084454453292,-0.385759402223572,-0.321258063525322,0.176219768436257,-0.337636951321086,-0.283488481987503,-0.153208536313911,-0.232052756392,-0.014565043984264,0.21577573242888,-0.1013948273103,0.150373104592593,0.118405137026127,-0.283835480876462,-0.157506301154707,-0.00979440407634527,0.10455193965992,-0.234514855618204,-0.200256560716552,-0.0439254575187186,-0.109991604785608,0.417872718611788,0.397777830511979,0.262709079903691,-0.0483439169647066,0.326143626255131,0.070656056308441,-0.0338391519208765,0.259075570801069,0.133045550136514
-0.166510331309273,0.246025405415009,0.353255743370575,-0.0157768685258364,-0.169710944136669,-0.167100208229748,0.852697666341284,1.13336650307413,0.455898688121762,-0.17365448957065,-0.421208431376854,-0.392404312356552,-0.140966462831292,-0.141688574100629,0.540311050251146,0.917449368263024,-0.459167202429401,0.268157002323072,-0.5153571398382,0.179290000050504,-0.286092077260226,-0.248135429024433,-0.211135864914272,0.0307513015553129,-0.213632777026488,0.137310472246221,-0.0978840582709755,0.263587887413672,0.0514278862814002,0.314113377698521,0.402532480873757,-0.264832962536355,0.377359478205278,0.136797509995485,0.180835146814319,-0.632893362874362,0.134050635026529,-0.327376373171284,0.131517779594124,-0.0745476782316961,-0.149664424046725,-0.179899949829605,0.160730191009679,0.00890695215285725,-0.133516631252397,-0.0885647326112537,-0.113321314556698,0.0011976546675358,-0.551783478588723,-0.134280178630999,0.276380368293495,0.47144109838089,0.758882768953224,-0.0398264906101024,-0.144708406216617,-0.151659877310641,1.01110424845497,0.766344620209953,0.103984558816234,-0.268819178864437,-0.0537859302019293,-0.240315596712941,0.119726412369895,-0.165935588564105,-0.226436680476075,0.0742920828572419,-0.143198476425097,1,-0.168844586463404,-0.171036653822007,-0.408970991721904,0.0239141680287469,0.0215183113887746,0.0912493118334648,-0.104341145224359,-0.226874295969195,-0.0188164830785651,-0.0109578100518358,0.569612333456737,0.0734617050083725,-0.493313147678878,-0.620144499283398,-0.285208524468346,-0.269748135753764,-0.259475588507846,0.184127157950052,-0.470393140477377,-0.342260113779131,-0.160968814343107,-0.430015957378715,-0.37174892277067,-0.0506081502399648,0.0514895547137835,0.00779919158171188,-0.00927983804914911,-0.409136231944455,-0.104375519648324,-0.168660969497821,-0.413431770419376,-0.149793327490527
-0.0956184523738878,0.738854106128514,0.526385721483056,0.424594010897479,0.153216596865996,0.333841870059,0.283875316113512,0.826965714527067,0.219895775414951,-0.220616910039853,-0.19782028067271,-0.890772064579728,0.121197490588074,-0.150869795212069,0.905746673965896,0.745440611785024,-0.586462903514171,0.111947358812966,-0.372733901425596,0.0822313009797404,-0.477487271091818,-0.0354673395924475,0.356109198663812,-0.63397687591595,-0.565166163810204,-0.13178222722598,0.0589449465624853,0.30503707814107,-0.494594726029969,-0.0170464036830815,0.175612418054894,0.330809208478275,0.0489330899651538,0.113231651960179,0.38604130252641,-0.249244151323575,-0.533537883505741,-0.07685145665343,-0.0266705772916769,0.234618019856843,-0.0244824068504995,0.03755912974538,0.307231132745313,-0.222791613475351,-0.0562531047048547,-0.0254616176810089,-0.0547989230636673,-0.459506190996364,-0.287094755985431,-0.328443804217806,0.701767749519109,0.538200520473584,0.77048544358721,0.274054576886781,0.191830300702461,0.453815054582264,0.972249760434918,0.474529222949627,-0.534419292487774,-0.269782299189325,-0.386666318910628,0.227211683805312,0.0292675430504108,0.0860485494081765,-0.444888754807511,0.237108573380837,-0.0674269784797837,-0.168844586463404,1,0.0385535331597336,-0.503794078605272,-0.242600188594131,-0.160239990230848,0.131241340232866,-0.603234631796822,-0.607680680310001,-0.555981831027581,-0.257419093833082,-0.035428292851729,-0.0686847568632315,-0.816026321605847,-0.29474930723273,-0.259806600369484,-0.112024094456749,-0.557490726937631,0.0155650289555502,-0.852929447335689,-0.440396359317893,-0.161468872717713,-0.3920473007894,-0.43356112940389,-0.188004766813234,-0.317330165550862,0.00863970044125238,0.172165337209679,-0.239889757384122,-0.052627638709531,-0.380335298516736,-0.387056296557218,-0.353384153806943
-0.382248825502571,0.522489338097965,0.330515478931544,-0.0768949248679572,-0.199659208781153,-0.202901594327334,0.2910706332712,0.758546995342175,0.147535752401141,0.137699860843611,0.0200684704651365,-0.447442490111459,-0.165567787730179,-0.0608089029105508,0.682585054051356,0.372130228509717,-0.302554253141805,0.215195700801103,-0.156410899887682,0.166932968827009,-0.237117837857924,-0.0428656240422274,0.088483196013175,-0.259364079180142,-0.0806149780679534,-0.151697124215814,0.115365338647895,0.0837414165088611,-0.424147340667474,-0.249001054612682,0.304382118654139,0.349657763777537,0.268488115804259,0.40072759101117,0.519872918714913,-0.446568001319942,0.0412171967363727,0.102668334917874,0.233160645746796,0.186651108474011,0.0523631174797483,0.0713915857802531,0.600359808021424,-0.428722648911918,0.163358663854336,0.0607374143808251,0.129098226442159,-0.516020221523392,-0.208134723763886,-0.38548001309124,0.159616933174896,0.225223610695931,0.439534028095918,-0.109928823525462,-0.14475386777807,-0.135451338407432,0.671234993955401,0.584878406679475,-0.270308814866479,-0.286264449025721,0.0626988699706091,0.273375056830744,-0.093070951359829,-0.223027444912399,-0.216295630508793,-0.00864294775303415,-0.22810755443459,-0.171036653822007,0.0385535331597336,1,-0.324743557744682,-0.350061729628276,-0.387774706274247,-0.00332135915043844,-0.230293634205763,-0.414835793040118,-0.513389032709172,-0.367070209882168,-0.117331482824083,-0.275824614358026,-0.352922112005806,-0.25012762051545,0.163642199634459,0.00929502309038355,-0.494718882248354,-0.0487387005075033,-0.459650952221115,-0.427190605705403,-0.284055220060648,-0.167436029326771,-0.334055770934909,-0.291889622631729,-0.375163085936956,-0.0956177779746563,0.49718507439413,-0.484732042339064,0.105895400039773,-0.833740091628243,-0.527044734658967,-0.579015386588015
0.325536095591993,-0.0389642417639649,0.00411878679564412,-0.147285627476166,-0.305021943831012,-0.514814951419112,0.653799943380404,0.336762570429042,0.196641541289983,0.546436250943897,0.0149710337550885,0.416018572147755,0.25219219158646,0.245608252693507,0.189669169492639,-0.0623997553844133,0.086877615428306,0.0210704553764321,0.0876737282397565,0.26910748062201,0.133943263035173,0.0049723015358864,-0.0316761363413979,0.531359407338558,0.49317553582142,-0.209320469115363,0.185234908520435,-0.233896077371851,0.253542349022982,0.135109182269385,0.720364963720758,0.273928486841551,0.765922435626793,0.17402781529625,0.44396293157767,-0.0864105185625055,0.597768906684143,0.488686842786201,0.536080075922567,0.415933763613264,0.50692680346772,0.195056900772109,0.599096465493713,0.11814222370707,0.0188698176339241,0.192568592103529,0.322847449932199,0.356781562150969,0.0546714309937443,0.177676901619921,-0.372405732663402,-0.216684897800539,-0.09730780612918,-0.492791938550547,-0.506355948430656,-0.393979389435088,0.0346888806938484,0.446890847769111,0.247721983210367,-0.169313303913001,0.0894185484971785,-0.376687188897294,-0.376273698907043,-0.744032153794124,0.0902328263205695,-0.290106154761957,0.0588084454453292,-0.408970991721904,-0.503794078605272,-0.324743557744682,1,-0.657343268216642,-0.454041166883008,-0.0518092544750377,-0.0912046389323102,-0.256925011726403,0.0739081207389111,-0.391221097430109,0.468694707455318,-0.120594659607772,-0.028058722565693,-0.467611759294494,0.0278324558651601,-0.477220704764806,-0.288327840075459,-0.384625079056338,0.100449818806231,-0.366305548750053,-0.27850752810612,-0.0403516527105592,-0.210942736159744,-0.0633773508766149,0.0368888174657189,-0.226702665918058,0.10500272333366,0.137224117107387,0.066504219252772,-0.341866740991625,0.0588340232942898,-0.0962158707419559
-0.0788235106809184,0.119250094474292,0.0876544499720011,0.187708625001732,-0.114904346071281,0.382234389682993,0.204737392298154,0.49368330177554,0.0271397088510032,-0.736968133339176,-0.504066338358971,-0.736467968602411,0.108670583701991,-0.167300011641523,0.473946771590367,0.435516928992249,-0.715326386381349,-0.371643389239846,-0.630483804692797,-0.222825827627948,-0.704361138332379,-0.557542519891989,-0.275804008698108,-0.536379866262616,-0.99461704028445,0.000748347200785537,-0.122409191465424,0.594312009431895,-0.119960093279444,0.208429537654616,0.111568502130267,-0.415731215255757,-0.25529054474928,-0.432553849363233,-0.220309033779145,-0.445752891894003,-0.473267462973839,-0.067233596125846,0.0108070925091326,-0.280723224325139,0.00944918538028305,0.276818563615471,-0.0898809185873523,0.712838633365511,-0.135120322274205,0.395344743930213,0.0818022887241976,0.375146083401558,0.0772882967637462,0.342042531401023,0.369298264485646,0.409667032876756,0.467348970790088,0.19785299443204,0.16048791670854,0.301946544946521,0.726595146652515,0.357286283811791,-0.314619538354545,-0.631497401936862,-0.0316062679275576,0.281849237355784,0.531717420527142,0.607254440867682,-0.63182490738183,0.442282286821073,-0.385759402223572,0.0239141680287469,-0.242600188594131,-0.350061729628276,-0.657343268216642,1,-0.0462606995055685,-0.0891369402895892,-0.455853135134305,-0.19196979299466,-0.22334890224656,0.226353946361201,0.71610213494262,0.288079810876091,-0.662358237671261,-0.178096470944408,-0.365014966966163,-0.174571586795879,-0.251309651520365,0.302492832483035,-0.735217659764512,0.153066553621618,-0.184845370058781,-0.0905422439148096,0.097133335444329,0.432052684471383,-0.0875655005717321,0.47050111511355,-0.139871696279088,0.355640746622812,0.208442587332614,0.461864815608161,0.0198163123143293,0.320286346499538
-0.301210869473672,0.272217356100727,0.186510218313764,-0.096603501077368,-0.0673805870149427,-0.391078440860507,0.556416953942389,0.870910792451966,0.476663369786706,-0.21424342184541,-0.321508663134199,-0.219353778786897,-0.334205917583966,0.11873983488024,0.0590117540277639,0.495713578188228,-0.464782970243544,0.0332279377545305,-0.354160511431386,0.00290098016762808,-0.173161110960548,-0.295008200342846,-0.512771504356835,0.162923515637029,-0.100878833920133,0.0303527029416908,-0.047679201895397,0.238826643659018,-0.223121874662776,0.346504579605702,0.259539250972666,-0.0868274767426539,0.571267185076882,0.140563298577945,0.0896701405730675,-0.666215384126503,0.573844084544656,0.121058612268577,0.403844710510817,-0.110350418023194,0.150020831770635,-0.191277238330198,0.30924836573594,0.208151109560125,0.0411511468306511,0.119244695151722,0.0890096457613568,-0.0775291127849334,-0.433135779811582,0.106925936439717,0.00264700691530703,0.51892135792274,0.454808317695837,-0.098124042045601,-0.190835230899712,-0.505757954336492,0.563284524735311,0.606789346906946,0.107555338327514,-0.268113489435801,-0.0624118517941316,-0.633163316219363,0.133654386400097,-0.223417515294708,-0.240006047784715,-0.206304925214021,-0.321258063525322,0.0215183113887746,-0.160239990230848,-0.387774706274247,-0.454041166883008,-0.0462606995055685,1,0.15403082045064,-0.135186779157752,-0.147724238940026,-0.0782800175683197,-0.226436384397933,0.632481233348625,0.181946236760535,-0.0910061347764031,-0.33438558119429,-0.144807998675643,-0.237703830327603,-0.195493946026425,0.197004673250505,-0.0195837270895623,-0.388704281671716,-0.255424767598548,-0.0404784829262623,-0.158436733143991,0.136671066087947,0.146102908953709,0.144382640092627,0.0184417555570214,-0.228366952178826,0.0406229504821234,-0.281869347295446,-0.299720244402475,-0.0635919393307339
0.0883275379480553,0.0355474949821905,-0.311434982602283,0.920114747348969,0.518578481188141,0.533122501320614,-0.523166833798103,-0.659422503548403,-0.118662801924114,-0.479512477210281,-0.201363960582698,-0.667335543505235,-0.0666321141384913,-0.254537132527784,0.347086674830455,-0.29525700873193,-0.360935067829223,-0.717320621554008,-0.144214326014053,-0.391875060608284,-0.239006281561086,-0.202232538685711,-0.0703581330551732,-0.579724376541026,-0.694247253548959,-0.281716739497048,0.107540597909789,0.780767126681396,-0.146526370710862,0.442607931557454,-0.142325203375587,0.236858998433139,-0.307508088434248,-0.437325754465075,-0.417194393731157,0.249643167657063,-0.143353713482356,0.0215921619103771,-0.60240806107515,-0.415500824338297,-0.0825171105643849,0.262684350834268,-0.375944781596195,0.620249958897017,-0.194895461678869,-0.0550512709882506,-0.273782028412899,0.0729746505564358,0.524557063547646,0.282758558578933,0.154066164662918,0.0184446131895818,0.0307696300795525,0.746865557020464,0.516590974599827,0.878215473934405,-0.537324307909391,-0.114208664010878,-0.315512387892398,0.0959750220400041,-0.250267064906364,-0.161542595891903,0.393176202778962,0.597450605093461,0.00423841259205368,0.413149940212747,0.176219768436257,0.0912493118334648,0.131241340232866,-0.00332135915043844,-0.0518092544750377,-0.0891369402895892,0.15403082045064,1,-0.5462923961844,-0.116274352063109,-0.467035700868303,-0.0476601452460769,-0.0610836134378013,0.217712895196065,-0.221581939159434,0.480471515733184,-0.447776438631045,-0.134754351288705,-0.0503873714224372,0.0562210733774968,0.188219309257307,-0.27761955688789,0.234466063211954,-0.293221289794565,-0.174697356405829,0.250280189541574,-0.126148865631504,-0.0340842144968062,-0.5227472516749,0.525494852192534,-0.357637969575639,0.573734754125446,0.359623402660928,0.332811926996789
0.0607053181184529,-0.417915873190604,-0.374704905483372,-0.509800326143457,-0.927797532711311,-0.435467357071974,0.375674436166056,0.195955835440652,-0.261153455397099,-0.0361556670798536,-0.0488434445956493,-0.199528026715658,0.345787519435025,0.166786009205365,0.560946300326854,0.314418914691596,-0.0412144397424186,0.158509871184863,-0.103927880806011,0.430516035198787,-0.0563736220741877,-0.225602612988049,0.226180519075847,0.0928357800820371,-0.45262026557553,-0.0732556174758136,0.322053650400568,0.0814832934062715,0.224062133112807,0.0998705430301248,0.406722081129848,-0.249882826290683,-0.0384280243285912,0.0288473053524644,0.289790866163766,-0.244717624872464,-0.0500232974532381,0.0872188483903112,0.479850496140595,-0.179512432361896,0.41385938934431,0.495691597903985,0.353263796038197,0.380023889971907,0.16990096504947,0.578487146642377,0.63632472013502,0.706687395412163,0.232773546056137,0.41987243026658,-0.119358220056502,-0.400193807350164,0.00652193272536615,-0.73165625511936,-0.767995777055538,-0.380356080526316,0.260165408553675,0.0805254345338231,0.0105122624950843,-0.53990470650177,0.224217031128048,0.628121353032876,0.259990073326617,0.391749725019724,-0.110026061439361,0.47623191106981,-0.337636951321086,-0.104341145224359,-0.603234631796822,-0.230293634205763,-0.0912046389323102,-0.455853135134305,-0.135186779157752,-0.5462923961844,1,-0.233824303559411,-0.0296440198603027,0.160610457458479,0.27151068520378,-0.0404084487860034,-0.249745043479158,-0.494829773571203,-0.010896487170634,-0.47060957651449,-0.124118285074429,-0.302339250384793,-0.595001459181793,0.0559110194458174,-0.309667369783924,0.0897926174036735,0.116461823801648,0.135740381579695,-0.166724447525799,0.0291509554484119,0.251256439865296,0.317204885220102,0.433829286403914,0.0775714366014151,0.117392896840999,0.0431074282595735
-0.0806653335052896,-0.162743120199078,-0.028535867020923,-0.483392352664133,-0.57995415936204,0.0153663841887538,0.177406923648587,0.269496809654494,-0.0347772510763321,-0.570606150170468,-0.552146056395613,-0.477336805914707,-0.329666313084811,-0.309449783895416,0.0017364364583341,0.104957298027035,-0.403571402609106,-0.0165984914481212,-0.43728352718554,0.442341956633205,-0.401027872005544,-0.477265794581122,-0.0987648082812754,0.0607521007386484,-0.531819178244146,-0.229046845165241,0.236151656961985,0.337154369332375,0.143758242030909,-0.18334672728784,-0.328781821851003,-0.127845463323149,-0.0880324092716315,-0.289507042112168,-0.126790672334124,-0.144968031993563,-0.418447741036426,0.372978978261927,0.438593570216089,-0.025603359502709,0.433832597823736,0.271741702091095,0.0075762221037699,0.662350616457732,0.0223299150036788,0.549309982220222,0.407703387354841,0.719250727163366,0.456686024491774,0.666054272321358,0.0394060759600774,-0.0873880634706853,-0.390351019012767,-0.345588166122982,-0.38632064754588,-0.127259500064386,0.287026943634108,0.248583084313115,-0.36054028575026,-1.04911805683538,0.0643926130165365,0.249134341350816,0.160299232898551,0.311607563138408,-0.46528935218211,-0.0443456427136669,-0.283488481987503,-0.226874295969195,-0.607680680310001,-0.414835793040118,-0.256925011726403,-0.19196979299466,-0.147724238940026,-0.116274352063109,-0.233824303559411,1,-0.292599305310583,0.0115132729166291,0.714099677857568,0.354163456911262,-0.101868911082004,-0.244056300432003,-0.126595477555806,-0.277489197629891,-0.0629167849954805,0.0371548061826635,-0.373143419043819,0.0525923460195606,-0.112033748295933,0.509094709033515,0.363203290362571,0.356648218417685,-0.207380994077736,0.145500976979562,0.391024839193642,0.382553572315247,0.401246142061567,0.353083420447684,0.156223679785048,0.180871819717465
0.28842211902064,-0.539202834802703,-0.30162048941838,-0.24892308235397,-0.44392855723523,-0.334325692829929,-0.192479212276118,-0.531633642310249,-0.545653581684668,-0.347358877422646,0.230715554113109,0.191604803622386,0.0310289538512798,0.199963722954282,0.154272438877789,-0.375121412633979,0.251780398857714,-0.107500523469532,0.227677869798005,-0.206147429092888,0.0845709301335496,0.00287109767076102,0.166388002767965,0.119988016462159,-0.347762606448215,-0.297149918809997,0.371778902862042,0.000485309117300936,-0.416478739878348,0.303319092914726,0.34696746521511,0.142047007221474,0.102631594058075,-0.0353903578230296,0.421648677215017,0.105356911489819,0.011466531345203,0.258585283343955,0.0637037316703965,-0.569154145842146,0.61046914034554,0.356958804523775,0.464331363989087,0.662045858458866,0.282518744615885,0.880107580707042,0.629995681607479,0.682876190474904,0.210677655561633,0.0934800883495379,-0.534622915093063,-0.571188064940606,-0.465911632351326,-0.328098472515016,-0.390122943592432,-0.395295760732026,-0.460007234541703,-0.27621498181539,-0.0561104208394932,-0.291855268134388,-0.138911642700506,0.158094730122026,0.0176180439227694,0.113905338670201,-0.0446737004102873,0.401699421824391,-0.153208536313911,-0.0188164830785651,-0.555981831027581,-0.513389032709172,0.0739081207389111,-0.22334890224656,-0.0782800175683197,-0.467035700868303,-0.0296440198603027,-0.292599305310583,1,-0.084609473403441,0.229560250750195,-0.0297687989654173,-0.271870778408192,-0.260810987920596,-0.00299246225176128,-0.479705676028783,-0.0721734733418223,-0.301784019492332,-0.343963932131095,-0.0189259794488651,-0.775674573422343,0.169923479372467,0.226031919665359,0.0738568399856936,-0.12515167827871,0.222334399310848,-0.178365962164744,0.667342046206895,0.55093611575718,0.0805491607528023,0.102848265131163,-0.390393297515657
-0.139833132934154,-0.29190458528072,-0.102523815828511,-0.471681420458835,-0.669114703809892,-0.294440400361424,0.46871724687127,0.376118842288378,-0.342766240926701,-0.300536441631252,-0.417052563744701,-0.45014743426228,-0.305042538935236,-0.403182838154946,0.234231367146788,0.403384773768714,-0.268370242273403,-0.0764189682807904,-0.550833843469844,0.105437826424146,-0.585635994046908,-0.350115887663699,-0.236859385435806,0.0444805002654343,-0.477139974224163,-0.183815591725894,-0.0638990444905921,0.0635754617755629,-0.00108154496913837,-0.199240799657474,-0.0853855366334764,-0.360007258175977,0.253485561541186,-0.259967304879915,-0.0242444695811116,-0.505740803956736,-0.464264753139585,0.0723840528617525,0.553338777059561,-0.211285876490058,0.190015920015473,0.250055248371429,0.206954905703123,0.516443249375798,-0.0469375885284489,0.625295273785281,0.465494231416398,0.453140618807312,-0.163630430859779,0.262648817504876,0.0110243304975939,-0.208389448052755,-0.0675735097667168,-0.288195825375194,-0.215341201834703,-0.306904544578828,0.56030125428075,0.230802216869293,-0.0308307797151391,-0.726955649786667,0.110301612226806,0.0210227940538834,0.170808625820452,0.369805937858565,-0.264884879099446,0.0538776352733451,-0.232052756392,-0.0109578100518358,-0.257419093833082,-0.367070209882168,-0.391221097430109,0.226353946361201,-0.226436384397933,-0.0476601452460769,0.160610457458479,0.0115132729166291,-0.084609473403441,1,0.816952292928558,0.428625590133699,-0.0843660784637085,-0.39393458929644,-0.153203036212912,-0.110656210015287,-0.0303130835078635,0.279330500417702,-0.747099980962513,0.153411669599151,-0.196116719535395,0.40372889399317,0.556223284558438,0.269175481626891,0.184670090956564,0.310952017913359,0.329936922330582,0.271490706360846,0.64490307636346,0.192641578920928,-0.102328695393602,0.0295872817421328
0.0809617171919792,-0.101231621483383,-0.38050840143164,0.435174176576041,0.41866911974646,0.525180072762307,0.0524862726407641,-0.304373826332735,0.110066983004649,-0.0206593014890333,0.165604069240439,0.339070547855182,0.293039397227843,0.36729288980716,0.0211060085403321,-0.0570808704240445,0.074692892663249,-0.565326339302757,0.206232000685638,-0.208552662910121,0.420867096582913,-0.115104479738009,-0.363995361634344,0.0217841896922903,0.0509826344523243,0.669496553698131,-0.135675783120932,0.49047765731313,0.680862889860233,0.573428914436758,-0.451943838951626,-0.511374993643463,-0.549485226286579,-0.735914101340271,-0.826578670961641,0.187897980529063,-0.0497569875546291,-0.357792308454113,-0.688286341840373,-0.18674731486104,-0.574729676564215,-0.431968216117295,-0.866778123888293,0.325835302150113,-0.369480066082403,-0.458367440398913,-0.713124256280581,0.3246166671573,0.218019449969976,0.309036191096036,-0.188890056933682,0.0861551497528898,0.211410866239759,0.504955624535103,0.327104849163473,0.312209754219175,-0.345728939551892,-0.256385921939072,0.499005763496296,0.576316295654346,0.330105369028767,-0.227438670520506,0.531170297901395,0.445905550269863,0.420517800931073,0.334765785287649,-0.014565043984264,0.569612333456737,-0.035428292851729,-0.117331482824083,0.468694707455318,0.71610213494262,0.632481233348625,-0.0610836134378013,0.27151068520378,0.714099677857568,0.229560250750195,0.816952292928558,1,0.147152236330672,0.155763008615744,-0.109334597671051,-0.785487164864762,-0.193097969086975,0.632260619999708,-0.122865860145433,0.269483048602339,0.187284007304424,0.260294857070431,-0.395768466185273,-0.164061651085207,0.18861926830392,0.229586751825861,-0.114809360352505,-0.515713111511919,0.244027491055348,-0.452779026219301,0.70075366307946,0.276411640996308,0.613283289790612
0.212048958379627,-0.130515361202874,-0.308059400961098,0.927833259491035,0.423341394224141,0.515049684038655,-0.163920688738577,-0.574750557780703,0.0519723321135742,-0.250752952552528,0.247576527729737,-0.18517233998602,0.39148847825997,0.0890275094402039,0.197163408610669,-0.363647456783417,-0.280242347861019,-0.835656911411245,-0.159127219971839,-0.67705254216972,-0.215566586336116,-0.420389953159232,-0.409974167590746,-0.348563145489094,-0.379655423585295,0.183933537005991,-0.221130312017213,0.40918760527317,0.275508530951813,0.507666897429254,-0.229033423229403,-0.555007149004148,-0.58403314875225,-0.826143995287559,-0.720362092937395,0.195732220138665,-0.0415312438745679,-0.299354919401987,-0.72630943632905,0.00715514424830863,-0.441765873870821,0.111257418971857,-0.731600538333579,0.509892775418418,-0.422047287617745,-0.175196245057423,-0.48194258589126,0.387769111527488,0.431730113472713,0.573560358234765,0.277401778279167,0.226850897800487,0.141973874232689,0.850953640238366,0.455154076685796,0.556439210966572,-0.426368122880484,-0.171985121408642,0.329374902097384,0.701005544279553,0.086529965860863,-0.000488307533361959,0.534876910309963,0.646304395711963,0.168819963042804,0.683509464637408,0.21577573242888,0.0734617050083725,-0.0686847568632315,-0.275824614358026,-0.120594659607772,0.288079810876091,0.181946236760535,0.217712895196065,-0.0404084487860034,0.354163456911262,-0.0297687989654173,0.428625590133699,0.147152236330672,1,-0.189643907829332,0.354066350107802,-0.696585917878719,0.0432095021354676,0.197863230765007,0.268701859737092,0.239441004127473,0.477001910487618,0.459796183534612,-0.296341847442553,-0.0214036163903033,0.187946951668092,0.239839557465919,0.114718028930906,-0.684462128301505,0.609197859986616,-0.370502289363325,0.884093438953733,0.585892858685657,0.904049012174433
0.290103292014839,0.10486014680953,-0.0225766056204863,-0.0860351215588981,-0.414449461212081,-0.0708714533265428,0.588639759705544,0.348504305962752,0.112591799332073,0.00434519376340167,-0.316526321102599,-0.510704755552651,0.198574858463814,-0.0364845605485134,0.320223122882116,-0.0455460469437529,-0.551546227851923,-0.189837698145802,-0.366106710100209,0.653471793573854,-0.337794998787648,-0.443679867927106,0.288576467444677,0.164130660751975,-0.154632856835418,-0.348849658667242,0.746357129665507,0.131462533089327,0.206788983341708,0.161538332378729,-0.00126568463438599,0.346700020884625,0.104884795351163,-0.628606604545288,-0.114866352339613,0.227153406020945,-0.424729397352514,0.680039610491074,0.881884062812039,0.51175567486689,0.676818165848797,0.449213550762778,0.286045980571056,0.597313530034223,0.326831432201558,0.531287746837674,0.581426732412318,0.494025927203452,0.419108351567359,0.60115687943645,0.0124120829034967,-0.125947478914315,-0.170892658560115,-0.237132002946937,-0.496390786207231,0.0719531492094519,0.345527489506266,0.168690270593791,-0.35823011501759,-0.387853463677897,0.118562003329963,0.339355284253489,0.212675618680183,0.438607994172789,-0.109975339815757,0.081696970740618,-0.1013948273103,-0.493313147678878,-0.816026321605847,-0.352922112005806,-0.028058722565693,-0.662358237671261,-0.0910061347764031,-0.221581939159434,-0.249745043479158,-0.101868911082004,-0.271870778408192,-0.0843660784637085,0.155763008615744,-0.189643907829332,1,-0.636835211947215,-0.143327233591782,-0.869974023150056,0.0652727804140436,-0.546961760842037,-0.474238641153304,-0.376238084013256,-0.126773212858243,0.406049258423622,-0.129364000456359,0.128408276508476,0.0482707172484838,-0.209229249472896,0.481619236578444,0.475364352666374,0.125458479415702,0.0320645346692255,0.148805051371358,0.0405523071141467
-0.0611196189148192,0.550500271599212,0.189382324324389,0.796823044848292,0.527491213845978,0.406707692135472,-0.371811571391432,0.217117051037049,0.447528818055824,-0.347617302423195,0.169139578213575,-0.713579054617585,-0.148691117645812,-0.351752859946754,0.369972873036573,0.161873193626053,-0.775144620967953,-0.286032549404358,-0.585304710505192,-0.308134651699584,-0.438310544419422,-0.305957509737289,-0.151439308388114,-0.337435689430916,-0.470712632291807,-0.18667769355873,-0.336628229222645,0.0607841584029503,-0.540616965118888,0.123733180488435,-0.196318538779504,0.459349492914226,-0.167196018673946,-0.457035868215827,-0.171248327481375,0.337815668794069,-0.632971482129162,0.0131275858624544,-0.231519328286822,0.208445456792614,-0.123653300204137,-0.0190779301299469,-0.200224373713325,-0.0403486626496098,-0.544367811839269,-0.0802585373740227,-0.320734437735793,-0.450346167392558,0.0691453717813731,-0.104868376221484,0.818291830108938,0.559469084423877,0.187746620781206,0.620928697985348,0.173749809075575,0.732352295906917,0.297628038952928,0.0704089411963251,-0.182325756507508,0.40929000603697,-0.430015296885102,0.175658038451965,0.337228337075497,0.120876306994114,-0.191121499647294,0.571823616976974,0.150373104592593,-0.620144499283398,-0.29474930723273,-0.25012762051545,-0.467611759294494,-0.178096470944408,-0.33438558119429,0.480471515733184,-0.494829773571203,-0.244056300432003,-0.260810987920596,-0.39393458929644,-0.109334597671051,0.354066350107802,-0.636835211947215,1,-0.29311685765277,-0.0760909075421041,-0.624517875045098,0.0991511361946021,-0.381273293125665,-0.384099576838636,0.00894559617458796,-0.0290829433141324,0.0445453329117564,0.247819224979866,0.107247822127734,0.420441524900902,0.183737589168205,0.00977233021689727,-0.0476858707162043,-0.266993688613362,-0.0362554598087675,-0.0171065303561521
0.209161831219471,0.12792566899006,0.0659654566141973,0.113403824659921,0.263602644585148,0.292024422127713,0.0176224161276923,0.121246756276502,0.0628233769226894,0.229208336468478,0.0205159305232442,0.0228749400835205,0.204947663744779,0.0148944335721254,0.405058282459842,-0.0596906346572013,-0.160359875057667,0.0807205765811662,-0.0148426150225911,0.180301132062824,-0.107453731874432,0.00917174964861311,0.314782834979457,-0.143086963444713,0.107194939753592,-0.0746644698179966,0.146959260928911,-0.106241204337981,-0.233050768550991,-0.0972867591475645,-0.0669443293426041,0.253426956457651,-0.017667789641392,-0.0729607908956078,0.154384104816984,0.384858090682134,-0.341715449099176,-0.0122548671803712,0.0317356864022017,-0.0909008851214946,0.29626331543374,-0.212495282811905,0.127774194127269,0.143829785721717,0.083013655130479,0.172376160205827,0.168060426664955,0.0685806128596401,0.167973090273337,-0.100163764513029,0.0456398285864352,-0.181948896407882,0.120900008122365,-0.0289779464890887,0.0694585605093803,0.258904350577514,0.320820816319926,0.0425587488033647,-0.0596154031680374,0.032435690818087,0.220170688175563,0.537798379633264,0.336358293241598,0.268047673108067,0.167084463538051,0.378759226351224,0.118405137026127,-0.285208524468346,-0.259806600369484,0.163642199634459,0.0278324558651601,-0.365014966966163,-0.144807998675643,-0.447776438631045,-0.010896487170634,-0.126595477555806,-0.00299246225176128,-0.153203036212912,-0.785487164864762,-0.696585917878719,-0.143327233591782,-0.29311685765277,1,-0.458878594041209,-0.356929122444745,-0.616656488991039,-0.437578277392363,-0.339837872791777,-0.347509892668261,-0.193303796248411,-0.366235432435376,-0.319953900295524,-0.0964709537590222,-0.49846049787343,0.0089898888371652,0.0190461688048843,-0.121203985700808,-0.250420924000933,-0.123731659369741,-0.387253790455201
-0.118623901114801,0.565799607467933,0.149025179926592,0.636761372664893,0.428914685003816,0.692898508753577,-0.167405512035485,0.302444094710236,-0.0263071312940078,-0.105589245023479,0.195594074556464,-0.590362766592649,0.513260970657498,0.115550127384543,0.735018350725688,0.457150633315604,-0.527072905255214,-0.29046426077016,-0.19755954678713,-0.334678870792843,-0.526147508220289,-0.134759734475353,0.209635312282168,-0.898279711039578,-0.550478900761743,-0.0284111896638265,-0.220984460214153,0.161880482115168,-0.374224030428085,-0.137559812443678,-0.289361948867038,0.328816250641426,-0.655490420073845,-0.391427984048864,-0.159112997685057,-0.0703288033287101,-1.00494586754185,0.052498436057173,-0.404991905225663,0.088250444533589,-0.264137017640534,-0.123307189225351,-0.125885446285979,0.00889763847885466,-0.243481109106057,-0.0173153601110155,-0.217964148254332,-0.241593554458798,0.0943540129023437,-0.111461249118299,0.801303252812006,0.41730951899457,0.653535326593389,0.536380859082534,0.423475662587835,0.627137578460135,0.65747642424861,0.0501135229956057,-0.10793024342465,-0.0851933713600376,-0.0547466732282968,0.811180220082643,0.481163435756399,0.442954732686273,-0.300691617031345,0.712741989362669,-0.283835480876462,-0.269748135753764,-0.112024094456749,0.00929502309038355,-0.477220704764806,-0.174571586795879,-0.237703830327603,-0.134754351288705,-0.47060957651449,-0.277489197629891,-0.479705676028783,-0.110656210015287,-0.193097969086975,0.0432095021354676,-0.869974023150056,-0.0760909075421041,-0.458878594041209,1,-0.688320288301103,-0.13450204571577,-0.796576294236296,0.0506759664658134,-0.0744849498515069,-0.351213769605421,-0.157797027233444,0.131017797465661,-0.400110117327813,0.123203822883801,0.00850492267237293,0.217971252891514,-0.0555884272507093,-0.0288347289217913,-0.127691481407022,0.0184805049471519
0.502961716824587,-0.0136364593848042,-0.0349940855201613,0.0753086923435287,-0.24157965632016,-0.15450753838814,0.674706416563391,0.380956250415234,-0.0221473509743602,0.208416877429677,-0.304632061006739,-0.264548986662614,0.380222425344872,0.0240858107150837,0.400576334677023,0.0802958789170187,-0.418086706974548,-0.430509939600902,-0.41406802671661,0.198405753627475,-0.476923277169909,-0.316148962936615,0.0269206692473747,0.175869481288735,-0.12292923936659,-0.213550868853654,0.279803150945522,0.0644930328148228,0.148391505840579,0.192451427547163,0.24486257181292,0.0904616788021,0.488633382945934,-0.528211975628619,0.0387445761154011,-0.211596970310592,-0.200002118886925,0.516506998680369,0.960278614867408,0.261445028906752,0.539488223450875,0.447689726826112,0.363175797596084,0.730434349450508,-0.008912008798448,0.556141646908276,0.581962862425269,0.397062471792589,0.0441126084780411,0.516191987819036,0.0228205731593401,-0.106697240642521,0.0795186905502293,-0.189578386712321,-0.199088791255067,-0.00227267981745966,0.480030530262963,0.225806064059018,-0.019643210238961,-0.33454192108831,0.065117697625933,-0.121970266300015,0.188056394782543,0.368117419255309,-0.139914781878266,0.0685985932542791,-0.157506301154707,-0.259475588507846,-0.557490726937631,-0.494718882248354,-0.288327840075459,-0.251309651520365,-0.195493946026425,-0.0503873714224372,-0.124118285074429,-0.0629167849954805,-0.0721734733418223,-0.0303130835078635,0.632260619999708,0.197863230765007,0.0652727804140436,-0.624517875045098,-0.356929122444745,-0.688320288301103,1,-0.238225794467052,-0.548187963177643,-0.196227408135943,-0.302558148055057,0.290425605073275,0.114662772332869,0.307761227498489,0.462211024249939,-0.0499823601974134,0.217957315365486,0.594413749424782,0.32029556042148,0.0964095643296704,0.136199211345198,0.185401078962052
-0.0508489678507038,0.341272491924976,-0.00821788893345232,0.841042532360935,0.663832573190534,0.713004807608432,-0.415557035129113,-0.00338200489000229,0.0999825124509336,-0.548943087917368,-0.0226415023157691,-0.569483314552239,0.256796053117844,0.0104919009270367,0.713398689179536,0.291666538651173,-0.583791983886697,-0.536057937687785,-0.303678176029618,-0.545907027427367,-0.301006190736769,-0.234499594952016,-0.140406394731834,-0.688353895214545,-0.777098690860062,0.277012882096467,-0.271110170016285,0.557602862579145,-0.379622011064596,0.472927272191543,-0.33016047440755,-0.135224058518878,-0.473143098605872,-0.603053196579838,-0.42648799511378,-0.0445874490075659,-0.697676477736016,-0.358147154529221,-0.561193714488164,-0.285446128423989,-0.409294631317053,-0.0723369252957128,-0.579828128057233,0.400521841152719,-0.331405820562258,-0.0895456344323761,-0.41558287478564,-0.139439559142696,0.10726888421658,0.126136435083801,0.580831798962229,0.409575158377709,0.472059632076353,0.654682604258934,0.538755321830419,0.747430170084455,0.258915192095211,-0.00483658770365279,-0.158201381017462,0.274253687379604,-0.115070482883625,0.217530454231191,0.801695481088968,0.864992479474782,-0.116723953824934,0.827106455562606,-0.00979440407634527,0.184127157950052,0.0155650289555502,-0.0487387005075033,-0.384625079056338,0.302492832483035,0.197004673250505,0.0562210733774968,-0.302339250384793,0.0371548061826635,-0.301784019492332,0.279330500417702,-0.122865860145433,0.268701859737092,-0.546961760842037,0.0991511361946021,-0.616656488991039,-0.13450204571577,-0.238225794467052,1,-0.417092719776052,-0.00997847841209504,0.0694956215016014,-0.375721213633263,-0.0583523737493612,0.319843489237996,0.0802773822484549,0.205823549589855,-0.302091415946808,0.256061155599953,-0.185614328597234,0.431907182990535,0.128272720836078,0.304954229467177
0.369631938053807,0.403450319138683,0.0587641890626811,0.303845570361281,0.265948516128913,0.151861336655428,0.0770995463563911,0.143695309454542,0.437420470966394,-0.319667203199377,-0.104161751665114,-0.131788539538408,-0.102866256680023,0.10077345415415,-0.0824967874375326,-0.0542064296764433,-0.366869364655828,-0.075445038100918,0.0534574795646799,0.358523101586236,0.0936714242386585,-0.302754917340282,0.0186964420164657,0.255721682508193,-0.130380346730443,-0.504715472475187,0.284703783125792,-0.181459185846611,-0.16910020852834,0.224273118209605,-0.314005836074237,0.866227536208486,0.250350351553326,-0.372616937520249,-0.284468081113027,0.533380133595131,-0.149192146854832,0.751628292860358,0.0419758475652677,0.153548219929775,0.530389953062558,-0.23680588238972,-0.150091843552022,0.484082542127117,-0.257664799149447,0.0706271114331263,-0.178068457426724,0.383860860296452,0.452720892836076,0.496849100399621,0.0889057964147351,0.0974998935271649,-0.410640886141627,0.164614261266549,-0.328277374050477,0.102207069369166,-0.118520637200243,0.124564271685079,-0.0687458748324627,-0.0890245012970207,-0.411175806627713,-0.110433170907494,-0.0718556061547635,-0.198629153907703,0.0946995296343836,0.0601943198132283,0.10455193965992,-0.470393140477377,-0.852929447335689,-0.459650952221115,0.100449818806231,-0.735217659764512,-0.0195837270895623,0.188219309257307,-0.595001459181793,-0.373143419043819,-0.343963932131095,-0.747099980962513,0.269483048602339,0.239441004127473,-0.474238641153304,-0.381273293125665,-0.437578277392363,-0.796576294236296,-0.548187963177643,-0.417092719776052,1,-0.814476406701945,-0.25015973530428,0.0748441337502718,-0.151627750253113,0.269212694546361,-0.208079379797253,-0.107192680792203,-0.178494011237684,0.395343006797461,-0.343052759103974,-0.0033179542148938,0.236681114758891,-0.0407242029743435
-0.0468653352676739,-0.0756517144000904,-0.0931194871109435,0.150967118961769,-0.224600738420097,0.0464820461549303,0.0751999457730301,-0.0644184129909379,-0.611954973087304,-0.187774293593629,0.0859783184316467,-0.147353719923307,0.329484630125169,-0.0748171087554027,0.392547668665064,0.151841942873371,-0.0883069578776606,-0.370005929193606,-0.272491017673722,-0.45324062087341,-0.472962595459833,0.0733943154520184,0.053274871785664,-0.0759551638174921,-0.319680285548317,-0.0662384276238887,-0.112920644274382,-0.170084884886831,-0.377272451980928,0.0860480413459814,-0.109762410254916,0.119958420175801,-0.0717655161961988,-0.385780903613935,0.0832407888811226,-0.11542523080625,-0.891263323511083,0.0623973171716339,0.135440583971383,-0.0673017630519015,0.0485901886374868,0.197462739015925,0.17234374537454,0.182602966537422,-0.344535974975215,0.539915583855674,0.321017495869363,0.139962672070133,-0.256998336649014,-0.228304914239794,0.223611370724273,-0.175812005066516,0.0383823120581805,0.0601656737282255,-0.0325686392645825,-0.0453778781924948,0.241434193939992,-0.368955430301028,-0.0138183126683824,-0.265265319691814,-0.102319508451275,0.569668312758979,0.174073941761593,0.359918283752603,-0.20091040651884,0.765230990412561,-0.234514855618204,-0.342260113779131,-0.440396359317893,-0.427190605705403,-0.366305548750053,0.153066553621618,-0.388704281671716,-0.27761955688789,0.0559110194458174,0.0525923460195606,-0.0189259794488651,0.153411669599151,0.187284007304424,0.477001910487618,-0.376238084013256,-0.384099576838636,-0.339837872791777,0.0506759664658134,-0.196227408135943,-0.00997847841209504,-0.814476406701945,1,-0.607413250731962,0.149207889356125,0.578484630668674,0.243254672629057,0.253648176871417,0.468092055924687,0.30856127167628,0.332822525275198,0.647254763661991,-0.0340568179421782,-0.327399845144184,-0.296453296898215
-0.319134313349296,0.322650919953429,-0.168632243177772,0.556512350630162,0.037233613455085,-0.172568154602243,-0.14654337612732,0.0727332741127409,-0.135732897295328,-0.260507379764799,0.0844990401209921,-0.640486435058611,-0.121485669636027,0.017386188123722,0.873177507845297,0.0146314687192174,-0.509697450385177,-0.622030059419871,-0.21362501349214,-0.272308581483373,-0.271458132972145,-0.236953219957902,-0.297614937423594,-0.1965076274357,-0.515873296327326,-0.303362461031873,-0.0277864668011935,0.380338374138914,-0.505747172339749,0.332315763282004,0.124385957547265,0.330123166709328,0.187101195959508,-0.419848365655288,-0.0752772050941076,-0.234322324307639,-0.17567744746234,0.24427948875645,0.196098241483654,0.1639077386215,-0.0272864400693027,0.330811991883551,0.22548187902331,0.13606174678901,-0.250613045950811,0.189585046786202,-0.0318656848313604,-0.343255994533207,0.120914024137069,0.139264237435541,0.148306129425651,0.114750240890771,0.00765227756902535,0.259149879247176,-0.0241877356244033,0.0640294511868814,-0.000954051892200866,0.113750383000163,-0.239765589359795,0.0533319392751866,-0.0440516991054139,-0.15794154337931,0.486635199366237,0.444375385802205,0.131311575158393,0.362677423867541,-0.200256560716552,-0.160968814343107,-0.161468872717713,-0.284055220060648,-0.27850752810612,-0.184845370058781,-0.255424767598548,0.234466063211954,-0.309667369783924,-0.112033748295933,-0.775674573422343,-0.196116719535395,0.260294857070431,0.459796183534612,-0.126773212858243,0.00894559617458796,-0.347509892668261,-0.0744849498515069,-0.302558148055057,0.0694956215016014,-0.25015973530428,-0.607413250731962,1,0.138801642454211,0.071822933785156,0.210795835104966,0.139512038582897,0.23035841500919,0.4979750055432,0.108047434299307,0.204437719019094,-0.339968016125591,0.00506070661858854,-0.138657958213257
0.129601520323955,-0.401373144634492,-0.406906776186037,0.32983455065959,0.193174894393582,0.313976222451128,-0.302247664709808,-0.583240799310941,0.0355227648244929,-0.0469070753053328,-0.0231512699444076,0.0714065714081615,0.130330492453888,-0.00329627074820488,0.0114156990781387,-0.618868064151716,-0.282462290824154,-0.553657916764806,-0.176725238955935,-0.138135387545978,-0.178922220459641,-0.205533194239795,-0.0677228913233889,0.133905993093582,-0.034787362484537,0.0728425649155938,0.250549641300291,0.361483630296293,0.274657782221673,0.428249177936467,-0.145038799739024,-0.0563338209504679,-0.383551326169519,-0.723416500179546,-0.336232924817674,0.481469973919738,-0.208582970025326,-0.0161366055022301,-0.06828415157374,-0.103980086316014,0.0460005606371101,0.244270439810162,-0.216164754499519,0.592343305628376,0.0496088873188293,0.244790887534821,0.0877375089432788,0.421782836671173,0.459380319873881,0.351920076083758,-0.163575733340862,-0.255572247777727,-0.378901391312483,0.265965502302955,0.187926147103132,0.354469082766808,-0.532229224251285,-0.300176240518201,0.0368246059792508,0.18580900753764,0.281465473111853,0.201086544210995,0.679910080787803,0.610052623728486,0.123409185854302,0.599456070070877,-0.0439254575187186,-0.430015957378715,-0.3920473007894,-0.167436029326771,-0.0403516527105592,-0.0905422439148096,-0.0404784829262623,-0.293221289794565,0.0897926174036735,0.509094709033515,0.169923479372467,0.40372889399317,-0.395768466185273,-0.296341847442553,0.406049258423622,-0.0290829433141324,-0.193303796248411,-0.351213769605421,0.290425605073275,-0.375721213633263,0.0748441337502718,0.149207889356125,0.138801642454211,1,-0.0869478322536632,-0.0361130813113351,0.124044057217614,-0.112218210725848,-0.0056332207889489,0.416007673921167,-0.112953084694759,0.34408637752436,0.231794098071535,0.181175368091578
0.0939000692459637,-0.446487122881689,-0.373981275901887,0.57597824102211,0.00932955606874142,0.289467075760952,-0.327617139780516,-0.495006422157016,-0.0680822117134054,-0.222507939388917,0.285776877775668,-0.113933173741332,0.360696029667094,-0.0565214425289692,0.44464497557678,-0.296247717373741,-0.268572369792553,-0.661349026439604,-0.391770180117086,-0.532050856176753,-0.285359970322419,-0.374214828751656,-0.246595710318559,-0.0696888281229945,-0.450615964146239,0.241554858593187,-0.129580787753094,0.290930840267391,0.159835713261728,0.400161034955631,0.0573202309425645,-0.43548444636591,-0.635716049512569,-0.76241765781613,-0.281301286279935,0.232768496325888,-0.444446074525487,-0.296222803897597,-0.42516551484919,-0.117430452871766,-0.183793419075376,0.357940247816239,-0.272853577738011,0.476942085357789,-0.115596999647881,0.298602397079335,0.0288389330697989,0.504849854205788,0.418159372404211,0.311071640194442,0.127384683979381,-0.0502022715291047,0.00851078610478095,0.383490368647741,0.121492587525957,0.389939009132151,-0.238069782879146,-0.274305002318691,0.207587100516832,0.416217198099212,0.223157055463017,0.440819120281074,0.772738480264362,0.625200867720694,0.0706062088939005,1.07667579247915,-0.109991604785608,-0.37174892277067,-0.43356112940389,-0.334055770934909,-0.210942736159744,0.097133335444329,-0.158436733143991,-0.174697356405829,0.116461823801648,0.363203290362571,0.226031919665359,0.556223284558438,-0.164061651085207,-0.0214036163903033,-0.129364000456359,0.0445453329117564,-0.366235432435376,-0.157797027233444,0.114662772332869,-0.0583523737493612,-0.151627750253113,0.578484630668674,0.071822933785156,-0.0869478322536632,1,0.0855377053841824,0.16222467086185,0.270001956570181,-0.0652994666067501,0.530131975771112,0.174451479908857,0.538891133571179,0.395967970244787,0.344007456384212
-0.063624540572959,-0.504957779710729,-0.433309553428556,0.603547629051907,0.129874511842411,0.135271800947613,-0.314502989083524,-0.799217490858109,-0.0811464575405508,-0.6600061572038,-0.0245329021623983,-0.106157499735879,-0.23635146421049,-0.355351598035001,-0.185989040258726,-0.321016764756073,-0.0292021150829227,-0.526102669277975,-0.214024562287218,-0.400451654738525,-0.0217226112238937,-0.220182600902494,-0.430925719519876,0.257145709324755,-0.435819015364885,0.0511712665537335,-0.166875504000918,0.494220714353835,0.0399366590594959,0.609290470601937,-0.164320427915828,-0.632925845396482,-0.199442461254202,-0.50638229427082,-0.396476021238797,0.346611717284452,-0.160797795762549,-0.536610661535618,-0.671030094662879,-0.2395308876613,-0.258691066718948,0.0515145163838515,-0.556243676221472,0.441180180641639,-0.441742259900767,0.00287731993295715,-0.319619456124598,0.459441057386897,0.166396272808049,0.139380553520318,-0.175806752517991,-0.0848261777808635,-0.306815948227417,0.415274333890853,0.153227318480623,0.222104321541535,-0.713993098181501,-0.44382349560918,0.0817000047975879,0.220441612132773,-0.163517041005035,-0.255587955264436,0.283777475790688,0.265523901301254,0.177146161916579,0.549008058658249,0.417872718611788,-0.0506081502399648,-0.188004766813234,-0.291889622631729,-0.0633773508766149,0.432052684471383,0.136671066087947,0.250280189541574,0.135740381579695,0.356648218417685,0.0738568399856936,0.269175481626891,0.18861926830392,0.187946951668092,0.128408276508476,0.247819224979866,-0.319953900295524,0.131017797465661,0.307761227498489,0.319843489237996,0.269212694546361,0.243254672629057,0.210795835104966,-0.0361130813113351,0.0855377053841824,1,0.305000712780041,0.353790875690876,-0.334432413446393,0.293567197814439,-0.0600070843379965,0.743665026722804,0.245082877657659,0.369283056338557
0.478215972465371,-0.656410925758865,-0.802191678230529,0.3187605194,-0.213612482667961,-0.163847954071041,-0.0883517031068693,-0.813627526717767,-0.501504843278412,-0.675330621589771,-0.316643398541224,-0.425077378128657,0.231992160762428,-0.094425979832855,0.114047046463112,-0.124359611893467,0.0538635233926101,-0.483635421838777,-0.0822213659170812,0.0473977758546879,0.110791923459842,-0.0855918349155873,-0.0160238614871172,0.179357235953703,-0.793354555173413,-0.227852836654162,0.345456087338059,0.463559850102085,0.228529112284803,0.751938164396166,0.417076391603647,-0.25904715008045,0.2108340082155,-0.376073684815028,-0.10569505196982,0.107186899670325,-0.0843308294274807,-0.0725659330010262,-0.00430063635459987,-0.378510463713243,0.393002556362676,0.675487321958809,-0.174220596747987,0.822426879176589,0.101325656775194,0.481628615789185,0.375869285879701,0.961665896612064,0.290635969913794,0.560174379047142,-0.448359865685495,-0.507501762051454,-0.268250747920487,-0.0659600144610187,-0.407272257387964,0.191074246021407,-0.714049394069179,-0.520899782189929,-0.308184492201318,-0.0913864503816044,-0.410909574710001,-0.222352396333478,0.10729008744429,0.426876980952806,-0.0564582286814215,0.454035286633918,0.397777830511979,0.0514895547137835,-0.317330165550862,-0.375163085936956,0.0368888174657189,-0.0875655005717321,0.146102908953709,-0.126148865631504,-0.166724447525799,-0.207380994077736,-0.12515167827871,0.184670090956564,0.229586751825861,0.239839557465919,0.0482707172484838,0.107247822127734,-0.0964709537590222,-0.400110117327813,0.462211024249939,0.0802773822484549,-0.208079379797253,0.253648176871417,0.139512038582897,0.124044057217614,0.16222467086185,0.305000712780041,1,0.160880899354096,-0.450460963444277,0.743740280693123,0.237641636191127,1.17830254323706,0.501369316287136,0.478293426308705
0.236506538495381,-0.115943692651246,-0.184647950998811,0.515404618968626,0.488739272364191,0.613465194616087,-0.278321820341394,-0.453380724288001,-0.131586883411884,-0.323186879113141,-0.0645774571962085,-0.15038110063732,0.273913895449068,-0.0690425357103258,0.0434441265600895,0.00168686878905222,-0.225765424698129,-0.435895158920231,-0.192386985729756,-0.558149086696334,-0.296219684929097,-0.332647394856264,-0.262828008011402,-0.614974352857246,-0.485114683253165,0.251672542714496,-0.587382109517995,0.18779238279346,-0.184099663627345,-0.0487643774240738,-0.480410354786793,-0.464484042174663,-0.683414567804906,-0.480133095934436,-0.591784008556183,0.199506346847944,-0.585459467631574,-0.464388855682795,-0.729306313950484,-0.32017402528606,-0.264478836135708,-0.360251750285096,-0.847703317132021,0.416836461090972,-0.510825431907742,-0.180561035455756,-0.318345608611288,0.327899417361817,0.199453489516272,0.185122085310525,0.42119532172194,0.149413203419985,0.200419393754029,0.633771510075796,0.421979217271356,0.506867625483905,-0.100972816340493,-0.414678754337576,0.24455054720811,0.220505645262286,-0.050652658785809,0.334177346290411,0.508056704835489,0.452647539479409,-0.0864045309560887,0.683576917582191,0.262709079903691,0.00779919158171188,0.00863970044125238,-0.0956177779746563,-0.226702665918058,0.47050111511355,0.144382640092627,-0.0340842144968062,0.0291509554484119,0.145500976979562,0.222334399310848,0.310952017913359,-0.114809360352505,0.114718028930906,-0.209229249472896,0.420441524900902,-0.49846049787343,0.123203822883801,-0.0499823601974134,0.205823549589855,-0.107192680792203,0.468092055924687,0.23035841500919,-0.112218210725848,0.270001956570181,0.353790875690876,0.160880899354096,1,-0.689903825330216,0.527164335128172,-0.121981547548848,0.868482706580798,0.346126421221696,0.65507497021571
0.118405591132795,-0.195963512461792,-0.181082342603598,-0.378122520022221,-0.112443587411448,0.341140521934825,-0.0525436874550085,-0.198008606538464,-0.230086589621756,0.210962383145435,-0.248723481636051,-0.0186553191074073,0.105217307125182,0.02259379792487,0.166125328325318,-0.338722212103292,-0.0603471018068735,0.0222794248653133,0.0894580800087568,0.370445486052877,-0.24104819769677,-0.0905173742475662,0.197298780494918,-0.340125568374264,0.0937604732823573,0.0285640828402592,0.281723537823779,0.159395933125358,0.332921111293766,-0.492822191655493,-0.494318227714288,-0.12350771919907,-0.457818186734093,-0.202773079953463,-0.269038472884414,0.0394319306659516,-0.26381794474216,-0.0161207016025304,-0.0294948007935514,-0.0826945343723179,-0.0460897416628228,0.0419123736638338,-0.259210567532107,0.198248853866861,0.251261122527275,0.00666774744952209,0.0522128060509865,0.373856815872355,0.520591791820269,0.389285586411403,-0.0245600129751394,-0.436020449243303,-0.235560481449445,-0.0644226910213844,0.224893044092151,0.169068443614187,0.00294051109525649,0.0676971576314906,-0.0750565463347654,-0.444757081204994,0.672429244098639,0.551824387389361,0.377482028800469,0.659503910208064,0.0813271235268383,0.0299229618513336,-0.0483439169647066,-0.00927983804914911,0.172165337209679,0.49718507439413,0.10500272333366,-0.139871696279088,0.0184417555570214,-0.5227472516749,0.251256439865296,0.391024839193642,-0.178365962164744,0.329936922330582,-0.515713111511919,-0.684462128301505,0.481619236578444,0.183737589168205,0.0089898888371652,0.00850492267237293,0.217957315365486,-0.302091415946808,-0.178494011237684,0.30856127167628,0.4979750055432,-0.0056332207889489,-0.0652994666067501,-0.334432413446393,-0.450460963444277,-0.689903825330216,1,0.162146895972347,-0.255829579767394,0.329867078480902,0.167120135795816,0.233931613447722
0.0923082376555901,-0.546545723788906,-0.453038041814547,0.261898716046332,-0.212257269346683,-0.447944330774434,-0.102986600326815,-0.664451891157383,-0.191055434145982,-0.0269920088335413,0.304312476622543,0.393145032485388,0.0670388738214477,-0.153695223564566,-0.599033787486073,-0.409784353626362,0.33893252359786,-0.332675554324027,-0.0575437056529905,-0.215071049559645,0.262087332728659,0.125994420686437,-0.29090630318462,0.92312631777916,0.260688643255483,0.0224103849933253,-0.261891388071036,-0.231403643898965,0.340729039402422,0.498835067947371,0.261491814256144,-0.286561416040848,0.276609271012513,-0.254622154187213,-0.0619863859866006,0.295356584766039,0.0159355183783089,-0.143032810049412,0.086978655235819,0.305293379258103,-0.0512231021635713,0.323490248946137,-0.0946992651246566,-0.164985033304777,-0.389995296326114,0.00574526476978748,0.044960186064477,0.161965329917418,-0.237740235967206,-0.141713889691566,-0.381137947057972,-0.173646860856852,-0.501569077718405,-0.00820183615273312,-0.394192684721417,-0.16935819182417,-0.818031704392554,-0.637291804015702,0.347169685116662,0.551399296952472,-0.313115519076035,-0.398510360653608,-0.316117981689109,-0.49177357459446,0.0967921666611543,0.100278400805759,0.326143626255131,-0.409136231944455,-0.239889757384122,-0.484732042339064,0.137224117107387,0.355640746622812,-0.228366952178826,0.525494852192534,0.317204885220102,0.382553572315247,0.667342046206895,0.271490706360846,0.244027491055348,0.609197859986616,0.475364352666374,0.00977233021689727,0.0190461688048843,0.217971252891514,0.594413749424782,0.256061155599953,0.395343006797461,0.332822525275198,0.108047434299307,0.416007673921167,0.530131975771112,0.293567197814439,0.743740280693123,0.527164335128172,0.162146895972347,1,0.367468304826695,0.223892146515968,0.0510527146001953,0.213042991129623
0.287069131239135,-0.495517074528313,-0.428300578802189,0.00688509490458536,-0.0597112442270558,0.235424228191157,-0.102215084834489,-0.520888496572316,-0.354545816704797,0.187342621554092,0.305438149536498,0.253961669140783,0.552984174271793,0.16560096455518,0.181769486807274,-0.220737933848584,0.162422081931312,-0.203852521450399,0.0616802099942042,-0.182601465730538,-0.0857859613405356,0.0794548398660664,0.214684839937099,-0.08256974324619,-0.0746479839354253,0.264546456846053,-0.0728192907269636,0.0389033644668956,0.342613221668085,0.183632254000446,-0.0484045225107468,-0.522713296592625,-0.527929535370136,-0.399539574438462,-0.117681430942996,0.342183561207732,-0.311662614752977,-0.436707720440771,-0.175149548882064,-0.262275688426603,-0.163094149663177,0.19464815311205,-0.249064531334967,0.241157682487968,0.00169840079103041,0.168127734543427,0.0737470036992731,0.386323216188454,0.101016307209594,0.126943615700936,-0.037083658838526,-0.395909097674478,-0.0554669166393826,0.0184655697024664,0.146729312488941,0.243622375659256,-0.229494453542263,-0.489820294147971,0.296737309585468,0.273639995112391,0.365137329366666,0.435618175195928,0.542186828141901,0.659351001859876,0.181587008200808,0.670537195961427,0.070656056308441,-0.104375519648324,-0.052627638709531,0.105895400039773,0.066504219252772,0.208442587332614,0.0406229504821234,-0.357637969575639,0.433829286403914,0.401246142061567,0.55093611575718,0.64490307636346,-0.452779026219301,-0.370502289363325,0.125458479415702,-0.0476858707162043,-0.121203985700808,-0.0555884272507093,0.32029556042148,-0.185614328597234,-0.343052759103974,0.647254763661991,0.204437719019094,-0.112953084694759,0.174451479908857,-0.0600070843379965,0.237641636191127,-0.121981547548848,-0.255829579767394,0.367468304826695,1,0.469335138958159,0.236014631403468,0.260664120633777
-0.115346173711822,0.0925572480834751,-0.243222606791511,0.781700802516875,0.208212143991451,-0.240410036917503,-0.00344360968486299,-0.134717525216206,0.0716097519750593,-0.205754331864694,0.239693639396919,0.0514132511041615,0.192434174869467,-0.0453437689936096,0.136754349732998,-0.270819782344565,-0.281510245298425,-0.990548717413013,-0.398194114539611,-0.871822808316338,-0.159151373037056,-0.361874272164536,-0.767673830381998,0.507485194502109,-0.244515145847446,0.0890825397102452,-0.473738005013562,-0.0178606853124922,-0.302949371204527,0.847162285550538,0.255435524018825,-0.187799202185252,0.385271647422945,-0.763542572820417,-0.398921607275771,-0.0521985857392936,-0.189997620008077,0.0939268434474236,0.363481599520979,0.221226467258172,-0.113635868994762,0.49775732104303,-0.0594975684633602,0.363450811381356,-0.617878446981007,0.247227124725705,-0.0481411549461389,-0.200555922830321,-0.238511533308248,0.0646058252684067,-0.209849460891146,0.271312688201833,-0.0446760218133793,0.386713958630375,-0.0372346096265094,0.00951896073737943,-0.229700660524634,-0.137231469992397,0.186636757358611,0.583066645783109,-0.0680472947995439,-0.460993264264284,0.371851761018941,0.163739030672279,0.0878559080366415,0.458877705498744,-0.0338391519208765,-0.168660969497821,-0.380335298516736,-0.833740091628243,-0.341866740991625,0.461864815608161,-0.281869347295446,0.573734754125446,0.0775714366014151,0.353083420447684,0.0805491607528023,0.192641578920928,0.70075366307946,0.884093438953733,0.0320645346692255,-0.266993688613362,-0.250420924000933,-0.0288347289217913,0.0964095643296704,0.431907182990535,-0.0033179542148938,-0.0340568179421782,-0.339968016125591,0.34408637752436,0.538891133571179,0.743665026722804,1.17830254323706,0.868482706580798,0.329867078480902,0.223892146515968,0.469335138958159,1,0.0411988917896996,0.222714983929765
-0.0567076449028819,-0.208251494901052,-0.428423911166561,0.463592185382527,-0.0235039235737214,-0.51799021675174,-0.00435109984884994,-0.321401507871791,-0.0839368735792494,-0.120571282415248,0.154526003759783,0.0976955689801026,-0.237542084813402,-0.0668094475194622,-0.0478834325407062,-0.207988646751775,-0.004677912108005,-0.420807030965136,-0.124425983027559,-0.352234909052398,0.147941400918669,-0.0568720234889364,-0.475231480742056,0.636979605791481,0.0455604984921431,-0.133579650446907,-0.180884796216675,-0.222938163010878,0.0602788223784061,0.482765303490964,0.345234814828584,0.128017085238576,0.505713095931,-0.372661717317298,-0.209569317686462,0.147940703849276,0.0403549949741664,0.0549738155389434,-0.0300885278275241,0.179996401939745,0.0439187753935749,0.198220393958625,-0.0686308137804183,-0.0176844409365722,-0.36318746050878,0.058381669690879,-0.0839428950962004,0.144842405830642,-0.112270489568117,-0.0209664890517444,-0.327990907043522,-0.114255997105727,-0.340474581456021,0.194524901713866,-0.401017807588541,-0.169374315120338,-0.603006265822844,-0.266158330168735,0.268047102164316,0.616534132015323,-0.265903643574605,-0.559376179014261,-0.0851842490917601,-0.316254847112765,0.261768337418693,0.293226713939664,0.259075570801069,-0.413431770419376,-0.387056296557218,-0.527044734658967,0.0588340232942898,0.0198163123143293,-0.299720244402475,0.359623402660928,0.117392896840999,0.156223679785048,0.102848265131163,-0.102328695393602,0.276411640996308,0.585892858685657,0.148805051371358,-0.0362554598087675,-0.123731659369741,-0.127691481407022,0.136199211345198,0.128272720836078,0.236681114758891,-0.327399845144184,0.00506070661858854,0.231794098071535,0.395967970244787,0.245082877657659,0.501369316287136,0.346126421221696,0.167120135795816,0.0510527146001953,0.236014631403468,0.0411988917896996,1,-0.051656066401649
-0.1997615105456,-0.290353393245323,-0.481337843705628,0.658348154701617,-0.0277404165102247,-0.430400267511605,-0.217615731109741,-0.480845421892965,-0.199773538215297,-0.572312118507791,0.0590280616918475,-0.289072280988816,-0.283925935487791,-0.346376452765916,0.142356816897835,0.0275518392843236,-0.123210524781015,-0.707320547716113,-0.329440847935596,-0.494315900602981,0.00200684642903824,-0.195838329032019,-0.597738283752473,0.475510837990389,-0.356193323593266,-0.0504197279838467,-0.0488247735215632,0.356575224908094,-0.234619956892845,0.784858522564975,0.04762083107467,-0.0653042407381942,0.297649441589682,-0.543528180287232,-0.2722659152529,-0.177767397442102,-0.291167170692494,-0.0737592167158543,-0.168548386885327,0.0797669820555825,-0.155837502717765,0.305155314764508,-0.15419529301864,0.167169855327866,-0.44817715574349,0.0985443659002046,-0.114614892480496,0.0190309377927759,-0.087675157578986,-0.101864513220236,-0.149455385782084,0.0258529104718735,-0.135446301463102,0.315821599864893,-0.240208076197486,-0.077989632817375,-0.480197871780968,-0.386535003033528,0.0515137036428212,0.332915786449456,-0.343250497034708,-0.458848650295355,0.158640784926025,0.0643100164621915,0.205127044370884,0.516650396611748,0.133045550136514,-0.149793327490527,-0.353384153806943,-0.579015386588015,-0.0962158707419559,0.320286346499538,-0.0635919393307339,0.332811926996789,0.0431074282595735,0.180871819717465,-0.390393297515657,0.0295872817421328,0.613283289790612,0.904049012174433,0.0405523071141467,-0.0171065303561521,-0.387253790455201,0.0184805049471519,0.185401078962052,0.304954229467177,-0.0407242029743435,-0.296453296898215,-0.138657958213257,0.181175368091578,0.344007456384212,0.369283056338557,0.478293426308705,0.65507497021571,0.233931613447722,0.213042991129623,0.260664120633777,0.222714983929765,-0.051656066401649,1
