1,0.273173584151894,0.281691234384492,0.289297492330192,0.104166092884261,-0.261479678184544,-0.519136057446746,0.284481649353918,-0.0928068500099594,0.114979774439614,0.107486540851543,0.147499081067238,-0.0149656124982299,-0.0125745739872835,-0.164590108605339,-0.210524665916861,0.105076438096143,-0.0217322690068622,-0.300369434224123,-0.236904120853947,0.0511151703679868,0.130970671520446,-0.25797300701368,0.503692422643736,0.356854744882092,0.114259629487555,-0.215506547893964,-0.244348755427164,0.0560298037915893,0.0364567436767225,0.28643553140586,-0.00959181854780869,0.346771015933462,-0.0838457193854929,-0.051586174202081,-0.256175377293138,0.0908433109404506,0.0403623230788308,0.32297775338492,-0.205992915607802,0.0126205215735989,-0.397452575306499,0.258447485803223,-0.035706803728427,0.152107959399758,0.00747299739623373,0.164040272415336,0.0415579038595706,-0.22465399478307,-0.105505492173687,0.0766017743102338,0.496765345956218,-0.255670755712564,0.280194011343645,-0.471166728910155,-0.284391922956608,0.174288025965808,0.139323503839304,0.00728615434566232,0.227009230470343,0.159738819879967,-0.120412743395232,0.122347464185657,-0.199601195793596,-0.0523876342529622,0.0180028581968931,-0.590503952409548,-0.0482091275453347,-0.224274591012644,-0.225038660708184,-0.0764531411938227,0.171819467816483,-0.144721377456835,0.0837991802592608,0.327415218951135,0.257011078298707,0.144320605277654,-0.100241873267631,0.230200563743081,0.0569102512177487,0.169115354932644,-0.326005154277103,-0.0248093996800307,-0.108380059773421,0.0350664338359736,-0.213763839647958,-0.0551121940940659,-0.278367411100047,-0.440673082027345,0.154780225568667,0.102114759391885,0.0315545487013641,0.365663320628979,0.079014572834178,0.412235690205765,-0.230389478807466,0.199541217369767,-0.566176155654428,-0.0941945017011316,-0.345720828714645
0.273173584151894,1,0.212632937397367,0.262239005902979,0.344489715679142,-0.48843800583461,-0.421113183393212,0.21453832343885,-0.60854765557389,-0.702691281213909,-0.512970746890141,-0.345043781600015,-0.603772123583061,-0.254982943058053,-0.797421341381629,0.464385895171761,0.358457763025675,0.684891454900495,0.140616886721639,-0.0450202172746424,-0.0817970720632666,0.36723040504817,0.0201474450337815,-0.293141389016192,-0.411033325603024,-0.214436358232025,-0.197343215124906,0.267753447541364,-0.362560609820659,0.167234488247683,-0.109284956991191,-0.493774495007984,0.10754598422341,0.762796536526123,0.468276705517569,-0.322713217915279,-0.129937013355697,-0.490093209063881,-0.00281309607713617,-0.631494630638133,0.212987475345606,-0.0044383938157706,-0.0894314557529345,-0.274163574890435,-0.189838658355002,-0.0203351229678907,0.260853075574017,0.300518749812583,-0.428556221829072,-0.395279603543245,0.315204174774584,0.110918618027841,-0.15504407086004,0.281919583537507,-0.130851558442977,-0.397612044020267,0.384538707517531,-0.443860791538896,-0.595794028289547,-0.606304216250121,-0.632601682397801,-0.427349445972567,-0.75446433945579,-0.630253851582517,-0.499407738059647,-0.646894577465259,0.10767270640123,-0.0175521351585056,0.480083272720959,0.361713166997421,-0.447373512746311,0.12004595338925,0.146672266137824,-0.474655384366529,-0.248501920793442,-0.489301895035709,-0.613435927171341,-0.0589272677877198,0.207990165264884,-0.0229421303480855,0.0991981738865942,0.299002043603478,-0.023569996699361,0.410177044463094,0.108543370784018,0.269296079529618,-0.283224522123364,0.115113409928465,-0.0407912681145194,-0.186287451375917,-0.0720620140563261,-0.461516044608468,-0.370793062701012,0.106893776187862,-0.414162539241702,-0.195180662421549,0.0407568860177037,0.281162294680899,-0.141785621412739,-0.370505044697064
0.281691234384492,0.212632937397367,1,0.135922990005189,0.159611878931828,-0.0232719295424595,-0.309747056423351,0.046531847119578,-0.164607247312428,-0.0344229382009959,0.131574254084311,-0.129045779804433,0.0318450072057501,0.0445721608345567,-0.480613227243372,0.112315938400827,0.247254681893354,0.197489616888232,0.00882874702740949,0.144661105331545,0.247683157130557,0.204294337022215,-0.0213631286166403,-0.195310148040668,-0.0227851373536567,-0.109835312812615,0.121175006741603,-0.0743994258921686,0.211692669842427,-0.205704936648536,-0.16423132487429,-0.00397362873873959,0.152866080515875,0.167379917295995,0.17188659294199,-0.168829766582132,-0.126719983920325,0.203043730571075,0.0248784784388053,-0.624267518371902,0.106923762843149,-0.150499828737487,0.0310211885019803,0.0378542320181948,0.160161392941432,0.0901003645051471,0.304226529641601,0.433782376136197,-0.0421364916760956,0.107136595151044,0.213708901565733,-0.0236481021010732,-0.205989524401972,0.0545857425251172,0.0324924697291699,-0.0891412413693009,0.0221266288407285,-0.0155409021079784,-0.00728463601662326,0.0924267254295991,-0.0846122647922277,-0.193558854399459,-0.236634074558052,-0.229734300262285,-0.149225725199016,-0.276250488043928,-0.128351613381727,-0.105601830526878,0.116668695146442,0.11370227359282,0.00437679515782599,-0.173233494305974,-0.10161280540958,-0.389039376521629,-0.0563216554197672,-0.207880027976036,-0.120632410236965,-0.242853554153899,-0.0710128283171515,-0.178428330054556,-0.0264763699227615,0.0289290303724384,0.0870396550978625,-0.0918468305281597,-0.0876203178382017,-0.107462390160525,-0.361894810479589,-0.0530993194556178,-0.142871507599343,-0.034840352911846,-0.0835723805280782,-0.169044833510833,-0.314550272197121,-0.0693803879362394,-0.321942444983398,0.0456910238692851,5.31877081437343e-05,0.209615605748785,0.072109089439767,-0.0246424200374027
0.289297492330192,0.262239005902979,0.135922990005189,1,0.322639279205626,-0.402730970924479,-0.386276014435996,0.240764464374341,-0.635827983417647,-0.596186364205427,-0.413753230490721,-0.284671261129536,-0.531132126403182,0.0515404858444333,-0.67067736685928,0.259677564063949,0.305744303829749,0.631591493827598,0.362968695622818,0.0877606372510437,0.126387574130761,0.138435433890559,-0.0496878725863058,-0.283653139292723,-0.242638270244817,-0.402858081376512,-0.233326406531847,-0.165404242728903,-0.113108302751042,-0.136591309821854,0.066150079867114,-0.306303082013553,-0.140267591400536,0.584132764195285,0.104682413819901,-0.0201882922260383,0.16493901742079,-0.299725436906621,0.0114405224463452,-0.374217218536821,0.109055334149017,0.0442002394951554,-0.349132294338854,-0.392325014453814,-0.210878515839504,-0.157797711846784,-0.0784540204034145,-0.0829126181635309,-0.33406802084452,-0.321861522543187,0.421915051304162,0.148139470248868,-0.355257168905502,0.25385212380885,-0.30706085990776,-0.517330298438566,0.233900235677251,-0.655773517148782,-0.659409515927295,-0.450834069616789,-0.641524075853737,-0.194675520340145,-0.81147957509752,-0.43330398958561,-0.463443481071345,-0.630068931341613,-0.0561122867807004,0.0804039705816909,0.278359276150706,0.20583268077387,-0.0308703039801376,-0.0838011060944958,0.0424662560652847,-0.271251338610674,-0.31810290700924,-0.562297598785914,-0.301405100997974,-0.140329474127498,0.216917476251412,0.35528327240041,0.00374701409984737,0.176596520350181,0.124433064532311,0.235957087576988,0.135526346326313,0.155403640542134,-0.184080568478511,0.036333266737146,0.0218328215078157,-0.0778923378558836,0.187793020369318,-0.0464415022443811,-0.332292262145204,0.043650733850598,-0.343375824590142,-0.119085046727988,-0.021729078724728,0.0350690552453033,-0.160167623576585,-0.252175452783678
0.104166092884261,0.344489715679142,0.159611878931828,0.322639279205626,1,-0.656949034981336,-0.0964705000798145,0.539267521251871,-0.627082187053681,-0.971345118088692,-0.630402576474711,-0.712857757131422,-0.708960136943355,-0.28088396088054,-0.996920498088047,0.610594745196929,0.142822698864373,0.581715846399463,-0.00959941754895136,0.222093139320837,-0.15661717128781,0.101524418729219,0.0872103829942398,-0.0552203855011646,-0.743030133558562,-0.556777433168994,0.086463285811502,0.195645124466389,-0.579862050677985,0.28882266390387,0.0047686200331099,-0.408036576349022,0.152897595249386,0.662310858041265,0.558534968936549,0.0211206844635685,-0.425912011968085,-0.270096357742053,0.204132471711071,-0.235364339561179,0.579262014764857,0.143847309704381,0.203421215536671,-0.3749237526491,-0.136693610792983,0.315924507779797,0.513156811999138,0.25114728672168,-0.539681681171684,-0.460001528810696,0.183791572159799,0.196932593660806,-0.190429902199464,0.269634664416355,-0.563772140123612,-0.620092717103829,0.407572965865913,-0.676907758216971,-0.903651986546152,-0.751160849807019,-1.02103508551915,-0.40793355634435,-1.08154652164157,-0.822047021799506,-0.798741584684107,-0.856993405313034,-0.0413238825237463,-0.269661409474397,0.0716736719869117,-0.124726198028681,-0.555225188558302,-0.203588038329399,-0.0807608071422598,-0.273795984060387,-0.59677473646522,-0.791094598266533,-0.623963061840652,-0.140070376812006,0.259504966528064,0.120997960044355,-0.115130587193489,0.0473389161907538,0.138781799531774,0.189927326368779,0.114515570271085,0.307495199770429,-0.530650842504419,-0.0557158234065915,-0.252981802593283,0.147354688134502,0.0182033222045175,-0.332192726325034,-0.382217474076568,0.288936036816403,-0.110718402352032,-0.264716546025358,0.310008937434871,0.00383454013743975,-0.354740105766108,-0.644886889419293
-0.261479678184544,-0.48843800583461,-0.0232719295424595,-0.402730970924479,-0.656949034981336,1,-0.248614764879982,-0.221704755858728,0.217234120923413,0.0772981139205227,-0.113914325981519,-0.156863049495753,-0.101411606173578,-0.49124306094694,-0.337320014110134,-0.299257613146603,-0.0682930719402588,0.0575335322888734,-0.523982520838587,0.150926249543003,-0.180116688428513,0.226682016683053,-0.0878707255751611,0.435385211914286,0.216230371861586,-0.407632705291591,0.288107718092079,-0.40988610255013,0.146824804783164,-0.251503857778649,0.133224802615012,0.266031544878059,0.596306830611354,0.182391089798504,0.516583323791616,-0.262881876841039,0.159609962277376,0.340330366884418,0.544702589027102,0.0932378855099901,0.190421627135275,0.191389142377375,0.730627265222229,-0.112889623420685,0.242175708286054,0.494120739282861,0.715114926175345,0.375627252051612,-0.0117471827326752,0.0294001123475393,-0.206715936093058,-0.275080685853974,-0.602753933524713,-0.37277028962423,-0.111161422936542,-0.193012824918922,-0.307163899332856,0.189063755598842,-0.0534877615078542,-0.19834238904809,-0.0305581799051934,-0.0389146391945134,-0.230699002372594,-0.557263118383431,-0.324868219570777,-0.303673985516811,-0.223868881370795,-0.444473532509804,-0.0491012354694393,-0.252853113353643,-0.214866867971832,-0.0556116785699783,-0.44970859190217,0.408816735685123,0.0120134349078231,-0.0947802507022507,0.0459105402052691,-0.392835350680826,0.221512769619796,0.313647060837,0.215725125731257,0.127530699732488,0.612886953427339,0.440013119408982,0.0365383840928701,0.33519920652148,0.143749140883614,0.0490238567157542,0.0214974911432099,0.593991128840126,0.443632820276837,0.184711384051908,0.137803383919273,0.390921990672371,0.604016930392006,-0.06333828446724,0.609488332088526,-0.083627771179591,-0.025609952784568,0.0425167632583535
-0.519136057446746,-0.421113183393212,-0.309747056423351,-0.386276014435996,-0.0964705000798145,-0.248614764879982,1,-0.70029275279375,-0.193862483471476,0.163187718807819,0.213745445483221,0.757149413035306,0.322203194982402,0.445518552431787,0.0597431013593971,0.0517365297522892,0.790211003881599,-0.0377637114314611,0.718550852869143,-0.0788761688839378,0.791932453846759,0.678967176659319,0.212466173487911,0.228639220944425,0.21403757005054,0.431390115286828,0.0178477474074929,0.151907717823398,0.0929637646056675,-0.00513716173246691,-0.220009717372659,0.105217288477071,0.06337470737817,0.20470758888614,0.00277424648673708,-0.304731463912889,0.136187068340718,0.158108786181261,-0.206104576824098,0.181137485073652,-0.528323444894336,0.519436319278146,0.0436801661367894,0.012448732451766,-0.0333346722296871,-0.0066620554574354,-0.36742880295838,-0.491052248775889,0.136676902279582,-0.0970398341893629,-0.566101808719441,-0.482002283799503,0.356021641299505,-0.465845488943491,0.199471833993475,-0.425186801377494,-0.517671861274341,-0.292144791272258,0.197665694407066,0.0333870396636389,0.373710650034027,0.25285163952596,0.213528215605846,0.467245350907722,0.360557176805613,-0.102293097257441,0.125039335927442,0.701806274798925,0.252454682812076,0.196033084731738,0.510276226062028,0.387826788597124,0.382946319808603,0.0226206385065781,0.355211380518637,0.367893949379641,0.00403539087542032,0.449106722520205,-0.218438266329884,0.280453475293157,0.147626760011429,0.014600400078535,-0.0702912999389025,0.045885662437489,0.259497145731495,-0.320884882469657,0.0699040047073647,0.0334273738780218,-0.154263963229999,-0.316076211140551,-0.0815341128400305,0.0378990433958376,-0.0804486519110585,-0.015610301718889,0.0418871981579195,0.0844724826043603,-0.105712062079598,-0.421872683433577,0.0826705615702088,-0.0929987121591577
0.284481649353918,0.21453832343885,0.046531847119578,0.240764464374341,0.539267521251871,-0.221704755858728,-0.70029275279375,1,-0.612260277193429,-0.618801038626,-0.266942490520924,-0.219682026251349,-0.389409064954299,-0.00950585922202271,-0.802885908514716,0.241598114579284,0.426488774275122,0.500565915105646,0.375035259858419,-0.0530440752052501,0.174972594647963,0.37592934215825,0.00187251279943894,-0.530501554057788,-0.419342671817552,-0.122410847686471,0.0809151745094293,0.336733483204007,-0.418453326210601,0.151205346148037,-0.306009868199099,-0.45974748709727,-0.0867256686359678,0.703397656224889,0.304913195715371,-0.0372280987071777,0.0806216406300632,-0.402716509687576,-0.220509235826794,-0.830916648340835,0.168105791689545,-0.0727429158947073,-0.241037878675437,-0.171181137462003,-0.09616533826129,-0.00728332722604542,0.186642799774061,0.208409410728231,-0.127382318357712,-0.202303765565695,0.167986829775504,-0.0413814917242975,-0.239498466856922,0.288227273552875,-0.00070413689314705,-0.328183485017995,0.0191416195136851,-0.579877789269705,-0.591605292894869,-0.348320091416981,-0.483673886639777,-0.334707787940112,-0.584921201033158,-0.316342241095717,-0.331435193801078,-0.658820330618092,-0.0485804600556524,0.328219317564013,0.5797370218817,0.467534240644208,-0.225652847048935,0.0271743326708629,0.29286018216953,-0.630734628359253,-0.272848809895972,-0.383545769211173,-0.706999723955607,0.145795632772191,-0.101268536307726,-0.199478167089434,0.20434252959186,0.461121776810156,0.010758375123082,0.279909684870829,0.172574633964359,0.0903569859901999,-0.180729019503599,0.189457710247953,0.0153808115611375,-0.200893726405998,-0.105530904643072,-0.444274479579375,-0.611794293689341,-0.0439453851602241,-0.596777712342969,-0.0383342323823683,-0.0716427503028474,0.315556061204958,0.0637988131634754,-0.232529166015875
-0.0928068500099594,-0.60854765557389,-0.164607247312428,-0.635827983417647,-0.627082187053681,0.217234120923413,-0.193862483471476,-0.612260277193429,1,0.0552518090297907,-0.0263775297398869,-0.130933167011789,-0.0525998062133618,-0.354659889705214,-0.3208864756192,-0.221537778080908,0.0361710019969483,-0.102152765819177,-0.251838117299847,0.296648909295447,0.0580139111470812,0.272766718720824,0.058024768682335,0.0649197612648382,0.0169683076899778,-0.319847790127507,0.394377501639071,-0.268510622114409,0.24239393953199,-0.404565846179299,-0.010821355494208,0.336715757376041,0.544732837213986,0.0361838164015721,0.23435483987015,0.0974146947822118,0.047091324941378,0.382414284393654,0.327317826947724,-0.153741171734469,0.285279433073119,0.073553926361542,0.281191810598737,0.279752395297283,0.366300497720019,0.364260631403439,0.652699563922593,0.666379306012053,0.337337712171358,0.342722964935049,-0.355907960378854,-0.585933429041687,-0.521314860375637,-0.418319438765387,0.0381439473185903,0.115273638022216,-0.589180071583317,-0.0347695872523996,-0.161090274239883,-0.0647680937080949,-0.0512903870837289,0.040530282293369,-0.192375077229666,-0.211145646994476,0.0206510675618985,-0.228398619841086,0.221569512664488,-0.156508096460612,0.0214235853293906,-0.024481050850295,0.154348973460173,-0.203672594326951,-0.123592194110517,0.121089029539547,0.0123397269965807,-0.268949338062762,-0.0814660080760861,-0.477691153938346,-0.0172187544078162,0.0933616708969263,0.118437779822404,0.375396712324058,0.389646266524985,0.209872562354068,-0.0195339650019835,0.0833481461522321,0.144937703748652,-0.0352641507158861,0.162165992516779,0.39171115080648,0.326848322760224,0.185203083003435,-0.0141543360407048,0.0262652044946968,0.00640024290054671,0.352064849946417,0.341503203078607,0.440690340303964,0.415387402292775,0.358204308416135
0.114979774439614,-0.702691281213909,-0.0344229382009959,-0.596186364205427,-0.971345118088692,0.0772981139205227,0.163187718807819,-0.618801038626,0.0552518090297907,1,0.0516413045437619,0.0515670572060567,0.100495286039705,-0.233924775519034,0.240172363747495,-0.318314203038543,0.119399293635519,-0.341152167943423,-0.309287676382689,0.598779767789136,0.340018936239694,0.112819104025045,0.0400783773157916,0.746135752855035,0.13756444747799,-0.305721330818258,0.871222822123749,0.00837976589557632,0.448831615109322,-0.251840765780341,0.242622214750198,0.360673288999403,0.436496472681032,-0.38002220423071,0.367536272424232,0.223179526644628,0.117638881662107,0.782499166102515,0.292020806332216,0.21359149461592,0.268165935860377,0.639165511873505,0.535381333361936,0.570643313336887,0.702239828565209,0.74552855467198,0.343087428104451,0.406558417208732,0.539645486151844,0.537887630800822,-0.340076760492315,-0.440110360106389,-0.46308970497886,-0.893241119895517,-0.481656846011621,-0.0622426122159867,-0.733952607829388,-0.0614823291913689,-0.109004450051831,-0.139537299398482,-0.011900809007112,0.0955821237336527,0.00781871126012618,0.237794076645441,0.0300276362612803,0.248203421383194,-0.0305184779491659,-0.163420409702752,-0.801243395029867,-0.758184693854354,0.215040889778269,-0.42338637647948,-0.389860103835076,0.281877726019569,0.0658512949887737,-0.0638709056919483,0.176505773492797,-0.389069162137654,0.286043547381525,0.310336814177871,-0.353212587574131,-0.361213328275279,0.248456135608982,-0.264057438359374,-0.0347502143665275,-0.19505871195298,-0.173653044482593,-0.0577498399340595,-0.410885682353488,0.402986932118106,0.107349878795694,0.128717284904008,-0.248778240993756,0.211722551862108,0.565953536646231,0.322852876199236,0.544313436076092,-0.169728634322444,0.341957378175337,0.0329161336043328
0.107486540851543,-0.512970746890141,0.131574254084311,-0.413753230490721,-0.630402576474711,-0.113914325981519,0.213745445483221,-0.266942490520924,-0.0263775297398869,0.0516413045437619,1,0.0649536290293956,-0.0249661593380762,-0.340483733105,0.200805265145912,-0.108708080422093,-0.0131587970438744,-0.313802500865748,-0.475136784722937,0.292875780022431,0.20703783138604,-0.194535551613545,-0.266707050287962,0.599560412835346,0.361209436922452,0.00228529341042905,0.256538074389827,-0.0506551805180778,0.505756952276302,-0.428814023266026,0.569840182231822,0.115402773051263,0.701459399366371,-0.213486358525212,0.0510035977935208,-0.0792310417306597,0.131649543017263,0.427045305127052,0.100168555517491,0.0647552629030202,0.226858369825368,0.252854842008667,0.364497660430268,0.511012830775622,0.417087864569512,0.420812439841445,0.12177016609631,0.431089452240093,0.129740768714358,0.348294624772121,-0.00633839777741044,-0.235074105066443,-0.332821845439401,-0.532890353630054,-0.355311655412263,-0.102502007760678,-0.369037386113387,0.103552008220276,0.179851412380842,0.137610381921862,0.073832398714757,-0.0554031082031406,-0.129795747488612,0.0625563765329785,0.0786958936309837,0.162995037099626,0.151958176764458,-0.2298903855051,-0.564111109274914,-0.550026267589266,0.0729660712161994,-0.236362219920508,-0.364266614375793,0.112960366362046,0.25523448759957,0.195175874501019,0.597374232270064,-0.29718887634937,0.334170412347386,0.231981331701507,-0.051394654985806,-0.174092677553561,0.0593426530421782,-0.322165193685515,-0.0680410466578753,-0.0554957651163756,-0.0561122944917869,-0.219780784295769,-0.210332279956447,0.351683955534441,0.209359355103814,0.160732177956281,-0.00583485941506751,-0.228524484400681,0.174468471674524,0.212136480286894,0.335355944647974,0.102103557147699,0.257930444523035,0.0323191977896181
0.147499081067238,-0.345043781600015,-0.129045779804433,-0.284671261129536,-0.712857757131422,-0.156863049495753,0.757149413035306,-0.219682026251349,-0.130933167011789,0.0515670572060567,0.0649536290293956,1,0.132023508187127,-0.191714837727228,0.049341625417465,0.20346877743538,0.175030563394608,-0.305242666798728,-0.320913312463999,0.512123575462113,0.231211968461889,-0.0924951649620963,0.133225889741739,0.561681224835819,0.0497628595918945,-0.182948116175739,0.617711023835775,-0.0358813051358807,0.0995008325523939,-0.201317485304709,0.0861249923225321,0.496044863825514,0.28502973634754,-0.504781446261666,0.102367835954903,0.291197938479499,-0.411580742012812,0.675428027417713,0.0229039049710488,0.228240104984294,0.177923981506085,0.372757430617924,0.362728380766744,0.546869010282957,0.414402054557197,0.502679645134154,0.105222358362757,0.229060357659778,0.301624767613752,0.358874053357495,-0.202076205072597,-0.300368496248709,0.00941908242437245,-0.424989287836276,-0.504854933638204,-0.160412501223192,-0.272374371605549,-0.0800188213798327,0.0875111434544638,-0.0409675889504854,0.0116590421024356,0.281668811142111,-0.0957086326791521,0.178160831578526,0.14141242280606,0.00872664715575047,0.353346092925862,-0.117409466083258,-0.835669727468623,-0.776082472502058,0.145802114321435,-0.31152180992033,-0.27440307542761,0.0664596050631853,0.117339603637759,-0.136856483237096,0.132268151204353,-0.446309696939659,0.285581083380718,0.257249607984734,-0.631291183795,-0.500246542733821,-0.0489918131618856,-0.448514177775367,-0.260080870326539,-0.191052788734443,-0.438595807564538,-0.242452200054833,-0.427733601148086,0.196726051089527,0.00276983056734537,0.227306153701317,-0.202714510822899,-0.0528786145350051,0.292576130229519,0.325088966753923,0.31193383685575,-0.0873663375775278,0.216852886826205,-0.0795777808236035
-0.0149656124982299,-0.603772123583061,0.0318450072057501,-0.531132126403182,-0.708960136943355,-0.101411606173578,0.322203194982402,-0.389409064954299,-0.0525998062133618,0.100495286039705,-0.0249661593380762,0.132023508187127,1,-0.298313146589843,-0.043758933608942,0.00580692268815178,0.244661584049864,-0.222237998527099,-0.411620830773369,-0.152168530595891,0.211404427426188,0.443262409810875,-0.21827535214091,0.693080292722449,0.446461535961653,-0.0745588522867756,0.321860308718564,-0.423377153353665,0.287333438557606,-0.212407694078064,0.121956860007921,0.34644631184227,0.705136785790668,-0.232660775207411,0.187525339077435,-0.26939049812563,0.158175478492047,0.605196802800448,0.632320822827254,-0.0388594995275438,-0.0466631707234922,0.253461924315512,0.58602816736882,0.366414308978142,0.199422350605726,0.542760789452117,0.249766035322487,0.211719993657527,0.110403899202844,0.0417063677843373,-0.237970938549551,-0.287490795714707,-0.175330013548282,-0.573900564551241,-0.460886476429468,-0.29235408992167,-0.436970190384542,-0.00558992021762966,0.102989727529784,0.13028270646468,0.166644604175808,-0.00549551977514251,0.00541465713541833,-0.191717999887289,0.153215089189143,-0.0422208118610438,0.028552963766461,-0.249339577372414,-0.582684681453241,-0.550448035892687,0.179743601708836,-0.0690293620132895,-0.391042791050401,0.162219932987149,0.349083535892572,-0.0265067354974215,0.259300106715028,-0.468060139783025,0.384762899650572,0.646345780421602,-0.301792349758367,-0.451240832962472,0.116860188476212,-0.0504706480533934,-0.226402453053829,-0.142130129903354,-0.138993885277902,-0.204493857402763,-0.56728034232656,0.192773013990672,0.370098048353358,0.338182298822233,0.217482222532221,0.031129339787758,0.4078200843925,0.300020060907376,0.384919640105208,-0.533619884240341,0.078909101545703,-0.204030903950548
-0.0125745739872835,-0.254982943058053,0.0445721608345567,0.0515404858444333,-0.28088396088054,-0.49124306094694,0.445518552431787,-0.00950585922202271,-0.354659889705214,-0.233924775519034,-0.340483733105,-0.191714837727228,-0.298313146589843,1,-0.243259793887189,0.378558181266753,0.388463382100771,0.122672613673137,0.0382243971207791,0.0739986511747645,0.229912266853492,0.367880525889566,0.0875458743415994,0.453413995149246,-0.0172585046438098,-0.301988751334269,0.0514930203066556,-0.231157908354133,-0.202806090588791,0.290832294760784,0.155576912697114,0.101705448625182,0.560553335190737,0.0990518308634361,0.246199375389201,-0.125206590376431,-0.0563797005592869,0.211931084798942,0.370289528681095,-0.0121101893624738,0.0257206319235208,0.230763747115913,0.19596901821006,0.1350933085813,-0.14662280646076,0.215833556152572,0.103637532052519,-0.000452173347408685,-0.254920675514075,-0.16768518718,-0.0641517577470749,-0.163311942027176,-0.0731235357547687,-0.182018483642697,-0.409168468266868,-0.501114236790216,0.0109743879012845,-0.290410557596474,-0.107030753579612,-0.305705523950302,-0.357644347740244,-0.202164429807442,-0.263410093903693,-0.110857839195005,0.0495205469053134,-0.23760325231174,0.268663162067032,0.046493077257753,-0.326675231391117,-0.357921820979797,0.0130498912356101,-0.0593960856246238,-0.0496863624828285,0.117258330526921,0.0165989042766647,-0.308634058482603,-0.0438609895406213,-0.344287991545092,0.545363431212447,0.584846346548019,-0.455909457531784,-0.466614664337352,-0.19034473247907,-0.128952840691511,-0.268008462986783,-0.0270429378070031,-0.331165956064437,-0.430331427243663,-0.292213004409206,-0.190730914370657,-0.0623641988769128,0.189725614362674,-0.0936161859416208,-0.119587944692674,-0.0373955738142633,-0.0416585686903646,-0.00761879474008331,-0.35568193755116,-0.13368041873443,-0.376548665678932
-0.164590108605339,-0.797421341381629,-0.480613227243372,-0.67067736685928,-0.996920498088047,-0.337320014110134,0.0597431013593971,-0.802885908514716,-0.3208864756192,0.240172363747495,0.200805265145912,0.049341625417465,-0.043758933608942,-0.243259793887189,1,-0.267424993867395,0.156230089471548,-0.0698280972705028,-0.143268629036023,0.142445375431053,0.436759248157314,0.250063806440438,-0.077702626624471,0.404816400235187,0.283777848328756,-0.248241687676091,0.0604782789366245,-0.337553211563041,0.714965725601861,-0.29431902830625,0.557362395479895,-0.01951454193564,0.60863928342668,0.0773893268187162,-0.0676069393428553,-0.0804510019908834,0.575096746362891,0.365532909538352,0.56494389436598,0.0309165995964733,0.0353187834807819,0.215228495941872,0.162410992316586,0.224654281587383,0.362963821057401,0.123849390902401,0.169000835600095,0.0659673301437046,0.247791118140088,0.306153949112953,-0.162968850357497,-0.61652149327662,-0.425749446125385,-0.933750843558624,-0.60648183945218,0.017451472129252,-0.874609465325793,-0.233257004271912,0.118875556316765,0.299159375502007,0.0134653182551442,-0.126159390275026,-0.0215199119676586,0.138322899808005,0.303597913400395,-0.0653818418306104,0.170677425785746,0.0487920408162206,-0.0114199022688045,-0.00506304077728745,0.568786602212646,-0.276853735287613,-0.246702895304619,0.334370199262414,0.166009401006255,-0.0747650524627053,0.706670729647833,-0.488884152829242,0.435516184236969,0.511511965591185,0.0660382374716567,0.224706422397145,0.633540604474048,0.0967913444580183,-0.0279120864497815,0.121653137278844,0.440563543241451,0.0894697098445013,0.203948366652386,0.30890813205654,0.59596998909812,0.520272716408401,0.309859821134365,0.0956555615223069,-0.0166050085757194,0.170606146080781,0.119208987079402,-0.0279308365963353,0.364018289574137,0.444234988918589
-0.210524665916861,0.464385895171761,0.112315938400827,0.259677564063949,0.610594745196929,-0.299257613146603,0.0517365297522892,0.241598114579284,-0.221537778080908,-0.318314203038543,-0.108708080422093,0.20346877743538,0.00580692268815178,0.378558181266753,-0.267424993867395,1,0.207406286085149,0.238296226078253,0.397712457296253,-0.668486317479231,-0.131429496021902,0.141639191127279,-0.0776943060758034,-0.461005059283012,-0.236726905004983,0.386788880105305,-0.360295109713188,0.291217699865969,-0.480598257141861,0.418021907195993,-0.360748967147387,-0.303068269318495,-0.317180970073869,0.399357930206015,0.056532012942274,-0.624157296956291,0.167092906441912,-0.184848396313533,-0.21538475803882,-0.0614936884269921,-0.389086523149203,0.0298369924613481,-0.180655712782308,-0.339705830946634,-0.61069799481241,-0.284170654254066,-0.358292798699178,-0.628340347330285,-0.297694271257078,-0.426438341415242,0.00451720223047338,0.362906131879396,0.549384118830425,0.475293287028781,0.400705164757606,-0.470465498214148,0.3575686145943,0.0277043710456918,-0.0633394466886775,-0.139036441074628,0.22199343035825,0.0562236510710777,-0.0104478595776631,-0.0900908632386768,-0.239547409114607,-0.0961749879044643,0.168757344396011,0.190063885513989,0.462335163221416,0.338773352484287,-0.385030830542312,0.381402006730456,0.297462906817297,-0.181153513794142,-0.0729169089447897,0.119240969614276,-0.470022301256013,0.645658412194267,-0.137209195619174,-0.0907838517339398,0.0170275156191247,0.335320226192613,-0.220099588215238,0.378074907988667,0.10131631337714,0.175571841487637,0.0685538634118458,0.202401623939027,-0.0218338897136501,-0.324123534521736,-0.257424136086058,-0.194463882973592,-0.0973777205693375,0.193535326384201,-0.339617062907446,-0.190703707203076,-0.236173139030016,-0.175570010115566,-0.186263487610584,-0.193626332562487
0.105076438096143,0.358457763025675,0.247254681893354,0.305744303829749,0.142822698864373,-0.0682930719402588,0.790211003881599,0.426488774275122,0.0361710019969483,0.119399293635519,-0.0131587970438744,0.175030563394608,0.244661584049864,0.388463382100771,0.156230089471548,0.207406286085149,1,-0.245623758944042,-0.0443259628920742,-0.0574769768124557,-0.234815576039126,-0.268039622464755,0.177178496856681,0.133839272340264,-0.100614340524859,0.218693755410422,-0.0812331366048467,0.0534044884398905,-0.27592936048193,0.217142116527064,-0.0231919812202249,0.302575613196105,0.0057318861902073,-0.454947113295865,-0.0436870570170761,-0.0542343523214384,-0.496617453690447,0.291321698380443,-0.141893478858391,0.350850476859605,-0.141807333948069,-0.0523790889122422,-0.0395053663511986,0.230851546217407,-0.23612203740895,-0.129749300714939,-0.201476046043959,-0.246482356046179,-0.141725746927529,-0.063672267460904,0.0352593402106411,0.347743910273932,0.555552199379849,0.290753783672658,0.130781702578603,-0.0997776228563022,0.527720706530826,0.209132068925902,0.2176753594217,-0.00267005122091037,0.2191283936921,0.258911354510673,0.150401968172126,0.124220947216199,-0.037855984511281,0.304372787458921,0.259117245876751,-0.0495918604639431,-0.485108174582125,-0.428580668485452,-0.272708703097637,-0.0809561014029596,-0.0164919449993751,0.0304631558605793,0.00562849064934146,0.0544601172459783,-0.0949472834118894,0.0209979519925219,0.17868894452052,-0.0814222708023857,-0.5241306995109,-0.378774805283107,-0.495230812500817,-0.455444070778034,-0.476807473863452,-0.197092782131124,-0.389397666667422,-0.326579437445801,-0.260601317914012,-0.200897040923523,-0.372659205087277,0.0565447125704593,-0.0265024791063054,-0.159458337761097,-0.0950527612993513,-0.0106124604485152,-0.219754047449992,-0.158824362687853,-0.168832086994217,-0.178870614681688
-0.0217322690068622,0.684891454900495,0.197489616888232,0.631591493827598,0.581715846399463,0.0575335322888734,-0.0377637114314611,0.500565915105646,-0.102152765819177,-0.341152167943423,-0.313802500865748,-0.305242666798728,-0.222237998527099,0.122672613673137,-0.0698280972705028,0.238296226078253,-0.245623758944042,1,-0.174694830003795,-0.513307929362441,-0.710481435974772,-0.132151709107219,-0.0555060930639973,-0.551140814879716,-0.647545126137285,0.0899731127230017,-0.0350434588167311,0.384917873772362,-0.680973806903933,0.656010429830501,-0.279328062336821,-0.124473263398721,-0.138027666787289,0.179175835094697,0.280791462938759,-0.461944794401562,-0.133060745659518,-0.219700115443694,-0.307012462079454,-0.46994417007596,-0.0426960471282994,-0.352643377401327,-0.0637112202931727,-0.0331670221473482,-0.251362331757846,-0.286379574331277,0.0503879870497936,-0.343118810115131,-0.217773644555772,-0.30006655846206,0.0837303015764566,0.55840631240551,0.621004460852212,0.793689954026247,0.542152274650206,0.0394108648104906,0.620057940672814,0.306724595610253,-0.235245948390624,-0.266398647026905,0.0427174808100481,-0.0423653834130821,0.181886078732688,-0.169572752099968,-0.282661772011942,0.30334972975934,-0.18630062986584,-0.135029500644715,0.199001803807789,0.253051543265534,-0.656407386462657,0.0561205036123313,0.122569985486211,-0.40819024794918,-0.31402311731404,-0.110715421659824,-0.547053720551784,0.210370778482381,-0.104550709706629,-0.317438767776597,-0.0927862897187433,0.221185119728579,-0.267672877085067,0.0394948500183852,-0.353232696626643,0.0342708337189,-0.197534511997765,-0.0806324888459088,-0.188267032466872,-0.298572108035039,-0.410336421791671,-0.261032977259396,-0.213287679342712,0.124432315999824,-0.348116391324216,-0.126739303500328,-0.262069331889671,-0.0134776303357011,-0.190549262042024,-0.294185243498753
-0.300369434224123,0.140616886721639,0.00882874702740949,0.362968695622818,-0.00959941754895136,-0.523982520838587,0.718550852869143,0.375035259858419,-0.251838117299847,-0.309287676382689,-0.475136784722937,-0.320913312463999,-0.411620830773369,0.0382243971207791,-0.143268629036023,0.397712457296253,-0.0443259628920742,-0.174694830003795,1,-0.1126079058496,-0.285554158250405,-0.126446160109183,-0.103983752564421,0.111236649114647,-0.322065747221769,-0.241621486606971,-0.135167798663312,0.11115765839885,-0.565906482595649,0.413945457398839,0.303174258563121,-0.0268814230518194,0.194663641356343,0.0331454521483168,0.172399738381171,-0.164687884953148,-0.192062461345908,0.0515930348655093,0.164903132834067,0.335761575501809,0.161674679585781,0.404179103205759,0.280214503366237,-0.0638661359538961,-0.118821395263679,0.256221553586291,0.144294645953025,-0.31594973969133,-0.369089820718913,-0.301583117519974,-0.029491121092377,0.0784187227908442,0.396858672966376,0.21525140357673,-0.0967158393619222,-0.383991895396108,0.38860390289108,-0.143821842812883,-0.180529771046125,-0.430532277754542,-0.33720407098722,-0.182435721769164,-0.368999924929284,-0.174518312841147,-0.162747223005122,-0.139397585880146,0.156215438028823,-0.0883068624583586,-0.24598765592732,-0.469776346954573,-0.382226949754074,-0.0683910096773845,-0.175929725344304,0.0170217536420266,-0.239621825968354,-0.271627679822032,-0.179039957347622,-0.119229268003956,0.348896912760895,0.228008761237557,-0.286502061965091,-0.288202187527306,-0.148455360226893,-0.0850273467018448,-0.15693377455808,0.160658352349036,-0.197927087118584,-0.289764980847862,-0.312615429802098,-0.0966385506736262,-0.132539184686258,0.0618208639673515,-0.057999485177933,0.0748841775181495,0.0391554746093364,-0.152704312815328,0.122453417897519,-0.288706846605815,-0.413427702056219,-0.427032953641358
-0.236904120853947,-0.0450202172746424,0.144661105331545,0.0877606372510437,0.222093139320837,0.150926249543003,-0.0788761688839378,-0.0530440752052501,0.296648909295447,0.598779767789136,0.292875780022431,0.512123575462113,-0.152168530595891,0.0739986511747645,0.142445375431053,-0.668486317479231,-0.0574769768124557,-0.513307929362441,-0.1126079058496,1,-0.217873708284717,-0.265670399075141,-0.315930255930479,0.0529447969915212,0.324718112174319,0.225941100107533,0.0531099726593819,-0.0634745235126324,-0.356095513186396,-0.168474865253626,0.256106738089145,-0.0377139382241438,0.0274402500599487,-0.306807675185163,-0.0142572063519283,0.0324377825302637,0.0309818228912507,-0.00460468581818194,-0.247449947955144,-0.0618783901444907,-0.268881664250532,-0.0398396047908309,0.0367194603258251,-0.0090726312583827,0.238587091688029,-0.196441835446964,0.140277784394919,-0.459487715419355,-0.0182569104658313,-0.117072888371433,-0.282454975280612,0.12048047343803,0.0235624832997004,0.345966482824227,0.758830207879047,0.091355536620105,-0.0520116214245583,0.343256184364039,0.390511984318049,0.246933721170183,0.601047593541063,-0.215585635794872,0.221615180673788,0.261476493978535,0.318097610997743,0.252240807927468,-0.221513321855296,0.358561082498742,0.224409636449449,-0.0363211050870648,-0.131274250686649,0.218674408169852,-0.0460346723584682,0.0875295211390091,0.478011923998296,0.561316761909801,0.00583230989106215,0.104640360211102,0.0283146153847575,-0.433829631684273,0.444653140982117,0.251641220241846,0.0996725849904354,0.0494386116444421,-0.152593004504961,0.146947634126427,0.215772292974087,-0.0345211434229026,0.167891895637346,0.0528824665651351,-0.110151373370181,-0.142945327672555,0.10907036766324,-0.095175822635906,0.101952567778126,-0.297423416515562,-0.019492497695673,-0.131705819605626,-0.145192012529198,-0.00582484599269074
0.0511151703679868,-0.0817970720632666,0.247683157130557,0.126387574130761,-0.15661717128781,-0.180116688428513,0.791932453846759,0.174972594647963,0.0580139111470812,0.340018936239694,0.20703783138604,0.231211968461889,0.211404427426188,0.229912266853492,0.436759248157314,-0.131429496021902,-0.234815576039126,-0.710481435974772,-0.285554158250405,-0.217873708284717,1,-0.421589364720532,-0.39637430132722,0.340416444922758,0.304716101573074,0.136295984795206,-0.245888802711213,-0.215965365963863,0.0255612262363951,-0.190939666485948,0.498184300669016,0.309906076432229,0.383930182620957,-0.66787240839424,-0.326078787278491,-0.204724742936568,0.0343923645685657,0.589208866430096,0.181435015150089,0.447340260760542,-0.120737369386674,0.230319831888017,0.187596879810349,0.560672766562083,-0.0122991876625293,0.24631482253684,-0.0995260680529108,-0.117460692751442,0.158082920089129,0.13295965619255,0.0456833253724757,0.113884888152594,0.257172406921486,0.0194934706147021,-0.0797383330380739,-0.249636937334011,0.24466215900168,0.219310355355981,0.430881409739535,0.299351520392653,0.393091422344106,0.262809161606845,0.222550891648101,0.35925828118897,0.25984758165173,0.438224306169463,0.112040350895665,-0.0917880343816778,-0.747671493482857,-0.883410501526308,-0.0276990508152959,-0.281383114503967,-0.357832590297202,0.198111494557314,0.16149481709556,0.154866164496323,0.319470908611094,-0.280890346077584,0.517187845493434,0.241173500512627,-0.429373049295371,-0.45638374043786,-0.339894289263842,-0.597430001396714,-0.5422403054009,-0.217298215696025,-0.17422954623521,-0.417592554128132,-0.488668845579166,-0.0132060315029929,-0.0540923486775707,0.413007971431968,0.177825749647125,-0.232823204555569,0.0160968570473126,0.291944143931693,0.0605826866259198,-0.363131273701938,0.0471464205553,-0.10326951989971
0.130970671520446,0.36723040504817,0.204294337022215,0.138435433890559,0.101524418729219,0.226682016683053,0.678967176659319,0.37592934215825,0.272766718720824,0.112819104025045,-0.194535551613545,-0.0924951649620963,0.443262409810875,0.367880525889566,0.250063806440438,0.141639191127279,-0.268039622464755,-0.132151709107219,-0.126446160109183,-0.265670399075141,-0.421589364720532,1,0.137230745581294,-0.342913426526159,-0.299463363049223,-0.18577643627369,-0.12763934873773,-0.315022491872634,-0.321499062867284,0.0756961526271953,-0.350883012049513,0.421991038438252,-0.0424524171147391,-0.379674387328089,-0.0883265904584698,-0.074856608037068,-0.187481089757718,0.552457436126284,0.192975439540371,0.265748836850876,0.105370142871657,-0.129649211734191,0.0689311003933793,0.423048577119327,-0.512330519084368,0.106810504268272,-0.0696767091947342,-0.0203520902065341,0.354906892373199,0.429369002608343,0.270593404700542,0.366987703742585,0.641428513086337,0.223972594592582,0.159051921295141,0.145234544521814,0.414616530322298,0.363790693739553,0.235334422768861,0.0286506796263507,0.254320988264087,0.447212245661607,0.393715639961478,0.063303108453656,-0.0782397378148675,0.272560451279482,0.271753236284122,-0.238193876172898,-0.500149508888408,-0.241776958701541,-0.395481334017806,-0.292939503015947,-0.0166928872374691,0.239973761823962,-0.406545288691437,-0.396452991171015,-0.15690715639271,-0.241726932633988,0.196490528949016,0.178797023936706,-0.872684292656981,-0.2444799400389,-0.439118867610359,-0.394753928524472,-0.820078119223072,-0.212245835973833,-0.274357325218366,-0.384279331195061,-0.172212127189625,-0.182875153524428,-0.196456139684052,0.407132005526432,0.0778163374240253,-0.194611775419429,-0.229681531016449,0.464998668006731,-0.257679044669288,-0.285703964225031,0.423261469969459,0.353857146738508
-0.25797300701368,0.0201474450337815,-0.0213631286166403,-0.0496878725863058,0.0872103829942398,-0.0878707255751611,0.212466173487911,0.00187251279943894,0.058024768682335,0.0400783773157916,-0.266707050287962,0.133225889741739,-0.21827535214091,0.0875458743415994,-0.077702626624471,-0.0776943060758034,0.177178496856681,-0.0555060930639973,-0.103983752564421,-0.315930255930479,-0.39637430132722,0.137230745581294,1,0.0993992173563651,-0.159826205566967,0.135527451743488,-0.16670836806031,-0.142426430829318,-0.427322988053416,0.372553394213724,-0.195942624873177,-0.089825088100496,0.361999315505595,0.153386362614575,0.19577468168167,-0.53522578404676,-0.00431767362903213,0.0441417574329329,0.129196697422478,0.0902745531221291,-0.236014008543495,-0.126700608124961,0.162703726138013,-0.203208734353746,-0.326256960914322,-0.270973189745702,0.0965793091602909,-0.462599372072822,-0.352531487539461,-0.373214034417905,-0.195715686721519,0.136172984043017,0.401122897333154,0.332512868292848,0.51236995858189,-0.21838609847909,0.173411789115757,0.388137792453116,0.156716199301109,-0.0615591253234061,0.308543946245242,-0.200140879178194,0.182121001849868,-0.200357099087746,0.0308732973924675,0.0372397372651491,0.18742574509279,0.12595630271681,0.338091025871346,0.194993335399681,-0.313120766477801,0.328388597904244,0.124470718013499,0.181310351314536,0.277500901606728,0.167085299487512,-0.117532227571806,0.138784369992462,-0.0975303506815505,-0.0662290406334843,0.130254874283421,0.251833837924443,-0.0597982851139243,0.272679987643132,-0.29409582067246,0.222858686227924,0.0605446056405113,-0.0987778801961827,0.11794473817433,-0.114443218425894,-0.11030738436775,0.00401068165851315,0.142567390063075,-0.124627740898349,-0.176283498937947,-0.30167068143882,-0.27685609407572,-0.227234423265489,-0.215822619964912,-0.233446545807713
0.503692422643736,-0.293141389016192,-0.195310148040668,-0.283653139292723,-0.0552203855011646,0.435385211914286,0.228639220944425,-0.530501554057788,0.0649197612648382,0.746135752855035,0.599560412835346,0.561681224835819,0.693080292722449,0.453413995149246,0.404816400235187,-0.461005059283012,0.133839272340264,-0.551140814879716,0.111236649114647,0.0529447969915212,0.340416444922758,-0.342913426526159,0.0993992173563651,1,0.328037349572872,0.201746401152252,0.0378478274565628,-0.299806663421599,0.263092646067211,-0.485053437124948,-0.0775787284820154,0.534305403064058,-0.137299360009176,-0.792241819088787,-0.67787274846851,0.398180965517945,-0.102291009437617,0.612241271161248,-0.173988438574964,0.0357142784655514,-0.0445299662645687,-0.248661915868839,-0.23503879872677,0.734546165681348,0.170601016569879,-0.106251322074838,-0.254257759921635,0.203171059469682,0.78936616981248,0.676231630952818,0.010746592077961,-0.174109326094338,0.0165084148373016,-0.0129360364770692,0.0942555033727763,0.235926748683461,-0.343487406600393,0.141600507759677,0.707411999229168,0.535831487698145,0.675024631047649,0.488317189813702,0.619335747105806,0.737520258470842,0.609408662400849,0.415938994616725,0.241538185207523,0.402615231319226,-0.368627223774212,-0.180754698274234,0.473523599021607,-0.262402098279845,0.113042422921122,-0.15108381970247,0.326764187675907,0.163240680479222,0.243977739788157,-0.285178132164523,-0.0880946504328292,-0.168351267435526,-0.432509793005993,0.00323844237028764,-0.280243702777313,-0.557801685931637,-0.515430116093529,-0.458475661049261,0.134080731429961,-0.264688439921225,-0.0251038991503663,-0.177604388301274,-0.125395837959199,0.481607823050549,-0.00150084562277064,-0.57960255674158,-0.429408547354144,0.660235534208654,-0.443004471827725,0.162580460749982,0.740263987976134,0.543991902882826
0.356854744882092,-0.411033325603024,-0.0227851373536567,-0.242638270244817,-0.743030133558562,0.216230371861586,0.21403757005054,-0.419342671817552,0.0169683076899778,0.13756444747799,0.361209436922452,0.0497628595918945,0.446461535961653,-0.0172585046438098,0.283777848328756,-0.236726905004983,-0.100614340524859,-0.647545126137285,-0.322065747221769,0.324718112174319,0.304716101573074,-0.299463363049223,-0.159826205566967,0.328037349572872,1,-0.360295244503391,0.613077871997166,-0.204075103602744,0.269924681525044,-0.538442533709735,0.263493955976109,0.636805343182489,0.288610761964534,-0.711516690347745,-0.0716565473670156,0.505518882300478,-0.1063669841933,0.940618144582333,0.190905045556065,0.155153704341152,0.358182436154565,0.426088960146599,0.413925569616971,0.993907777808148,0.506524447604448,0.79785690965669,0.109076483025933,0.543402324934079,0.794905914297818,0.826403250183246,-0.160692753121416,-0.33617252631632,-0.29030231373286,-0.493449991338807,-0.483003515321165,0.0646544270890995,-0.510782853272583,-0.111859309008097,0.0215253720879445,0.119831075408256,0.0819539529371699,0.500309798863352,0.16059246392831,0.446064184564566,0.0601725384066763,0.140437466368786,-0.0593019703488191,-0.0861669026060892,-0.928436009080306,-0.913272186763871,0.228830827521268,-0.636185059144715,-0.466495351105232,0.10598970272773,-0.151819397854681,-0.231751740778179,0.0906616314221307,-0.637559689402325,0.389864430688485,0.371666652867105,-0.629038773953881,-0.378232944605304,0.000392405471324436,-0.581323849571448,-0.381851720735113,-0.337553576477104,-0.40128063549109,-0.259775706565406,-0.587407216767672,0.299648616347254,0.150856511106009,0.476870453699207,-0.0943805791929392,0.034114545541625,0.270264867748876,0.782214069491728,0.44137237121652,-0.127047423132959,0.62383561498603,0.279285527096517
0.114259629487555,-0.214436358232025,-0.109835312812615,-0.402858081376512,-0.556777433168994,-0.407632705291591,0.431390115286828,-0.122410847686471,-0.319847790127507,-0.305721330818258,0.00228529341042905,-0.182948116175739,-0.0745588522867756,-0.301988751334269,-0.248241687676091,0.386788880105305,0.218693755410422,0.0899731127230017,-0.241621486606971,0.225941100107533,0.136295984795206,-0.18577643627369,0.135527451743488,0.201746401152252,-0.360295244503391,1,0.255443409544216,0.151536613367579,-0.247786646382867,-0.109151854727471,-0.0874912050460272,0.0554415389086086,0.375569099888487,0.0367154194839046,0.129431558397423,-0.107999667512927,-0.398891890127179,0.377479662676075,0.0214318295516128,0.266126297391428,0.0900074739784009,0.31168591262665,0.203734126866882,0.18133062274066,-0.0422039190857328,0.277835981377535,0.130226584511675,0.0384673559265279,-0.0895951349149732,-0.0312734529152299,-0.109680343644165,-0.243391626307156,0.00640503022549732,-0.440678204344374,-0.384781930483029,-0.400537962906485,0.017812309081773,-0.0308699111686671,-0.0024752783258295,-0.167361733290791,-0.137310506891736,0.051682344347074,-0.221526552041924,0.0260844603053394,-0.0802693656416411,-0.241176274173995,0.611990053920915,-0.0247409068741348,-0.219844649474254,-0.320211317424052,-0.0578726226513382,0.00226136105184332,-0.0203120345156262,0.142801087717357,0.12235029517881,-0.056683698170972,-0.0577309912291076,-0.0941319093145082,0.190778348775285,0.206525032149832,-0.241366148509206,0.00731038973139711,0.0721167308085497,-0.0337637943523388,-0.0821967582639921,0.255972706609599,-0.385603732809469,-0.00467319234309116,-0.214191472860681,0.395033324503337,0.104995432054298,0.0936674844931569,-0.123735830398912,0.22456314510493,0.118887426840446,0.0707798980925146,0.378411574114851,0.191031836040512,0.115789556655369,-0.219147510418971
-0.215506547893964,-0.197343215124906,0.121175006741603,-0.233326406531847,0.086463285811502,0.288107718092079,0.0178477474074929,0.0809151745094293,0.394377501639071,0.871222822123749,0.256538074389827,0.617711023835775,0.321860308718564,0.0514930203066556,0.0604782789366245,-0.360295109713188,-0.0812331366048467,-0.0350434588167311,-0.135167798663312,0.0531099726593819,-0.245888802711213,-0.12763934873773,-0.16670836806031,0.0378478274565628,0.613077871997166,0.255443409544216,1,-0.499426540443637,0.108669581549775,-0.535886393702084,0.0248176412698402,0.135435850682113,-0.0497888275469304,-0.18724590113663,0.0629322057852613,-0.0534814422046554,0.122698436823371,-0.0391082894996639,0.108814990578439,0.28087449645487,-0.584509125728958,0.02122556860049,0.0731418115734535,-0.333063171771313,-0.393748688839408,-0.289012891623755,-0.250075823960019,-0.575462974357708,-0.35276136643684,-0.152181406713327,0.0966551568543898,-0.212123321787161,-0.23787684580149,-0.101210921974114,0.514438106336741,-0.0366974798189843,-0.0660823532489477,0.290557835477954,0.694926716302795,0.206769547865394,0.620407475921224,0.193941925829174,0.217632910330586,-0.0422832190030609,0.101587672142234,-0.246442036859515,-0.00191018724615477,-0.122976163767751,0.296386467404916,0.143862471035017,-0.277101766404343,0.229079151107039,-0.187066524914039,0.494668267866308,0.339332929734349,0.48278070004137,0.406643105176158,0.159495193592291,-0.238343845982487,0.232253779863114,0.313695494918932,0.182019734293094,0.30027846155327,0.425428203800176,0.00435255164022458,0.513136381288849,0.180394045111488,0.378726101685587,0.451781518490063,0.214817964529321,0.153723804464402,0.152416585741843,0.134104848758682,-0.0364149248421195,0.372831735025499,-0.431280698953925,0.101342489360949,-0.0865634965555088,-0.160788891842625,0.287872112788919
-0.244348755427164,0.267753447541364,-0.0743994258921686,-0.165404242728903,0.195645124466389,-0.40988610255013,0.151907717823398,0.336733483204007,-0.268510622114409,0.00837976589557632,-0.0506551805180778,-0.0358813051358807,-0.423377153353665,-0.231157908354133,-0.337553211563041,0.291217699865969,0.0534044884398905,0.384917873772362,0.11115765839885,-0.0634745235126324,-0.215965365963863,-0.315022491872634,-0.142426430829318,-0.299806663421599,-0.204075103602744,0.151536613367579,-0.499426540443637,1,-0.593806012439503,-0.296221524275468,-0.26100473569092,-0.286975444893422,-0.115912260593303,0.316445867944778,-0.232572735137504,-0.133362003126745,-0.256824717656495,-0.573267088148653,-0.281502093690093,0.221998350100746,-0.300565094090637,0.0158508325654917,-0.386741216979947,-0.763305505264684,-0.505380871812241,-0.406078193637155,-0.391521090732713,-0.786757592536733,-0.708728611361519,-0.63493250461221,0.138633192704585,-0.0702439103895214,-0.000612635744388967,0.0523625533485417,0.230391659199802,-0.18581303624953,0.286259375200668,-0.100984154879837,0.24613462832364,-0.0235669869262213,-0.0316775731968063,-0.192898467587302,-0.449428589105037,-0.157512566910552,0.0548039976630434,-0.512275748523296,0.473912084722811,0.215780118102864,0.720893110068659,0.414003560446744,-0.233281624002453,0.440079237676751,0.0899935371301714,0.274921171147746,0.226493038535035,0.229407392568063,-0.0142330904176411,0.305999668369075,-0.336956540051035,0.0792767129073569,0.443007496100551,0.468042184296136,0.381001771219793,0.500238973282876,0.298460229826377,0.758028977733917,-0.0165318328959547,0.357977982982611,0.427435380648701,0.339058317817302,0.258116787864489,-0.108351989376474,0.0140248461555181,0.321829781487768,0.0722154497077841,-0.552411832080844,0.215366321632659,0.238468558513331,-0.402877276980435,-0.143312510112226
0.0560298037915893,-0.362560609820659,0.211692669842427,-0.113108302751042,-0.579862050677985,0.146824804783164,0.0929637646056675,-0.418453326210601,0.24239393953199,0.448831615109322,0.505756952276302,0.0995008325523939,0.287333438557606,-0.202806090588791,0.714965725601861,-0.480598257141861,-0.27592936048193,-0.680973806903933,-0.565906482595649,-0.356095513186396,0.0255612262363951,-0.321499062867284,-0.427322988053416,0.263092646067211,0.269924681525044,-0.247786646382867,0.108669581549775,-0.593806012439503,1,-0.365547900243321,0.312949202436755,0.489445113168045,0.521300821479016,-0.633201349026191,-0.170593448284349,-0.234717167526556,0.182263726645417,0.786651092490487,0.511297175793464,-0.0402924771997141,-0.0200911609050254,0.0430924826884402,0.328464694529564,0.634995219702154,0.300733747023745,0.338478732276607,0.29813439715013,0.0364246475973874,0.551809968546035,0.460296976938705,0.058614164573981,-0.146179614511518,-0.284133824475705,-0.391364815532868,-0.0451843518755043,0.0805899754138147,-0.365867283235588,0.544870463380182,0.487449698184551,0.513547351010022,0.442326986851737,0.162185711376716,0.536027594996687,0.450195871797986,0.433415448115559,0.541224356402189,-0.227082598547059,-0.0546880468470497,-0.563956522663841,-0.558750603531342,0.308579669071299,-0.226418064687672,-0.50086217158128,0.314203957773579,0.220079038901827,0.102260852165491,0.212804989806523,-0.637059740092855,0.595253601575469,0.562127040619234,-0.312053598492751,-0.187799312758636,0.194548282759552,-0.305023718381586,-0.566340562376255,-0.0531887192875086,0.0773851408336448,-0.3834709448742,-0.474857338870957,0.370495256127304,0.354347245690345,0.70866660596997,0.502863216327965,0.121530321745645,0.32218969932765,0.511385524070725,0.315397962807961,-0.352747590890344,0.396161445234375,0.312023995448502
0.0364567436767225,0.167234488247683,-0.205704936648536,-0.136591309821854,0.28882266390387,-0.251503857778649,-0.00513716173246691,0.151205346148037,-0.404565846179299,-0.251840765780341,-0.428814023266026,-0.201317485304709,-0.212407694078064,0.290832294760784,-0.29431902830625,0.418021907195993,0.217142116527064,0.656010429830501,0.413945457398839,-0.168474865253626,-0.190939666485948,0.0756961526271953,0.372553394213724,-0.485053437124948,-0.538442533709735,-0.109151854727471,-0.535886393702084,-0.296221524275468,-0.365547900243321,1,-0.0892712035166801,-0.244810862417824,0.150257457384173,0.615887187616342,-0.101170060498362,-0.336882324183259,-0.144882009654386,-0.279504472863601,-0.0401751165180922,0.0560506835951947,-0.0157533965699918,-0.251229797649213,-0.386645967441921,-0.283997803059054,-0.725083545079928,-0.524168984278165,-0.108484912211524,-0.226848991323677,-0.393436980660485,-0.300481440269767,0.162229256930351,0.0657144397425364,0.131183240963347,0.249478692277048,0.155700506983109,-0.377782672678709,0.398699941846503,-0.129401671323129,0.0196570452152754,-0.298615014617161,-0.273850709871803,-0.0873907803635974,-0.184194222752836,-0.2259340685093,-0.223078473382107,-0.37353325586054,0.537798892835862,0.316047171772514,0.680513464699187,0.665597266564255,-0.142351429723194,0.192769591317367,0.531560494740382,0.0760762380349183,-0.136925214295153,-0.38808285313458,-0.238164533988506,-0.015984139590726,-0.050556188963604,0.109184793432953,0.0771218970015661,0.67347561157152,-0.0447438664716467,0.263331321303317,-0.314510091318295,0.377570854699611,0.0778703739367608,0.0246017522672921,0.554986418312339,-0.0279636929034462,-0.00406066472216504,0.0340277909153339,-0.191848763959001,-0.357362291988501,-0.752356259223105,-0.109514174171903,-0.399950882734324,0.498609523209291,-0.0183847444706355,0.0260757853415799
0.28643553140586,-0.109284956991191,-0.16423132487429,0.066150079867114,0.0047686200331099,0.133224802615012,-0.220009717372659,-0.306009868199099,-0.010821355494208,0.242622214750198,0.569840182231822,0.0861249923225321,0.121956860007921,0.155576912697114,0.557362395479895,-0.360748967147387,-0.0231919812202249,-0.279328062336821,0.303174258563121,0.256106738089145,0.498184300669016,-0.350883012049513,-0.195942624873177,-0.0775787284820154,0.263493955976109,-0.0874912050460272,0.0248176412698402,-0.26100473569092,0.312949202436755,-0.0892712035166801,1,-0.00490304985471732,0.0105603281638091,-0.462189539886603,-0.5097485438131,0.456907573279835,-0.112794858097769,0.0645989207202767,-0.0829919581130549,-0.317926409881771,-0.00666818641926639,-0.409397699393799,-0.42955797919791,0.414166877403572,0.097833855209043,-0.113051498291273,-0.368011354116945,0.0932012251719271,0.280792786161236,0.316034626273865,0.173759648475937,-0.41518980003712,-0.369716481733278,-0.0170240939381168,-0.156529992708381,0.0416125548419632,-0.344063945811902,-0.156937251888933,0.203422115437445,0.528823086578455,0.0617748073709387,-0.0370800406985552,0.284265693384765,0.59873166917949,0.594434892812586,0.371421238762654,0.0236165328401332,0.267727612993749,-0.0652983301901423,0.085222991672896,0.636456535099376,-0.141955273775996,0.0244621918866706,-0.127227189646393,0.137146916169857,0.0247805897862373,0.123136117499026,-0.289157545850974,0.105276059484917,0.0429214630075893,0.114002004598426,-0.0548209951484801,-0.24667534813343,-0.407484854739264,0.0764059407417713,-0.3206715715995,-0.0027117131851708,-0.255613480073741,0.090590649274313,0.0257443061282131,0.0941153855902234,0.155410685314393,0.293252768503522,-0.563524885044549,-0.380511696621135,0.205979013037457,-0.205688587512392,0.201342318894582,0.206537218869922,0.269524342671226
-0.00959181854780869,-0.493774495007984,-0.00397362873873959,-0.306303082013553,-0.408036576349022,0.266031544878059,0.105217288477071,-0.45974748709727,0.336715757376041,0.360673288999403,0.115402773051263,0.496044863825514,0.34644631184227,0.101705448625182,-0.01951454193564,-0.303068269318495,0.302575613196105,-0.124473263398721,-0.0268814230518194,-0.0377139382241438,0.309906076432229,0.421991038438252,-0.089825088100496,0.534305403064058,0.636805343182489,0.0554415389086086,0.135435850682113,-0.286975444893422,0.489445113168045,-0.244810862417824,-0.00490304985471732,1,0.24814865682918,-0.226032077677143,0.0398024853243259,0.256896691430049,0.512632337840798,0.272441743456563,0.441137178976217,0.215064852171184,-0.118556269468104,0.0352880096407158,0.38459949315061,0.279258201092675,0.15535545237654,0.227251292242875,-0.120277660470544,0.210886465530652,0.335456138045799,0.475103670228197,-0.122305847793308,-0.27304753117864,-0.217681231357928,-0.410357916673767,-0.184232338750735,-0.16423908962548,-0.472524233288619,0.0419327614522282,0.0946764793156134,0.184800194945045,0.244477670225793,0.0012764153707393,0.150338113971094,0.0768966500810165,0.166660035990981,-0.121458732994971,0.00533309157753609,-0.131469923518196,-0.351212307633193,-0.198758784771587,0.226940312664085,-0.163452720413668,-0.234655742958911,0.373911826705925,0.207885707282469,0.0804628332028773,0.505553099614031,-0.181697596885304,0.132930709151389,0.278278604210846,-0.140521045512201,-0.262091584309717,-0.0310051336660394,0.08613634781537,-0.0987702046580258,-0.320416886119236,0.243300202185938,0.0364321678595817,-0.109314311911264,-0.110858661321252,0.0158336321629324,0.298368183615638,0.432005184823951,-0.269632061745344,0.264276678939359,0.229595150187614,-0.100478982637551,-0.528090338262936,0.338905140861109,0.360786774149055
0.346771015933462,0.10754598422341,0.152866080515875,-0.140267591400536,0.152897595249386,0.596306830611354,0.06337470737817,-0.0867256686359678,0.544732837213986,0.436496472681032,0.701459399366371,0.28502973634754,0.705136785790668,0.560553335190737,0.60863928342668,-0.317180970073869,0.0057318861902073,-0.138027666787289,0.194663641356343,0.0274402500599487,0.383930182620957,-0.0424524171147391,0.361999315505595,-0.137299360009176,0.288610761964534,0.375569099888487,-0.0497888275469304,-0.115912260593303,0.521300821479016,0.150257457384173,0.0105603281638091,0.24814865682918,1,-0.465848832373676,-0.510721163278268,0.385850701129848,0.0871584065424384,0.238935986561374,-0.186114090617021,-0.157510556600811,-0.0839915546348775,-0.374170993250617,-0.242410886143564,0.558603548261916,0.0824067740260611,-0.261125386519633,-0.31168310024432,0.281978915305454,0.659387989124142,0.547930719956994,0.117340294042103,0.297774335319837,0.255927180953839,0.155730456050743,0.295065737953452,0.532977091893931,-0.00145239293022276,0.494350296462102,0.559551206681923,0.690471066700742,0.438165675494184,0.261568055245148,0.65836184420966,0.50022413672696,0.455276940078591,0.544732167645681,0.104005072467543,0.177621332522971,-0.120917343154443,0.344776979418609,0.581281776566544,-0.28547362362507,0.341936613711127,-0.140271166605809,0.02160561126873,0.122930988633606,0.326520136341772,0.0595613365325669,-0.169807573831179,-0.55040097783197,-0.398494956417108,0.0141541172470858,-0.462584904986774,-0.637131340691608,-0.326318886098174,-0.63973637264107,0.475834592178753,-0.251701961236602,0.388858226554538,-0.340885030465799,-0.628316571295066,0.144249626122332,0.137043209381684,-0.573329122675141,-0.691778547426871,0.387203058091758,-0.637831561907638,0.2320069507426,0.654719785613168,0.523624911924659
-0.0838457193854929,0.762796536526123,0.167379917295995,0.584132764195285,0.662310858041265,0.182391089798504,0.20470758888614,0.703397656224889,0.0361838164015721,-0.38002220423071,-0.213486358525212,-0.504781446261666,-0.232660775207411,0.0990518308634361,0.0773893268187162,0.399357930206015,-0.454947113295865,0.179175835094697,0.0331454521483168,-0.306807675185163,-0.66787240839424,-0.379674387328089,0.153386362614575,-0.792241819088787,-0.711516690347745,0.0367154194839046,-0.18724590113663,0.316445867944778,-0.633201349026191,0.615887187616342,-0.462189539886603,-0.226032077677143,-0.465848832373676,1,-0.0199348204799605,-0.0431675117015763,-0.401748250889415,-0.424370376655746,-0.428720774544424,-0.195098176527238,0.0465672393829191,-0.468402865217593,-0.316150721240502,-0.190868062818131,-0.374868487255951,-0.335320366959105,-0.0990579542206699,-0.321502741825747,-0.323270132319364,-0.360487905280467,0.253460604113468,0.517238463678536,0.618549761117947,0.756345965313501,0.586664035561562,0.261749939869004,0.799016785533258,0.23719151186096,-0.154756741205413,-0.169123741613148,-0.124694172053318,-0.0118710479065556,0.0942613084424332,-0.0679777482140036,-0.124245649250893,0.277310192170075,0.101417587752428,-0.156541354414741,0.279082397077333,0.454849655335231,-0.46135992080529,0.00763093290228289,0.327350655393798,-0.401330451202879,-0.381784999692062,-0.213177166114493,-0.539347104088582,0.209658911920183,-0.313920942334713,-0.560441390605082,-0.259803673656691,0.195674183420084,-0.324098110709525,-0.0928737148749559,-0.231687746662205,0.0904382692317296,-0.192646011824855,-0.0592550950370633,0.126519222728549,-0.306699992780873,-0.482860860452895,-0.40819186358186,-0.135637058073554,0.157806619709842,-0.498509847053238,-0.149151726065487,-0.313197129593498,0.251389681185381,-0.255143689572114,-0.237108187991606
-0.051586174202081,0.468276705517569,0.17188659294199,0.104682413819901,0.558534968936549,0.516583323791616,0.00277424648673708,0.304913195715371,0.23435483987015,0.367536272424232,0.0510035977935208,0.102367835954903,0.187525339077435,0.246199375389201,-0.0676069393428553,0.056532012942274,-0.0436870570170761,0.280791462938759,0.172399738381171,-0.0142572063519283,-0.326078787278491,-0.0883265904584698,0.19577468168167,-0.67787274846851,-0.0716565473670156,0.129431558397423,0.0629322057852613,-0.232572735137504,-0.170593448284349,-0.101170060498362,-0.5097485438131,0.0398024853243259,-0.510721163278268,-0.0199348204799605,1,0.0635970706345637,-0.240048214020884,-0.269518512664539,-0.419005825298748,-0.361305834423155,-0.261580839512716,-0.505135969137438,-0.243431666307433,-0.360058512768163,-0.125570502648894,-0.460179511713041,-0.171094659080861,-0.313777820286493,-0.256434118716066,-0.130931961447574,0.185298637531824,0.166416682580855,0.34668516615521,0.477304265202423,0.786902117479987,0.360714843338474,0.259509757989158,0.285508480992641,0.37690334554821,0.142708121367145,0.300955424700161,0.120985399096749,0.0499350222455359,-0.0336990401782327,0.100255790045828,-0.119345004393024,0.0685016268580319,0.0378999689105982,0.53256007377664,0.697923199325837,-0.113961881961149,0.0299303403632026,0.243813224300031,-0.332377946782077,0.00186398224258727,0.0270996714264693,-0.138998808599918,0.121913821605133,-0.582736635193641,-0.527217724927363,-0.0868791237251136,0.387191661293866,0.141920414699304,0.166511188832956,-0.039153518655377,0.26165647074002,-0.0252132082881774,0.125577208795686,0.484268185966481,-0.187131109711641,-0.238370232736877,-0.276979519780874,-0.208569990059652,-0.199085479345535,-0.420822688689582,-0.247948182192873,-0.398135393610032,0.319597875100595,-0.124838126270503,0.226276817916816
-0.256175377293138,-0.322713217915279,-0.168829766582132,-0.0201882922260383,0.0211206844635685,-0.262881876841039,-0.304731463912889,-0.0372280987071777,0.0974146947822118,0.223179526644628,-0.0792310417306597,0.291197938479499,-0.26939049812563,-0.125206590376431,-0.0804510019908834,-0.624157296956291,-0.0542343523214384,-0.461944794401562,-0.164687884953148,0.0324377825302637,-0.204724742936568,-0.074856608037068,-0.53522578404676,0.398180965517945,0.505518882300478,-0.107999667512927,-0.0534814422046554,-0.133362003126745,-0.234717167526556,-0.336882324183259,0.456907573279835,0.256896691430049,0.385850701129848,-0.0431675117015763,0.0635970706345637,1,0.151099422426583,0.148054735446587,0.0445676209599867,0.106378327856556,0.113839023227295,0.201540264953963,0.29140016136178,-0.0434255593555696,0.233136348180948,0.331476083050174,0.298619793305181,-0.0456567026783148,-0.0880396717380904,0.0136819408633377,-0.528885191866319,-0.0901425323397557,-0.3860696475947,0.0553752724753495,0.135326416642576,-0.262648923357328,-0.252674572609284,0.135649792228801,0.160423865581073,-0.0103258464155813,0.178097455765592,-0.268325680153361,-0.183911115341491,-0.0955548654580652,-0.0146734163540619,-0.099711880841842,-0.351300865930372,0.0863305885320232,0.172448682498262,-0.385418437649175,-0.284508718057302,0.123350421150759,-0.429380780780888,0.210980111188917,0.314486349427357,0.313444250792517,-0.00680389009823992,-0.0444626066253998,0.133900696826393,0.0512545358768462,0.597181981550286,0.154218946001639,0.161589719174739,0.271085576827148,0.0635995091124276,0.130133436820847,0.172044026523681,0.0786573471470422,0.0622079589734207,0.28027559163591,0.177967051373877,0.0288627603545763,-0.0443409040280632,0.0558504261117146,0.499525708264161,-0.189130043280695,0.403170383568168,-0.140328621234582,-0.332265714555496,-0.0894722306735285
0.0908433109404506,-0.129937013355697,-0.126719983920325,0.16493901742079,-0.425912011968085,0.159609962277376,0.136187068340718,0.0806216406300632,0.047091324941378,0.117638881662107,0.131649543017263,-0.411580742012812,0.158175478492047,-0.0563797005592869,0.575096746362891,0.167092906441912,-0.496617453690447,-0.133060745659518,-0.192062461345908,0.0309818228912507,0.0343923645685657,-0.187481089757718,-0.00431767362903213,-0.102291009437617,-0.1063669841933,-0.398891890127179,0.122698436823371,-0.256824717656495,0.182263726645417,-0.144882009654386,-0.112794858097769,0.512632337840798,0.0871584065424384,-0.401748250889415,-0.240048214020884,0.151099422426583,1,0.290990207764014,0.17344967162468,0.138360033825845,0.134914700520202,-0.0730675520958443,-0.00503524594017221,0.322843217711498,0.210092596993775,0.305733377463468,-0.0361186927387842,0.130072046417583,0.280730144059439,0.229683798295665,0.24335550341052,-0.302804740854286,-0.139769128722021,-0.2270610877231,-0.331414699722266,0.156365578581197,-0.0352886696232598,0.0546573700084142,0.143934846257109,0.246623794874904,-0.137322633156425,0.438918340718201,0.234726687600637,0.276237135484267,0.188105576109317,0.459516653014236,-0.191277780689961,-0.27985020867874,-0.429012105504382,-0.31824734934183,0.174949024749904,-0.372612947372262,-0.268474290034819,0.154040182427486,-0.311524547106329,-0.258482485358293,-0.0190061684494184,-0.478890955802452,-0.0391477851996349,0.468262679552557,-0.352410466633343,-0.273303224377368,0.0460694147986295,-0.396046157893916,-0.299489548453539,-0.194227947603436,-0.0145075121078901,-0.17365897369165,-0.177227106595802,0.118477501940588,-0.00988927101344843,0.278915628866705,0.119526326907473,0.250730264877479,0.227361655250899,0.340484550570676,0.391593897889861,-0.120430392900829,0.0429868265420626,0.159944681349616
0.0403623230788308,-0.490093209063881,0.203043730571075,-0.299725436906621,-0.270096357742053,0.340330366884418,0.158108786181261,-0.402716509687576,0.382414284393654,0.782499166102515,0.427045305127052,0.675428027417713,0.605196802800448,0.211931084798942,0.365532909538352,-0.184848396313533,0.291321698380443,-0.219700115443694,0.0515930348655093,-0.00460468581818194,0.589208866430096,0.552457436126284,0.0441417574329329,0.612241271161248,0.940618144582333,0.377479662676075,-0.0391082894996639,-0.573267088148653,0.786651092490487,-0.279504472863601,0.0645989207202767,0.272441743456563,0.238935986561374,-0.424370376655746,-0.269518512664539,0.148054735446587,0.290990207764014,1,0.202719354668002,0.0393750483230224,-0.484950483939313,-0.272860324163477,0.0382715140333187,0.196832454656008,0.0883389596978739,-0.195710150646908,-0.279220778585331,0.167622183448804,0.194329233869328,0.177694443999236,-0.171374341587877,-0.194349598972224,-0.124501117906177,-0.227445905194146,-0.0460479965238419,0.100087633740005,-0.434313229660863,0.14768438337517,0.638556891671111,0.619622170651763,0.442779580487497,0.118809885378922,0.43225496367292,0.256706020935008,0.619230456401412,0.166692305793912,0.031815843117722,0.0853957915652884,-0.256922444427048,-0.0157408004453697,0.628861002052348,0.0878157770551857,0.00987898029760165,0.35558451652177,0.556506679729667,0.391196680380583,0.608240043516839,-0.114132964556535,-0.00642880786818306,0.14081235341133,-0.0581636159446245,-0.462461447931262,-0.174474108925721,-0.164391787050036,-0.0413110150443879,-0.431126581678486,0.189910912746556,-0.254431194775206,-0.00806795960453388,-0.356865098103521,-0.0981167454752405,0.146227677239089,0.436580739885156,-0.571403264572991,0.0787711680987803,0.090147418503022,-0.374047488106426,-0.425861638855345,0.273808233300213,0.247393895536642
0.32297775338492,-0.00281309607713617,0.0248784784388053,0.0114405224463452,0.204132471711071,0.544702589027102,-0.206104576824098,-0.220509235826794,0.327317826947724,0.292020806332216,0.100168555517491,0.0229039049710488,0.632320822827254,0.370289528681095,0.56494389436598,-0.21538475803882,-0.141893478858391,-0.307012462079454,0.164903132834067,-0.247449947955144,0.181435015150089,0.192975439540371,0.129196697422478,-0.173988438574964,0.190905045556065,0.0214318295516128,0.108814990578439,-0.281502093690093,0.511297175793464,-0.0401751165180922,-0.0829919581130549,0.441137178976217,-0.186114090617021,-0.428720774544424,-0.419005825298748,0.0445676209599867,0.17344967162468,0.202719354668002,1,-0.39001254251874,-0.048529991303326,-0.387649587242152,-0.14806426561983,0.444708484241808,0.252028944873671,-0.0705761855475025,-0.0688140335327035,0.36381834719527,0.529933463691674,0.396864537309741,-0.0203486636276697,0.0551618125996008,0.130514953429565,0.228921381450392,0.271601613801272,0.372570847193601,-0.185665854144912,0.36842376075466,0.243496187807956,0.380450560651657,0.153765397707313,0.103605918423084,0.565523277345732,0.469479709681981,0.462874379837389,0.491549465444862,-0.192976004040651,0.0704691627550211,-0.108752632212769,0.275629482623263,0.504309673247413,-0.324695328180034,0.180993466842798,-0.241436952516164,-0.0333477726112628,-0.0744491490893072,0.00278323584428114,-0.227122247214363,-0.24300958961132,-0.24587051977409,-0.232192054879176,-0.0698286261249658,-0.289030773928297,-0.318905079587502,-0.210121017624818,-0.606137227640505,0.152214757503412,-0.269719881474254,0.00295269367053252,-0.481700167321438,-0.377811361345001,0.0324348275606169,0.0316287523196648,-0.676069345656538,-0.481556617244849,0.408757622888396,-0.541298140496857,-0.0509133406441963,0.384719687250531,0.304617123559882
-0.205992915607802,-0.631494630638133,-0.624267518371902,-0.374217218536821,-0.235364339561179,0.0932378855099901,0.181137485073652,-0.830916648340835,-0.153741171734469,0.21359149461592,0.0647552629030202,0.228240104984294,-0.0388594995275438,-0.0121101893624738,0.0309165995964733,-0.0614936884269921,0.350850476859605,-0.46994417007596,0.335761575501809,-0.0618783901444907,0.447340260760542,0.265748836850876,0.0902745531221291,0.0357142784655514,0.155153704341152,0.266126297391428,0.28087449645487,0.221998350100746,-0.0402924771997141,0.0560506835951947,-0.317926409881771,0.215064852171184,-0.157510556600811,-0.195098176527238,-0.361305834423155,0.106378327856556,0.138360033825845,0.0393750483230224,-0.39001254251874,1,-0.234571146091476,0.199104537554486,-0.188662443011073,0.241042855542185,0.15182324592233,0.113508706353509,-0.0325824017148013,-0.0489768680560299,0.425017274638331,-0.0159034891219042,-0.752538398217317,-0.639215611983049,0.171324516506546,-0.275042615555987,0.297569193504946,0.120515960216639,-0.743331782261535,-0.353521495686824,0.2721547166519,0.268299197807487,0.268421260283404,-0.048871195155231,0.379299315552627,0.517471929921261,0.622787996589188,0.049383632668863,0.38842919349814,0.679032139127539,0.214013354559292,0.00284238536184594,0.551268898591428,0.284548371115642,0.374286356798615,-0.181313795130113,0.501582498445156,0.35212656584117,-0.105214029351703,0.196769865020114,-0.352223693049044,-0.164720666080765,0.230702112922233,0.104849545764807,-0.0939579775821365,0.128879326098681,0.179806048831113,-0.156163096455348,0.17787832111965,0.0581758326642529,-0.0339684681642604,-0.134423844783826,0.0719050592902243,-0.0952140143776631,-0.134869723370206,-0.132967127980354,-0.0538109589596298,0.226810018764504,-0.0372312467078512,0.0142712705261822,0.134865478614185,-0.0499199966706819
0.0126205215735989,0.212987475345606,0.106923762843149,0.109055334149017,0.579262014764857,0.190421627135275,-0.528323444894336,0.168105791689545,0.285279433073119,0.268165935860377,0.226858369825368,0.177923981506085,-0.0466631707234922,0.0257206319235208,0.0353187834807819,-0.389086523149203,-0.141807333948069,-0.0426960471282994,0.161674679585781,-0.268881664250532,-0.120737369386674,0.105370142871657,-0.236014008543495,-0.0445299662645687,0.358182436154565,0.0900074739784009,-0.584509125728958,-0.300565094090637,-0.0200911609050254,-0.0157533965699918,-0.00666818641926639,-0.118556269468104,-0.0839915546348775,0.0465672393829191,-0.261580839512716,0.113839023227295,0.134914700520202,-0.484950483939313,-0.048529991303326,-0.234571146091476,1,-0.341731263525906,-0.140537674749954,-0.346703772374306,-0.203910514166888,-0.2555142307016,-0.114081407212791,-0.0842195605437661,-0.173144221956422,-0.212388215843256,0.0583655506521073,0.311764855791231,-0.121455292759335,0.521208844458035,0.42649013043464,0.317022333566658,0.142436576949356,0.120793233040205,0.278964480254203,0.305067325172636,0.0861734897172058,-0.265556182826528,0.106973138046215,-0.0967747613381692,0.192785788899473,-0.0270532624193999,-0.182702307676635,0.121185139385986,0.546070026268118,0.423273086460654,-0.0621370683753281,0.254865028756409,0.120788705912207,-0.0190670086289323,0.224182575254096,0.231181520775068,-0.0268029141048943,0.110107596918774,-0.194268024816535,-0.378274473968574,0.373390200948064,0.123450341622872,-0.0668279296171548,0.245179681911127,0.130301047008689,0.0241002129777873,0.310488438391745,-0.0357025470990584,0.357164710843628,-0.270211410147692,-0.0540888138883637,-0.233030833716646,0.261429698402473,-0.166776435389001,-0.2467971653688,-0.267931534880039,-0.379398115197465,-0.1360257423634,-0.0874235144131039,0.0527734189107015
-0.397452575306499,-0.0044383938157706,-0.150499828737487,0.0442002394951554,0.143847309704381,0.191389142377375,0.519436319278146,-0.0727429158947073,0.073553926361542,0.639165511873505,0.252854842008667,0.372757430617924,0.253461924315512,0.230763747115913,0.215228495941872,0.0298369924613481,-0.0523790889122422,-0.352643377401327,0.404179103205759,-0.0398396047908309,0.230319831888017,-0.129649211734191,-0.126700608124961,-0.248661915868839,0.426088960146599,0.31168591262665,0.02122556860049,0.0158508325654917,0.0430924826884402,-0.251229797649213,-0.409397699393799,0.0352880096407158,-0.374170993250617,-0.468402865217593,-0.505135969137438,0.201540264953963,-0.0730675520958443,-0.272860324163477,-0.387649587242152,0.199104537554486,-0.341731263525906,1,-0.384069026330032,0.0247966069134206,0.0446185395857426,-0.0668375151753407,-0.588447438829174,-0.278093238103389,0.0141034331495685,-0.00553752904781471,-0.262480425571087,-0.40380572139183,0.232262200810606,0.0096111594755719,0.352514163927986,0.146825612515552,-0.333916412112732,-0.231446691468083,0.726032185730436,0.264647615414585,0.489287354933217,0.2847454702818,0.290064966332938,0.315195039724338,0.577410139281213,-0.0662753064267926,0.191562618897787,0.22240786620917,0.0984037862555613,0.0222878471308727,0.260758999331431,0.155351037012931,0.0537599551786331,0.118948096642106,0.274529265750772,0.344833976365622,0.177160631440223,0.169541727442364,-0.48703449245685,-0.177787719858555,0.147787153686564,-0.0447447914319697,-0.00571206252514822,-0.0994816215794392,0.353365710462785,-0.0281951661362123,0.328683385994596,0.0370899276607685,0.00199669687883525,-0.000669199864017589,-0.0615340329350719,-0.121248127791201,0.130376046889613,-0.330361442951772,-0.0289726706826361,-0.00129938179085708,0.0644521899133099,0.0355560551223618,-0.118335482639441,0.184176020625064
0.258447485803223,-0.0894314557529345,0.0310211885019803,-0.349132294338854,0.203421215536671,0.730627265222229,0.0436801661367894,-0.241037878675437,0.281191810598737,0.535381333361936,0.364497660430268,0.362728380766744,0.58602816736882,0.19596901821006,0.162410992316586,-0.180655712782308,-0.0395053663511986,-0.0637112202931727,0.280214503366237,0.0367194603258251,0.187596879810349,0.0689311003933793,0.162703726138013,-0.23503879872677,0.413925569616971,0.203734126866882,0.0731418115734535,-0.386741216979947,0.328464694529564,-0.386645967441921,-0.42955797919791,0.38459949315061,-0.242410886143564,-0.316150721240502,-0.243431666307433,0.29140016136178,-0.00503524594017221,0.0382715140333187,-0.14806426561983,-0.188662443011073,-0.140537674749954,-0.384069026330032,1,0.00700247163256727,-0.0302351852829482,-0.149331208414884,-0.22957242852105,0.0275589106347611,0.364036980500928,0.238840407449133,0.0695804688326858,-0.211994704347358,-0.015702296093991,-0.0849396637663996,0.34768527635976,0.410396418913506,-0.297609520231721,0.0330155777579243,0.513226749765086,0.429233304146047,0.295474739900962,0.288652474947513,0.221254890975313,0.171757974186615,0.402132589716258,0.13495667169242,0.242027479149934,-0.074081993484279,0.114984880634089,0.37919397539429,0.253072248146774,-0.191876655977343,0.035121740998819,-0.238991146166869,0.0569121939103122,-0.00927069657385812,0.151725894082496,-0.0458145070755762,-0.584506172559175,-0.179511822293345,-0.150520077015415,0.128603063488659,-0.0479793550012317,-0.0117638529217391,-0.00503940941179043,-0.199919543549374,0.184221087695156,0.0313383031336854,0.31858095415607,-0.201396629189904,-0.0600487417514418,0.0357865246751907,-0.0259303950033719,-0.492086490856372,-0.367386659458103,0.190800906282127,-0.387681309922059,0.187880267957726,0.353702571374955,0.543572052717193
-0.035706803728427,-0.274163574890435,0.0378542320181948,-0.392325014453814,-0.3749237526491,-0.112889623420685,0.012448732451766,-0.171181137462003,0.279752395297283,0.570643313336887,0.511012830775622,0.546869010282957,0.366414308978142,0.1350933085813,0.224654281587383,-0.339705830946634,0.230851546217407,-0.0331670221473482,-0.0638661359538961,-0.0090726312583827,0.560672766562083,0.423048577119327,-0.203208734353746,0.734546165681348,0.993907777808148,0.18133062274066,-0.333063171771313,-0.763305505264684,0.634995219702154,-0.283997803059054,0.414166877403572,0.279258201092675,0.558603548261916,-0.190868062818131,-0.360058512768163,-0.0434255593555696,0.322843217711498,0.196832454656008,0.444708484241808,0.241042855542185,-0.346703772374306,0.0247966069134206,0.00700247163256727,1,-0.108954353395961,-0.0580126174607736,-0.309458014650871,0.000667117791729677,-0.0212217018662391,0.0408283108427483,-0.000780872098602031,-0.0415852896231869,-0.299593112031672,-0.330459478562148,-0.416945931691347,-0.0357319816148818,-0.32594002566158,0.101852323438431,0.626843256721716,0.70652783442084,0.389966333772194,0.0502994692010421,0.141719587710232,-0.0531940494510215,0.233220604077038,-0.0601047966366047,-0.0405401805482175,0.0651272906218033,-0.174279310722449,-0.143509755084677,0.476464578500379,0.174886631776529,-0.156296028955776,0.707255741184135,0.502188223212767,0.428880422069556,0.701983103453961,-0.066142236543944,0.228661057004236,0.410558288054934,0.0767768967364316,-0.342325595049591,0.0346470325150233,-0.174833426025985,0.010220466486652,-0.231869403419175,0.406359140192668,-0.245355649093648,0.158151557928618,0.107611871070966,0.179250056622773,0.436886402431656,0.557668538832432,-0.214361423773508,0.211757802733199,-0.0605415418815458,-0.0106379631206483,-0.461352707311953,0.0827368594744721,0.179121098653565
0.152107959399758,-0.189838658355002,0.160161392941432,-0.210878515839504,-0.136693610792983,0.242175708286054,-0.0333346722296871,-0.09616533826129,0.366300497720019,0.702239828565209,0.417087864569512,0.414402054557197,0.199422350605726,-0.14662280646076,0.362963821057401,-0.61069799481241,-0.23612203740895,-0.251362331757846,-0.118821395263679,0.238587091688029,-0.0122991876625293,-0.512330519084368,-0.326256960914322,0.170601016569879,0.506524447604448,-0.0422039190857328,-0.393748688839408,-0.505380871812241,0.300733747023745,-0.725083545079928,0.097833855209043,0.15535545237654,0.0824067740260611,-0.374868487255951,-0.125570502648894,0.233136348180948,0.210092596993775,0.0883389596978739,0.252028944873671,0.15182324592233,-0.203910514166888,0.0446185395857426,-0.0302351852829482,-0.108954353395961,1,-0.180816606681244,-0.0829128926202415,-0.30759663536066,0.0238180545145276,0.0855386693087868,0.306735918641371,-0.260339563629938,-0.454484526839755,-0.363901856756152,0.248086985322152,0.254972421223045,-0.131017971503103,0.270499445586944,0.401554541700487,0.445379009402007,0.381580774775157,0.142976101302981,0.0509571667922093,0.323133657595754,0.491122047560727,0.306685578881642,-0.0672023162148215,-0.0671445176291489,0.11494715351103,0.0143585710267237,0.187701324714882,-0.0200621880324406,-0.434192754024162,0.196319353804793,0.277052445239988,0.274800295039731,0.425899977825203,-0.330662015170301,-0.0148426566310877,0.059242631462694,0.346604871824727,0.10990163666699,0.338025269405845,0.198977281406726,-0.0367588976488236,0.404677575620713,0.15511532386407,-0.0295255976353164,0.236965575795722,0.296967007166366,0.272876446547542,0.124325217137772,0.490970108102331,0.0987134436684379,0.300929691335267,-0.322593555476938,0.266276201579118,-0.126160117995118,-0.0774548248046589,0.410953065071393
0.00747299739623373,-0.0203351229678907,0.0901003645051471,-0.157797711846784,0.315924507779797,0.494120739282861,-0.0066620554574354,-0.00728332722604542,0.364260631403439,0.74552855467198,0.420812439841445,0.502679645134154,0.542760789452117,0.215833556152572,0.123849390902401,-0.284170654254066,-0.129749300714939,-0.286379574331277,0.256221553586291,-0.196441835446964,0.24631482253684,0.106810504268272,-0.270973189745702,-0.106251322074838,0.79785690965669,0.277835981377535,-0.289012891623755,-0.406078193637155,0.338478732276607,-0.524168984278165,-0.113051498291273,0.227251292242875,-0.261125386519633,-0.335320366959105,-0.460179511713041,0.331476083050174,0.305733377463468,-0.195710150646908,-0.0705761855475025,0.113508706353509,-0.2555142307016,-0.0668375151753407,-0.149331208414884,-0.0580126174607736,-0.180816606681244,1,-0.463732596991628,0.0112543855530128,0.156925562768335,0.137834089347128,0.0126554997124647,-0.135424809557172,-0.118846605109565,-0.0406714769660116,0.264548830132217,0.374991184275004,-0.265810849238344,-0.112731116355719,0.699230130459097,0.489006929002469,0.356761311987192,0.233328439077845,0.278774781402219,0.0876355547343864,0.32401364915835,-0.156098403625616,-0.0322717144857928,0.0184146007404709,0.142576998268713,0.0670733186388673,0.15866396748046,0.0181131775953525,-0.118158177905366,0.179569714736392,0.17123304811509,0.344341067464758,0.333997826355907,0.167836692929957,-0.345372155237181,-0.0170160665152685,0.131774268610963,-0.0912682753722413,-0.0198885510788178,0.0620227306192832,0.233106201880853,-0.0615378243789273,0.482085231387594,0.124166425395087,0.21958729866642,-0.127898894206104,0.0732119340457187,0.0952732310917883,0.213545776334179,-0.250040903406942,-0.0183473152937536,0.083618764063317,-0.102700371940855,-0.118993270869267,0.0954313663715543,0.449744709584299
0.164040272415336,0.260853075574017,0.304226529641601,-0.0784540204034145,0.513156811999138,0.715114926175345,-0.36742880295838,0.186642799774061,0.652699563922593,0.343087428104451,0.12177016609631,0.105222358362757,0.249766035322487,0.103637532052519,0.169000835600095,-0.358292798699178,-0.201476046043959,0.0503879870497936,0.144294645953025,0.140277784394919,-0.0995260680529108,-0.0696767091947342,0.0965793091602909,-0.254257759921635,0.109076483025933,0.130226584511675,-0.250075823960019,-0.391521090732713,0.29813439715013,-0.108484912211524,-0.368011354116945,-0.120277660470544,-0.31168310024432,-0.0990579542206699,-0.171094659080861,0.298619793305181,-0.0361186927387842,-0.279220778585331,-0.0688140335327035,-0.0325824017148013,-0.114081407212791,-0.588447438829174,-0.22957242852105,-0.309458014650871,-0.0829128926202415,-0.463732596991628,1,-0.0444622310766279,-0.0399069308501671,0.00352301754518675,0.0633229330143328,0.239093135647102,-0.00526288008505454,0.387138342250709,0.709168457663976,0.416844715605897,0.164594141787399,0.423414460099098,0.229397581435228,0.302116912957264,0.148155491761817,-0.144012705052981,0.184480807383367,0.0388772555991498,0.283769463574791,0.181018358920477,-0.0550526559629003,-0.0292668707344451,0.50607961892165,0.648303808214465,0.141951903004728,-0.0370005959163867,0.137240325567848,-0.116093727232881,0.112102384652257,0.0312891660710762,0.0577092533589377,0.049178328119554,-0.48495919875294,-0.640956817656126,0.261028907593941,0.259762350168059,0.037037510821148,0.119408323850153,0.030427072603722,0.0175273415481799,0.12660813740252,0.0365079660040335,0.59013170749267,-0.239218374312838,-0.291479032498776,-0.344415592657844,0.0934909768121133,-0.379397429363561,-0.392984926673927,-0.247063170643155,-0.544406560949474,0.183560147919074,-0.026308352299587,0.288830534902915
0.0415579038595706,0.300518749812583,0.433782376136197,-0.0829126181635309,0.25114728672168,0.375627252051612,-0.491052248775889,0.208409410728231,0.666379306012053,0.406558417208732,0.431089452240093,0.229060357659778,0.211719993657527,-0.000452173347408685,0.0659673301437046,-0.628340347330285,-0.246482356046179,-0.343118810115131,-0.31594973969133,-0.459487715419355,-0.117460692751442,-0.0203520902065341,-0.462599372072822,0.203171059469682,0.543402324934079,0.0384673559265279,-0.575462974357708,-0.786757592536733,0.0364246475973874,-0.226848991323677,0.0932012251719271,0.210886465530652,0.281978915305454,-0.321502741825747,-0.313777820286493,-0.0456567026783148,0.130072046417583,0.167622183448804,0.36381834719527,-0.0489768680560299,-0.0842195605437661,-0.278093238103389,0.0275589106347611,0.000667117791729677,-0.30759663536066,0.0112543855530128,-0.0444622310766279,1,-0.00627126706399583,0.0938028228636072,0.0911175953196329,0.545661514896877,-0.258420013232905,0.284464627235884,0.408216748063231,0.378536778175855,0.0990268086877342,0.51457961363749,0.453537923191258,0.493566458320482,0.413731811242783,-0.0825758939178217,0.465782315579727,-0.0874078311409641,0.138244069102659,-0.0437866705711343,-0.333150364236994,-0.0251719071061985,0.0465112488512746,-0.043117434219364,-0.0651020614507952,0.224678165676974,-0.171231317165232,0.47041757942031,0.370423502656628,0.329921768670805,0.274528752900028,-0.0763219159318917,0.30360110943303,0.0806545755157983,0.137698542122741,-0.187500357822966,0.0211021517998174,0.0248672088436606,-0.203641241304006,-0.0938322945791261,0.185204753042423,-0.320891983291433,0.0120786179149909,0.164535240999588,0.314347638477235,0.368388406699463,0.687098775173136,0.0988210952660092,0.220641654471976,0.0440942165148115,-0.0127167574767878,-0.449827635268147,0.163720856208299,0.187746945862147
-0.22465399478307,-0.428556221829072,-0.0421364916760956,-0.33406802084452,-0.539681681171684,-0.0117471827326752,0.136676902279582,-0.127382318357712,0.337337712171358,0.539645486151844,0.129740768714358,0.301624767613752,0.110403899202844,-0.254920675514075,0.247791118140088,-0.297694271257078,-0.141725746927529,-0.217773644555772,-0.369089820718913,-0.0182569104658313,0.158082920089129,0.354906892373199,-0.352531487539461,0.78936616981248,0.794905914297818,-0.0895951349149732,-0.35276136643684,-0.708728611361519,0.551809968546035,-0.393436980660485,0.280792786161236,0.335456138045799,0.659387989124142,-0.323270132319364,-0.256434118716066,-0.0880396717380904,0.280730144059439,0.194329233869328,0.529933463691674,0.425017274638331,-0.173144221956422,0.0141034331495685,0.364036980500928,-0.0212217018662391,0.0238180545145276,0.156925562768335,-0.0399069308501671,-0.00627126706399583,1,0.011238236171522,-0.0568061589476523,-0.138897260195397,-0.34209174478319,-0.292497460218703,-0.34793716270778,-0.0271821748308436,-0.235806503338254,0.221356166661274,0.408138924648072,0.441558623397287,0.313859063343425,0.0881903569458325,0.124452953969221,-0.110336589823374,0.287221767496792,0.149753610286014,-0.109202328132642,-0.271726305191179,-0.300527420021471,-0.313397521577992,0.197192093099381,0.150789030935704,-0.416823240772273,0.728165548530786,0.470068456669888,0.322542050521534,0.639493936649906,-0.367600759140545,0.131983643906843,0.412064145017518,0.153919863751672,-0.412038239555687,0.219523744484372,0.0235030569476045,-0.0365772087959776,-0.123074051492623,0.292943405151957,-0.323628981079835,-0.0674362296586827,0.204054128984171,0.376858745591909,0.398357541475652,0.638834522969575,0.075792122671466,0.653649379962881,-0.0299503854036379,0.341330724840895,-0.628110520532089,-0.00120233349351151,0.139653643827778
-0.105505492173687,-0.395279603543245,0.107136595151044,-0.321861522543187,-0.460001528810696,0.0294001123475393,-0.0970398341893629,-0.202303765565695,0.342722964935049,0.537887630800822,0.348294624772121,0.358874053357495,0.0417063677843373,-0.16768518718,0.306153949112953,-0.426438341415242,-0.063672267460904,-0.30006655846206,-0.301583117519974,-0.117072888371433,0.13295965619255,0.429369002608343,-0.373214034417905,0.676231630952818,0.826403250183246,-0.0312734529152299,-0.152181406713327,-0.63493250461221,0.460296976938705,-0.300481440269767,0.316034626273865,0.475103670228197,0.547930719956994,-0.360487905280467,-0.130931961447574,0.0136819408633377,0.229683798295665,0.177694443999236,0.396864537309741,-0.0159034891219042,-0.212388215843256,-0.00553752904781471,0.238840407449133,0.0408283108427483,0.0855386693087868,0.137834089347128,0.00352301754518675,0.0938028228636072,0.011238236171522,1,-0.129839169573303,-0.0636577733560184,-0.34454821680609,-0.283150168237852,-0.136269467256224,0.185901302857874,-0.292767228951828,0.18907214024994,0.405084050938976,0.495792637125202,0.324882874430116,-0.140746753862745,0.200455886944497,-0.0736286544884737,0.263658694860934,0.302636520758734,-0.215134059118183,-0.156530538505165,-0.246066321475172,-0.29524323216461,0.219058722554726,0.180717379291251,-0.363905002965693,0.571057095323679,0.484228462609032,0.37394261647853,0.474496372321841,-0.304411615347801,0.335638680221746,0.448193306336371,0.143821828560324,-0.471529126894564,0.10864864322868,-0.00937497969397316,-0.0456798754798339,-0.192517290738576,0.176893262739343,-0.38991354764833,-0.0785177038514117,0.10790056784578,0.319212889374933,0.271904119033759,0.584427728346882,0.110627372001525,0.601036499223982,-0.0298405773025328,0.238820015606949,-0.489873846720732,-0.0713403417330869,0.133939223522168
0.0766017743102338,0.315204174774584,0.213708901565733,0.421915051304162,0.183791572159799,-0.206715936093058,-0.566101808719441,0.167986829775504,-0.355907960378854,-0.340076760492315,-0.00633839777741044,-0.202076205072597,-0.237970938549551,-0.0641517577470749,-0.162968850357497,0.00451720223047338,0.0352593402106411,0.0837303015764566,-0.029491121092377,-0.282454975280612,0.0456833253724757,0.270593404700542,-0.195715686721519,0.010746592077961,-0.160692753121416,-0.109680343644165,0.0966551568543898,0.138633192704585,0.058614164573981,0.162229256930351,0.173759648475937,-0.122305847793308,0.117340294042103,0.253460604113468,0.185298637531824,-0.528885191866319,0.24335550341052,-0.171374341587877,-0.0203486636276697,-0.752538398217317,0.0583655506521073,-0.262480425571087,0.0695804688326858,-0.000780872098602031,0.306735918641371,0.0126554997124647,0.0633229330143328,0.0911175953196329,-0.0568061589476523,-0.129839169573303,1,0.408127067301812,-0.0385111064152113,0.410853614946301,-0.219408952165736,-0.120377810188732,0.135913620711996,-0.0795102581737208,-0.375723749502879,-0.00965337040536909,-0.0517256122633245,-0.0220746347444253,-0.0445335172841317,-0.115917151377632,-0.129400324092224,0.0110914609979351,-0.636068881975296,0.0499742193207838,0.0861624806745303,0.0306393380516081,0.058980401988984,0.0197325272534525,-0.0139174702723972,-0.303755785256625,-0.0514225825325242,-0.0183344426758938,-0.16583773866607,-0.0300398855654881,0.157163347047576,0.0664225204610309,0.20474893883734,-0.031588052088832,0.160105400050831,0.0234480699703822,0.222178625841534,-0.112444638114699,-0.0567069365747579,-0.0837189415296442,-0.375780364211401,-0.0479186091826884,0.158191906014718,-0.1638281967406,-0.176563267367538,0.0604039786420485,-0.0248667312143108,-0.0955854001602252,0.0297015330448554,-0.276095245237864,-0.0564171794128202,-0.280935512298532
0.496765345956218,0.110918618027841,-0.0236481021010732,0.148139470248868,0.196932593660806,-0.275080685853974,-0.482002283799503,-0.0413814917242975,-0.585933429041687,-0.440110360106389,-0.235074105066443,-0.300368496248709,-0.287490795714707,-0.163311942027176,-0.61652149327662,0.362906131879396,0.347743910273932,0.55840631240551,0.0784187227908442,0.12048047343803,0.113884888152594,0.366987703742585,0.136172984043017,-0.174109326094338,-0.33617252631632,-0.243391626307156,-0.212123321787161,-0.0702439103895214,-0.146179614511518,0.0657144397425364,-0.41518980003712,-0.27304753117864,0.297774335319837,0.517238463678536,0.166416682580855,-0.0901425323397557,-0.302804740854286,-0.194349598972224,0.0551618125996008,-0.639215611983049,0.311764855791231,-0.40380572139183,-0.211994704347358,-0.0415852896231869,-0.260339563629938,-0.135424809557172,0.239093135647102,0.545661514896877,-0.138897260195397,-0.0636577733560184,0.408127067301812,1,-0.253576674373671,0.220321658171055,-0.380694553253604,-0.146693379562947,0.170249445595946,-0.382049504848709,-0.325823064719709,-0.177945516810779,-0.343222985380806,-0.247203766036194,-0.344145763917563,-0.320320132233624,-0.195538309081109,-0.393550639729798,0.243322138647715,0.13722517086624,0.307246234861807,0.408808581522095,-0.135730568359824,0.206154109097681,0.322808073822134,-0.255762022732326,-0.0545162375710363,-0.37160029042752,-0.403834977400422,-0.206442854266454,0.016731018903648,-0.0363050629550928,0.00274189683421311,0.205132012235941,-0.168815103032819,0.0435706621567405,-0.107451914148544,-0.0101841309930822,-0.422262650277513,-0.199686746850023,-0.00125282740704331,-0.0693465831871893,0.104846096830138,-0.147573363996606,-0.134289367068389,-0.151189714912047,-0.544076478106779,0.0905912357824498,-0.170536749941775,0.372155926505631,0.324974403933558,-0.122834626827299
-0.255670755712564,-0.15504407086004,-0.205989524401972,-0.355257168905502,-0.190429902199464,-0.602753933524713,0.356021641299505,-0.239498466856922,-0.521314860375637,-0.46308970497886,-0.332821845439401,0.00941908242437245,-0.175330013548282,-0.0731235357547687,-0.425749446125385,0.549384118830425,0.555552199379849,0.621004460852212,0.396858672966376,0.0235624832997004,0.257172406921486,0.641428513086337,0.401122897333154,0.0165084148373016,-0.29030231373286,0.00640503022549732,-0.23787684580149,-0.000612635744388967,-0.284133824475705,0.131183240963347,-0.369716481733278,-0.217681231357928,0.255927180953839,0.618549761117947,0.34668516615521,-0.3860696475947,-0.139769128722021,-0.124501117906177,0.130514953429565,0.171324516506546,-0.121455292759335,0.232262200810606,-0.015702296093991,-0.299593112031672,-0.454484526839755,-0.118846605109565,-0.00526288008505454,-0.258420013232905,-0.34209174478319,-0.34454821680609,-0.0385111064152113,-0.253576674373671,1,-0.417413905652367,-0.249033895140922,-0.567982407851577,-0.0375088923171504,-0.386053097397258,-0.272600809418943,-0.461804272225442,-0.344627825947254,-0.0808347677492074,-0.364147134953891,-0.161659297497629,-0.160439787576627,-0.308229765808466,0.773590430055852,0.18072718271877,0.209252304633253,0.281436906010497,-0.0354011927441611,0.403904829902675,0.345218695812578,0.211021940875529,-0.0344074582854676,-0.28170112910378,-0.332432031890321,0.0901620174553703,0.132346724653671,0.427766615013139,-0.205501324524011,0.138624646867291,-0.0541435542009845,0.284955071738366,-0.0137863639339055,0.141019099798404,-0.196217665875261,-0.0426794385445335,-0.0151664063807387,-0.107775738105668,0.130896514505884,0.0487733747508984,0.0790816296173276,0.249900620256396,-0.196344610364913,-0.0602578058383127,-0.0559315338108528,-0.0328226002287148,0.02793681697594,-0.165709147477961
0.280194011343645,0.281919583537507,0.0545857425251172,0.25385212380885,0.269634664416355,-0.37277028962423,-0.465845488943491,0.288227273552875,-0.418319438765387,-0.893241119895517,-0.532890353630054,-0.424989287836276,-0.573900564551241,-0.182018483642697,-0.933750843558624,0.475293287028781,0.290753783672658,0.793689954026247,0.21525140357673,0.345966482824227,0.0194934706147021,0.223972594592582,0.332512868292848,-0.0129360364770692,-0.493449991338807,-0.440678204344374,-0.101210921974114,0.0523625533485417,-0.391364815532868,0.249478692277048,-0.0170240939381168,-0.410357916673767,0.155730456050743,0.756345965313501,0.477304265202423,0.0553752724753495,-0.2270610877231,-0.227445905194146,0.228921381450392,-0.275042615555987,0.521208844458035,0.0096111594755719,-0.0849396637663996,-0.330459478562148,-0.363901856756152,-0.0406714769660116,0.387138342250709,0.284464627235884,-0.292497460218703,-0.283150168237852,0.410853614946301,0.220321658171055,-0.417413905652367,1,-0.391099650488563,-0.35792408843907,0.281403371563136,-0.525416613305575,-0.928333133402343,-0.729167661086696,-0.838333020660488,-0.46785274325737,-0.790680308270801,-0.673559444298079,-0.689799830894366,-0.731781637764315,0.0304367443531711,-0.0169960739514244,0.212223688952732,0.31340788949803,-0.317513571675798,-0.0577583017621702,0.216756411495835,-0.207673109398518,-0.422803991502356,-0.612380414870997,-0.412564991351503,-0.0274802316581117,0.266211193812252,0.28776254555569,0.0554974892871714,0.149609569059461,-0.0932197885878297,0.151713757207281,-0.0487616517654034,0.0040580899928481,-0.308720276244939,-0.0424493615413025,0.0365347043886896,0.0496985335147814,0.0880133683742181,-0.120366155470001,-0.312287368458654,0.0850231194973554,-0.221203777565254,-0.201674496710745,0.00539690630894235,0.0946465566274657,-0.0150822802728889,-0.384999281754058
-0.471166728910155,-0.130851558442977,0.0324924697291699,-0.30706085990776,-0.563772140123612,-0.111161422936542,0.199471833993475,-0.00070413689314705,0.0381439473185903,-0.481656846011621,-0.355311655412263,-0.504854933638204,-0.460886476429468,-0.409168468266868,-0.60648183945218,0.400705164757606,0.130781702578603,0.542152274650206,-0.0967158393619222,0.758830207879047,-0.0797383330380739,0.159051921295141,0.51236995858189,0.0942555033727763,-0.483003515321165,-0.384781930483029,0.514438106336741,0.230391659199802,-0.0451843518755043,0.155700506983109,-0.156529992708381,-0.184232338750735,0.295065737953452,0.586664035561562,0.786902117479987,0.135326416642576,-0.331414699722266,-0.0460479965238419,0.271601613801272,0.297569193504946,0.42649013043464,0.352514163927986,0.34768527635976,-0.416945931691347,0.248086985322152,0.264548830132217,0.709168457663976,0.408216748063231,-0.34793716270778,-0.136269467256224,-0.219408952165736,-0.380694553253604,-0.249033895140922,-0.391099650488563,1,-0.120766894319942,-0.121877558786494,-0.182450908200921,-0.597628683067554,-0.608423064515488,-0.623186293230084,-0.192129218294746,-0.832321178504797,-0.722798536429847,-0.623317102044481,-0.608719838947409,0.29818258379248,-0.328910338596536,0.210041873333779,0.0332038126683427,-0.217487121492683,-0.0510406134682534,-0.0544730481322226,0.123779174445451,-0.331373485655354,-0.383511509783681,-0.158590192312729,0.028108108330798,-0.11453532767781,-0.0110989961646932,0.233428802263307,0.29720304196687,0.541226354873402,0.329168064462325,0.370882128116256,0.526099814901029,-0.100841392385514,0.22616117665151,0.433252002968889,0.574070839868944,0.111681067235191,-0.203286500583235,-0.285040087127664,0.321709715715105,0.26704603660766,-0.347475454796445,0.461841340493711,0.538993203673048,-0.288820647150459,-0.101927300588376
-0.284391922956608,-0.397612044020267,-0.0891412413693009,-0.517330298438566,-0.620092717103829,-0.193012824918922,-0.425186801377494,-0.328183485017995,0.115273638022216,-0.0622426122159867,-0.102502007760678,-0.160412501223192,-0.29235408992167,-0.501114236790216,0.017451472129252,-0.470465498214148,-0.0997776228563022,0.0394108648104906,-0.383991895396108,0.091355536620105,-0.249636937334011,0.145234544521814,-0.21838609847909,0.235926748683461,0.0646544270890995,-0.400537962906485,-0.0366974798189843,-0.18581303624953,0.0805899754138147,-0.377782672678709,0.0416125548419632,-0.16423908962548,0.532977091893931,0.261749939869004,0.360714843338474,-0.262648923357328,0.156365578581197,0.100087633740005,0.372570847193601,0.120515960216639,0.317022333566658,0.146825612515552,0.410396418913506,-0.0357319816148818,0.254972421223045,0.374991184275004,0.416844715605897,0.378536778175855,-0.0271821748308436,0.185901302857874,-0.120377810188732,-0.146693379562947,-0.567982407851577,-0.35792408843907,-0.120766894319942,1,-0.322065653152813,0.209071483508507,-0.143778523576118,-0.178367180545452,0.00461821147933478,-0.165378931469213,-0.0497050911600368,-0.293878715420411,-0.250732686021481,-0.0947621366917344,-0.0331923919024551,-0.164697660257845,0.141692398599773,-0.109479958809265,-0.213163010518436,0.300429260169778,-0.23110064043991,0.661913889672539,0.124163950737334,0.0345397904911994,-0.0237480054779691,-0.303284774221989,0.246259622634532,0.114934030699004,0.39516258213695,0.342921678686743,0.525083859958177,0.473168931495096,0.170215573847161,0.438497155482184,0.187829520457017,0.0931486892505103,0.0938637736841998,0.646060658812125,0.591153880803769,0.0730317690186451,0.489416134581847,0.353083759406076,0.438732667282258,0.0305908366955393,0.550985498486682,0.0604754551682258,0.148899272009239,0.16949866633049
0.174288025965808,0.384538707517531,0.0221266288407285,0.233900235677251,0.407572965865913,-0.307163899332856,-0.517671861274341,0.0191416195136851,-0.589180071583317,-0.733952607829388,-0.369037386113387,-0.272374371605549,-0.436970190384542,0.0109743879012845,-0.874609465325793,0.3575686145943,0.527720706530826,0.620057940672814,0.38860390289108,-0.0520116214245583,0.24466215900168,0.414616530322298,0.173411789115757,-0.343487406600393,-0.510782853272583,0.017812309081773,-0.0660823532489477,0.286259375200668,-0.365867283235588,0.398699941846503,-0.344063945811902,-0.472524233288619,-0.00145239293022276,0.799016785533258,0.259509757989158,-0.252674572609284,-0.0352886696232598,-0.434313229660863,-0.185665854144912,-0.743331782261535,0.142436576949356,-0.333916412112732,-0.297609520231721,-0.32594002566158,-0.131017971503103,-0.265810849238344,0.164594141787399,0.0990268086877342,-0.235806503338254,-0.292767228951828,0.135913620711996,0.170249445595946,-0.0375088923171504,0.281403371563136,-0.121877558786494,-0.322065653152813,1,-0.44965871702332,-0.641808437437807,-0.373367998753317,-0.457721332774933,-0.44649845756813,-0.534930741736898,-0.419069723835615,-0.361295401332933,-0.539012765913855,0.124376236367696,0.303174879657911,0.539968080594022,0.580871384052454,-0.121261133307658,0.216270225195909,0.406134031085284,-0.53724222347557,-0.15345562815024,-0.311719168152043,-0.525881335631685,0.253455182314679,-0.101333882400223,-0.196452204359683,0.220072437020926,0.39528429008412,-0.00731425076645581,0.237101059813241,0.215190551971431,-0.018759271392967,-0.100528688122153,-0.00926280196375626,0.0221790513323178,-0.241540108825857,-0.0908977518409067,-0.378800046713202,-0.388183437126028,-0.0921513356057879,-0.588835016246558,-0.205638952275183,-0.271211485857899,0.220655281557359,0.0232239966542433,-0.268548639404249
0.139323503839304,-0.443860791538896,-0.0155409021079784,-0.655773517148782,-0.676907758216971,0.189063755598842,-0.292144791272258,-0.579877789269705,-0.0347695872523996,-0.0614823291913689,0.103552008220276,-0.0800188213798327,-0.00558992021762966,-0.290410557596474,-0.233257004271912,0.0277043710456918,0.209132068925902,0.306724595610253,-0.143821842812883,0.343256184364039,0.219310355355981,0.363790693739553,0.388137792453116,0.141600507759677,-0.111859309008097,-0.0308699111686671,0.290557835477954,-0.100984154879837,0.544870463380182,-0.129401671323129,-0.156937251888933,0.0419327614522282,0.494350296462102,0.23719151186096,0.285508480992641,0.135649792228801,0.0546573700084142,0.14768438337517,0.36842376075466,-0.353521495686824,0.120793233040205,-0.231446691468083,0.0330155777579243,0.101852323438431,0.270499445586944,-0.112731116355719,0.423414460099098,0.51457961363749,0.221356166661274,0.18907214024994,-0.0795102581737208,-0.382049504848709,-0.386053097397258,-0.525416613305575,-0.182450908200921,0.209071483508507,-0.44965871702332,1,-0.275108566281103,0.192273167284114,-0.0451963789101749,-0.0473692982905019,-0.108916173164977,-0.102229093946139,0.13948319366676,-0.00808078189884809,0.278541098243562,-0.0430342397204847,0.130671071153978,0.416058692641,0.4129493127464,-0.0402356711733185,0.203223720073192,0.066761501019499,0.0489316181208448,-0.165341012330067,0.20075524729179,-0.246213722972432,-0.133317723759165,0.0635621001058364,0.0940278182163595,0.331270273655535,0.295191597112944,0.120798030550948,0.0294205332017444,0.0103618634998785,0.128837335174035,0.0259009834614103,0.293951417568488,0.222918879958369,0.112326778092777,0.095172360695609,0.178212958604195,-0.0455910074117899,-0.135512824052259,0.114196406968089,0.0125550570008647,0.395636820177939,0.478903313852234,0.322704459976167
0.00728615434566232,-0.595794028289547,-0.00728463601662326,-0.659409515927295,-0.903651986546152,-0.0534877615078542,0.197665694407066,-0.591605292894869,-0.161090274239883,-0.109004450051831,0.179851412380842,0.0875111434544638,0.102989727529784,-0.107030753579612,0.118875556316765,-0.0633394466886775,0.2176753594217,-0.235245948390624,-0.180529771046125,0.390511984318049,0.430881409739535,0.235334422768861,0.156716199301109,0.707411999229168,0.0215253720879445,-0.0024752783258295,0.694926716302795,0.24613462832364,0.487449698184551,0.0196570452152754,0.203422115437445,0.0946764793156134,0.559551206681923,-0.154756741205413,0.37690334554821,0.160423865581073,0.143934846257109,0.638556891671111,0.243496187807956,0.2721547166519,0.278964480254203,0.726032185730436,0.513226749765086,0.626843256721716,0.401554541700487,0.699230130459097,0.229397581435228,0.453537923191258,0.408138924648072,0.405084050938976,-0.375723749502879,-0.325823064719709,-0.272600809418943,-0.928333133402343,-0.597628683067554,-0.143778523576118,-0.641808437437807,-0.275108566281103,1,-0.188308547774424,0.0201897292187313,0.156409254842623,0.0683385822954737,0.167133302470478,-0.0958585655396184,0.211960917209012,0.158516113638424,-0.117282186416214,-0.733522596771691,-0.709201911916457,0.150262531726411,-0.238810624308985,-0.225703346439743,0.184321817087103,0.0595876198501445,0.0439108965126501,0.263022873582395,-0.102570008694175,0.287137487655018,0.26328240526942,-0.391284655260672,-0.362312053667311,0.112425301058387,-0.302297292429548,-0.00986109410010599,-0.199343476280746,-0.117583261447236,-0.0433056494829315,-0.482862791411498,0.30193937030222,0.100148247757012,0.0763740253623336,-0.273993117279132,0.302135300538449,0.33965665361815,0.398856142517449,0.449539046145121,-0.105166820969605,0.374943110982787,-0.0700194642914884
0.227009230470343,-0.606304216250121,0.0924267254295991,-0.450834069616789,-0.751160849807019,-0.19834238904809,0.0333870396636389,-0.348320091416981,-0.0647680937080949,-0.139537299398482,0.137610381921862,-0.0409675889504854,0.13028270646468,-0.305705523950302,0.299159375502007,-0.139036441074628,-0.00267005122091037,-0.266398647026905,-0.430532277754542,0.246933721170183,0.299351520392653,0.0286506796263507,-0.0615591253234061,0.535831487698145,0.119831075408256,-0.167361733290791,0.206769547865394,-0.0235669869262213,0.513547351010022,-0.298615014617161,0.528823086578455,0.184800194945045,0.690471066700742,-0.169123741613148,0.142708121367145,-0.0103258464155813,0.246623794874904,0.619622170651763,0.380450560651657,0.268299197807487,0.305067325172636,0.264647615414585,0.429233304146047,0.70652783442084,0.445379009402007,0.489006929002469,0.302116912957264,0.493566458320482,0.441558623397287,0.495792637125202,-0.00965337040536909,-0.177945516810779,-0.461804272225442,-0.729167661086696,-0.608423064515488,-0.178367180545452,-0.373367998753317,0.192273167284114,-0.188308547774424,1,-0.0835891925494813,0.100875742947803,-0.029106112440246,0.160103091364167,0.052545992413642,0.24754054995575,0.0842876522859373,-0.145387184036387,-0.597814045340888,-0.593035329020092,0.256653033977346,-0.440673619538584,-0.47785000212058,0.14658826923014,0.0378203180724011,-0.166723475826264,0.284682549004566,-0.522062257621252,0.517315736780586,0.433012531799998,-0.154387234355024,-0.172331924677489,0.110679955714991,-0.318735011738345,-0.236166704874616,-0.218880181796562,-0.0094331439173409,-0.249543153907471,-0.386646086908911,0.259068426606211,0.221391008915763,0.267497171878971,0.029616820299214,-0.00418534505971097,0.143563985642811,0.419264212571043,0.315391244800775,-0.0153979336810338,0.430189789817488,0.134440041400092
0.159738819879967,-0.632601682397801,-0.0846122647922277,-0.641524075853737,-1.02103508551915,-0.0305581799051934,0.373710650034027,-0.483673886639777,-0.0512903870837289,-0.011900809007112,0.073832398714757,0.0116590421024356,0.166644604175808,-0.357644347740244,0.0134653182551442,0.22199343035825,0.2191283936921,0.0427174808100481,-0.33720407098722,0.601047593541063,0.393091422344106,0.254320988264087,0.308543946245242,0.675024631047649,0.0819539529371699,-0.137310506891736,0.620407475921224,-0.0316775731968063,0.442326986851737,-0.273850709871803,0.0617748073709387,0.244477670225793,0.438165675494184,-0.124694172053318,0.300955424700161,0.178097455765592,-0.137322633156425,0.442779580487497,0.153765397707313,0.268421260283404,0.0861734897172058,0.489287354933217,0.295474739900962,0.389966333772194,0.381580774775157,0.356761311987192,0.148155491761817,0.413731811242783,0.313859063343425,0.324882874430116,-0.0517256122633245,-0.343222985380806,-0.344627825947254,-0.838333020660488,-0.623186293230084,0.00461821147933478,-0.457721332774933,-0.0451963789101749,0.0201897292187313,-0.0835891925494813,1,0.314822775237486,-0.0479575304213994,0.0939569579259183,-0.0215929185854994,-0.0432150425248322,0.282132761236677,-0.111036814679695,-0.655564083146282,-0.522363414710537,0.31484253609357,-0.105529815840731,-0.17210718254966,0.367373245293784,0.15561350216023,-0.00536193228080728,0.414481233750951,-0.302701107933642,0.199943711470294,0.398608827582351,-0.369551634189085,-0.387525632955216,0.231628247964607,-0.212376797397026,-0.0798973477272778,-0.121494365735003,-0.188308432608832,-0.114264409359493,-0.278706243440017,0.283683124073988,0.249149843717668,0.255458270340285,-0.104689261349198,0.168481337195729,0.419985887673103,0.246235345094453,0.403389942478294,0.0183799816082629,0.404156031176865,0.0818129414894928
-0.120412743395232,-0.427349445972567,-0.193558854399459,-0.194675520340145,-0.40793355634435,-0.0389146391945134,0.25285163952596,-0.334707787940112,0.040530282293369,0.0955821237336527,-0.0554031082031406,0.281668811142111,-0.00549551977514251,-0.202164429807442,-0.126159390275026,0.0562236510710777,0.258911354510673,-0.0423653834130821,-0.182435721769164,-0.215585635794872,0.262809161606845,0.447212245661607,-0.200140879178194,0.488317189813702,0.500309798863352,0.051682344347074,0.193941925829174,-0.192898467587302,0.162185711376716,-0.0873907803635974,-0.0370800406985552,0.0012764153707393,0.261568055245148,-0.0118710479065556,0.120985399096749,-0.268325680153361,0.438918340718201,0.118809885378922,0.103605918423084,-0.048871195155231,-0.265556182826528,0.2847454702818,0.288652474947513,0.0502994692010421,0.142976101302981,0.233328439077845,-0.144012705052981,-0.0825758939178217,0.0881903569458325,-0.140746753862745,-0.0220746347444253,-0.247203766036194,-0.0808347677492074,-0.46785274325737,-0.192129218294746,-0.165378931469213,-0.44649845756813,-0.0473692982905019,0.156409254842623,0.100875742947803,0.314822775237486,1,0.0671959291746286,-0.14828165961283,0.208316489763482,-0.160817810319813,-0.140946006960468,0.0547102316005825,-0.285950324578398,-0.210053819606176,0.159384538806802,0.123000194183247,-0.154287613548344,0.0913446319710214,0.397400751803917,0.270907747630129,0.301932306067493,-0.0898153977747537,0.0358198745443944,0.303371845756176,-0.118980151193142,-0.304447429681642,0.180081807963264,0.0623866645302297,-0.0550302077339937,-0.0961197760788529,0.178311147309494,0.00268684036509631,-0.370005990122091,-0.133360011065773,0.169823293138583,0.0856207231656872,0.0976980117601554,-0.00487531381117427,0.240405229884699,0.0784666579106698,0.112928373059401,-0.546823158800649,0.0364612940680268,-0.196233957797699
0.122347464185657,-0.75446433945579,-0.236634074558052,-0.81147957509752,-1.08154652164157,-0.230699002372594,0.213528215605846,-0.584921201033158,-0.192375077229666,0.00781871126012618,-0.129795747488612,-0.0957086326791521,0.00541465713541833,-0.263410093903693,-0.0215199119676586,-0.0104478595776631,0.150401968172126,0.181886078732688,-0.368999924929284,0.221615180673788,0.222550891648101,0.393715639961478,0.182121001849868,0.619335747105806,0.16059246392831,-0.221526552041924,0.217632910330586,-0.449428589105037,0.536027594996687,-0.184194222752836,0.284265693384765,0.150338113971094,0.65836184420966,0.0942613084424332,0.0499350222455359,-0.183911115341491,0.234726687600637,0.43225496367292,0.565523277345732,0.379299315552627,0.106973138046215,0.290064966332938,0.221254890975313,0.141719587710232,0.0509571667922093,0.278774781402219,0.184480807383367,0.465782315579727,0.124452953969221,0.200455886944497,-0.0445335172841317,-0.344145763917563,-0.364147134953891,-0.790680308270801,-0.832321178504797,-0.0497050911600368,-0.534930741736898,-0.108916173164977,0.0683385822954737,-0.029106112440246,-0.0479575304213994,0.0671959291746286,1,-0.183873950949884,-0.194827227433584,-0.0466559294612511,0.331053765910175,-0.116412017014381,-0.397397073565281,-0.317883436744955,0.271046190397549,0.00353217499249907,-0.0587629929903098,0.693931405992491,0.124016887358747,-0.0688761682007442,0.483412291011034,-0.287338514382429,0.425718959211792,0.647362868767674,-0.181555927973823,-0.0836911936844632,0.366762644299727,0.0263686788701122,-0.0686302499181712,0.0959163678828708,0.0555185553674223,-0.0223322739627343,0.0400483161938716,0.506743003473226,0.659320951911462,0.520069909133379,0.230828411098351,0.155364222672802,0.265935266148156,0.24784405250447,0.364406828066622,0.102367548409393,0.340852373019722,0.159695250310225
-0.199601195793596,-0.630253851582517,-0.229734300262285,-0.43330398958561,-0.822047021799506,-0.557263118383431,0.467245350907722,-0.316342241095717,-0.211145646994476,0.237794076645441,0.0625563765329785,0.178160831578526,-0.191717999887289,-0.110857839195005,0.138322899808005,-0.0900908632386768,0.124220947216199,-0.169572752099968,-0.174518312841147,0.261476493978535,0.35925828118897,0.063303108453656,-0.200357099087746,0.737520258470842,0.446064184564566,0.0260844603053394,-0.0422832190030609,-0.157512566910552,0.450195871797986,-0.2259340685093,0.59873166917949,0.0768966500810165,0.50022413672696,-0.0679777482140036,-0.0336990401782327,-0.0955548654580652,0.276237135484267,0.256706020935008,0.469479709681981,0.517471929921261,-0.0967747613381692,0.315195039724338,0.171757974186615,-0.0531940494510215,0.323133657595754,0.0876355547343864,0.0388772555991498,-0.0874078311409641,-0.110336589823374,-0.0736286544884737,-0.115917151377632,-0.320320132233624,-0.161659297497629,-0.673559444298079,-0.722798536429847,-0.293878715420411,-0.419069723835615,-0.102229093946139,0.167133302470478,0.160103091364167,0.0939569579259183,-0.14828165961283,-0.183873950949884,1,0.21201885554332,0.105510780964843,0.0869831709062618,-0.0636497012979449,-0.306167111023284,-0.462678541040338,0.399845531102001,0.0312043123265908,-0.374858501086777,0.504096553501155,0.333926741449966,0.254067082407939,0.817099413376811,-0.0805015200697644,0.3211706113095,0.597699871101935,0.184768703483134,-0.299668973398306,0.303624414582825,-0.0718296906914686,0.228302589269467,0.0414555916159026,0.262624753485516,-0.000268533263408532,-0.00680107509344102,0.205699615842378,0.23086045612993,0.396845211136357,0.309698324084208,-0.00453381722399249,0.465125095665891,-0.223848398440777,0.274904749604958,-0.275705670401291,-0.132086591096448,-0.0612043647184141
-0.0523876342529622,-0.499407738059647,-0.149225725199016,-0.463443481071345,-0.798741584684107,-0.324868219570777,0.360557176805613,-0.331435193801078,0.0206510675618985,0.0300276362612803,0.0786958936309837,0.14141242280606,0.153215089189143,0.0495205469053134,0.303597913400395,-0.239547409114607,-0.037855984511281,-0.282661772011942,-0.162747223005122,0.318097610997743,0.25984758165173,-0.0782397378148675,0.0308732973924675,0.609408662400849,0.0601725384066763,-0.0802693656416411,0.101587672142234,0.0548039976630434,0.433415448115559,-0.223078473382107,0.594434892812586,0.166660035990981,0.455276940078591,-0.124245649250893,0.100255790045828,-0.0146734163540619,0.188105576109317,0.619230456401412,0.462874379837389,0.622787996589188,0.192785788899473,0.577410139281213,0.402132589716258,0.233220604077038,0.491122047560727,0.32401364915835,0.283769463574791,0.138244069102659,0.287221767496792,0.263658694860934,-0.129400324092224,-0.195538309081109,-0.160439787576627,-0.689799830894366,-0.623317102044481,-0.250732686021481,-0.361295401332933,0.13948319366676,-0.0958585655396184,0.052545992413642,-0.0215929185854994,0.208316489763482,-0.194827227433584,0.21201885554332,1,0.360671289399712,-0.0550495714168718,-0.115582495917133,-0.539039497911294,-0.661209450585341,0.241973495977917,-0.364140555266573,-0.453192485690754,0.296065468598322,-0.0348018525087636,-0.0567534431315576,0.549209061518393,-0.203328998406956,0.257306351400069,0.237648568883811,-0.104290945293088,-0.217947531767621,0.314632474948522,-0.230236063318475,-0.0602921276655049,-0.112050255960674,0.0517917473125363,-0.047483721593406,-0.207321417910545,0.159005919963821,0.0724690536735645,0.421244975436347,0.0482763381670793,0.0336459408044927,0.328656048241342,0.100150032060783,0.268323911520946,-0.210886597921591,0.114370146873579,0.0962193824583026
0.0180028581968931,-0.646894577465259,-0.276250488043928,-0.630068931341613,-0.856993405313034,-0.303673985516811,-0.102293097257441,-0.658820330618092,-0.228398619841086,0.248203421383194,0.162995037099626,0.00872664715575047,-0.0422208118610438,-0.23760325231174,-0.0653818418306104,-0.0961749879044643,0.304372787458921,0.30334972975934,-0.139397585880146,0.252240807927468,0.438224306169463,0.272560451279482,0.0372397372651491,0.415938994616725,0.140437466368786,-0.241176274173995,-0.246442036859515,-0.512275748523296,0.541224356402189,-0.37353325586054,0.371421238762654,-0.121458732994971,0.544732167645681,0.277310192170075,-0.119345004393024,-0.099711880841842,0.459516653014236,0.166692305793912,0.491549465444862,0.049383632668863,-0.0270532624193999,-0.0662753064267926,0.13495667169242,-0.0601047966366047,0.306685578881642,-0.156098403625616,0.181018358920477,-0.0437866705711343,0.149753610286014,0.302636520758734,0.0110914609979351,-0.393550639729798,-0.308229765808466,-0.731781637764315,-0.608719838947409,-0.0947621366917344,-0.539012765913855,-0.00808078189884809,0.211960917209012,0.24754054995575,-0.0432150425248322,-0.160817810319813,-0.0466559294612511,0.105510780964843,0.360671289399712,1,0.225611973177439,0.117739377367883,0.0764227072056917,0.250493474497675,0.585277821976394,-0.0389597174426228,-0.068137043715331,0.484649833131681,0.25438818466291,-0.114784724355647,0.652031106369703,-0.48773183882957,0.328867086396685,0.424704999424974,0.0905024788654557,0.233941199074398,0.542345754940014,0.0980770175011865,-0.0892828617437731,0.134622797853453,0.372004327168064,-0.0773169739131161,0.318950428681174,0.320557070617433,0.408329040335482,0.446498799676123,0.448305552682093,-0.0323237831665469,0.0533005579825434,0.00906709822204393,0.0313825515626861,-0.0105249315913791,0.510282644377889,0.478587775426585
-0.590503952409548,0.10767270640123,-0.128351613381727,-0.0561122867807004,-0.0413238825237463,-0.223868881370795,0.125039335927442,-0.0485804600556524,0.221569512664488,-0.0305184779491659,0.151958176764458,0.353346092925862,0.028552963766461,0.268663162067032,0.170677425785746,0.168757344396011,0.259117245876751,-0.18630062986584,0.156215438028823,-0.221513321855296,0.112040350895665,0.271753236284122,0.18742574509279,0.241538185207523,-0.0593019703488191,0.611990053920915,-0.00191018724615477,0.473912084722811,-0.227082598547059,0.537798892835862,0.0236165328401332,0.00533309157753609,0.104005072467543,0.101417587752428,0.0685016268580319,-0.351300865930372,-0.191277780689961,0.031815843117722,-0.192976004040651,0.38842919349814,-0.182702307676635,0.191562618897787,0.242027479149934,-0.0405401805482175,-0.0672023162148215,-0.0322717144857928,-0.0550526559629003,-0.333150364236994,-0.109202328132642,-0.215134059118183,-0.636068881975296,0.243322138647715,0.773590430055852,0.0304367443531711,0.29818258379248,-0.0331923919024551,0.124376236367696,0.278541098243562,0.158516113638424,0.0842876522859373,0.282132761236677,-0.140946006960468,0.331053765910175,0.0869831709062618,-0.0550495714168718,0.225611973177439,1,0.266476105188487,0.0885431753378443,-0.021565453495615,-0.0687427618747981,0.438785514163527,0.285326116242456,0.13548502172734,0.254383489864426,0.511187783831037,-0.0228943868074765,0.621549758381563,-0.122485024789983,-0.215357469899809,0.179071093854957,-0.126561394531082,-0.269653009404112,-0.073096438534363,0.116569316194383,-0.203134096632669,0.0442696185028941,-0.0602353686752908,-0.203915287572345,-0.0823274684164011,-0.332380747117187,-0.148107380366839,0.113366900673182,0.170691691627021,0.290991216183743,-0.173269273453702,-0.052711842805286,-0.344686018631892,-0.272737366841056,-0.38527956444221
-0.0482091275453347,-0.0175521351585056,-0.105601830526878,0.0804039705816909,-0.269661409474397,-0.444473532509804,0.701806274798925,0.328219317564013,-0.156508096460612,-0.163420409702752,-0.2298903855051,-0.117409466083258,-0.249339577372414,0.046493077257753,0.0487920408162206,0.190063885513989,-0.0495918604639431,-0.135029500644715,-0.0883068624583586,0.358561082498742,-0.0917880343816778,-0.238193876172898,0.12595630271681,0.402615231319226,-0.0861669026060892,-0.0247409068741348,-0.122976163767751,0.215780118102864,-0.0546880468470497,0.316047171772514,0.267727612993749,-0.131469923518196,0.177621332522971,-0.156541354414741,0.0378999689105982,0.0863305885320232,-0.27985020867874,0.0853957915652884,0.0704691627550211,0.679032139127539,0.121185139385986,0.22240786620917,-0.074081993484279,0.0651272906218033,-0.0671445176291489,0.0184146007404709,-0.0292668707344451,-0.0251719071061985,-0.271726305191179,-0.156530538505165,0.0499742193207838,0.13722517086624,0.18072718271877,-0.0169960739514244,-0.328910338596536,-0.164697660257845,0.303174879657911,-0.0430342397204847,-0.117282186416214,-0.145387184036387,-0.111036814679695,0.0547102316005825,-0.116412017014381,-0.0636497012979449,-0.115582495917133,0.117739377367883,0.266476105188487,1,-0.365118531226755,-0.566833612840553,-0.13719431979562,0.0328579012342491,-0.0532973982541614,0.297443620508833,0.0530118797296289,0.0356469653029879,0.22453159471002,0.0364423332505065,0.301906601794165,-0.0115006713618655,-0.0792468806974976,-0.335630062316715,-0.255306064468184,-0.326767315829957,-0.102962660611051,0.0262712975387997,-0.150723776495486,-0.158231716023952,-0.0380952761921087,0.0495743767200342,-0.0842238205009041,-0.00338151605238465,0.0456789796272413,-0.0727132757226492,0.0837362556802867,-0.279803106079236,0.0745525997811017,-0.000665025790559166,-0.314735913653827,-0.325474853117129
-0.224274591012644,0.480083272720959,0.116668695146442,0.278359276150706,0.0716736719869117,-0.0491012354694393,0.252454682812076,0.5797370218817,0.0214235853293906,-0.801243395029867,-0.564111109274914,-0.835669727468623,-0.582684681453241,-0.326675231391117,-0.0114199022688045,0.462335163221416,-0.485108174582125,0.199001803807789,-0.24598765592732,0.224409636449449,-0.747671493482857,-0.500149508888408,0.338091025871346,-0.368627223774212,-0.928436009080306,-0.219844649474254,0.296386467404916,0.720893110068659,-0.563956522663841,0.680513464699187,-0.0652983301901423,-0.351212307633193,-0.120917343154443,0.279082397077333,0.53256007377664,0.172448682498262,-0.429012105504382,-0.256922444427048,-0.108752632212769,0.214013354559292,0.546070026268118,0.0984037862555613,0.114984880634089,-0.174279310722449,0.11494715351103,0.142576998268713,0.50607961892165,0.0465112488512746,-0.300527420021471,-0.246066321475172,0.0861624806745303,0.307246234861807,0.209252304633253,0.212223688952732,0.210041873333779,0.141692398599773,0.539968080594022,0.130671071153978,-0.733522596771691,-0.597814045340888,-0.655564083146282,-0.285950324578398,-0.397397073565281,-0.306167111023284,-0.539039497911294,0.0764227072056917,0.0885431753378443,-0.365118531226755,1,0.00622744509040918,-0.526477388691479,-0.161004584894123,0.00639197912762351,-0.2776928616613,-0.622952276485378,-0.410166262375093,-0.52087194601843,0.13404159238495,-0.0822945400786793,-0.416220359790798,-0.0402650789226181,0.200340681874037,-0.0586460891957523,-0.0629996943976174,0.0161780970880446,0.283488844075339,-0.221206784489115,0.0939487522535577,0.0645927385490597,0.236219961782801,-0.255220655073978,-0.442491821946921,-0.213045207662651,0.418072512123599,-0.0124183243906798,-0.244735702282406,0.233945787202752,0.477652492759168,-0.469003934698824,-0.412825233633199
-0.225038660708184,0.361713166997421,0.11370227359282,0.20583268077387,-0.124726198028681,-0.252853113353643,0.196033084731738,0.467534240644208,-0.024481050850295,-0.758184693854354,-0.550026267589266,-0.776082472502058,-0.550448035892687,-0.357921820979797,-0.00506304077728745,0.338773352484287,-0.428580668485452,0.253051543265534,-0.469776346954573,-0.0363211050870648,-0.883410501526308,-0.241776958701541,0.194993335399681,-0.180754698274234,-0.913272186763871,-0.320211317424052,0.143862471035017,0.414003560446744,-0.558750603531342,0.665597266564255,0.085222991672896,-0.198758784771587,0.344776979418609,0.454849655335231,0.697923199325837,-0.385418437649175,-0.31824734934183,-0.0157408004453697,0.275629482623263,0.00284238536184594,0.423273086460654,0.0222878471308727,0.37919397539429,-0.143509755084677,0.0143585710267237,0.0670733186388673,0.648303808214465,-0.043117434219364,-0.313397521577992,-0.29524323216461,0.0306393380516081,0.408808581522095,0.281436906010497,0.31340788949803,0.0332038126683427,-0.109479958809265,0.580871384052454,0.416058692641,-0.709201911916457,-0.593035329020092,-0.522363414710537,-0.210053819606176,-0.317883436744955,-0.462678541040338,-0.661209450585341,0.250493474497675,-0.021565453495615,-0.566833612840553,0.00622744509040918,1,-0.678445727196679,-0.0742587294256054,-0.191892616288347,-0.0542673240404229,-0.601902470307724,-0.480498654006977,-0.48408014650183,-0.0872367238245584,0.173852071539552,-0.100985507930813,-0.0564105621330441,0.246494653309787,0.0650681595835845,0.15485324519832,-0.243745948488039,0.35088352311065,-0.233859147090126,0.0610171895806019,0.00160162966026278,0.223144534285516,-0.148076677668308,-0.0998196040773535,-0.0177891832191364,0.445439853864476,0.0383123217786319,-0.245233072801025,0.214252840323513,0.156669342909355,-0.369332730802359,-0.364893217623506
-0.0764531411938227,-0.447373512746311,0.00437679515782599,-0.0308703039801376,-0.555225188558302,-0.214866867971832,0.510276226062028,-0.225652847048935,0.154348973460173,0.215040889778269,0.0729660712161994,0.145802114321435,0.179743601708836,0.0130498912356101,0.568786602212646,-0.385030830542312,-0.272708703097637,-0.656407386462657,-0.382226949754074,-0.131274250686649,-0.0276990508152959,-0.395481334017806,-0.313120766477801,0.473523599021607,0.228830827521268,-0.0578726226513382,-0.277101766404343,-0.233281624002453,0.308579669071299,-0.142351429723194,0.636456535099376,0.226940312664085,0.581281776566544,-0.46135992080529,-0.113961881961149,-0.284508718057302,0.174949024749904,0.628861002052348,0.504309673247413,0.551268898591428,-0.0621370683753281,0.260758999331431,0.253072248146774,0.476464578500379,0.187701324714882,0.15866396748046,0.141951903004728,-0.0651020614507952,0.197192093099381,0.219058722554726,0.058980401988984,-0.135730568359824,-0.0354011927441611,-0.317513571675798,-0.217487121492683,-0.213163010518436,-0.121261133307658,0.4129493127464,0.150262531726411,0.256653033977346,0.31484253609357,0.159384538806802,0.271046190397549,0.399845531102001,0.241973495977917,0.585277821976394,-0.0687427618747981,-0.13719431979562,-0.526477388691479,-0.678445727196679,1,-0.211076493324139,-0.51186223762547,0.371184579127228,0.134249028879396,0.121886303262548,0.450318597180097,-0.384602967300951,0.540799512915566,0.334262684791333,-0.065330280807043,-0.175424635635196,0.0687539259822742,-0.307648221295887,-0.466065560300972,-0.0742747519684429,0.0205134409574202,-0.172836007690825,-0.237333788696307,0.0999721610289171,0.100641225902977,0.552659773120191,0.408700429915111,-0.0631572311254111,0.206463462718405,0.183485350189302,0.150650022187873,-0.296531090906469,0.0952357014017807,0.10399900961772
0.171819467816483,0.12004595338925,-0.173233494305974,-0.0838011060944958,-0.203588038329399,-0.0556116785699783,0.387826788597124,0.0271743326708629,-0.203672594326951,-0.42338637647948,-0.236362219920508,-0.31152180992033,-0.0690293620132895,-0.0593960856246238,-0.276853735287613,0.381402006730456,-0.0809561014029596,0.0561205036123313,-0.0683910096773845,0.218674408169852,-0.281383114503967,-0.292939503015947,0.328388597904244,-0.262402098279845,-0.636185059144715,0.00226136105184332,0.229079151107039,0.440079237676751,-0.226418064687672,0.192769591317367,-0.141955273775996,-0.163452720413668,-0.28547362362507,0.00763093290228289,0.0299303403632026,0.123350421150759,-0.372612947372262,0.0878157770551857,-0.324695328180034,0.284548371115642,0.254865028756409,0.155351037012931,-0.191876655977343,0.174886631776529,-0.0200621880324406,0.0181131775953525,-0.0370005959163867,0.224678165676974,0.150789030935704,0.180717379291251,0.0197325272534525,0.206154109097681,0.403904829902675,-0.0577583017621702,-0.0510406134682534,0.300429260169778,0.216270225195909,-0.0402356711733185,-0.238810624308985,-0.440673619538584,-0.105529815840731,0.123000194183247,0.00353217499249907,0.0312043123265908,-0.364140555266573,-0.0389597174426228,0.438785514163527,0.0328579012342491,-0.161004584894123,-0.0742587294256054,-0.211076493324139,1,0.232868484313759,0.0209531156434221,-0.226043841700798,-0.128255609270206,-0.100757553299004,0.138054395089371,0.00999765344929004,-0.220003135043935,-0.330704807838342,0.122219757730919,-0.116983131897199,-0.137202970107124,-0.0314422709254503,0.101583851084876,-0.235241946819653,0.116577236840447,-0.0314400008133331,0.157648928483134,0.00257197406571055,-0.0199474546114695,-0.204498330232365,0.203772488069478,-0.145760629382572,0.205112954887626,0.0513744570913401,0.559786954566918,0.241936090863096,0.0422804638059893
-0.144721377456835,0.146672266137824,-0.10161280540958,0.0424662560652847,-0.0807608071422598,-0.44970859190217,0.382946319808603,0.29286018216953,-0.123592194110517,-0.389860103835076,-0.364266614375793,-0.27440307542761,-0.391042791050401,-0.0496863624828285,-0.246702895304619,0.297462906817297,-0.0164919449993751,0.122569985486211,-0.175929725344304,-0.0460346723584682,-0.357832590297202,-0.0166928872374691,0.124470718013499,0.113042422921122,-0.466495351105232,-0.0203120345156262,-0.187066524914039,0.0899935371301714,-0.50086217158128,0.531560494740382,0.0244621918866706,-0.234655742958911,0.341936613711127,0.327350655393798,0.243813224300031,-0.429380780780888,-0.268474290034819,0.00987898029760165,0.180993466842798,0.374286356798615,0.120788705912207,0.0537599551786331,0.035121740998819,-0.156296028955776,-0.434192754024162,-0.118158177905366,0.137240325567848,-0.171231317165232,-0.416823240772273,-0.363905002965693,-0.0139174702723972,0.322808073822134,0.345218695812578,0.216756411495835,-0.0544730481322226,-0.23110064043991,0.406134031085284,0.203223720073192,-0.225703346439743,-0.47785000212058,-0.17210718254966,-0.154287613548344,-0.0587629929903098,-0.374858501086777,-0.453192485690754,-0.068137043715331,0.285326116242456,-0.0532973982541614,0.00639197912762351,-0.191892616288347,-0.51186223762547,0.232868484313759,1,0.320585324953014,-0.0749390852815733,-0.0827150635400035,-0.14830977983237,0.103842053025909,0.322318328161646,0.162943699616222,0.00604534326738441,0.00612783780463618,-0.122674147808383,0.060217709886673,-0.278312736318209,0.215708860304062,-0.230779830810483,-0.0793467106829053,-0.0315581100195135,0.0596963594945882,0.104467898677077,0.0862949463304218,-0.0175304979800774,0.0841212181030725,-0.0621986947422153,-0.280251634331315,0.00971855402830324,-0.0037230282933878,-0.284129213456296,-0.395547857439921
0.0837991802592608,-0.474655384366529,-0.389039376521629,-0.271251338610674,-0.273795984060387,0.408816735685123,0.0226206385065781,-0.630734628359253,0.121089029539547,0.281877726019569,0.112960366362046,0.0664596050631853,0.162219932987149,0.117258330526921,0.334370199262414,-0.181153513794142,0.0304631558605793,-0.40819024794918,0.0170217536420266,0.0875295211390091,0.198111494557314,0.239973761823962,0.181310351314536,-0.15108381970247,0.10598970272773,0.142801087717357,0.494668267866308,0.274921171147746,0.314203957773579,0.0760762380349183,-0.127227189646393,0.373911826705925,-0.140271166605809,-0.401330451202879,-0.332377946782077,0.210980111188917,0.154040182427486,0.35558451652177,-0.241436952516164,-0.181313795130113,-0.0190670086289323,0.118948096642106,-0.238991146166869,0.707255741184135,0.196319353804793,0.179569714736392,-0.116093727232881,0.47041757942031,0.728165548530786,0.571057095323679,-0.303755785256625,-0.255762022732326,0.211021940875529,-0.207673109398518,0.123779174445451,0.661913889672539,-0.53724222347557,0.066761501019499,0.184321817087103,0.14658826923014,0.367373245293784,0.0913446319710214,0.693931405992491,0.504096553501155,0.296065468598322,0.484649833131681,0.13548502172734,0.297443620508833,-0.2776928616613,-0.0542673240404229,0.371184579127228,0.0209531156434221,0.320585324953014,1,0.120691064533257,0.261675433214726,0.0284136059136696,0.0111596517767231,-0.0590379304733014,-0.0852031384844448,-0.165106224017228,-0.0580735605667826,-0.338709921812625,-0.27683051361797,-0.120096811076137,-0.422498513886042,0.216254944177761,-0.0593323327043238,-0.0280268138370071,-0.105405384384889,-0.0152684303569682,0.163509961035824,0.0133514649894736,-0.14511341400373,-0.054363971927588,0.562831422895828,0.00099152233937938,0.23068183742126,0.564485024016401,0.358654562644704
0.327415218951135,-0.248501920793442,-0.0563216554197672,-0.31810290700924,-0.59677473646522,0.0120134349078231,0.355211380518637,-0.272848809895972,0.0123397269965807,0.0658512949887737,0.25523448759957,0.117339603637759,0.349083535892572,0.0165989042766647,0.166009401006255,-0.0729169089447897,0.00562849064934146,-0.31402311731404,-0.239621825968354,0.478011923998296,0.16149481709556,-0.406545288691437,0.277500901606728,0.326764187675907,-0.151819397854681,0.12235029517881,0.339332929734349,0.226493038535035,0.220079038901827,-0.136925214295153,0.137146916169857,0.207885707282469,0.02160561126873,-0.381784999692062,0.00186398224258727,0.314486349427357,-0.311524547106329,0.556506679729667,-0.0333477726112628,0.501582498445156,0.224182575254096,0.274529265750772,0.0569121939103122,0.502188223212767,0.277052445239988,0.17123304811509,0.112102384652257,0.370423502656628,0.470068456669888,0.484228462609032,-0.0514225825325242,-0.0545162375710363,-0.0344074582854676,-0.422803991502356,-0.331373485655354,0.124163950737334,-0.15345562815024,0.0489316181208448,0.0595876198501445,0.0378203180724011,0.15561350216023,0.397400751803917,0.124016887358747,0.333926741449966,-0.0348018525087636,0.25438818466291,0.254383489864426,0.0530118797296289,-0.622952276485378,-0.601902470307724,0.134249028879396,-0.226043841700798,-0.0749390852815733,0.120691064533257,1,0.022033694779684,0.23349557866497,-0.101928805372613,0.189770349402042,-0.0472537127125974,-0.342262611894364,-0.180251901018864,-0.0744121414352916,-0.445627711640893,-0.199973718461164,-0.158149731769522,-0.230020072602763,-0.0827544556532917,-0.247387924349389,0.257303150752304,-0.0117354177314921,0.243843867271088,-0.102066236735287,0.00348533309967564,0.128615538802792,0.323524458875173,0.124604057840993,0.28389669290418,0.406904904103701,0.154181395891562
0.257011078298707,-0.489301895035709,-0.207880027976036,-0.562297598785914,-0.791094598266533,-0.0947802507022507,0.367893949379641,-0.383545769211173,-0.268949338062762,-0.0638709056919483,0.195175874501019,-0.136856483237096,-0.0265067354974215,-0.308634058482603,-0.0747650524627053,0.119240969614276,0.0544601172459783,-0.110715421659824,-0.271627679822032,0.561316761909801,0.154866164496323,-0.396452991171015,0.167085299487512,0.163240680479222,-0.231751740778179,-0.056683698170972,0.48278070004137,0.229407392568063,0.102260852165491,-0.38808285313458,0.0247805897862373,0.0804628332028773,0.122930988633606,-0.213177166114493,0.0270996714264693,0.313444250792517,-0.258482485358293,0.391196680380583,-0.0744491490893072,0.35212656584117,0.231181520775068,0.344833976365622,-0.00927069657385812,0.428880422069556,0.274800295039731,0.344341067464758,0.0312891660710762,0.329921768670805,0.322542050521534,0.37394261647853,-0.0183344426758938,-0.37160029042752,-0.28170112910378,-0.612380414870997,-0.383511509783681,0.0345397904911994,-0.311719168152043,-0.165341012330067,0.0439108965126501,-0.166723475826264,-0.00536193228080728,0.270907747630129,-0.0688761682007442,0.254067082407939,-0.0567534431315576,-0.114784724355647,0.511187783831037,0.0356469653029879,-0.410166262375093,-0.480498654006977,0.121886303262548,-0.128255609270206,-0.0827150635400035,0.261675433214726,0.022033694779684,1,0.173241771480684,-0.192206635594555,0.188712091678533,0.219159529289331,-0.239342445046609,0.0439188809612945,0.20258346757357,-0.18266235009172,-0.0416587734575285,0.221198617478269,-0.17088433115236,0.173122238438911,-0.119948861693695,0.539618682498518,0.27667007062403,0.22665064305255,-0.18501466168966,0.270506778739977,0.21884078968964,0.318913222476486,0.490569319176826,0.484639516670246,0.413043674719823,0.138108374241948
0.144320605277654,-0.613435927171341,-0.120632410236965,-0.301405100997974,-0.623963061840652,0.0459105402052691,0.00403539087542032,-0.706999723955607,-0.0814660080760861,0.176505773492797,0.597374232270064,0.132268151204353,0.259300106715028,-0.0438609895406213,0.706670729647833,-0.470022301256013,-0.0949472834118894,-0.547053720551784,-0.179039957347622,0.00583230989106215,0.319470908611094,-0.15690715639271,-0.117532227571806,0.243977739788157,0.0906616314221307,-0.0577309912291076,0.406643105176158,-0.0142330904176411,0.212804989806523,-0.238164533988506,0.123136117499026,0.505553099614031,0.326520136341772,-0.539347104088582,-0.138998808599918,-0.00680389009823992,-0.0190061684494184,0.608240043516839,0.00278323584428114,-0.105214029351703,-0.0268029141048943,0.177160631440223,0.151725894082496,0.701983103453961,0.425899977825203,0.333997826355907,0.0577092533589377,0.274528752900028,0.639493936649906,0.474496372321841,-0.16583773866607,-0.403834977400422,-0.332432031890321,-0.412564991351503,-0.158590192312729,-0.0237480054779691,-0.525881335631685,0.20075524729179,0.263022873582395,0.284682549004566,0.414481233750951,0.301932306067493,0.483412291011034,0.817099413376811,0.549209061518393,0.652031106369703,-0.0228943868074765,0.22453159471002,-0.52087194601843,-0.48408014650183,0.450318597180097,-0.100757553299004,-0.14830977983237,0.0284136059136696,0.23349557866497,0.173241771480684,1,-0.342157121538241,0.260034928923053,0.202887721238394,-0.233097252987784,-0.200918828159717,0.044748405070117,-0.359172117861754,-0.204425460654453,-0.223624699235643,-0.0653822284971408,-0.315567834198377,-0.352330951806277,0.0661717182727255,0.0918509815456629,0.362327283758019,-0.0400483159399198,-0.0784750856865446,0.14540372790397,0.542325568313493,0.156519723245458,0.0456758120899253,0.488099953172398,0.211865982041061
-0.100241873267631,-0.0589272677877198,-0.242853554153899,-0.140329474127498,-0.140070376812006,-0.392835350680826,0.449106722520205,0.145795632772191,-0.477691153938346,-0.389069162137654,-0.29718887634937,-0.446309696939659,-0.468060139783025,-0.344287991545092,-0.488884152829242,0.645658412194267,0.0209979519925219,0.210370778482381,-0.119229268003956,0.104640360211102,-0.280890346077584,-0.241726932633988,0.138784369992462,-0.285178132164523,-0.637559689402325,-0.0941319093145082,0.159495193592291,0.305999668369075,-0.637059740092855,-0.015984139590726,-0.289157545850974,-0.181697596885304,0.0595613365325669,0.209658911920183,0.121913821605133,-0.0444626066253998,-0.478890955802452,-0.114132964556535,-0.227122247214363,0.196769865020114,0.110107596918774,0.169541727442364,-0.0458145070755762,-0.066142236543944,-0.330662015170301,0.167836692929957,0.049178328119554,-0.0763219159318917,-0.367600759140545,-0.304411615347801,-0.0300398855654881,-0.206442854266454,0.0901620174553703,-0.0274802316581117,0.028108108330798,-0.303284774221989,0.253455182314679,-0.246213722972432,-0.102570008694175,-0.522062257621252,-0.302701107933642,-0.0898153977747537,-0.287338514382429,-0.0805015200697644,-0.203328998406956,-0.48773183882957,0.621549758381563,0.0364423332505065,0.13404159238495,-0.0872367238245584,-0.384602967300951,0.138054395089371,0.103842053025909,0.0111596517767231,-0.101928805372613,-0.192206635594555,-0.342157121538241,1,0.0222503092550896,0.177975844194271,-0.0916489944464,0.182698559692408,0.0340588601263377,0.155029760087851,-0.0748628220679586,0.473617929033224,-0.422819175870436,0.172301638865805,-0.0510180642539738,0.261165979092336,0.163337233668918,-0.0994569558398681,-0.322628729041956,0.300526618625972,-0.0345150504768182,-0.0160006983694534,0.325205096486565,0.402831107315916,-0.171004659195204,-0.357880958651752
0.230200563743081,0.207990165264884,-0.0710128283171515,0.216917476251412,0.259504966528064,0.221512769619796,-0.218438266329884,-0.101268536307726,-0.0172187544078162,0.286043547381525,0.334170412347386,0.285581083380718,0.384762899650572,0.545363431212447,0.435516184236969,-0.137209195619174,0.17868894452052,-0.104550709706629,0.348896912760895,0.0283146153847575,0.517187845493434,0.196490528949016,-0.0975303506815505,-0.0880946504328292,0.389864430688485,0.190778348775285,-0.238343845982487,-0.336956540051035,0.595253601575469,-0.050556188963604,0.105276059484917,0.132930709151389,-0.169807573831179,-0.313920942334713,-0.582736635193641,0.133900696826393,-0.0391477851996349,-0.00642880786818306,-0.24300958961132,-0.352223693049044,-0.194268024816535,-0.48703449245685,-0.584506172559175,0.228661057004236,-0.0148426566310877,-0.345372155237181,-0.48495919875294,0.30360110943303,0.131983643906843,0.335638680221746,0.157163347047576,0.016731018903648,0.132346724653671,0.266211193812252,-0.11453532767781,0.246259622634532,-0.101333882400223,-0.133317723759165,0.287137487655018,0.517315736780586,0.199943711470294,0.0358198745443944,0.425718959211792,0.3211706113095,0.257306351400069,0.328867086396685,-0.122485024789983,0.301906601794165,-0.0822945400786793,0.173852071539552,0.540799512915566,0.00999765344929004,0.322318328161646,-0.0590379304733014,0.189770349402042,0.188712091678533,0.260034928923053,0.0222503092550896,1,-0.140182094343309,0.00971597084213643,-0.130792967527136,-0.441776742562477,-0.528357235313269,0.0195037955640115,-0.554649169920596,-0.0560582426439175,-0.250330357706314,0.154934888041074,-0.227774374398779,-0.0797966308086972,0.047706111859423,0.0526029290837046,-0.721220264872278,-0.451965181339778,0.201139333733274,-0.460048868517721,0.183255782318419,0.173252681600218,0.281767531107992
0.0569102512177487,-0.0229421303480855,-0.178428330054556,0.35528327240041,0.120997960044355,0.313647060837,0.280453475293157,-0.199478167089434,0.0933616708969263,0.310336814177871,0.231981331701507,0.257249607984734,0.646345780421602,0.584846346548019,0.511511965591185,-0.0907838517339398,-0.0814222708023857,-0.317438767776597,0.228008761237557,-0.433829631684273,0.241173500512627,0.178797023936706,-0.0662290406334843,-0.168351267435526,0.371666652867105,0.206525032149832,0.232253779863114,0.0792767129073569,0.562127040619234,0.109184793432953,0.0429214630075893,0.278278604210846,-0.55040097783197,-0.560441390605082,-0.527217724927363,0.0512545358768462,0.468262679552557,0.14081235341133,-0.24587051977409,-0.164720666080765,-0.378274473968574,-0.177787719858555,-0.179511822293345,0.410558288054934,0.059242631462694,-0.0170160665152685,-0.640956817656126,0.0806545755157983,0.412064145017518,0.448193306336371,0.0664225204610309,-0.0363050629550928,0.427766615013139,0.28776254555569,-0.0110989961646932,0.114934030699004,-0.196452204359683,0.0635621001058364,0.26328240526942,0.433012531799998,0.398608827582351,0.303371845756176,0.647362868767674,0.597699871101935,0.237648568883811,0.424704999424974,-0.215357469899809,-0.0115006713618655,-0.416220359790798,-0.100985507930813,0.334262684791333,-0.220003135043935,0.162943699616222,-0.0852031384844448,-0.0472537127125974,0.219159529289331,0.202887721238394,0.177975844194271,-0.140182094343309,1,-0.423008763307887,-0.368749917503808,-0.422243729695566,-0.352180224161684,-0.0403225162948327,-0.533906130597417,0.0466428211365815,0.0545812819719551,-0.153082381026019,-0.599130883988067,-0.329477326419177,0.112326026826224,0.00213315406749287,-0.43335279756191,-0.179466105132783,0.445129909749589,-0.499382622331254,-0.255605137773287,0.294038439341798,0.319222129414695
0.169115354932644,0.0991981738865942,-0.0264763699227615,0.00374701409984737,-0.115130587193489,0.215725125731257,0.147626760011429,0.20434252959186,0.118437779822404,-0.353212587574131,-0.051394654985806,-0.631291183795,-0.301792349758367,-0.455909457531784,0.0660382374716567,0.0170275156191247,-0.5241306995109,-0.0927862897187433,-0.286502061965091,0.444653140982117,-0.429373049295371,-0.872684292656981,0.130254874283421,-0.432509793005993,-0.629038773953881,-0.241366148509206,0.313695494918932,0.443007496100551,-0.312053598492751,0.0771218970015661,0.114002004598426,-0.140521045512201,-0.398494956417108,-0.259803673656691,-0.0868791237251136,0.597181981550286,-0.352410466633343,-0.0581636159446245,-0.232192054879176,0.230702112922233,0.373390200948064,0.147787153686564,-0.150520077015415,0.0767768967364316,0.346604871824727,0.131774268610963,0.261028907593941,0.137698542122741,0.153919863751672,0.143821828560324,0.20474893883734,0.00274189683421311,-0.205501324524011,0.0554974892871714,0.233428802263307,0.39516258213695,0.220072437020926,0.0940278182163595,-0.391284655260672,-0.154387234355024,-0.369551634189085,-0.118980151193142,-0.181555927973823,0.184768703483134,-0.104290945293088,0.0905024788654557,0.179071093854957,-0.0792468806974976,-0.0402650789226181,-0.0564105621330441,-0.065330280807043,-0.330704807838342,0.00604534326738441,-0.165106224017228,-0.342262611894364,-0.239342445046609,-0.233097252987784,-0.0916489944464,0.00971597084213643,-0.423008763307887,1,0.295182306666342,0.146644689737156,-0.164470731770996,0.0307498877260692,0.330475647313479,-0.158051392552902,0.23653396594695,0.278435708658958,0.433806881663556,-0.0184350657181842,-0.109269755117167,-0.104927758050369,0.347023088558275,-0.00662229297641953,0.0499191863562352,0.283884814143646,0.752675222667743,-0.00796366274849297,0.0606591233655077
-0.326005154277103,0.299002043603478,0.0289290303724384,0.176596520350181,0.0473389161907538,0.127530699732488,0.014600400078535,0.461121776810156,0.375396712324058,-0.361213328275279,-0.174092677553561,-0.500246542733821,-0.451240832962472,-0.466614664337352,0.224706422397145,0.335320226192613,-0.378774805283107,0.221185119728579,-0.288202187527306,0.251641220241846,-0.45638374043786,-0.2444799400389,0.251833837924443,0.00323844237028764,-0.378232944605304,0.00731038973139711,0.182019734293094,0.468042184296136,-0.187799312758636,0.67347561157152,-0.0548209951484801,-0.262091584309717,0.0141541172470858,0.195674183420084,0.387191661293866,0.154218946001639,-0.273303224377368,-0.462461447931262,-0.0698286261249658,0.104849545764807,0.123450341622872,-0.0447447914319697,0.128603063488659,-0.342325595049591,0.10990163666699,-0.0912682753722413,0.259762350168059,-0.187500357822966,-0.412038239555687,-0.471529126894564,-0.031588052088832,0.205132012235941,0.138624646867291,0.149609569059461,0.29720304196687,0.342921678686743,0.39528429008412,0.331270273655535,-0.362312053667311,-0.172331924677489,-0.387525632955216,-0.304447429681642,-0.0836911936844632,-0.299668973398306,-0.217947531767621,0.233941199074398,-0.126561394531082,-0.335630062316715,0.200340681874037,0.246494653309787,-0.175424635635196,0.122219757730919,0.00612783780463618,-0.0580735605667826,-0.180251901018864,0.0439188809612945,-0.200918828159717,0.182698559692408,-0.130792967527136,-0.368749917503808,0.295182306666342,1,-0.00231781619041127,0.0234341040437356,0.131209621951633,0.208204727678053,-0.10413217469854,0.125197155843673,0.229342861128927,0.177287542820569,-0.188153441738561,-0.510529502584801,0.128096666987381,0.471065936077129,0.256703520548314,-0.530014967574207,0.181136027251509,0.137894380468115,-0.671243140946542,-0.468643366991968
-0.0248093996800307,-0.023569996699361,0.0870396550978625,0.124433064532311,0.138781799531774,0.612886953427339,-0.0702912999389025,0.010758375123082,0.389646266524985,0.248456135608982,0.0593426530421782,-0.0489918131618856,0.116860188476212,-0.19034473247907,0.633540604474048,-0.220099588215238,-0.495230812500817,-0.267672877085067,-0.148455360226893,0.0996725849904354,-0.339894289263842,-0.439118867610359,-0.0597982851139243,-0.280243702777313,0.000392405471324436,0.0721167308085497,0.30027846155327,0.381001771219793,0.194548282759552,-0.0447438664716467,-0.24667534813343,-0.0310051336660394,-0.462584904986774,-0.324098110709525,0.141920414699304,0.161589719174739,0.0460694147986295,-0.174474108925721,-0.289030773928297,-0.0939579775821365,-0.0668279296171548,-0.00571206252514822,-0.0479793550012317,0.0346470325150233,0.338025269405845,-0.0198885510788178,0.037037510821148,0.0211021517998174,0.219523744484372,0.10864864322868,0.160105400050831,-0.168815103032819,-0.0541435542009845,-0.0932197885878297,0.541226354873402,0.525083859958177,-0.00731425076645581,0.295191597112944,0.112425301058387,0.110679955714991,0.231628247964607,0.180081807963264,0.366762644299727,0.303624414582825,0.314632474948522,0.542345754940014,-0.269653009404112,-0.255306064468184,-0.0586460891957523,0.0650681595835845,0.0687539259822742,-0.116983131897199,-0.122674147808383,-0.338709921812625,-0.0744121414352916,0.20258346757357,0.044748405070117,0.0340588601263377,-0.441776742562477,-0.422243729695566,0.146644689737156,-0.00231781619041127,1,0.00332798673988721,0.213914715590838,0.0615970348266329,0.0960073659057167,0.207497771299347,0.0123359880338769,-0.0216519449593597,-0.107803510277449,-0.357170153256199,-0.0263067695496607,0.067513846275758,0.162428038493535,-0.0803146059521692,0.0784996025767987,0.254239772905145,-0.181341631857511,0.173548290093382
-0.108380059773421,0.410177044463094,-0.0918468305281597,0.235957087576988,0.189927326368779,0.440013119408982,0.045885662437489,0.279909684870829,0.209872562354068,-0.264057438359374,-0.322165193685515,-0.448514177775367,-0.0504706480533934,-0.128952840691511,0.0967913444580183,0.378074907988667,-0.455444070778034,0.0394948500183852,-0.0850273467018448,0.0494386116444421,-0.597430001396714,-0.394753928524472,0.272679987643132,-0.557801685931637,-0.581323849571448,-0.0337637943523388,0.425428203800176,0.500238973282876,-0.305023718381586,0.263331321303317,-0.407484854739264,0.08613634781537,-0.637131340691608,-0.0928737148749559,0.166511188832956,0.271085576827148,-0.396046157893916,-0.164391787050036,-0.318905079587502,0.128879326098681,0.245179681911127,-0.0994816215794392,-0.0117638529217391,-0.174833426025985,0.198977281406726,0.0620227306192832,0.119408323850153,0.0248672088436606,0.0235030569476045,-0.00937497969397316,0.0234480699703822,0.0435706621567405,0.284955071738366,0.151713757207281,0.329168064462325,0.473168931495096,0.237101059813241,0.120798030550948,-0.302297292429548,-0.318735011738345,-0.212376797397026,0.0623866645302297,0.0263686788701122,-0.0718296906914686,-0.230236063318475,0.0980770175011865,-0.073096438534363,-0.326767315829957,-0.0629996943976174,0.15485324519832,-0.307648221295887,-0.137202970107124,0.060217709886673,-0.27683051361797,-0.445627711640893,-0.18266235009172,-0.359172117861754,0.155029760087851,-0.528357235313269,-0.352180224161684,-0.164470731770996,0.0234341040437356,0.00332798673988721,1,0.154110005528643,0.0462839114678086,-0.251970699427045,0.269693241844504,-0.0737588501945238,0.0512127269902142,-0.18996189436032,-0.229456917442789,-0.202818691706269,0.320307729346686,0.225771130902582,0.0509955229133714,0.118053608248885,0.337500719826164,-0.216160018662066,-0.0669436896077006
0.0350664338359736,0.108543370784018,-0.0876203178382017,0.135526346326313,0.114515570271085,0.0365383840928701,0.259497145731495,0.172574633964359,-0.0195339650019835,-0.0347502143665275,-0.0680410466578753,-0.260080870326539,-0.226402453053829,-0.268008462986783,-0.0279120864497815,0.10131631337714,-0.476807473863452,-0.353232696626643,-0.15693377455808,-0.152593004504961,-0.5422403054009,-0.820078119223072,-0.29409582067246,-0.515430116093529,-0.381851720735113,-0.0821967582639921,0.00435255164022458,0.298460229826377,-0.566340562376255,-0.314510091318295,0.0764059407417713,-0.0987702046580258,-0.326318886098174,-0.231687746662205,-0.039153518655377,0.0635995091124276,-0.299489548453539,-0.0413110150443879,-0.210121017624818,0.179806048831113,0.130301047008689,0.353365710462785,-0.00503940941179043,0.010220466486652,-0.0367588976488236,0.233106201880853,0.030427072603722,-0.203641241304006,-0.0365772087959776,-0.0456798754798339,0.222178625841534,-0.107451914148544,-0.0137863639339055,-0.0487616517654034,0.370882128116256,0.170215573847161,0.215190551971431,0.0294205332017444,-0.00986109410010599,-0.236166704874616,-0.0798973477272778,-0.0550302077339937,-0.0686302499181712,0.228302589269467,-0.0602921276655049,-0.0892828617437731,0.116569316194383,-0.102962660611051,0.0161780970880446,-0.243745948488039,-0.466065560300972,-0.0314422709254503,-0.278312736318209,-0.120096811076137,-0.199973718461164,-0.0416587734575285,-0.204425460654453,-0.0748628220679586,0.0195037955640115,-0.0403225162948327,0.0307498877260692,0.131209621951633,0.213914715590838,0.154110005528643,1,0.492481305071626,-0.203208137964636,0.281018483814908,-0.197549485495167,0.292129203386967,0.238015817800278,0.0581349789047539,-0.0466272192557312,0.425761987824731,0.211536098737306,0.0915629892004139,0.425717454933316,0.342700240095626,-0.158658577796095,0.0219184340203029
-0.213763839647958,0.269296079529618,-0.107462390160525,0.155403640542134,0.307495199770429,0.33519920652148,-0.320884882469657,0.0903569859901999,0.0833481461522321,-0.19505871195298,-0.0554957651163756,-0.191052788734443,-0.142130129903354,-0.0270429378070031,0.121653137278844,0.175571841487637,-0.197092782131124,0.0342708337189,0.160658352349036,0.146947634126427,-0.217298215696025,-0.212245835973833,0.222858686227924,-0.458475661049261,-0.337553576477104,0.255972706609599,0.513136381288849,0.758028977733917,-0.0531887192875086,0.377570854699611,-0.3206715715995,-0.320416886119236,-0.63973637264107,0.0904382692317296,0.26165647074002,0.130133436820847,-0.194227947603436,-0.431126581678486,-0.606137227640505,-0.156163096455348,0.0241002129777873,-0.0281951661362123,-0.199919543549374,-0.231869403419175,0.404677575620713,-0.0615378243789273,0.0175273415481799,-0.0938322945791261,-0.123074051492623,-0.192517290738576,-0.112444638114699,-0.0101841309930822,0.141019099798404,0.0040580899928481,0.526099814901029,0.438497155482184,-0.018759271392967,0.0103618634998785,-0.199343476280746,-0.218880181796562,-0.121494365735003,-0.0961197760788529,0.0959163678828708,0.0414555916159026,-0.112050255960674,0.134622797853453,-0.203134096632669,0.0262712975387997,0.283488844075339,0.35088352311065,-0.0742747519684429,0.101583851084876,0.215708860304062,-0.422498513886042,-0.158149731769522,0.221198617478269,-0.223624699235643,0.473617929033224,-0.554649169920596,-0.533906130597417,0.330475647313479,0.208204727678053,0.0615970348266329,0.0462839114678086,0.492481305071626,1,0.08763261000798,0.439564185469259,0.0717854489328542,0.0562695649598769,-0.160921978752612,-0.6031515337112,-0.329545217787311,0.266884126954797,0.0748458440003376,-0.231677363113094,0.110502511370269,0.454889579386319,-0.400872539152663,-0.162057162808508
-0.0551121940940659,-0.283224522123364,-0.361894810479589,-0.184080568478511,-0.530650842504419,0.143749140883614,0.0699040047073647,-0.180729019503599,0.144937703748652,-0.173653044482593,-0.0561122944917869,-0.438595807564538,-0.138993885277902,-0.331165956064437,0.440563543241451,0.0685538634118458,-0.389397666667422,-0.197534511997765,-0.197927087118584,0.215772292974087,-0.17422954623521,-0.274357325218366,0.0605446056405113,0.134080731429961,-0.40128063549109,-0.385603732809469,0.180394045111488,-0.0165318328959547,0.0773851408336448,0.0778703739367608,-0.0027117131851708,0.243300202185938,0.475834592178753,-0.192646011824855,-0.0252132082881774,0.172044026523681,-0.0145075121078901,0.189910912746556,0.152214757503412,0.17787832111965,0.310488438391745,0.328683385994596,0.184221087695156,0.406359140192668,0.15511532386407,0.482085231387594,0.12660813740252,0.185204753042423,0.292943405151957,0.176893262739343,-0.0567069365747579,-0.422262650277513,-0.196217665875261,-0.308720276244939,-0.100841392385514,0.187829520457017,-0.100528688122153,0.128837335174035,-0.117583261447236,-0.0094331439173409,-0.188308432608832,0.178311147309494,0.0555185553674223,0.262624753485516,0.0517917473125363,0.372004327168064,0.0442696185028941,-0.150723776495486,-0.221206784489115,-0.233859147090126,0.0205134409574202,-0.235241946819653,-0.230779830810483,0.216254944177761,-0.230020072602763,-0.17088433115236,-0.0653822284971408,-0.422819175870436,-0.0560582426439175,0.0466428211365815,-0.158051392552902,-0.10413217469854,0.0960073659057167,-0.251970699427045,-0.203208137964636,0.08763261000798,1,-0.222344831397535,-0.0769130656650683,0.212955914152608,0.111983014705427,0.049349584704754,0.0102744726294156,0.432321233245646,0.151126670213509,0.215874946860539,0.390084753544095,0.0087522580032796,-0.028809927563534,0.0305035030385422
-0.278367411100047,0.115113409928465,-0.0530993194556178,0.036333266737146,-0.0557158234065915,0.0490238567157542,0.0334273738780218,0.189457710247953,-0.0352641507158861,-0.0577498399340595,-0.219780784295769,-0.242452200054833,-0.204493857402763,-0.430331427243663,0.0894697098445013,0.202401623939027,-0.326579437445801,-0.0806324888459088,-0.289764980847862,-0.0345211434229026,-0.417592554128132,-0.384279331195061,-0.0987778801961827,-0.264688439921225,-0.259775706565406,-0.00467319234309116,0.378726101685587,0.357977982982611,-0.3834709448742,0.0246017522672921,-0.255613480073741,0.0364321678595817,-0.251701961236602,-0.0592550950370633,0.125577208795686,0.0786573471470422,-0.17365897369165,-0.254431194775206,-0.269719881474254,0.0581758326642529,-0.0357025470990584,0.0370899276607685,0.0313383031336854,-0.245355649093648,-0.0295255976353164,0.124166425395087,0.0365079660040335,-0.320891983291433,-0.323628981079835,-0.38991354764833,-0.0837189415296442,-0.199686746850023,-0.0426794385445335,-0.0424493615413025,0.22616117665151,0.0931486892505103,-0.00926280196375626,0.0259009834614103,-0.0433056494829315,-0.249543153907471,-0.114264409359493,0.00268684036509631,-0.0223322739627343,-0.000268533263408532,-0.047483721593406,-0.0773169739131161,-0.0602353686752908,-0.158231716023952,0.0939487522535577,0.0610171895806019,-0.172836007690825,0.116577236840447,-0.0793467106829053,-0.0593323327043238,-0.0827544556532917,0.173122238438911,-0.315567834198377,0.172301638865805,-0.250330357706314,0.0545812819719551,0.23653396594695,0.125197155843673,0.207497771299347,0.269693241844504,0.281018483814908,0.439564185469259,-0.222344831397535,1,-0.259977526227935,0.365342262514787,0.25688236616631,-0.249847798464777,0.0680926195136212,0.621138458341628,0.50826277592955,-0.197723615623886,0.578093194174116,0.0659473638958712,-0.517017128762985,-0.360675271853545
-0.440673082027345,-0.0407912681145194,-0.142871507599343,0.0218328215078157,-0.252981802593283,0.0214974911432099,-0.154263963229999,0.0153808115611375,0.162165992516779,-0.410885682353488,-0.210332279956447,-0.427733601148086,-0.56728034232656,-0.292213004409206,0.203948366652386,-0.0218338897136501,-0.260601317914012,-0.188267032466872,-0.312615429802098,0.167891895637346,-0.488668845579166,-0.172212127189625,0.11794473817433,-0.0251038991503663,-0.587407216767672,-0.214191472860681,0.451781518490063,0.427435380648701,-0.474857338870957,0.554986418312339,0.090590649274313,-0.109314311911264,0.388858226554538,0.126519222728549,0.484268185966481,0.0622079589734207,-0.177227106595802,-0.00806795960453388,0.00295269367053252,-0.0339684681642604,0.357164710843628,0.00199669687883525,0.31858095415607,0.158151557928618,0.236965575795722,0.21958729866642,0.59013170749267,0.0120786179149909,-0.0674362296586827,-0.0785177038514117,-0.375780364211401,-0.00125282740704331,-0.0151664063807387,0.0365347043886896,0.433252002968889,0.0938637736841998,0.0221790513323178,0.293951417568488,-0.482862791411498,-0.386646086908911,-0.278706243440017,-0.370005990122091,0.0400483161938716,-0.00680107509344102,-0.207321417910545,0.318950428681174,-0.203915287572345,-0.0380952761921087,0.0645927385490597,0.00160162966026278,-0.237333788696307,-0.0314400008133331,-0.0315581100195135,-0.0280268138370071,-0.247387924349389,-0.119948861693695,-0.352330951806277,-0.0510180642539738,0.154934888041074,-0.153082381026019,0.278435708658958,0.229342861128927,0.0123359880338769,-0.0737588501945238,-0.197549485495167,0.0717854489328542,-0.0769130656650683,-0.259977526227935,1,0.269060586286199,-0.0830347079873971,-0.171747322087356,0.0646812966967146,0.373338237604482,0.178332219606322,-0.106887179618974,0.26201877262838,0.162595641296989,-0.334894319032898,-0.313778700087373
0.154780225568667,-0.186287451375917,-0.034840352911846,-0.0778923378558836,0.147354688134502,0.593991128840126,-0.316076211140551,-0.200893726405998,0.39171115080648,0.402986932118106,0.351683955534441,0.196726051089527,0.192773013990672,-0.190730914370657,0.30890813205654,-0.324123534521736,-0.200897040923523,-0.298572108035039,-0.0966385506736262,0.0528824665651351,-0.0132060315029929,-0.182875153524428,-0.114443218425894,-0.177604388301274,0.299648616347254,0.395033324503337,0.214817964529321,0.339058317817302,0.370495256127304,-0.0279636929034462,0.0257443061282131,-0.110858661321252,-0.340885030465799,-0.306699992780873,-0.187131109711641,0.28027559163591,0.118477501940588,-0.356865098103521,-0.481700167321438,-0.134423844783826,-0.270211410147692,-0.000669199864017589,-0.201396629189904,0.107611871070966,0.296967007166366,-0.127898894206104,-0.239218374312838,0.164535240999588,0.204054128984171,0.10790056784578,-0.0479186091826884,-0.0693465831871893,-0.107775738105668,0.0496985335147814,0.574070839868944,0.646060658812125,-0.241540108825857,0.222918879958369,0.30193937030222,0.259068426606211,0.283683124073988,-0.133360011065773,0.506743003473226,0.205699615842378,0.159005919963821,0.320557070617433,-0.0823274684164011,0.0495743767200342,0.236219961782801,0.223144534285516,0.0999721610289171,0.157648928483134,0.0596963594945882,-0.105405384384889,0.257303150752304,0.539618682498518,0.0661717182727255,0.261165979092336,-0.227774374398779,-0.599130883988067,0.433806881663556,0.177287542820569,-0.0216519449593597,0.0512127269902142,0.292129203386967,0.0562695649598769,0.212955914152608,0.365342262514787,0.269060586286199,1,-0.0958665285306799,-0.455918535624222,0.0783437704762065,0.0407875929751061,-0.00121629267217099,-0.0521782458969263,0.0047429286153301,0.480930044853006,-0.00703583504589436,0.246068698217043
0.102114759391885,-0.0720620140563261,-0.0835723805280782,0.187793020369318,0.0182033222045175,0.443632820276837,-0.0815341128400305,-0.105530904643072,0.326848322760224,0.107349878795694,0.209359355103814,0.00276983056734537,0.370098048353358,-0.0623641988769128,0.59596998909812,-0.257424136086058,-0.372659205087277,-0.410336421791671,-0.132539184686258,-0.110151373370181,-0.0540923486775707,-0.196456139684052,-0.11030738436775,-0.125395837959199,0.150856511106009,0.104995432054298,0.153723804464402,0.258116787864489,0.354347245690345,-0.00406066472216504,0.0941153855902234,0.0158336321629324,-0.628316571295066,-0.482860860452895,-0.238370232736877,0.177967051373877,-0.00988927101344843,-0.0981167454752405,-0.377811361345001,0.0719050592902243,-0.0540888138883637,-0.0615340329350719,-0.0600487417514418,0.179250056622773,0.272876446547542,0.0732119340457187,-0.291479032498776,0.314347638477235,0.376858745591909,0.319212889374933,0.158191906014718,0.104846096830138,0.130896514505884,0.0880133683742181,0.111681067235191,0.591153880803769,-0.0908977518409067,0.112326778092777,0.100148247757012,0.221391008915763,0.249149843717668,0.169823293138583,0.659320951911462,0.23086045612993,0.0724690536735645,0.408329040335482,-0.332380747117187,-0.0842238205009041,-0.255220655073978,-0.148076677668308,0.100641225902977,0.00257197406571055,0.104467898677077,-0.0152684303569682,-0.0117354177314921,0.27667007062403,0.0918509815456629,0.163337233668918,-0.0797966308086972,-0.329477326419177,-0.0184350657181842,-0.188153441738561,-0.107803510277449,-0.18996189436032,0.238015817800278,-0.160921978752612,0.111983014705427,0.25688236616631,-0.0830347079873971,-0.0958665285306799,1,-0.200899937928878,0.0767103234895666,-0.0607197897488549,0.160562627240058,0.30123782717875,-0.0945986387831098,0.211165565356309,0.190828863537848,0.251086560536828
0.0315545487013641,-0.461516044608468,-0.169044833510833,-0.0464415022443811,-0.332192726325034,0.184711384051908,0.0378990433958376,-0.444274479579375,0.185203083003435,0.128717284904008,0.160732177956281,0.227306153701317,0.338182298822233,0.189725614362674,0.520272716408401,-0.194463882973592,0.0565447125704593,-0.261032977259396,0.0618208639673515,-0.142945327672555,0.413007971431968,0.407132005526432,0.00401068165851315,0.481607823050549,0.476870453699207,0.0936674844931569,0.152416585741843,-0.108351989376474,0.70866660596997,0.0340277909153339,0.155410685314393,0.298368183615638,0.144249626122332,-0.40819186358186,-0.276979519780874,0.0288627603545763,0.278915628866705,0.146227677239089,0.0324348275606169,-0.0952140143776631,-0.233030833716646,-0.121248127791201,0.0357865246751907,0.436886402431656,0.124325217137772,0.0952732310917883,-0.344415592657844,0.368388406699463,0.398357541475652,0.271904119033759,-0.1638281967406,-0.147573363996606,0.0487733747508984,-0.120366155470001,-0.203286500583235,0.0730317690186451,-0.378800046713202,0.095172360695609,0.0763740253623336,0.267497171878971,0.255458270340285,0.0856207231656872,0.520069909133379,0.396845211136357,0.421244975436347,0.446498799676123,-0.148107380366839,-0.00338151605238465,-0.442491821946921,-0.0998196040773535,0.552659773120191,-0.0199474546114695,0.0862949463304218,0.163509961035824,0.243843867271088,0.22665064305255,0.362327283758019,-0.0994569558398681,0.047706111859423,0.112326026826224,-0.109269755117167,-0.510529502584801,-0.357170153256199,-0.229456917442789,0.0581349789047539,-0.6031515337112,0.049349584704754,-0.249847798464777,-0.171747322087356,-0.455918535624222,-0.200899937928878,1,0.231562812777702,-0.454863110919517,0.0855018870476415,0.28979403088785,-0.259196277305546,-0.362325144303039,0.256313073230554,0.0863412569827235
0.365663320628979,-0.370793062701012,-0.314550272197121,-0.332292262145204,-0.382217474076568,0.137803383919273,-0.0804486519110585,-0.611794293689341,-0.0141543360407048,-0.248778240993756,-0.00583485941506751,-0.202714510822899,0.217482222532221,-0.0936161859416208,0.309859821134365,-0.0973777205693375,-0.0265024791063054,-0.213287679342712,-0.057999485177933,0.10907036766324,0.177825749647125,0.0778163374240253,0.142567390063075,-0.00150084562277064,-0.0943805791929392,-0.123735830398912,0.134104848758682,0.0140248461555181,0.502863216327965,-0.191848763959001,0.293252768503522,0.432005184823951,0.137043209381684,-0.135637058073554,-0.208569990059652,-0.0443409040280632,0.119526326907473,0.436580739885156,0.0316287523196648,-0.134869723370206,0.261429698402473,0.130376046889613,-0.0259303950033719,0.557668538832432,0.490970108102331,0.213545776334179,0.0934909768121133,0.687098775173136,0.638834522969575,0.584427728346882,-0.176563267367538,-0.134289367068389,0.0790816296173276,-0.312287368458654,-0.285040087127664,0.489416134581847,-0.388183437126028,0.178212958604195,-0.273993117279132,0.029616820299214,-0.104689261349198,0.0976980117601554,0.230828411098351,0.309698324084208,0.0482763381670793,0.448305552682093,0.113366900673182,0.0456789796272413,-0.213045207662651,-0.0177891832191364,0.408700429915111,-0.204498330232365,-0.0175304979800774,0.0133514649894736,-0.102066236735287,-0.18501466168966,-0.0400483159399198,-0.322628729041956,0.0526029290837046,0.00213315406749287,-0.104927758050369,0.128096666987381,-0.0263067695496607,-0.202818691706269,-0.0466272192557312,-0.329545217787311,0.0102744726294156,0.0680926195136212,0.0646812966967146,0.0783437704762065,0.0767103234895666,0.231562812777702,1,-0.132757717453135,-0.170306568976358,0.554706660492844,0.0596036650050966,0.476958118634671,0.580002540815733,0.377337536747568
0.079014572834178,0.106893776187862,-0.0693803879362394,0.043650733850598,0.288936036816403,0.390921990672371,-0.015610301718889,-0.0439453851602241,0.0262652044946968,0.211722551862108,-0.228524484400681,-0.0528786145350051,0.031129339787758,-0.119587944692674,0.0956555615223069,0.193535326384201,-0.159458337761097,0.124432315999824,0.0748841775181495,-0.095175822635906,-0.232823204555569,-0.194611775419429,-0.124627740898349,-0.57960255674158,0.034114545541625,0.22456314510493,-0.0364149248421195,0.321829781487768,0.121530321745645,-0.357362291988501,-0.563524885044549,-0.269632061745344,-0.573329122675141,0.157806619709842,-0.199085479345535,0.0558504261117146,0.250730264877479,-0.571403264572991,-0.676069345656538,-0.132967127980354,-0.166776435389001,-0.330361442951772,-0.492086490856372,-0.214361423773508,0.0987134436684379,-0.250040903406942,-0.379397429363561,0.0988210952660092,0.075792122671466,0.110627372001525,0.0604039786420485,-0.151189714912047,0.249900620256396,0.0850231194973554,0.321709715715105,0.353083759406076,-0.0921513356057879,-0.0455910074117899,0.302135300538449,-0.00418534505971097,0.168481337195729,-0.00487531381117427,0.155364222672802,-0.00453381722399249,0.0336459408044927,-0.0323237831665469,0.170691691627021,-0.0727132757226492,0.418072512123599,0.445439853864476,-0.0631572311254111,0.203772488069478,0.0841212181030725,-0.14511341400373,0.00348533309967564,0.270506778739977,-0.0784750856865446,0.300526618625972,-0.721220264872278,-0.43335279756191,0.347023088558275,0.471065936077129,0.067513846275758,0.320307729346686,0.425761987824731,0.266884126954797,0.432321233245646,0.621138458341628,0.373338237604482,0.0407875929751061,-0.0607197897488549,-0.454863110919517,-0.132757717453135,1,-0.111381311124387,-0.0160034011390589,0.0296487225566013,0.545240003747086,0.0154579240024654,0.36262430397558
0.412235690205765,-0.414162539241702,-0.321942444983398,-0.343375824590142,-0.110718402352032,0.604016930392006,0.0418871981579195,-0.596777712342969,0.00640024290054671,0.565953536646231,0.174468471674524,0.292576130229519,0.4078200843925,-0.0373955738142633,-0.0166050085757194,-0.339617062907446,-0.0950527612993513,-0.348116391324216,0.0391554746093364,0.101952567778126,0.0160968570473126,-0.229681531016449,-0.176283498937947,-0.429408547354144,0.270264867748876,0.118887426840446,0.372831735025499,0.0722154497077841,0.32218969932765,-0.752356259223105,-0.380511696621135,0.264276678939359,-0.691778547426871,-0.498509847053238,-0.420822688689582,0.499525708264161,0.227361655250899,0.0787711680987803,-0.481556617244849,-0.0538109589596298,-0.2467971653688,-0.0289726706826361,-0.367386659458103,0.211757802733199,0.300929691335267,-0.0183473152937536,-0.392984926673927,0.220641654471976,0.653649379962881,0.601036499223982,-0.0248667312143108,-0.544076478106779,-0.196344610364913,-0.221203777565254,0.26704603660766,0.438732667282258,-0.588835016246558,-0.135512824052259,0.33965665361815,0.143563985642811,0.419985887673103,0.240405229884699,0.265935266148156,0.465125095665891,0.328656048241342,0.0533005579825434,0.290991216183743,0.0837362556802867,-0.0124183243906798,0.0383123217786319,0.206463462718405,-0.145760629382572,-0.0621986947422153,-0.054363971927588,0.128615538802792,0.21884078968964,0.14540372790397,-0.0345150504768182,-0.451965181339778,-0.179466105132783,-0.00662229297641953,0.256703520548314,0.162428038493535,0.225771130902582,0.211536098737306,0.0748458440003376,0.151126670213509,0.50826277592955,0.178332219606322,-0.00121629267217099,0.160562627240058,0.0855018870476415,-0.170306568976358,-0.111381311124387,1,0.460047042805278,-0.0158763040589087,0.51359915704382,0.514431196119106,0.80632698933949
-0.230389478807466,-0.195180662421549,0.0456910238692851,-0.119085046727988,-0.264716546025358,-0.06333828446724,0.0844724826043603,-0.0383342323823683,0.352064849946417,0.322852876199236,0.212136480286894,0.325088966753923,0.300020060907376,-0.0416585686903646,0.170606146080781,-0.190703707203076,-0.0106124604485152,-0.126739303500328,-0.152704312815328,-0.297423416515562,0.291944143931693,0.464998668006731,-0.30167068143882,0.660235534208654,0.782214069491728,0.0707798980925146,-0.431280698953925,-0.552411832080844,0.511385524070725,-0.109514174171903,0.205979013037457,0.229595150187614,0.387203058091758,-0.149151726065487,-0.247948182192873,-0.189130043280695,0.340484550570676,0.090147418503022,0.408757622888396,0.226810018764504,-0.267931534880039,-0.00129938179085708,0.190800906282127,-0.0605415418815458,-0.322593555476938,0.083618764063317,-0.247063170643155,0.0440942165148115,-0.0299503854036379,-0.0298405773025328,-0.0955854001602252,0.0905912357824498,-0.0602578058383127,-0.201674496710745,-0.347475454796445,0.0305908366955393,-0.205638952275183,0.114196406968089,0.398856142517449,0.419264212571043,0.246235345094453,0.0784666579106698,0.24784405250447,-0.223848398440777,0.100150032060783,0.00906709822204393,-0.173269273453702,-0.279803106079236,-0.244735702282406,-0.245233072801025,0.183485350189302,0.205112954887626,-0.280251634331315,0.562831422895828,0.323524458875173,0.318913222476486,0.542325568313493,-0.0160006983694534,0.201139333733274,0.445129909749589,0.0499191863562352,-0.530014967574207,-0.0803146059521692,0.0509955229133714,0.0915629892004139,-0.231677363113094,0.215874946860539,-0.197723615623886,-0.106887179618974,-0.0521782458969263,0.30123782717875,0.28979403088785,0.554706660492844,-0.0160034011390589,0.460047042805278,1,0.0607693856496142,-0.697093100011808,-0.0221110576667226,0.0884797755844993
0.199541217369767,0.0407568860177037,5.31877081437343e-05,-0.021729078724728,0.310008937434871,0.609488332088526,-0.105712062079598,-0.0716427503028474,0.341503203078607,0.544313436076092,0.335355944647974,0.31193383685575,0.384919640105208,-0.00761879474008331,0.119208987079402,-0.236173139030016,-0.219754047449992,-0.262069331889671,0.122453417897519,-0.019492497695673,0.0605826866259198,-0.257679044669288,-0.27685609407572,-0.443004471827725,0.44137237121652,0.378411574114851,0.101342489360949,0.215366321632659,0.315397962807961,-0.399950882734324,-0.205688587512392,-0.100478982637551,-0.637831561907638,-0.313197129593498,-0.398135393610032,0.403170383568168,0.391593897889861,-0.374047488106426,-0.541298140496857,-0.0372312467078512,-0.379398115197465,0.0644521899133099,-0.387681309922059,-0.0106379631206483,0.266276201579118,-0.102700371940855,-0.544406560949474,-0.0127167574767878,0.341330724840895,0.238820015606949,0.0297015330448554,-0.170536749941775,-0.0559315338108528,0.00539690630894235,0.461841340493711,0.550985498486682,-0.271211485857899,0.0125550570008647,0.449539046145121,0.315391244800775,0.403389942478294,0.112928373059401,0.364406828066622,0.274904749604958,0.268323911520946,0.0313825515626861,-0.052711842805286,0.0745525997811017,0.233945787202752,0.214252840323513,0.150650022187873,0.0513744570913401,0.00971855402830324,0.00099152233937938,0.124604057840993,0.490569319176826,0.156519723245458,0.325205096486565,-0.460048868517721,-0.499382622331254,0.283884814143646,0.181136027251509,0.0784996025767987,0.118053608248885,0.425717454933316,0.110502511370269,0.390084753544095,0.578093194174116,0.26201877262838,0.0047429286153301,-0.0945986387831098,-0.259196277305546,0.0596036650050966,0.0296487225566013,-0.0158763040589087,0.0607693856496142,1,0.333284760830465,0.132970025554476,0.462646137533212
-0.566176155654428,0.281162294680899,0.209615605748785,0.0350690552453033,0.00383454013743975,-0.083627771179591,-0.421872683433577,0.315556061204958,0.440690340303964,-0.169728634322444,0.102103557147699,-0.0873663375775278,-0.533619884240341,-0.35568193755116,-0.0279308365963353,-0.175570010115566,-0.158824362687853,-0.0134776303357011,-0.288706846605815,-0.131705819605626,-0.363131273701938,-0.285703964225031,-0.227234423265489,0.162580460749982,-0.127047423132959,0.191031836040512,-0.0865634965555088,0.238468558513331,-0.352747590890344,0.498609523209291,0.201342318894582,-0.528090338262936,0.2320069507426,0.251389681185381,0.319597875100595,-0.140328621234582,-0.120430392900829,-0.425861638855345,-0.0509133406441963,0.0142712705261822,-0.1360257423634,0.0355560551223618,0.187880267957726,-0.461352707311953,-0.126160117995118,-0.118993270869267,0.183560147919074,-0.449827635268147,-0.628110520532089,-0.489873846720732,-0.276095245237864,0.372155926505631,-0.0328226002287148,0.0946465566274657,0.538993203673048,0.0604754551682258,0.220655281557359,0.395636820177939,-0.105166820969605,-0.0153979336810338,0.0183799816082629,-0.546823158800649,0.102367548409393,-0.275705670401291,-0.210886597921591,-0.0105249315913791,-0.344686018631892,-0.000665025790559166,0.477652492759168,0.156669342909355,-0.296531090906469,0.559786954566918,-0.0037230282933878,0.23068183742126,0.28389669290418,0.484639516670246,0.0456758120899253,0.402831107315916,0.183255782318419,-0.255605137773287,0.752675222667743,0.137894380468115,0.254239772905145,0.337500719826164,0.342700240095626,0.454889579386319,0.0087522580032796,0.0659473638958712,0.162595641296989,0.480930044853006,0.211165565356309,-0.362325144303039,0.476958118634671,0.545240003747086,0.51359915704382,-0.697093100011808,0.333284760830465,1,-0.661739787508592,-0.387315161381107
-0.0941945017011316,-0.141785621412739,0.072109089439767,-0.160167623576585,-0.354740105766108,-0.025609952784568,0.0826705615702088,0.0637988131634754,0.415387402292775,0.341957378175337,0.257930444523035,0.216852886826205,0.078909101545703,-0.13368041873443,0.364018289574137,-0.186263487610584,-0.168832086994217,-0.190549262042024,-0.413427702056219,-0.145192012529198,0.0471464205553,0.423261469969459,-0.215822619964912,0.740263987976134,0.62383561498603,0.115789556655369,-0.160788891842625,-0.402877276980435,0.396161445234375,-0.0183847444706355,0.206537218869922,0.338905140861109,0.654719785613168,-0.255143689572114,-0.124838126270503,-0.332265714555496,0.0429868265420626,0.273808233300213,0.384719687250531,0.134865478614185,-0.0874235144131039,-0.118335482639441,0.353702571374955,0.0827368594744721,-0.0774548248046589,0.0954313663715543,-0.026308352299587,0.163720856208299,-0.00120233349351151,-0.0713403417330869,-0.0564171794128202,0.324974403933558,0.02793681697594,-0.0150822802728889,-0.288820647150459,0.148899272009239,0.0232239966542433,0.478903313852234,0.374943110982787,0.430189789817488,0.404156031176865,0.0364612940680268,0.340852373019722,-0.132086591096448,0.114370146873579,0.510282644377889,-0.272737366841056,-0.314735913653827,-0.469003934698824,-0.369332730802359,0.0952357014017807,0.241936090863096,-0.284129213456296,0.564485024016401,0.406904904103701,0.413043674719823,0.488099953172398,-0.171004659195204,0.173252681600218,0.294038439341798,-0.00796366274849297,-0.671243140946542,-0.181341631857511,-0.216160018662066,-0.158658577796095,-0.400872539152663,-0.028809927563534,-0.517017128762985,-0.334894319032898,-0.00703583504589436,0.190828863537848,0.256313073230554,0.580002540815733,0.0154579240024654,0.514431196119106,-0.0221110576667226,0.132970025554476,-0.661739787508592,1,-0.132035854286358
-0.345720828714645,-0.370505044697064,-0.0246424200374027,-0.252175452783678,-0.644886889419293,0.0425167632583535,-0.0929987121591577,-0.232529166015875,0.358204308416135,0.0329161336043328,0.0323191977896181,-0.0795777808236035,-0.204030903950548,-0.376548665678932,0.444234988918589,-0.193626332562487,-0.178870614681688,-0.294185243498753,-0.427032953641358,-0.00582484599269074,-0.10326951989971,0.353857146738508,-0.233446545807713,0.543991902882826,0.279285527096517,-0.219147510418971,0.287872112788919,-0.143312510112226,0.312023995448502,0.0260757853415799,0.269524342671226,0.360786774149055,0.523624911924659,-0.237108187991606,0.226276817916816,-0.0894722306735285,0.159944681349616,0.247393895536642,0.304617123559882,-0.0499199966706819,0.0527734189107015,0.184176020625064,0.543572052717193,0.179121098653565,0.410953065071393,0.449744709584299,0.288830534902915,0.187746945862147,0.139653643827778,0.133939223522168,-0.280935512298532,-0.122834626827299,-0.165709147477961,-0.384999281754058,-0.101927300588376,0.16949866633049,-0.268548639404249,0.322704459976167,-0.0700194642914884,0.134440041400092,0.0818129414894928,-0.196233957797699,0.159695250310225,-0.0612043647184141,0.0962193824583026,0.478587775426585,-0.38527956444221,-0.325474853117129,-0.412825233633199,-0.364893217623506,0.10399900961772,0.0422804638059893,-0.395547857439921,0.358654562644704,0.154181395891562,0.138108374241948,0.211865982041061,-0.357880958651752,0.281767531107992,0.319222129414695,0.0606591233655077,-0.468643366991968,0.173548290093382,-0.0669436896077006,0.0219184340203029,-0.162057162808508,0.0305035030385422,-0.360675271853545,-0.313778700087373,0.246068698217043,0.251086560536828,0.0863412569827235,0.377337536747568,0.36262430397558,0.80632698933949,0.0884797755844993,0.462646137533212,-0.387315161381107,-0.132035854286358,1
