1,0.248811017493476,0.498519616448538,-0.19651716439976,0.125689114754527,0.133157731407667,0.399614232074495,0.108823857112406,0.380653814267072,0.747660215202236,0.162655570793963,0.820239163191663,-0.771843710183023,0.068893793336003,-0.535961474329099,0.189895858870152,0.5016918320836,0.150313893199096,0.107932057316615,0.279560479323369,0.698234920324921,0.534286039425902,0.296898218332433,0.738540736100419,0.789991751259219,0.43584957967979,-0.0560722853793881,0.196395680784313,0.459783380332791,-0.378207637668739,-0.148775743291126,0.136017456577955,0.464949993077968,0.127226999155431,-0.20095758700216,-0.132439643349077,0.197285542868462,0.281162593838882,0.295180129950217,0.657964550574172,-0.275663911603095,0.245145278600044,0.721893230204032,-0.241695953006129,0.596223262770566,-0.29658701978076,-0.323648946683642,-0.993899664946995,-0.772107017756575,-0.335405329644785,-0.225270614795818,0.0582607732610643,0.358062580919599,0.0288653695518481,0.271935212312503,-0.484548835011109,-0.126131468143129,0.299703281994209,0.0378635409321196,-0.109819111426345,-0.112648262065882,-0.843691232737701,-0.280134585765265,0.0243559552053255,0.203979170604626,-0.671409776245132,0.00209127858184827,0.503094324723069,-0.0293261373524583,-0.0917597205053534,0.277938785217896,0.419968259798594,0.0478238793314062,0.114023854686747,0.927212183271841,0.519722209937592,-0.0347364843561354,-0.296627363050684,-0.0608400676759639,-0.251250845933974,0.575389422604954,-0.470688568061614,-0.023493063023929,-0.408505597625352,-0.0894817863277523,-0.326032687001182,0.0116611426382682,-0.572873393823101,-0.0493444661967534,-0.217947434633648,-0.296445000639455,-0.531828841563401,0.0694397388285368,0.0568663492669287,0.130122304392059,-0.62235522557943,-0.247385193959832,-0.56679261786561,-0.792721080675982,-0.596505437009419
0.248811017493476,1,0.377381629838459,-0.255185298788398,0.376884517705257,0.367979794592983,-0.527037350465922,0.163433148600519,0.113933024405051,-0.114488358714499,-0.138256688816032,0.0794810293768588,-0.512950781930277,-0.176555819081327,-0.86046244278549,0.296835722062466,0.390483154492306,0.640215817220092,0.402417642163972,0.567480769339644,0.39587453534914,0.788581861210728,0.664661411040997,-0.0403936524146917,0.234884507903317,0.0970438462351412,0.0427140884063991,0.41375825637048,0.260167283449351,-0.0621692907637267,-0.447490837739079,0.038292775231074,0.46542430049049,0.802333381234888,0.537366615384188,-0.322882965014397,-0.0809947261865983,0.0217598182331361,0.140342977608218,-0.219378054967872,-0.00681612624243734,0.244900226249339,0.46404357003107,-0.463635974325055,-0.0830572421345366,-0.207276130160002,0.244984065313778,-0.345633406671786,-0.452032217648266,-0.645102534284741,-0.0776279214644959,0.110772472266263,-0.260472187871707,0.313649941947633,0.559582205884972,-0.197430715884642,0.288144402004369,0.0428486896278516,-0.807749175552054,-0.609857057409621,-0.653029182626616,-0.441617615334783,-0.860962193890837,-0.584228559814462,-0.330244786802209,-0.823913971426044,-0.2837715648823,0.102996245245734,0.512514197165887,0.418849554373475,-0.0433456025519377,-0.308074593231597,-0.00971369548411988,-0.715094446024033,-0.166354850227928,-0.46925450752892,-0.565066438414416,-0.2345132949168,-0.406214946015701,-0.522897360475033,0.102845839486843,0.2981181799728,-0.116992922416475,0.203192812117762,-0.157030423936668,-0.0627639331041239,-0.353876749884355,-0.134487507351392,-0.0922372838940187,-0.52222603786886,-0.421887418904029,-0.947324268033641,-0.900103602264421,-0.106286394130176,-0.723204624928435,-0.611145925990277,-0.188330672695665,-0.166283273874728,-0.410345690406235,-0.78033649939356
0.498519616448538,0.377381629838459,1,-0.31148813507249,0.356313348630403,0.516079621412911,-0.147654462474918,0.133755227597752,0.238184992242281,0.385026421351884,0.271161352002674,0.395106094600781,-0.179413948929043,0.117535287438182,-0.768381463877745,0.0454927547781938,0.336363984085544,0.178387305183689,0.388479030097214,0.520100472214127,0.546047010134397,0.651453210979715,0.603162516171121,-0.0782339507392973,0.433890673539722,-0.0609831160904319,0.259223783818304,0.013950398571484,0.412999034798591,-0.202688787367969,-0.650134568935373,0.417382744379036,0.22651274349767,0.202984961273009,-0.0318623753086162,-0.0504338946632545,-0.0242639189300904,0.563734180143572,0.233192065017028,-0.11750178954429,-0.104037553909989,0.192770400586385,0.431527025266273,-0.0820987395075178,0.127558166124037,-0.055958043522907,-0.0593087840870463,-0.408780657326773,-0.147538259098239,-0.161436014303458,-0.0629772308864688,-0.042849813331599,-0.210074373740531,0.212022326785757,0.409930631452585,-0.101082265883426,-0.0219296575375638,0.159305343957124,-0.405504511561115,-0.166957396335665,-0.388279379604488,-0.363685413556609,-0.448143624489172,-0.207597401879203,-0.111978406822804,-0.708073798037292,-0.380113610196423,0.151250514007555,0.0256417298123387,-0.00729486961086172,0.294382676668492,-0.335215315795,-0.0315533839366629,-0.635970714095666,0.104879052752935,-0.260362093777795,-0.301755364716538,-0.518816907938282,-0.533701577561625,-0.549753113071709,-0.166754253703686,-0.232646448682399,-0.231199747177959,-0.389782212328295,-0.297676768066355,-0.469932696333144,-0.528136127515356,-0.433106305745584,-0.397910629159228,-0.554780887607018,-0.391957436965879,-0.573919565786906,-0.826723040842101,-0.31997109938048,-0.781424323386058,-0.273777129012557,-0.385804725108637,-0.113810731963977,-0.253922987174329,-0.4728505034177
-0.19651716439976,-0.255185298788398,-0.31148813507249,1,-0.132304262096798,-0.244522786740115,-0.538733683301328,-0.291609567840741,-0.452447821974943,-0.671603687107186,-0.590428237726267,-0.488387270970573,-0.453072990618322,-0.451622319590457,-0.432204373214486,0.20035815810834,0.484944194283018,0.666806109758862,0.235689951334398,0.143197952296735,0.0424726412940655,0.0714958394127813,0.0250823115390361,-0.115437249211863,-0.291360844145679,-0.0085557699993421,0.0791495757414665,0.232341435341444,0.0222348578982597,-0.0430956490635038,-0.141275642629436,-0.516836754000802,0.0433985657770597,0.652473336601548,0.314390397122289,0.076442853141979,-0.35193923644529,-0.407532196926574,-0.117811760568844,-0.362385323659001,0.0132766339462369,-0.251103837147515,-0.327582494867214,-0.579321187687051,-0.326333621077475,-0.229349075007844,0.15757801966209,0.257537069379388,-0.218840842598315,-0.41621010317311,-0.022090722708217,-0.172708849906782,-0.525905421399881,-0.0433586376518348,-0.121028679989883,-0.0854504790181916,-0.0617486150410756,-0.649612231258886,-0.375019598920094,-0.245025252406744,-0.216128693498248,-0.0485724299852395,-0.579732089114396,-0.310554933850355,-0.115396608284872,-0.282559495773541,0.151469055938246,0.167369631529879,0.49799818095325,0.509157948899145,0.197653512281145,0.0780157347135265,0.138771674834102,-0.167703951245841,-0.154319054453217,-0.403641264126202,0.130593050302086,0.177690630065569,-0.0213747029149396,0.382990251113927,0.0534673909418101,0.42468961264363,0.286192982458126,0.494183454362179,0.220121855889905,0.300031595176541,0.303811378616963,0.22118017708653,0.193643221361121,0.0809152220138418,0.54920974985747,0.0591632655298586,-0.197623133601591,0.0451036357283277,0.0341277831932183,-0.215338243904954,0.0527511970834219,-0.041305259963086,-0.129665376856648,-0.0571910148222153
0.125689114754527,0.376884517705257,0.356313348630403,-0.132304262096798,1,0.00160503741721074,-0.352766491673325,0.443842316759077,-0.0365323762783,-0.578687249325604,-0.375999350615116,-0.541607282362454,-0.736864580830495,-0.351008128594068,-0.967256202348613,0.580678413534212,0.216465565646764,0.775037614162722,0.17482741597768,0.710829056112073,0.233774206007754,0.445233441525204,0.615640067587533,0.132878312349203,-0.363860191473056,-0.331620167004325,0.160853401929264,0.442565183304133,0.0701384526463343,0.0548562039843725,-0.059046206193286,0.0283528144775844,0.70245690621839,0.887049462605499,0.693322469218213,0.0132475899234966,-0.568401691881477,0.0760615453134557,0.273306548500859,-0.15577468828967,0.422591229497017,0.254357031420579,0.645435231520684,-0.651361900305541,0.0533411279973467,-0.0338838118289097,0.57196728133454,-0.203161671797443,-0.649162901034168,-0.711482220371086,-0.0817064674859168,0.311173311805124,-0.150677777442983,0.317306173183631,-0.0115159134562298,-0.353379922848098,0.459611723400058,-0.190662019385044,-1.16745708155951,-0.706999850513082,-1.10483318637834,-0.505379353010068,-1.255762024754,-0.770912528000604,-0.57633280025811,-0.926927524352918,-0.273229286414125,-0.182410924569175,0.284955875267608,0.221774596597699,-0.0994325318476203,-0.606549607706693,-0.23788599850873,-0.540111557575601,-0.59744846089784,-0.887059043702799,-0.567720422075324,-0.423874558016076,-0.197784355859923,-0.270881144357046,-0.101832596828064,0.269618583163767,0.204058764108443,0.149266414094274,-0.206658553023137,0.103002733018837,-0.578818146223555,-0.219127655665169,-0.190356000021718,-0.0512366313051555,-0.214736774671028,-0.681991477978676,-0.616394831658956,0.219031149430908,-0.467640098218423,-0.605619199543732,0.157101502728994,-0.345420862509064,-0.470181670268658,-0.886731557890784
0.133157731407667,0.367979794592983,0.516079621412911,-0.244522786740115,0.00160503741721074,1,0.00981759492811042,0.391088796089646,0.281226351153834,0.174002214203842,-0.0117860950980034,0.248087014654718,-0.594287908571262,-0.346632844966556,-0.825343494501532,0.171343533457547,0.213648664730195,0.230767052882666,-0.0867027762886336,0.201087537618794,0.13604838823083,0.397462160508228,0.211797813826712,0.246602681846309,0.427067804094055,-0.0906942752266292,-0.114152135796399,0.00147151546762107,0.0309575818531871,-0.412067863572792,-0.324611982838187,0.224296506022892,0.557367400514029,0.406192332333066,0.161262926581528,-0.685295372167914,-0.0332601450435984,0.493195211892132,0.62732983499931,0.32454999224428,-0.0620311488829587,0.458449570814596,0.694389252262412,-0.31271374856362,0.00957140416401739,0.134232177863074,0.11503670453369,-0.725401445265454,-0.595325626046167,-0.568302768201686,-0.172498613563736,0.202198805133678,-0.225686341655775,0.208621425250721,0.26828754903382,-0.49696199491272,0.256991373303802,0.459764948642657,-0.354945205079625,-0.455151646357626,-0.51265035869091,-0.59029975343258,-0.789631605808194,-0.551156361933345,-0.539496001296314,-1.01931905610734,-0.424364012150978,-0.0551840814211335,0.0165043177321139,-0.261272138159523,-0.227197722895151,0.0386731787953505,-0.500306398151423,0.0168844320933846,0.217677045972937,-0.19340318982586,-0.321489348367429,-0.530253095470944,0.226453190007997,0.0289648226797519,-0.00055954047009138,-0.165844911727256,0.191299763863242,-0.0598445183070352,-0.261118929321133,0.156174823861583,-0.363779829775055,-0.362521449136125,-0.510421303444034,0.0527097743829764,0.0152288983046173,-0.357470174554746,-0.324030997961895,0.268804945626559,-0.116692591192826,-0.553583088284427,0.20635141027271,-0.549511208266314,-0.661465103351634,-0.667070451031142
0.399614232074495,-0.527037350465922,-0.147654462474918,-0.538733683301328,-0.352766491673325,0.00981759492811042,1,-0.773452843098477,-0.0167467081570326,0.444330824885572,0.230192898172753,0.985290429361207,0.210694779001635,0.122841012645463,-0.039939497071113,-0.685906663272833,0.774412071428489,-0.408019127411924,0.191849611169558,-0.185652632130333,0.514615539908443,0.238683912004748,-0.0368358692123935,0.509958825664325,0.363479019259032,0.203008579891404,0.319264054118393,-0.119492189743209,0.258496884011094,-0.30984326242009,-0.398879867415097,-0.0793468917282124,-0.254913049735878,-0.31764705076686,-0.21694183393423,-0.16623023337606,0.365974706900561,0.27791203322182,0.0359292719651068,0.220626750176544,-0.489198098734687,0.44640547705183,0.109282108273669,0.466558545405907,0.399408388607936,0.308577113139703,-0.409114338851581,-0.133219190468685,0.482631920911681,0.455082733676151,-0.260974706446036,-0.615613201204879,-0.405683351682854,-0.669211744637924,-0.0411157568285682,-0.253292857585826,-0.829248409325613,0.0710449088224449,0.322484854140453,0.222521591255855,0.376350974489878,0.0853700265767246,0.382444264203949,0.4547349523479,0.14966365638109,0.0447365919537942,0.110706468977967,0.62166855544713,-0.215917428985,-0.288250609984864,0.390557562146263,0.566512913507981,0.181814263618445,0.346660376476131,0.755690028236894,0.633125119081685,0.333616840795875,0.00643640438824675,0.0728139116214539,0.194594630660094,0.366613584960858,-0.297115985573576,-0.0260970938210178,-0.129600516501546,0.395935634572668,-0.256322047764125,0.207471527711341,0.0491573339681712,-0.232611885252702,0.123054045271598,0.291611563372397,0.150492446847444,0.0665844254557518,-0.00993518069743984,0.281494674250315,0.366321772255588,0.011993251782577,0.421677212088564,0.328471246186718,0.321784204244986
0.108823857112406,0.163433148600519,0.133755227597752,-0.291609567840741,0.443842316759077,0.391088796089646,-0.773452843098477,1,-0.0149347717864764,-0.247620250638327,-0.040697721115504,0.123312291926183,-0.167648560322462,-0.0235122971419214,-0.71450794332504,0.0554588072316655,0.570709095048318,0.451520872007105,0.649759698135495,0.331320169918278,0.442353310926579,0.86766408706063,0.688949585197086,-0.347024093934942,0.0788778744748709,-0.0667749485457261,0.29640262396385,0.152730176857408,0.0993157222449193,0.161005926783511,-0.606658110715623,0.0726129877254393,0.185197303610061,0.64813092048121,0.434773712457046,-0.11547459302999,-0.0369165441754898,-0.0659967371268925,-0.227528095877499,-0.641051117053084,-0.169924103184854,0.0113938147013572,0.20959907283398,-0.414099966997856,-4.89380613921675e-05,-0.271672559026196,0.239723896303501,-0.202330472968513,-0.113405573140818,-0.449643650647406,-0.202343312801571,0.013612978825343,-0.303506887551068,0.297231717831013,0.602751051032198,0.056330042770936,0.00747039730821031,-0.127862152932751,-0.830717670035829,-0.351742410920494,-0.373240894348814,-0.156624915419904,-0.541446442846756,-0.285879803235522,-0.055564370219317,-0.563620104673496,-0.476866938021546,0.414433656520219,0.605871592097325,0.504933957568315,0.362560292061471,-0.174864439814456,0.324892284356015,-0.899370871999821,-0.132524348562758,-0.286359961812702,-0.591622084108612,-0.123326647990239,-0.694284225738766,-0.620119717385006,0.0762805829034123,0.336116983358142,0.0145124829233689,0.313082245087477,0.0932864218218774,-0.333969957523979,-0.419892921248213,-0.0516586956142321,-0.107676631707461,-0.615542496056129,-0.35802956513899,-0.829597672765438,-1.00243758474853,-0.393719733591128,-0.701332736798556,-0.403097667067431,-0.38534598991588,-0.00994139376607006,-0.120195182696848,-0.546487083740871
0.380653814267072,0.113933024405051,0.238184992242281,-0.452447821974943,-0.0365323762783,0.281226351153834,-0.0167467081570326,-0.0149347717864764,1,-0.0162396868542194,-0.0859283729790385,0.176263868445819,-0.451405229231095,-0.213118824401893,-0.645239127369266,0.0283068319509216,0.304727879931748,-0.0758425912682046,0.0830936152984381,0.0824638400165096,0.248206603339841,0.314490430369002,0.265185154721691,-0.13823165245764,0.136470763149305,-0.112587346785083,0.225486212992573,-0.086854778642723,0.0117945295459383,-0.377571615532416,-0.58982354639855,0.27690778973044,0.289930249543219,-0.0126055270774789,-0.138006818621659,-0.325703074585003,-0.138772614031403,0.32571978586211,0.199662972617858,-0.0882405217457041,-0.0700776910767905,0.249507903980783,0.194393440849536,0.270977480468614,0.295847249395188,0.234905932518384,0.0388862224805031,-0.171436588925093,0.000927103258207329,-0.146498423955631,-0.265247916794302,-0.214979451752506,-0.580232403974582,0.0579273060487479,0.303389027251462,-0.231669226223763,-0.161102961509778,0.126706473947014,-0.379620317206338,-0.355129629203544,-0.343240305394689,-0.183168958280688,-0.384674277282708,-0.199846982019063,-0.277292811914535,-0.622600635772348,-0.222007530578229,0.0529829479041822,-0.205622528529857,-0.309244591841631,0.138075537541983,-0.153324046893222,-0.0167486776523478,-0.414302657306588,0.173922370814947,-0.263850590663173,-0.372177883280281,-0.646818777071367,-0.0257183315289303,0.0300309653708502,-0.226209851044945,-0.121632875028769,0.0209417562153176,-0.331810645258434,-0.150905219955406,-0.210008089760651,-0.310677769596649,-0.477236857246402,-0.580895947545011,-0.10637711451028,0.18084054624483,-0.276854468082036,-0.552235498308054,-0.197722657173424,-0.513988516860405,0.104010119907416,0.0432536033541805,0.204785127968605,-0.0469255595066468,-0.259238997025146
0.747660215202236,-0.114488358714499,0.385026421351884,-0.671603687107186,-0.578687249325604,0.174002214203842,0.444330824885572,-0.247620250638327,-0.0162396868542194,1,0.0994059385583664,0.217436292368833,-0.561854115797513,-0.0803534024523425,-0.307959178661114,0.0285528933464643,0.0503677954293654,0.02022142940449,-0.0827468031211769,0.719433466210776,0.465324637068522,0.315242494695122,0.428779618171042,0.600472050060152,0.143024183592995,-0.246320152268307,0.611752120888332,0.31419147564636,0.467437421361097,-0.339252963455513,-0.175597070583728,0.369009708606275,0.384831215005927,0.0788420144540649,0.1974824967932,0.069491806027461,0.370183303442796,1.05682238356677,0.745064206746512,0.721383730492218,0.388387190375425,0.722652232162857,0.862822638201077,0.350399612529472,0.63965073168849,0.440926174021629,-0.123235586551766,-0.254870469923479,-0.0638649815648437,0.41572076420931,0.0987782257247762,-0.184230490033647,0.0452802509191866,-0.634209576497998,-0.334522405452702,-0.278042666517402,-0.381711468749531,0.0633651942923829,-0.722160240943168,-0.603924612265833,-0.773547759246093,-0.66026418089268,-0.492663198059523,0.228480959341611,-0.101601861154304,-0.520494375098454,0.351694190055932,0.227158695987606,-0.569393430794837,-0.560864755809318,0.100254765123308,-0.235883140942556,-0.273910693163736,0.262557886786736,0.241946335174717,-0.241048685051439,-0.416949255263765,-0.56208950853953,0.33381368121103,-0.0847510902614364,-0.0284938159725239,-0.411021489511309,-0.0712835587361494,-0.513154867922629,-0.163311832730746,-0.194298875296578,-0.504506837600745,-0.48965871816731,-0.200361131334685,0.163929149364028,-0.195964784329886,-0.318800760062539,-0.427915504533338,0.150049188062074,-0.0563940007434003,-0.0225853764293956,-0.00482480585125694,0.081632366799961,-0.165062255806123,-0.190031126659714
0.162655570793963,-0.138256688816032,0.271161352002674,-0.590428237726267,-0.375999350615116,-0.0117860950980034,0.230192898172753,-0.040697721115504,-0.0859283729790385,0.0994059385583664,1,0.134781759740565,-0.183097654133575,0.0847913385056182,-0.178359833774006,0.0375921389368028,0.163544820447067,0.0105934979457971,-0.0313510519743684,0.501483422247953,0.0503859983509736,0.449298177217239,0.206775702101821,0.413621488346551,0.161577816474802,-0.231620425467625,0.183209982078089,0.0445801630417861,0.300328848430747,-0.281503188062109,-0.0046920035053582,0.233501220442469,0.582440208610757,0.294220929753486,0.306678255575029,-0.0513213464166482,0.540731847470014,0.491396644268461,0.430096575457256,0.409439702630496,0.304105436488306,0.604983006927321,0.46331032254626,0.308857246460628,0.47204034638848,0.337318042747423,0.216999964716601,-0.0186992808444863,-0.036522237020737,0.501962695531586,0.0870095107776012,-0.33160376394966,-0.0565101814355879,-0.438506462897739,-0.182987561760212,-0.148691984174893,-0.29682661342507,0.0653593385135259,-0.427572720876015,-0.472504021852196,-0.563643942124308,-0.518374163002861,-0.491647350465067,-0.211724312006294,-0.270450058148551,-0.323128410533457,0.419132447755822,-0.127312328067508,-0.267334567039537,-0.322921405560345,-0.32281606769854,-0.234031855858017,-0.342534752123122,0.377462820819486,0.0741709395526666,-0.225424334626364,-0.0397231715488344,-0.381895488336802,0.364068528668151,0.0162405072737259,0.211110119138084,0.0508052817518086,0.0954615339746102,0.0467675631338296,-0.0390097025954289,0.156244074236473,-0.189939414528628,-0.172301863243022,0.173500034015763,0.408843079655976,0.00808640299283039,-0.102521274865101,-0.228360006366869,0.0539307165527691,0.0193646576098001,0.002527058624937,0.180813277689635,0.352923474422403,0.066704365066772,0.0985491480331332
0.820239163191663,0.0794810293768588,0.395106094600781,-0.488387270970573,-0.541607282362454,0.248087014654718,0.985290429361207,0.123312291926183,0.176263868445819,0.217436292368833,0.134781759740565,1,-0.232041654186543,-0.199666108409539,-0.215088219419457,-0.0084189255989065,-0.0801437727643908,-0.280718536359439,-0.43732618686117,0.549532010565458,0.111466230693841,0.0187484335182891,0.307797748048519,0.481208135598378,0.0550569524170693,-0.440468110775015,0.556635090190777,0.0148680527656162,0.373085861723345,-0.342523360751689,-0.309915914307624,0.466358491093903,0.231246090174274,-0.387152703217839,-0.0212855328646497,0.3232254468188,0.0252874945770487,0.99451778984704,0.512091988666645,0.587714289599468,0.282137583575658,0.400810223553516,0.658469361468017,0.676167886559242,0.412423397862966,0.468460377189096,-0.0759835115319982,0.0735937715039832,0.195335495906531,0.721201394267555,0.348409932251862,-0.0613567897511211,0.143634124803887,-0.279228757062926,-0.314171416144741,0.139091136669393,-0.0599217553958098,0.410109798324536,-0.351400643063253,-0.121687285739667,-0.567360192403751,-0.259022146597193,-0.264348100983369,0.187545439860485,-0.134623659251719,-0.260099747558828,0.637256090401563,-0.107345207676502,-0.918446252134437,-0.821101618392746,0.0802025724809075,-0.340607354910893,-0.390867864603109,0.365332235990292,0.170171741271098,-0.286798356010081,0.0022470249321942,-0.775222186879945,0.475326472891692,-0.0118215944192061,-0.303622763696444,-0.622571737104423,-0.316536682017395,-0.610885522753098,-0.287857105339391,-0.193168191814047,-0.546757775824682,-0.540581721722313,-0.127861167809778,0.330067607991782,0.0679928482216305,0.105697299583603,-0.252983292363209,-0.00816119430103049,-0.100279213907221,0.358036557581955,0.0956755473096634,0.554752971999927,0.255489620439996,0.182888374390564
-0.771843710183023,-0.512950781930277,-0.179413948929043,-0.453072990618322,-0.736864580830495,-0.594287908571262,0.210694779001635,-0.167648560322462,-0.451405229231095,-0.561854115797513,-0.183097654133575,-0.232041654186543,1,-0.740363101184925,-0.202230590680169,-0.396033688673469,0.22482931887125,-0.34932842619144,-0.450656653164683,-0.327913821664443,-0.49023729024415,0.130660920427698,-0.382790112058198,0.220367458157394,-0.132399996001935,0.0627593571087504,0.491612251696703,0.0579738769952433,-0.232409350960614,0.451906101108931,-0.0877385592194382,-0.517757684381897,-0.0976586384013746,-0.0156057999374098,0.355407375769299,-0.362111999619931,-0.0972906525056755,-0.250876287148998,-0.0668387142127441,-0.284220394462653,-0.289537360786437,0.150524035148786,0.162105869004073,-0.061261066780957,-0.12849899856553,0.637383236809578,0.344111176739131,0.245488019694451,-0.101481789261579,-0.279075170086942,-0.726115789070537,-0.360072969084387,-0.528724061773924,-0.348450784574699,-0.287827706300644,-0.336727203655671,-0.28735221985408,-0.121955936039439,-0.283622100842911,0.204839226883747,0.149790660453618,0.0783339493578119,-0.189250927561057,-0.321803988195242,0.0157202042867101,0.099092344958236,0.18941718932579,-0.23262433104039,-0.101799260358765,-0.514940062634971,-0.0449721947999577,0.425530854194403,-0.522515978487784,0.0746126677179959,0.324281356446705,0.156571646683746,0.404359758222512,0.100277446590811,0.172443591145909,0.167380767496618,-0.0601841738126477,-0.0948251090603927,0.161263620580162,0.78010529752325,0.515397701444296,0.487280620076851,-0.152625800237869,0.295377248574464,-0.323441827281943,0.498802139511071,0.572721200455305,-0.0756290909478695,0.0667549660237137,0.323132944290493,0.619177171049475,-0.126050885306562,0.710642379214904,0.283095491789232,-0.085725798425892,-0.262110815959326
0.068893793336003,-0.176555819081327,0.117535287438182,-0.451622319590457,-0.351008128594068,-0.346632844966556,0.122841012645463,-0.0235122971419214,-0.213118824401893,-0.0803534024523425,0.0847913385056182,-0.199666108409539,-0.740363101184925,1,-0.28911669983247,0.431280059888777,-0.0484294861059528,0.495627471646836,0.138303800182236,0.816145399493339,0.34188386867149,0.449098032270267,0.359673066307496,0.609710477848679,0.362369150957624,-0.48774927702757,-0.15729245422026,-0.150458093718114,0.350293740988948,-0.267478914283555,-0.16618047152029,0.414849308593277,0.699655677291724,0.612768818055579,0.457658833624539,0.0234059889934611,0.303984500861493,0.401893729523959,0.647309241533233,0.298644121786643,0.238329588449308,0.259553693467995,0.778989630700058,-0.436401650594694,-0.160914415787844,-0.116979931159793,0.0590037719464958,-0.411105168115268,-0.370545724496745,-0.15686294603985,0.41323600956648,0.0824214261108381,-0.074327430769951,-0.269565953766146,-0.292910794965667,-0.2478439652953,0.0670865951155591,-0.130838609135293,-0.545543154738642,-0.51099234300188,-0.797978933987735,-0.624898550187529,-0.697833800798209,-0.301811476782635,0.121449841535106,-0.442247730950363,0.563587158747408,0.0105831636913897,0.0718545500884099,0.0330796913695642,0.0565672150861325,-0.290536750656531,-0.253256799440897,0.141602996417634,0.130339179533096,-0.171374787295739,-0.442327967172406,-0.493789816364027,-0.0609371513552504,0.0453346007504214,0.421214087027711,0.00893388310193892,-0.250756536914947,0.153436275289324,0.0182949069776732,0.169605592838427,-0.51045446041715,-0.426777748156358,0.480390683108466,0.227138628723474,0.222033696529248,-0.372779926723331,-0.257464088673867,0.0273207443953996,0.0215068044824896,-0.459203577674138,0.090727247707039,-0.0960522342310513,-0.315270756020324,-0.42854459479829
-0.535961474329099,-0.86046244278549,-0.768381463877745,-0.432204373214486,-0.967256202348613,-0.825343494501532,-0.039939497071113,-0.71450794332504,-0.645239127369266,-0.307959178661114,-0.178359833774006,-0.215088219419457,-0.202230590680169,-0.28911669983247,1,-0.117511045838828,0.195005537943763,0.08096522505908,-0.0898784814621991,-0.100422145838268,-0.0126076606599437,-0.0965470819068092,-0.281945863351123,0.109856697185837,0.00489529919272882,-0.426061361610651,0.147868776128458,-0.599679487464386,0.206318776290695,-0.0492254007006447,0.223638123951965,-0.280109596107254,-0.078041606334997,0.139925540241637,-0.0863589127280588,0.0391927099373674,0.436872758028507,-0.210555694265089,0.0877383781112201,-0.140550219567092,-0.145268780572704,-0.0396165894665589,-0.196196666119227,-0.0974851826672261,0.166782602516791,0.106971797340159,0.0532141128709655,0.390578922027224,0.28710515054728,0.329489079020301,-0.122376345767718,-0.593902969438636,-0.677207203281103,-0.875968093416576,-0.725098666373525,0.0345622718603717,-0.861121562770534,-0.723823964204897,0.184406377466673,0.00970535674619577,0.242633388264661,0.0507191576370299,0.0223155986342146,-0.0907186291951034,0.275729300651994,0.0143793264550465,0.387441819802269,-0.1916118336281,0.0407849536795329,-0.00298295571693899,0.44219431684731,0.0447801261406943,0.0276488419860949,0.198690478431591,0.329498281382095,0.255965838254287,0.495308507863754,-0.238013055367161,0.0744985144884004,0.564240271750504,0.176467720191336,0.224005533690335,0.585958720286881,0.518892373586222,0.596793055164217,0.188500434237227,0.459803147746418,0.295668454666763,0.409000174923215,0.471884900021408,1.06197882671055,0.472344093304422,0.261058776444041,-0.0241429140468161,0.56070530946809,0.205005827872218,0.202876862590114,0.286012489251806,0.392743700452295,0.654084039358486
0.189895858870152,0.296835722062466,0.0454927547781938,0.20035815810834,0.580678413534212,0.171343533457547,-0.685906663272833,0.0554588072316655,0.0283068319509216,0.0285528933464643,0.0375921389368028,-0.0084189255989065,-0.396033688673469,0.431280059888777,-0.117511045838828,1,-0.264323449188451,0.349243825443256,0.518148552238898,0.00964537709234486,0.124603425784222,-0.0212111681250631,-0.0337383596147574,-0.303090618776345,0.193439063981528,-0.294896871369149,-0.768987388809931,-0.190317552271897,0.0182223529695708,-0.385589999542817,0.0384858185621404,0.291392367262089,0.350291089694446,0.481729240835704,0.0550020130402269,-0.258703993981267,0.473523957915663,0.349898483235336,0.204291121728002,0.0509001301968366,0.309901134131978,0.0126766826422699,0.065022621770111,-0.508531694758806,-0.399424318216494,-0.437290768582144,0.0272971099165315,-0.463141191340978,-0.124046407597267,-0.202811076284598,0.638523092614141,0.607526337742368,0.308878487105271,0.416352182624375,0.469225967352349,0.16593029876051,0.26642222881632,-0.107383313344779,-0.200464729733453,-0.32059349881093,-0.0882752971149591,-0.302436896249733,-0.314188376795146,-0.249481242020766,-0.12684306331341,-0.160130742226167,-0.315060506783728,0.199083394654119,0.646543522097181,0.560135616875931,-0.145033812094114,-0.172353104117286,0.295905047828068,-0.129279810394303,-0.343373174020118,-0.133989372505956,-0.525429052192139,0.0870067237899197,-0.387796052032202,-0.302335621495998,0.451676711624843,0.667817789572774,0.027499660604739,0.225824518767973,-0.0485360288071481,0.104416272946075,0.257296588218799,0.141247377856729,0.190497411611036,-0.148650559960437,-0.202267185482917,-0.202875564353813,-0.130436861290296,-0.00324151570813166,-0.305882866168875,-0.322695739493518,-0.229881705240356,-0.673391394008525,-0.341165971578839,-0.274644453516784
0.5016918320836,0.390483154492306,0.336363984085544,0.484944194283018,0.216465565646764,0.213648664730195,0.774412071428489,0.570709095048318,0.304727879931748,0.0503677954293654,0.163544820447067,-0.0801437727643908,0.22482931887125,-0.0484294861059528,0.195005537943763,-0.264323449188451,1,-0.412033604415873,-0.344998680873302,-0.301104674444353,-0.441635355696346,-0.445642127964748,-0.198516413254345,0.27050414476496,-0.257980072358957,-0.129298603435012,0.000508836032714621,0.228986334560652,-0.240854492430124,0.079854828747147,0.0793872561023593,0.0587657718752538,0.104515675062339,-0.604754690516288,0.00354378445356104,0.309801065289869,-0.478798456313041,0.174961890978253,-0.258242136942302,0.123943450240485,0.0444447985936589,-0.200369827412391,-0.124698324088459,0.586143807879453,-0.14170800923017,0.12566709076328,0.0952971162559691,0.422759639797104,0.290916276702007,0.345157098701442,0.456767185232436,0.423180638712517,0.406664769157703,0.489798195650804,0.0988404735738667,0.595080458794205,0.560362540697742,0.533532121489254,0.170161244196186,0.332873628603694,0.115542195692273,0.232369548820194,0.138467203603881,0.0692104386383462,-0.253102087541557,0.504071745637266,0.361791674329602,-0.23956779332511,-0.6579501730338,-0.496385753493654,-0.373015709053856,-0.255533046273196,-0.281618490987152,0.344573327236478,-0.20627583515132,-0.14362915342768,0.31736022893055,-0.109653081851343,0.504290719643318,0.0213605959569145,-0.360226834603346,-0.381160475237204,-0.47136068963451,-0.289421983746075,-0.420132267349266,-0.175750919971745,-0.111945384760895,-0.0755343976773349,-0.196426160713596,0.172827401251066,-0.0755425205561265,0.412840536436339,0.227685931357035,0.0547750099522191,-0.11687015977717,0.549657723023788,-0.0108108183550749,0.331490413345293,0.416344976692748,0.250079780590214
0.150313893199096,0.640215817220092,0.178387305183689,0.666806109758862,0.775037614162722,0.230767052882666,-0.408019127411924,0.451520872007105,-0.0758425912682046,0.02022142940449,0.0105934979457971,-0.280718536359439,-0.34932842619144,0.495627471646836,0.08096522505908,0.349243825443256,-0.412033604415873,1,0.338154564756412,-0.0586994255408053,0.0138666959308845,-0.0793291560552883,-0.015951330216355,-0.341411786593685,-0.0935237559293917,-0.304720512457567,-0.297427778622476,0.191435495870017,-0.0946897171465014,0.0817897615756875,0.283480642440462,0.570598419580843,0.49999560866238,0.206425107470015,0.203342179149108,0.0730497736892787,0.0239890209849452,0.411611229745699,-0.00507250450160781,-0.356425813906341,0.299485435764051,-0.41381276774768,0.334885508259974,-0.186262562714203,-0.175522027687957,-0.468714770256589,0.16263296638499,-0.412677842515605,-0.297419650128393,-0.305878044056034,0.463919381392175,0.697878776996222,0.835764644601761,0.802569195694231,0.438835796361792,0.253987796115806,0.589972962526305,-0.0770912421188925,-0.359840507880948,-0.238673558908831,-0.238258666018886,-0.217231501756778,-0.134976162804425,0.0422872004181774,0.191948775025278,0.0962469436203,-0.47983540370165,0.153609179067874,0.290872792337355,0.300282772567165,-0.0637643033336646,-0.605605786876854,0.108178202230197,-0.626091087804152,-0.484374966643485,-0.3431128050911,-0.751851674019363,-0.171838823588525,-0.330422659718112,-0.393782951977034,0.128606424374903,0.238685562366543,-0.301122468936362,-0.238585233041866,-0.55834707987763,-0.367110596430284,-0.295292248832182,-0.30844920825095,-0.193909830968258,-0.522801006186222,-0.571771764782608,-0.25894097286767,-0.322596935785995,-0.14405743156648,-0.54739512580309,-0.174660862863306,-0.399733763222907,-0.773736105592504,-0.446715004606274,-0.555379273440285
0.107932057316615,0.402417642163972,0.388479030097214,0.235689951334398,0.17482741597768,-0.0867027762886336,0.191849611169558,0.649759698135495,0.0830936152984381,-0.0827468031211769,-0.0313510519743684,-0.43732618686117,-0.450656653164683,0.138303800182236,-0.0898784814621991,0.518148552238898,-0.344998680873302,0.338154564756412,1,0.483471198953909,-0.127147528270903,0.166154471479191,0.186689557494819,0.399184332524397,0.153654412482265,-0.630622416243363,-0.454739874506479,-0.0754577609484906,0.196552166984098,-0.120584473640216,0.192031439407747,0.631051093631755,0.715192641997206,0.422723378378477,0.498257322455773,-0.0384518441294574,0.0832890757278661,0.459623990986217,0.474356401750877,0.220872784157611,0.359967815426075,0.0680129266244237,0.765935404336368,-0.400971501525716,-0.498535696112562,-0.20199314149957,0.273643159794418,-0.285888859065213,-0.292815759332313,-0.142463706261493,0.786090596972717,0.729904180725525,0.513025666389015,0.46681400767316,-0.0390598554158031,0.185957507857932,0.765829329124371,0.298316955069212,-0.472484448492531,-0.526598247446439,-0.690961043539157,-0.396750716981909,-0.661236311013914,-0.520255619942241,-0.230535066030129,-0.162036766847931,0.125953418102447,-0.356476508659305,-0.0862407457038669,0.0117263109706427,-0.285323427685772,-0.639317002597475,-0.407082801404478,0.0994366290104262,-0.393693319584896,-0.321525801942845,-0.418200201302819,-0.398478734500637,-0.0501472492014492,-0.050467594833808,0.225055197313147,-0.0245941719100665,-0.477719783859316,-0.0286339638700917,-0.381795339432625,-0.0301614531963418,-0.529219315885455,-0.337535300531715,0.274402667338075,0.148389746920756,-0.101799291968654,-0.238182546528054,-0.257997640634627,0.0809746803565302,-0.0255324503449013,-0.293437437711807,0.0247987811186506,-0.373867947305273,-0.330512382800809,-0.474467617627619
0.279560479323369,0.567480769339644,0.520100472214127,0.143197952296735,0.710829056112073,0.201087537618794,-0.185652632130333,0.331320169918278,0.0824638400165096,0.719433466210776,0.501483422247953,0.549532010565458,-0.327913821664443,0.816145399493339,-0.100422145838268,0.00964537709234486,-0.301104674444353,-0.0586994255408053,0.483471198953909,1,0.303015601671131,0.363926010655771,0.088225837895378,-0.0377680421932789,0.631133368473261,-0.0633776661095629,-0.414154390777537,-0.0760438965874965,0.0718771683799575,-0.363045511184228,0.130585396249857,0.812502501890391,0.544061390215806,0.1962806853358,0.0391638743852372,0.0119379779430598,0.528056945221934,0.671280691184523,0.419504298260809,0.0945546209799183,-0.0179681760764729,0.05679718167609,0.744999838901275,-0.223223687172629,-0.0437902901767078,-0.519402808217647,-0.227274205036542,-1.0949358845479,-0.404150302003876,-0.196986821098104,0.374025312858029,0.504821193244703,0.759213520552711,0.530667876291834,0.522410929683251,-0.238140444457856,0.346093653179127,0.214849271627629,-0.20063739884564,-0.263245538609341,-0.170585112990352,-0.515034168846474,-0.153752731503344,0.222171196356079,0.38685387880608,-0.276831797051843,-0.258256372380735,0.503484913374982,0.319349908330884,0.145383230452393,-0.00536294953465677,-0.277458685647942,0.0747295044600749,-0.175209538255472,0.15676590177141,0.0994829398442471,-0.890893978862041,-0.299177473729189,-0.118735723795202,-0.451740626773064,0.53693444569964,0.115615920933637,-0.331758595341941,-0.224146550743986,-0.579328175178342,-0.23136386743057,-0.224713638024862,-0.571570772445744,0.0980202141639352,-0.382116045414251,-0.513700912871763,-0.394943202899751,-0.162014998668363,-0.0950033506397953,-0.433461151236664,-0.394993849474147,-0.437675071872841,-0.641839583509327,-0.562403899003289,-0.452056760311965
0.698234920324921,0.39587453534914,0.546047010134397,0.0424726412940655,0.233774206007754,0.13604838823083,0.514615539908443,0.442353310926579,0.248206603339841,0.465324637068522,0.0503859983509736,0.111466230693841,-0.49023729024415,0.34188386867149,-0.0126076606599437,0.124603425784222,-0.441635355696346,0.0138666959308845,-0.127147528270903,0.303015601671131,1,-0.119197415598654,0.0232164938122987,0.407457937483299,0.384739600276457,-0.276026918697748,-0.408043836454306,-0.0441355731558491,0.400316674341226,-0.68843181962131,0.127209144360162,0.651018617307473,0.578446067347728,0.0499639452731374,-0.00905872768628423,0.0731432022964626,0.260995880255485,0.812316585048683,0.592914211299246,0.549778655745574,0.240041522508594,0.229172698828223,0.820242721547448,0.0934464026927494,-0.16366325068533,-0.180717926627765,-0.196524963487889,-0.421889071338114,-0.215343447151611,0.211172730318526,0.719325681905452,0.498660282750293,0.470835529398838,0.274279277151172,-0.0120699555132404,-0.0741223181672855,0.555586166051381,0.43946991413582,-0.203091595940906,-0.371888256683248,-0.368433562138601,-0.414258485420781,-0.319988213669215,0.0634897288035661,-0.0486796279912598,-0.170341694663435,0.355052009455531,-0.114601211980193,-0.373021296763367,-0.337394210521319,-0.243154104145679,-0.557066662286197,-0.426934533337651,0.221125306026476,0.0321763097064775,-0.109215275630061,-0.430114966971356,-0.697956207210027,0.216659324564021,-0.145620141563202,0.210807873270466,-0.22424722306859,-0.546681950789146,-0.490764498595727,-0.80327255911893,-0.173322474650351,-0.423435410809088,-0.614225934347335,0.286045452954152,0.0797341447652517,-0.0255116405248481,-0.141370659994921,-0.125557922741081,-0.0411675027285039,-0.280747811439425,-0.00251787521302166,-0.238777009886627,-0.103050209696655,-0.234478083865243,-0.065577142602963
0.534286039425902,0.788581861210728,0.651453210979715,0.0714958394127813,0.445233441525204,0.397462160508228,0.238683912004748,0.86766408706063,0.314490430369002,0.315242494695122,0.449298177217239,0.0187484335182891,0.130660920427698,0.449098032270267,-0.0965470819068092,-0.0212111681250631,-0.445642127964748,-0.0793291560552883,0.166154471479191,0.363926010655771,-0.119197415598654,1,0.328707656255023,-0.168147102757246,0.11880949937704,-0.503006877866845,-0.275912992908371,-0.248679834320861,0.100859309514756,-0.241580364912023,-0.216140618890502,0.651130858241793,0.286838157113882,-0.158448145302399,0.069990331590002,0.226063365803981,0.0603517584548543,0.810368013224877,0.326070682731952,0.326010768747554,0.295372349119652,-0.0594531758321017,0.445474290730813,0.00676561914728185,-0.252530675800126,-0.200576876592497,0.0364440377448991,-0.432566766635895,0.02603837460718,0.289503134651739,0.76552260213651,0.750976193721425,0.703175019903793,0.569460287961046,0.322957830532529,0.271739533890598,0.720569809498854,0.510078446940049,-0.427168149038342,-0.11053749105101,-0.383538477790346,-0.0910143978544581,-0.304422855329963,-0.12409589999701,-0.0383637048232826,-0.0689467016519637,-0.0820474318686574,0.00370448985341842,-0.141005183260419,-0.1683172331633,-0.117252558547734,-0.594299677992059,-0.138353935401944,0.181018338181497,-0.432695805345146,-0.436724439266449,-0.361990374204156,-0.457329571162163,-0.0683139997474599,-0.43043670870152,-0.0645918108732266,-0.0143254357964096,-0.435159758389189,-0.273054346860854,-0.461864051487058,-0.171055571070488,-0.596835513510657,-0.339503268040694,0.02895310140993,0.0240011394621721,-0.501627536627043,-0.135718866147326,-0.180944124761351,-0.215524661693854,-0.399947907425231,-0.0938547024023801,-0.227855933127696,-0.109671887340455,0.0127066329520596,-0.220766236769642
0.296898218332433,0.664661411040997,0.603162516171121,0.0250823115390361,0.615640067587533,0.211797813826712,-0.0368358692123935,0.688949585197086,0.265185154721691,0.428779618171042,0.206775702101821,0.307797748048519,-0.382790112058198,0.359673066307496,-0.281945863351123,-0.0337383596147574,-0.198516413254345,-0.015951330216355,0.186689557494819,0.088225837895378,0.0232164938122987,0.328707656255023,1,0.0996869986195844,0.556324091279467,-0.255589481574201,-0.474901118335,-0.306582443341613,0.161066508577541,-0.351491108818784,-0.238592835942972,0.605090195908626,0.598763651350153,0.224563439612688,0.131985311101655,-0.304662774181688,0.220177766935177,0.618748137765313,0.411923184443368,0.130365302253354,-0.234044888438973,-0.085723687294369,0.757098006862248,-0.495598958424159,-0.397479752868448,-0.522541756084996,-0.176436691657732,-0.915530882464829,-0.482276168014301,-0.370368092658429,0.578826899089872,0.795212851951576,0.662297756050333,0.724349813743576,0.589076158385106,0.0495702908118418,0.679597314503185,0.505191003643822,-0.389524605140843,-0.226266499671115,-0.237807620307927,-0.448620620081402,-0.423549574737518,-0.29184111483999,0.112492559211625,-0.298133546045228,-0.251843750769264,0.128685806642816,0.283678283824897,0.0506436184638491,0.00900804159967589,-0.263864094089531,-0.243039441553839,0.00522204045186955,0.123646229023414,0.0779673153883879,-0.443349005582769,-0.381640598431025,-0.39620206872378,-0.364380730491479,0.528754616811415,0.0246720990363354,-0.399185135212359,0.0447625322068725,-0.222736732330406,-0.171836068587482,-0.530188581812253,-0.442059857432195,0.0627932637540026,-0.206295879845862,-0.2129053571985,-0.395012796741727,-0.307637987272136,-0.316510501107274,-0.291057567542865,-0.546730799176686,-0.290700877666014,-0.511469561936575,-0.526273360435886,-0.512486869418157
0.738540736100419,-0.0403936524146917,-0.0782339507392973,-0.115437249211863,0.132878312349203,0.246602681846309,0.509958825664325,-0.347024093934942,-0.13823165245764,0.600472050060152,0.413621488346551,0.481208135598378,0.220367458157394,0.609710477848679,0.109856697185837,-0.303090618776345,0.27050414476496,-0.341411786593685,0.399184332524397,-0.0377680421932789,0.407457937483299,-0.168147102757246,0.0996869986195844,1,0.040285947955554,-0.0774427102487748,0.0744695191853398,-0.00210586417779332,-0.0158940162201948,-0.49306428555154,-0.25454443386838,0.24944561027874,-0.22295461868869,-0.477934696558897,-0.407501276338215,0.535847185415842,0.179512059836537,0.350035943120345,-0.131099155485392,0.127024028554388,0.0654888926067575,-0.170156763116898,-0.147575870936863,0.683303597871673,0.162834042420238,-0.091292909459613,-0.338334537301643,0.221147768248166,0.630275816271188,0.798438676968661,0.361049631393128,-0.20889421330719,0.336905999314232,0.00725545396285598,-0.0311887969081394,0.177928816537654,-0.250120854868801,0.09145606592898,0.294669738595106,0.196024187152638,0.130177730702189,0.201552299297734,0.327065375756173,0.667127147394527,0.248666975478548,0.186596452772357,0.541998323469005,0.547812510102183,-0.210624381062914,-0.0739685623873226,0.23879543405316,-0.139767459955963,0.301077742803634,0.0318594718401646,0.170335048281666,0.0914070073170674,-0.0609790166119334,-0.123261380668893,0.102325920398297,-0.343922605950662,0.115933645842016,0.0540182423850262,-0.348282245494448,-0.425754908039046,-0.161724485504495,-0.207053692917214,0.0926996084475423,-0.129476250265385,0.24403531427485,0.0278821854341665,-0.0569511956878315,0.266888016079345,-0.0329284700973745,-0.349296325116286,-0.56989141329298,0.74954990510613,-0.340501800575536,0.777793682000186,0.694233693588023,0.657601287708897
0.789991751259219,0.234884507903317,0.433890673539722,-0.291360844145679,-0.363860191473056,0.427067804094055,0.363479019259032,0.0788778744748709,0.136470763149305,0.143024183592995,0.161577816474802,0.0550569524170693,-0.132399996001935,0.362369150957624,0.00489529919272882,0.193439063981528,-0.257980072358957,-0.0935237559293917,0.153654412482265,0.631133368473261,0.384739600276457,0.11880949937704,0.556324091279467,0.040285947955554,1,-0.55655299401591,0.330573916060284,-0.161442208362886,0.554209081634437,-0.552034483894634,-0.553003297492251,0.83003667279499,0.0587978805136277,-0.150257242491918,-0.0987981790802858,0.124597102979448,0.213577706327047,1.17469627150759,0.593481875793026,0.550731805616377,0.238175554878225,0.454302943069507,0.793274894118836,0.479921563520099,0.122463259808077,0.22259221488074,-0.326756859117778,-0.265929875911258,0.344155846900103,0.665425930062389,0.476087810970046,0.0980099713187091,0.137382778798069,-0.194533864409086,-0.164544815397122,0.0610192880287609,-0.0095275518239422,0.228675359689764,-0.595333633889131,-0.510286252112259,-0.662503198683859,-0.106991370268572,-0.181810522782072,0.405514816182972,-0.0415923678587803,-0.209531866060965,0.120334667904482,0.145689994083859,-0.678299515541805,-0.516983699926203,0.303593425639489,-0.612319390111477,-0.218377683199369,0.0521782684825756,-0.0779868337504472,-0.323452657089892,-0.568551265909474,-0.9031350562231,0.0158766934752206,-0.123239048142012,-0.272689078450948,-0.499833867501675,-0.484398544002241,-0.794715326731819,-0.405167982647491,-0.495375184476246,-0.854795053740726,-0.795539103864052,-0.163617605513735,-0.0351444786499535,-0.0540707728952331,-0.253386872422264,-0.657459346560823,-0.200871550035782,-0.200363506643403,0.256006548162633,-0.238242315352945,0.146194373974937,0.0237671059001913,0.0448216388082754
0.43584957967979,0.0970438462351412,-0.0609831160904319,-0.0085557699993421,-0.331620167004325,-0.0906942752266292,0.203008579891404,-0.0667749485457261,-0.112587346785083,-0.246320152268307,-0.231620425467625,-0.440468110775015,0.0627593571087504,-0.48774927702757,-0.426061361610651,-0.294896871369149,-0.129298603435012,-0.304720512457567,-0.630622416243363,-0.0633776661095629,-0.276026918697748,-0.503006877866845,-0.255589481574201,-0.0774427102487748,-0.55655299401591,1,0.31730937435255,0.33228406437721,-0.285608857066572,-0.381963002070218,0.0680641481235243,-0.199153070378827,0.169942327857267,-0.055192706990489,-0.0173348275447656,-0.0178027652752335,-0.46406379036954,0.701016809995551,0.443839702558154,0.182647012428948,0.399700608198259,0.278348911621614,0.305639712647017,0.601142218407124,0.0729282939919246,0.714106789161837,0.321575270567339,0.354694851010147,0.0269925681250326,0.234142195626777,-0.158561687480761,-0.255611502724242,-0.316297784465975,-0.151240782251432,-0.292477755898796,-0.153895306803715,0.0469460173712998,0.0933062856715215,-0.348179154896397,-0.0824444520751077,-0.364374013103392,0.0991656906680712,-0.193842089125003,0.215559863385344,-0.356063506851025,-0.427721204886452,0.342856776383994,-0.0672123013602327,-0.311325898500328,-0.589006359319084,-0.497949978549164,-0.209327238098225,-0.731587967745035,0.167159915408704,-0.309505786146297,-0.694988145876337,-0.0715453547266786,-0.46310053143194,0.864787830183312,0.170265065957756,-0.55112055553455,0.0330151941332631,0.160073434001474,-0.0791281361193799,-0.516901866000005,0.508402007609552,-0.317932505678061,-0.203026362386813,-0.26128282184333,0.442470379218747,0.384164420961775,0.355668382358202,-0.0287428169642365,0.489174217450693,-0.18981853444623,0.33204056563578,0.487256791479454,0.430571289435517,0.270835817778829,0.424684027436404
-0.0560722853793881,0.0427140884063991,0.259223783818304,0.0791495757414665,0.160853401929264,-0.114152135796399,0.319264054118393,0.29640262396385,0.225486212992573,0.611752120888332,0.183209982078089,0.556635090190777,0.491612251696703,-0.15729245422026,0.147868776128458,-0.768987388809931,0.000508836032714621,-0.297427778622476,-0.454739874506479,-0.414154390777537,-0.408043836454306,-0.275912992908371,-0.474901118335,0.0744695191853398,0.330573916060284,0.31730937435255,1,-0.506488065046239,-0.183801630159205,-0.0365035497977891,-0.00499663148401428,-0.369345679085544,-0.119601872042279,-0.468322875290472,-0.227128902597035,0.165048485899048,-0.224350673854656,-0.112094285349601,0.206782943867601,0.228061341990524,-0.726646919145626,-0.641104861989469,-0.28033964389565,0.0662692911929696,-0.509609743601308,-0.293060808533426,-0.360538900910468,-0.0902759143062936,-0.306054355246263,0.118101832326349,-0.0216284483361793,-0.060356574170024,-0.128053010649168,-0.0172910101969987,0.112534975794631,0.0187792794281254,0.169822445468938,0.266932659835898,0.624049525877267,0.77619002602965,0.748861141546755,0.359878797338361,0.522364234387602,0.346514312389505,0.465895026039789,0.0690309492621475,0.261414787280903,0.0383508971166726,-0.0239024381579476,-0.238181987015938,0.0607600959451047,0.410079949431499,-0.0602151519746157,0.515843404401743,0.607361954434394,0.439037662969055,0.717324182182722,0.189061773905634,0.461139576560426,0.254225360259264,-0.015648039797965,-0.254963679077842,-0.0213086895195705,0.219015126686727,-0.0341296417482326,0.30069128487296,0.0722012008765101,-0.0154389868817964,0.129462076980888,0.0256688954257767,0.399068238189073,0.577967910682191,0.503061504272834,-0.245148201319599,0.211941331350988,-0.129209248047876,-0.0510368867291353,0.168490509120708,0.289983298848308,0.746383101542251
0.196395680784313,0.41375825637048,0.013950398571484,0.232341435341444,0.442565183304133,0.00147151546762107,-0.119492189743209,0.152730176857408,-0.086854778642723,0.31419147564636,0.0445801630417861,0.0148680527656162,0.0579738769952433,-0.150458093718114,-0.599679487464386,-0.190317552271897,0.228986334560652,0.191435495870017,-0.0754577609484906,-0.0760438965874965,-0.0441355731558491,-0.248679834320861,-0.306582443341613,-0.00210586417779332,-0.161442208362886,0.33228406437721,-0.506488065046239,1,-0.496916399524735,-0.423452216095551,0.243334329537733,-0.229760721434302,0.337577676753839,0.150461586476601,-0.238523922604019,0.125473100848355,-0.601114310295623,-0.0627522527721522,0.237665707345111,0.0177363672814801,-0.0230751029838222,-0.396545155424324,-0.298524593760584,-0.29277480987503,-0.409357012115128,-0.254489271079448,0.0319796651349569,-0.227352699944084,-0.489444151068581,-0.372627681951978,-0.0627837891913585,0.0202348678975597,0.133828487401571,0.338963829178007,0.0831090087350362,-0.077669135437401,0.362897329978355,-0.076474941188521,0.227772965620982,0.315489007939895,-0.0383370031251824,-0.0970698314715886,-0.356341678950896,0.0508699069629015,0.0341098351539196,-0.647231473945046,0.420000781060808,0.392701086150513,0.562194649275145,0.392480167111904,-0.308547786680541,0.21769665338684,-0.343601360869995,0.446142132863784,0.0300550817137644,-0.256846865711123,0.134956642087867,0.0684810256213194,0.464311365204563,0.170829109923983,0.0141188168265989,0.485000228451837,0.361970185726434,0.235973839628458,-0.448242548808227,0.71242399389655,0.0148763757639602,0.14112445690193,0.27699192570109,0.304613648352617,0.21028108155495,0.485395499963111,0.387947505677341,0.450665487420892,-0.305747854028878,-0.188185199956487,0.230036152812323,-0.0466865813812242,0.12398580632655,0.340631592491897
0.459783380332791,0.260167283449351,0.412999034798591,0.0222348578982597,0.0701384526463343,0.0309575818531871,0.258496884011094,0.0993157222449193,0.0117945295459383,0.467437421361097,0.300328848430747,0.373085861723345,-0.232409350960614,0.350293740988948,0.206318776290695,0.0182223529695708,-0.240854492430124,-0.0946897171465014,0.196552166984098,0.0718771683799575,0.400316674341226,0.100859309514756,0.161066508577541,-0.0158940162201948,0.554209081634437,-0.285608857066572,-0.183801630159205,-0.496916399524735,1,-0.593465949535957,-0.458645236757931,0.844356766897797,0.0461078778640082,-0.0763541429220272,-0.327810299396987,-0.28459213499458,0.0808932652312121,0.92058742838422,0.508991928906591,0.360895498968514,-0.189132251300424,0.105136039249802,0.747838522691849,-0.106847856733432,-0.297637241768766,-0.256988410487686,-0.469346328775669,-0.8601842988446,-0.0892787917925335,0.0176473396320445,0.504026403942866,0.250392281146838,0.247451598480585,0.0628103260332536,-0.0203312141344301,-0.146653977979626,0.134431841953074,0.247286654680024,-0.0463950079695708,-0.117796112764855,-0.126763733285137,-0.178420463865209,0.0505466636411868,0.413990480691854,0.535168682715902,-0.128136115067477,0.118213505742199,0.518673118113548,-0.26675371184687,-0.294449795089947,0.427285270487145,-0.0288905111828473,-0.203094020600959,0.103976515349996,0.465120889428134,0.174060835206241,-0.804636783303261,-0.749839955548684,-0.0648765160302369,-0.0386198809228386,0.0198101937334292,-0.464714517315304,-0.60158103088774,-0.469115947518623,-0.578984520953414,-0.431029699869123,-0.726664503764291,-0.975747527285607,-0.0720164843102313,-0.145603905910154,0.110616026077283,-0.149162956119072,-0.189601479618423,-0.239667441035542,-0.0415256120915409,-0.14342530410412,-0.343581435468545,-0.351302706899704,-0.391805892965764,-0.27661752492825
-0.378207637668739,-0.0621692907637267,-0.202688787367969,-0.0430956490635038,0.0548562039843725,-0.412067863572792,-0.30984326242009,0.161005926783511,-0.377571615532416,-0.339252963455513,-0.281503188062109,-0.342523360751689,0.451906101108931,-0.267478914283555,-0.0492254007006447,-0.385589999542817,0.079854828747147,0.0817897615756875,-0.120584473640216,-0.363045511184228,-0.68843181962131,-0.241580364912023,-0.351491108818784,-0.49306428555154,-0.552034483894634,-0.381963002070218,-0.0365035497977891,-0.423452216095551,-0.593465949535957,1,0.401346724248514,-0.467041918414922,0.0854345919413055,0.0848351482157142,0.205108605569579,0.0832706042864952,-0.417685275546632,-0.502017396650293,-0.215950590373092,-0.535266433859813,-0.156658621193253,-0.550501071459503,-0.565977802768336,-0.0399240317353742,-0.370341006942024,0.0366035120429105,0.414506089638967,0.660709553141499,0.0358881431776323,0.0509410209186854,-0.197648283215705,-0.0769903885398389,-0.452954220798125,0.0300973915834143,-0.0873677039133926,-0.0114081454978762,0.201091311604046,-0.231241977452204,0.0281036081592558,0.112293017796422,0.148147569272879,0.472129703631869,-0.0707983897882786,-0.155261553506217,-0.0996840230003283,0.000858362569995552,0.0514329219221345,-0.200072641937693,0.379260416017468,0.132188013957193,-0.131611823374239,-0.0287465324745307,0.0179402245847056,0.0773421657132378,-0.329952272145142,-0.333471898386156,0.297139351647154,0.0251925958881255,0.28784138420532,0.236377683730669,-0.170694774352312,0.590009529027446,0.496920009696436,0.708625924045905,0.112799583591945,0.652049472173163,0.0493661031573862,0.603456641140824,0.0546818399833315,0.310860291500148,0.421729884901731,0.469246422412047,0.0826182365174273,-0.0822257364722296,-0.139057188716956,0.227704985493105,0.371673714907754,0.588767246905121,0.584968203240057,0.596989650251892
-0.148775743291126,-0.447490837739079,-0.650134568935373,-0.141275642629436,-0.059046206193286,-0.324611982838187,-0.398879867415097,-0.606658110715623,-0.58982354639855,-0.175597070583728,-0.0046920035053582,-0.309915914307624,-0.0877385592194382,-0.16618047152029,0.223638123951965,0.0384858185621404,0.0793872561023593,0.283480642440462,0.192031439407747,0.130585396249857,0.127209144360162,-0.216140618890502,-0.238592835942972,-0.25454443386838,-0.553003297492251,0.0680641481235243,-0.00499663148401428,0.243334329537733,-0.458645236757931,0.401346724248514,1,-0.638713077220244,0.020944618042936,0.171447350912773,-0.0121118886451238,0.606154695418966,-0.217827095624422,-0.685318173857534,-0.391616817078462,-0.417857674140921,0.319081700613784,-0.543833131693379,-0.789668521278053,-0.0407848372267228,-0.0212901469050452,-0.148563703739578,0.080060270087053,0.48543556774428,-0.186945683409223,-0.135165933010854,-0.355598242795438,-0.5723429480566,0.0371400454980179,-0.282985850733612,-0.372239622801103,-0.203566863079081,-0.374442773992591,-0.818429788572728,0.26273436964027,0.193204517393259,0.173900644835529,-0.00725883901434282,0.246167941135109,0.396926264428409,0.598696294390059,0.223808150807815,0.405466784232209,0.388235525479595,0.617169188466705,0.602393111233785,0.140143184698806,0.409096322378368,0.462947946862148,-0.149975911687912,-0.073003106011072,-0.0923461985196736,-0.101414447390048,0.401300641090154,-0.107007276433288,-0.0817000101253721,0.0862409319581563,0.491577585070559,0.317110340346572,0.320157332292262,0.128339984015874,0.325222818842522,0.147266205279105,0.45043354842485,0.25284306900213,-0.0694574038804187,-0.209904671990365,0.0194419813643026,0.53431389239239,0.00725191760561567,-0.317245916556413,0.0224623475451315,-0.0242937310681163,0.0784292605342239,0.175245876629572,0.153822711220183
0.136017456577955,0.038292775231074,0.417382744379036,-0.516836754000802,0.0283528144775844,0.224296506022892,-0.0793468917282124,0.0726129877254393,0.27690778973044,0.369009708606275,0.233501220442469,0.466358491093903,-0.517757684381897,0.414849308593277,-0.280109596107254,0.291392367262089,0.0587657718752538,0.570598419580843,0.631051093631755,0.812502501890391,0.651018617307473,0.651130858241793,0.605090195908626,0.24944561027874,0.83003667279499,-0.199153070378827,-0.369345679085544,-0.229760721434302,0.844356766897797,-0.467041918414922,-0.638713077220244,1,0.143967800720802,0.510500569832769,0.069379526236817,-0.00728918023871442,0.769966178182433,0.213681582808154,0.346221808754923,0.593306763159611,-0.124384052825288,0.26440488111867,0.608952900490841,-0.63895592034732,-0.120954114287341,-0.571518876755221,-0.500779380741992,-0.789073268051046,-0.297258198246854,0.0159269450990446,0.528223813590652,0.311981120286557,0.073068448653869,-0.132772071609729,0.253895179106462,-0.322837330364983,0.0352587199417638,0.147446308699,-0.365545560398932,-0.47787742536482,-0.350165662332769,-0.665397682269674,-0.439315209402668,-0.137472327022702,0.255073878011747,-0.550938724013659,0.0479880134182288,0.276513129639082,0.326530339402106,0.380202659130189,0.474398780958038,-0.074828537237643,0.156868198563794,0.081009315764448,0.420718890872394,0.29953200614782,-0.268070711434825,-0.336465729741105,-0.770083795254756,-0.685359890461716,0.619307820794706,0.0296581902576048,-0.292712449760905,0.0122683910109261,0.152968379750949,-0.317709397766101,-0.184133185743185,-0.250798349882905,0.545486367406748,-0.246442736542402,-0.306131161706769,-0.939987423486355,-0.248312533239552,-0.461040686883527,-0.19511596544732,-0.673225341338964,-0.567756137016088,-0.317483134806693,-0.42359297824014,-0.393127475824361
0.464949993077968,0.46542430049049,0.22651274349767,0.0433985657770597,0.70245690621839,0.557367400514029,-0.254913049735878,0.185197303610061,0.289930249543219,0.384831215005927,0.582440208610757,0.231246090174274,-0.0976586384013746,0.699655677291724,-0.078041606334997,0.350291089694446,0.104515675062339,0.49999560866238,0.715192641997206,0.544061390215806,0.578446067347728,0.286838157113882,0.598763651350153,-0.22295461868869,0.0587978805136277,0.169942327857267,-0.119601872042279,0.337577676753839,0.0461078778640082,0.0854345919413055,0.020944618042936,0.143967800720802,1,0.196735656695256,-0.0651120360420697,0.656789511773027,0.230834096632952,-0.144962369992332,-0.312458239059371,0.00571408782417476,0.199127167005162,-0.211820198457158,-0.407533601943807,-0.192844097380013,0.294116453595791,-0.700289032182389,-0.197837230055832,-0.275930291144827,-0.0230063690292218,0.0109575078237362,0.382388892736531,0.446419647011974,0.784643086780115,0.429994395682403,0.492342834749557,0.365848357980996,0.234433138122177,-0.0145994878182143,-0.108113948060911,-0.0342626611423807,-0.243507374879303,-0.325590008595829,-0.15798821781607,0.153117408305913,0.177198639715799,-0.172854824885313,-0.104698215557406,0.527320870567176,0.483261585049949,0.76341046855936,0.294967193606578,-0.215914019092991,0.84069466357924,-0.243370401185473,-0.312226195326523,-0.175967759578351,-0.287911650575813,0.400133399016136,-0.422374894280699,-0.729564025722437,0.166861614178814,0.343822955533702,-0.0450702066814376,-0.267818236737642,0.0300777342210663,-0.179243718197196,0.305008645004735,0.157445914675832,0.398035420897877,-0.550790886749296,-1.09450543435113,-0.374569246350822,-0.136646177445323,-0.311163452396431,-0.794598125863047,-0.211740000620524,-0.649582894816929,-0.115694040694832,0.0947285031477254,-0.0888977584661821
0.127226999155431,0.802333381234888,0.202984961273009,0.652473336601548,0.887049462605499,0.406192332333066,-0.31764705076686,0.64813092048121,-0.0126055270774789,0.0788420144540649,0.294220929753486,-0.387152703217839,-0.0156057999374098,0.612768818055579,0.139925540241637,0.481729240835704,-0.604754690516288,0.206425107470015,0.422723378378477,0.1962806853358,0.0499639452731374,-0.158448145302399,0.224563439612688,-0.477934696558897,-0.150257242491918,-0.055192706990489,-0.468322875290472,0.150461586476601,-0.0763541429220272,0.0848351482157142,0.171447350912773,0.510500569832769,0.196735656695256,1,-0.00708211993270391,0.309892846207701,-0.298985309616246,0.274744233403894,-0.0303536841743313,-0.120251939075687,0.401983543031679,-0.528580484786129,-0.0253058388328649,-0.31984864107317,-0.433259373685636,-0.536360326151581,0.0399976697344464,-0.362649467758641,-0.403068790403741,-0.401435616694102,0.561297039456997,0.765030528362871,0.894564922333626,0.847532202410933,0.399990435516053,0.362601160722012,0.889739112904123,-0.0959839597923757,-0.265250095690262,-0.0199488518745847,-0.286477718422475,-0.0170348715239105,-0.161351316900644,0.0361190041608427,0.194737526563997,0.121988380639354,-0.284433907531189,0.0554461870764934,0.317385801845036,0.523954055121085,-0.11315747767176,-0.632225015157846,0.17014870978104,-0.432392050905152,-0.665805648273672,-0.517377626221619,-0.57708290124406,0.0722138609251154,-0.405071834860435,-0.547555827283139,-0.191835052075589,0.229364012076172,-0.380320165735009,-0.32965250236691,-0.539599870704461,-0.213025238959014,-0.348752858505443,-0.2601030540448,0.0162363388961932,-0.454097551160552,-0.750351020656218,-0.270472373044224,-0.15335083347935,-0.0390519848478686,-0.630238880063792,-0.260488591857086,-0.340902116512103,-0.728869079843341,-0.378521683727315,-0.515302119842965
-0.20095758700216,0.537366615384188,-0.0318623753086162,0.314390397122289,0.693322469218213,0.161262926581528,-0.21694183393423,0.434773712457046,-0.138006818621659,0.1974824967932,0.306678255575029,-0.0212855328646497,0.355407375769299,0.457658833624539,-0.0863589127280588,0.0550020130402269,0.00354378445356104,0.203342179149108,0.498257322455773,0.0391638743852372,-0.00905872768628423,0.069990331590002,0.131985311101655,-0.407501276338215,-0.0987981790802858,-0.0173348275447656,-0.227128902597035,-0.238523922604019,-0.327810299396987,0.205108605569579,-0.0121118886451238,0.069379526236817,-0.0651120360420697,-0.00708211993270391,1,0.395189108729724,-0.185159865392967,-0.294389657511412,-0.36118662231509,-0.412865326476189,-0.023267037326034,-0.91437367533905,-0.489205843290948,-0.431215238327087,-0.544321755435021,-0.627688334151722,0.0540902920424791,-0.10872246687496,-0.282551158938885,-0.274938853377263,0.16806526357504,0.407424660430044,0.692488607627333,0.712498266358023,0.408254709185334,0.347963444228684,0.522439806122878,-0.0454734208873412,0.124746558912991,0.515866534023949,0.133882826579984,0.191965340081217,-0.0767960614867699,0.0442980034443086,0.285062821973779,0.0397737278372583,-0.100704244906263,0.335096992591132,0.664315096615388,0.703152553366237,0.204241042766042,-0.126169851823433,0.468683755817628,-0.257270807828076,-0.222774394138734,-0.126777187693886,0.0685814255605705,0.517228838286391,-0.424691507378519,-0.545452104843287,0.116901137551149,0.429184869619261,-0.0619625716309305,0.272247641314817,0.132689040081516,0.167583926620592,-0.0920512507603551,0.161506046888485,0.326815158066524,-0.288242385986582,-0.40178594698252,-0.0316617908393378,-0.0566499771302181,-0.343132274201657,-0.478457636523843,-0.298131793421601,-0.26227877779527,-0.146246456482665,-0.0565212607114464,-0.0726094994198382
-0.132439643349077,-0.322882965014397,-0.0504338946632545,0.076442853141979,0.0132475899234966,-0.685295372167914,-0.16623023337606,-0.11547459302999,-0.325703074585003,0.069491806027461,-0.0513213464166482,0.3232254468188,-0.362111999619931,0.0234059889934611,0.0391927099373674,-0.258703993981267,0.309801065289869,0.0730497736892787,-0.0384518441294574,0.0119379779430598,0.0731432022964626,0.226063365803981,-0.304662774181688,0.535847185415842,0.124597102979448,-0.0178027652752335,0.165048485899048,0.125473100848355,-0.28459213499458,0.0832706042864952,0.606154695418966,-0.00728918023871442,0.656789511773027,0.309892846207701,0.395189108729724,1,0.0159546956644735,-0.0640514095385915,0.120099981967166,-0.0607645809970165,-0.00361496173577033,0.0705693521900008,0.258609372117607,-0.0152133910253426,0.701720473082161,-0.0141987195922322,0.165155417445626,-0.18653067858281,-0.492944408878962,-0.0706579966620495,-0.402225836908654,-0.346800163240534,0.0983775455175476,-0.200869803781921,-0.284153639819276,-0.648438970543866,-0.276117457079848,-0.0689010373689197,0.0308023473970828,-0.208868185954583,-0.0563375506137933,-0.41408614567038,-0.158845366019939,-0.027382843046533,0.0303305623514875,-0.0489131209376046,0.0411678934458503,0.165226850526958,0.220634471766278,-0.0633488243048178,-0.214420827413384,0.164357800427239,0.0152343623138196,0.257885639244529,0.362966747477381,0.0364292566364899,-0.225147944149866,0.0881470247120682,0.565760396410462,0.27768123956676,0.640453640192482,0.140250240538296,0.379924704357441,0.231034204726595,0.00288103094318083,0.250198704857756,0.249939386865025,0.0481145847019093,0.158316562533941,0.263623976305832,0.00643235338311249,0.138193547372743,0.207682779206904,0.107794644093219,0.155068350879051,-0.206785567978849,0.175470849371104,0.0326095102935497,-0.277526644507932,-0.142035463919883
0.197285542868462,-0.0809947261865983,-0.0242639189300904,-0.35193923644529,-0.568401691881477,-0.0332601450435984,0.365974706900561,-0.0369165441754898,-0.138772614031403,0.370183303442796,0.540731847470014,0.0252874945770487,-0.0972906525056755,0.303984500861493,0.436872758028507,0.473523957915663,-0.478798456313041,0.0239890209849452,0.0832890757278661,0.528056945221934,0.260995880255485,0.0603517584548543,0.220177766935177,0.179512059836537,0.213577706327047,-0.46406379036954,-0.224350673854656,-0.601114310295623,0.0808932652312121,-0.417685275546632,-0.217827095624422,0.769966178182433,0.230834096632952,-0.298985309616246,-0.185159865392967,0.0159546956644735,1,0.631453234607915,0.732258242327721,0.698761173552192,0.349623825980443,0.317524005130294,0.204656362644247,0.157630412244601,0.0726104929256827,0.179528831570996,-0.202670585532643,-0.286070195205511,-0.0484341394945406,0.279158028743925,0.406762054572125,-0.250476362935302,0.117751126399307,-0.504590470083669,-0.512489437390322,-0.063725480185279,-0.0986850990251567,-0.0672854207733603,0.220510035032418,-0.22896165125123,-0.474982292354323,-0.208984536157066,-0.0275824268763853,0.142756088556622,0.0261904820376018,-0.0106926653527898,0.133117275078993,-0.216565253688988,-0.460478392067562,-0.312391740871367,-0.103952481486368,-0.158835652158483,-0.187019507113716,0.575319312116859,0.0455697007923205,-0.123446054948251,-0.36015618582862,-0.544783920129802,0.148543409033119,0.384614377410838,-0.113700596436864,-0.409625084336448,0.00622836445842875,-0.559309110678949,-0.159638570878237,-0.0860318941102479,-0.47646821819766,-0.363582093621704,-0.0168305103796833,0.285884485185924,0.0048769727985864,0.201096954923193,0.194314227350759,0.136533206109335,0.27578987372912,0.0882626376892439,0.25176419099389,-0.237884190551121,-0.200777160435626,0.0161636594032454
0.281162593838882,0.0217598182331361,0.563734180143572,-0.407532196926574,0.0760615453134557,0.493195211892132,0.27791203322182,-0.0659967371268925,0.32571978586211,1.05682238356677,0.491396644268461,0.99451778984704,-0.250876287148998,0.401893729523959,-0.210555694265089,0.349898483235336,0.174961890978253,0.411611229745699,0.459623990986217,0.671280691184523,0.812316585048683,0.810368013224877,0.618748137765313,0.350035943120345,1.17469627150759,0.701016809995551,-0.112094285349601,-0.0627522527721522,0.92058742838422,-0.502017396650293,-0.685318173857534,0.213681582808154,-0.144962369992332,0.274744233403894,-0.294389657511412,-0.0640514095385915,0.631453234607915,1,0.223976928958782,0.67298992120093,-0.735417720809986,0.039127969049393,0.280249992762186,-0.579835916639824,0.0347473459898646,-0.869186258980992,-1.05258681954898,-1.12913975998785,-0.602547485554333,-0.272574256810467,0.108269760898026,0.00243919258840422,0.274978084519042,-0.0353734390552512,0.409598479830996,-0.198110380242793,-0.156232224639777,0.115004069846207,0.150661085539595,-0.0926488452091308,-0.0709486396037915,-0.559422602714495,-0.187254477306738,0.145081953823087,0.567700889284539,-0.585868788445731,0.247867287478608,0.554891669245357,0.272318738426016,0.373191642808261,0.541714859364191,0.435733999789235,0.238654679001007,0.268458952812757,0.901463341858591,0.580544549829093,-0.0738557592379834,0.0124485913728162,-0.595138355207507,-0.578868093572513,0.517077941882417,-0.331730832537907,-0.358356449582173,-0.220874280235495,0.129532657912262,-0.221274090678218,-0.0597956618027517,-0.474806839214578,0.460447623925777,-0.606082850938825,-0.558494969348531,-0.914273396943134,-0.181946007928954,-0.554434810009601,-0.249923209952577,-0.881182560642848,-0.822116475911948,-0.281884221468083,-0.632323851691269,-0.227307785324815
0.295180129950217,0.140342977608218,0.233192065017028,-0.117811760568844,0.273306548500859,0.62732983499931,0.0359292719651068,-0.227528095877499,0.199662972617858,0.745064206746512,0.430096575457256,0.512091988666645,-0.0668387142127441,0.647309241533233,0.0877383781112201,0.204291121728002,-0.258242136942302,-0.00507250450160781,0.474356401750877,0.419504298260809,0.592914211299246,0.326070682731952,0.411923184443368,-0.131099155485392,0.593481875793026,0.443839702558154,0.206782943867601,0.237665707345111,0.508991928906591,-0.215950590373092,-0.391616817078462,0.346221808754923,-0.312458239059371,-0.0303536841743313,-0.36118662231509,0.120099981967166,0.732258242327721,0.223976928958782,1,0.25531656125993,-0.237124457735706,-0.0924296103987608,-0.00463277736399992,0.00500341335549696,0.372373600525737,-0.429371341727812,-0.771111652652022,-0.657702620970433,0.0033149953492588,0.148365799975609,-0.0301235560861665,0.0269392348662554,0.476019861191065,0.120992053460687,0.543799710983168,-0.109945869081112,-0.279337313018336,0.0786524013192283,0.100615373526197,-0.20830303774783,-0.159751115937907,-0.428793484664563,0.0806517451156828,0.486133015943429,0.462464925571323,-0.195202434074165,-0.131160097840961,0.45494607749652,0.150533827333505,0.335674918012443,0.375063249256174,-0.111596014327263,0.413891012318103,-0.248403757029414,0.291024332540642,0.247535593947972,-0.355975113722126,0.171167670961633,-0.526019125754054,-0.66317078719972,0.233957602908848,0.00948773385312309,-0.277322239089724,-0.552554397888425,0.143570742478213,-0.243426796925568,0.149038532107254,-0.263915530023572,0.223979905095326,-0.648601805138632,-0.838054130094316,-0.691131749888876,-0.389417754632563,-0.61359242446196,-0.666523785005654,-0.21999571515729,-0.639467187602054,-0.0675334702841837,-0.210334091550658,0.00573909604035597
0.657964550574172,-0.219378054967872,-0.11750178954429,-0.362385323659001,-0.15577468828967,0.32454999224428,0.220626750176544,-0.641051117053084,-0.0882405217457041,0.721383730492218,0.409439702630496,0.587714289599468,-0.284220394462653,0.298644121786643,-0.140550219567092,0.0509001301968366,0.123943450240485,-0.356425813906341,0.220872784157611,0.0945546209799183,0.549778655745574,0.326010768747554,0.130365302253354,0.127024028554388,0.550731805616377,0.182647012428948,0.228061341990524,0.0177363672814801,0.360895498968514,-0.535266433859813,-0.417857674140921,0.593306763159611,0.00571408782417476,-0.120251939075687,-0.412865326476189,-0.0607645809970165,0.698761173552192,0.67298992120093,0.25531656125993,1,-0.0857396799428363,0.456299988440261,0.309087971521738,0.472055916364415,0.555713550688584,0.105995194871642,-0.503815446098259,-0.529600280931201,0.266428777557795,0.345744921480442,-0.113434277194399,-0.46985260674456,0.152944076767582,-0.294839481202438,0.171723015008037,-0.100940932525191,-0.68153254446226,-0.020073690028099,0.11438572863079,-0.175765058171753,-0.121631606494144,-0.434089603762473,0.0856232423947759,0.428733168705351,0.346731339156785,-0.248427229620091,0.113985561691826,0.498020148152165,-0.100394953294594,-0.116079079814265,0.289493236262899,0.0276035704938955,0.0684078124991225,-0.162165297233898,0.512293834243317,0.143967655207645,-0.33895823226878,-0.412147249051876,-0.0679007735293091,-0.185334765293402,0.207449321913901,-0.176896498962464,-0.195903738340561,-0.458041612256117,-0.156941912561305,-0.25905748947964,0.0589099402834938,-0.468014528416717,-0.133148961766516,-0.205821038814433,-0.162773646244698,-0.25911413155375,-0.268634765820573,-0.221275686325412,-0.368157605972632,0.180572606835471,-0.337722185826055,0.0723339953246354,-0.067104118004134,0.0950836508562555
-0.275663911603095,-0.00681612624243734,-0.104037553909989,0.0132766339462369,0.422591229497017,-0.0620311488829587,-0.489198098734687,-0.169924103184854,-0.0700776910767905,0.388387190375425,0.304105436488306,0.282137583575658,-0.289537360786437,0.238329588449308,-0.145268780572704,0.309901134131978,0.0444447985936589,0.299485435764051,0.359967815426075,-0.0179681760764729,0.240041522508594,0.295372349119652,-0.234044888438973,0.0654888926067575,0.238175554878225,0.399700608198259,-0.726646919145626,-0.0230751029838222,-0.189132251300424,-0.156658621193253,0.319081700613784,-0.124384052825288,0.199127167005162,0.401983543031679,-0.023267037326034,-0.00361496173577033,0.349623825980443,-0.735417720809986,-0.237124457735706,-0.0857396799428363,1,0.0906287374128414,-0.312112422106763,-0.668622454028497,0.179057110737113,-0.540832825545014,-0.14090241401611,-0.698903659169352,-0.551287096555409,-0.585115649118346,-0.211520842799045,-0.0214075796116927,0.356425031770071,0.245552707701341,0.36641361004834,-0.345446004996499,-0.0558210772985765,-0.185270318227636,0.350061402859675,0.0173137285495586,0.0510843287221604,-0.483818477775577,-0.180207171803815,-0.305402410836187,0.114169070605958,-0.279067488367089,-0.14646691021657,0.239802043465019,1.01466451105736,0.842664726772611,-0.240875021580093,0.416308911499569,0.338212026322605,0.091173196857759,0.148051883902903,0.221839074668055,-0.194936697305588,0.522657304481804,-0.293171434158575,-0.229981283028166,0.805919876036249,0.669911233097028,0.535907920295048,0.552997154092339,0.278002014935471,0.532611833221882,0.612744635338372,0.491989735943607,0.467213601385055,-0.100571302755421,-0.447343479531032,-0.34006768243288,0.481876023682615,0.269953958854023,-0.0531475408209649,-0.573529966482441,-0.0434711745413663,-0.510719566366681,-0.470416528492237,-0.362810277449332
0.245145278600044,0.244900226249339,0.192770400586385,-0.251103837147515,0.254357031420579,0.458449570814596,0.44640547705183,0.0113938147013572,0.249507903980783,0.722652232162857,0.604983006927321,0.400810223553516,0.150524035148786,0.259553693467995,-0.0396165894665589,0.0126766826422699,-0.200369827412391,-0.41381276774768,0.0680129266244237,0.05679718167609,0.229172698828223,-0.0594531758321017,-0.085723687294369,-0.170156763116898,0.454302943069507,0.278348911621614,-0.641104861989469,-0.396545155424324,0.105136039249802,-0.550501071459503,-0.543833131693379,0.26440488111867,-0.211820198457158,-0.528580484786129,-0.91437367533905,0.0705693521900008,0.317524005130294,0.039127969049393,-0.0924296103987608,0.456299988440261,0.0906287374128414,1,-0.420112464379098,0.332739984182416,0.234661429835814,-0.0163960343935985,-0.478906926243385,-0.406547582535557,0.28188733389905,0.453501533758775,-0.0860403884614796,-0.13614642808337,0.100068853823378,0.108275194639923,0.256301104045298,-0.164566122162534,-0.245880885691119,0.306409726783207,0.521706538089888,0.0664466284520556,0.201602524934665,-0.132583966618491,0.243208717205525,0.00904887259713044,0.272763443783342,-0.120998891717885,0.319906906459628,-0.00285783287996794,-0.135784862239782,-0.0376691439845432,-0.0482534803997243,0.104817255028706,-0.131358867559296,0.307277202736495,0.273002431430129,0.128099548391482,-0.0479500072504653,-0.384052583865656,-0.25749001459842,-0.147522496423783,0.0753106491402765,0.101025632285123,-0.150627929502169,-0.39944271738255,-0.215076486945037,-0.113715884226579,0.24329924027829,-0.236158655044577,-0.00373136344738398,0.277490552159538,-0.198378125609291,-0.0924559491407763,0.503219309768302,-0.206041213037565,-0.325900466388646,0.311322990617364,-0.0587323914982085,0.285720633265728,0.337388171040423,0.159144634902323
0.721893230204032,0.46404357003107,0.431527025266273,-0.327582494867214,0.645435231520684,0.694389252262412,0.109282108273669,0.20959907283398,0.194393440849536,0.862822638201077,0.46331032254626,0.658469361468017,0.162105869004073,0.778989630700058,-0.196196666119227,0.065022621770111,-0.124698324088459,0.334885508259974,0.765935404336368,0.744999838901275,0.820242721547448,0.445474290730813,0.757098006862248,-0.147575870936863,0.793274894118836,0.305639712647017,-0.28033964389565,-0.298524593760584,0.747838522691849,-0.565977802768336,-0.789668521278053,0.608952900490841,-0.407533601943807,-0.0253058388328649,-0.489205843290948,0.258609372117607,0.204656362644247,0.280249992762186,-0.00463277736399992,0.309087971521738,-0.312112422106763,-0.420112464379098,1,-0.562176977778148,-0.410389828998856,-1.02188211578167,-0.910134427895514,-0.822227419058627,-0.189265128378875,-0.059915356332599,0.441429044756023,0.328946010352918,0.503008935877236,0.282277436166496,0.410276851636038,0.0572976012927729,0.226775698370021,0.166344532380303,-0.0295611884364935,0.219609136448262,0.0052284905437382,0.0257448994037062,-0.0158095222249021,0.37542693248229,0.735685397291396,-0.226950110094538,0.241741148758606,0.691339304865492,0.44438475890254,0.614438211053324,0.779405558226196,-0.0304831774562402,0.408769045269088,-0.208743779231478,0.372024576241208,0.29996028490096,-0.266930974728499,0.0158722590089201,-0.968206371175466,-0.826194942696602,0.399400879113273,0.00329344326286928,-0.568520906293126,-0.30759321203447,-0.0853891653509446,-0.47664813199687,-0.401297113005489,-0.450754374376679,0.737652301803378,-0.605276389244339,-0.547014504890771,-0.685307770851513,-0.424567495980526,-0.783669797481451,-0.70274836698665,-0.53528902443667,-0.91250385435107,0.0777575960202156,-0.19469529507701,-0.0588717462359533
-0.241695953006129,-0.463635974325055,-0.0820987395075178,-0.579321187687051,-0.651361900305541,-0.31271374856362,0.466558545405907,-0.414099966997856,0.270977480468614,0.350399612529472,0.308857246460628,0.676167886559242,-0.061261066780957,-0.436401650594694,-0.0974851826672261,-0.508531694758806,0.586143807879453,-0.186262562714203,-0.400971501525716,-0.223223687172629,0.0934464026927494,0.00676561914728185,-0.495598958424159,0.683303597871673,0.479921563520099,0.601142218407124,0.0662692911929696,-0.29277480987503,-0.106847856733432,-0.0399240317353742,-0.0407848372267228,-0.63895592034732,-0.192844097380013,-0.31984864107317,-0.431215238327087,-0.0152133910253426,0.157630412244601,-0.579835916639824,0.00500341335549696,0.472055916364415,-0.668622454028497,0.332739984182416,-0.562176977778148,1,0.538539611136055,0.153779701913686,-0.414420553921503,-0.171361544000528,-0.0596912765864055,0.0368466539849236,-0.519867133556591,-0.623036925887971,-0.67916741026887,-0.623238988893641,-0.205890202279332,-0.277706697676573,-0.794834429492447,0.0868685098472184,0.774556351516808,0.504283619088021,0.558126565699599,-0.264143483766787,0.132882675529295,-0.139033218178299,-0.0190692349359087,-0.156232993979108,0.410984817528574,-0.002904627802576,-0.220457222423553,-0.376656403247404,0.0123913718261863,0.933517458362425,0.0279352841708091,1.00543339713606,0.969495981730073,0.728577347829868,0.936335590641972,0.333868973392124,0.479724419120326,0.637435707415318,0.279360502753015,-0.314289669721323,0.572958945787672,0.218877436353101,0.641303283247711,0.472069253374143,0.824984717842566,0.327722751679679,0.0741232886502168,0.55407229106332,0.517439184265547,0.485837969691185,0.883989327997979,0.201305583265551,0.672145736177212,-0.0749346075683687,0.344091082510804,0.348981343736215,0.189415998563155,0.474604349911929
0.596223262770566,-0.0830572421345366,0.127558166124037,-0.326333621077475,0.0533411279973467,0.00957140416401739,0.399408388607936,-4.89380613921675e-05,0.295847249395188,0.63965073168849,0.47204034638848,0.412423397862966,-0.12849899856553,-0.160914415787844,0.166782602516791,-0.399424318216494,-0.14170800923017,-0.175522027687957,-0.498535696112562,-0.0437902901767078,-0.16366325068533,-0.252530675800126,-0.397479752868448,0.162834042420238,0.122463259808077,0.0729282939919246,-0.509609743601308,-0.409357012115128,-0.297637241768766,-0.370341006942024,-0.0212901469050452,-0.120954114287341,0.294116453595791,-0.433259373685636,-0.544321755435021,0.701720473082161,0.0726104929256827,0.0347473459898646,0.372373600525737,0.555713550688584,0.179057110737113,0.234661429835814,-0.410389828998856,0.538539611136055,1,0.0255948287973318,-0.280218422091679,-0.0529902283941756,-0.00273752091990784,0.504165828825275,0.260099798885479,-0.354659383582969,-0.118247931194427,-0.387108343173302,-0.121983774379852,0.00905543667917885,-0.134595381379222,0.0982177891308526,0.517661896679505,0.172514494503635,0.218752755695611,-0.283869941143098,0.311287339984918,0.168375479535363,0.240387699947062,0.0640639732725221,0.672467141391549,-0.0718627225423061,-0.237019335880137,-0.258412070659069,-0.330548724665863,0.23751717604175,-0.0756071426773658,0.757624624724776,0.280754357436876,-0.0605278904404338,0.217257778286498,-0.418109434587297,0.813157710789604,0.624898807515027,-0.0525926840061968,-0.143298665785377,0.116070923163115,-0.099623545776647,-0.529544841274395,0.335531164917578,0.219382855602881,-0.34838485726324,0.162009351599941,0.379232728282713,0.311013096064018,0.616683676994001,1.06518982057254,0.171932071404342,0.0327546468681924,0.352651817671389,0.0991956881092387,0.190006191467193,0.501969727153411,0.649258994845187
-0.29658701978076,-0.207276130160002,-0.055958043522907,-0.229349075007844,-0.0338838118289097,0.134232177863074,0.308577113139703,-0.271672559026196,0.234905932518384,0.440926174021629,0.337318042747423,0.468460377189096,0.637383236809578,-0.116979931159793,0.106971797340159,-0.437290768582144,0.12566709076328,-0.468714770256589,-0.20199314149957,-0.519402808217647,-0.180717926627765,-0.200576876592497,-0.522541756084996,-0.091292909459613,0.22259221488074,0.714106789161837,-0.293060808533426,-0.254489271079448,-0.256988410487686,0.0366035120429105,-0.148563703739578,-0.571518876755221,-0.700289032182389,-0.536360326151581,-0.627688334151722,-0.0141987195922322,0.179528831570996,-0.869186258980992,-0.429371341727812,0.105995194871642,-0.540832825545014,-0.0163960343935985,-1.02188211578167,0.153779701913686,0.0255948287973318,1,-0.413835624324395,0.0362616042589307,0.341697815515454,0.131264635713675,-0.541334104822344,-0.366185795570782,-0.385650578737939,-0.133790556875643,0.214945621311659,-0.0567949616070618,-0.447916930154834,0.168187138317663,0.931054125155557,0.692648763419504,0.753554050620722,0.307631939381467,0.577116244303314,-0.0037712757932023,0.122983854118715,0.187892783042137,0.208350462563829,-0.0867682408759231,0.106956508381816,0.0107228195071084,-0.153980410637695,0.689843542318498,0.0503943453181083,0.477384635417615,0.425297959118859,0.577752509087673,0.80287030791865,0.602407884077067,0.0477160077607337,0.158979301261238,0.0228550392594771,0.130952179181096,0.295208242057055,0.348982043385795,0.478945534399436,0.493086790818125,0.820347869179871,0.583386889983427,0.0495403997088496,0.240784711243703,0.139989698209181,0.376106430188288,0.778883480331407,0.00480157454388619,0.165589957772852,0.228888772113561,0.175031622232324,0.479157662609968,0.52265722203416,0.594767005480355
-0.323648946683642,0.244984065313778,-0.0593087840870463,0.15757801966209,0.57196728133454,0.11503670453369,-0.409114338851581,0.239723896303501,0.0388862224805031,-0.123235586551766,0.216999964716601,-0.0759835115319982,0.344111176739131,0.0590037719464958,0.0532141128709655,0.0272971099165315,0.0952971162559691,0.16263296638499,0.273643159794418,-0.227274205036542,-0.196524963487889,0.0364440377448991,-0.176436691657732,-0.338334537301643,-0.326756859117778,0.321575270567339,-0.360538900910468,0.0319796651349569,-0.469346328775669,0.414506089638967,0.080060270087053,-0.500779380741992,-0.197837230055832,0.0399976697344464,0.0540902920424791,0.165155417445626,-0.202670585532643,-1.05258681954898,-0.771111652652022,-0.503815446098259,-0.14090241401611,-0.478906926243385,-0.910134427895514,-0.414420553921503,-0.280218422091679,-0.413835624324395,1,0.0237404212386451,-0.250304946190875,-0.512245921814592,-0.278831983083681,0.201213078130961,0.311617407564546,0.563102564675346,0.490251660245124,0.0977829138096504,0.338919762285409,-0.0303799935197004,0.256319060632769,0.361530234276523,0.26178476771138,0.130464520062538,0.0537177078796431,-0.214308055387223,0.0450948790056289,0.223967329853225,-0.232773725171408,0.0238839968811968,0.797124948824154,0.762303522450098,-0.191396198989372,0.230776196828702,0.417146022499478,-0.121176971855704,-0.25270029225747,-0.00539698958170254,0.195732691399166,0.782597699766942,-0.324976029936531,-0.345391086760311,0.180088598110039,0.551629752443909,0.336463983219231,0.640082558421471,0.386696236474209,0.449011160554699,0.270961010383945,0.67028527098695,0.143559155529081,-0.242871031543157,-0.489417894078097,-0.207855786267076,0.32488137038383,0.0116172176428799,-0.26609840744915,-0.242311161518539,-0.0399116871031399,-0.130179000734981,-0.0146506358558638,-0.195649924155053
-0.993899664946995,-0.345633406671786,-0.408780657326773,0.257537069379388,-0.203161671797443,-0.725401445265454,-0.133219190468685,-0.202330472968513,-0.171436588925093,-0.254870469923479,-0.0186992808444863,0.0735937715039832,0.245488019694451,-0.411105168115268,0.390578922027224,-0.463141191340978,0.422759639797104,-0.412677842515605,-0.285888859065213,-1.0949358845479,-0.421889071338114,-0.432566766635895,-0.915530882464829,0.221147768248166,-0.265929875911258,0.354694851010147,-0.0902759143062936,-0.227352699944084,-0.8601842988446,0.660709553141499,0.48543556774428,-0.789073268051046,-0.275930291144827,-0.362649467758641,-0.10872246687496,-0.18653067858281,-0.286070195205511,-1.12913975998785,-0.657702620970433,-0.529600280931201,-0.698903659169352,-0.406547582535557,-0.822227419058627,-0.171361544000528,-0.0529902283941756,0.0362616042589307,0.0237404212386451,1,-0.148057237703624,-0.508430200197758,-0.663991177483246,-0.186436783834898,-0.213784587958443,0.0032208183766898,0.0182127922303549,-0.0601857840281996,-0.292231286517767,-0.113403765968259,0.813134564384871,0.808599076105534,0.875945459129372,0.368214954414724,0.605741797818917,0.0409967969035271,0.219200630471638,0.579137271327063,-0.171561129179549,0.014123925802626,0.310000430834924,0.0722728029939718,-0.0760935689522621,0.916963907432289,0.25533565112932,0.399078327544597,0.446394394621874,0.692721749319969,0.848754736979128,0.864746110475725,0.372818689793877,0.565922270224324,0.249863197073361,0.0522127322961826,0.606105704310621,0.778226411741248,0.739999721256022,0.534207124474419,0.661455222717847,0.652180994884613,-0.250622591373267,0.333405596852714,0.528230451078544,0.633890759345537,1.02828114898245,0.383250536183376,0.844467536651438,0.00917841812466236,0.483606605767504,-0.21031451243702,0.0938914461741346,0.125112760872521
-0.772107017756575,-0.452032217648266,-0.147538259098239,-0.218840842598315,-0.649162901034168,-0.595325626046167,0.482631920911681,-0.113405573140818,0.000927103258207329,-0.0638649815648437,-0.036522237020737,0.195335495906531,-0.101481789261579,-0.370545724496745,0.28710515054728,-0.124046407597267,0.290916276702007,-0.297419650128393,-0.292815759332313,-0.404150302003876,-0.215343447151611,0.02603837460718,-0.482276168014301,0.630275816271188,0.344155846900103,0.0269925681250326,-0.306054355246263,-0.489444151068581,-0.0892787917925335,0.0358881431776323,-0.186945683409223,-0.297258198246854,-0.0230063690292218,-0.403068790403741,-0.282551158938885,-0.492944408878962,-0.0484341394945406,-0.602547485554333,0.0033149953492588,0.266428777557795,-0.551287096555409,0.28188733389905,-0.189265128378875,-0.0596912765864055,-0.00273752091990784,0.341697815515454,-0.250304946190875,-0.148057237703624,1,-0.0946229907995103,-0.333749006561925,-0.424237287702001,-0.612360008314955,-0.363949908812008,-0.28861906852868,-0.424319333941443,-0.371345643862802,0.140130772422285,0.528176187895854,0.0516042089844265,0.279585010634335,-0.0552222168396634,0.122899107828078,-0.374979410106595,-0.140729693306225,0.270953375128833,0.15667794617521,-0.508026168600516,-0.322736697366266,-0.426100825236161,-0.194128102864671,0.666170276704109,-0.298635775276588,0.834151430826924,0.691194008141331,0.71628313475367,0.643609253405501,0.0117732814086572,0.264268442148628,0.767435709624626,0.327777317459063,-0.332966455536424,0.260470151249913,0.264071794396393,0.650968169752469,0.346529950707314,0.322790619828285,0.10781479728224,-0.0451290020472741,0.743639937295491,0.875746003163015,0.327300130222728,0.771933007143475,0.275334030467032,1.05101778377041,0.0602448103550391,0.670366234469769,0.12878208809758,-0.0112705270836246,0.0357179519715692
-0.335405329644785,-0.645102534284741,-0.161436014303458,-0.41621010317311,-0.711482220371086,-0.568302768201686,0.455082733676151,-0.449643650647406,-0.146498423955631,0.41572076420931,0.501962695531586,0.721201394267555,-0.279075170086942,-0.15686294603985,0.329489079020301,-0.202811076284598,0.345157098701442,-0.305878044056034,-0.142463706261493,-0.196986821098104,0.211172730318526,0.289503134651739,-0.370368092658429,0.798438676968661,0.665425930062389,0.234142195626777,0.118101832326349,-0.372627681951978,0.0176473396320445,0.0509410209186854,-0.135165933010854,0.0159269450990446,0.0109575078237362,-0.401435616694102,-0.274938853377263,-0.0706579966620495,0.279158028743925,-0.272574256810467,0.148365799975609,0.345744921480442,-0.585115649118346,0.453501533758775,-0.059915356332599,0.0368466539849236,0.504165828825275,0.131264635713675,-0.512245921814592,-0.508430200197758,-0.0946229907995103,1,-0.334738159870949,-0.723962892389661,-0.40187073476688,-0.706806343231348,-0.405213177157881,-0.42996191346068,-0.804955344542432,-0.169193889735359,0.567374974987636,0.155530730676769,0.360935481470467,-0.317782741731079,0.206634850681513,-0.0991921102022432,0.27940208940012,0.274252140500629,0.274056372865674,-0.09833254490506,-0.348268989490878,-0.454637036669484,0.149010582014395,0.70275670182742,0.0532850541172723,0.76872437706212,1.01990537166894,0.762010230773999,0.431949798940986,0.0397204294073253,0.386335979544222,0.71017128062069,0.467934330409968,-0.552266459745922,0.195805559155842,0.00500604374689534,0.543913833103756,0.0906121579665109,0.492351198529663,-0.162127646833531,-0.0581453960812182,0.445094611782698,0.489809693100831,0.229147409389297,0.746184614203338,0.19577535498939,0.903650851419838,-0.10208182948614,0.249975660859697,0.00342368138160348,-0.189787475220505,-0.0132682772479862
-0.225270614795818,-0.0776279214644959,-0.0629772308864688,-0.022090722708217,-0.0817064674859168,-0.172498613563736,-0.260974706446036,-0.202343312801571,-0.265247916794302,0.0987782257247762,0.0870095107776012,0.348409932251862,-0.726115789070537,0.41323600956648,-0.122376345767718,0.638523092614141,0.456767185232436,0.463919381392175,0.786090596972717,0.374025312858029,0.719325681905452,0.76552260213651,0.578826899089872,0.361049631393128,0.476087810970046,-0.158561687480761,-0.0216284483361793,-0.0627837891913585,0.504026403942866,-0.197648283215705,-0.355598242795438,0.528223813590652,0.382388892736531,0.561297039456997,0.16806526357504,-0.402225836908654,0.406762054572125,0.108269760898026,-0.0301235560861665,-0.113434277194399,-0.211520842799045,-0.0860403884614796,0.441429044756023,-0.519867133556591,0.260099798885479,-0.541334104822344,-0.278831983083681,-0.663991177483246,-0.333749006561925,-0.334738159870949,1,0.0956038600859015,0.490334348273058,0.0283603828913547,0.0764745739020394,0.0177105287780115,-0.217542786575279,-0.34509982671287,-0.241288634254696,-0.447924002327208,-0.237540515946117,-0.436174343570326,-0.327700692571302,-0.100279131641057,0.326990385179671,-0.13969893642776,-0.162015184148508,0.593273431028236,0.390669948679085,0.423267653802007,0.645207454779747,0.268524713107035,0.58811123772846,-0.128007844196419,0.527388290014838,0.415396544882499,-0.410684218473526,-0.0753817255824622,-0.602570477964614,-0.108776405439777,0.831907061409524,-0.0635251350961646,-0.132759644480362,-0.0459851286093165,0.505757652181154,-0.415971394722468,-0.126659083524663,-0.279851477068825,0.253686172415608,-0.268171609436498,-0.0644213681153957,-0.610179595771263,-0.47309549429328,-0.338634871250986,0.245722003300433,-0.630639216507046,-0.408231623979212,-0.536927981278453,-0.830422913652299,-0.62658099469095
0.0582607732610643,0.110772472266263,-0.042849813331599,-0.172708849906782,0.311173311805124,0.202198805133678,-0.615613201204879,0.013612978825343,-0.214979451752506,-0.184230490033647,-0.33160376394966,-0.0613567897511211,-0.360072969084387,0.0824214261108381,-0.593902969438636,0.607526337742368,0.423180638712517,0.697878776996222,0.729904180725525,0.504821193244703,0.498660282750293,0.750976193721425,0.795212851951576,-0.20889421330719,0.0980099713187091,-0.255611502724242,-0.060356574170024,0.0202348678975597,0.250392281146838,-0.0769903885398389,-0.5723429480566,0.311981120286557,0.446419647011974,0.765030528362871,0.407424660430044,-0.346800163240534,-0.250476362935302,0.00243919258840422,0.0269392348662554,-0.46985260674456,-0.0214075796116927,-0.13614642808337,0.328946010352918,-0.623036925887971,-0.354659383582969,-0.366185795570782,0.201213078130961,-0.186436783834898,-0.424237287702001,-0.723962892389661,0.0956038600859015,1,-0.125258553521596,0.281227162840219,0.318051193578497,-0.0345700157392447,0.222436469176228,-0.313472914621943,-0.704623408196235,-0.507875352000532,-0.633354058517567,-0.196602419769292,-0.696967833313893,-0.380789934873647,-0.135206406557978,-0.600105597132895,-0.357200606413116,0.235471565742348,0.605772579558381,0.640732366838137,0.236714208128002,-0.185390065125962,0.277055709468377,-0.815166607868324,-0.219736586926655,-0.315150007684644,-0.615603222075558,-0.237436979343888,-0.870235585671457,-0.515507691847325,0.113677530477357,0.272583539450035,-0.143151022713551,0.106228977359596,0.0550578404853091,-0.244033689767636,-0.71842672287025,-0.209761228742341,-0.0744912764039791,-0.58462136741154,-0.248928998831855,-0.8276599638504,-0.942436240059992,-0.40866556054283,-0.68284779365033,-0.51128688986957,-0.315133072190492,-0.24264762461459,-0.456442118806172,-0.753900938547535
0.358062580919599,-0.260472187871707,-0.210074373740531,-0.525905421399881,-0.150677777442983,-0.225686341655775,-0.405683351682854,-0.303506887551068,-0.580232403974582,0.0452802509191866,-0.0565101814355879,0.143634124803887,-0.528724061773924,-0.074327430769951,-0.677207203281103,0.308878487105271,0.406664769157703,0.835764644601761,0.513025666389015,0.759213520552711,0.470835529398838,0.703175019903793,0.662297756050333,0.336905999314232,0.137382778798069,-0.316297784465975,-0.128053010649168,0.133828487401571,0.247451598480585,-0.452954220798125,0.0371400454980179,0.073068448653869,0.784643086780115,0.894564922333626,0.692488607627333,0.0983775455175476,0.117751126399307,0.274978084519042,0.476019861191065,0.152944076767582,0.356425031770071,0.100068853823378,0.503008935877236,-0.67916741026887,-0.118247931194427,-0.385650578737939,0.311617407564546,-0.213784587958443,-0.612360008314955,-0.40187073476688,0.490334348273058,-0.125258553521596,1,-0.42830617737284,-0.212046957637422,-0.0593314372328271,-0.0400992080028224,-0.662999369612264,-0.61395554975269,-0.495689618203706,-0.795700271463407,-0.57091602063872,-0.920461307439113,-0.206912809426907,-0.00726735287699333,-0.647837291501081,0.48534574229646,0.603786099061465,0.697820145077342,0.593121401856964,0.140362695531969,0.186478594157468,0.221947730985068,0.289356954684325,-0.0933547421510967,-0.36845204607721,-0.318136875545114,-0.152039100958703,-0.111108224041542,-0.110181736097644,0.532359998704342,0.524528910704244,0.281970677672063,0.466680746787337,0.138598402287867,0.302685107223002,-0.228417462841581,0.111199101998488,0.476338541578353,0.0106693488399258,-0.0728306832609169,-0.228397239619974,-0.178238801878834,0.213242101053278,-0.193173311257037,-0.614123730049838,-0.0894050788261482,-0.149825704132513,-0.371810223095082,-0.295646287920622
0.0288653695518481,0.313649941947633,0.212022326785757,-0.0433586376518348,0.317306173183631,0.208621425250721,-0.669211744637924,0.297231717831013,0.0579273060487479,-0.634209576497998,-0.438506462897739,-0.279228757062926,-0.348450784574699,-0.269565953766146,-0.875968093416576,0.416352182624375,0.489798195650804,0.802569195694231,0.46681400767316,0.530667876291834,0.274279277151172,0.569460287961046,0.724349813743576,0.00725545396285598,-0.194533864409086,-0.151240782251432,-0.0172910101969987,0.338963829178007,0.0628103260332536,0.0300973915834143,-0.282985850733612,-0.132772071609729,0.429994395682403,0.847532202410933,0.712498266358023,-0.200869803781921,-0.504590470083669,-0.0353734390552512,0.120992053460687,-0.294839481202438,0.245552707701341,0.108275194639923,0.282277436166496,-0.623238988893641,-0.387108343173302,-0.133790556875643,0.563102564675346,0.0032208183766898,-0.363949908812008,-0.706806343231348,0.0283603828913547,0.281227162840219,-0.42830617737284,1,0.230923181628661,-0.0129833921127213,0.385503664305907,-0.165096116560081,-0.954160966242725,-0.588761412295826,-0.746875626424188,-0.320141049868677,-0.910435504372487,-0.661560254422398,-0.538769069241377,-0.695739436241794,-0.350146287230471,0.0507525410873914,0.390881302382324,0.485035805879314,-0.032637292543352,-0.345578996414395,-0.0892037611785988,-0.588743273184521,-0.456991024123846,-0.609456532434683,-0.275273241913854,-0.0889404029484795,-0.317757429575384,-0.115940798696005,-0.13591583406104,0.20341079536646,0.0316308976782597,0.235654752137435,-0.169944572787331,-0.17736264342971,-0.431773201735769,-0.0362843453588254,-0.172167306969908,-0.258219372565621,-0.114339351603893,-0.55037901001338,-0.79391263957402,0.0585229455293481,-0.360119245830084,-0.524123248177175,-0.0151777506415973,-0.410397998058453,-0.325436589461527,-0.709088590345613
0.271935212312503,0.559582205884972,0.409930631452585,-0.121028679989883,-0.0115159134562298,0.26828754903382,-0.0411157568285682,0.602751051032198,0.303389027251462,-0.334522405452702,-0.182987561760212,-0.314171416144741,-0.287827706300644,-0.292910794965667,-0.725098666373525,0.469225967352349,0.0988404735738667,0.438835796361792,-0.0390598554158031,0.522410929683251,-0.0120699555132404,0.322957830532529,0.589076158385106,-0.0311887969081394,-0.164544815397122,-0.292477755898796,0.112534975794631,0.0831090087350362,-0.0203312141344301,-0.0873677039133926,-0.372239622801103,0.253895179106462,0.492342834749557,0.399990435516053,0.408254709185334,-0.284153639819276,-0.512489437390322,0.409598479830996,0.543799710983168,0.171723015008037,0.36641361004834,0.256301104045298,0.410276851636038,-0.205890202279332,-0.121983774379852,0.214945621311659,0.490251660245124,0.0182127922303549,-0.28861906852868,-0.405213177157881,0.0764745739020394,0.318051193578497,-0.212046957637422,0.230923181628661,1,0.0788829117457684,0.517110051577261,0.232335103335003,-0.764147718863484,-0.498066803623936,-0.775026920904039,-0.143533648243672,-0.871499263515602,-0.748740786283464,-0.88213505318322,-0.759448266700629,-0.421706284215208,-0.361897345209366,-0.181433087140224,-0.231651570290261,-0.280650801013859,-0.376626517048338,-0.339152607157493,-0.165484108926613,-0.533583184310718,-0.675858309525239,-0.274984557205428,-0.38987582986254,-0.000444261650273808,0.00118208360334315,-0.464103260981304,-0.176690408160197,0.0975944566105174,-0.18774952575076,-0.216546893443927,-0.0168266527880025,-0.640097777158474,-0.233314521958742,-0.463736368467707,0.0308392760711338,-0.0755452593073986,-0.21600751436526,-0.594686631345628,0.128360680335223,-0.211655630727039,-0.334318615092386,0.218227845602217,-0.243755208923341,-0.322157849602287,-0.478723581998853
-0.484548835011109,-0.197430715884642,-0.101082265883426,-0.0854504790181916,-0.353379922848098,-0.49696199491272,-0.253292857585826,0.056330042770936,-0.231669226223763,-0.278042666517402,-0.148691984174893,0.139091136669393,-0.336727203655671,-0.2478439652953,0.0345622718603717,0.16593029876051,0.595080458794205,0.253987796115806,0.185957507857932,-0.238140444457856,-0.0741223181672855,0.271739533890598,0.0495702908118418,0.177928816537654,0.0610192880287609,-0.153895306803715,0.0187792794281254,-0.077669135437401,-0.146653977979626,-0.0114081454978762,-0.203566863079081,-0.322837330364983,0.365848357980996,0.362601160722012,0.347963444228684,-0.648438970543866,-0.063725480185279,-0.198110380242793,-0.109945869081112,-0.100940932525191,-0.345446004996499,-0.164566122162534,0.0572976012927729,-0.277706697676573,0.00905543667917885,-0.0567949616070618,0.0977829138096504,-0.0601857840281996,-0.424319333941443,-0.42996191346068,0.0177105287780115,-0.0345700157392447,-0.0593314372328271,-0.0129833921127213,0.0788829117457684,1,0.0353212275846446,-0.0524282672090987,-0.0742603096757463,-0.204384849550865,0.000484479297908569,-0.121400551747491,-0.236894082066167,-0.237918661573115,-0.300228333974154,-0.0669972630401866,-0.242623138098891,0.120517476233039,0.230444425558969,0.0771262135026292,0.0317351964174319,0.604363435452387,0.164214573423378,0.327570794458084,0.324808045167274,0.213793103862099,0.2406696433322,0.148714940186682,0.120394385026702,0.215799030304238,0.356418779421556,-0.00759939447808899,0.267713254275602,0.405839496054367,0.626364123958357,0.114088704738906,-0.0414290327208976,0.103636767780884,-0.193828920347291,0.120395108163202,0.273157210144135,-0.0383793164852781,-0.00660987106223582,-0.0687258220660036,0.46102417806676,-0.398516259178329,0.107648056114428,-0.337470141608146,-0.468041909149204,-0.261709567991103
-0.126131468143129,0.288144402004369,-0.0219296575375638,-0.0617486150410756,0.459611723400058,0.256991373303802,-0.829248409325613,0.00747039730821031,-0.161102961509778,-0.381711468749531,-0.29682661342507,-0.0599217553958098,-0.28735221985408,0.0670865951155591,-0.861121562770534,0.26642222881632,0.560362540697742,0.589972962526305,0.765829329124371,0.346093653179127,0.555586166051381,0.720569809498854,0.679597314503185,-0.250120854868801,-0.0095275518239422,0.0469460173712998,0.169822445468938,0.362897329978355,0.134431841953074,0.201091311604046,-0.374442773992591,0.0352587199417638,0.234433138122177,0.889739112904123,0.522439806122878,-0.276117457079848,-0.0986850990251567,-0.156232224639777,-0.279337313018336,-0.68153254446226,-0.0558210772985765,-0.245880885691119,0.226775698370021,-0.794834429492447,-0.134595381379222,-0.447916930154834,0.338919762285409,-0.292231286517767,-0.371345643862802,-0.804955344542432,-0.217542786575279,0.222436469176228,-0.0400992080028224,0.385503664305907,0.517110051577261,0.0353212275846446,1,-0.314643255806638,-0.864612478767742,-0.332208745052973,-0.458477313781246,-0.221974005387475,-0.724149488349135,-0.407897089241395,-0.130425324447791,-0.636350062828872,-0.48559431158512,0.471239502159923,0.828642351549104,0.738447238512492,0.345712504750635,-0.127257590411796,0.255487803780257,-0.98082665920131,-0.248016273949119,-0.244994072836377,-0.501478458820844,0.190491495812423,-0.873553289270985,-0.681108048206614,0.296596102743337,0.510381124625333,0.125485238802143,0.42049009141521,0.272784446612138,-0.243757917594175,-0.319525815192253,0.0448464788555341,-0.013243344887491,-0.643006115597923,-0.351939778721736,-0.847936785667102,-0.995631593682297,-0.292269143004152,-0.606718302470805,-0.699459299436646,-0.34198865937588,-0.378937794147576,-0.454469268921656,-0.749457184973407
0.299703281994209,0.0428486896278516,0.159305343957124,-0.649612231258886,-0.190662019385044,0.459764948642657,0.0710449088224449,-0.127862152932751,0.126706473947014,0.0633651942923829,0.0653593385135259,0.410109798324536,-0.121955936039439,-0.130838609135293,-0.723823964204897,-0.107383313344779,0.533532121489254,-0.0770912421188925,0.298316955069212,0.214849271627629,0.43946991413582,0.510078446940049,0.505191003643822,0.09145606592898,0.228675359689764,0.0933062856715215,0.266932659835898,-0.076474941188521,0.247286654680024,-0.231241977452204,-0.818429788572728,0.147446308699,-0.0145994878182143,-0.0959839597923757,-0.0454734208873412,-0.0689010373689197,-0.0672854207733603,0.115004069846207,0.0786524013192283,-0.020073690028099,-0.185270318227636,0.306409726783207,0.166344532380303,0.0868685098472184,0.0982177891308526,0.168187138317663,-0.0303799935197004,-0.113403765968259,0.140130772422285,-0.169193889735359,-0.34509982671287,-0.313472914621943,-0.662999369612264,-0.165096116560081,0.232335103335003,-0.0524282672090987,-0.314643255806638,1,-0.362762432241886,-0.0649556223646711,-0.121488688150986,0.00879253177493668,-0.248036258631542,-0.211402544917106,-0.192934620122155,-0.447702217484124,-0.140852331418046,0.178262542469552,-0.185594676485748,-0.228997509045023,0.315965311998055,0.0622750028317919,0.0773129322139521,-0.316864788002284,0.265661611392061,0.0372149756675517,-0.0365556452677571,-0.324170255127078,-0.389012872708539,-0.158812632772005,-0.132496298552551,-0.267103723464994,-0.0512083170140145,-0.169787928870673,0.123862588634002,-0.329484324597502,-0.332248042236413,-0.28308321424495,-0.375514111513197,-0.133210925221182,0.0644357636565231,-0.440564770825843,-0.517607760260702,-0.187049314604947,-0.242309875928338,-0.0277805980176644,-0.0381734939938001,0.26608797114555,0.00847085720783448,-0.256766902061378
0.0378635409321196,-0.807749175552054,-0.405504511561115,-0.375019598920094,-1.16745708155951,-0.354945205079625,0.322484854140453,-0.830717670035829,-0.379620317206338,-0.722160240943168,-0.427572720876015,-0.351400643063253,-0.283622100842911,-0.545543154738642,0.184406377466673,-0.200464729733453,0.170161244196186,-0.359840507880948,-0.472484448492531,-0.20063739884564,-0.203091595940906,-0.427168149038342,-0.389524605140843,0.294669738595106,-0.595333633889131,-0.348179154896397,0.624049525877267,0.227772965620982,-0.0463950079695708,0.0281036081592558,0.26273436964027,-0.365545560398932,-0.108113948060911,-0.265250095690262,0.124746558912991,0.0308023473970828,0.220510035032418,0.150661085539595,0.100615373526197,0.11438572863079,0.350061402859675,0.521706538089888,-0.0295611884364935,0.774556351516808,0.517661896679505,0.931054125155557,0.256319060632769,0.813134564384871,0.528176187895854,0.567374974987636,-0.241288634254696,-0.704623408196235,-0.61395554975269,-0.954160966242725,-0.764147718863484,-0.0742603096757463,-0.864612478767742,-0.362762432241886,1,-0.169952284070278,-0.0481149266955183,-0.000783436118668129,0.133412641765309,0.269922960035314,-0.331144574973971,0.221333680456437,0.387731064714186,-0.101915911255246,-0.731307224950948,-0.698142903246746,-0.108869771566408,0.113185527017805,-0.13334105898903,0.302575470445608,0.112468787524348,-0.042481603320501,0.251256022987517,-0.156583746663112,0.694918320525821,0.761584356722184,-0.305830245682092,-0.234503588043886,0.415161104796514,-0.0809712681119483,0.237746818820034,0.162158916536949,0.240441255147475,0.217603435342254,-0.329439207898093,0.527188548820912,0.651664105589984,0.546553893055394,0.0801747522956682,0.497084890896577,0.591703274292198,0.72465039036922,0.581180887492305,0.419855914436936,0.321749447525398,0.404482199484508
-0.109819111426345,-0.609857057409621,-0.166957396335665,-0.245025252406744,-0.706999850513082,-0.455151646357626,0.222521591255855,-0.351742410920494,-0.355129629203544,-0.603924612265833,-0.472504021852196,-0.121687285739667,0.204839226883747,-0.51099234300188,0.00970535674619577,-0.32059349881093,0.332873628603694,-0.238673558908831,-0.526598247446439,-0.263245538609341,-0.371888256683248,-0.11053749105101,-0.226266499671115,0.196024187152638,-0.510286252112259,-0.0824444520751077,0.77619002602965,0.315489007939895,-0.117796112764855,0.112293017796422,0.193204517393259,-0.47787742536482,-0.0342626611423807,-0.0199488518745847,0.515866534023949,-0.208868185954583,-0.22896165125123,-0.0926488452091308,-0.20830303774783,-0.175765058171753,0.0173137285495586,0.0664466284520556,0.219609136448262,0.504283619088021,0.172514494503635,0.692648763419504,0.361530234276523,0.808599076105534,0.0516042089844265,0.155530730676769,-0.447924002327208,-0.507875352000532,-0.495689618203706,-0.588761412295826,-0.498066803623936,-0.204384849550865,-0.332208745052973,-0.0649556223646711,-0.169952284070278,1,0.0367801911948353,0.292148137181145,0.0761807114548416,0.0443128002062783,-0.366970265955871,0.107798623151678,0.404759515181642,-0.153123845950844,-0.424469423973467,-0.559729188946122,-0.195288468914349,0.187840716653505,-0.413514545664718,0.0448132524308029,0.129449810360355,-0.0502210961961591,0.269498879705091,0.0106110438563714,0.642694299700569,0.293931930205192,-0.231117257916449,-0.197516168225118,0.212155669425367,0.34012690956582,0.254947342169915,0.216583597510757,-0.188332083289907,0.151786400704036,-0.293073839890073,0.247703719447266,0.552037581498237,0.223787822765972,-0.275883529082184,0.32069320867917,0.397802449325925,0.289330212985179,0.48551716552768,0.582214304246432,0.135360305514746,0.147753924454856
-0.112648262065882,-0.653029182626616,-0.388279379604488,-0.216128693498248,-1.10483318637834,-0.51265035869091,0.376350974489878,-0.373240894348814,-0.343240305394689,-0.773547759246093,-0.563643942124308,-0.567360192403751,0.149790660453618,-0.797978933987735,0.242633388264661,-0.0882752971149591,0.115542195692273,-0.238258666018886,-0.690961043539157,-0.170585112990352,-0.368433562138601,-0.383538477790346,-0.237807620307927,0.130177730702189,-0.662503198683859,-0.364374013103392,0.748861141546755,-0.0383370031251824,-0.126763733285137,0.148147569272879,0.173900644835529,-0.350165662332769,-0.243507374879303,-0.286477718422475,0.133882826579984,-0.0563375506137933,-0.474982292354323,-0.0709486396037915,-0.159751115937907,-0.121631606494144,0.0510843287221604,0.201602524934665,0.0052284905437382,0.558126565699599,0.218752755695611,0.753554050620722,0.26178476771138,0.875945459129372,0.279585010634335,0.360935481470467,-0.237540515946117,-0.633354058517567,-0.795700271463407,-0.746875626424188,-0.775026920904039,0.000484479297908569,-0.458477313781246,-0.121488688150986,-0.0481149266955183,0.0367801911948353,1,0.441762826220564,0.267777499196174,0.246815879563652,-0.227098476877931,0.255303341252651,0.375109158598165,-0.307693782380061,-0.661517892178555,-0.679663661502753,0.0255109110422698,0.217432719458755,-0.315438555637169,0.205599192495365,0.0530587604213981,-0.0803187154193665,0.356272139881463,-0.269416414731359,0.682566498067408,0.603451548073978,-0.509625705229801,-0.435144972124152,0.291128037736345,0.0967255396645606,0.0868603688504671,0.0725813958390993,-0.274863239938811,-0.0127842188195013,-0.277167464527395,0.421927688764525,0.759725155707232,0.435209904451977,-0.000453623131676628,0.3476733645644,0.656603931141327,0.467599015091381,0.465337418709235,0.66490329816977,0.317706955305898,0.45627916301478
-0.843691232737701,-0.441617615334783,-0.363685413556609,-0.0485724299852395,-0.505379353010068,-0.59029975343258,0.0853700265767246,-0.156624915419904,-0.183168958280688,-0.66026418089268,-0.518374163002861,-0.259022146597193,0.0783339493578119,-0.624898550187529,0.0507191576370299,-0.302436896249733,0.232369548820194,-0.217231501756778,-0.396750716981909,-0.515034168846474,-0.414258485420781,-0.0910143978544581,-0.448620620081402,0.201552299297734,-0.106991370268572,0.0991656906680712,0.359878797338361,-0.0970698314715886,-0.178420463865209,0.472129703631869,-0.00725883901434282,-0.665397682269674,-0.325590008595829,-0.0170348715239105,0.191965340081217,-0.41408614567038,-0.208984536157066,-0.559422602714495,-0.428793484664563,-0.434089603762473,-0.483818477775577,-0.132583966618491,0.0257448994037062,-0.264143483766787,-0.283869941143098,0.307631939381467,0.130464520062538,0.368214954414724,-0.0552222168396634,-0.317782741731079,-0.436174343570326,-0.196602419769292,-0.57091602063872,-0.320141049868677,-0.143533648243672,-0.121400551747491,-0.221974005387475,0.00879253177493668,-0.000783436118668129,0.292148137181145,0.441762826220564,1,0.184828978550055,-0.152566882522701,0.139468786826052,0.292951632917609,0.0383063845276038,-0.256678836302663,-0.0446982435147766,-0.153265995741972,0.120436951814802,0.45918816068783,-0.300488892272594,-0.125338585877096,0.4408801754053,0.546083444622506,0.58559038533091,0.341870701649426,-0.093918697381161,0.0688417127312696,0.0375573591975404,-0.172665098223287,0.0397887530164441,0.643873064245876,0.562276705516521,0.128348248856438,-0.040112914940645,0.223681429570826,-0.107195351828809,0.19954626381912,0.604251441713142,-0.0943505786726267,0.0190053727844417,-0.0324495526503276,0.662876501670557,-0.139512783997326,0.288393578240357,0.162622422349954,-0.0325793931394706,-0.106735974743732
-0.280134585765265,-0.860962193890837,-0.448143624489172,-0.579732089114396,-1.255762024754,-0.789631605808194,0.382444264203949,-0.541446442846756,-0.384674277282708,-0.492663198059523,-0.491647350465067,-0.264348100983369,-0.189250927561057,-0.697833800798209,0.0223155986342146,-0.314188376795146,0.138467203603881,-0.134976162804425,-0.661236311013914,-0.153752731503344,-0.319988213669215,-0.304422855329963,-0.423549574737518,0.327065375756173,-0.181810522782072,-0.193842089125003,0.522364234387602,-0.356341678950896,0.0505466636411868,-0.0707983897882786,0.246167941135109,-0.439315209402668,-0.15798821781607,-0.161351316900644,-0.0767960614867699,-0.158845366019939,-0.0275824268763853,-0.187254477306738,0.0806517451156828,0.0856232423947759,-0.180207171803815,0.243208717205525,-0.0158095222249021,0.132882675529295,0.311287339984918,0.577116244303314,0.0537177078796431,0.605741797818917,0.122899107828078,0.206634850681513,-0.327700692571302,-0.696967833313893,-0.920461307439113,-0.910435504372487,-0.871499263515602,-0.236894082066167,-0.724149488349135,-0.248036258631542,0.133412641765309,0.0761807114548416,0.267777499196174,0.184828978550055,1,-0.0382103685321363,-0.107872587368624,0.0583714151884223,0.504731213153932,-0.23704096100673,-0.404316517000983,-0.616090613795565,0.145148755291464,0.456660619595142,-0.207515776088678,0.486169647788265,0.437584837400253,0.3496293011522,0.525580488136225,-0.18964369504088,0.452356176402711,0.673720953642208,-0.0447918145732824,-0.197691932978985,0.578881273367213,0.337929576536751,0.468467100138945,0.359461444586705,0.102153091625044,0.205879504187149,0.133084122050869,0.672286137259846,1.06750606430147,0.441617179447448,0.261325727061684,0.291392987422143,0.789511494376618,0.219001796094892,0.545949518198704,0.762862505984699,0.22074196513868,0.562118108436357
0.0243559552053255,-0.584228559814462,-0.207597401879203,-0.310554933850355,-0.770912528000604,-0.551156361933345,0.4547349523479,-0.285879803235522,-0.199846982019063,0.228480959341611,-0.211724312006294,0.187545439860485,-0.321803988195242,-0.301811476782635,-0.0907186291951034,-0.249481242020766,0.0692104386383462,0.0422872004181774,-0.520255619942241,0.222171196356079,0.0634897288035661,-0.12409589999701,-0.29184111483999,0.667127147394527,0.405514816182972,0.215559863385344,0.346514312389505,0.0508699069629015,0.413990480691854,-0.155261553506217,0.396926264428409,-0.137472327022702,0.153117408305913,0.0361190041608427,0.0442980034443086,-0.027382843046533,0.142756088556622,0.145081953823087,0.486133015943429,0.428733168705351,-0.305402410836187,0.00904887259713044,0.37542693248229,-0.139033218178299,0.168375479535363,-0.0037712757932023,-0.214308055387223,0.0409967969035271,-0.374979410106595,-0.0991921102022432,-0.100279131641057,-0.380789934873647,-0.206912809426907,-0.661560254422398,-0.748740786283464,-0.237918661573115,-0.407897089241395,-0.211402544917106,0.269922960035314,0.0443128002062783,0.246815879563652,-0.152566882522701,-0.0382103685321363,1,0.209167592721602,-0.153998464922064,0.522526881773968,-0.0206372254605298,-0.254121633907855,-0.439260467846544,0.181037800949309,0.359584195487293,-0.331757516253698,0.587273413126587,0.650914749411682,0.530504367203321,0.467087868618172,-0.0318146283173604,0.432702395539168,0.45467817736623,0.289404794796651,-0.405600506994914,0.241873458688753,0.0169780031981873,0.118035466811279,0.195060131408113,0.156910493967057,0.00989715329024538,0.425114523833913,0.19790997804819,0.450528587519577,0.228268103159666,0.191039227211525,0.222804973285803,0.605825924404883,-0.349588522902541,0.123412245159145,0.190021723282341,-0.272346422188623,0.379795651455134
0.203979170604626,-0.330244786802209,-0.111978406822804,-0.115396608284872,-0.57633280025811,-0.539496001296314,0.14966365638109,-0.055564370219317,-0.277292811914535,-0.101601861154304,-0.270450058148551,-0.134623659251719,0.0157202042867101,0.121449841535106,0.275729300651994,-0.12684306331341,-0.253102087541557,0.191948775025278,-0.230535066030129,0.38685387880608,-0.0486796279912598,-0.0383637048232826,0.112492559211625,0.248666975478548,-0.0415923678587803,-0.356063506851025,0.465895026039789,0.0341098351539196,0.535168682715902,-0.0996840230003283,0.598696294390059,0.255073878011747,0.177198639715799,0.194737526563997,0.285062821973779,0.0303305623514875,0.0261904820376018,0.567700889284539,0.462464925571323,0.346731339156785,0.114169070605958,0.272763443783342,0.735685397291396,-0.0190692349359087,0.240387699947062,0.122983854118715,0.0450948790056289,0.219200630471638,-0.140729693306225,0.27940208940012,0.326990385179671,-0.135206406557978,-0.00726735287699333,-0.538769069241377,-0.88213505318322,-0.300228333974154,-0.130425324447791,-0.192934620122155,-0.331144574973971,-0.366970265955871,-0.227098476877931,0.139468786826052,-0.107872587368624,0.209167592721602,1,0.129660418980225,0.244335427280038,-0.0574354200375291,-0.327567672032825,-0.436427715414127,0.120112683846599,-0.274646242204529,-0.290446831125885,0.278889379513582,-0.100632660438613,-0.0564449672457968,-0.196521920392408,-0.405182976489736,0.316026108967248,0.230498869941075,0.0430754922785391,-0.240707158724944,0.0943869767716494,-0.137887916023389,-0.223535258259844,-0.124923418605648,-0.394349233033477,-0.215473750950701,0.347907603472057,0.105302651233948,0.231752039515185,0.125598756787752,-0.191454403080243,0.180375265032219,0.397807554139661,-0.0800166619781687,0.014169791374084,0.284034682500305,-0.17119657073588,0.27311176801159
-0.671409776245132,-0.823913971426044,-0.708073798037292,-0.282559495773541,-0.926927524352918,-1.01931905610734,0.0447365919537942,-0.563620104673496,-0.622600635772348,-0.520494375098454,-0.323128410533457,-0.260099747558828,0.099092344958236,-0.442247730950363,0.0143793264550465,-0.160130742226167,0.504071745637266,0.0962469436203,-0.162036766847931,-0.276831797051843,-0.170341694663435,-0.0689467016519637,-0.298133546045228,0.186596452772357,-0.209531866060965,-0.427721204886452,0.0690309492621475,-0.647231473945046,-0.128136115067477,0.000858362569995552,0.223808150807815,-0.550938724013659,-0.172854824885313,0.121988380639354,0.0397737278372583,-0.0489131209376046,-0.0106926653527898,-0.585868788445731,-0.195202434074165,-0.248427229620091,-0.279067488367089,-0.120998891717885,-0.226950110094538,-0.156232993979108,0.0640639732725221,0.187892783042137,0.223967329853225,0.579137271327063,0.270953375128833,0.274252140500629,-0.13969893642776,-0.600105597132895,-0.647837291501081,-0.695739436241794,-0.759448266700629,-0.0669972630401866,-0.636350062828872,-0.447702217484124,0.221333680456437,0.107798623151678,0.255303341252651,0.292951632917609,0.0583714151884223,-0.153998464922064,0.129660418980225,1,0.461765513094575,-0.1260462965711,0.135188673141087,0.0561957632879321,0.343976447558498,0.359074889516364,0.077316032692911,0.470176152664916,0.302130244987334,0.23880104150893,0.587106076885907,-0.0716326134349315,0.204879891396755,0.621547691245552,0.299223526288054,0.256831888887543,0.581687436880647,0.767961602942151,0.786928542034969,0.380201907415683,0.392956406726404,0.436472903150993,0.483657545794412,0.735604168192959,1.14233592275434,0.545770222551919,0.427471701962791,-0.0351506202795339,0.800406037176581,0.234582285159675,0.420006145769699,0.641217596773746,0.549929662462237,0.642927882860407
0.00209127858184827,-0.2837715648823,-0.380113610196423,0.151469055938246,-0.273229286414125,-0.424364012150978,0.110706468977967,-0.476866938021546,-0.222007530578229,0.351694190055932,0.419132447755822,0.637256090401563,0.18941718932579,0.563587158747408,0.387441819802269,-0.315060506783728,0.361791674329602,-0.47983540370165,0.125953418102447,-0.258256372380735,0.355052009455531,-0.0820474318686574,-0.251843750769264,0.541998323469005,0.120334667904482,0.342856776383994,0.261414787280903,0.420000781060808,0.118213505742199,0.0514329219221345,0.405466784232209,0.0479880134182288,-0.104698215557406,-0.284433907531189,-0.100704244906263,0.0411678934458503,0.133117275078993,0.247867287478608,-0.131160097840961,0.113985561691826,-0.14646691021657,0.319906906459628,0.241741148758606,0.410984817528574,0.672467141391549,0.208350462563829,-0.232773725171408,-0.171561129179549,0.15667794617521,0.274056372865674,-0.162015184148508,-0.357200606413116,0.48534574229646,-0.350146287230471,-0.421706284215208,-0.242623138098891,-0.48559431158512,-0.140852331418046,0.387731064714186,0.404759515181642,0.375109158598165,0.0383063845276038,0.504731213153932,0.522526881773968,0.244335427280038,0.461765513094575,1,0.513202721177749,-0.243946272827274,-0.335783179470943,0.0806376968527901,0.394334830510102,0.117452130472925,0.345560713547091,0.395514133200288,0.482836226300754,0.23101469963611,0.308997413210448,0.286600235427589,0.0977049882144423,0.436259505584782,-0.341276161093368,-0.104314387330394,-0.269376936576251,0.175647657063568,-0.167577369586634,0.328784956725366,0.0062446927001166,-0.161750474230201,0.216911814800199,-0.135898475985939,0.303518538723119,0.417328780848965,0.343681995530469,0.490680402752997,0.153864640837965,0.063650850000437,0.00979404452809829,-0.125827417774309,-0.0210398383950272
0.503094324723069,0.102996245245734,0.151250514007555,0.167369631529879,-0.182410924569175,-0.0551840814211335,0.62166855544713,0.414433656520219,0.0529829479041822,0.227158695987606,-0.127312328067508,-0.107345207676502,-0.23262433104039,0.0105831636913897,-0.1916118336281,0.199083394654119,-0.23956779332511,0.153609179067874,-0.356476508659305,0.503484913374982,-0.114601211980193,0.00370448985341842,0.128685806642816,0.547812510102183,0.145689994083859,-0.0672123013602327,0.0383508971166726,0.392701086150513,0.518673118113548,-0.200072641937693,0.388235525479595,0.276513129639082,0.527320870567176,0.0554461870764934,0.335096992591132,0.165226850526958,-0.216565253688988,0.554891669245357,0.45494607749652,0.498020148152165,0.239802043465019,-0.00285783287996794,0.691339304865492,-0.002904627802576,-0.0718627225423061,-0.0867682408759231,0.0238839968811968,0.014123925802626,-0.508026168600516,-0.09833254490506,0.593273431028236,0.235471565742348,0.603786099061465,0.0507525410873914,-0.361897345209366,0.120517476233039,0.471239502159923,0.178262542469552,-0.101915911255246,-0.153123845950844,-0.307693782380061,-0.256678836302663,-0.23704096100673,-0.0206372254605298,-0.0574354200375291,-0.1260462965711,0.513202721177749,1,-0.28664876957695,-0.307305665781169,-0.283921290603862,-0.0704005802604529,-0.385848241173444,0.49918643000361,-0.0176195043585053,-0.091337201024236,0.0457459628674012,-0.21867770092126,0.397336799420691,0.0764026872203452,0.117446881452087,-0.437168740134324,-0.291721801933198,-0.289365726288285,-0.503690518272987,-0.00336606342415881,-0.441103458588399,-0.256247678929476,0.334174508484457,-0.0274811527342844,-0.263764286168442,-0.0206966988405666,-0.0339388771502806,0.302333302243145,0.13803987433714,-0.358239914171925,-0.0799931427114319,0.0160724629528498,-0.519046249799116,-0.0831294717350996
-0.0293261373524583,0.512514197165887,0.0256417298123387,0.49799818095325,0.284955875267608,0.0165043177321139,-0.215917428985,0.605871592097325,-0.205622528529857,-0.569393430794837,-0.267334567039537,-0.918446252134437,-0.101799260358765,0.0718545500884099,0.0407849536795329,0.646543522097181,-0.6579501730338,0.290872792337355,-0.0862407457038669,0.319349908330884,-0.373021296763367,-0.141005183260419,0.283678283824897,-0.210624381062914,-0.678299515541805,-0.311325898500328,-0.0239024381579476,0.562194649275145,-0.26675371184687,0.379260416017468,0.617169188466705,0.326530339402106,0.483261585049949,0.317385801845036,0.664315096615388,0.220634471766278,-0.460478392067562,0.272318738426016,0.150533827333505,-0.100394953294594,1.01466451105736,-0.135784862239782,0.44438475890254,-0.220457222423553,-0.237019335880137,0.106956508381816,0.797124948824154,0.310000430834924,-0.322736697366266,-0.348268989490878,0.390669948679085,0.605772579558381,0.697820145077342,0.390881302382324,-0.181433087140224,0.230444425558969,0.828642351549104,-0.185594676485748,-0.731307224950948,-0.424469423973467,-0.661517892178555,-0.0446982435147766,-0.404316517000983,-0.254121633907855,-0.327567672032825,0.135188673141087,-0.243946272827274,-0.28664876957695,1,0.111579640780754,-0.476323792098811,-0.591452346165187,-0.199266603693333,-0.299428338153082,-1.14207030784538,-0.791090739350335,-0.567207643894323,0.0739383848999646,0.0422907691135508,-0.196282142847069,-0.309106011504786,0.142010864439685,-0.138841368843649,-0.139782416093076,-0.531183782641268,-0.0476968887433764,-0.565946346506141,-0.0819582078646564,-0.161550756366527,-0.0784069008746107,-0.613683856767684,-0.168904363948025,-0.205206897563824,0.441565387874517,-0.0493736380961151,-0.20349775498961,0.166501409314496,-0.5246649111128,-0.454491581216864,-0.644887302826754
-0.0917597205053534,0.418849554373475,-0.00729486961086172,0.509157948899145,0.221774596597699,-0.261272138159523,-0.288250609984864,0.504933957568315,-0.309244591841631,-0.560864755809318,-0.322921405560345,-0.821101618392746,-0.514940062634971,0.0330796913695642,-0.00298295571693899,0.560135616875931,-0.496385753493654,0.300282772567165,0.0117263109706427,0.145383230452393,-0.337394210521319,-0.1683172331633,0.0506436184638491,-0.0739685623873226,-0.516983699926203,-0.589006359319084,-0.238181987015938,0.392480167111904,-0.294449795089947,0.132188013957193,0.602393111233785,0.380202659130189,0.76341046855936,0.523954055121085,0.703152553366237,-0.0633488243048178,-0.312391740871367,0.373191642808261,0.335674918012443,-0.116079079814265,0.842664726772611,-0.0376691439845432,0.614438211053324,-0.376656403247404,-0.258412070659069,0.0107228195071084,0.762303522450098,0.0722728029939718,-0.426100825236161,-0.454637036669484,0.423267653802007,0.640732366838137,0.593121401856964,0.485035805879314,-0.231651570290261,0.0771262135026292,0.738447238512492,-0.228997509045023,-0.698142903246746,-0.559729188946122,-0.679663661502753,-0.153265995741972,-0.616090613795565,-0.439260467846544,-0.436427715414127,0.0561957632879321,-0.335783179470943,-0.307305665781169,0.111579640780754,1,-0.469873540219735,-0.562654745463351,-0.314414918395406,-0.24857989912145,-0.92778730902674,-0.718018743164611,-0.702229465326411,-0.195699633445084,0.0378253888443524,-0.0211983505003659,-0.0167038042928055,0.243516156692789,-0.0233674102903264,0.0414000665794094,-0.426872857505907,0.0625067998151427,-0.455749931069916,-0.0266690809120221,-0.156285166111144,0.0548477291170182,-0.235042907889411,-0.0604171374514705,-0.190274972998461,0.39958031315018,0.0320162504394687,-0.265229683007132,0.249575234153712,-0.748052229062846,-0.624848013256307,-0.707552193267241
0.277938785217896,-0.0433456025519377,0.294382676668492,0.197653512281145,-0.0994325318476203,-0.227197722895151,0.390557562146263,0.362560292061471,0.138075537541983,0.100254765123308,-0.32281606769854,0.0802025724809075,-0.0449721947999577,0.0565672150861325,0.44219431684731,-0.145033812094114,-0.373015709053856,-0.0637643033336646,-0.285323427685772,-0.00536294953465677,-0.243154104145679,-0.117252558547734,0.00900804159967589,0.23879543405316,0.303593425639489,-0.497949978549164,0.0607600959451047,-0.308547786680541,0.427285270487145,-0.131611823374239,0.140143184698806,0.474398780958038,0.294967193606578,-0.11315747767176,0.204241042766042,-0.214420827413384,-0.103952481486368,0.541714859364191,0.375063249256174,0.289493236262899,-0.240875021580093,-0.0482534803997243,0.779405558226196,0.0123913718261863,-0.330548724665863,-0.153980410637695,-0.191396198989372,-0.0760935689522621,-0.194128102864671,0.149010582014395,0.645207454779747,0.236714208128002,0.140362695531969,-0.032637292543352,-0.280650801013859,0.0317351964174319,0.345712504750635,0.315965311998055,-0.108869771566408,-0.195288468914349,0.0255109110422698,0.120436951814802,0.145148755291464,0.181037800949309,0.120112683846599,0.343976447558498,0.0806376968527901,-0.283921290603862,-0.476323792098811,-0.469873540219735,1,-0.295022955740809,-0.337114927852245,0.138524080088182,0.162258204088611,0.235499042919583,-0.20550391211978,-0.595459562951754,0.128776535227238,0.115320934254782,0.0588787923292151,-0.531266067471588,-0.445203942682157,-0.291960221299557,-0.422783376767812,-0.452958135379004,-0.663391382808637,-0.48994776284485,0.17905373712656,-0.170322261639998,0.274159164544955,0.0034425142092937,-0.25275359208576,-0.250888373444274,0.267544046761056,-0.0612087098635435,-0.268235186660103,-0.0269183875447415,-0.231615123066101,0.0482981007097522
0.419968259798594,-0.308074593231597,-0.335215315795,0.0780157347135265,-0.606549607706693,0.0386731787953505,0.566512913507981,-0.174864439814456,-0.153324046893222,-0.235883140942556,-0.234031855858017,-0.340607354910893,0.425530854194403,-0.290536750656531,0.0447801261406943,-0.172353104117286,-0.255533046273196,-0.605605786876854,-0.639317002597475,-0.277458685647942,-0.557066662286197,-0.594299677992059,-0.263864094089531,-0.139767459955963,-0.612319390111477,-0.209327238098225,0.410079949431499,0.21769665338684,-0.0288905111828473,-0.0287465324745307,0.409096322378368,-0.074828537237643,-0.215914019092991,-0.632225015157846,-0.126169851823433,0.164357800427239,-0.158835652158483,0.435733999789235,-0.111596014327263,0.0276035704938955,0.416308911499569,0.104817255028706,-0.0304831774562402,0.933517458362425,0.23751717604175,0.689843542318498,0.230776196828702,0.916963907432289,0.666170276704109,0.70275670182742,0.268524713107035,-0.185390065125962,0.186478594157468,-0.345578996414395,-0.376626517048338,0.604363435452387,-0.127257590411796,0.0622750028317919,0.113185527017805,0.187840716653505,0.217432719458755,0.45918816068783,0.456660619595142,0.359584195487293,-0.274646242204529,0.359074889516364,0.394334830510102,-0.0704005802604529,-0.591452346165187,-0.562654745463351,-0.295022955740809,1,-0.198584954448927,0.308077108503229,-0.35165146165838,-0.147139748726151,0.447950381999519,-0.0844261327848843,0.651902404005374,0.196237915531702,-0.491997718748957,-0.163753273790134,0.0192808301368927,-0.262161533501579,-0.228580064925606,0.00966323486256179,-0.0559444953195059,0.196589045858284,-0.248471829317667,0.321643915187904,0.135388485152054,0.63746781500179,0.0607284671284544,0.45280511672231,0.173088027396093,0.751761490254154,0.192159505571493,0.798807620208241,0.504540068603968,0.633595924476592
0.0478238793314062,-0.00971369548411988,-0.0315533839366629,0.138771674834102,-0.23788599850873,-0.500306398151423,0.181814263618445,0.324892284356015,-0.0167486776523478,-0.273910693163736,-0.342534752123122,-0.390867864603109,-0.522515978487784,-0.253256799440897,0.0276488419860949,0.295905047828068,-0.281618490987152,0.108178202230197,-0.407082801404478,0.0747295044600749,-0.426934533337651,-0.138353935401944,-0.243039441553839,0.301077742803634,-0.218377683199369,-0.731587967745035,-0.0602151519746157,-0.343601360869995,-0.203094020600959,0.0179402245847056,0.462947946862148,0.156868198563794,0.84069466357924,0.17014870978104,0.468683755817628,0.0152343623138196,-0.187019507113716,0.238654679001007,0.413891012318103,0.0684078124991225,0.338212026322605,-0.131358867559296,0.408769045269088,0.0279352841708091,-0.0756071426773658,0.0503943453181083,0.417146022499478,0.25533565112932,-0.298635775276588,0.0532850541172723,0.58811123772846,0.277055709468377,0.221947730985068,-0.0892037611785988,-0.339152607157493,0.164214573423378,0.255487803780257,0.0773129322139521,-0.13334105898903,-0.413514545664718,-0.315438555637169,-0.300488892272594,-0.207515776088678,-0.331757516253698,-0.290446831125885,0.077316032692911,0.117452130472925,-0.385848241173444,-0.199266603693333,-0.314414918395406,-0.337114927852245,-0.198584954448927,1,0.311937446128066,-0.185275934979134,-0.183099054480011,-0.0474528894410648,-0.360494665889597,0.520180114057617,0.538394355230074,0.308295313465816,-0.172715433847199,0.058623140821181,-0.0133873680976983,-0.173255302018093,0.0956206835155867,-0.237281515977699,-0.108489007397456,-0.0202138778337352,0.210544600891937,0.420956594925433,0.364266893409856,0.057141506485184,0.108129503900287,0.356845244822966,-0.0946760474870748,0.216865439152352,-0.081515188478354,-0.323833934837035,-0.00523765061872265
0.114023854686747,-0.715094446024033,-0.635970714095666,-0.167703951245841,-0.540111557575601,0.0168844320933846,0.346660376476131,-0.899370871999821,-0.414302657306588,0.262557886786736,0.377462820819486,0.365332235990292,0.0746126677179959,0.141602996417634,0.198690478431591,-0.129279810394303,0.344573327236478,-0.626091087804152,0.0994366290104262,-0.175209538255472,0.221125306026476,0.181018338181497,0.00522204045186955,0.0318594718401646,0.0521782684825756,0.167159915408704,0.515843404401743,0.446142132863784,0.103976515349996,0.0773421657132378,-0.149975911687912,0.081009315764448,-0.243370401185473,-0.432392050905152,-0.257270807828076,0.257885639244529,0.575319312116859,0.268458952812757,-0.248403757029414,-0.162165297233898,0.091173196857759,0.307277202736495,-0.208743779231478,1.00543339713606,0.757624624724776,0.477384635417615,-0.121176971855704,0.399078327544597,0.834151430826924,0.76872437706212,-0.128007844196419,-0.815166607868324,0.289356954684325,-0.588743273184521,-0.165484108926613,0.327570794458084,-0.98082665920131,-0.316864788002284,0.302575470445608,0.0448132524308029,0.205599192495365,-0.125338585877096,0.486169647788265,0.587273413126587,0.278889379513582,0.470176152664916,0.345560713547091,0.49918643000361,-0.299428338153082,-0.24857989912145,0.138524080088182,0.308077108503229,0.311937446128066,1,0.303206061191295,0.224568835793683,0.175467725253685,0.0626762736088069,0.266551637148511,0.123374616367986,0.125028226497421,-0.0723851538502847,-0.124337310635525,-0.279547758175549,0.294971257508817,-0.160835720218366,0.549952282657919,0.0645868029666844,-0.0700243973885362,0.0344504919432623,-0.110614949232048,0.254395986596074,0.0922691090565709,-0.0185861836076072,0.0446157718298366,0.696903059278953,-0.0432253408354284,0.651791646671076,0.413245506061101,0.449407020959471
0.927212183271841,-0.166354850227928,0.104879052752935,-0.154319054453217,-0.59744846089784,0.217677045972937,0.755690028236894,-0.132524348562758,0.173922370814947,0.241946335174717,0.0741709395526666,0.170171741271098,0.324281356446705,0.130339179533096,0.329498281382095,-0.343373174020118,-0.20627583515132,-0.484374966643485,-0.393693319584896,0.15676590177141,0.0321763097064775,-0.432695805345146,0.123646229023414,0.170335048281666,-0.0779868337504472,-0.309505786146297,0.607361954434394,0.0300550817137644,0.465120889428134,-0.329952272145142,-0.073003106011072,0.420718890872394,-0.312226195326523,-0.665805648273672,-0.222774394138734,0.362966747477381,0.0455697007923205,0.901463341858591,0.291024332540642,0.512293834243317,0.148051883902903,0.273002431430129,0.372024576241208,0.969495981730073,0.280754357436876,0.425297959118859,-0.25270029225747,0.446394394621874,0.691194008141331,1.01990537166894,0.527388290014838,-0.219736586926655,-0.0933547421510967,-0.456991024123846,-0.533583184310718,0.324808045167274,-0.248016273949119,0.265661611392061,0.112468787524348,0.129449810360355,0.0530587604213981,0.4408801754053,0.437584837400253,0.650914749411682,-0.100632660438613,0.302130244987334,0.395514133200288,-0.0176195043585053,-1.14207030784538,-0.92778730902674,0.162258204088611,-0.35165146165838,-0.185275934979134,0.303206061191295,1,-0.0519195025449982,0.139351381309964,-0.561631418350749,0.551563968042056,0.282471172480554,-0.500218828418014,-0.742261876630279,-0.400315953254619,-0.852596884116155,-0.462370367721307,-0.527862604398577,-0.317749899966834,-0.507466912875326,-0.173209272780317,0.136163213531296,0.235806664754484,0.537259227704341,-0.172788450634452,-0.0287464950397482,0.0555577807343859,0.753382412048006,-0.148469196372448,0.676051702980291,0.518533010393918,0.693757875987094
0.519722209937592,-0.46925450752892,-0.260362093777795,-0.403641264126202,-0.887059043702799,-0.19340318982586,0.633125119081685,-0.286359961812702,-0.263850590663173,-0.241048685051439,-0.225424334626364,-0.286798356010081,0.156571646683746,-0.171374787295739,0.255965838254287,-0.133989372505956,-0.14362915342768,-0.3431128050911,-0.321525801942845,0.0994829398442471,-0.109215275630061,-0.436724439266449,0.0779673153883879,0.0914070073170674,-0.323452657089892,-0.694988145876337,0.439037662969055,-0.256846865711123,0.174060835206241,-0.333471898386156,-0.0923461985196736,0.29953200614782,-0.175967759578351,-0.517377626221619,-0.126777187693886,0.0364292566364899,-0.123446054948251,0.580544549829093,0.247535593947972,0.143967655207645,0.221839074668055,0.128099548391482,0.29996028490096,0.728577347829868,-0.0605278904404338,0.577752509087673,-0.00539698958170254,0.692721749319969,0.71628313475367,0.762010230773999,0.415396544882499,-0.315150007684644,-0.36845204607721,-0.609456532434683,-0.675858309525239,0.213793103862099,-0.244994072836377,0.0372149756675517,-0.042481603320501,-0.0502210961961591,-0.0803187154193665,0.546083444622506,0.3496293011522,0.530504367203321,-0.0564449672457968,0.23880104150893,0.482836226300754,-0.091337201024236,-0.791090739350335,-0.718018743164611,0.235499042919583,-0.147139748726151,-0.183099054480011,0.224568835793683,-0.0519195025449982,1,0.0922465020174708,-0.611547067343437,0.446312602863617,0.369459516387898,-0.373523612254957,-0.41371473752781,-0.160963446265971,-0.40595522827862,-0.136370256347292,-0.189804435179961,-0.541970624363926,-0.244410023952795,-0.0612952656665314,0.390793258375341,0.644163162015072,0.476130942607517,-0.222425504278843,0.0844828034245011,0.280301941972105,0.736183501255427,0.210775494144505,0.864658444620362,0.594895160587028,0.630145693000956
-0.0347364843561354,-0.565066438414416,-0.301755364716538,0.130593050302086,-0.567720422075324,-0.321489348367429,0.333616840795875,-0.591622084108612,-0.372177883280281,-0.416949255263765,-0.0397231715488344,0.0022470249321942,0.404359758222512,-0.442327967172406,0.495308507863754,-0.525429052192139,0.31736022893055,-0.751851674019363,-0.418200201302819,-0.890893978862041,-0.430114966971356,-0.361990374204156,-0.443349005582769,-0.0609790166119334,-0.568551265909474,-0.0715453547266786,0.717324182182722,0.134956642087867,-0.804636783303261,0.297139351647154,-0.101414447390048,-0.268070711434825,-0.287911650575813,-0.57708290124406,0.0685814255605705,-0.225147944149866,-0.36015618582862,-0.0738557592379834,-0.355975113722126,-0.33895823226878,-0.194936697305588,-0.0479500072504653,-0.266930974728499,0.936335590641972,0.217257778286498,0.80287030791865,0.195732691399166,0.848754736979128,0.643609253405501,0.431949798940986,-0.410684218473526,-0.615603222075558,-0.318136875545114,-0.275273241913854,-0.274984557205428,0.2406696433322,-0.501478458820844,-0.0365556452677571,0.251256022987517,0.269498879705091,0.356272139881463,0.58559038533091,0.525580488136225,0.467087868618172,-0.196521920392408,0.587106076885907,0.23101469963611,0.0457459628674012,-0.567207643894323,-0.702229465326411,-0.20550391211978,0.447950381999519,-0.0474528894410648,0.175467725253685,0.139351381309964,0.0922465020174708,1,0.105897166258369,0.745030658734491,0.407521604663098,-0.375069321283903,-0.217347468301132,0.0769261260310466,0.0901764649837045,0.337325695453193,0.193407604964897,0.0355838082686269,0.190034992979951,-0.602395207247146,0.315259876018909,0.584553459685847,0.643425391648625,0.0649052291979192,0.13325843934317,0.357151209666421,0.882021430614994,0.472987962075495,0.712091907492539,0.578316601524547,0.479556237981953
-0.296627363050684,-0.2345132949168,-0.518816907938282,0.177690630065569,-0.423874558016076,-0.530253095470944,0.00643640438824675,-0.123326647990239,-0.646818777071367,-0.56208950853953,-0.381895488336802,-0.775222186879945,0.100277446590811,-0.493789816364027,-0.238013055367161,0.0870067237899197,-0.109653081851343,-0.171838823588525,-0.398478734500637,-0.299177473729189,-0.697956207210027,-0.457329571162163,-0.381640598431025,-0.123261380668893,-0.9031350562231,-0.46310053143194,0.189061773905634,0.0684810256213194,-0.749839955548684,0.0251925958881255,0.401300641090154,-0.336465729741105,0.400133399016136,0.0722138609251154,0.517228838286391,0.0881470247120682,-0.544783920129802,0.0124485913728162,0.171167670961633,-0.412147249051876,0.522657304481804,-0.384052583865656,0.0158722590089201,0.333868973392124,-0.418109434587297,0.602407884077067,0.782597699766942,0.864746110475725,0.0117732814086572,0.0397204294073253,-0.0753817255824622,-0.237436979343888,-0.152039100958703,-0.0889404029484795,-0.38987582986254,0.148714940186682,0.190491495812423,-0.324170255127078,-0.156583746663112,0.0106110438563714,-0.269416414731359,0.341870701649426,-0.18964369504088,-0.0318146283173604,-0.405182976489736,-0.0716326134349315,0.308997413210448,-0.21867770092126,0.0739383848999646,-0.195699633445084,-0.595459562951754,-0.0844261327848843,-0.360494665889597,0.0626762736088069,-0.561631418350749,-0.611547067343437,0.105897166258369,1,0.730254526734472,0.297987008346932,-0.268312209574924,0.364305894471554,0.276251162636062,0.446344056713296,-0.0790500321462514,0.759818200713189,-0.310687918759854,0.37283215869628,-0.193376231149027,0.53853049697973,0.57839853105647,0.577544968553627,0.00333281161614696,0.4994111558225,0.0737396238057432,0.341965512714851,0.725671767191943,0.392315473699248,0.259539047115243,0.344675178515913
-0.0608400676759639,-0.406214946015701,-0.533701577561625,-0.0213747029149396,-0.197784355859923,0.226453190007997,0.0728139116214539,-0.694284225738766,-0.0257183315289303,0.33381368121103,0.364068528668151,0.475326472891692,0.172443591145909,-0.0609371513552504,0.0744985144884004,-0.387796052032202,0.504290719643318,-0.330422659718112,-0.0501472492014492,-0.118735723795202,0.216659324564021,-0.0683139997474599,-0.39620206872378,0.102325920398297,0.0158766934752206,0.864787830183312,0.461139576560426,0.464311365204563,-0.0648765160302369,0.28784138420532,-0.107007276433288,-0.770083795254756,-0.422374894280699,-0.405071834860435,-0.424691507378519,0.565760396410462,0.148543409033119,-0.595138355207507,-0.526019125754054,-0.0679007735293091,-0.293171434158575,-0.25749001459842,-0.968206371175466,0.479724419120326,0.813157710789604,0.0477160077607337,-0.324976029936531,0.372818689793877,0.264268442148628,0.386335979544222,-0.602570477964614,-0.870235585671457,-0.111108224041542,-0.317757429575384,-0.000444261650273808,0.120394385026702,-0.873553289270985,-0.389012872708539,0.694918320525821,0.642694299700569,0.682566498067408,-0.093918697381161,0.452356176402711,0.432702395539168,0.316026108967248,0.204879891396755,0.286600235427589,0.397336799420691,0.0422907691135508,0.0378253888443524,0.128776535227238,0.651902404005374,0.520180114057617,0.266551637148511,0.551563968042056,0.446312602863617,0.745030658734491,0.730254526734472,1,0.0368359817866597,0.183909813491668,0.0662255161625356,0.319275426054634,-0.101521886758094,0.50525430259742,0.139952990261879,0.984018659091094,0.551895028684829,0.123659590454686,-0.0321070190872026,-0.262589452808489,0.269477413208183,0.477073640205882,-0.133345070695242,-0.0662453907980558,0.220888680920728,-0.120497567216362,0.535114629592662,0.403081757087532,0.689208375655672
-0.251250845933974,-0.522897360475033,-0.549753113071709,0.382990251113927,-0.270881144357046,0.0289648226797519,0.194594630660094,-0.620119717385006,0.0300309653708502,-0.0847510902614364,0.0162405072737259,-0.0118215944192061,0.167380767496618,0.0453346007504214,0.564240271750504,-0.302335621495998,0.0213605959569145,-0.393782951977034,-0.050467594833808,-0.451740626773064,-0.145620141563202,-0.43043670870152,-0.364380730491479,-0.343922605950662,-0.123239048142012,0.170265065957756,0.254225360259264,0.170829109923983,-0.0386198809228386,0.236377683730669,-0.0817000101253721,-0.685359890461716,-0.729564025722437,-0.547555827283139,-0.545452104843287,0.27768123956676,0.384614377410838,-0.578868093572513,-0.66317078719972,-0.185334765293402,-0.229981283028166,-0.147522496423783,-0.826194942696602,0.637435707415318,0.624898807515027,0.158979301261238,-0.345391086760311,0.565922270224324,0.767435709624626,0.71017128062069,-0.108776405439777,-0.515507691847325,-0.110181736097644,-0.115940798696005,0.00118208360334315,0.215799030304238,-0.681108048206614,-0.158812632772005,0.761584356722184,0.293931930205192,0.603451548073978,0.0688417127312696,0.673720953642208,0.45467817736623,0.230498869941075,0.621547691245552,0.0977049882144423,0.0764026872203452,-0.196282142847069,-0.0211983505003659,0.115320934254782,0.196237915531702,0.538394355230074,0.123374616367986,0.282471172480554,0.369459516387898,0.407521604663098,0.297987008346932,0.0368359817866597,1,-0.0960340046683041,0.101723296498058,0.152431855720805,-0.194511615708418,0.479115455600289,0.0459401130159205,0.901972722174819,0.488552253985918,0.317009813677611,-0.0856913969276534,0.0274619195726299,0.263488995909257,0.350728538977374,-0.384211139148943,0.0113018191474201,0.661460817734653,-0.187561110166215,0.572509130616514,0.561683515230676,0.770972578542156
0.575389422604954,0.102845839486843,-0.166754253703686,0.0534673909418101,-0.101832596828064,-0.00055954047009138,0.366613584960858,0.0762805829034123,-0.226209851044945,-0.0284938159725239,0.211110119138084,-0.303622763696444,-0.0601841738126477,0.421214087027711,0.176467720191336,0.451676711624843,-0.360226834603346,0.128606424374903,0.225055197313147,0.53693444569964,0.210807873270466,-0.0645918108732266,0.528754616811415,0.115933645842016,-0.272689078450948,-0.55112055553455,-0.015648039797965,0.0141188168265989,0.0198101937334292,-0.170694774352312,0.0862409319581563,0.619307820794706,0.166861614178814,-0.191835052075589,0.116901137551149,0.640453640192482,-0.113700596436864,0.517077941882417,0.233957602908848,0.207449321913901,0.805919876036249,0.0753106491402765,0.399400879113273,0.279360502753015,-0.0525926840061968,0.0228550392594771,0.180088598110039,0.249863197073361,0.327777317459063,0.467934330409968,0.831907061409524,0.113677530477357,0.532359998704342,-0.13591583406104,-0.464103260981304,0.356418779421556,0.296596102743337,-0.132496298552551,-0.305830245682092,-0.231117257916449,-0.509625705229801,0.0375573591975404,-0.0447918145732824,0.289404794796651,0.0430754922785391,0.299223526288054,0.436259505584782,0.117446881452087,-0.309106011504786,-0.0167038042928055,0.0588787923292151,-0.491997718748957,0.308295313465816,0.125028226497421,-0.500218828418014,-0.373523612254957,-0.375069321283903,-0.268312209574924,0.183909813491668,-0.0960340046683041,1,-0.128534518247467,-0.410514810174767,-0.553292058156346,-0.370121201979126,-0.242161095085922,-0.443666259000314,-0.387944282482402,0.399091195999733,0.160882163331447,-0.144351269363661,0.111485816021155,-0.086815258080944,0.133032514175433,-0.0410486747658412,0.308475561480681,-0.133982316676916,0.279268694274063,0.12038270642425,0.0116989893651422
-0.470688568061614,0.2981181799728,-0.232646448682399,0.42468961264363,0.269618583163767,-0.165844911727256,-0.297115985573576,0.336116983358142,-0.121632875028769,-0.411021489511309,0.0508052817518086,-0.622571737104423,-0.0948251090603927,0.00893388310193892,0.224005533690335,0.667817789572774,-0.381160475237204,0.238685562366543,-0.0245941719100665,0.115615920933637,-0.22424722306859,-0.0143254357964096,0.0246720990363354,0.0540182423850262,-0.499833867501675,0.0330151941332631,-0.254963679077842,0.485000228451837,-0.464714517315304,0.590009529027446,0.491577585070559,0.0296581902576048,0.343822955533702,0.229364012076172,0.429184869619261,0.140250240538296,-0.409625084336448,-0.331730832537907,0.00948773385312309,-0.176896498962464,0.669911233097028,0.101025632285123,0.00329344326286928,-0.314289669721323,-0.143298665785377,0.130952179181096,0.551629752443909,0.0522127322961826,-0.332966455536424,-0.552266459745922,-0.0635251350961646,0.272583539450035,0.524528910704244,0.20341079536646,-0.176690408160197,-0.00759939447808899,0.510381124625333,-0.267103723464994,-0.234503588043886,-0.197516168225118,-0.435144972124152,-0.172665098223287,-0.197691932978985,-0.405600506994914,-0.240707158724944,0.256831888887543,-0.341276161093368,-0.437168740134324,0.142010864439685,0.243516156692789,-0.531266067471588,-0.163753273790134,-0.172715433847199,-0.0723851538502847,-0.742261876630279,-0.41371473752781,-0.217347468301132,0.364305894471554,0.0662255161625356,0.101723296498058,-0.128534518247467,1,0.0529716201690584,0.0331950600151247,-0.134950363304253,0.165352851539169,-0.171282933896455,0.162282585255874,-0.210139206671511,0.0407895956812594,-0.45045247898378,-0.0708995939537581,0.325082811563877,0.616947964073687,0.296910427770701,-0.276780986885145,0.368927858777329,-0.804447243008736,-0.47967180066037,-0.73310359869622
-0.023493063023929,-0.116992922416475,-0.231199747177959,0.286192982458126,0.204058764108443,0.191299763863242,-0.0260970938210178,0.0145124829233689,0.0209417562153176,-0.0712835587361494,0.0954615339746102,-0.316536682017395,0.161263620580162,-0.250756536914947,0.585958720286881,0.027499660604739,-0.47136068963451,-0.301122468936362,-0.477719783859316,-0.331758595341941,-0.546681950789146,-0.435159758389189,-0.399185135212359,-0.348282245494448,-0.484398544002241,0.160073434001474,-0.0213086895195705,0.361970185726434,-0.60158103088774,0.496920009696436,0.317110340346572,-0.292712449760905,-0.0450702066814376,-0.380320165735009,-0.0619625716309305,0.379924704357441,0.00622836445842875,-0.358356449582173,-0.277322239089724,-0.195903738340561,0.535907920295048,-0.150627929502169,-0.568520906293126,0.572958945787672,0.116070923163115,0.295208242057055,0.336463983219231,0.606105704310621,0.260470151249913,0.195805559155842,-0.132759644480362,-0.143151022713551,0.281970677672063,0.0316308976782597,0.0975944566105174,0.267713254275602,0.125485238802143,-0.0512083170140145,0.415161104796514,0.212155669425367,0.291128037736345,0.0397887530164441,0.578881273367213,0.241873458688753,0.0943869767716494,0.581687436880647,-0.104314387330394,-0.291721801933198,-0.138841368843649,-0.0233674102903264,-0.445203942682157,0.0192808301368927,0.058623140821181,-0.124337310635525,-0.400315953254619,-0.160963446265971,0.0769261260310466,0.276251162636062,0.319275426054634,0.152431855720805,-0.410514810174767,0.0529716201690584,1,-0.127840934693217,-0.307292170207825,0.013977090721348,0.235146061437252,0.182024000661454,-0.286543390488145,-0.169710097775114,-0.466465495422264,0.254166926987418,0.528110438696938,0.138727920094567,-0.059365388014841,0.422061919456121,0.0757485344500237,-0.14005349654059,0.271022998433464,0.15258261933003
-0.408505597625352,0.203192812117762,-0.389782212328295,0.494183454362179,0.149266414094274,-0.0598445183070352,-0.129600516501546,0.313082245087477,-0.331810645258434,-0.513154867922629,0.0467675631338296,-0.610885522753098,0.78010529752325,0.153436275289324,0.518892373586222,0.225824518767973,-0.289421983746075,-0.238585233041866,-0.0286339638700917,-0.224146550743986,-0.490764498595727,-0.273054346860854,0.0447625322068725,-0.425754908039046,-0.794715326731819,-0.0791281361193799,0.219015126686727,0.235973839628458,-0.469115947518623,0.708625924045905,0.320157332292262,0.0122683910109261,-0.267818236737642,-0.32965250236691,0.272247641314817,0.231034204726595,-0.559309110678949,-0.220874280235495,-0.552554397888425,-0.458041612256117,0.552997154092339,-0.39944271738255,-0.30759321203447,0.218877436353101,-0.099623545776647,0.348982043385795,0.640082558421471,0.778226411741248,0.264071794396393,0.00500604374689534,-0.0459851286093165,0.106228977359596,0.466680746787337,0.235654752137435,-0.18774952575076,0.405839496054367,0.42049009141521,-0.169787928870673,-0.0809712681119483,0.34012690956582,0.0967255396645606,0.643873064245876,0.337929576536751,0.0169780031981873,-0.137887916023389,0.767961602942151,-0.269376936576251,-0.289365726288285,-0.139782416093076,0.0414000665794094,-0.291960221299557,-0.262161533501579,-0.0133873680976983,-0.279547758175549,-0.852596884116155,-0.40595522827862,0.0901764649837045,0.446344056713296,-0.101521886758094,-0.194511615708418,-0.553292058156346,0.0331950600151247,-0.127840934693217,1,-0.0352037355961867,-0.192999655204299,-0.337089541370905,0.249133632588125,-0.371950713869438,0.0215682143837617,-0.426177484102913,0.175325470192162,0.0193937489637138,0.165092157509146,0.123108503845509,0.351580854625855,0.204750498809421,0.0262200867856642,0.151101984959664,-0.241472352178111
-0.0894817863277523,-0.157030423936668,-0.297676768066355,0.220121855889905,-0.206658553023137,-0.261118929321133,0.395935634572668,0.0932864218218774,-0.150905219955406,-0.163311832730746,-0.0390097025954289,-0.287857105339391,0.515397701444296,0.0182949069776732,0.596793055164217,-0.0485360288071481,-0.420132267349266,-0.55834707987763,-0.381795339432625,-0.579328175178342,-0.80327255911893,-0.461864051487058,-0.222736732330406,-0.161724485504495,-0.405167982647491,-0.516901866000005,-0.0341296417482326,-0.448242548808227,-0.578984520953414,0.112799583591945,0.128339984015874,0.152968379750949,0.0300777342210663,-0.539599870704461,0.132689040081516,0.00288103094318083,-0.159638570878237,0.129532657912262,0.143570742478213,-0.156941912561305,0.278002014935471,-0.215076486945037,-0.0853891653509446,0.641303283247711,-0.529544841274395,0.478945534399436,0.386696236474209,0.739999721256022,0.650968169752469,0.543913833103756,0.505757652181154,0.0550578404853091,0.138598402287867,-0.169944572787331,-0.216546893443927,0.626364123958357,0.272784446612138,0.123862588634002,0.237746818820034,0.254947342169915,0.0868603688504671,0.562276705516521,0.468467100138945,0.118035466811279,-0.223535258259844,0.786928542034969,0.175647657063568,-0.503690518272987,-0.531183782641268,-0.426872857505907,-0.422783376767812,-0.228580064925606,-0.173255302018093,0.294971257508817,-0.462370367721307,-0.136370256347292,0.337325695453193,-0.0790500321462514,0.50525430259742,0.479115455600289,-0.370121201979126,-0.134950363304253,-0.307292170207825,-0.0352037355961867,1,0.100222468304342,-0.234532153527886,0.00677351143470883,-0.166194578126711,0.429981879342282,0.635039273286184,0.880717884687152,0.259097175679876,-0.0380565515847658,0.406424965295685,0.76905202199977,0.442275545423851,0.387895410744291,0.653581357128215,0.539507200139855
-0.326032687001182,-0.0627639331041239,-0.469932696333144,0.300031595176541,0.103002733018837,0.156174823861583,-0.256322047764125,-0.333969957523979,-0.210008089760651,-0.194298875296578,0.156244074236473,-0.193168191814047,0.487280620076851,0.169605592838427,0.188500434237227,0.104416272946075,-0.175750919971745,-0.367110596430284,-0.0301614531963418,-0.23136386743057,-0.173322474650351,-0.171055571070488,-0.171836068587482,-0.207053692917214,-0.495375184476246,0.508402007609552,0.30069128487296,0.71242399389655,-0.431029699869123,0.652049472173163,0.325222818842522,-0.317709397766101,-0.179243718197196,-0.213025238959014,0.167583926620592,0.250198704857756,-0.0860318941102479,-0.221274090678218,-0.243426796925568,-0.25905748947964,0.532611833221882,-0.113715884226579,-0.47664813199687,0.472069253374143,0.335531164917578,0.493086790818125,0.449011160554699,0.534207124474419,0.346529950707314,0.0906121579665109,-0.415971394722468,-0.244033689767636,0.302685107223002,-0.17736264342971,-0.0168266527880025,0.114088704738906,-0.243757917594175,-0.329484324597502,0.162158916536949,0.216583597510757,0.0725813958390993,0.128348248856438,0.359461444586705,0.195060131408113,-0.124923418605648,0.380201907415683,-0.167577369586634,-0.00336606342415881,-0.0476968887433764,0.0625067998151427,-0.452958135379004,0.00966323486256179,0.0956206835155867,-0.160835720218366,-0.527862604398577,-0.189804435179961,0.193407604964897,0.759818200713189,0.139952990261879,0.0459401130159205,-0.242161095085922,0.165352851539169,0.013977090721348,-0.192999655204299,0.100222468304342,1,0.477612137508106,0.425091198031919,-0.408146375633039,-0.00147141145877538,-0.447375431662081,0.279264737582364,0.233112665131931,0.344058195235985,-0.0225545943348208,0.333756527216373,0.317397565483809,-0.0293421643312935,0.163967161331832,0.0254670512889207
0.0116611426382682,-0.353876749884355,-0.528136127515356,0.303811378616963,-0.578818146223555,-0.363779829775055,0.207471527711341,-0.419892921248213,-0.310677769596649,-0.504506837600745,-0.189939414528628,-0.546757775824682,-0.152625800237869,-0.51045446041715,0.459803147746418,0.257296588218799,-0.111945384760895,-0.295292248832182,-0.529219315885455,-0.224713638024862,-0.423435410809088,-0.596835513510657,-0.530188581812253,0.0926996084475423,-0.854795053740726,-0.317932505678061,0.0722012008765101,0.0148763757639602,-0.726664503764291,0.0493661031573862,0.147266205279105,-0.184133185743185,0.305008645004735,-0.348752858505443,-0.0920512507603551,0.249939386865025,-0.47646821819766,-0.0597956618027517,0.149038532107254,0.0589099402834938,0.612744635338372,0.24329924027829,-0.401297113005489,0.824984717842566,0.219382855602881,0.820347869179871,0.270961010383945,0.661455222717847,0.322790619828285,0.492351198529663,-0.126659083524663,-0.71842672287025,-0.228417462841581,-0.431773201735769,-0.640097777158474,-0.0414290327208976,-0.319525815192253,-0.332248042236413,0.240441255147475,-0.188332083289907,-0.274863239938811,-0.040112914940645,0.102153091625044,0.156910493967057,-0.394349233033477,0.392956406726404,0.328784956725366,-0.441103458588399,-0.565946346506141,-0.455749931069916,-0.663391382808637,-0.0559444953195059,-0.237281515977699,0.549952282657919,-0.317749899966834,-0.541970624363926,0.0355838082686269,-0.310687918759854,0.984018659091094,0.901972722174819,-0.443666259000314,-0.171282933896455,0.235146061437252,-0.337089541370905,-0.234532153527886,0.477612137508106,1,-0.0660355092721857,-0.443871304430769,0.638467692929282,0.643041344591542,0.769486980256114,0.59929734723254,0.56140432639124,0.385357283199465,0.778172303493294,0.646489626565026,0.125855501467058,0.259847087301155,0.299880864658755
-0.572873393823101,-0.134487507351392,-0.433106305745584,0.22118017708653,-0.219127655665169,-0.362521449136125,0.0491573339681712,-0.0516586956142321,-0.477236857246402,-0.48965871816731,-0.172301863243022,-0.540581721722313,0.295377248574464,-0.426777748156358,0.295668454666763,0.141247377856729,-0.0755343976773349,-0.30844920825095,-0.337535300531715,-0.571570772445744,-0.614225934347335,-0.339503268040694,-0.442059857432195,-0.129476250265385,-0.795539103864052,-0.203026362386813,-0.0154389868817964,0.14112445690193,-0.975747527285607,0.603456641140824,0.45043354842485,-0.250798349882905,0.157445914675832,-0.2601030540448,0.161506046888485,0.0481145847019093,-0.363582093621704,-0.474806839214578,-0.263915530023572,-0.468014528416717,0.491989735943607,-0.236158655044577,-0.450754374376679,0.327722751679679,-0.34838485726324,0.583386889983427,0.67028527098695,0.652180994884613,0.10781479728224,-0.162127646833531,-0.279851477068825,-0.209761228742341,0.111199101998488,-0.0362843453588254,-0.233314521958742,0.103636767780884,0.0448464788555341,-0.28308321424495,0.217603435342254,0.151786400704036,-0.0127842188195013,0.223681429570826,0.205879504187149,0.00989715329024538,-0.215473750950701,0.436472903150993,0.0062446927001166,-0.256247678929476,-0.0819582078646564,-0.0266690809120221,-0.48994776284485,0.196589045858284,-0.108489007397456,0.0645868029666844,-0.507466912875326,-0.244410023952795,0.190034992979951,0.37283215869628,0.551895028684829,0.488552253985918,-0.387944282482402,0.162282585255874,0.182024000661454,0.249133632588125,0.00677351143470883,0.425091198031919,-0.0660355092721857,1,-0.651205072028278,0.376350237116669,0.167336786679346,0.530490618676201,0.640636811189791,0.586470097244042,0.302015659024467,0.424600541510996,0.672991533329889,-0.106636459169051,0.176094659710816,-0.123128620862437
-0.0493444661967534,-0.0922372838940187,-0.397910629159228,0.193643221361121,-0.190356000021718,-0.510421303444034,-0.232611885252702,-0.107676631707461,-0.580895947545011,-0.200361131334685,0.173500034015763,-0.127861167809778,-0.323441827281943,0.480390683108466,0.409000174923215,0.190497411611036,-0.196426160713596,-0.193909830968258,0.274402667338075,0.0980202141639352,0.286045452954152,0.02895310140993,0.0627932637540026,0.24403531427485,-0.163617605513735,-0.26128282184333,0.129462076980888,0.27699192570109,-0.0720164843102313,0.0546818399833315,0.25284306900213,0.545486367406748,0.398035420897877,0.0162363388961932,0.326815158066524,0.158316562533941,-0.0168305103796833,0.460447623925777,0.223979905095326,-0.133148961766516,0.467213601385055,-0.00373136344738398,0.737652301803378,0.0741232886502168,0.162009351599941,0.0495403997088496,0.143559155529081,-0.250622591373267,-0.0451290020472741,-0.0581453960812182,0.253686172415608,-0.0744912764039791,0.476338541578353,-0.172167306969908,-0.463736368467707,-0.193828920347291,-0.013243344887491,-0.375514111513197,-0.329439207898093,-0.293073839890073,-0.277167464527395,-0.107195351828809,0.133084122050869,0.425114523833913,0.347907603472057,0.483657545794412,-0.161750474230201,0.334174508484457,-0.161550756366527,-0.156285166111144,0.17905373712656,-0.248471829317667,-0.0202138778337352,-0.0700243973885362,-0.173209272780317,-0.0612952656665314,-0.602395207247146,-0.193376231149027,0.123659590454686,0.317009813677611,0.399091195999733,-0.210139206671511,-0.286543390488145,-0.371950713869438,-0.166194578126711,-0.408146375633039,-0.443871304430769,-0.651205072028278,1,0.088591532716935,0.0399807411512758,0.0493884804081554,0.0801815789377728,0.259791782186442,0.404414784258262,-0.0188302436660631,0.0808368765508267,-0.429018833786274,-0.437634726272251,-0.469387636905417
-0.217947434633648,-0.52222603786886,-0.554780887607018,0.0809152220138418,-0.0512366313051555,0.0527097743829764,0.123054045271598,-0.615542496056129,-0.10637711451028,0.163929149364028,0.408843079655976,0.330067607991782,0.498802139511071,0.227138628723474,0.471884900021408,-0.148650559960437,0.172827401251066,-0.522801006186222,0.148389746920756,-0.382116045414251,0.0797341447652517,0.0240011394621721,-0.206295879845862,0.0278821854341665,-0.0351444786499535,0.442470379218747,0.0256688954257767,0.304613648352617,-0.145603905910154,0.310860291500148,-0.0694574038804187,-0.246442736542402,-0.550790886749296,-0.454097551160552,-0.288242385986582,0.263623976305832,0.285884485185924,-0.606082850938825,-0.648601805138632,-0.205821038814433,-0.100571302755421,0.277490552159538,-0.605276389244339,0.55407229106332,0.379232728282713,0.240784711243703,-0.242871031543157,0.333405596852714,0.743639937295491,0.445094611782698,-0.268171609436498,-0.58462136741154,0.0106693488399258,-0.258219372565621,0.0308392760711338,0.120395108163202,-0.643006115597923,-0.133210925221182,0.527188548820912,0.247703719447266,0.421927688764525,0.19954626381912,0.672286137259846,0.19790997804819,0.105302651233948,0.735604168192959,0.216911814800199,-0.0274811527342844,-0.0784069008746107,0.0548477291170182,-0.170322261639998,0.321643915187904,0.210544600891937,0.0344504919432623,0.136163213531296,0.390793258375341,0.315259876018909,0.53853049697973,-0.0321070190872026,-0.0856913969276534,0.160882163331447,0.0407895956812594,-0.169710097775114,0.0215682143837617,0.429981879342282,-0.00147141145877538,0.638467692929282,0.376350237116669,0.088591532716935,1,-0.169189049608387,0.063737878605936,0.395044163164524,-0.00169269644362918,0.0932091411235025,0.545965525029307,-0.0299076246752102,0.518811276183826,0.492655006339248,0.301115390553601
-0.296445000639455,-0.421887418904029,-0.391957436965879,0.54920974985747,-0.214736774671028,0.0152288983046173,0.291611563372397,-0.35802956513899,0.18084054624483,-0.195964784329886,0.00808640299283039,0.0679928482216305,0.572721200455305,0.222033696529248,1.06197882671055,-0.202267185482917,-0.0755425205561265,-0.571771764782608,-0.101799291968654,-0.513700912871763,-0.0255116405248481,-0.501627536627043,-0.2129053571985,-0.0569511956878315,-0.0540707728952331,0.384164420961775,0.399068238189073,0.21028108155495,0.110616026077283,0.421729884901731,-0.209904671990365,-0.306131161706769,-1.09450543435113,-0.750351020656218,-0.40178594698252,0.00643235338311249,0.0048769727985864,-0.558494969348531,-0.838054130094316,-0.162773646244698,-0.447343479531032,-0.198378125609291,-0.547014504890771,0.517439184265547,0.311013096064018,0.139989698209181,-0.489417894078097,0.528230451078544,0.875746003163015,0.489809693100831,-0.0644213681153957,-0.248928998831855,-0.0728306832609169,-0.114339351603893,-0.0755452593073986,0.273157210144135,-0.351939778721736,0.0644357636565231,0.651664105589984,0.552037581498237,0.759725155707232,0.604251441713142,1.06750606430147,0.450528587519577,0.231752039515185,1.14233592275434,-0.135898475985939,-0.263764286168442,-0.613683856767684,-0.235042907889411,0.274159164544955,0.135388485152054,0.420956594925433,-0.110614949232048,0.235806664754484,0.644163162015072,0.584553459685847,0.57839853105647,-0.262589452808489,0.0274619195726299,-0.144351269363661,-0.45045247898378,-0.466465495422264,-0.426177484102913,0.635039273286184,-0.447375431662081,0.643041344591542,0.167336786679346,0.0399807411512758,-0.169189049608387,1,0.108624010182287,0.108943916440001,-0.520483806400633,0.422674264382219,0.586867686662669,-0.190650392028923,0.468606426509317,0.468249800525142,0.373772275876207
-0.531828841563401,-0.947324268033641,-0.573919565786906,0.0591632655298586,-0.681991477978676,-0.357470174554746,0.150492446847444,-0.829597672765438,-0.276854468082036,-0.318800760062539,-0.102521274865101,0.105697299583603,-0.0756290909478695,-0.372779926723331,0.472344093304422,-0.202875564353813,0.412840536436339,-0.25894097286767,-0.238182546528054,-0.394943202899751,-0.141370659994921,-0.135718866147326,-0.395012796741727,0.266888016079345,-0.253386872422264,0.355668382358202,0.577967910682191,0.485395499963111,-0.149162956119072,0.469246422412047,0.0194419813643026,-0.939987423486355,-0.374569246350822,-0.270472373044224,-0.0316617908393378,0.138193547372743,0.201096954923193,-0.914273396943134,-0.691131749888876,-0.25911413155375,-0.34006768243288,-0.0924559491407763,-0.685307770851513,0.485837969691185,0.616683676994001,0.376106430188288,-0.207855786267076,0.633890759345537,0.327300130222728,0.229147409389297,-0.610179595771263,-0.8276599638504,-0.228397239619974,-0.55037901001338,-0.21600751436526,-0.0383793164852781,-0.847936785667102,-0.440564770825843,0.546553893055394,0.223787822765972,0.435209904451977,-0.0943505786726267,0.441617179447448,0.228268103159666,0.125598756787752,0.545770222551919,0.303518538723119,-0.0206966988405666,-0.168904363948025,-0.0604171374514705,0.0034425142092937,0.63746781500179,0.364266893409856,0.254395986596074,0.537259227704341,0.476130942607517,0.643425391648625,0.577544968553627,0.269477413208183,0.263488995909257,0.111485816021155,-0.0708995939537581,0.254166926987418,0.175325470192162,0.880717884687152,0.279264737582364,0.769486980256114,0.530490618676201,0.0493884804081554,0.063737878605936,0.108624010182287,1,0.40054704971425,-0.0790363140789848,0.408354716858953,0.313505761826658,0.208716105924399,0.434916683333442,0.274600603468765,0.345979199410099
0.0694397388285368,-0.900103602264421,-0.826723040842101,-0.197623133601591,-0.616394831658956,-0.324030997961895,0.0665844254557518,-1.00243758474853,-0.552235498308054,-0.427915504533338,-0.228360006366869,-0.252983292363209,0.0667549660237137,-0.257464088673867,0.261058776444041,-0.130436861290296,0.227685931357035,-0.322596935785995,-0.257997640634627,-0.162014998668363,-0.125557922741081,-0.180944124761351,-0.307637987272136,-0.0329284700973745,-0.657459346560823,-0.0287428169642365,0.503061504272834,0.387947505677341,-0.189601479618423,0.0826182365174273,0.53431389239239,-0.248312533239552,-0.136646177445323,-0.15335083347935,-0.0566499771302181,0.207682779206904,0.194314227350759,-0.181946007928954,-0.389417754632563,-0.268634765820573,0.481876023682615,0.503219309768302,-0.424567495980526,0.883989327997979,1.06518982057254,0.778883480331407,0.32488137038383,1.02828114898245,0.771933007143475,0.746184614203338,-0.47309549429328,-0.942436240059992,-0.178238801878834,-0.79391263957402,-0.594686631345628,-0.00660987106223582,-0.995631593682297,-0.517607760260702,0.0801747522956682,-0.275883529082184,-0.000453623131676628,0.0190053727844417,0.261325727061684,0.191039227211525,-0.191454403080243,0.427471701962791,0.417328780848965,-0.0339388771502806,-0.205206897563824,-0.190274972998461,-0.25275359208576,0.0607284671284544,0.057141506485184,0.0922691090565709,-0.172788450634452,-0.222425504278843,0.0649052291979192,0.00333281161614696,0.477073640205882,0.350728538977374,-0.086815258080944,0.325082811563877,0.528110438696938,0.0193937489637138,0.259097175679876,0.233112665131931,0.59929734723254,0.640636811189791,0.0801815789377728,0.395044163164524,0.108943916440001,0.40054704971425,1,0.262033898422665,0.128189695829217,0.891976452168271,0.390774225785482,0.954554392337216,0.675528859765453,0.584756372292601
0.0568663492669287,-0.106286394130176,-0.31997109938048,0.0451036357283277,0.219031149430908,0.268804945626559,-0.00993518069743984,-0.393719733591128,-0.197722657173424,0.150049188062074,0.0539307165527691,-0.00816119430103049,0.323132944290493,0.0273207443953996,-0.0241429140468161,-0.00324151570813166,0.0547750099522191,-0.14405743156648,0.0809746803565302,-0.0950033506397953,-0.0411675027285039,-0.215524661693854,-0.316510501107274,-0.349296325116286,-0.200871550035782,0.489174217450693,-0.245148201319599,0.450665487420892,-0.239667441035542,-0.0822257364722296,0.00725191760561567,-0.461040686883527,-0.311163452396431,-0.0390519848478686,-0.343132274201657,0.107794644093219,0.136533206109335,-0.554434810009601,-0.61359242446196,-0.221275686325412,0.269953958854023,-0.206041213037565,-0.783669797481451,0.201305583265551,0.171932071404342,0.00480157454388619,0.0116172176428799,0.383250536183376,0.275334030467032,0.19577535498939,-0.338634871250986,-0.40866556054283,0.213242101053278,0.0585229455293481,0.128360680335223,-0.0687258220660036,-0.292269143004152,-0.187049314604947,0.497084890896577,0.32069320867917,0.3476733645644,-0.0324495526503276,0.291392987422143,0.222804973285803,0.180375265032219,-0.0351506202795339,0.343681995530469,0.302333302243145,0.441565387874517,0.39958031315018,-0.250888373444274,0.45280511672231,0.108129503900287,-0.0185861836076072,-0.0287464950397482,0.0844828034245011,0.13325843934317,0.4994111558225,-0.133345070695242,-0.384211139148943,0.133032514175433,0.616947964073687,0.138727920094567,0.165092157509146,-0.0380565515847658,0.344058195235985,0.56140432639124,0.586470097244042,0.259791782186442,-0.00169269644362918,-0.520483806400633,-0.0790363140789848,0.262033898422665,1,-0.414022478867361,0.164138165629564,-0.0895481270105238,0.453206311017848,0.308390250469634,0.296282088021711
0.130122304392059,-0.723204624928435,-0.781424323386058,0.0341277831932183,-0.467640098218423,-0.116692591192826,0.281494674250315,-0.701332736798556,-0.513988516860405,-0.0563940007434003,0.0193646576098001,-0.100279213907221,0.619177171049475,0.0215068044824896,0.56070530946809,-0.305882866168875,-0.11687015977717,-0.54739512580309,-0.0255324503449013,-0.433461151236664,-0.280747811439425,-0.399947907425231,-0.291057567542865,-0.56989141329298,-0.200363506643403,-0.18981853444623,0.211941331350988,-0.305747854028878,-0.0415256120915409,-0.139057188716956,-0.317245916556413,-0.19511596544732,-0.794598125863047,-0.630238880063792,-0.478457636523843,0.155068350879051,0.27578987372912,-0.249923209952577,-0.666523785005654,-0.368157605972632,-0.0531475408209649,-0.325900466388646,-0.70274836698665,0.672145736177212,0.0327546468681924,0.165589957772852,-0.26609840744915,0.844467536651438,1.05101778377041,0.903650851419838,0.245722003300433,-0.68284779365033,-0.193173311257037,-0.360119245830084,-0.211655630727039,0.46102417806676,-0.606718302470805,-0.242309875928338,0.591703274292198,0.397802449325925,0.656603931141327,0.662876501670557,0.789511494376618,0.605825924404883,0.397807554139661,0.800406037176581,0.490680402752997,0.13803987433714,-0.0493736380961151,0.0320162504394687,0.267544046761056,0.173088027396093,0.356845244822966,0.0446157718298366,0.0555577807343859,0.280301941972105,0.357151209666421,0.0737396238057432,-0.0662453907980558,0.0113018191474201,-0.0410486747658412,0.296910427770701,-0.059365388014841,0.123108503845509,0.406424965295685,-0.0225545943348208,0.385357283199465,0.302015659024467,0.404414784258262,0.0932091411235025,0.422674264382219,0.408354716858953,0.128189695829217,-0.414022478867361,1,0.86445053951072,-0.225800462836784,1.11610140261537,0.83394951353653,1.00801613339554
-0.62235522557943,-0.611145925990277,-0.273777129012557,-0.215338243904954,-0.605619199543732,-0.553583088284427,0.366321772255588,-0.403097667067431,0.104010119907416,-0.0225853764293956,0.002527058624937,0.358036557581955,-0.126050885306562,-0.459203577674138,0.205005827872218,-0.322695739493518,0.549657723023788,-0.174660862863306,-0.293437437711807,-0.394993849474147,-0.00251787521302166,-0.0938547024023801,-0.546730799176686,0.74954990510613,0.256006548162633,0.33204056563578,-0.129209248047876,-0.188185199956487,-0.14342530410412,0.227704985493105,0.0224623475451315,-0.673225341338964,-0.211740000620524,-0.260488591857086,-0.298131793421601,-0.206785567978849,0.0882626376892439,-0.881182560642848,-0.21999571515729,0.180572606835471,-0.573529966482441,0.311322990617364,-0.53528902443667,-0.0749346075683687,0.352651817671389,0.228888772113561,-0.242311161518539,0.00917841812466236,0.0602448103550391,-0.10208182948614,-0.630639216507046,-0.51128688986957,-0.614123730049838,-0.524123248177175,-0.334318615092386,-0.398516259178329,-0.699459299436646,-0.0277805980176644,0.72465039036922,0.289330212985179,0.467599015091381,-0.139512783997326,0.219001796094892,-0.349588522902541,-0.0800166619781687,0.234582285159675,0.153864640837965,-0.358239914171925,-0.20349775498961,-0.265229683007132,-0.0612087098635435,0.751761490254154,-0.0946760474870748,0.696903059278953,0.753382412048006,0.736183501255427,0.882021430614994,0.341965512714851,0.220888680920728,0.661460817734653,0.308475561480681,-0.276780986885145,0.422061919456121,0.351580854625855,0.76905202199977,0.333756527216373,0.778172303493294,0.424600541510996,-0.0188302436660631,0.545965525029307,0.586867686662669,0.313505761826658,0.891976452168271,0.164138165629564,0.86445053951072,1,0.474546515586299,0.0561190865048315,0.129875348726998,0.153531647875709
-0.247385193959832,-0.188330672695665,-0.385804725108637,0.0527511970834219,0.157101502728994,0.20635141027271,0.011993251782577,-0.38534598991588,0.0432536033541805,-0.00482480585125694,0.180813277689635,0.0956755473096634,0.710642379214904,0.090727247707039,0.202876862590114,-0.229881705240356,-0.0108108183550749,-0.399733763222907,0.0247987811186506,-0.437675071872841,-0.238777009886627,-0.227855933127696,-0.290700877666014,-0.340501800575536,-0.238242315352945,0.487256791479454,-0.0510368867291353,0.230036152812323,-0.343581435468545,0.371673714907754,-0.0242937310681163,-0.567756137016088,-0.649582894816929,-0.340902116512103,-0.26227877779527,0.175470849371104,0.25176419099389,-0.822116475911948,-0.639467187602054,-0.337722185826055,-0.0434711745413663,-0.0587323914982085,-0.91250385435107,0.344091082510804,0.0991956881092387,0.175031622232324,-0.0399116871031399,0.483606605767504,0.670366234469769,0.249975660859697,-0.408231623979212,-0.315133072190492,-0.0894050788261482,-0.0151777506415973,0.218227845602217,0.107648056114428,-0.34198865937588,-0.0381734939938001,0.581180887492305,0.48551716552768,0.465337418709235,0.288393578240357,0.545949518198704,0.123412245159145,0.014169791374084,0.420006145769699,0.063650850000437,-0.0799931427114319,0.166501409314496,0.249575234153712,-0.268235186660103,0.192159505571493,0.216865439152352,-0.0432253408354284,-0.148469196372448,0.210775494144505,0.472987962075495,0.725671767191943,-0.120497567216362,-0.187561110166215,-0.133982316676916,0.368927858777329,0.0757485344500237,0.204750498809421,0.442275545423851,0.317397565483809,0.646489626565026,0.672991533329889,0.0808368765508267,-0.0299076246752102,-0.190650392028923,0.208716105924399,0.390774225785482,-0.0895481270105238,-0.225800462836784,0.474546515586299,1,0.492133784433643,0.63544475228416,0.39878069078514
-0.56679261786561,-0.166283273874728,-0.113810731963977,-0.041305259963086,-0.345420862509064,-0.549511208266314,0.421677212088564,-0.00994139376607006,0.204785127968605,0.081632366799961,0.352923474422403,0.554752971999927,0.283095491789232,-0.0960522342310513,0.286012489251806,-0.673391394008525,0.331490413345293,-0.773736105592504,-0.373867947305273,-0.641839583509327,-0.103050209696655,-0.109671887340455,-0.511469561936575,0.777793682000186,0.146194373974937,0.430571289435517,0.168490509120708,-0.0466865813812242,-0.351302706899704,0.588767246905121,0.0784292605342239,-0.317483134806693,-0.115694040694832,-0.728869079843341,-0.146246456482665,0.0326095102935497,-0.237884190551121,-0.281884221468083,-0.0675334702841837,0.0723339953246354,-0.510719566366681,0.285720633265728,0.0777575960202156,0.348981343736215,0.190006191467193,0.479157662609968,-0.130179000734981,-0.21031451243702,0.12878208809758,0.00342368138160348,-0.536927981278453,-0.24264762461459,-0.149825704132513,-0.410397998058453,-0.243755208923341,-0.337470141608146,-0.378937794147576,0.26608797114555,0.419855914436936,0.582214304246432,0.66490329816977,0.162622422349954,0.762862505984699,0.190021723282341,0.284034682500305,0.641217596773746,0.00979404452809829,0.0160724629528498,-0.5246649111128,-0.748052229062846,-0.0269183875447415,0.798807620208241,-0.081515188478354,0.651791646671076,0.676051702980291,0.864658444620362,0.712091907492539,0.392315473699248,0.535114629592662,0.572509130616514,0.279268694274063,-0.804447243008736,-0.14005349654059,0.0262200867856642,0.387895410744291,-0.0293421643312935,0.125855501467058,-0.106636459169051,-0.429018833786274,0.518811276183826,0.468606426509317,0.434916683333442,0.954554392337216,0.453206311017848,1.11610140261537,0.0561190865048315,0.492133784433643,1,0.0560779271429034,-0.0650233458202241
-0.792721080675982,-0.410345690406235,-0.253922987174329,-0.129665376856648,-0.470181670268658,-0.661465103351634,0.328471246186718,-0.120195182696848,-0.0469255595066468,-0.165062255806123,0.066704365066772,0.255489620439996,-0.085725798425892,-0.315270756020324,0.392743700452295,-0.341165971578839,0.416344976692748,-0.446715004606274,-0.330512382800809,-0.562403899003289,-0.234478083865243,0.0127066329520596,-0.526273360435886,0.694233693588023,0.0237671059001913,0.270835817778829,0.289983298848308,0.12398580632655,-0.391805892965764,0.584968203240057,0.175245876629572,-0.42359297824014,0.0947285031477254,-0.378521683727315,-0.0565212607114464,-0.277526644507932,-0.200777160435626,-0.632323851691269,-0.210334091550658,-0.067104118004134,-0.470416528492237,0.337388171040423,-0.19469529507701,0.189415998563155,0.501969727153411,0.52265722203416,-0.0146506358558638,0.0938914461741346,-0.0112705270836246,-0.189787475220505,-0.830422913652299,-0.456442118806172,-0.371810223095082,-0.325436589461527,-0.322157849602287,-0.468041909149204,-0.454469268921656,0.00847085720783448,0.321749447525398,0.135360305514746,0.317706955305898,-0.0325793931394706,0.22074196513868,-0.272346422188623,-0.17119657073588,0.549929662462237,-0.125827417774309,-0.519046249799116,-0.454491581216864,-0.624848013256307,-0.231615123066101,0.504540068603968,-0.323833934837035,0.413245506061101,0.518533010393918,0.594895160587028,0.578316601524547,0.259539047115243,0.403081757087532,0.561683515230676,0.12038270642425,-0.47967180066037,0.271022998433464,0.151101984959664,0.653581357128215,0.163967161331832,0.259847087301155,0.176094659710816,-0.437634726272251,0.492655006339248,0.468249800525142,0.274600603468765,0.675528859765453,0.308390250469634,0.83394951353653,0.129875348726998,0.63544475228416,0.0560779271429034,1,-0.145131397513004
-0.596505437009419,-0.78033649939356,-0.4728505034177,-0.0571910148222153,-0.886731557890784,-0.667070451031142,0.321784204244986,-0.546487083740871,-0.259238997025146,-0.190031126659714,0.0985491480331332,0.182888374390564,-0.262110815959326,-0.42854459479829,0.654084039358486,-0.274644453516784,0.250079780590214,-0.555379273440285,-0.474467617627619,-0.452056760311965,-0.065577142602963,-0.220766236769642,-0.512486869418157,0.657601287708897,0.0448216388082754,0.424684027436404,0.746383101542251,0.340631592491897,-0.27661752492825,0.596989650251892,0.153822711220183,-0.393127475824361,-0.0888977584661821,-0.515302119842965,-0.0726094994198382,-0.142035463919883,0.0161636594032454,-0.227307785324815,0.00573909604035597,0.0950836508562555,-0.362810277449332,0.159144634902323,-0.0588717462359533,0.474604349911929,0.649258994845187,0.594767005480355,-0.195649924155053,0.125112760872521,0.0357179519715692,-0.0132682772479862,-0.62658099469095,-0.753900938547535,-0.295646287920622,-0.709088590345613,-0.478723581998853,-0.261709567991103,-0.749457184973407,-0.256766902061378,0.404482199484508,0.147753924454856,0.45627916301478,-0.106735974743732,0.562118108436357,0.379795651455134,0.27311176801159,0.642927882860407,-0.0210398383950272,-0.0831294717350996,-0.644887302826754,-0.707552193267241,0.0482981007097522,0.633595924476592,-0.00523765061872265,0.449407020959471,0.693757875987094,0.630145693000956,0.479556237981953,0.344675178515913,0.689208375655672,0.770972578542156,0.0116989893651422,-0.73310359869622,0.15258261933003,-0.241472352178111,0.539507200139855,0.0254670512889207,0.299880864658755,-0.123128620862437,-0.469387636905417,0.301115390553601,0.373772275876207,0.345979199410099,0.584756372292601,0.296282088021711,1.00801613339554,0.153531647875709,0.39878069078514,-0.0650233458202241,-0.145131397513004,1
