1,-0.507060708654094,-0.459705315771922,0.486407450857148,-0.191179527963122,-0.606007924543331,-0.106971316479665,-0.834535987720884,-0.523011122702982,0.432271634729013,0.10108728892882,0.527819329796842,0.136042426433653,-0.111672124442946,-0.356369029958451,-0.279112746188062,0.740943454823633,-0.309319516824202,0.32329951210183,-0.103269796966272,0.634718934228161,0.514251839933804,0.124358081319525,0.590883278836357,0.52981249949668,0.127301540242007,0.36065836173199,-0.00964730472806757,0.197442650952728,0.434124179703217,0.589745633830279,-0.0326738877625578,0.701490292520468,0.279239153100631,0.316830313372515,0.244512156626731,0.301704855269808,0.027103502484747,0.0278510279015249,0.512948803145551,0.0639947957385166,0.224840757869175,0.25152180655848,-0.318486334401526,0.250204096382612,-0.0713735485572391,0.249812785555669,-0.0837491217228695,-0.303327640933968,-0.22942672295041,-0.810782172213929,-0.719460006732678,-0.31048214445613,-0.100792635227524,-0.216139780958552,-0.287568123682236,-1.08006829541347,-0.652093154064502,0.031251506356015,0.557484043002883,-0.353976522042066,-0.542788500841227,-0.691666235170708,-0.457854740254595,0.4206356282305,-0.295233744281355,0.166043389722972,0.157325401100206,0.293288284601533,-0.121674411632599,0.5371947301183,0.235018957472761,0.0038010512089946,-0.212330713181676,0.227198977797949,0.131899377445469,0.316547504374479,0.125998210914543,-0.232322250631403,0.104912210945416,0.65670840097065,0.2216403578876,0.314908533134649,0.177431680438755,0.837718648276697,0.0580131486089928,0.693978731154649,0.0548859940911741,-0.172118714082948,-0.100252045851685,-0.0227909781028583,-0.270330683243735,0.485659973756478,0.143267308731133,-0.0275708982618028,-0.0491710414333181,0.224761754556981,-0.022058798429922,-0.123768029027033,-0.124904513122109
-0.507060708654094,1,0.241442686261455,-0.258184228812131,0.0551511204755739,0.0333080895843708,-0.542672282012417,-0.313163587807883,0.10974862782942,-0.644074947084477,-1.01846024262796,-0.173745352348593,-1.11093224001247,-0.90338435691896,-0.701679268638552,0.226593443589994,0.406024396805088,0.642474249491675,0.070525517989745,0.477398803080129,0.154761094797446,0.587791379077922,0.23461770063086,0.146774336643653,-0.0227678330472674,-0.0593609099715563,0.562085855568255,0.892912728360474,-0.484570498154689,-0.109165543904551,-0.371669881428622,-0.288933440376703,0.573022350677022,1.18060489043366,0.798338973012544,-0.0200526656881255,0.254555950254965,-0.292444607062707,-0.26010502596076,0.105101338722667,0.0943469028680899,0.167776130599869,0.315603431662571,-0.473764961969111,0.351305319083281,-0.190754387792711,0.147016299344,-0.195835213199101,-0.120415725352961,-0.440882596154043,-0.0658966260447242,-0.115199170069767,-0.475540222179632,-0.260265242020132,0.362666207805871,-0.105313761278494,-0.357837122574382,0.0116209491050592,-1.13500955585438,-0.961600041520485,-0.787116227371932,-0.978703648909173,-0.924581861002152,-0.750509118535084,-0.578431182734218,-1.11187007953709,0.154772519619575,0.283924402550872,0.820100663106455,0.4361500777985,-0.115462894937178,0.300146791127386,0.209343305365834,0.00589847689165099,-0.417506729276696,-0.226293064228052,-0.545603579367977,-0.246129784254164,0.0766843917186848,-0.206677774941181,0.361431272297543,0.552256897223437,0.318787980029995,0.872458602307478,0.209259412860644,0.520324650904021,0.420740597980368,-0.0355704462372624,0.264210276697715,-0.323770118746681,-0.409573171041176,-0.847030541001147,-0.727445782796907,0.00806118520780341,0.0741833105680884,-0.841672766940826,-0.308195343986857,-0.0898897181767559,-0.459941208596017,-0.594038722648548
-0.459705315771922,0.241442686261455,1,-0.2975304061757,0.0986013085696563,0.00248616688547909,-0.461252504787292,-0.133164720333184,-0.303519904088736,-0.527986883432676,-0.735212312523661,-0.196688922092138,-0.98780241333059,-0.54954425063248,-0.937509898203746,0.411587296999233,0.437750067274239,0.450667220960099,0.213624857482759,0.402719093275071,0.267164960374439,0.262821958803988,0.13099271120014,-0.220042402792098,-0.0822874390539357,-0.227187114097655,0.47942572119043,0.355451790879954,-0.193690429055626,-0.566983807816388,-0.671353153933642,0.0528754386721055,0.209809029938051,0.720127940249194,0.12613459389125,-0.060563435270574,-0.020245593348172,0.121355528853421,-0.26967543035701,-0.479134292875962,0.158168465128563,-0.446793329504339,0.0505041872495083,-0.201382115448778,0.51943941671871,-0.0264756011850678,-0.0258068034031634,-0.199360661401981,-0.0788716672989636,-0.229073031946551,-0.125474689436626,-0.372271920601925,-0.0610871681178261,-0.229326303072918,0.113339026683156,-0.182133522256123,-0.273082270877162,-0.10524716901763,-0.821533051524309,-0.705868204247013,-0.482883737670524,-0.524036027294132,-0.648910628337556,-0.30425712388392,-0.43615087460894,-0.996347460805856,-0.276830999331157,0.467850606453097,0.841972037907443,0.489872966411079,0.144488894753948,0.146801025629131,0.161945026846643,-0.412587289035985,-0.213906752872752,-0.224165792970229,-0.187679775356881,-0.30626304411275,-0.164493903971527,-0.13883345734976,0.256760539590997,0.379921254333745,0.471885387650572,0.409956101190393,0.136534122527316,0.278209054047129,0.00279852871177278,-0.180425543486442,-0.113379827841351,-0.168307694650993,0.0120513181718993,-0.465603579085085,-0.802837523993339,-0.0897641046457391,-0.136411911452716,-0.576593197896638,-0.276076815174948,-0.261158619366645,-0.550212093536806,-0.576930004505379
0.486407450857148,-0.258184228812131,-0.2975304061757,1,-0.00870412969788259,0.13897107780856,-0.513719607290798,-0.871802838210979,-0.349526461644508,-0.86326113595431,-0.394664538865282,-0.790409337718282,-0.426180606571791,-0.838185320885752,-0.348980108229038,0.0193769373932726,0.0665350774743055,-0.163261399476133,-0.204642107249848,0.0712636441353967,-0.121670896109586,0.214012734506426,-0.0565062485279856,-0.108893580363326,-0.771440266896244,-0.562947296754264,0.0955288607568896,0.357669875295951,-0.282551834313514,0.165845786159735,-0.0835452722701476,-0.0712266950037705,0.530941485616523,0.295743131016113,0.25349677259136,0.449953577749213,-0.2107024514793,-0.0177590623853567,0.0170622721332313,0.16957486185919,0.247223195394608,0.918474513253037,-0.17068264554308,0.0295140760523287,-0.400068535503841,0.051731433703168,0.00756726004571745,0.182473042151918,0.212092466860159,0.0649322854916083,0.412589846573428,-0.127318179631804,-0.593505276770197,0.05593100088142,-0.0740587619084598,0.449370852475125,-0.661729498033832,-0.608216442208052,-0.954148569495696,-0.246853744148518,-1.23186043818927,-0.557145199058842,-0.792758296647657,-0.318698579032538,-0.535320118362948,-0.249973928378999,0.822037550850089,-0.0858493317450644,0.268544986773946,-0.290714186612194,-0.283289692205613,0.123961325211154,-0.116246624550213,0.611204975511843,-0.735134705529266,-0.695309452596933,-0.470760520714348,-0.52030360964234,0.491284024757609,0.915226888597301,-0.187993395905347,0.525064360133036,-0.0793877884783621,0.567238410356651,0.0209844455690609,0.693654391001637,-0.104460499561036,0.120205011644734,0.309661813119041,0.136742523896558,0.50933616847855,0.349626756222202,-0.0679869309207338,0.610543839876335,-0.349073419575409,0.275659482596616,0.0421955985383995,0.766780561717409,0.294065774044425,0.333236815271
-0.191179527963122,0.0551511204755739,0.0986013085696563,-0.00870412969788259,1,-0.116046574904277,-0.427459385708905,-0.0675226363838508,-0.122633417019725,-1.31207215651117,-0.761693510549081,-0.884613950654427,-0.96706095173549,-0.863097687186357,-0.694408820431895,0.468326500463095,-0.287363757065214,0.375251258737807,-0.219424536319141,0.442299757356252,-0.0973714996299044,-0.0827984764740276,0.187150780412804,-0.0369640710764546,-0.932787820535043,-0.790856382742996,0.514068882091417,0.636423294573372,-0.592164084672268,-0.0565693442341968,-0.241151511987699,0.133245287510667,0.467326055741575,0.531898385239322,0.602986010414067,0.415645984728492,-0.509980474813921,0.268105216867492,-0.0397245967076711,0.153812890824733,0.623812336629084,0.171702137084929,0.283040884556194,-0.000563474969869547,0.0720486292310763,0.313138067194326,0.237985875550798,0.166073442460972,0.00219686054359586,-0.174750685469128,0.323517041470971,0.0721494426821657,-0.672307337687917,-0.267321678876179,-0.438373742741464,-0.041944732379695,-0.218025932038128,-0.390398915384836,-1.39838669133483,-0.919580916454337,-1.50975810820206,-0.494941111206815,-1.02851560283071,-0.741611184368463,-1.02364073936625,-0.768919179211151,0.161976052823206,-0.271700204444649,-0.0275609812904514,-0.415872677651512,-0.342119528954697,-0.265226586027157,-0.0432310869802047,0.42024692219827,-1.29134481820793,-1.05272508383175,-0.688110411242497,-0.874781855224749,0.644495511286852,0.608026031037885,-0.574174215304112,0.320671480641495,0.318882032407089,0.392983956667486,-0.191225454273969,0.675083915272531,-0.20068010629072,-0.41530205848955,-0.259196231790032,0.258132837259033,0.13280479613521,-0.0564239649396271,-0.41226558921303,0.742814823533024,0.0615933831987618,-0.296389883127843,0.223316688496135,0.160781423662336,-0.247589839726836,-0.361400686553727
-0.606007924543331,0.0333080895843708,0.00248616688547909,0.13897107780856,-0.116046574904277,1,-0.698519675707186,-0.174674586026575,-0.199668592649084,-0.892894562910967,-0.424574438225102,-0.350177314233089,-0.924306808226275,-0.895153009033238,-0.728368749015011,-0.0805330918151167,-0.0233975805825523,0.141562382058555,-0.252823975597298,-0.0598364705290003,-0.186312310166143,-0.0335167894681897,-0.14701433941527,-0.0187951841986492,-0.429582062028916,-0.494838784598183,-0.0638787387731577,0.418943557441254,-0.596845412121272,-0.32507395847059,-0.404681973180558,0.0109428302130944,0.183245869323954,0.46321742051331,0.284850065240934,0.0307257986993123,-0.407343298440382,0.117771155784758,-0.179504023488323,-0.0986182112536932,0.0955470336370161,-0.0199445838484849,0.178166064753831,-0.106438345211173,-0.269773438942919,0.220739651711987,0.0279806494956742,-0.282552022611834,-0.0833202354319532,-0.349918177572522,-0.00115610976476638,-0.0204970455860737,-0.629695142304226,0.0850739068001425,0.0751454151247449,-0.0991433016393194,-0.230244732609656,-0.051934238731115,-0.785588964854151,-0.805553655964892,-0.719425980940841,-0.243619885556337,-0.599864530480437,-0.400220697616994,-0.717556697681444,-0.682256067351361,-0.201338630505597,-0.0294966129294448,0.402968908867449,-0.185304452437301,-0.298140402301176,0.34516894528962,-0.240099714616449,0.310943486757904,-0.580564149780876,-0.255909706050337,-0.405812438249249,-0.402130192342216,0.58450378469932,0.531142364740943,-0.079457046980922,0.438240335373745,0.319933626992505,0.814144493689458,-0.0747313399036666,0.813249853454011,-0.0119187651288173,-0.168061196198782,-0.277772485280326,0.269967576202608,0.424938762191408,-0.0183189833839203,-0.149377941769286,0.795016527256613,0.288991906813751,-0.474199710228259,0.326589142551912,-0.314146691512632,-0.449999018770075,-0.407487507073005
-0.106971316479665,-0.542672282012417,-0.461252504787292,-0.513719607290798,-0.427459385708905,-0.698519675707186,1,-0.424705996181358,-0.532251190309279,0.0644632304757657,-0.12868194618725,0.681904834386003,0.169291525388417,0.355512799834849,-0.26458719648776,0.0842531182735291,1.15087518787425,0.276579540524921,0.764668148751742,0.35807408693706,0.778222668981048,0.901441773738033,0.133575497772554,0.839642347499401,0.23309883137845,0.186444140834868,0.599469697822552,0.155100971848412,0.454940756266482,0.53605369867032,0.570442175367212,-0.407812573283609,0.853576972708397,0.881630566820356,0.627604939555683,-0.539979335097139,0.634846054295508,-0.257274031734605,0.199334678534106,-0.385702351747298,-0.0993832531673017,0.568695446600591,0.524963959521226,-0.267664435611166,0.594422095518209,0.0962644867809974,0.238244478319124,-0.000492061498323926,-0.418664779127615,-0.23908165296848,-1.37461870743602,-0.645240346430816,-0.0639295097164035,-0.611861430507206,-0.182852166151411,-1.04395738402212,-0.581205278242274,-0.194145409036795,-0.191168285516306,-0.397367423441347,-0.0531933654513511,-0.543904437455796,-0.440769748063019,-0.117987968574853,0.258010883530326,-0.689594126858979,-0.318563678268041,0.777096476368028,0.612999892295274,0.375557861815792,0.502224941344394,0.368679171409087,0.304015639331606,-0.517064520670903,0.535092161601468,0.271617094351265,-0.256399277032315,0.550459797879633,0.160990564495152,-0.196088091587048,1.04151174580509,-0.176646000716371,0.343139631479401,0.315629767666933,0.938050816641729,-0.0748467667687479,-0.0030914403510038,0.161477124856983,-0.107915937000636,-0.3271498924939,-0.161636103926177,-0.655710299396127,-0.1889139597723,-0.0658774654416676,0.073330708181432,-0.45950865553288,0.0482061091673031,-0.173729804157575,-0.364738579209273,-0.421477237978645
-0.834535987720884,-0.313163587807883,-0.133164720333184,-0.871802838210979,-0.0675226363838508,-0.174674586026575,-0.424705996181358,1,-0.158274219604948,-0.37845175457455,-0.806419896579292,0.309528502261627,-1.17436646373978,-0.28035353341918,-0.684569475013218,0.485242864595472,0.877813257618101,0.798438397910751,0.55553676917483,0.404583308462334,0.60227615352138,0.714187376674875,0.114270979481296,0.060284916392585,0.216254640737922,0.545678451197872,0.691115760754684,0.908983578403736,-0.110690271610533,-0.0910891684448433,-0.571359232154151,-0.780403935876432,0.265519677256582,1.2174290100214,0.512926435958109,-0.502600353930083,0.80774069872075,-0.656036893045889,-0.398231273763897,-0.749725756490915,-0.236684500000016,-0.239368934492758,0.13087799911054,-0.419268096764596,0.787048165609774,-0.196418603437242,0.0098507376348943,-0.217007194680936,-0.245821309417259,-0.357020502891941,-0.600886176083382,-0.404538075020765,0.0604644141689284,-0.60730640950931,0.34723294650861,-0.670917279199454,-0.29953919450519,-0.0117674883882523,-0.709627380274099,-0.854300780902927,-0.0107193484843438,-0.948987735068461,-0.421785931492226,-0.0640194416075227,-0.122260956142165,-1.03344499713769,-0.310246065703779,1.18782718292788,1.1723139117118,0.8474259003348,0.271329430656069,0.760888578053019,0.763688827442428,-0.748416278638388,0.455019220412954,0.378101454374947,-0.403093855557587,0.471135691446506,-0.181962311308377,-0.712081656679349,0.793010372178111,0.404606660343117,0.449437946864186,0.751703994692417,0.63506463603483,0.357357266650304,0.260689326823115,0.147365997685545,0.183670038648832,-0.575362663571353,-0.331214618283471,-1.11295772447803,-0.885364270468664,-0.340054885713207,-0.0714065274513142,-0.957259509952736,-0.415240511267299,-0.232561136692931,-0.614026540071587,-0.680245559269096
-0.523011122702982,0.10974862782942,-0.303519904088736,-0.349526461644508,-0.122633417019725,-0.199668592649084,-0.532251190309279,-0.158274219604948,1,-0.724108506148775,-0.638701743136993,-0.25691937610416,-1.19656164352216,-0.394024903230108,-0.923766383832922,0.145074357024631,0.0485134882771173,0.167822986551911,0.122154910628814,0.380468578219826,0.299538346529634,-0.238384065035607,-0.232212773168136,-0.146438131657146,-0.387948463808138,-0.21192022492772,0.558651421213134,0.59310185914218,-0.321856142079784,-0.320806833877186,-0.648352123917822,-0.0195215007540392,0.169812197850317,0.316150026986123,-0.188366088122846,0.14860849731767,0.263499477098589,0.209780957871662,-0.229363784317084,-0.502278574552857,0.377595065461558,-0.479427920091411,-0.124882298182243,0.300385491381932,0.346537586420293,0.130466210080562,-0.0130582716069935,0.0669625416797918,0.276480055737576,0.176066591927297,-0.323242625047959,-0.270779617710098,-0.438943366466353,-0.18004838116665,-0.262707377332487,-0.396449816891752,-0.481413652811829,-0.24298720388433,-0.762672920206449,-0.646557135177774,-0.388116695201909,-0.372304694310449,-0.463043937753959,-0.176612659708695,-0.326046647367726,-0.832183335373648,-0.123167516134305,0.446838754634966,0.243455335434861,-0.0160759178465519,0.299743356783027,-0.0771355744778098,0.404116933834457,-0.243696755506225,-0.38643805421285,-0.282633841277218,-0.487132857211645,-0.475482866642267,0.221335878620113,0.00165184002593721,0.160434181942717,0.467587217291897,0.327282799609246,0.0421683679433336,0.07181556569294,0.303168964528767,0.247366062830971,-0.678435325062744,-0.326907639023177,0.201691173472434,0.196382243062952,-0.146400650803115,-0.475783179884843,0.124829817147231,-0.174831631189097,-0.196334095310853,-0.174557686914818,-0.0207390403346078,-0.218455238158058,-0.298681841754384
0.432271634729013,-0.644074947084477,-0.527986883432676,-0.86326113595431,-1.31207215651117,-0.892894562910967,0.0644632304757657,-0.37845175457455,-0.724108506148775,1,0.18610727946833,-0.208975314473882,0.0445110655103841,-0.13255624752993,0.0378533161927928,0.115806302874457,0.805615634494247,0.630039317504448,0.593629135327517,1.23492028223976,0.721611735316644,0.678311772758987,0.931600609871986,0.96294813881121,-0.136146106085624,-0.678489882010669,1.20865144917761,0.322978846619165,0.603088381263057,0.240027866461973,0.444689078602256,0.0548202706008264,0.648299235372037,0.754803991107353,1.4609296809518,0.122000032029666,0.049787099982623,0.4771168488823,0.402903008592471,0.194682210354685,0.877649667462816,0.965774003353877,1.09025398856107,-0.322899508597238,0.623988840035552,0.708930664094616,0.736205956636614,0.598190747144832,0.0211897528436218,-0.266988882641516,-0.534433932234763,-0.72183654958748,-0.636274508049848,-1.46452123128393,-1.13457485858265,-0.795686079971578,-0.450972306039139,-0.502861386438559,-0.964082456766566,-0.957301612608505,-0.851564794214608,-0.123888641542379,-1.06067027646814,-0.739193391512448,-0.250789592282988,-0.234674378633367,0.071218162962817,-0.431719084636546,-0.439507038245556,-0.135056518947233,0.477815219973444,-0.933686946882547,-0.332412276133368,-0.408443059598796,-0.256642663365205,-0.782586029140147,-0.292809158592135,-0.255322695596358,0.162566886951444,-0.119748578686649,-0.036530245505244,-0.532791012249638,0.298000292896544,-0.0926400174876873,0.369958766131828,-0.516128163340566,-0.538786319617137,-0.115342139809124,-0.442315288918058,0.0626752853895061,-0.189816479531736,-0.88317947470869,-0.838127045970811,0.0683291567601571,0.448330481437144,-0.178456899781823,0.497900274758394,-0.281223480469156,-0.223561837257844,-0.859807610561116
0.10108728892882,-1.01846024262796,-0.735212312523661,-0.394664538865282,-0.761693510549081,-0.424574438225102,-0.12868194618725,-0.806419896579292,-0.638701743136993,0.18610727946833,1,-0.0856761493792305,0.310788478871286,0.0572589944680264,-0.0613886008540381,0.357136745904333,0.790747874132802,0.432416560081537,0.445719399978986,0.464349618508115,0.485880939137117,0.679622887728624,0.594341957314282,0.266808581949669,-0.257636861345005,-0.40396097360804,0.256203705531622,0.0193527019111942,0.484358879306559,0.227631165998964,0.403421680716174,-0.232357907053781,0.256608371729774,0.682785887001894,0.841992032934726,0.257662909453829,0.222490388499009,-0.071373189443559,-0.132630045120349,-0.144392284241812,0.474527622446104,0.514971012411392,0.591416148559903,-0.0733978315123894,0.156809995793036,0.320836752975063,0.611883648833453,0.721894085610046,-0.033818873830597,0.0558344912012539,-0.0081965057089032,-0.860686623188022,-0.344764865073977,-0.90750774711129,-0.600255258565379,-0.411622867132937,-0.822011704442486,-0.745901335725822,0.217642907322468,-0.321568875451564,-0.610333222785669,-0.0937911787241485,-0.388822383589282,-0.453441778363919,0.107257015463063,0.14490420738983,0.375979670038687,-0.261045564569857,-0.213467863053563,0.115943396416998,0.183487511384029,-0.554771633242171,-0.174035479738208,-0.359928528872312,-0.111342520008097,-0.634569181315115,0.225248631805171,-0.373267625301416,0.0911031967828272,0.184562605283325,-0.352261488662723,0.0605832194846471,-0.0770590196976877,-0.00789629561208251,-0.246780177401838,-0.279652077261366,-0.15617977167899,0.0648454283389224,-0.00931435765729992,-0.241007722571702,0.0810365114163343,-0.194035988202356,-0.4812710826654,-0.037020394917852,-0.281945485433474,0.331396532645901,0.224825442336451,0.310106417184019,0.247276929542102,-0.0575697106296922
0.527819329796842,-0.173745352348593,-0.196688922092138,-0.790409337718282,-0.884613950654427,-0.350177314233089,0.681904834386003,0.309528502261627,-0.25691937610416,-0.208975314473882,-0.0856761493792305,1,0.166342071117248,0.226276934751058,0.00346454525738167,0.357506786520411,0.137396273659737,0.314006982672987,0.321376736932518,0.839525812471102,0.311358301728076,-0.145123385738407,0.565757477926975,0.494700904978799,-0.0729950019121703,-0.518181767650403,0.824781056330654,-0.097070957087526,0.409848780426965,0.0778177875900222,0.0718195931289382,0.436479645143825,0.205514943198608,-0.0538632297278943,0.46998214609046,0.293301635633442,-0.166261497792689,0.8834484730461,0.448055595321269,0.0238511089776246,1.05760648254261,0.132325887735871,0.531293747502606,0.559053297783501,0.426348420095463,0.760395531602661,0.624481554885119,1.05975868384375,0.362321703205716,0.295889113957597,-0.251907987376438,-0.384773268325632,-0.440618584829805,-1.01933117823412,-1.04936023290572,-0.521995466301479,0.0989768998528502,-0.10826856196063,-0.323593886371238,-0.664039039691118,-0.352589592165767,0.35377641278731,-0.417615345028883,-0.577107921337853,-0.188356907411855,0.0632811886584577,-0.199705996876897,-0.538657665237543,-1.16226350522507,-0.658576983084962,0.37792322006097,-1.02311644143659,-0.219563206700412,-0.606625051996646,-0.510090187967773,-0.789613025845115,0.219541948714269,-0.5639655877789,0.468383918146464,0.00643155550987667,-0.798168508509421,-0.971354213269588,-0.0192865761002581,-0.897773825219598,-0.378119272373667,-0.729764406909392,-0.443303795396643,-0.285283514398511,-0.874743239705511,0.174595746096787,-0.0534441963876918,0.0460818864399597,-0.541236217323287,-0.00867046054540327,0.103463793498625,0.425796972872889,0.377957826719831,-0.0109482096082983,0.0680071979692617,-0.438875562634134
0.136042426433653,-1.11093224001247,-0.98780241333059,-0.426180606571791,-0.96706095173549,-0.924306808226275,0.169291525388417,-1.17436646373978,-1.19656164352216,0.0445110655103841,0.310788478871286,0.166342071117248,1,-0.22763226921906,-0.439240295938419,0.131679375838272,1.3059444183591,0.222927200072551,0.693285414800053,0.406784388896917,0.747274962104814,1.08229251097758,0.601484180684265,0.733182074976044,0.169513619250098,-0.26144849433696,0.629421095152648,0.306507803005062,0.213577069110206,0.469891258410552,0.318912931946505,-0.645253979980764,0.64358589555196,0.820630660723929,1.00949364327056,0.183622040313252,0.215712020307001,-0.135828658716334,0.254495366059402,0.144705206831578,0.34782671067619,0.838414210865277,0.62785489248543,-0.415256184104075,0.209031186544684,0.284378837875127,0.646968246464467,0.430405719094089,-0.332412968451615,-0.40963539841368,-0.634850438124053,-0.977883843813185,-0.459697545324191,-1.04434871246713,-0.68607680560369,-0.613492165588561,-1.0023008930256,-1.1750178822775,-0.368493115816192,-0.313828938039439,-0.716273130355129,-0.524616955464326,-1.0626698693575,-0.621186156015014,0.179533191577811,-0.299164182092246,0.538052102764069,0.141444524871117,0.290449598624721,-0.0634392237984058,0.493743868328911,0.146986119271181,-0.0368493806914567,-0.300204927606535,0.265793335894894,-0.35375774573484,0.0986891957829271,-0.021113260169949,0.125358787597133,0.189219228033349,0.3432012450681,-0.0284871383931887,0.205701620815847,0.695256162546898,0.690961687573657,0.196598762930511,0.106559831954163,0.515789042799922,-0.0512550010854026,-0.042366776560473,0.273686827446552,-0.492521962163411,-0.0123598302790834,0.269748593290271,-0.0217198540985017,-0.0507968395830636,0.475352942135946,0.313826556460252,-0.130707441026953,-0.26492773909896
-0.111672124442946,-0.90338435691896,-0.54954425063248,-0.838185320885752,-0.863097687186357,-0.895153009033238,0.355512799834849,-0.28035353341918,-0.394024903230108,-0.13255624752993,0.0572589944680264,0.226276934751058,-0.22763226921906,1,-0.350999287006897,0.427958108311097,0.76248987478564,0.784171007126635,0.543868836532299,0.774301481257952,0.718710838835287,0.789146013606283,0.598847580002454,0.947440113043818,0.373336764900552,-0.387919807458337,0.545774032757268,0.139783163532367,0.211725631443482,0.513138602230959,0.315389243874032,-0.243022381196529,0.763665420696057,0.882385322073429,1.05694715787381,0.0239650082409839,0.738477367139553,0.0990162314307653,0.472247320507731,-0.00199772744945373,0.638970686538338,0.314487643300262,0.811020335903706,-0.248615754361431,0.232645013378865,0.379169515757989,0.689872147142262,0.518114231627142,-0.299762001198562,-0.0534663363707081,-0.263131272670538,-0.548338554107391,-0.584102989027577,-1.42855084152364,-0.760147821549609,-0.876884607078938,-0.453810459101371,-0.47174554640189,-0.0391787023675831,-0.437596740759787,-0.599026578359608,-0.764035677519163,-0.503502861899258,-0.479689569479865,0.180305410592002,-0.426008947614274,0.133650461109499,0.0312375546824843,-0.145946130362596,-0.0236677379188444,0.265063517965992,-0.149863664393309,0.23727692493763,-0.303566639967415,0.0272187802824794,-0.374164005017818,0.241404968646786,-0.270896172074981,0.385086527174084,0.1438170441418,0.0423930975422447,-0.441878408066162,-0.0468949214850895,0.156932352094846,0.0709411269154944,-0.142146108738758,0.0369293037102666,-0.106844224096665,-0.110958166042097,-0.0705868073711983,-0.0370394080546113,-0.482416566263816,-0.265278962569769,0.0582931353824588,0.160038574284896,-0.322085246558653,0.228272674285578,-0.191752100044165,-0.0729818811859914,-0.511560560463098
-0.356369029958451,-0.701679268638552,-0.937509898203746,-0.348980108229038,-0.694408820431895,-0.728368749015011,-0.26458719648776,-0.684569475013218,-0.923766383832922,0.0378533161927928,-0.0613886008540381,0.00346454525738167,-0.439240295938419,-0.350999287006897,1,0.695559285695397,1.15038351308354,0.694736251609097,0.524672213435225,0.375604831063201,0.631247756536092,0.971230429176092,0.36259348026711,0.293597104255826,-0.251054395663606,0.0449606216595497,-0.0154617896721449,0.133775182034587,-0.151283746135503,0.130499063118321,0.111189754025125,-0.864234180910654,0.560220589175608,1.02506705201125,0.477934000582007,-0.34139456652898,0.223044942696791,-1.04505109573034,-0.0431796645571039,-0.555726968576076,-0.428028194292613,0.360402691226504,0.103776269945246,-0.761532219776634,0.0277721314567499,-0.295471694878237,0.0995211761608285,-0.238813163345247,-0.577990380423655,-0.432770997740835,-0.40806527671686,-0.944889557860449,0.00263761102599674,-0.728360897037049,-0.278507660701971,-0.269527754971922,-0.598302124878454,-0.516043826330419,-0.0782512704787164,-0.111216834828069,-0.225327074252046,-0.776233644726304,-0.415031499517445,0.0542326191799398,0.34284157312342,-0.635378718943171,0.423462663580494,0.857565038841994,1.24508912541955,1.02688521783035,0.389832882129205,0.627342732643305,0.22686526094737,0.0407772656745742,0.687725725801635,0.0156216576320438,0.0903303140027292,0.29527264013484,-0.0763294924682869,0.154104705535845,0.546425187172622,0.342582567713687,0.375413331100611,0.834738565825636,0.485817466269583,0.622127360090679,-0.282777927309396,0.244533409400016,0.774741048306323,-0.305923423195473,0.420824752998657,-0.47266997402552,-0.00689621079668697,-0.0343407630989445,0.0434292875344237,-0.791085278078341,0.0287387098430929,0.0139643209682924,-0.228137299135869,-0.103956574663859
-0.279112746188062,0.226593443589994,0.411587296999233,0.0193769373932726,0.468326500463095,-0.0805330918151167,0.0842531182735291,0.485242864595472,0.145074357024631,0.115806302874457,0.357136745904333,0.357506786520411,0.131679375838272,0.427958108311097,0.695559285695397,1,0.149715106029596,-0.0157080208520832,0.348681629183658,-0.664440587781577,0.147352859143296,0.0918285799885426,-0.404747486269866,-0.423148486834292,0.31486945435516,0.76849834697607,-0.322975160821512,0.263563248406202,-0.382647649008431,0.052471953232865,-0.046875618137435,-0.533854446841108,-0.124578221592168,0.301488732163144,0.00349114996133748,-1.13774090942974,0.654913756809747,-0.579536806388723,-0.491791128181176,-0.446650134910597,-0.905846182488524,-0.333456702916009,-0.16454590466272,-0.364173304774954,-0.0653660797367522,-0.449001197430878,-0.63121574118539,-0.80137594992944,-0.440425211324641,-0.469351887347665,-0.0798685621442975,0.559589672329774,0.915445890404011,0.330097753262085,0.804207254588312,-0.468067859707964,0.700327719748249,0.537163718361674,0.311845683405227,0.345745190166052,0.688633126185461,-0.100480599510013,0.522967683809821,0.598354934856925,0.504773648405748,0.283277456371729,-0.368658590082405,1.09086888142134,0.881720915217519,0.427197272979674,-0.039412770862807,0.779443267154275,0.581634112626256,-0.335713912653428,0.703485997590995,0.454591046954991,-0.561796779831516,0.612220011530676,-0.073143357688432,-0.69205733476153,0.186121596403896,0.165843725283493,-0.273075801192414,0.644735749459576,0.186710061625626,0.44330607331227,-0.0448897687527025,0.18287158453921,-0.0262690341360716,-0.788053198483445,-0.510627455960455,-0.718142274508704,-0.105110468532161,-0.144964950193313,-0.367531905749808,-0.524962729501455,-0.363690565828401,-0.388311004531989,-0.348221152033423,-0.190306536604909
0.740943454823633,0.406024396805088,0.437750067274239,0.0665350774743055,-0.287363757065214,-0.0233975805825523,1.15087518787425,0.877813257618101,0.0485134882771173,0.805615634494247,0.790747874132802,0.137396273659737,1.3059444183591,0.76248987478564,1.15038351308354,0.149715106029596,1,-0.248777246270904,0.133716202725054,0.114910061007537,-0.14732582029673,-0.272502379960099,0.414643963437591,-0.062608505850249,0.315765808165364,-0.201000069340214,-0.0299412812254585,-0.781964947906681,0.310399786095025,-0.00950773988092404,0.761476134491567,0.803630050039044,-0.0656680575655165,-0.595760824074643,0.0800953175369141,-0.0879027987729177,-0.322839689258222,0.62358568640377,0.400630490555706,0.495263263229145,0.226525208275513,0.0794540837539187,0.328551773493653,0.146746647343919,-0.0994804862398057,0.137373739623535,0.0625687855178967,0.159287747274506,0.00745888686731228,-0.0400732907422487,0.172785319370007,0.254746907083472,0.483069721364123,-0.0411501653396225,-0.359428917581428,0.109232832644522,0.899374937793705,0.488814794062779,0.58936672491216,0.338979141447567,0.339880293816259,0.985454471888073,0.125381437967556,-0.158689282395472,0.258615201316856,0.721514893773244,-0.217498447621035,-0.587937685235198,-0.968820735048657,-0.524733928597639,0.0912672351173562,-0.912486900704689,-0.475155400785534,-0.113411605480964,-0.24098206006763,-0.520718163863833,0.1269897703613,-0.360345867885972,0.0799370602406803,-0.205823014588853,-0.943648995914649,-1.05780500241333,-0.385853652640016,-0.942380668915189,-0.600741876475318,-0.783465017819662,-0.593604556679118,-0.232563376496049,-0.697633546215012,-0.163833560552924,-0.413446262229819,0.233835457996466,0.106264704517002,-0.280469530000886,0.0474290766655507,0.479809012048419,0.173849004375175,-0.287863181627765,0.0884585057621063,-0.161318073195237
-0.309319516824202,0.642474249491675,0.450667220960099,-0.163261399476133,0.375251258737807,0.141562382058555,0.276579540524921,0.798438397910751,0.167822986551911,0.630039317504448,0.432416560081537,0.314006982672987,0.222927200072551,0.784171007126635,0.694736251609097,-0.0157080208520832,-0.248777246270904,1,0.30818052720199,-0.38372394590016,0.0107376655130363,-0.162606217621658,-0.181063996189779,-0.615413178750646,0.561084091682598,0.439100096627107,0.0828597032078505,-0.0378577409950838,-0.11057982402147,-0.211813117809564,0.26814396507598,0.545692794315007,-0.327434177014181,-0.0890034522819662,-0.0802641156579686,-0.748768492529813,0.728578317962299,0.170351331775755,-0.292307396406894,-0.585200964525194,-0.403246440120469,-0.591356855196143,0.191195230482523,-0.0191641235647142,0.613461034750713,-0.133230676059153,-0.328729834007674,-0.740364241945078,-0.0396158622602051,-0.303057694029266,-0.264215269758955,0.335748603537859,0.875303258292128,0.320599191295314,0.534746583988334,-0.185304725021015,0.638626193492352,0.724580562234968,0.41007091052981,0.338395690666211,0.955944911584503,0.630876820226566,0.625304897918913,0.304667832933678,0.465516957208563,0.387394350592697,-0.863855320456996,0.298378250983299,0.168586925550833,0.15090252598872,0.0915063078722798,-0.404781383488368,-0.00176054510981632,-0.76787352688872,0.271934169633851,0.131795169989516,-0.159259221948564,-0.0275348220250376,-0.669467954472315,-1.07294668441195,-0.182135126996318,-0.189912451409561,0.120825479031035,-0.291012921853271,-0.374472893703888,-0.507729535763365,0.0280484693947424,-0.167687073388836,-0.631949350265635,-0.573009827855494,-0.704375899702174,-0.419078864954872,-0.583565392359811,-0.512504869301687,-0.126580143571852,-0.203341913668404,-0.330168040596037,-0.889183869689887,-0.392039999911167,-0.634530651975675
0.32329951210183,0.070525517989745,0.213624857482759,-0.204642107249848,-0.219424536319141,-0.252823975597298,0.764668148751742,0.55553676917483,0.122154910628814,0.593629135327517,0.445719399978986,0.321376736932518,0.693285414800053,0.543868836532299,0.524672213435225,0.348681629183658,0.133716202725054,0.30818052720199,1,0.468643875095878,0.30562992582225,0.440047543096172,0.582059440008512,0.415379269305656,0.554792279433732,-0.245835358118378,0.237073586906945,-0.272755588260479,0.251723171335932,0.278335261762221,0.677330572861503,0.697253944303339,0.429262322053309,0.279230487738858,0.641202307380413,-0.0422162728699584,0.388225011479526,0.468699503930774,0.379439322714489,0.380185487793324,0.370364826364008,0.067515122844663,0.710459795708715,-0.147069773216849,0.0287054944769652,0.0339106815016826,0.248344769914846,0.157845369339074,-0.136705745793957,-0.113106463127874,-0.0266146915955032,0.0772018972499189,0.161559296101895,-0.493109588219475,-0.365131009164524,-0.179342980705458,0.424338614129389,0.30953863949809,0.334020856639743,-0.0657849989620937,-0.0680883291009299,0.106183672545964,-0.177091466420388,-0.588157039912189,0.211902417485905,0.0265491738233946,-0.0986011238937721,-0.401407329633349,-0.550917445610113,-0.150251069646797,0.189572943623797,-0.748372809751508,-0.196310478880339,-0.154122444423179,-0.294336560387816,-0.505523568183792,0.0910623995332337,-0.486472211135837,0.141613269133682,-0.0925288654848402,-0.545159145827516,-0.801958424604601,-0.332697987072807,-0.472451260795074,-0.526990820261538,-0.685436136177722,-0.0896152405246693,-0.481944109648246,-0.391361361646282,-0.342503845361263,-0.568382417239384,-0.181895956418727,-0.241148221762377,-0.26820308253375,0.122433714748924,-0.0201257367806712,-0.062718380031286,-0.457136142734434,-0.042131157259916,-0.416771430390401
-0.103269796966272,0.477398803080129,0.402719093275071,0.0712636441353967,0.442299757356252,-0.0598364705290003,0.35807408693706,0.404583308462334,0.380468578219826,1.23492028223976,0.464349618508115,0.839525812471102,0.406784388896917,0.774301481257952,0.375604831063201,-0.664440587781577,0.114910061007537,-0.38372394590016,0.468643875095878,1,0.243089366213106,0.0265802820676786,-0.279123140374706,-0.0791769485316315,1.13471103564578,0.586452516554097,0.0607865280767681,-0.151644428827532,0.12009425673357,-0.078837537922976,0.374603570544238,0.399876877203655,-0.0938305987637263,-0.17941789856956,-0.393049791445765,-0.501411536884557,0.874997499404509,0.102039163655613,0.0734547642804441,-0.0379392674162096,-0.66015297938528,-0.213465145732137,0.0190673086966171,-0.227524301097043,0.39615597183177,-0.545081417140989,-0.409390387043891,-0.942626300738759,0.048904036613047,-0.181234890228874,-0.752225869353353,0.134316693770132,0.462994508481106,0.554201460529778,0.666547036692052,-0.217908841619082,0.182066944529261,0.750212069802859,0.67846131080504,0.498120832450695,1.25251046274113,0.061999615352421,0.380196086155909,0.222468619048387,0.824919266343856,-0.354078866344221,-0.519150129016515,0.481748308664208,0.465462223375082,0.413577967324167,0.486544283226527,0.0670781691708542,0.172995500530349,-0.322009514333463,0.75880434596763,0.866826686612593,-0.168822994025744,0.402327501250937,-0.552423725571481,-1.12108982327198,0.868669138065526,-0.0126161584163358,0.221901382862853,-0.0813552958565514,0.4237921485032,-0.40356704127685,0.768956049694418,-0.055192473315998,0.0502121953839865,-0.344072612610534,-0.732045043517069,-0.423450112434132,0.152233768007705,-0.756794199278481,0.133701036442131,-0.269535318531203,-0.505957435431677,-0.817129777081211,-0.172954352301237,-0.149459881008106
0.634718934228161,0.154761094797446,0.267164960374439,-0.121670896109586,-0.0973714996299044,-0.186312310166143,0.778222668981048,0.60227615352138,0.299538346529634,0.721611735316644,0.485880939137117,0.311358301728076,0.747274962104814,0.718710838835287,0.631247756536092,0.147352859143296,-0.14732582029673,0.0107376655130363,0.30562992582225,0.243089366213106,1,-0.170446600423964,0.120019372103479,0.0447469257359644,0.348845321523205,-0.0751065058112062,0.0457935704558739,-0.4711393816019,0.220266945277974,0.161921583682817,0.601503435869385,0.53393288848433,0.308400017294757,-0.164962376944837,-0.00519934501959746,0.0616534117486958,0.575414172029137,0.392089265462271,0.21723582427651,0.127538317751157,0.319505218351605,-0.132105870820155,0.118894954444776,0.296856017185744,-0.0977955403336478,-0.104443753732259,-0.0193980072572769,0.249709130832936,0.258719583042377,0.323768933949469,-0.0661512625307447,0.143680568282964,0.216842108594056,-0.167211459067814,-0.331491290103623,-0.148837040545157,0.439542755757621,0.42435207633011,0.63736259056507,0.335761056590203,0.235253311324203,0.15359011204706,0.0833678706335359,-0.206269128999263,0.527237442936079,0.0780238120224645,0.100876469734238,-0.0598098409588575,-0.627068811740882,-0.207554453643417,0.390732844266836,-0.804484666326797,0.0590121835727545,-0.152481178897567,-0.202182372012075,-0.463226847724213,-0.0418763342132006,-0.526801318608268,0.280825918585414,-0.259566259219697,-0.591773378301882,-0.530915618771634,-0.387408610421813,-0.837438491658388,-0.538556012360815,-0.579498155463812,0.0159988820126854,-0.605074965196701,-0.354407218884214,-0.261678805986223,-0.455445452950462,0.106313801237134,0.0955485074227249,-0.451564595710692,-0.347853650460044,0.407306893158598,-0.248221240229974,-0.0822521379899401,0.431623032995217,0.101774949155991
0.514251839933804,0.587791379077922,0.262821958803988,0.214012734506426,-0.0827984764740276,-0.0335167894681897,0.901441773738033,0.714187376674875,-0.238384065035607,0.678311772758987,0.679622887728624,-0.145123385738407,1.08229251097758,0.789146013606283,0.971230429176092,0.0918285799885426,-0.272502379960099,-0.162606217621658,0.440047543096172,0.0265802820676786,-0.170446600423964,1,0.424779140634822,-0.618805371443581,0.211790845219952,-0.438811007605983,-0.0993285921785634,-0.654163410494802,0.031871862527514,-0.452973475287353,0.376672580278547,0.654600694565123,-0.138114992924076,-0.354629726930138,-0.0172577802880214,-0.159907375997954,-0.280748151113212,0.570299590546945,0.0837350102083262,0.280179688957246,0.146151848149643,-0.20992289637621,0.213463535215255,-0.040821475978108,0.11187354077141,0.00838152436253728,-0.147391936191347,-0.168788962062047,-0.123495289868621,-0.0860568302345806,0.298112574917909,0.177758759934532,0.536485563425697,0.163859326610036,-0.0642321713079092,-0.0771360130423963,0.809762455155788,0.271630512776266,0.379724526680599,0.212495463281912,0.217033168813686,0.673517108510508,-0.0361134599997396,0.023625624861637,0.192044865837102,0.294781546517933,-0.167942867078399,-0.271145787849765,-0.190493747979628,-0.154356668246332,0.0220213403287888,-0.693921444808788,-0.224213814310098,-0.115458590208447,-0.271770030925542,-0.591756558388841,-0.192582327510914,-0.552851959756416,-0.182343144599614,-0.650375991429075,-0.771455594511763,-0.351171119020177,-0.133688441877319,-0.405925197469557,-0.455051716077733,-0.237510973655415,-0.524100332533324,-0.00726729781410096,-0.271395210021197,-0.168941207477574,-0.482525836501858,-0.132393179451653,-0.0820159370382302,-0.509580179452416,-0.297439065692549,0.303493098222529,-0.0209954752651514,-0.132924013751404,0.0116249403400537,-0.150435407146937
0.124358081319525,0.23461770063086,0.13099271120014,-0.0565062485279856,0.187150780412804,-0.14701433941527,0.133575497772554,0.114270979481296,-0.232212773168136,0.931600609871986,0.594341957314282,0.565757477926975,0.601484180684265,0.598847580002454,0.36259348026711,-0.404747486269866,0.414643963437591,-0.181063996189779,0.582059440008512,-0.279123140374706,0.120019372103479,0.424779140634822,1,-0.165709969313982,0.765276395980267,0.0524847951156516,-0.0341996689399765,-0.37622538122501,-0.00920158820123629,-0.263426020774918,0.573171665241142,0.434409282434736,0.183869561489738,0.351122080965385,0.317900443115504,-0.554660347361187,0.643209826591243,0.193498017752379,0.0255612979082845,-0.208231240674816,-0.30309514818911,0.0723620103670051,0.528375104416264,-0.405267489343052,0.382894610793732,-0.145484896758965,-0.0616388159768161,-0.769513016800657,-0.274246762934008,-0.497032932827176,-0.407340761072789,-0.0537831459012101,0.468963569664162,0.179560018161393,0.561918314265582,-0.267616145285894,0.142244347809111,0.330261249459178,0.382515932963378,0.261878396665839,0.526347355238501,0.0900265125943522,-0.0943646225389702,-0.110224395419679,0.407012379636856,-0.173346251638514,-0.455307626334529,0.182993514729108,0.629227650894972,0.351837331321006,0.188671067900198,-0.246375129414727,-0.257073155681075,-0.347938934221278,0.360126098474575,0.0843097725377589,0.0116703095880125,-0.0790029145487039,-0.562430506774167,-0.838092831933108,0.348262358446384,0.0574616873032293,0.190128737410649,0.243542643578013,0.053683656320947,-0.224370657162506,0.12892909659282,0.189327328400894,-0.219567329250878,-0.406980569479972,-0.467117336588152,-0.575296269495276,-0.237086205208031,-0.462942040697961,-0.141769422170918,-0.219755659098572,-0.138419493829898,-0.723277846928283,-0.310454662023047,-0.480035804988574
0.590883278836357,0.146774336643653,-0.220042402792098,-0.108893580363326,-0.0369640710764546,-0.0187951841986492,0.839642347499401,0.060284916392585,-0.146438131657146,0.96294813881121,0.266808581949669,0.494700904978799,0.733182074976044,0.947440113043818,0.293597104255826,-0.423148486834292,-0.062608505850249,-0.615413178750646,0.415379269305656,-0.0791769485316315,0.0447469257359644,-0.618805371443581,-0.165709969313982,1,0.467513938853422,0.0485571148197695,0.166794113490154,-0.601294246058913,0.464434141752191,-0.13222611108435,0.0124310563841234,0.304492864782698,-0.253813216072908,-0.965439172184182,-1.03397426157821,0.201203465836144,0.220308453407102,0.581005513928869,0.336946130734577,0.0553169200791759,0.26204160480101,-0.166879197751584,-0.421693941932752,0.777228007946703,0.286140669348193,0.0580424484551361,0.000309613824415078,0.556073070358847,0.561682708765392,0.804587452637247,-0.478729127891824,-0.329010051638573,0.102133874782888,0.233800318247914,-0.245868536927726,-0.141230587660742,-0.0842425842280888,0.0886362857673813,0.781276098677765,0.499132890862228,0.976948963785909,0.436847200461651,0.412336598194563,0.389681542692122,0.656576671364142,0.120894643169633,-0.0270244017885092,0.0342375078969112,-0.562325185664012,-0.258968515545635,0.545092028891495,-0.42613435170757,0.164745786240939,-0.394307415000792,0.344222230087985,0.260516509042533,0.27001002479514,0.0024209129925038,-0.127957192613523,-0.581289319076088,0.138395282460785,-0.298845799096073,-0.0830851741520129,-1.02335306461999,0.120208749575527,-0.560439113986686,0.347060926231454,0.0121636990443368,-0.0468027859201754,0.238917546970584,-0.0464741125939192,0.442137861449741,0.428374027509153,-0.831991811848748,-0.376460689250104,0.916394862169073,-0.189526133202941,0.487565418685332,0.567686711108792,0.574825689715179
0.52981249949668,-0.0227678330472674,-0.0822874390539357,-0.771440266896244,-0.932787820535043,-0.429582062028916,0.23309883137845,0.216254640737922,-0.387948463808138,-0.136146106085624,-0.257636861345005,-0.0729950019121703,0.169513619250098,0.373336764900552,-0.251054395663606,0.31486945435516,0.315765808165364,0.561084091682598,0.554792279433732,1.13471103564578,0.348845321523205,0.211790845219952,0.765276395980267,0.467513938853422,1,-0.761901690531684,1.1678036118315,-0.0938386040163404,0.50513372297039,-0.2242561425572,0.0872962794592796,0.695566947125235,0.47064883893364,0.437823790810412,0.761848409095728,0.253254755172989,-0.126363403076525,0.934124685359704,0.501557598883777,0.125147330634659,1.09824923431757,0.30597439333893,0.829807228552357,0.183113410759185,0.748413236152558,0.645686563559134,0.708671143027204,0.795365597232076,0.349643892337067,0.245683702146461,-0.465682380283461,-0.490890730618993,-0.42129296027033,-0.944089688743207,-1.0720336953982,-0.736097461760619,-0.0528236812127185,-0.246135223824496,-0.742336644211528,-1.02181333301504,-0.63146342581679,0.309998079245805,-0.891863597005979,-0.741835216225654,-0.456752777723102,-0.571017468118517,-0.29408885265436,-0.512509411025174,-0.746302134055102,-0.247389187072108,0.415810565657336,-1.29464456268939,-0.251428347346416,-0.54214898368079,-0.753632949283537,-0.930369150876499,-0.376386197249903,-0.680381745015207,0.232806107913529,-0.183184030697292,-0.274882961729846,-0.534899090891831,0.290032940975274,-0.630411843854773,-0.105093272680114,-0.708115052711875,-0.466830174034283,-0.433344139920902,-0.619541936204191,0.236776236227358,-0.20230066235211,-0.406457401365679,-0.907975745631309,-0.258770062049045,0.255568535089671,0.171757660953004,0.24979064060819,-0.183568977508136,-0.092288840932922,-0.516852230517416
0.127301540242007,-0.0593609099715563,-0.227187114097655,-0.562947296754264,-0.790856382742996,-0.494838784598183,0.186444140834868,0.545678451197872,-0.21192022492772,-0.678489882010669,-0.40396097360804,-0.518181767650403,-0.26144849433696,-0.387919807458337,0.0449606216595497,0.76849834697607,-0.201000069340214,0.439100096627107,-0.245835358118378,0.586452516554097,-0.0751065058112062,-0.438811007605983,0.0524847951156516,0.0485571148197695,-0.761901690531684,1,0.166217165808919,0.00213995891048313,-0.23293758789875,-0.320859436769541,-0.262990222048683,0.0907107554293029,0.339222631057133,0.0851163686357942,0.153016668444249,-0.319571393045002,-0.577713968255016,0.387627249296565,0.453828057955678,-0.32528777359091,0.589896608019547,0.166600229609119,0.187728890429181,0.439533540114124,-0.152139578207998,0.608498575444334,0.431101568161771,0.485065415397513,-0.0448482775970958,0.160118417103971,0.326343283562888,-0.178768207476124,-0.164818293320619,-0.689680238838324,-0.817998080462386,-0.464961146267948,0.618255510769494,0.0983278284056463,-0.500100869982092,-0.943156673175575,-0.533896378381193,0.0776458712722298,-0.305102210808177,-0.0857681254470412,-0.654239774292997,-0.160998180041715,-0.236909237801032,-0.0427436249307213,-0.349147331078769,-0.320591312500869,-0.241476202193454,-0.312150328321484,-0.0912698735083305,-0.238756169550271,-0.388654363589623,-0.684035708385388,-0.363268148981574,-0.550947276873316,0.931782442496176,0.390166135336096,-0.658609816982322,-0.38154703369979,-0.0816837144662476,-0.269226171691455,-0.434205934625716,0.307313031167031,-0.985415351253631,-0.390162569844241,-0.521864646230714,0.209456652838933,0.424335024170998,0.119578435558151,-0.280090163532979,0.495639542471837,0.124143036422546,0.0449531797231534,0.492684024880115,0.0172385795038497,-0.150046985459125,-0.198157065922168
0.36065836173199,0.562085855568255,0.47942572119043,0.0955288607568896,0.514068882091417,-0.0638787387731577,0.599469697822552,0.691115760754684,0.558651421213134,1.20865144917761,0.256203705531622,0.824781056330654,0.629421095152648,0.545774032757268,-0.0154617896721449,-0.322975160821512,-0.0299412812254585,0.0828597032078505,0.237073586906945,0.0607865280767681,0.0457935704558739,-0.0993285921785634,-0.0341996689399765,0.166794113490154,1.1678036118315,0.166217165808919,1,-1.06906023226092,0.114631365062918,-0.445177891843761,-0.0336765646092172,0.613447145984804,0.22572008697234,-0.159587377100819,-0.530565730250532,-0.196789657043709,0.343229726389558,0.408410109931887,0.592698820637179,0.421293358204218,-0.0782237625824753,-0.581593287800013,-0.0801507449887924,-0.206260854627141,-0.2676797347836,-0.507193559032872,-0.12125301200186,-0.476167804835148,-0.126457207229074,0.11720970332094,0.0975354354894982,0.272345631733375,0.305477530430697,0.200362942577891,0.33832887405001,-0.0232405542763267,0.598369984421917,0.669011864393005,0.868873738471544,0.583171295766259,0.738445992233931,-0.168710946275631,0.0849395895431954,0.111779099995806,0.582101033108529,-0.536358309498277,-0.17125414595305,0.217396731595775,0.156113606958098,0.375789012183216,0.322743562568815,-0.0928351544119426,0.110088925246446,-0.00714737558206274,0.417800303873574,0.40534122722351,0.233864054648567,-0.117460085646986,-0.244455565201179,-0.403682197926335,0.541771905906278,-0.287561881355784,-0.192969114542402,-0.388780082769505,-0.0437007414123808,-0.350009157757267,0.26294173583485,-0.400390823428816,0.0381985850146867,0.0275100075790013,-0.221738581327152,-0.00372848001159443,0.520193343524266,-0.814237252433966,-0.00868995300159234,-0.116134411345255,-0.408718891400221,-0.531394769113846,0.0441879677714136,0.158611755273049
-0.00964730472806757,0.892912728360474,0.355451790879954,0.357669875295951,0.636423294573372,0.418943557441254,0.155100971848412,0.908983578403736,0.59310185914218,0.322978846619165,0.0193527019111942,-0.097070957087526,0.306507803005062,0.139783163532367,0.133775182034587,0.263563248406202,-0.781964947906681,-0.0378577409950838,-0.272755588260479,-0.151644428827532,-0.4711393816019,-0.654163410494802,-0.37622538122501,-0.601294246058913,-0.0938386040163404,0.00213995891048313,-1.06906023226092,1,-0.404208225970381,-0.502809773953564,-0.447891714534036,0.39062570976158,-0.354988834237922,-0.671141671237287,-1.14286409434868,-0.235993431601169,-0.592899784210828,0.0707744379609257,0.165944642647157,-0.0658774078575069,-0.469667911200401,-0.715297050082252,-0.655524210483476,0.108946940513201,-0.96188524620011,-0.559663495419447,-0.619183432589618,-0.647115737976289,-0.302988062421601,0.141908579053415,0.88780104640968,0.694517187742351,0.36143123505721,0.639432778187035,0.49751463316981,0.528571415698434,0.975403411728092,0.622152156680574,0.67519154207858,0.135836135348775,0.313600541602419,-0.0931149598444497,0.419682446822686,0.49154392857126,-0.162174836013586,-0.339393555195042,-0.112239016313381,0.337977938498054,0.235001863764254,0.243311792274174,-0.238901476586966,0.337717174326465,0.262336738284304,0.771533611371267,-0.123833944412333,0.17330617956321,-0.0917178372959833,-0.272932906227743,0.49512200731625,0.391457223605433,-0.300662358734185,-0.00421529583398957,-0.406629376244354,-0.202087264345148,-0.522566538361142,0.458226032500402,-0.544241608111477,-0.551024447129105,0.363112454142709,0.204469893011178,0.346013587941033,0.853329067116689,0.631197771089834,0.0436080056620759,-0.201853912836282,0.0309095272769186,-0.271570164164897,-0.0133533055122672,0.0740439027402064,0.699125939221845
0.197442650952728,-0.484570498154689,-0.193690429055626,-0.282551834313514,-0.592164084672268,-0.596845412121272,0.454940756266482,-0.110690271610533,-0.321856142079784,0.603088381263057,0.484358879306559,0.409848780426965,0.213577069110206,0.211725631443482,-0.151283746135503,-0.382647649008431,0.310399786095025,-0.11057982402147,0.251723171335932,0.12009425673357,0.220266945277974,0.031871862527514,-0.00920158820123629,0.464434141752191,0.50513372297039,-0.23293758789875,0.114631365062918,-0.404208225970381,1,-0.0197531326221763,0.143478125775816,-0.104075866692125,0.247967015408006,-0.183183067884192,0.0400843144695958,0.033831914989976,0.31105848275167,0.361748701257344,0.602978142185549,0.19094335453761,0.254531181199498,0.223312975019217,0.279459158018195,0.0698340259891408,-0.138271589441281,0.244694412657393,0.418216787402159,0.276611442597182,0.21150678721653,0.274523454098476,-0.334995288069545,-0.390185677829192,-0.376157976681262,-0.487308753015431,-0.391091403490609,-0.39801864964879,-0.258518317542699,-0.0817267521171123,0.467819618514977,0.020911697539903,0.267168369864621,-0.204426763525253,-0.235630933791052,-0.037692719290582,0.338965731757126,-0.390132880617707,0.0166538743188207,0.102872727773095,-0.286753238749861,-0.263534747778788,0.32606025318605,-0.055570428245156,-0.138129932139455,0.0736383432885749,0.280877242085886,0.215295568774661,-0.209768444536953,0.0775108611828697,0.601388152107587,0.0477369624818113,0.282714332205332,-0.261108529364572,-0.11823120378336,-0.0756429730581193,0.269465026074171,-0.0323920151010144,0.0355126779931748,-0.104430080793693,-0.0955636140779528,0.30813197773112,0.323531945205647,0.0124148605040142,0.396828002016736,-0.126094056335736,0.187913498348352,0.172471613307474,0.305410932857322,-0.124065536301223,0.276552839142068,0.132192390954055
0.434124179703217,-0.109165543904551,-0.566983807816388,0.165845786159735,-0.0565693442341968,-0.32507395847059,0.53605369867032,-0.0910891684448433,-0.320806833877186,0.240027866461973,0.227631165998964,0.0778177875900222,0.469891258410552,0.513138602230959,0.130499063118321,0.052471953232865,-0.00950773988092404,-0.211813117809564,0.278335261762221,-0.078837537922976,0.161921583682817,-0.452973475287353,-0.263426020774918,-0.13222611108435,-0.2242561425572,-0.320859436769541,-0.445177891843761,-0.502809773953564,-0.0197531326221763,1,0.113381308531579,-0.236726300748146,0.14176955672109,-0.540513169376473,-0.880164118588272,0.148699789756454,0.17107182861774,-0.0281217223731231,0.202273332828408,-0.240221516346809,0.113518650603205,-0.288206816529462,-0.501670131883699,0.539613891348768,-0.459642460386933,-0.0807151963663163,-0.163372326746453,0.407804005458475,-0.109331004509473,0.633654224635322,0.0607191957307014,-0.224118400596737,0.0365190614351145,0.0787984200235116,-0.306882792293561,-0.210552350804263,-0.127807387220298,-0.285339579553215,0.795611434867274,0.588391859698872,0.138040880868594,-0.387539082438448,0.218393214457649,0.49706038612724,0.512845228697779,-0.0383130654166637,0.446724078679447,0.52244489217682,-0.0470580567776287,-0.0977921916311731,0.355463609019797,0.116013908484518,0.565295494167895,0.316537582290268,0.129588107982821,-0.163179805609342,0.240214415388522,-0.267833986761843,0.44794760831093,0.246951465799391,-0.111557766784262,0.0214309135635173,-0.38799881217595,-0.485950277308324,0.0019240984603926,0.340690721323233,-0.0479017433786914,-0.290991598055699,0.287703920628851,0.246484118146461,0.299771360094225,0.608821647179128,0.907342580075504,-0.235853329157677,-0.763000664130043,0.620340297743024,-0.125132799152868,0.817742610036933,0.580887004290601,0.79085565310313
0.589745633830279,-0.371669881428622,-0.671353153933642,-0.0835452722701476,-0.241151511987699,-0.404681973180558,0.570442175367212,-0.571359232154151,-0.648352123917822,0.444689078602256,0.403421680716174,0.0718195931289382,0.318912931946505,0.315389243874032,0.111189754025125,-0.046875618137435,0.761476134491567,0.26814396507598,0.677330572861503,0.374603570544238,0.601503435869385,0.376672580278547,0.573171665241142,0.0124310563841234,0.0872962794592796,-0.262990222048683,-0.0336765646092172,-0.447891714534036,0.143478125775816,0.113381308531579,1,-0.448846718977093,0.243942322561166,0.171952267014537,0.0648626083137911,0.709812938863284,0.242424863136201,-0.311952472137351,0.103553325065092,-0.0123926731204132,0.420430015987021,-0.112546043321401,-0.12219430957029,-0.0391887566145239,-0.0544332301936327,-0.0458854566806201,0.0563402793084125,0.446037712084188,-0.018739707082807,0.14304406803258,-0.412421977345632,-0.769695875014549,-0.0906950008991611,-0.419958947162656,-0.560591037835816,-0.152739772527877,-0.522018415301495,-0.673989460011334,0.362168521384265,0.573838184236583,-0.054609989638402,-0.223500605326498,-0.180294181540262,0.103716027368189,0.808577649080346,0.0366818428484507,0.938350689664427,0.307900299981493,0.11274839111535,0.23383204253247,0.726268874392914,0.0104268303140843,0.269653181765503,-0.145385528324027,0.433812927938652,-0.328529346136338,0.633994134934452,-0.063107197282383,-0.362816162113592,-0.298474202367995,-0.0352272227896606,-0.093192241970643,0.010953472577082,-0.270622776294515,0.203440309204738,-0.152624700698327,-0.0823504199135193,0.0586550343370836,0.276505981772923,0.0417133564413747,0.156636839423176,0.00181135666177138,0.430344117163946,-0.573800208356323,-0.53806202031484,0.308545183979826,-0.10001583845456,0.372470314310337,0.40880820494189,0.176993634349203
-0.0326738877625578,-0.288933440376703,0.0528754386721055,-0.0712266950037705,0.133245287510667,0.0109428302130944,-0.407812573283609,-0.780403935876432,-0.0195215007540392,0.0548202706008264,-0.232357907053781,0.436479645143825,-0.645253979980764,-0.243022381196529,-0.864234180910654,-0.533854446841108,0.803630050039044,0.545692794315007,0.697253944303339,0.399876877203655,0.53393288848433,0.654600694565123,0.434409282434736,0.304492864782698,0.695566947125235,0.0907107554293029,0.613447145984804,0.39062570976158,-0.104075866692125,-0.236726300748146,-0.448846718977093,1,0.188775342147339,0.963997897184238,0.558003053954489,0.493222735097853,0.834758870645202,-0.304683006526743,-0.577325673410796,0.398793886753243,0.100352096548095,-0.234775126804529,0.0287052679140921,-0.662545756657732,0.556220904037514,-0.47900153547368,-0.107022353226074,-0.108833155115359,0.228704053865892,-0.183467694396592,-0.284269780320711,-0.254060224853703,-0.665277045538573,-0.248914755447117,0.389092622354813,-0.259517817794547,-0.888327321695024,-0.360725291358319,-0.441846050859291,-0.113555024661412,-0.266906729770603,-0.88767259045215,-0.903772857836065,-0.669010982712567,0.275698839540248,-0.922373054885257,0.563242071000004,0.209975024601952,0.722907396151064,0.678772872570294,0.530210799558772,-0.0243030375198134,0.388465801343341,-0.0124826449459931,0.146970307422864,0.130627407143741,0.141365357353747,-0.0288345603156087,-0.713685745592797,-0.895699329770347,0.709970643149004,0.817517828951394,0.294622575492892,0.685265569091692,0.533475364896034,0.0232158184219872,1.2223153781689,0.316714100375355,0.589276915475266,-0.261756140633201,-0.591329641986462,-1.18191533178057,-0.454417940800271,-0.723088325648257,-0.323960738585957,-0.541683557547984,-0.673910475795965,0.050131930018204,0.0415514792187588,-0.261419189247316
0.701490292520468,0.573022350677022,0.209809029938051,0.530941485616523,0.467326055741575,0.183245869323954,0.853576972708397,0.265519677256582,0.169812197850317,0.648299235372037,0.256608371729774,0.205514943198608,0.64358589555196,0.763665420696057,0.560220589175608,-0.124578221592168,-0.0656680575655165,-0.327434177014181,0.429262322053309,-0.0938305987637263,0.308400017294757,-0.138114992924076,0.183869561489738,-0.253813216072908,0.47064883893364,0.339222631057133,0.22572008697234,-0.354988834237922,0.247967015408006,0.14176955672109,0.243942322561166,0.188775342147339,1,-0.621978546544211,-0.66225166320838,0.316640886834873,0.176261789486184,-0.00104270976904311,-0.14377957015261,0.497942009490814,-0.138216572771547,-0.187468018025962,-0.596637505197865,0.0247718730116963,0.294567364945051,-0.551124126747765,-0.557577180826801,-0.120586678246952,0.132112994429115,0.202960411999744,-0.251181204631966,0.210568937195874,0.520454636044211,0.479901637796015,0.109811207250687,0.297968658310172,0.195332094265563,0.15815925119862,0.209734917721831,0.930327204366391,0.422730071228313,-0.0914044709387401,0.108984515730974,0.262805025371188,0.699956086176996,0.0286762235857795,0.402035929843504,0.273664906306153,0.0421439048780555,0.185529751353315,0.606577656234452,-0.0221632044292285,0.528262283040175,-0.13961881347487,0.296073964153568,0.225371410987293,0.192197103158764,0.314540018498387,-0.592311986935132,-0.719605099572694,0.131978583778578,-0.177526353383116,0.0600159498079245,-0.603289942653358,0.493083535199694,-0.388791754056396,0.517433186751275,0.164159885710123,0.308709622301967,-0.284197224415016,-0.660572383103004,-0.131070809785318,0.417046666344855,-0.81659748588079,-0.386658472489189,0.271534026153029,-0.529973963825777,0.359026589596701,0.334524586102395,0.319515810869758
0.279239153100631,1.18060489043366,0.720127940249194,0.295743131016113,0.531898385239322,0.46321742051331,0.881630566820356,1.2174290100214,0.316150026986123,0.754803991107353,0.682785887001894,-0.0538632297278943,0.820630660723929,0.882385322073429,1.02506705201125,0.301488732163144,-0.595760824074643,-0.0890034522819662,0.279230487738858,-0.17941789856956,-0.164962376944837,-0.354629726930138,0.351122080965385,-0.965439172184182,0.437823790810412,0.0851163686357942,-0.159587377100819,-0.671141671237287,-0.183183067884192,-0.540513169376473,0.171952267014537,0.963997897184238,-0.621978546544211,1,-0.403516157019282,-0.16743544572825,-0.232162547176368,0.404702656922722,-0.264550519314653,0.104886643146484,-0.251621330272123,-0.769765225146635,-0.10922885449878,-0.208735508325215,0.192409249445522,-0.374988474951242,-0.560556981186325,-0.659459592634924,-0.177602859662887,-0.352502292724247,0.627282585648319,0.681846922824114,1.03147309168399,0.490741398265405,0.333704233428175,0.390069210961811,1.24551038704184,0.656853612371352,0.454684118218721,0.638775658318641,0.574263053716771,0.940260097194215,0.337935558252925,0.201268559683681,0.327735153348378,0.583067306168202,-0.327622527629823,-0.0598863423558598,-0.209244654417174,0.121286985342403,0.113121944580208,-0.690277666724954,0.0618768582942483,-0.299041457307498,-0.108621597614235,-0.353859956602786,-0.0384330665910369,-0.425080862272136,-0.767310954922204,-0.919938827453795,-1.03076355870627,-0.516315879378646,-0.121937531430614,-0.706754168463999,-0.776663082334068,-0.642672883272762,-0.35885048120795,-0.365294250993241,-0.454139021991231,-0.507247630500814,-0.810747179628228,-0.101300974965908,-0.340646393529994,-0.605130746416156,-0.322873974539862,0.0489096979260513,-0.441993041122225,-0.576500422241812,-0.217161027504346,-0.336921716542083
0.316830313372515,0.798338973012544,0.12613459389125,0.25349677259136,0.602986010414067,0.284850065240934,0.627604939555683,0.512926435958109,-0.188366088122846,1.4609296809518,0.841992032934726,0.46998214609046,1.00949364327056,1.05694715787381,0.477934000582007,0.00349114996133748,0.0800953175369141,-0.0802641156579686,0.641202307380413,-0.393049791445765,-0.00519934501959746,-0.0172577802880214,0.317900443115504,-1.03397426157821,0.761848409095728,0.153016668444249,-0.530565730250532,-1.14286409434868,0.0400843144695958,-0.880164118588272,0.0648626083137911,0.558003053954489,-0.66225166320838,-0.403516157019282,1,-0.0052637112560347,-0.0584804846740467,0.138734432737101,-0.253054403380788,-0.117429180179646,-0.402718900711047,-0.891090926412122,-0.33343326548287,-0.341244684721355,0.0950569857436976,-0.554156223098302,-0.491592171443313,-0.683257275974249,-0.287537186685952,-0.232885931636142,0.301561806098148,0.116775332871053,1.03496697862879,0.59009749765314,0.536844330650444,0.312760969177361,0.679279667594059,0.187235516310394,1.01605760713615,0.941939245992731,0.872211248400119,0.647964705861169,0.208200186750473,0.368025993054082,0.618273221746002,0.10254430160431,-0.166202351413576,0.322702884381009,0.501830382549325,0.613260049976553,0.463218930016475,-0.213064470998526,0.143949737722228,-0.414760911543632,0.481030018754549,0.0468309890006144,0.494347046081974,-0.181992688101329,-1.02437648716932,-0.988079122236538,-0.244746046583068,-0.00364746415975814,0.0689242218585386,-0.345657819776904,-0.27712524748048,-0.406096563202247,-0.117383747779695,0.0954126926533405,0.0509027830991463,-0.33735374346947,-0.277171303448138,-0.0526580664003903,0.107543356386485,-0.955124455318056,-0.628575379211384,0.203672702454158,-0.397694048990647,-0.264724446297394,-0.0542454005824889,0.113418944697431
0.244512156626731,-0.0200526656881255,-0.060563435270574,0.449953577749213,0.415645984728492,0.0307257986993123,-0.539979335097139,-0.502600353930083,0.14860849731767,0.122000032029666,0.257662909453829,0.293301635633442,0.183622040313252,0.0239650082409839,-0.34139456652898,-1.13774090942974,-0.0879027987729177,-0.748768492529813,-0.0422162728699584,-0.501411536884557,0.0616534117486958,-0.159907375997954,-0.554660347361187,0.201203465836144,0.253254755172989,-0.319571393045002,-0.196789657043709,-0.235993431601169,0.033831914989976,0.148699789756454,0.709812938863284,0.493222735097853,0.316640886834873,-0.16743544572825,-0.0052637112560347,1,0.567674419071563,0.51732600948907,-0.134476371696683,-0.0853473515762059,0.188977172087495,0.291578657289826,0.217482479956726,0.32643451474238,0.065047375153792,0.223255717545248,0.0109794104605822,-0.14842531950067,0.469483140174452,0.203394991973511,-0.607695204715316,-0.0309597694328242,-0.566957209484301,0.441882379392075,0.356188989121388,0.0543075586393693,-0.827048513658804,0.178375760012345,0.176189982757573,0.396329511785701,-0.00425462998912179,-0.21193444949905,0.0114465275288477,-0.33110349973928,0.17975330792248,-0.171478175985082,-0.0591589100473729,-0.406740459421906,-0.0924511863541848,-0.334480079327898,0.0720837123482986,-0.452627794505134,-0.604506935556102,0.0556852017738921,-0.217730133136217,0.0417646964854976,0.0619408022620275,-0.325345343388828,0.0496677736091023,-0.0949576231727849,0.334300496415145,0.456298760666035,0.355909009328826,0.0320667680374047,-0.100472389624529,-0.0860998694654808,0.670250168986861,0.0031993549382732,-0.294047904370643,0.182061099310341,-0.0145297576947347,0.176536437898762,0.128133455742454,0.255079412485237,-0.15548916992577,0.36621327056524,0.111572163116039,-0.207615805853219,0.39882974684072,0.0143447359817901
0.301704855269808,0.254555950254965,-0.020245593348172,-0.2107024514793,-0.509980474813921,-0.407343298440382,0.634846054295508,0.80774069872075,0.263499477098589,0.049787099982623,0.222490388499009,-0.166261497792689,0.215712020307001,0.738477367139553,0.223044942696791,0.654913756809747,-0.322839689258222,0.728578317962299,0.388225011479526,0.874997499404509,0.575414172029137,-0.280748151113212,0.643209826591243,0.220308453407102,-0.126363403076525,-0.577713968255016,0.343229726389558,-0.592899784210828,0.31105848275167,0.17107182861774,0.242424863136201,0.834758870645202,0.176261789486184,-0.232162547176368,-0.0584804846740467,0.567674419071563,1,0.595674994924552,0.329593501182208,0.181479380463969,0.651458438617552,-0.509292895263686,0.0906818238032728,0.00393980694867822,0.0614496066995174,0.0290878984262554,0.0134807322898456,0.37796666868035,-0.114472026270501,0.293479748489324,0.414588091515411,-0.0151372221551223,0.0169146206715916,-0.63319695752,-1.09624225930445,-0.274037854741345,0.263193131977221,-0.0667618288792064,0.310462225810909,0.282663614661153,-0.496988629758128,-0.0607269447985213,-0.100138041209925,-0.183048433773148,0.229107827576849,-0.0926624341261112,-0.0092044603774778,-0.293431297416058,-0.947227556336719,-0.196877722583444,0.512513568338631,-0.981443976809302,0.420308455663118,0.0158234744519102,-0.550512767880777,-0.788880813632651,0.194316284079503,-0.666700840764627,0.0653986810096467,0.223218443223645,-0.855861163578068,-0.839963138535319,-0.253869165644091,-1.32568180330764,-0.367716715334801,-0.705351388242148,-0.379340462096055,-1.07481138349176,-0.222391262429826,0.00378986495433886,-0.362792531933263,0.198204544002442,0.00498487722832883,-0.408480173410056,-0.151901179388706,0.0344118836865956,-0.179759103849871,-0.237690164306727,0.0968045419844685,-0.170143882474293
0.027103502484747,-0.292444607062707,0.121355528853421,-0.0177590623853567,0.268105216867492,0.117771155784758,-0.257274031734605,-0.656036893045889,0.209780957871662,0.4771168488823,-0.071373189443559,0.8834484730461,-0.135828658716334,0.0990162314307653,-1.04505109573034,-0.579536806388723,0.62358568640377,0.170351331775755,0.468699503930774,0.102039163655613,0.392089265462271,0.570299590546945,0.193498017752379,0.581005513928869,0.934124685359704,0.387627249296565,0.408410109931887,0.0707744379609257,0.361748701257344,-0.0281217223731231,-0.311952472137351,-0.304683006526743,-0.00104270976904311,0.404702656922722,0.138734432737101,0.51732600948907,0.595674994924552,1,-0.296806552427757,0.442687187422364,-0.063631728484432,-0.236008433568806,-0.0392517546843257,-0.427707030769093,0.416653771036528,-0.442020065246087,-0.0192058616662535,-0.0159501501888882,0.190329821347671,-0.00341123782339059,-0.466355634355793,-0.0747052019011856,-0.617360555227646,0.0126282530331571,0.443284201661423,-0.105812334996721,-0.841680441213348,-0.327553580676777,0.0742745532209688,0.120982519508821,0.0360605858449539,-0.679386042743475,-0.56680923646352,-0.56251474587902,0.256085442870469,-0.825248836435443,0.235171323019791,0.0160399454395995,0.277751828217046,0.369808514725784,0.497919669946331,0.158718156937425,0.293109071996785,-0.0193915971987661,0.279330139698296,0.585182997295792,0.354881011861427,0.276665133943229,-0.440087414244349,-0.474412396065377,0.977481491510545,0.43222348431123,0.208153652163671,0.398553460018751,0.651413897768061,-0.285908292273237,1.24970678239059,0.424607981388926,0.471962003497566,-0.0370280281552189,-0.281475827136574,-0.619379010469705,0.013300580976114,-0.476023123427246,-0.102701131449437,-0.200225833097365,-0.49540206543094,0.123387070453008,0.185382427668361,0.121531400065634
0.0278510279015249,-0.26010502596076,-0.26967543035701,0.0170622721332313,-0.0397245967076711,-0.179504023488323,0.199334678534106,-0.398231273763897,-0.229363784317084,0.402903008592471,-0.132630045120349,0.448055595321269,0.254495366059402,0.472247320507731,-0.0431796645571039,-0.491791128181176,0.400630490555706,-0.292307396406894,0.379439322714489,0.0734547642804441,0.21723582427651,0.0837350102083262,0.0255612979082845,0.336946130734577,0.501557598883777,0.453828057955678,0.592698820637179,0.165944642647157,0.602978142185549,0.202273332828408,0.103553325065092,-0.577325673410796,-0.14377957015261,-0.264550519314653,-0.253054403380788,-0.134476371696683,0.329593501182208,-0.296806552427757,1,0.0183474422704191,-0.252298278984816,0.017771266539981,-0.0764257643123905,-0.0534062493502412,0.984650560767363,-0.0752057166323573,0.0117405257359117,-0.0225120941369357,-0.149523508381921,0.0741383471350754,-0.895673038704554,-0.339270267895702,0.0656765421147176,0.115495406100269,0.259210717331146,-0.426950921411384,-0.462587794971471,-0.217166074743827,0.140679291181556,0.323651807333518,0.69750691118533,-0.166892460416208,0.194491981145871,0.4247495631611,0.546701403656143,-0.0607831091453073,-0.16604983148738,0.26662129104775,0.313459767250393,0.387530722188355,0.508828443834446,0.194289285385016,0.443170273719593,-0.444622592083139,0.864539914563283,0.826657109033594,0.4077393025738,0.832653919459197,-0.828898450768828,-1.02726537309205,1.23229092973557,0.11819867185183,0.419473165258404,-0.166066353540982,1.18980015946087,-0.432075733839323,0.636120335869817,0.675621356837272,0.418587964878068,0.0255688941247577,-0.534502686132058,-0.682198488380306,0.172040353912108,-0.756421454669134,-0.0196730417265821,-0.0196711249408361,-0.234011116208921,0.286785755318893,-0.0405996987082084,-0.00547893006178034
0.512948803145551,0.105101338722667,-0.479134292875962,0.16957486185919,0.153812890824733,-0.0986182112536932,-0.385702351747298,-0.749725756490915,-0.502278574552857,0.194682210354685,-0.144392284241812,0.0238511089776246,0.144705206831578,-0.00199772744945373,-0.555726968576076,-0.446650134910597,0.495263263229145,-0.585200964525194,0.380185487793324,-0.0379392674162096,0.127538317751157,0.280179688957246,-0.208231240674816,0.0553169200791759,0.125147330634659,-0.32528777359091,0.421293358204218,-0.0658774078575069,0.19094335453761,-0.240221516346809,-0.0123926731204132,0.398793886753243,0.497942009490814,0.104886643146484,-0.117429180179646,-0.0853473515762059,0.181479380463969,0.442687187422364,0.0183474422704191,1,0.0446210941646117,0.648440720228064,0.00905037462610417,0.0395874546320837,0.422163884937991,-0.0687197875135439,0.0554113869080675,-0.161118628014911,0.503992565802454,0.17181384874857,-0.71591599625855,-0.393519857156713,-0.261413944913027,0.266754787340729,0.151692601097785,-0.0337985136865051,-0.779137411033327,-0.247955772879257,-0.459070375546584,-0.025740357954854,-0.147047746254006,-0.210827430257305,-0.531740938300138,-0.290741080709391,0.0886421811897336,-0.736511020921244,0.0840613881133341,-0.0179072493583403,0.655626090615816,0.251156743444528,0.350210424247607,-0.272173614409873,-0.382429656724544,-0.238300220714411,-0.0222103536767252,-0.00716454186008554,-0.37783830492576,-0.261063258144491,-0.0609990053549058,-0.114605916864499,0.845533486615163,0.590357008418279,0.491448397699011,0.483425622163332,0.391155012215991,0.0499255489408587,0.373127274209461,0.447235728274152,0.309915243274862,0.1331208380714,0.163333802630388,-0.151935216952313,-0.384872450675152,-0.0828295464834578,-0.0693775802253344,0.222392266571819,-0.131668895729681,0.115643418060059,0.221920710720628,0.299419352381973
0.0639947957385166,0.0943469028680899,0.158168465128563,0.247223195394608,0.623812336629084,0.0955470336370161,-0.0993832531673017,-0.236684500000016,0.377595065461558,0.877649667462816,0.474527622446104,1.05760648254261,0.34782671067619,0.638970686538338,-0.428028194292613,-0.905846182488524,0.226525208275513,-0.403246440120469,0.370364826364008,-0.66015297938528,0.319505218351605,0.146151848149643,-0.30309514818911,0.26204160480101,1.09824923431757,0.589896608019547,-0.0782237625824753,-0.469667911200401,0.254531181199498,0.113518650603205,0.420430015987021,0.100352096548095,-0.138216572771547,-0.251621330272123,-0.402718900711047,0.188977172087495,0.651458438617552,-0.063631728484432,-0.252298278984816,0.0446210941646117,1,-0.232280885694378,-0.17867555203988,-0.261197472301912,0.460990240336091,-0.412346130712457,-0.323346728465279,-0.619875344382995,-0.0274275255278336,-0.177260373553256,-0.715381821426811,0.172741324995353,-0.0386474467004267,0.542839168058688,0.701304398098475,-0.00386255745654696,-0.503790743316634,0.131230729202053,0.67807552016433,1.01305982138975,0.701703924161318,-0.24718288192123,0.193013958446235,0.000221434504470486,0.66294350940879,-0.268860272641576,-0.150183178069249,0.126817791286591,0.302426799406275,0.228302626239993,0.467977460493017,0.264790353498806,0.179405955934233,-0.162174928608587,0.686269050372572,0.88065855227174,0.645555604424144,0.457932401457931,-0.775728309903497,-0.713695548219759,0.955574288890431,0.182858273002444,0.473675632264848,0.0113072238573864,0.611869517232331,-0.430264847287967,1.05095119902881,0.445706711763959,0.0848446326255472,-0.125460116140906,-0.3325748512195,-0.22438798233719,0.500823046052429,-0.342252624822415,-0.160916474001873,-0.0652776446655728,-0.340832973402021,-0.293773102852172,0.0842877260775124,0.084958625085516
0.224840757869175,0.167776130599869,-0.446793329504339,0.918474513253037,0.171702137084929,-0.0199445838484849,0.568695446600591,-0.239368934492758,-0.479427920091411,0.965774003353877,0.514971012411392,0.132325887735871,0.838414210865277,0.314487643300262,0.360402691226504,-0.333456702916009,0.0794540837539187,-0.591356855196143,0.067515122844663,-0.213465145732137,-0.132105870820155,-0.20992289637621,0.0723620103670051,-0.166879197751584,0.30597439333893,0.166600229609119,-0.581593287800013,-0.715297050082252,0.223312975019217,-0.288206816529462,-0.112546043321401,-0.234775126804529,-0.187468018025962,-0.769765225146635,-0.891090926412122,0.291578657289826,-0.509292895263686,-0.236008433568806,0.017771266539981,0.648440720228064,-0.232280885694378,1,-0.59829401322528,-0.0469560210443749,-0.352746802095929,-0.434892169390143,-0.30107460221912,-0.00726485609919719,-0.129137956252243,0.266321192799294,-0.15345343653531,-0.347252402023869,0.222362251944645,0.591886319067016,0.00781191045775592,0.334542945779389,-0.101696464118004,-0.271419359914875,0.867657820815159,0.9163149842235,0.702280127680253,0.357362618344918,0.267915660215822,0.509289879472446,0.725742351112773,0.346532376105227,0.596351287723753,-0.0924409309074735,0.146776315441059,0.193229866776424,0.329364460149484,0.274572720790874,-0.0727931285543088,0.395268549956939,0.662292124416211,0.504414907623047,0.731247336570156,0.291300099592653,-0.612314072180139,-0.0972361372427575,0.434256713520432,0.137418792100685,-0.186554230111704,-0.259541676804542,0.367444338326558,-0.0237292457957301,0.104530556873417,0.289896513958321,0.532110453572715,0.359706002177148,0.305477606800231,0.364114697498514,1.07497477626859,-0.605926133607366,-0.122852692823085,0.415419928822449,-0.0722846316073871,0.541313742901326,0.313643722359783,0.647998638379739
0.25152180655848,0.315603431662571,0.0505041872495083,-0.17068264554308,0.283040884556194,0.178166064753831,0.524963959521226,0.13087799911054,-0.124882298182243,1.09025398856107,0.591416148559903,0.531293747502606,0.62785489248543,0.811020335903706,0.103776269945246,-0.16454590466272,0.328551773493653,0.191195230482523,0.710459795708715,0.0190673086966171,0.118894954444776,0.213463535215255,0.528375104416264,-0.421693941932752,0.829807228552357,0.187728890429181,-0.0801507449887924,-0.655524210483476,0.279459158018195,-0.501670131883699,-0.12219430957029,0.0287052679140921,-0.596637505197865,-0.10922885449878,-0.33343326548287,0.217482479956726,0.0906818238032728,-0.0392517546843257,-0.0764257643123905,0.00905037462610417,-0.17867555203988,-0.59829401322528,1,-0.393145084467669,0.380971698744113,-0.389678588280201,-0.197926357849426,-0.318736405411747,-0.180796993206434,-0.197394804369461,-0.0553442577514123,0.00136949822002608,0.502018726620044,0.129189239772492,0.354412227443514,0.124419693154079,0.245700801038024,-0.0425793542428032,0.621578137641723,0.571826488120718,0.697073332344652,0.304399358192098,0.0301351570054489,0.176842402912554,0.455543602176529,-0.0748710238848045,-0.0128049741978482,0.200883716416074,0.339731232171073,0.534921806600567,0.502455709010646,-0.0346330148548821,0.236788978362879,-0.269146247039135,0.543972039569059,0.2413671190404,0.614703863099009,0.177039296650639,-0.958354590336066,-0.989453786744859,0.215953386434214,-0.123438024972936,0.174296946587268,-0.202868452315433,0.187308857427296,-0.498576718203797,0.0636921547288822,0.395234471409714,0.303816001084511,-0.115113539619147,-0.276862879554108,-0.29900155561099,0.0530185831691878,-0.983455741354934,-0.344751288164072,0.0155602180875849,-0.346001611733564,-0.0919738552507604,-0.0373671181277096,0.0227568596838795
-0.318486334401526,-0.473764961969111,-0.201382115448778,0.0295140760523287,-0.000563474969869547,-0.106438345211173,-0.267664435611166,-0.419268096764596,0.300385491381932,-0.322899508597238,-0.0733978315123894,0.559053297783501,-0.415256184104075,-0.248615754361431,-0.761532219776634,-0.364173304774954,0.146746647343919,-0.0191641235647142,-0.147069773216849,-0.227524301097043,0.296856017185744,-0.040821475978108,-0.405267489343052,0.777228007946703,0.183113410759185,0.439533540114124,-0.206260854627141,0.108946940513201,0.0698340259891408,0.539613891348768,-0.0391887566145239,-0.662545756657732,0.0247718730116963,-0.208735508325215,-0.341244684721355,0.32643451474238,0.00393980694867822,-0.427707030769093,-0.0534062493502412,0.0395874546320837,-0.261197472301912,-0.0469560210443749,-0.393145084467669,1,-0.226019389821223,-0.120094559062417,-0.154081316878537,0.0428684278038548,-0.225212966235441,-0.00833607756663901,-0.340418169249581,0.016666325132445,-0.572386565705244,-0.0566938703516673,0.0918035738817424,-0.062159679386261,-0.625387886683518,-0.224696346503397,0.215076211409898,0.27164460279242,-0.0278506191959971,-0.777611587335077,0.0145344695398914,0.056502276147576,0.056496562133674,-0.265168221745375,0.147396893597906,0.25418893491402,-0.0465802041805866,-0.153535711468598,0.13774371182154,0.864443422828956,0.391573299643289,0.422856781370923,0.434372182180774,0.793329750018242,0.580921531809022,0.650347084513683,0.228776074331304,0.454438330368349,0.686157691852111,-0.00716879452633249,0.0805902964224114,0.107078115654787,0.738129116938398,0.238646637854148,0.535151320707779,0.222366111018236,0.175763328363974,0.231591780155222,0.324174024115241,0.241571354085517,0.828366254916424,0.439646801912553,0.0831908189258947,-0.202463454268944,0.0866080049823244,0.258047875698992,0.0411579199382809,0.250851594096637
0.250204096382612,0.351305319083281,0.51943941671871,-0.400068535503841,0.0720486292310763,-0.269773438942919,0.594422095518209,0.787048165609774,0.346537586420293,0.623988840035552,0.156809995793036,0.426348420095463,0.209031186544684,0.232645013378865,0.0277721314567499,-0.0653660797367522,-0.0994804862398057,0.613461034750713,0.0287054944769652,0.39615597183177,-0.0977955403336478,0.11187354077141,0.382894610793732,0.286140669348193,0.748413236152558,-0.152139578207998,-0.2676797347836,-0.96188524620011,-0.138271589441281,-0.459642460386933,-0.0544332301936327,0.556220904037514,0.294567364945051,0.192409249445522,0.0950569857436976,0.065047375153792,0.0614496066995174,0.416653771036528,0.984650560767363,0.422163884937991,0.460990240336091,-0.352746802095929,0.380971698744113,-0.226019389821223,1,0.0703657741727006,0.362569771027253,-0.151410395172382,-0.283496120915625,-0.0379202524485737,0.313459533994752,0.208113958710768,0.035804598080067,-0.357194472391944,-0.191896700322568,-0.10602581940214,0.846476287274923,0.404225964454577,0.269396147277737,0.112668110378504,0.257838685276395,0.0430127114555081,-0.076321568277915,0.0390292587700015,0.100983425538984,-0.332610102979496,-0.0789262549589015,-0.0939785750260107,-0.201241818749858,0.103468608040233,0.0248460784254615,-0.164337425982369,-0.0325025520352678,-0.0121701019559112,0.0916531972710949,-0.0862207607275693,0.190423649793828,-0.278081351859205,-0.172436039404585,-0.145583319617999,0.0933264069197859,-0.556219718063521,-0.0915178778437506,-0.319538614831158,-0.316807497654882,-0.24539607212583,-0.290984825447276,-0.566063161560467,-0.239239694156074,0.354896346697057,0.139194316342302,-0.0117362955941401,0.355739647364668,-0.408628511682656,0.39716715583075,-0.263762124452227,0.148938873885754,-0.673672755195294,-0.149976876184897,-0.305233525668058
-0.0713735485572391,-0.190754387792711,-0.0264756011850678,0.051731433703168,0.313138067194326,0.220739651711987,0.0962644867809974,-0.196418603437242,0.130466210080562,0.708930664094616,0.320836752975063,0.760395531602661,0.284378837875127,0.379169515757989,-0.295471694878237,-0.449001197430878,0.137373739623535,-0.133230676059153,0.0339106815016826,-0.545081417140989,-0.104443753732259,0.00838152436253728,-0.145484896758965,0.0580424484551361,0.645686563559134,0.608498575444334,-0.507193559032872,-0.559663495419447,0.244694412657393,-0.0807151963663163,-0.0458854566806201,-0.47900153547368,-0.551124126747765,-0.374988474951242,-0.554156223098302,0.223255717545248,0.0290878984262554,-0.442020065246087,-0.0752057166323573,-0.0687197875135439,-0.412346130712457,-0.434892169390143,-0.389678588280201,-0.120094559062417,0.0703657741727006,1,-0.0989161711382048,-0.121477799714254,-0.177931780386937,-0.00475796930836681,-0.192974753300934,0.0123332803792321,0.109078539024013,0.308320516298758,0.490633259092247,0.178701623352299,-0.131591634369543,-0.101730364295853,0.859763160765694,0.765684081999087,0.803179416316007,0.0480029357568334,0.497571143614127,0.395423902778811,0.431906205143102,0.177542010137528,-0.0620653057913045,0.077378360244742,0.133259297552279,0.230516935553427,0.122882192544064,0.587475370540139,0.12217482323899,-0.0610285712041615,0.834148767179801,0.905155542867371,0.997847965133116,0.719803596719181,-0.627633097680356,-0.343776497520184,0.6184898561787,0.0350208159447395,0.175167792022739,-0.00451937153992049,0.435090541652072,-0.190102026136961,0.422241772016562,0.744860221010794,0.338242496409289,0.15186778376549,0.220709382350835,0.150741619865768,0.698513569825495,-0.326861492317711,-0.0641555969766335,0.0667726109411053,-0.00163330401581374,0.137841900699409,0.13000954315616,0.328777955839335
0.249812785555669,0.147016299344,-0.0258068034031634,0.00756726004571745,0.237985875550798,0.0279806494956742,0.238244478319124,0.0098507376348943,-0.0130582716069935,0.736205956636614,0.611883648833453,0.624481554885119,0.646968246464467,0.689872147142262,0.0995211761608285,-0.63121574118539,0.0625687855178967,-0.328729834007674,0.248344769914846,-0.409390387043891,-0.0193980072572769,-0.147391936191347,-0.0616388159768161,0.000309613824415078,0.708671143027204,0.431101568161771,-0.12125301200186,-0.619183432589618,0.418216787402159,-0.163372326746453,0.0563402793084125,-0.107022353226074,-0.557577180826801,-0.560556981186325,-0.491592171443313,0.0109794104605822,0.0134807322898456,-0.0192058616662535,0.0117405257359117,0.0554113869080675,-0.323346728465279,-0.30107460221912,-0.197926357849426,-0.154081316878537,0.362569771027253,-0.0989161711382048,1,-0.29734076600609,-0.154735304885664,-0.0820760562656293,-0.305070952337993,0.0961748859634189,0.290010800318833,0.337753050762337,0.324593407746053,-0.0968004861620183,0.0679099266392354,-0.0258461445936847,0.644348145898243,0.814827898421225,0.885609950114782,0.4296352112127,0.442008997364779,0.489493601961418,0.54403766144882,0.412161171355645,-0.238239281283493,-0.0390373002843023,0.00308495761176603,0.12169247775663,0.279276323108343,0.120441537063712,0.0704116035396693,-0.280563432626148,0.813377622834564,0.692126806480643,0.678740202204674,0.581276535951285,-0.877346645133115,-0.685491983883228,0.633445026208646,-0.148895481696661,0.196045615799016,-0.241224321655148,0.543206786229051,-0.514958665411876,0.194248284457527,0.572652650489115,0.0421742300436562,0.126233646566877,-0.0690760715488357,-0.131777489684855,0.454038320123191,-0.50393015297176,-0.0582734118401469,0.166603814026251,-0.0683297634996021,-0.0929914109343651,-0.00768841373064409,0.095540188956203
-0.0837491217228695,-0.195835213199101,-0.199360661401981,0.182473042151918,0.166073442460972,-0.282552022611834,-0.000492061498323926,-0.217007194680936,0.0669625416797918,0.598190747144832,0.721894085610046,1.05975868384375,0.430405719094089,0.518114231627142,-0.238813163345247,-0.80137594992944,0.159287747274506,-0.740364241945078,0.157845369339074,-0.942626300738759,0.249709130832936,-0.168788962062047,-0.769513016800657,0.556073070358847,0.795365597232076,0.485065415397513,-0.476167804835148,-0.647115737976289,0.276611442597182,0.407804005458475,0.446037712084188,-0.108833155115359,-0.120586678246952,-0.659459592634924,-0.683257275974249,-0.14842531950067,0.37796666868035,-0.0159501501888882,-0.0225120941369357,-0.161118628014911,-0.619875344382995,-0.00726485609919719,-0.318736405411747,0.0428684278038548,-0.151410395172382,-0.121477799714254,-0.29734076600609,1,-0.0122830274478246,0.0239834058744982,-0.78481518492851,0.040378463967752,-0.272457828908236,0.337025933456288,0.330888380911801,-0.22689859043619,-0.511695920784824,0.147950653583516,1.01230210909113,0.995435565711043,0.830884182903814,-0.0271285162334644,0.518475209653545,0.317531325413575,0.755279580705373,0.107083754358226,-0.337202234962506,0.208807554712733,-0.0411387829310903,-0.250272939110262,0.346620685433976,0.542385721826819,-0.0623670942034844,-0.0764347502358362,0.822891874125531,1.00343514033535,0.566778111786371,0.582505197399604,0.0976433657620227,0.129175741439209,0.728335705666881,-0.147045207090702,0.202742972438623,0.115469994411761,0.47937518019344,-0.0870186671482751,0.641914775380965,0.484934238747505,-0.180923700854399,0.114269526883605,0.391772647440312,0.394903182421258,0.908418488938218,0.315730675325734,0.112399641520664,0.0940894667886853,0.178651447529842,-0.229747413079515,0.191951318644205,0.329700347539387
-0.303327640933968,-0.120415725352961,-0.0788716672989636,0.212092466860159,0.00219686054359586,-0.0833202354319532,-0.418664779127615,-0.245821309417259,0.276480055737576,0.0211897528436218,-0.033818873830597,0.362321703205716,-0.332412968451615,-0.299762001198562,-0.577990380423655,-0.440425211324641,0.00745888686731228,-0.0396158622602051,-0.136705745793957,0.048904036613047,0.258719583042377,-0.123495289868621,-0.274246762934008,0.561682708765392,0.349643892337067,-0.0448482775970958,-0.126457207229074,-0.302988062421601,0.21150678721653,-0.109331004509473,-0.018739707082807,0.228704053865892,0.132112994429115,-0.177602859662887,-0.287537186685952,0.469483140174452,-0.114472026270501,0.190329821347671,-0.149523508381921,0.503992565802454,-0.0274275255278336,-0.129137956252243,-0.180796993206434,-0.225212966235441,-0.283496120915625,-0.177931780386937,-0.154735304885664,-0.0122830274478246,1,0.14624027787512,-0.128429284823762,-0.150043648964353,-0.801567456093386,-0.0141753474568301,-0.0950006266464124,-0.00364425781664973,-0.648351899426913,0.00649014240771573,0.207137298938141,0.204538958563347,-0.0545851171910889,-0.219932833009302,-0.165699577978315,-0.301622194575818,0.200048651882183,-0.377288430287874,0.101647659611451,-0.287430269364404,-0.244685060449828,-0.0300563256769518,0.283809917465334,-0.0379448996892952,-0.162673443561045,0.207009575319783,0.0137678382473323,0.373214343885367,0.163067224200819,-0.0793507360479636,0.0863578102394039,0.425315885178508,0.364519563454944,0.167007046448167,0.126849043273923,0.00490672481597387,0.0786491453253084,-0.137781373227309,0.582582650456171,-0.333300955737963,0.0669339444827907,0.222387136305304,0.207644345910012,0.133843170646522,0.210825620612798,0.222461716800773,0.362849147095918,-0.142591474227422,-0.0204749744264079,-0.252899775916443,0.130078156660973,0.0887351887096479
-0.22942672295041,-0.440882596154043,-0.229073031946551,0.0649322854916083,-0.174750685469128,-0.349918177572522,-0.23908165296848,-0.357020502891941,0.176066591927297,-0.266988882641516,0.0558344912012539,0.295889113957597,-0.40963539841368,-0.0534663363707081,-0.432770997740835,-0.469351887347665,-0.0400732907422487,-0.303057694029266,-0.113106463127874,-0.181234890228874,0.323768933949469,-0.0860568302345806,-0.497032932827176,0.804587452637247,0.245683702146461,0.160118417103971,0.11720970332094,0.141908579053415,0.274523454098476,0.633654224635322,0.14304406803258,-0.183467694396592,0.202960411999744,-0.352502292724247,-0.232885931636142,0.203394991973511,0.293479748489324,-0.00341123782339059,0.0741383471350754,0.17181384874857,-0.177260373553256,0.266321192799294,-0.197394804369461,-0.00833607756663901,-0.0379202524485737,-0.00475796930836681,-0.0820760562656293,0.0239834058744982,0.14624027787512,1,-0.388578009294608,-0.0357375324066981,-0.636604142109792,-0.0826165682340191,-0.140257114789471,-0.176793689583207,-0.751424930122085,-0.170656838419272,0.114973598481211,0.407751072741338,0.00363393625442711,-0.640845472763073,0.132193102845214,0.0569334171068182,0.34268072210732,-0.168310277938339,-0.0139937984890748,-0.0672630804087612,-0.233986094125504,-0.31000741017947,0.22450066278512,0.272730997390044,0.135320526656904,0.173683967260764,0.254544849880228,0.628806662837273,0.125022774631711,0.379015281628559,0.240794065258573,0.461596816196788,0.668443344671748,0.0315377784296383,0.0394658654344612,0.0771975971619278,0.644904651430868,0.0448788750520772,0.736221668745238,0.0988208120730904,0.226921835466484,0.238324823460808,0.178136384771677,0.0742867155020109,0.485417281529169,0.316422100943068,0.338252001628157,-0.147038103103074,0.104884254198948,0.0132203668155814,0.200200779782454,0.169694501563529
-0.810782172213929,-0.0658966260447242,-0.125474689436626,0.412589846573428,0.323517041470971,-0.00115610976476638,-1.37461870743602,-0.600886176083382,-0.323242625047959,-0.534433932234763,-0.0081965057089032,-0.251907987376438,-0.634850438124053,-0.263131272670538,-0.40806527671686,-0.0798685621442975,0.172785319370007,-0.264215269758955,-0.0266146915955032,-0.752225869353353,-0.0661512625307447,0.298112574917909,-0.407340761072789,-0.478729127891824,-0.465682380283461,0.326343283562888,0.0975354354894982,0.88780104640968,-0.334995288069545,0.0607191957307014,-0.412421977345632,-0.284269780320711,-0.251181204631966,0.627282585648319,0.301561806098148,-0.607695204715316,0.414588091515411,-0.466355634355793,-0.895673038704554,-0.71591599625855,-0.715381821426811,-0.15345343653531,-0.0553442577514123,-0.340418169249581,0.313459533994752,-0.192974753300934,-0.305070952337993,-0.78481518492851,-0.128429284823762,-0.388578009294608,1,0.127126314998833,0.337454816727717,0.616500548013999,0.620523407994096,-0.131529816554991,-0.559217160292148,-0.350958695319968,-0.459984186809542,0.0446765906689583,-0.243258577059969,0.0402982881677467,0.0129544544480332,0.182316719412784,-0.172712662459517,0.112324743114066,-0.519282118375389,0.436999208064059,1.00771486235554,0.278513095577911,-0.206803126990922,0.443184366140482,0.0588452514693505,-0.131727681310252,-0.0499519024840174,0.168068844684854,-0.448267500601089,0.290437300373536,-0.324717862864027,0.143690432495806,0.425981914640385,1.0759346747904,0.246988295465999,1.11281906328986,0.390347699905058,0.615954688814513,0.368972652064557,0.392750268664554,0.0947657985599963,-0.297258448465391,0.124147711643944,-0.407156821427183,-0.517125653389982,0.449418776941015,-0.169746412987492,-0.429391544833824,-0.0633996172568098,-0.234694616140636,-0.388178252067421,-0.0900126171150699
-0.719460006732678,-0.115199170069767,-0.372271920601925,-0.127318179631804,0.0721494426821657,-0.0204970455860737,-0.645240346430816,-0.404538075020765,-0.270779617710098,-0.72183654958748,-0.860686623188022,-0.384773268325632,-0.977883843813185,-0.548338554107391,-0.944889557860449,0.559589672329774,0.254746907083472,0.335748603537859,0.0772018972499189,0.134316693770132,0.143680568282964,0.177758759934532,-0.0537831459012101,-0.329010051638573,-0.490890730618993,-0.178768207476124,0.272345631733375,0.694517187742351,-0.390185677829192,-0.224118400596737,-0.769695875014549,-0.254060224853703,0.210568937195874,0.681846922824114,0.116775332871053,-0.0309597694328242,-0.0151372221551223,-0.0747052019011856,-0.339270267895702,-0.393519857156713,0.172741324995353,-0.347252402023869,0.00136949822002608,0.016666325132445,0.208113958710768,0.0123332803792321,0.0961748859634189,0.040378463967752,-0.150043648964353,-0.0357375324066981,0.127126314998833,1,-0.239483503024859,-0.133807460698093,0.0258160479420685,-0.324930678824382,-0.523495599229771,-0.491398900924536,-0.67743006704578,-0.7258195316382,-0.766960051466397,-0.650038797666174,-0.476789134393703,-0.231896114587673,-0.55510324885865,-0.765199568154388,0.00335994681612806,0.469545455596449,0.65680166464086,0.182268846294023,-0.215345121254905,0.423393138389899,0.406902157318017,-0.108455389666219,-0.41833389096208,-0.304500688436682,-0.498315040169648,-0.388022502245051,0.278018519320948,0.282575539306968,0.0579138045552632,0.669489322889174,0.145703658628594,0.582186913570714,-0.0211373962673812,0.657759741380151,-0.00236967105415353,-0.258778448248621,0.0702991277219734,-0.0900723090269089,0.23780315736063,-0.1380680882575,-0.537681992507598,0.290772344413844,-0.326861397042009,-0.278689774914934,-0.200005644995725,0.221495868063943,-0.306726509998835,-0.101995030432163
-0.31048214445613,-0.475540222179632,-0.0610871681178261,-0.593505276770197,-0.672307337687917,-0.629695142304226,-0.0639295097164035,0.0604644141689284,-0.438943366466353,-0.636274508049848,-0.344764865073977,-0.440618584829805,-0.459697545324191,-0.584102989027577,0.00263761102599674,0.915445890404011,0.483069721364123,0.875303258292128,0.161559296101895,0.462994508481106,0.216842108594056,0.536485563425697,0.468963569664162,0.102133874782888,-0.42129296027033,-0.164818293320619,0.305477530430697,0.36143123505721,-0.376157976681262,0.0365190614351145,-0.0906950008991611,-0.665277045538573,0.520454636044211,1.03147309168399,1.03496697862879,-0.566957209484301,0.0169146206715916,-0.617360555227646,0.0656765421147176,-0.261413944913027,-0.0386474467004267,0.222362251944645,0.502018726620044,-0.572386565705244,0.035804598080067,0.109078539024013,0.290010800318833,-0.272457828908236,-0.801567456093386,-0.636604142109792,0.337454816727717,-0.239483503024859,1,-0.879255052345141,-0.240111930569655,-0.680023833900724,0.235022008094015,-0.26113926274447,-0.574738288329301,-0.651956004326805,-0.881106785549819,-0.448566129158949,-0.660182934324431,-0.0076436690223043,-0.320148628540266,-0.350786634099474,0.177598443034584,0.724407280546301,0.642376997875181,0.294736696425288,-0.206131520870016,0.589320609236257,0.504760613785617,0.108990016116005,-0.0656813763488325,-0.547072758463253,-0.544251259825612,-0.145861733222286,0.52444078969908,0.240033848399908,-0.219075485965225,-0.0368555042549761,0.0872185411578936,0.742227056031283,0.0664060334627319,0.6836795459812,-0.861833304773272,-0.165884249527798,-0.174676756419969,-0.286575127750723,0.140825877958482,-0.567039657292369,-0.241957048989619,0.476328219562966,0.00126179585487307,-0.686418234097593,0.152216696142345,-0.165635963905675,-0.506846304395589,-0.51948241979278
-0.100792635227524,-0.260265242020132,-0.229326303072918,0.05593100088142,-0.267321678876179,0.0850739068001425,-0.611861430507206,-0.60730640950931,-0.18004838116665,-1.46452123128393,-0.90750774711129,-1.01933117823412,-1.04434871246713,-1.42855084152364,-0.728360897037049,0.330097753262085,-0.0411501653396225,0.320599191295314,-0.493109588219475,0.554201460529778,-0.167211459067814,0.163859326610036,0.179560018161393,0.233800318247914,-0.944089688743207,-0.689680238838324,0.200362942577891,0.639432778187035,-0.487308753015431,0.0787984200235116,-0.419958947162656,-0.248914755447117,0.479901637796015,0.490741398265405,0.59009749765314,0.441882379392075,-0.63319695752,0.0126282530331571,0.115495406100269,0.266754787340729,0.542839168058688,0.591886319067016,0.129189239772492,-0.0566938703516673,-0.357194472391944,0.308320516298758,0.337753050762337,0.337025933456288,-0.0141753474568301,-0.0826165682340191,0.616500548013999,-0.133807460698093,-0.879255052345141,1,-0.300033589740282,0.349759380577471,-0.523151274759413,-0.527999000250633,-1.42596270050097,-0.917719600667992,-1.5647745698385,-0.892678051182561,-0.946344013160263,-0.547993707206299,-1.01461850823814,-0.501497534124932,0.584769332784785,-0.232694033894424,0.129450854420025,-0.203802083123196,-0.499248730871113,0.138366120883626,-0.181747069430179,0.677972520132833,-0.900078246749427,-0.694518665317596,-0.417551115763816,-0.446323515967886,0.668981678860377,1.0342151583889,-0.304377886649798,0.394730617341652,0.0505976203262286,0.606078145214113,-0.0681003058684579,0.813364991449222,-0.290248221056415,-0.132685203757833,0.210239625606761,0.357420435250466,0.509978204945029,0.160446875580233,-0.330120176352893,0.879339625670672,0.178000087675352,-0.232588095021169,0.324711624474495,0.43229531363846,-0.0353531919942753,-0.118521694859907
-0.216139780958552,0.362666207805871,0.113339026683156,-0.0740587619084598,-0.438373742741464,0.0751454151247449,-0.182852166151411,0.34723294650861,-0.262707377332487,-1.13457485858265,-0.600255258565379,-1.04936023290572,-0.68607680560369,-0.760147821549609,-0.278507660701971,0.804207254588312,-0.359428917581428,0.534746583988334,-0.365131009164524,0.666547036692052,-0.331491290103623,-0.0642321713079092,0.561918314265582,-0.245868536927726,-1.0720336953982,-0.817998080462386,0.33832887405001,0.49751463316981,-0.391091403490609,-0.306882792293561,-0.560591037835816,0.389092622354813,0.109811207250687,0.333704233428175,0.536844330650444,0.356188989121388,-1.09624225930445,0.443284201661423,0.259210717331146,0.151692601097785,0.701304398098475,0.00781191045775592,0.354412227443514,0.0918035738817424,-0.191896700322568,0.490633259092247,0.324593407746053,0.330888380911801,-0.0950006266464124,-0.140257114789471,0.620523407994096,0.0258160479420685,-0.240111930569655,-0.300033589740282,1,0.196432928825539,0.388507740193476,-0.275774370747505,-1.30032963949933,-1.1752725021569,-1.29517450402872,0.0995157694474999,-0.795986452826292,-0.538066743114428,-1.29929247089482,-0.360893457193159,-0.0491725478021594,-0.438480643156947,-0.285756530028752,-0.46623049045824,-0.475207601284163,-0.228952728503727,-0.268003679635485,0.411533577330823,-1.25557021818869,-1.0545761636644,-0.564235990372571,-0.668316067248257,0.655781518336742,0.856594548019259,-0.950727706403083,-0.181957961440374,-0.0314268790667301,0.0685843602133944,-0.422594420699147,0.477977248884728,-0.952008592786174,-0.559297535322951,-0.346863015000644,0.391440248293002,0.410243801961822,0.230992686535995,-0.480429797390052,0.658325379218775,0.355261824572069,-0.195911200302167,0.456798277976913,-0.00412008989724716,-0.435309562838013,-0.424729172997337
-0.287568123682236,-0.105313761278494,-0.182133522256123,0.449370852475125,-0.041944732379695,-0.0991433016393194,-1.04395738402212,-0.670917279199454,-0.396449816891752,-0.795686079971578,-0.411622867132937,-0.521995466301479,-0.613492165588561,-0.876884607078938,-0.269527754971922,-0.468067859707964,0.109232832644522,-0.185304725021015,-0.179342980705458,-0.217908841619082,-0.148837040545157,-0.0771360130423963,-0.267616145285894,-0.141230587660742,-0.736097461760619,-0.464961146267948,-0.0232405542763267,0.528571415698434,-0.39801864964879,-0.210552350804263,-0.152739772527877,-0.259517817794547,0.297968658310172,0.390069210961811,0.312760969177361,0.0543075586393693,-0.274037854741345,-0.105812334996721,-0.426950921411384,-0.0337985136865051,-0.00386255745654696,0.334542945779389,0.124419693154079,-0.062159679386261,-0.10602581940214,0.178701623352299,-0.0968004861620183,-0.22689859043619,-0.00364425781664973,-0.176793689583207,-0.131529816554991,-0.324930678824382,-0.680023833900724,0.349759380577471,0.196432928825539,1,-0.681540223670166,-0.258741784540081,-0.804321197034669,-0.452526863645905,-0.706646266718717,-0.354427575597277,-0.547423759383883,-0.176917515898925,-0.463808838506626,-0.391743943800883,0.275819214951241,0.0442241797560151,0.624828933605233,-0.0266777299150784,-0.215177990655822,0.277208068633215,-0.221047976271766,0.564187728684632,-0.450995054491989,-0.284739925794158,-0.545821284546516,-0.253211578649391,0.253179215380059,0.356918375887005,0.182220251575548,0.959041683744905,0.323227676881329,0.788735132887372,0.236132320083354,0.902318571513236,0.00746946103828566,-0.126627163595682,0.068727551371698,0.22091439459259,0.331758796209147,-0.181673837250055,-0.00290696018218822,0.567551346403544,-0.0481510128171251,-0.161688346023283,0.214356612016638,0.150434212462456,-0.108643457148053,-0.0975132048356843
-1.08006829541347,-0.357837122574382,-0.273082270877162,-0.661729498033832,-0.218025932038128,-0.230244732609656,-0.581205278242274,-0.29953919450519,-0.481413652811829,-0.450972306039139,-0.822011704442486,0.0989768998528502,-1.0023008930256,-0.453810459101371,-0.598302124878454,0.700327719748249,0.899374937793705,0.638626193492352,0.424338614129389,0.182066944529261,0.439542755757621,0.809762455155788,0.142244347809111,-0.0842425842280888,-0.0528236812127185,0.618255510769494,0.598369984421917,0.975403411728092,-0.258518317542699,-0.127807387220298,-0.522018415301495,-0.888327321695024,0.195332094265563,1.24551038704184,0.679279667594059,-0.827048513658804,0.263193131977221,-0.841680441213348,-0.462587794971471,-0.779137411033327,-0.503790743316634,-0.101696464118004,0.245700801038024,-0.625387886683518,0.846476287274923,-0.131591634369543,0.0679099266392354,-0.511695920784824,-0.648351899426913,-0.751424930122085,-0.559217160292148,-0.523495599229771,0.235022008094015,-0.523151274759413,0.388507740193476,-0.681540223670166,1,-0.229076113433232,-0.80163345491532,-0.94589060732301,-0.156775716136382,-0.63302709835991,-0.452633549785411,-0.0105134353826822,-0.335503535606467,-0.77989403007505,-0.472900732713629,1.11313153476269,1.38593885300988,0.820474321335078,-0.0310019177136261,0.999634529886018,0.531184969115606,-0.742703756923391,0.512962106014377,0.359620748253153,-0.467902789877474,0.589257973621387,-0.280279948818256,-0.584404607765188,0.775220609123109,0.463583418796856,0.681243624519584,1.08313681626961,0.735736453173293,0.604213979138866,-0.164397565815662,0.48215603847253,0.0320563388722447,-0.622516090847736,-0.155395805954186,-1.07009230050942,-0.842530954819439,0.0438075676526131,0.0693618257438481,-1.06866784006295,-0.117939408816366,-0.287804633722879,-0.960915119397965,-0.77249189948302
-0.652093154064502,0.0116209491050592,-0.10524716901763,-0.608216442208052,-0.390398915384836,-0.051934238731115,-0.194145409036795,-0.0117674883882523,-0.24298720388433,-0.502861386438559,-0.745901335725822,-0.10826856196063,-1.1750178822775,-0.47174554640189,-0.516043826330419,0.537163718361674,0.488814794062779,0.724580562234968,0.30953863949809,0.750212069802859,0.42435207633011,0.271630512776266,0.330261249459178,0.0886362857673813,-0.246135223824496,0.0983278284056463,0.669011864393005,0.622152156680574,-0.0817267521171123,-0.285339579553215,-0.673989460011334,-0.360725291358319,0.15815925119862,0.656853612371352,0.187235516310394,0.178375760012345,-0.0667618288792064,-0.327553580676777,-0.217166074743827,-0.247955772879257,0.131230729202053,-0.271419359914875,-0.0425793542428032,-0.224696346503397,0.404225964454577,-0.101730364295853,-0.0258461445936847,0.147950653583516,0.00649014240771573,-0.170656838419272,-0.350958695319968,-0.491398900924536,-0.26113926274447,-0.527999000250633,-0.275774370747505,-0.258741784540081,-0.229076113433232,1,-0.888319431355412,-0.840941422885543,-0.260631192154049,-0.424177230981017,-0.636833514542876,-0.253746013059399,-0.307677549008294,-0.822332542174791,0.0524917281812387,0.598615453677248,0.424267387262717,0.40382186097587,0.423185614061652,0.283785649816479,0.458554547725848,-0.20323252697195,-0.0593908280547482,-0.0469948322836535,-0.258628382481426,0.0597360460582092,-0.0937427699229271,-0.135764555610745,0.211954537808845,0.0601507533822979,0.301845546062158,0.133512486864821,0.34883587702047,0.192903216415488,-0.0547809325696759,-0.400219143178955,0.0171588713499625,-0.0768248839482774,-0.0137286116149462,-0.55104460288516,-0.589737242214244,-0.228548575265337,0.211211844692675,-0.685600102968748,-0.188992175093609,-0.0872888101264895,-0.501614045478383,-0.563295297942698
0.031251506356015,-1.13500955585438,-0.821533051524309,-0.954148569495696,-1.39838669133483,-0.785588964854151,-0.191168285516306,-0.709627380274099,-0.762672920206449,-0.964082456766566,0.217642907322468,-0.323593886371238,-0.368493115816192,-0.0391787023675831,-0.0782512704787164,0.311845683405227,0.58936672491216,0.41007091052981,0.334020856639743,0.67846131080504,0.63736259056507,0.379724526680599,0.382515932963378,0.781276098677765,-0.742336644211528,-0.500100869982092,0.868873738471544,0.67519154207858,0.467819618514977,0.795611434867274,0.362168521384265,-0.441846050859291,0.209734917721831,0.454684118218721,1.01605760713615,0.176189982757573,0.310462225810909,0.0742745532209688,0.140679291181556,-0.459070375546584,0.67807552016433,0.867657820815159,0.621578137641723,0.215076211409898,0.269396147277737,0.859763160765694,0.644348145898243,1.01230210909113,0.207137298938141,0.114973598481211,-0.459984186809542,-0.67743006704578,-0.574738288329301,-1.42596270050097,-1.30032963949933,-0.804321197034669,-0.80163345491532,-0.888319431355412,1,-0.743823112783508,-0.800252364360171,0.026326232181323,-0.36737260482146,-0.23869390790662,-0.175629811981554,0.426213051384956,0.0143845654735472,-0.13633997478487,-0.802418465867948,-0.547235041521605,0.2621633739916,-0.485068919004375,0.0148946805227615,-0.371772059133213,-0.247182221873398,-0.616298655866103,-0.124901650708698,0.0478735724010304,0.60711502197129,0.580970263227327,-0.384627402032086,-0.435029480224345,0.00136722095182229,-0.13905010413109,0.229819700865306,-0.234394338297361,-0.351043484380211,-0.000381272119980056,-0.483020748694422,0.124397478248558,0.266748242707228,-0.13124064269425,-0.586613600695248,0.606530941970703,0.21846330743968,0.215851743710147,0.662376781598296,0.153258848443853,0.0697589784707024,-0.365627268886418
0.557484043002883,-0.961600041520485,-0.705868204247013,-0.246853744148518,-0.919580916454337,-0.805553655964892,-0.397367423441347,-0.854300780902927,-0.646557135177774,-0.957301612608505,-0.321568875451564,-0.664039039691118,-0.313828938039439,-0.437596740759787,-0.111216834828069,0.345745190166052,0.338979141447567,0.338395690666211,-0.0657849989620937,0.498120832450695,0.335761056590203,0.212495463281912,0.261878396665839,0.499132890862228,-1.02181333301504,-0.943156673175575,0.583171295766259,0.135836135348775,0.020911697539903,0.588391859698872,0.573838184236583,-0.113555024661412,0.930327204366391,0.638775658318641,0.941939245992731,0.396329511785701,0.282663614661153,0.120982519508821,0.323651807333518,-0.025740357954854,1.01305982138975,0.9163149842235,0.571826488120718,0.27164460279242,0.112668110378504,0.765684081999087,0.814827898421225,0.995435565711043,0.204538958563347,0.407751072741338,0.0446765906689583,-0.7258195316382,-0.651956004326805,-0.917719600667992,-1.1752725021569,-0.452526863645905,-0.94589060732301,-0.840941422885543,-0.743823112783508,1,-1.41238357968015,-0.573744345799501,-0.589969039415951,-0.391173049429147,-0.204356846869636,0.0410218661512119,0.578913775909968,-0.338180156656365,-0.406732300885636,-0.332839882874088,-0.0564338794368096,-0.746253214770286,-0.173517425121943,-0.0426133378019467,-0.715393485842726,-1.23864041430592,-0.298451480571198,-0.601487130219305,0.570987077901777,0.808166427465266,-0.377711350955297,0.209337294531185,-0.0241012930857171,-0.155419569966066,-0.110916387854594,0.136566702967836,-0.286764087869667,-0.369105434942182,-0.0538336984503388,0.161050340883886,0.339029057226268,-0.0358721113448234,-0.254576558606445,0.406754985278642,-0.217203705990455,0.362883978048944,0.428888032360232,0.484097063526724,0.522572858343859,-0.0263294927039794
-0.353976522042066,-0.787116227371932,-0.482883737670524,-1.23186043818927,-1.50975810820206,-0.719425980940841,-0.0531933654513511,-0.0107193484843438,-0.388116695201909,-0.851564794214608,-0.610333222785669,-0.352589592165767,-0.716273130355129,-0.599026578359608,-0.225327074252046,0.688633126185461,0.339880293816259,0.955944911584503,-0.0680883291009299,1.25251046274113,0.235253311324203,0.217033168813686,0.526347355238501,0.976948963785909,-0.63146342581679,-0.533896378381193,0.738445992233931,0.313600541602419,0.267168369864621,0.138040880868594,-0.054609989638402,-0.266906729770603,0.422730071228313,0.574263053716771,0.872211248400119,-0.00425462998912179,-0.496988629758128,0.0360605858449539,0.69750691118533,-0.147047746254006,0.701703924161318,0.702280127680253,0.697073332344652,-0.0278506191959971,0.257838685276395,0.803179416316007,0.885609950114782,0.830884182903814,-0.0545851171910889,0.00363393625442711,-0.243258577059969,-0.766960051466397,-0.881106785549819,-1.5647745698385,-1.29517450402872,-0.706646266718717,-0.156775716136382,-0.260631192154049,-0.800252364360171,-1.41238357968015,1,0.0412039065717474,-0.472895904130979,-0.326684275851872,-0.641818179274168,-0.287534867257194,-0.158685438336433,-0.329747804240909,-0.628366583354531,-0.135514568718813,-0.0450503311840181,-0.325613266007964,-0.225178949550705,-0.17169235405173,-0.1947965327483,-0.401270151830679,-0.185305956819358,-0.0985779142312163,0.637275554671981,0.510376727361385,-0.0802634393653349,-0.67507073775858,0.374007741660511,-0.142656240440923,0.0351938751767138,-0.114018093846916,-0.857070556406872,-0.238042250490625,-0.244891821762664,0.444811116386888,0.442555188768581,-0.143771311164486,-0.539986916847736,0.427508460984593,0.974548810850743,-0.427112899822668,0.728858630718095,-0.170046613499195,-0.361344337281682,-0.599556941215983
-0.542788500841227,-0.978703648909173,-0.524036027294132,-0.557145199058842,-0.494941111206815,-0.243619885556337,-0.543904437455796,-0.948987735068461,-0.372304694310449,-0.123888641542379,-0.0937911787241485,0.35377641278731,-0.524616955464326,-0.764035677519163,-0.776233644726304,-0.100480599510013,0.985454471888073,0.630876820226566,0.106183672545964,0.061999615352421,0.15359011204706,0.673517108510508,0.0900265125943522,0.436847200461651,0.309998079245805,0.0776458712722298,-0.168710946275631,-0.0931149598444497,-0.204426763525253,-0.387539082438448,-0.223500605326498,-0.88767259045215,-0.0914044709387401,0.940260097194215,0.647964705861169,-0.21193444949905,-0.0607269447985213,-0.679386042743475,-0.166892460416208,-0.210827430257305,-0.24718288192123,0.357362618344918,0.304399358192098,-0.777611587335077,0.0430127114555081,0.0480029357568334,0.4296352112127,-0.0271285162334644,-0.219932833009302,-0.640845472763073,0.0402982881677467,-0.650038797666174,-0.448566129158949,-0.892678051182561,0.0995157694474999,-0.354427575597277,-0.63302709835991,-0.424177230981017,0.026326232181323,-0.573744345799501,0.0412039065717474,1,-0.277718189252369,-0.224101846163831,0.00822956371076838,-0.160914824906769,0.131433578097305,0.10448390018088,0.635916649799716,0.75551832739945,-0.249065863148859,0.445654531667955,-0.321404249509726,-0.327833196161427,0.809358962077276,0.388801378334101,0.206344853127289,0.330333432742821,-0.380981405822767,-0.231754949781334,0.591453958570193,0.423339191510537,0.533782911026274,1.07368665976469,0.0686811366039935,0.214325178996785,0.164262580440985,0.788551711109018,0.23716785617096,-0.139926199821369,0.229574552998217,-0.562290399148841,-0.461634644470125,0.194040124555703,0.345688204385182,-0.612726607995291,0.173350868293691,-0.317628338253612,-0.344823811929936,-0.35667425592959
-0.691666235170708,-0.924581861002152,-0.648910628337556,-0.792758296647657,-1.02851560283071,-0.599864530480437,-0.440769748063019,-0.421785931492226,-0.463043937753959,-1.06067027646814,-0.388822383589282,-0.417615345028883,-1.0626698693575,-0.503502861899258,-0.415031499517445,0.522967683809821,0.125381437967556,0.625304897918913,-0.177091466420388,0.380196086155909,0.0833678706335359,-0.0361134599997396,-0.0943646225389702,0.412336598194563,-0.891863597005979,-0.305102210808177,0.0849395895431954,0.419682446822686,-0.235630933791052,0.218393214457649,-0.180294181540262,-0.903772857836065,0.108984515730974,0.337935558252925,0.208200186750473,0.0114465275288477,-0.100138041209925,-0.56680923646352,0.194491981145871,-0.531740938300138,0.193013958446235,0.267915660215822,0.0301351570054489,0.0145344695398914,-0.076321568277915,0.497571143614127,0.442008997364779,0.518475209653545,-0.165699577978315,0.132193102845214,0.0129544544480332,-0.476789134393703,-0.660182934324431,-0.946344013160263,-0.795986452826292,-0.547423759383883,-0.452633549785411,-0.636833514542876,-0.36737260482146,-0.589969039415951,-0.472895904130979,-0.277718189252369,1,0.288196988508411,-0.394548043026151,-0.108316483964095,0.121924146088076,0.283013443617791,-0.0571316316469473,-0.0465038877758912,-0.208288043489746,0.449977757998232,0.340862071061554,0.263285256070392,0.0338183601275452,-0.106661513340041,-0.122432759850777,0.135548315440295,0.571719549589038,0.653986607227258,0.057573569565281,0.137016748830145,0.227475223998677,0.320147334708439,0.163504180208726,0.605138533331815,-0.434288297102592,-0.0548910725372283,0.271240268452541,0.471887598515701,0.756960163080233,0.128267965418117,0.0320281365164505,0.657684440830226,0.357327202466937,-0.31781013443409,0.553189313706854,0.304501472073243,-0.0531510477549805,0.00928087268103578
-0.457854740254595,-0.750509118535084,-0.30425712388392,-0.318698579032538,-0.741611184368463,-0.400220697616994,-0.117987968574853,-0.0640194416075227,-0.176612659708695,-0.739193391512448,-0.453441778363919,-0.577107921337853,-0.621186156015014,-0.479689569479865,0.0542326191799398,0.598354934856925,-0.158689282395472,0.304667832933678,-0.588157039912189,0.222468619048387,-0.206269128999263,0.023625624861637,-0.110224395419679,0.389681542692122,-0.741835216225654,-0.0857681254470412,0.111779099995806,0.49154392857126,-0.037692719290582,0.49706038612724,0.103716027368189,-0.669010982712567,0.262805025371188,0.201268559683681,0.368025993054082,-0.33110349973928,-0.183048433773148,-0.56251474587902,0.4247495631611,-0.290741080709391,0.000221434504470486,0.509289879472446,0.176842402912554,0.056502276147576,0.0390292587700015,0.395423902778811,0.489493601961418,0.317531325413575,-0.301622194575818,0.0569334171068182,0.182316719412784,-0.231896114587673,-0.0076436690223043,-0.547993707206299,-0.538066743114428,-0.176917515898925,-0.0105134353826822,-0.253746013059399,-0.23869390790662,-0.391173049429147,-0.326684275851872,-0.224101846163831,0.288196988508411,1,-0.361567828193873,0.21201987144567,-0.0781793862608902,-0.0508347500559513,-0.0905620146424288,-0.113337231418047,-0.571647048529053,0.353044860499241,0.0189293069137901,0.220650480949103,0.0730875015376245,0.0335985342307935,-0.143397027018765,0.364279608457652,0.430037771705427,0.595987464509051,0.133078183312607,-0.143789719548786,-0.0294846389136579,0.128334566866321,0.269812910043674,0.395156595788877,-0.447013946629301,0.156056841953153,0.265043723158889,0.177623915879699,0.291278098571554,0.0441401699936294,0.144375430382598,0.389596017170091,0.486862898844313,-0.338649505853563,0.431217229646264,0.19996522717802,-0.173571105100089,-0.0615619088655818
0.4206356282305,-0.578431182734218,-0.43615087460894,-0.535320118362948,-1.02364073936625,-0.717556697681444,0.258010883530326,-0.122260956142165,-0.326046647367726,-0.250789592282988,0.107257015463063,-0.188356907411855,0.179533191577811,0.180305410592002,0.34284157312342,0.504773648405748,0.258615201316856,0.465516957208563,0.211902417485905,0.824919266343856,0.527237442936079,0.192044865837102,0.407012379636856,0.656576671364142,-0.456752777723102,-0.654239774292997,0.582101033108529,-0.162174836013586,0.338965731757126,0.512845228697779,0.808577649080346,0.275698839540248,0.699956086176996,0.327735153348378,0.618273221746002,0.17975330792248,0.229107827576849,0.256085442870469,0.546701403656143,0.0886421811897336,0.66294350940879,0.725742351112773,0.455543602176529,0.056496562133674,0.100983425538984,0.431906205143102,0.54403766144882,0.755279580705373,0.200048651882183,0.34268072210732,-0.172712662459517,-0.55510324885865,-0.320148628540266,-1.01461850823814,-1.29929247089482,-0.463808838506626,-0.335503535606467,-0.307677549008294,-0.175629811981554,-0.204356846869636,-0.641818179274168,0.00822956371076838,-0.394548043026151,-0.361567828193873,1,0.0281946616288622,0.214006023374767,-0.25521467105668,-0.715086308178171,-0.264759715137912,0.239339779850071,-0.82524504431542,-0.127705537518256,-0.0852897454488344,-0.382753070599062,-0.803459516867724,-0.345084637855116,-0.398622578258167,0.520470957944967,0.427820056789184,-0.373550101088402,-0.486129567656831,-0.00968057338736805,-0.577918044416094,-0.142665121023188,-0.343881583442652,-0.375036604666401,-0.48419778271114,-0.112838035763071,0.0291471673920216,-0.0205812513852243,0.0200411262856587,-0.224762993661707,0.0754839184344555,0.185101855051762,0.159629779527523,0.309570796570933,0.0903346747999587,0.303927253822477,-0.0845828825515035
-0.295233744281355,-1.11187007953709,-0.996347460805856,-0.249973928378999,-0.768919179211151,-0.682256067351361,-0.689594126858979,-1.03344499713769,-0.832183335373648,-0.234674378633367,0.14490420738983,0.0632811886584577,-0.299164182092246,-0.426008947614274,-0.635378718943171,0.283277456371729,0.721514893773244,0.387394350592697,0.0265491738233946,-0.354078866344221,0.0780238120224645,0.294781546517933,-0.173346251638514,0.120894643169633,-0.571017468118517,-0.160998180041715,-0.536358309498277,-0.339393555195042,-0.390132880617707,-0.0383130654166637,0.0366818428484507,-0.922373054885257,0.0286762235857795,0.583067306168202,0.10254430160431,-0.171478175985082,-0.0926624341261112,-0.825248836435443,-0.0607831091453073,-0.736511020921244,-0.268860272641576,0.346532376105227,-0.0748710238848045,-0.265168221745375,-0.332610102979496,0.177542010137528,0.412161171355645,0.107083754358226,-0.377288430287874,-0.168310277938339,0.112324743114066,-0.765199568154388,-0.350786634099474,-0.501497534124932,-0.360893457193159,-0.391743943800883,-0.77989403007505,-0.822332542174791,0.426213051384956,0.0410218661512119,-0.287534867257194,-0.160914824906769,-0.108316483964095,0.21201987144567,0.0281946616288622,1,0.255447891877666,0.366392092555637,0.614895690514879,0.427813630018633,-0.197094647987197,0.555371827239866,-0.0173826892281971,0.123497216074825,0.544457745769481,-0.0200313386145797,0.327541555047022,0.0705344180197469,0.255002329196532,0.64000546164926,0.222098360027458,0.62129437576859,0.323388891665761,0.797348368693543,0.0210194196402092,0.768977726314191,-0.150711440194338,0.522836383749925,0.360491251541738,0.169851841268713,1.01546808201905,0.26617426126699,0.411930975393738,0.604855662361813,-0.164067400963948,-0.103971765134646,0.447779565049388,0.310064218075644,0.0986014592723681,0.360459192469971
0.166043389722972,0.154772519619575,-0.276830999331157,0.822037550850089,0.161976052823206,-0.201338630505597,-0.318563678268041,-0.310246065703779,-0.123167516134305,0.071218162962817,0.375979670038687,-0.199705996876897,0.538052102764069,0.133650461109499,0.423462663580494,-0.368658590082405,-0.217498447621035,-0.863855320456996,-0.0986011238937721,-0.519150129016515,0.100876469734238,-0.167942867078399,-0.455307626334529,-0.0270244017885092,-0.29408885265436,-0.236909237801032,-0.17125414595305,-0.112239016313381,0.0166538743188207,0.446724078679447,0.938350689664427,0.563242071000004,0.402035929843504,-0.327622527629823,-0.166202351413576,-0.0591589100473729,-0.0092044603774778,0.235171323019791,-0.16604983148738,0.0840613881133341,-0.150183178069249,0.596351287723753,-0.0128049741978482,0.147396893597906,-0.0789262549589015,-0.0620653057913045,-0.238239281283493,-0.337202234962506,0.101647659611451,-0.0139937984890748,-0.519282118375389,0.00335994681612806,0.177598443034584,0.584769332784785,-0.0491725478021594,0.275819214951241,-0.472900732713629,0.0524917281812387,0.0143845654735472,0.578913775909968,-0.158685438336433,0.131433578097305,0.121924146088076,-0.0781793862608902,0.214006023374767,0.255447891877666,1,-0.310626358538574,0.0345858940248773,-0.249206937070309,0.0240602141693245,-0.418609452162217,-0.517238894063133,0.11607932128714,-0.282150088244476,-0.256337258915579,-0.261067726247138,-0.255238071451992,-0.0394060989388803,0.277975645691083,0.0576864529225846,0.27112625546461,0.304397018120056,-0.0964223997899901,0.0564616069806668,0.0528167914480497,0.176039964545546,-0.108331822750811,-0.153345801759008,-0.0794621226212022,-0.0758063801835938,0.32575219060874,0.28778550452452,0.357798285047575,-0.0680188294299198,0.293693621205972,0.174627533948747,0.0169266428932832,0.174142155543105,0.187367813989911
0.157325401100206,0.283924402550872,0.467850606453097,-0.0858493317450644,-0.271700204444649,-0.0294966129294448,0.777096476368028,1.18782718292788,0.446838754634966,-0.431719084636546,-0.261045564569857,-0.538657665237543,0.141444524871117,0.0312375546824843,0.857565038841994,1.09086888142134,-0.587937685235198,0.298378250983299,-0.401407329633349,0.481748308664208,-0.0598098409588575,-0.271145787849765,0.182993514729108,0.0342375078969112,-0.512509411025174,-0.0427436249307213,0.217396731595775,0.337977938498054,0.102872727773095,0.52244489217682,0.307900299981493,0.209975024601952,0.273664906306153,-0.0598863423558598,0.322702884381009,-0.406740459421906,-0.293431297416058,0.0160399454395995,0.26662129104775,-0.0179072493583403,0.126817791286591,-0.0924409309074735,0.200883716416074,0.25418893491402,-0.0939785750260107,0.077378360244742,-0.0390373002843023,0.208807554712733,-0.287430269364404,-0.0672630804087612,0.436999208064059,0.469545455596449,0.724407280546301,-0.232694033894424,-0.438480643156947,0.0442241797560151,1.11313153476269,0.598615453677248,-0.13633997478487,-0.338180156656365,-0.329747804240909,0.10448390018088,0.283013443617791,-0.0508347500559513,-0.25521467105668,0.366392092555637,-0.310626358538574,1,-0.638331236095477,-0.371969768317895,-0.292952394268628,-0.351104956639546,0.0898766892132843,-0.0189272277982281,-0.532305710751505,-0.622706658093414,-0.30723849049425,-0.160738381435105,0.673715017947822,0.35690108918373,-0.96138656523984,-1.02888693298501,-0.588746295982136,-0.786735849083022,-0.424802210412767,-0.281966154285304,-0.844409940311154,-0.669113081037934,-0.517630059457049,-0.467661157568825,-0.57142309881772,0.0748957620775888,-0.16502638604534,0.0243360041965983,0.0722691471812199,-0.177085677878297,-0.094755677786649,-0.166278195799754,-0.286641725760023,-0.371681809626649
0.293288284601533,0.820100663106455,0.841972037907443,0.268544986773946,-0.0275609812904514,0.402968908867449,0.612999892295274,1.1723139117118,0.243455335434861,-0.439507038245556,-0.213467863053563,-1.16226350522507,0.290449598624721,-0.145946130362596,1.24508912541955,0.881720915217519,-0.968820735048657,0.168586925550833,-0.550917445610113,0.465462223375082,-0.627068811740882,-0.190493747979628,0.629227650894972,-0.562325185664012,-0.746302134055102,-0.349147331078769,0.156113606958098,0.235001863764254,-0.286753238749861,-0.0470580567776287,0.11274839111535,0.722907396151064,0.0421439048780555,-0.209244654417174,0.501830382549325,-0.0924511863541848,-0.947227556336719,0.277751828217046,0.313459767250393,0.655626090615816,0.302426799406275,0.146776315441059,0.339731232171073,-0.0465802041805866,-0.201241818749858,0.133259297552279,0.00308495761176603,-0.0411387829310903,-0.244685060449828,-0.233986094125504,1.00771486235554,0.65680166464086,0.642376997875181,0.129450854420025,-0.285756530028752,0.624828933605233,1.38593885300988,0.424267387262717,-0.802418465867948,-0.406732300885636,-0.628366583354531,0.635916649799716,-0.0571316316469473,-0.0905620146424288,-0.715086308178171,0.614895690514879,0.0345858940248773,-0.638331236095477,1,-0.400746782218674,-0.635411444779406,-0.60050981012309,-0.287278913434232,0.38137464653244,-1.03616590464186,-0.989383722181497,-0.636855052856204,-0.464904590551217,0.121210716840554,0.268706088595717,-1.30708536146448,-0.670503134951317,-0.467576880661287,-0.490617584687487,-0.714939023544264,-0.110677685653313,-1.2026656129337,-0.589417650012694,-0.291203049062176,-0.117188375452902,-0.414011502159609,0.0843869791131899,-0.398260797741769,0.0985632201550759,0.347203944819012,-0.0503454592814024,0.144027177024714,-0.132664263082147,-0.31099678943785,-0.410068584538711
-0.121674411632599,0.4361500777985,0.489872966411079,-0.290714186612194,-0.415872677651512,-0.185304452437301,0.375557861815792,0.8474259003348,-0.0160759178465519,-0.135056518947233,0.115943396416998,-0.658576983084962,-0.0634392237984058,-0.0236677379188444,1.02688521783035,0.427197272979674,-0.524733928597639,0.15090252598872,-0.150251069646797,0.413577967324167,-0.207554453643417,-0.154356668246332,0.351837331321006,-0.258968515545635,-0.247389187072108,-0.320591312500869,0.375789012183216,0.243311792274174,-0.263534747778788,-0.0977921916311731,0.23383204253247,0.678772872570294,0.185529751353315,0.121286985342403,0.613260049976553,-0.334480079327898,-0.196877722583444,0.369808514725784,0.387530722188355,0.251156743444528,0.228302626239993,0.193229866776424,0.534921806600567,-0.153535711468598,0.103468608040233,0.230516935553427,0.12169247775663,-0.250272939110262,-0.0300563256769518,-0.31000741017947,0.278513095577911,0.182268846294023,0.294736696425288,-0.203802083123196,-0.46623049045824,-0.0266777299150784,0.820474321335078,0.40382186097587,-0.547235041521605,-0.332839882874088,-0.135514568718813,0.75551832739945,-0.0465038877758912,-0.113337231418047,-0.264759715137912,0.427813630018633,-0.249206937070309,-0.371969768317895,-0.400746782218674,1,-0.264874730832614,-0.583897303278846,-0.356663027774287,-0.0192774011941858,-0.568504347662777,-0.715588639480688,-0.707899277819669,-0.479122780742468,-0.0107813154182471,-0.0991031472863994,-0.72779706465214,-0.532455913875496,-0.0573388339950651,-0.237238095708879,-0.492890905811262,-0.137412550857295,-0.786789184426161,-0.558739854704179,-0.53374665536975,-0.0735493924083466,-0.32210965810287,-0.194882043801801,-0.488341601180971,0.0147132815679996,0.540058682998806,-0.279980906305499,0.238900570762586,-0.667399598516663,-0.450031429085021,-0.694419475205205
0.5371947301183,-0.115462894937178,0.144488894753948,-0.283289692205613,-0.342119528954697,-0.298140402301176,0.502224941344394,0.271329430656069,0.299743356783027,0.477815219973444,0.183487511384029,0.37792322006097,0.493743868328911,0.265063517965992,0.389832882129205,-0.039412770862807,0.0912672351173562,0.0915063078722798,0.189572943623797,0.486544283226527,0.390732844266836,0.0220213403287888,0.188671067900198,0.545092028891495,0.415810565657336,-0.241476202193454,0.322743562568815,-0.238901476586966,0.32606025318605,0.355463609019797,0.726268874392914,0.530210799558772,0.606577656234452,0.113121944580208,0.463218930016475,0.0720837123482986,0.512513568338631,0.497919669946331,0.508828443834446,0.350210424247607,0.467977460493017,0.329364460149484,0.502455709010646,0.13774371182154,0.0248460784254615,0.122882192544064,0.279276323108343,0.346620685433976,0.283809917465334,0.22450066278512,-0.206803126990922,-0.215345121254905,-0.206131520870016,-0.499248730871113,-0.475207601284163,-0.215177990655822,-0.0310019177136261,0.423185614061652,0.2621633739916,-0.0564338794368096,-0.0450503311840181,-0.249065863148859,-0.208288043489746,-0.571647048529053,0.239339779850071,-0.197094647987197,0.0240602141693245,-0.292952394268628,-0.635411444779406,-0.264874730832614,1,-0.754504724964325,-0.311855046926772,-0.0928392474284591,-0.230943524895339,-0.361882877746297,-0.135463302799075,-0.351177603274867,0.438587534258332,-0.102622780890908,-0.227390601457571,-0.583340283821416,-0.204161607404877,-0.661858494907928,-0.275540739339926,-0.550051461231372,-0.0253523204979988,-0.513569038584307,-0.320155703752586,-0.218137993208794,-0.435021825026093,-0.059926984215849,-0.0417020779007398,-0.291831153822911,0.0607847291290969,0.178386262800418,-0.0831746790240601,-0.315659484410932,0.279555542913777,-0.156936295825827
0.235018957472761,0.300146791127386,0.146801025629131,0.123961325211154,-0.265226586027157,0.34516894528962,0.368679171409087,0.760888578053019,-0.0771355744778098,-0.933686946882547,-0.554771633242171,-1.02311644143659,0.146986119271181,-0.149863664393309,0.627342732643305,0.779443267154275,-0.912486900704689,-0.404781383488368,-0.748372809751508,0.0670781691708542,-0.804484666326797,-0.693921444808788,-0.246375129414727,-0.42613435170757,-1.29464456268939,-0.312150328321484,-0.0928351544119426,0.337717174326465,-0.055570428245156,0.116013908484518,0.0104268303140843,-0.0243030375198134,-0.0221632044292285,-0.690277666724954,-0.213064470998526,-0.452627794505134,-0.981443976809302,0.158718156937425,0.194289285385016,-0.272173614409873,0.264790353498806,0.274572720790874,-0.0346330148548821,0.864443422828956,-0.164337425982369,0.587475370540139,0.120441537063712,0.542385721826819,-0.0379448996892952,0.272730997390044,0.443184366140482,0.423393138389899,0.589320609236257,0.138366120883626,-0.228952728503727,0.277208068633215,0.999634529886018,0.283785649816479,-0.485068919004375,-0.746253214770286,-0.325613266007964,0.445654531667955,0.449977757998232,0.353044860499241,-0.82524504431542,0.555371827239866,-0.418609452162217,-0.351104956639546,-0.60050981012309,-0.583897303278846,-0.754504724964325,1,-0.312421175033134,0.0731944655785229,-0.69794323419785,-0.576848629728825,-0.333393481891552,-0.137738413060831,0.869988268977809,0.543122151903234,-0.955770639749153,-0.524041113163672,-0.459113952284953,-0.59258067384482,-0.461170286777236,0.139208570773984,-1.28580084499065,-0.133674776357839,-0.42690575949156,0.123583677538222,0.15857564098253,0.530459793725752,-0.226747651724131,0.491520860535691,0.0149201284466045,0.425584168433518,0.406492380686068,0.481810983465774,-0.0959098778328851,0.0681575726075275
0.0038010512089946,0.209343305365834,0.161945026846643,-0.116246624550213,-0.0432310869802047,-0.240099714616449,0.304015639331606,0.763688827442428,0.404116933834457,-0.332412276133368,-0.174035479738208,-0.219563206700412,-0.0368493806914567,0.23727692493763,0.22686526094737,0.581634112626256,-0.475155400785534,-0.00176054510981632,-0.196310478880339,0.172995500530349,0.0590121835727545,-0.224213814310098,-0.257073155681075,0.164745786240939,-0.251428347346416,-0.0912698735083305,0.110088925246446,0.262336738284304,-0.138129932139455,0.565295494167895,0.269653181765503,0.388465801343341,0.528262283040175,0.0618768582942483,0.143949737722228,-0.604506935556102,0.420308455663118,0.293109071996785,0.443170273719593,-0.382429656724544,0.179405955934233,-0.0727931285543088,0.236788978362879,0.391573299643289,-0.0325025520352678,0.12217482323899,0.0704116035396693,-0.0623670942034844,-0.162673443561045,0.135320526656904,0.0588452514693505,0.406902157318017,0.504760613785617,-0.181747069430179,-0.268003679635485,-0.221047976271766,0.531184969115606,0.458554547725848,0.0148946805227615,-0.173517425121943,-0.225178949550705,-0.321404249509726,0.340862071061554,0.0189293069137901,-0.127705537518256,-0.0173826892281971,-0.517238894063133,0.0898766892132843,-0.287278913434232,-0.356663027774287,-0.311855046926772,-0.312421175033134,1,-0.0644132864961325,-0.392914000254137,-0.365531397269488,-0.32839173724153,-0.280059674183709,0.658500123495436,0.321175055998639,-0.319085862591858,-0.530266968177085,-0.389481149765337,-0.485832418171643,-0.313268657612124,-0.0538144279931997,-0.367840104182517,-0.591682650964167,-0.451174041511531,-0.240112303892039,-0.270827745986376,0.194509168025198,-0.107566884031931,0.146405813285165,-0.0524622500161831,-0.130276643305534,-0.0838899990387863,-0.342131834571697,-0.156322227452472,-0.186725760831391
-0.212330713181676,0.00589847689165099,-0.412587289035985,0.611204975511843,0.42024692219827,0.310943486757904,-0.517064520670903,-0.748416278638388,-0.243696755506225,-0.408443059598796,-0.359928528872312,-0.606625051996646,-0.300204927606535,-0.303566639967415,0.0407772656745742,-0.335713912653428,-0.113411605480964,-0.76787352688872,-0.154122444423179,-0.322009514333463,-0.152481178897567,-0.115458590208447,-0.347938934221278,-0.394307415000792,-0.54214898368079,-0.238756169550271,-0.00714737558206274,0.771533611371267,0.0736383432885749,0.316537582290268,-0.145385528324027,-0.0124826449459931,-0.13961881347487,-0.299041457307498,-0.414760911543632,0.0556852017738921,0.0158234744519102,-0.0193915971987661,-0.444622592083139,-0.238300220714411,-0.162174928608587,0.395268549956939,-0.269146247039135,0.422856781370923,-0.0121701019559112,-0.0610285712041615,-0.280563432626148,-0.0764347502358362,0.207009575319783,0.173683967260764,-0.131727681310252,-0.108455389666219,0.108990016116005,0.677972520132833,0.411533577330823,0.564187728684632,-0.742703756923391,-0.20323252697195,-0.371772059133213,-0.0426133378019467,-0.17169235405173,-0.327833196161427,0.263285256070392,0.220650480949103,-0.0852897454488344,0.123497216074825,0.11607932128714,-0.0189272277982281,0.38137464653244,-0.0192774011941858,-0.0928392474284591,0.0731944655785229,-0.0644132864961325,1,-0.259694245381559,0.0192326425393608,-0.209463113107796,0.0333145000246837,-0.0792076705870931,0.193909984432492,0.196395915149208,0.619339050437851,-0.00848919891284786,0.125672177180948,0.264255730184878,0.3116097269644,0.430183839085704,0.0666004073651482,0.383949304798477,-0.0379674675351117,-0.0400210019983833,0.208168414004205,-0.135576576738257,0.0224783555491343,-0.280762767863935,0.32567678227889,-0.14529749466774,0.493248110996932,0.128178310420383,0.259287959273187
0.227198977797949,-0.417506729276696,-0.213906752872752,-0.735134705529266,-1.29134481820793,-0.580564149780876,0.535092161601468,0.455019220412954,-0.38643805421285,-0.256642663365205,-0.111342520008097,-0.510090187967773,0.265793335894894,0.0272187802824794,0.687725725801635,0.703485997590995,-0.24098206006763,0.271934169633851,-0.294336560387816,0.75880434596763,-0.202182372012075,-0.271770030925542,0.360126098474575,0.344222230087985,-0.753632949283537,-0.388654363589623,0.417800303873574,-0.123833944412333,0.280877242085886,0.129588107982821,0.433812927938652,0.146970307422864,0.296073964153568,-0.108621597614235,0.481030018754549,-0.217730133136217,-0.550512767880777,0.279330139698296,0.864539914563283,-0.0222103536767252,0.686269050372572,0.662292124416211,0.543972039569059,0.434372182180774,0.0916531972710949,0.834148767179801,0.813377622834564,0.822891874125531,0.0137678382473323,0.254544849880228,-0.0499519024840174,-0.41833389096208,-0.0656813763488325,-0.900078246749427,-1.25557021818869,-0.450995054491989,0.512962106014377,-0.0593908280547482,-0.247182221873398,-0.715393485842726,-0.1947965327483,0.809358962077276,0.0338183601275452,0.0730875015376245,-0.382753070599062,0.544457745769481,-0.282150088244476,-0.532305710751505,-1.03616590464186,-0.568504347662777,-0.230943524895339,-0.69794323419785,-0.392914000254137,-0.259694245381559,1,-0.636697565774208,-0.155572066026499,-0.193672330634054,0.564074946313892,0.422512451479295,-0.56692402362775,-0.893159477064447,-0.0653992194294077,-0.767795624034017,-0.27726400173436,-0.34485365013875,-1.14798272305464,-0.252072647102269,-0.57411210168413,0.395674868650265,0.340876222637459,0.308553577388876,-0.124251880574192,0.273810351249962,0.620922527992934,0.314298000679834,0.798771035282172,0.017845923797469,-0.0674810078351685,-0.257903970006163
0.131899377445469,-0.226293064228052,-0.224165792970229,-0.695309452596933,-1.05272508383175,-0.255909706050337,0.271617094351265,0.378101454374947,-0.282633841277218,-0.782586029140147,-0.634569181315115,-0.789613025845115,-0.35375774573484,-0.374164005017818,0.0156216576320438,0.454591046954991,-0.520718163863833,0.131795169989516,-0.505523568183792,0.866826686612593,-0.463226847724213,-0.591756558388841,0.0843097725377589,0.260516509042533,-0.930369150876499,-0.684035708385388,0.40534122722351,0.17330617956321,0.215295568774661,-0.163179805609342,-0.328529346136338,0.130627407143741,0.225371410987293,-0.353859956602786,0.0468309890006144,0.0417646964854976,-0.788880813632651,0.585182997295792,0.826657109033594,-0.00716454186008554,0.88065855227174,0.504414907623047,0.2413671190404,0.793329750018242,-0.0862207607275693,0.905155542867371,0.692126806480643,1.00343514033535,0.373214343885367,0.628806662837273,0.168068844684854,-0.304500688436682,-0.547072758463253,-0.694518665317596,-1.0545761636644,-0.284739925794158,0.359620748253153,-0.0469948322836535,-0.616298655866103,-1.23864041430592,-0.401270151830679,0.388801378334101,-0.106661513340041,0.0335985342307935,-0.803459516867724,-0.0200313386145797,-0.256337258915579,-0.622706658093414,-0.989383722181497,-0.715588639480688,-0.361882877746297,-0.576848629728825,-0.365531397269488,0.0192326425393608,-0.636697565774208,1,-0.311341509485551,-0.396760082427457,0.996354609650429,0.681040709672099,-0.464677495279993,-0.588735601372103,-0.173387335011012,-0.609811025966106,-0.267829932835219,0.0132702753282098,-0.974104450796023,-0.312792043007738,-0.361644279506869,0.768012141590829,0.618872671065452,0.488909074346527,-0.210299845433564,0.36008983930281,0.596472412338804,0.385773498128435,0.683680089454163,0.30838701038331,0.0185209310053769,-0.0559309205097087
0.316547504374479,-0.545603579367977,-0.187679775356881,-0.470760520714348,-0.688110411242497,-0.405812438249249,-0.256399277032315,-0.403093855557587,-0.487132857211645,-0.292809158592135,0.225248631805171,0.219541948714269,0.0986891957829271,0.241404968646786,0.0903303140027292,-0.561796779831516,0.1269897703613,-0.159259221948564,0.0910623995332337,-0.168822994025744,-0.0418763342132006,-0.192582327510914,0.0116703095880125,0.27001002479514,-0.376386197249903,-0.363268148981574,0.233864054648567,-0.0917178372959833,-0.209768444536953,0.240214415388522,0.633994134934452,0.141365357353747,0.192197103158764,-0.0384330665910369,0.494347046081974,0.0619408022620275,0.194316284079503,0.354881011861427,0.4077393025738,-0.37783830492576,0.645555604424144,0.731247336570156,0.614703863099009,0.580921531809022,0.190423649793828,0.997847965133116,0.678740202204674,0.566778111786371,0.163067224200819,0.125022774631711,-0.448267500601089,-0.498315040169648,-0.544251259825612,-0.417551115763816,-0.564235990372571,-0.545821284546516,-0.467902789877474,-0.258628382481426,-0.124901650708698,-0.298451480571198,-0.185305956819358,0.206344853127289,-0.122432759850777,-0.143397027018765,-0.345084637855116,0.327541555047022,-0.261067726247138,-0.30723849049425,-0.636855052856204,-0.707899277819669,-0.135463302799075,-0.333393481891552,-0.32839173724153,-0.209463113107796,-0.155572066026499,-0.311341509485551,1,-0.00227153846996525,0.394602264536493,0.0139738633642473,-0.200511984415428,-0.18812579753105,0.183772711461544,-0.346846394346398,-0.0277155794739014,0.00066646128235176,-0.306780356061008,0.118081768861957,-0.745043791454018,0.371542603979843,0.350969232936259,0.157912169151079,0.0882295402233956,0.489605680289054,0.0409328893534869,0.546870747713433,0.765167342916866,-0.106305260253557,0.110705326406569,-0.300372714601957
0.125998210914543,-0.246129784254164,-0.30626304411275,-0.52030360964234,-0.874781855224749,-0.402130192342216,0.550459797879633,0.471135691446506,-0.475482866642267,-0.255322695596358,-0.373267625301416,-0.5639655877789,-0.021113260169949,-0.270896172074981,0.29527264013484,0.612220011530676,-0.360345867885972,-0.0275348220250376,-0.486472211135837,0.402327501250937,-0.526801318608268,-0.552851959756416,-0.0790029145487039,0.0024209129925038,-0.680381745015207,-0.550947276873316,-0.117460085646986,-0.272932906227743,0.0775108611828697,-0.267833986761843,-0.063107197282383,-0.0288345603156087,0.314540018498387,-0.425080862272136,-0.181992688101329,-0.325345343388828,-0.666700840764627,0.276665133943229,0.832653919459197,-0.261063258144491,0.457932401457931,0.291300099592653,0.177039296650639,0.650347084513683,-0.278081351859205,0.719803596719181,0.581276535951285,0.582505197399604,-0.0793507360479636,0.379015281628559,0.290437300373536,-0.388022502245051,-0.145861733222286,-0.446323515967886,-0.668316067248257,-0.253211578649391,0.589257973621387,0.0597360460582092,0.0478735724010304,-0.601487130219305,-0.0985779142312163,0.330333432742821,0.135548315440295,0.364279608457652,-0.398622578258167,0.0705344180197469,-0.255238071451992,-0.160738381435105,-0.464904590551217,-0.479122780742468,-0.351177603274867,-0.137738413060831,-0.280059674183709,0.0333145000246837,-0.193672330634054,-0.396760082427457,-0.00227153846996525,1,0.956222255100994,0.611459036906172,-0.455442495069207,-0.579099627460905,-0.254079044836635,-0.454210519153412,-0.346232932412006,0.233428690142241,-1.1794265528571,-0.237240309550614,-0.342792516466008,0.536842612772338,0.743180027835105,0.575756338666184,0.229606741756563,0.338830950789919,0.294006821655356,0.344273453163683,0.653385094744108,0.175170653797133,-0.0229749938939748,0.0458464967865236
-0.232322250631403,0.0766843917186848,-0.164493903971527,0.491284024757609,0.644495511286852,0.58450378469932,0.160990564495152,-0.181962311308377,0.221335878620113,0.162566886951444,0.0911031967828272,0.468383918146464,0.125358787597133,0.385086527174084,-0.0763294924682869,-0.073143357688432,0.0799370602406803,-0.669467954472315,0.141613269133682,-0.552423725571481,0.280825918585414,-0.182343144599614,-0.562430506774167,-0.127957192613523,0.232806107913529,0.931782442496176,-0.244455565201179,0.49512200731625,0.601388152107587,0.44794760831093,-0.362816162113592,-0.713685745592797,-0.592311986935132,-0.767310954922204,-1.02437648716932,0.0496677736091023,0.0653986810096467,-0.440087414244349,-0.828898450768828,-0.0609990053549058,-0.775728309903497,-0.612314072180139,-0.958354590336066,0.228776074331304,-0.172436039404585,-0.627633097680356,-0.877346645133115,0.0976433657620227,0.0863578102394039,0.240794065258573,-0.324717862864027,0.278018519320948,0.52444078969908,0.668981678860377,0.655781518336742,0.253179215380059,-0.280279948818256,-0.0937427699229271,0.60711502197129,0.570987077901777,0.637275554671981,-0.380981405822767,0.571719549589038,0.430037771705427,0.520470957944967,0.255002329196532,-0.0394060989388803,0.673715017947822,0.121210716840554,-0.0107813154182471,0.438587534258332,0.869988268977809,0.658500123495436,-0.0792076705870931,0.564074946313892,0.996354609650429,0.394602264536493,0.956222255100994,1,0.104724680637278,0.351197601928024,0.0121874997644416,-0.58389514830033,-0.133628876858973,0.708444408624747,-0.0946654287518033,0.572272241648191,0.351667583111965,0.32388319754312,-0.410588690825704,-0.187050682858893,0.194901073288926,0.358111167280637,-0.1696677556119,-0.527819049090083,0.279039114712957,-0.531064867321186,0.644222765340739,0.16357181010858,0.640383287737881
0.104912210945416,-0.206677774941181,-0.13883345734976,0.915226888597301,0.608026031037885,0.531142364740943,-0.196088091587048,-0.712081656679349,0.00165184002593721,-0.119748578686649,0.184562605283325,0.00643155550987667,0.189219228033349,0.1438170441418,0.154104705535845,-0.69205733476153,-0.205823014588853,-1.07294668441195,-0.0925288654848402,-1.12108982327198,-0.259566259219697,-0.650375991429075,-0.838092831933108,-0.581289319076088,-0.183184030697292,0.390166135336096,-0.403682197926335,0.391457223605433,0.0477369624818113,0.246951465799391,-0.298474202367995,-0.895699329770347,-0.719605099572694,-0.919938827453795,-0.988079122236538,-0.0949576231727849,0.223218443223645,-0.474412396065377,-1.02726537309205,-0.114605916864499,-0.713695548219759,-0.0972361372427575,-0.989453786744859,0.454438330368349,-0.145583319617999,-0.343776497520184,-0.685491983883228,0.129175741439209,0.425315885178508,0.461596816196788,0.143690432495806,0.282575539306968,0.240033848399908,1.0342151583889,0.856594548019259,0.356918375887005,-0.584404607765188,-0.135764555610745,0.580970263227327,0.808166427465266,0.510376727361385,-0.231754949781334,0.653986607227258,0.595987464509051,0.427820056789184,0.64000546164926,0.277975645691083,0.35690108918373,0.268706088595717,-0.0991031472863994,-0.102622780890908,0.543122151903234,0.321175055998639,0.193909984432492,0.422512451479295,0.681040709672099,0.0139738633642473,0.611459036906172,0.104724680637278,1,0.122068248555022,0.818055996220106,-0.462883151492099,0.255973672832259,0.381735732679632,0.462769831962327,0.789233107234562,0.817192594443953,0.645476100874834,-0.296577885815404,-0.187187073797766,0.0150341360538276,0.364530159146656,-0.133810373301794,-0.904530799708554,0.646249733925158,-0.455172195839206,1.02977456096984,0.663862147505201,0.98315897749519
0.65670840097065,0.361431272297543,0.256760539590997,-0.187993395905347,-0.574174215304112,-0.079457046980922,1.04151174580509,0.793010372178111,0.160434181942717,-0.036530245505244,-0.352261488662723,-0.798168508509421,0.3432012450681,0.0423930975422447,0.546425187172622,0.186121596403896,-0.943648995914649,-0.182135126996318,-0.545159145827516,0.868669138065526,-0.591773378301882,-0.771455594511763,0.348262358446384,0.138395282460785,-0.274882961729846,-0.658609816982322,0.541771905906278,-0.300662358734185,0.282714332205332,-0.111557766784262,-0.0352272227896606,0.709970643149004,0.131978583778578,-1.03076355870627,-0.244746046583068,0.334300496415145,-0.855861163578068,0.977481491510545,1.23229092973557,0.845533486615163,0.955574288890431,0.434256713520432,0.215953386434214,0.686157691852111,0.0933264069197859,0.6184898561787,0.633445026208646,0.728335705666881,0.364519563454944,0.668443344671748,0.425981914640385,0.0579138045552632,-0.219075485965225,-0.304377886649798,-0.950727706403083,0.182220251575548,0.775220609123109,0.211954537808845,-0.384627402032086,-0.377711350955297,-0.0802634393653349,0.591453958570193,0.057573569565281,0.133078183312607,-0.373550101088402,0.222098360027458,0.0576864529225846,-0.96138656523984,-1.30708536146448,-0.72779706465214,-0.227390601457571,-0.955770639749153,-0.319085862591858,0.196395915149208,-0.56692402362775,-0.464677495279993,-0.200511984415428,-0.455442495069207,0.351197601928024,0.122068248555022,1,-0.920823134787643,-0.238853774581459,-1.22912825874206,-0.239537089483653,-0.576006876392376,-0.746594099733714,-0.540024532740386,-0.173014050169792,0.818851955969925,0.0513273424084963,0.526249687819605,0.167615988549428,-0.217682617296448,0.645568554820125,0.599717723902387,0.365717741729768,0.18976413877354,0.22798822759363,0.116264763781213
0.2216403578876,0.552256897223437,0.379921254333745,0.525064360133036,0.320671480641495,0.438240335373745,-0.176646000716371,0.404606660343117,0.467587217291897,-0.532791012249638,0.0605832194846471,-0.971354213269588,-0.0284871383931887,-0.441878408066162,0.342582567713687,0.165843725283493,-1.05780500241333,-0.189912451409561,-0.801958424604601,-0.0126161584163358,-0.530915618771634,-0.351171119020177,0.0574616873032293,-0.298845799096073,-0.534899090891831,-0.38154703369979,-0.287561881355784,-0.00421529583398957,-0.261108529364572,0.0214309135635173,-0.093192241970643,0.817517828951394,-0.177526353383116,-0.516315879378646,-0.00364746415975814,0.456298760666035,-0.839963138535319,0.43222348431123,0.11819867185183,0.590357008418279,0.182858273002444,0.137418792100685,-0.123438024972936,-0.00716879452633249,-0.556219718063521,0.0350208159447395,-0.148895481696661,-0.147045207090702,0.167007046448167,0.0315377784296383,1.0759346747904,0.669489322889174,-0.0368555042549761,0.394730617341652,-0.181957961440374,0.959041683744905,0.463583418796856,0.0601507533822979,-0.435029480224345,0.209337294531185,-0.67507073775858,0.423339191510537,0.137016748830145,-0.143789719548786,-0.486129567656831,0.62129437576859,0.27112625546461,-1.02888693298501,-0.670503134951317,-0.532455913875496,-0.583340283821416,-0.524041113163672,-0.530266968177085,0.619339050437851,-0.893159477064447,-0.588735601372103,-0.18812579753105,-0.579099627460905,0.0121874997644416,0.818055996220106,-0.920823134787643,1,-0.254657728163827,-0.19600506374776,-0.713895719162925,-0.0221899425371818,-0.381587013764177,-0.336576820183796,0.0349048991837915,0.271871886931707,0.185757370894494,0.647979821555607,-0.0106667849607098,0.556062696833305,0.300150323951924,0.168234420810083,0.172142842556827,-0.0258834300164927,0.138254205074903,0.143111245053981
0.314908533134649,0.318787980029995,0.471885387650572,-0.0793877884783621,0.318882032407089,0.319933626992505,0.343139631479401,0.449437946864186,0.327282799609246,0.298000292896544,-0.0770590196976877,-0.0192865761002581,0.205701620815847,-0.0468949214850895,0.375413331100611,-0.273075801192414,-0.385853652640016,0.120825479031035,-0.332697987072807,0.221901382862853,-0.387408610421813,-0.133688441877319,0.190128737410649,-0.0830851741520129,0.290032940975274,-0.0816837144662476,-0.192969114542402,-0.406629376244354,-0.11823120378336,-0.38799881217595,0.010953472577082,0.294622575492892,0.0600159498079245,-0.121937531430614,0.0689242218585386,0.355909009328826,-0.253869165644091,0.208153652163671,0.419473165258404,0.491448397699011,0.473675632264848,-0.186554230111704,0.174296946587268,0.0805902964224114,-0.0915178778437506,0.175167792022739,0.196045615799016,0.202742972438623,0.126849043273923,0.0394658654344612,0.246988295465999,0.145703658628594,0.0872185411578936,0.0505976203262286,-0.0314268790667301,0.323227676881329,0.681243624519584,0.301845546062158,0.00136722095182229,-0.0241012930857171,0.374007741660511,0.533782911026274,0.227475223998677,-0.0294846389136579,-0.00968057338736805,0.323388891665761,0.304397018120056,-0.588746295982136,-0.467576880661287,-0.0573388339950651,-0.204161607404877,-0.459113952284953,-0.389481149765337,-0.00848919891284786,-0.0653992194294077,-0.173387335011012,0.183772711461544,-0.254079044836635,-0.58389514830033,-0.462883151492099,-0.238853774581459,-0.254657728163827,1,-0.453214981263724,-0.479138126445193,-0.436334576844714,-0.270270638889886,-0.251447858120451,-0.176676879880442,0.256055047251705,-0.195345153663923,0.0236787717335308,0.0712646624397525,-0.452440081758898,0.196028589683527,0.113705424567739,0.0526380612890946,-0.0927113924025128,-0.00207792803148274,-0.214076063102269
0.177431680438755,0.872458602307478,0.409956101190393,0.567238410356651,0.392983956667486,0.814144493689458,0.315629767666933,0.751703994692417,0.0421683679433336,-0.0926400174876873,-0.00789629561208251,-0.897773825219598,0.695256162546898,0.156932352094846,0.834738565825636,0.644735749459576,-0.942380668915189,-0.291012921853271,-0.472451260795074,-0.0813552958565514,-0.837438491658388,-0.405925197469557,0.243542643578013,-1.02335306461999,-0.630411843854773,-0.269226171691455,-0.388780082769505,-0.202087264345148,-0.0756429730581193,-0.485950277308324,-0.270622776294515,0.685265569091692,-0.603289942653358,-0.706754168463999,-0.345657819776904,0.0320667680374047,-1.32568180330764,0.398553460018751,-0.166066353540982,0.483425622163332,0.0113072238573864,-0.259541676804542,-0.202868452315433,0.107078115654787,-0.319538614831158,-0.00451937153992049,-0.241224321655148,0.115469994411761,0.00490672481597387,0.0771975971619278,1.11281906328986,0.582186913570714,0.742227056031283,0.606078145214113,0.0685843602133944,0.788735132887372,1.08313681626961,0.133512486864821,-0.13905010413109,-0.155419569966066,-0.142656240440923,1.07368665976469,0.320147334708439,0.128334566866321,-0.577918044416094,0.797348368693543,-0.0964223997899901,-0.786735849083022,-0.490617584687487,-0.237238095708879,-0.661858494907928,-0.59258067384482,-0.485832418171643,0.125672177180948,-0.767795624034017,-0.609811025966106,-0.346846394346398,-0.454210519153412,-0.133628876858973,0.255973672832259,-1.22912825874206,-0.19600506374776,-0.453214981263724,1,-0.909596117600418,-0.164939681472449,-0.981097522999608,-0.0598163314047182,0.0271357810750322,-0.0122661235533129,-0.0528464422915412,0.513898848981918,-0.422778482743892,0.0156772015240838,-0.0190824273967988,0.432696594979857,0.0435773820486816,0.336481186460015,-0.0388943218005837,0.214309624361789
0.837718648276697,0.209259412860644,0.136534122527316,0.0209844455690609,-0.191225454273969,-0.0747313399036666,0.938050816641729,0.63506463603483,0.07181556569294,0.369958766131828,-0.246780177401838,-0.378119272373667,0.690961687573657,0.0709411269154944,0.485817466269583,0.186710061625626,-0.600741876475318,-0.374472893703888,-0.526990820261538,0.4237921485032,-0.538556012360815,-0.455051716077733,0.053683656320947,0.120208749575527,-0.105093272680114,-0.434205934625716,-0.0437007414123808,-0.522566538361142,0.269465026074171,0.0019240984603926,0.203440309204738,0.533475364896034,0.493083535199694,-0.776663082334068,-0.27712524748048,-0.100472389624529,-0.367716715334801,0.651413897768061,1.18980015946087,0.391155012215991,0.611869517232331,0.367444338326558,0.187308857427296,0.738129116938398,-0.316807497654882,0.435090541652072,0.543206786229051,0.47937518019344,0.0786491453253084,0.644904651430868,0.390347699905058,-0.0211373962673812,0.0664060334627319,-0.0681003058684579,-0.422594420699147,0.236132320083354,0.735736453173293,0.34883587702047,0.229819700865306,-0.110916387854594,0.0351938751767138,0.0686811366039935,0.163504180208726,0.269812910043674,-0.142665121023188,0.0210194196402092,0.0564616069806668,-0.424802210412767,-0.714939023544264,-0.492890905811262,-0.275540739339926,-0.461170286777236,-0.313268657612124,0.264255730184878,-0.27726400173436,-0.267829932835219,-0.0277155794739014,-0.346232932412006,0.708444408624747,0.381735732679632,-0.239537089483653,-0.713895719162925,-0.479138126445193,-0.909596117600418,1,-0.20472365842261,-0.77265312394354,-0.419759903797719,-0.165210338640779,0.530533422602634,0.292438142592209,0.69336271500196,0.556522827635994,-0.132429102113639,0.193527769344969,0.680448726435887,0.287282487585174,0.260095419956832,0.370994379697085,0.370366630711059
0.0580131486089928,0.520324650904021,0.278209054047129,0.693654391001637,0.675083915272531,0.813249853454011,-0.0748467667687479,0.357357266650304,0.303168964528767,-0.516128163340566,-0.279652077261366,-0.729764406909392,0.196598762930511,-0.142146108738758,0.622127360090679,0.44330607331227,-0.783465017819662,-0.507729535763365,-0.685436136177722,-0.40356704127685,-0.579498155463812,-0.237510973655415,-0.224370657162506,-0.560439113986686,-0.708115052711875,0.307313031167031,-0.350009157757267,0.458226032500402,-0.0323920151010144,0.340690721323233,-0.152624700698327,0.0232158184219872,-0.388791754056396,-0.642672883272762,-0.406096563202247,-0.0860998694654808,-0.705351388242148,-0.285908292273237,-0.432075733839323,0.0499255489408587,-0.430264847287967,-0.0237292457957301,-0.498576718203797,0.238646637854148,-0.24539607212583,-0.190102026136961,-0.514958665411876,-0.0870186671482751,-0.137781373227309,0.0448788750520772,0.615954688814513,0.657759741380151,0.6836795459812,0.813364991449222,0.477977248884728,0.902318571513236,0.604213979138866,0.192903216415488,-0.234394338297361,0.136566702967836,-0.114018093846916,0.214325178996785,0.605138533331815,0.395156595788877,-0.343881583442652,0.768977726314191,0.0528167914480497,-0.281966154285304,-0.110677685653313,-0.137412550857295,-0.550051461231372,0.139208570773984,-0.0538144279931997,0.3116097269644,-0.34485365013875,0.0132702753282098,0.00066646128235176,0.233428690142241,-0.0946654287518033,0.462769831962327,-0.576006876392376,-0.0221899425371818,-0.436334576844714,-0.164939681472449,-0.20472365842261,1,-0.389594384549107,0.167415251759715,0.253304641871129,-0.212850358604098,-0.108036036827624,0.460579255068634,-0.00350512345260379,0.228784278534872,-0.146014620771185,0.198286834378862,-0.146665870038946,0.567756285031969,0.0217064191566659,0.306912477014905
0.693978731154649,0.420740597980368,0.00279852871177278,-0.104460499561036,-0.20068010629072,-0.0119187651288173,-0.0030914403510038,0.260689326823115,0.247366062830971,-0.538786319617137,-0.15617977167899,-0.443303795396643,0.106559831954163,0.0369293037102666,-0.282777927309396,-0.0448897687527025,-0.593604556679118,0.0280484693947424,-0.0896152405246693,0.768956049694418,0.0159988820126854,-0.524100332533324,0.12892909659282,0.347060926231454,-0.466830174034283,-0.985415351253631,0.26294173583485,-0.544241608111477,0.0355126779931748,-0.0479017433786914,-0.0823504199135193,1.2223153781689,0.517433186751275,-0.35885048120795,-0.117383747779695,0.670250168986861,-0.379340462096055,1.24970678239059,0.636120335869817,0.373127274209461,1.05095119902881,0.104530556873417,0.0636921547288822,0.535151320707779,-0.290984825447276,0.422241772016562,0.194248284457527,0.641914775380965,0.582582650456171,0.736221668745238,0.368972652064557,-0.00236967105415353,-0.861833304773272,-0.290248221056415,-0.952008592786174,0.00746946103828566,-0.164397565815662,-0.0547809325696759,-0.351043484380211,-0.286764087869667,-0.857070556406872,0.164262580440985,-0.434288297102592,-0.447013946629301,-0.375036604666401,-0.150711440194338,0.176039964545546,-0.844409940311154,-1.2026656129337,-0.786789184426161,-0.0253523204979988,-1.28580084499065,-0.367840104182517,0.430183839085704,-1.14798272305464,-0.974104450796023,-0.306780356061008,-1.1794265528571,0.572272241648191,0.789233107234562,-0.746594099733714,-0.381587013764177,-0.270270638889886,-0.981097522999608,-0.77265312394354,-0.389594384549107,1,-0.995382332330082,-0.416897589490221,0.576224405160842,0.312989671900943,0.782308560233036,-0.192161452376528,0.228236814907572,-0.0654847810919157,0.54458934122134,0.0406599037972495,0.0888186925242185,0.450394583859943,0.152480666826821
0.0548859940911741,-0.0355704462372624,-0.180425543486442,0.120205011644734,-0.41530205848955,-0.168061196198782,0.161477124856983,0.147365997685545,-0.678435325062744,-0.115342139809124,0.0648454283389224,-0.285283514398511,0.515789042799922,-0.106844224096665,0.244533409400016,0.18287158453921,-0.232563376496049,-0.167687073388836,-0.481944109648246,-0.055192473315998,-0.605074965196701,-0.00726729781410096,0.189327328400894,0.0121636990443368,-0.433344139920902,-0.390162569844241,-0.400390823428816,-0.551024447129105,-0.104430080793693,-0.290991598055699,0.0586550343370836,0.316714100375355,0.164159885710123,-0.365294250993241,0.0954126926533405,0.0031993549382732,-1.07481138349176,0.424607981388926,0.675621356837272,0.447235728274152,0.445706711763959,0.289896513958321,0.395234471409714,0.222366111018236,-0.566063161560467,0.744860221010794,0.572652650489115,0.484934238747505,-0.333300955737963,0.0988208120730904,0.392750268664554,-0.258778448248621,-0.165884249527798,-0.132685203757833,-0.559297535322951,-0.126627163595682,0.48215603847253,-0.400219143178955,-0.000381272119980056,-0.369105434942182,-0.238042250490625,0.788551711109018,-0.0548910725372283,0.156056841953153,-0.48419778271114,0.522836383749925,-0.108331822750811,-0.669113081037934,-0.589417650012694,-0.558739854704179,-0.513569038584307,-0.133674776357839,-0.591682650964167,0.0666004073651482,-0.252072647102269,-0.312792043007738,0.118081768861957,-0.237240309550614,0.351667583111965,0.817192594443953,-0.540024532740386,-0.336576820183796,-0.251447858120451,-0.0598163314047182,-0.419759903797719,0.167415251759715,-0.995382332330082,1,-0.489470792099811,0.642170544264043,0.899135102742209,0.630277071403484,0.371258130084549,0.707932329826361,0.482182055388864,0.445267568878586,0.940553877309539,0.127621670664749,-0.17348083821784,-0.0239545093460616
-0.172118714082948,0.264210276697715,-0.113379827841351,0.309661813119041,-0.259196231790032,-0.277772485280326,-0.107915937000636,0.183670038648832,-0.326907639023177,-0.442315288918058,-0.00931435765729992,-0.874743239705511,-0.0512550010854026,-0.110958166042097,0.774741048306323,-0.0262690341360716,-0.697633546215012,-0.631949350265635,-0.391361361646282,0.0502121953839865,-0.354407218884214,-0.271395210021197,-0.219567329250878,-0.0468027859201754,-0.619541936204191,-0.521864646230714,0.0381985850146867,0.363112454142709,-0.0955636140779528,0.287703920628851,0.276505981772923,0.589276915475266,0.308709622301967,-0.454139021991231,0.0509027830991463,-0.294047904370643,-0.222391262429826,0.471962003497566,0.418587964878068,0.309915243274862,0.0848446326255472,0.532110453572715,0.303816001084511,0.175763328363974,-0.239239694156074,0.338242496409289,0.0421742300436562,-0.180923700854399,0.0669339444827907,0.226921835466484,0.0947657985599963,0.0702991277219734,-0.174676756419969,0.210239625606761,-0.346863015000644,0.068727551371698,0.0320563388722447,0.0171588713499625,-0.483020748694422,-0.0538336984503388,-0.244891821762664,0.23716785617096,0.271240268452541,0.265043723158889,-0.112838035763071,0.360491251541738,-0.153345801759008,-0.517630059457049,-0.291203049062176,-0.53374665536975,-0.320155703752586,-0.42690575949156,-0.451174041511531,0.383949304798477,-0.57411210168413,-0.361644279506869,-0.745043791454018,-0.342792516466008,0.32388319754312,0.645476100874834,-0.173014050169792,0.0349048991837915,-0.176676879880442,0.0271357810750322,-0.165210338640779,0.253304641871129,-0.416897589490221,-0.489470792099811,1,0.428682632999189,0.307598497465919,0.339465583570751,0.000285317736095504,0.480546841261372,0.60916944376616,0.0941903492585451,0.448366603080673,-0.156679089780571,0.0218708051854927,-0.0616574603796496
-0.100252045851685,-0.323770118746681,-0.168307694650993,0.136742523896558,0.258132837259033,0.269967576202608,-0.3271498924939,-0.575362663571353,0.201691173472434,0.0626752853895061,-0.241007722571702,0.174595746096787,-0.042366776560473,-0.0705868073711983,-0.305923423195473,-0.788053198483445,-0.163833560552924,-0.573009827855494,-0.342503845361263,-0.344072612610534,-0.261678805986223,-0.168941207477574,-0.406980569479972,0.238917546970584,0.236776236227358,0.209456652838933,0.0275100075790013,0.204469893011178,0.30813197773112,0.246484118146461,0.0417133564413747,-0.261756140633201,-0.284197224415016,-0.507247630500814,-0.33735374346947,0.182061099310341,0.00378986495433886,-0.0370280281552189,0.0255688941247577,0.1331208380714,-0.125460116140906,0.359706002177148,-0.115113539619147,0.231591780155222,0.354896346697057,0.15186778376549,0.126233646566877,0.114269526883605,0.222387136305304,0.238324823460808,-0.297258448465391,-0.0900723090269089,-0.286575127750723,0.357420435250466,0.391440248293002,0.22091439459259,-0.622516090847736,-0.0768248839482774,0.124397478248558,0.161050340883886,0.444811116386888,-0.139926199821369,0.471887598515701,0.177623915879699,0.0291471673920216,0.169851841268713,-0.0794621226212022,-0.467661157568825,-0.117188375452902,-0.0735493924083466,-0.218137993208794,0.123583677538222,-0.240112303892039,-0.0379674675351117,0.395674868650265,0.768012141590829,0.371542603979843,0.536842612772338,-0.410588690825704,-0.296577885815404,0.818851955969925,0.271871886931707,0.256055047251705,-0.0122661235533129,0.530533422602634,-0.212850358604098,0.576224405160842,0.642170544264043,0.428682632999189,1,-0.0447816197680317,0.0492189180593301,0.216818452816043,-0.129152238049745,0.196406478018144,0.234581562647082,0.0315034233794386,0.300871747948027,0.173065138394422,0.256758773363431
-0.0227909781028583,-0.409573171041176,0.0120513181718993,0.50933616847855,0.13280479613521,0.424938762191408,-0.161636103926177,-0.331214618283471,0.196382243062952,-0.189816479531736,0.0810365114163343,-0.0534441963876918,0.273686827446552,-0.0370394080546113,0.420824752998657,-0.510627455960455,-0.413446262229819,-0.704375899702174,-0.568382417239384,-0.732045043517069,-0.455445452950462,-0.482525836501858,-0.467117336588152,-0.0464741125939192,-0.20230066235211,0.424335024170998,-0.221738581327152,0.346013587941033,0.323531945205647,0.299771360094225,0.156636839423176,-0.591329641986462,-0.660572383103004,-0.810747179628228,-0.277171303448138,-0.0145297576947347,-0.362792531933263,-0.281475827136574,-0.534502686132058,0.163333802630388,-0.3325748512195,0.305477606800231,-0.276862879554108,0.324174024115241,0.139194316342302,0.220709382350835,-0.0690760715488357,0.391772647440312,0.207644345910012,0.178136384771677,0.124147711643944,0.23780315736063,0.140825877958482,0.509978204945029,0.410243801961822,0.331758796209147,-0.155395805954186,-0.0137286116149462,0.266748242707228,0.339029057226268,0.442555188768581,0.229574552998217,0.756960163080233,0.291278098571554,-0.0205812513852243,1.01546808201905,-0.0758063801835938,-0.57142309881772,-0.414011502159609,-0.32210965810287,-0.435021825026093,0.15857564098253,-0.270827745986376,-0.0400210019983833,0.340876222637459,0.618872671065452,0.350969232936259,0.743180027835105,-0.187050682858893,-0.187187073797766,0.0513273424084963,0.185757370894494,-0.195345153663923,-0.0528464422915412,0.292438142592209,-0.108036036827624,0.312989671900943,0.899135102742209,0.307598497465919,-0.0447816197680317,1,-0.0617993987416429,0.171511184390698,0.122553014667722,-0.00521573479675355,0.443796374517876,0.193466147738145,0.603657617418733,0.315142496520285,0.354799214733886
-0.270330683243735,-0.847030541001147,-0.465603579085085,0.349626756222202,-0.0564239649396271,-0.0183189833839203,-0.655710299396127,-1.11295772447803,-0.146400650803115,-0.88317947470869,-0.194035988202356,0.0460818864399597,-0.492521962163411,-0.482416566263816,-0.47266997402552,-0.718142274508704,0.233835457996466,-0.419078864954872,-0.181895956418727,-0.423450112434132,0.106313801237134,-0.132393179451653,-0.575296269495276,0.442137861449741,-0.406457401365679,0.119578435558151,-0.00372848001159443,0.853329067116689,0.0124148605040142,0.608821647179128,0.00181135666177138,-1.18191533178057,-0.131070809785318,-0.101300974965908,-0.0526580664003903,0.176536437898762,0.198204544002442,-0.619379010469705,-0.682198488380306,-0.151935216952313,-0.22438798233719,0.364114697498514,-0.29900155561099,0.241571354085517,-0.0117362955941401,0.150741619865768,-0.131777489684855,0.394903182421258,0.133843170646522,0.0742867155020109,-0.407156821427183,-0.1380680882575,-0.567039657292369,0.160446875580233,0.230992686535995,-0.181673837250055,-1.07009230050942,-0.55104460288516,-0.13124064269425,-0.0358721113448234,-0.143771311164486,-0.562290399148841,0.128267965418117,0.0441401699936294,0.0200411262856587,0.26617426126699,0.32575219060874,0.0748957620775888,0.0843869791131899,-0.194882043801801,-0.059926984215849,0.530459793725752,0.194509168025198,0.208168414004205,0.308553577388876,0.488909074346527,0.157912169151079,0.575756338666184,0.194901073288926,0.0150341360538276,0.526249687819605,0.647979821555607,0.0236787717335308,0.513898848981918,0.69336271500196,0.460579255068634,0.782308560233036,0.630277071403484,0.339465583570751,0.0492189180593301,-0.0617993987416429,1,0.273136677592464,0.447177623870346,-0.270701651795907,0.125437050193288,0.0551459738370648,0.737246621917742,0.22196351034336,0.296408132024993
0.485659973756478,-0.727445782796907,-0.802837523993339,-0.0679869309207338,-0.41226558921303,-0.149377941769286,-0.1889139597723,-0.885364270468664,-0.475783179884843,-0.838127045970811,-0.4812710826654,-0.541236217323287,-0.0123598302790834,-0.265278962569769,-0.00689621079668697,-0.105110468532161,0.106264704517002,-0.583565392359811,-0.241148221762377,0.152233768007705,0.0955485074227249,-0.0820159370382302,-0.237086205208031,0.428374027509153,-0.907975745631309,-0.280090163532979,0.520193343524266,0.631197771089834,0.396828002016736,0.907342580075504,0.430344117163946,-0.454417940800271,0.417046666344855,-0.340646393529994,0.107543356386485,0.128133455742454,0.00498487722832883,0.013300580976114,0.172040353912108,-0.384872450675152,0.500823046052429,1.07497477626859,0.0530185831691878,0.828366254916424,0.355739647364668,0.698513569825495,0.454038320123191,0.908418488938218,0.210825620612798,0.485417281529169,-0.517125653389982,-0.537681992507598,-0.241957048989619,-0.330120176352893,-0.480429797390052,-0.00290696018218822,-0.842530954819439,-0.589737242214244,-0.586613600695248,-0.254576558606445,-0.539986916847736,-0.461634644470125,0.0320281365164505,0.144375430382598,-0.224762993661707,0.411930975393738,0.28778550452452,-0.16502638604534,-0.398260797741769,-0.488341601180971,-0.0417020779007398,-0.226747651724131,-0.107566884031931,-0.135576576738257,-0.124251880574192,-0.210299845433564,0.0882295402233956,0.229606741756563,0.358111167280637,0.364530159146656,0.167615988549428,-0.0106667849607098,0.0712646624397525,-0.422778482743892,0.556522827635994,-0.00350512345260379,-0.192161452376528,0.371258130084549,0.000285317736095504,0.216818452816043,0.171511184390698,0.273136677592464,1,0.343877321622208,-0.250188866454745,0.698306976385652,0.4177593766079,0.993423160666458,0.397694642099141,0.270389294249585
0.143267308731133,0.00806118520780341,-0.0897641046457391,0.610543839876335,0.742814823533024,0.795016527256613,-0.0658774654416676,-0.340054885713207,0.124829817147231,0.0683291567601571,-0.037020394917852,-0.00867046054540327,0.269748593290271,0.0582931353824588,-0.0343407630989445,-0.144964950193313,-0.280469530000886,-0.512504869301687,-0.26820308253375,-0.756794199278481,-0.451564595710692,-0.509580179452416,-0.462942040697961,-0.831991811848748,-0.258770062049045,0.495639542471837,-0.814237252433966,0.0436080056620759,-0.126094056335736,-0.235853329157677,-0.573800208356323,-0.723088325648257,-0.81659748588079,-0.605130746416156,-0.955124455318056,0.255079412485237,-0.408480173410056,-0.476023123427246,-0.756421454669134,-0.0828295464834578,-0.342252624822415,-0.605926133607366,-0.983455741354934,0.439646801912553,-0.408628511682656,-0.326861492317711,-0.50393015297176,0.315730675325734,0.222461716800773,0.316422100943068,0.449418776941015,0.290772344413844,0.476328219562966,0.879339625670672,0.658325379218775,0.567551346403544,0.0438075676526131,-0.228548575265337,0.606530941970703,0.406754985278642,0.427508460984593,0.194040124555703,0.657684440830226,0.389596017170091,0.0754839184344555,0.604855662361813,0.357798285047575,0.0243360041965983,0.0985632201550759,0.0147132815679996,-0.291831153822911,0.491520860535691,0.146405813285165,0.0224783555491343,0.273810351249962,0.36008983930281,0.489605680289054,0.338830950789919,-0.1696677556119,-0.133810373301794,-0.217682617296448,0.556062696833305,-0.452440081758898,0.0156772015240838,-0.132429102113639,0.228784278534872,0.228236814907572,0.707932329826361,0.480546841261372,-0.129152238049745,0.122553014667722,0.447177623870346,0.343877321622208,1,-0.847905631657582,0.66754674613708,-0.32357477070148,1.00712625120267,0.456460111679377,0.867547554121264
-0.0275708982618028,0.0741833105680884,-0.136411911452716,-0.349073419575409,0.0615933831987618,0.288991906813751,0.073330708181432,-0.0714065274513142,-0.174831631189097,0.448330481437144,-0.281945485433474,0.103463793498625,-0.0217198540985017,0.160038574284896,0.0434292875344237,-0.367531905749808,0.0474290766655507,-0.126580143571852,0.122433714748924,0.133701036442131,-0.347853650460044,-0.297439065692549,-0.141769422170918,-0.376460689250104,0.255568535089671,0.124143036422546,-0.00868995300159234,-0.201853912836282,0.187913498348352,-0.763000664130043,-0.53806202031484,-0.323960738585957,-0.386658472489189,-0.322873974539862,-0.628575379211384,-0.15548916992577,-0.151901179388706,-0.102701131449437,-0.0196730417265821,-0.0693775802253344,-0.160916474001873,-0.122852692823085,-0.344751288164072,0.0831908189258947,0.39716715583075,-0.0641555969766335,-0.0582734118401469,0.112399641520664,0.362849147095918,0.338252001628157,-0.169746412987492,-0.326861397042009,0.00126179585487307,0.178000087675352,0.355261824572069,-0.0481510128171251,0.0693618257438481,0.211211844692675,0.21846330743968,-0.217203705990455,0.974548810850743,0.345688204385182,0.357327202466937,0.486862898844313,0.185101855051762,-0.164067400963948,-0.0680188294299198,0.0722691471812199,0.347203944819012,0.540058682998806,0.0607847291290969,0.0149201284466045,-0.0524622500161831,-0.280762767863935,0.620922527992934,0.596472412338804,0.0409328893534869,0.294006821655356,-0.527819049090083,-0.904530799708554,0.645568554820125,0.300150323951924,0.196028589683527,-0.0190824273967988,0.193527769344969,-0.146014620771185,-0.0654847810919157,0.482182055388864,0.60916944376616,0.196406478018144,-0.00521573479675355,-0.270701651795907,-0.250188866454745,-0.847905631657582,1,0.0841341992017391,-0.278346245260294,0.241477787485258,0.0759681501256279,0.207638678690873
-0.0491710414333181,-0.841672766940826,-0.576593197896638,0.275659482596616,-0.296389883127843,-0.474199710228259,-0.45950865553288,-0.957259509952736,-0.196334095310853,-0.178456899781823,0.331396532645901,0.425796972872889,-0.0507968395830636,-0.322085246558653,-0.791085278078341,-0.524962729501455,0.479809012048419,-0.203341913668404,-0.0201257367806712,-0.269535318531203,0.407306893158598,0.303493098222529,-0.219755659098572,0.916394862169073,0.171757660953004,0.0449531797231534,-0.116134411345255,0.0309095272769186,0.172471613307474,0.620340297743024,0.308545183979826,-0.541683557547984,0.271534026153029,0.0489096979260513,0.203672702454158,0.36621327056524,0.0344118836865956,-0.200225833097365,-0.0196711249408361,0.222392266571819,-0.0652776446655728,0.415419928822449,0.0155602180875849,-0.202463454268944,-0.263762124452227,0.0667726109411053,0.166603814026251,0.0940894667886853,-0.142591474227422,-0.147038103103074,-0.429391544833824,-0.278689774914934,-0.686418234097593,-0.232588095021169,-0.195911200302167,-0.161688346023283,-1.06866784006295,-0.685600102968748,0.215851743710147,0.362883978048944,-0.427112899822668,-0.612726607995291,-0.31781013443409,-0.338649505853563,0.159629779527523,-0.103971765134646,0.293693621205972,-0.177085677878297,-0.0503454592814024,-0.279980906305499,0.178386262800418,0.425584168433518,-0.130276643305534,0.32567678227889,0.314298000679834,0.385773498128435,0.546870747713433,0.344273453163683,0.279039114712957,0.646249733925158,0.599717723902387,0.168234420810083,0.113705424567739,0.432696594979857,0.680448726435887,0.198286834378862,0.54458934122134,0.445267568878586,0.0941903492585451,0.234581562647082,0.443796374517876,0.125437050193288,0.698306976385652,0.66754674613708,0.0841341992017391,1,0.374084079207025,0.16542562498765,0.142893261765798,0.26007913879252
0.224761754556981,-0.308195343986857,-0.276076815174948,0.0421955985383995,0.223316688496135,0.326589142551912,0.0482061091673031,-0.415240511267299,-0.174557686914818,0.497900274758394,0.224825442336451,0.377957826719831,0.475352942135946,0.228272674285578,0.0287387098430929,-0.363690565828401,0.173849004375175,-0.330168040596037,-0.062718380031286,-0.505957435431677,-0.248221240229974,-0.0209954752651514,-0.138419493829898,-0.189526133202941,0.24979064060819,0.492684024880115,-0.408718891400221,-0.271570164164897,0.305410932857322,-0.125132799152868,-0.10001583845456,-0.673910475795965,-0.529973963825777,-0.441993041122225,-0.397694048990647,0.111572163116039,-0.179759103849871,-0.49540206543094,-0.234011116208921,-0.131668895729681,-0.340832973402021,-0.0722846316073871,-0.346001611733564,0.0866080049823244,0.148938873885754,-0.00163330401581374,-0.0683297634996021,0.178651447529842,-0.0204749744264079,0.104884254198948,-0.0633996172568098,-0.200005644995725,0.152216696142345,0.324711624474495,0.456798277976913,0.214356612016638,-0.117939408816366,-0.188992175093609,0.662376781598296,0.428888032360232,0.728858630718095,0.173350868293691,0.553189313706854,0.431217229646264,0.309570796570933,0.447779565049388,0.174627533948747,-0.094755677786649,0.144027177024714,0.238900570762586,-0.0831746790240601,0.406492380686068,-0.0838899990387863,-0.14529749466774,0.798771035282172,0.683680089454163,0.765167342916866,0.653385094744108,-0.531064867321186,-0.455172195839206,0.365717741729768,0.172142842556827,0.0526380612890946,0.0435773820486816,0.287282487585174,-0.146665870038946,0.0406599037972495,0.940553877309539,0.448366603080673,0.0315034233794386,0.193466147738145,0.0551459738370648,0.4177593766079,-0.32357477070148,-0.278346245260294,0.374084079207025,1,0.538377728557616,0.277598137534079,0.416874212994006
-0.022058798429922,-0.0898897181767559,-0.261158619366645,0.766780561717409,0.160781423662336,-0.314146691512632,-0.173729804157575,-0.232561136692931,-0.0207390403346078,-0.281223480469156,0.310106417184019,-0.0109482096082983,0.313826556460252,-0.191752100044165,0.0139643209682924,-0.388311004531989,-0.287863181627765,-0.889183869689887,-0.457136142734434,-0.817129777081211,-0.0822521379899401,-0.132924013751404,-0.723277846928283,0.487565418685332,-0.183568977508136,0.0172385795038497,-0.531394769113846,-0.0133533055122672,-0.124065536301223,0.817742610036933,0.372470314310337,0.050131930018204,0.359026589596701,-0.576500422241812,-0.264724446297394,-0.207615805853219,-0.237690164306727,0.123387070453008,0.286785755318893,0.115643418060059,-0.293773102852172,0.541313742901326,-0.0919738552507604,0.258047875698992,-0.673672755195294,0.137841900699409,-0.0929914109343651,-0.229747413079515,-0.252899775916443,0.0132203668155814,-0.234694616140636,0.221495868063943,-0.165635963905675,0.43229531363846,-0.00412008989724716,0.150434212462456,-0.287804633722879,-0.0872888101264895,0.153258848443853,0.484097063526724,-0.170046613499195,-0.317628338253612,0.304501472073243,0.19996522717802,0.0903346747999587,0.310064218075644,0.0169266428932832,-0.166278195799754,-0.132664263082147,-0.667399598516663,-0.315659484410932,0.481810983465774,-0.342131834571697,0.493248110996932,0.017845923797469,0.30838701038331,-0.106305260253557,0.175170653797133,0.644222765340739,1.02977456096984,0.18976413877354,-0.0258834300164927,-0.0927113924025128,0.336481186460015,0.260095419956832,0.567756285031969,0.0888186925242185,0.127621670664749,-0.156679089780571,0.300871747948027,0.603657617418733,0.737246621917742,0.993423160666458,1.00712625120267,0.241477787485258,0.16542562498765,0.538377728557616,1,0.12985461729032,0.418081886701134
-0.123768029027033,-0.459941208596017,-0.550212093536806,0.294065774044425,-0.247589839726836,-0.449999018770075,-0.364738579209273,-0.614026540071587,-0.218455238158058,-0.223561837257844,0.247276929542102,0.0680071979692617,-0.130707441026953,-0.0729818811859914,-0.228137299135869,-0.348221152033423,0.0884585057621063,-0.392039999911167,-0.042131157259916,-0.172954352301237,0.431623032995217,0.0116249403400537,-0.310454662023047,0.567686711108792,-0.092288840932922,-0.150046985459125,0.0441879677714136,0.0740439027402064,0.276552839142068,0.580887004290601,0.40880820494189,0.0415514792187588,0.334524586102395,-0.217161027504346,-0.0542454005824889,0.39882974684072,0.0968045419844685,0.185382427668361,-0.0405996987082084,0.221920710720628,0.0842877260775124,0.313643722359783,-0.0373671181277096,0.0411579199382809,-0.149976876184897,0.13000954315616,-0.00768841373064409,0.191951318644205,0.130078156660973,0.200200779782454,-0.388178252067421,-0.306726509998835,-0.506846304395589,-0.0353531919942753,-0.435309562838013,-0.108643457148053,-0.960915119397965,-0.501614045478383,0.0697589784707024,0.522572858343859,-0.361344337281682,-0.344823811929936,-0.0531510477549805,-0.173571105100089,0.303927253822477,0.0986014592723681,0.174142155543105,-0.286641725760023,-0.31099678943785,-0.450031429085021,0.279555542913777,-0.0959098778328851,-0.156322227452472,0.128178310420383,-0.0674810078351685,0.0185209310053769,0.110705326406569,-0.0229749938939748,0.16357181010858,0.663862147505201,0.22798822759363,0.138254205074903,-0.00207792803148274,-0.0388943218005837,0.370994379697085,0.0217064191566659,0.450394583859943,-0.17348083821784,0.0218708051854927,0.173065138394422,0.315142496520285,0.22196351034336,0.397694642099141,0.456460111679377,0.0759681501256279,0.142893261765798,0.277598137534079,0.12985461729032,1,0.159640048068663
-0.124904513122109,-0.594038722648548,-0.576930004505379,0.333236815271,-0.361400686553727,-0.407487507073005,-0.421477237978645,-0.680245559269096,-0.298681841754384,-0.859807610561116,-0.0575697106296922,-0.438875562634134,-0.26492773909896,-0.511560560463098,-0.103956574663859,-0.190306536604909,-0.161318073195237,-0.634530651975675,-0.416771430390401,-0.149459881008106,0.101774949155991,-0.150435407146937,-0.480035804988574,0.574825689715179,-0.516852230517416,-0.198157065922168,0.158611755273049,0.699125939221845,0.132192390954055,0.79085565310313,0.176993634349203,-0.261419189247316,0.319515810869758,-0.336921716542083,0.113418944697431,0.0143447359817901,-0.170143882474293,0.121531400065634,-0.00547893006178034,0.299419352381973,0.084958625085516,0.647998638379739,0.0227568596838795,0.250851594096637,-0.305233525668058,0.328777955839335,0.095540188956203,0.329700347539387,0.0887351887096479,0.169694501563529,-0.0900126171150699,-0.101995030432163,-0.51948241979278,-0.118521694859907,-0.424729172997337,-0.0975132048356843,-0.77249189948302,-0.563295297942698,-0.365627268886418,-0.0263294927039794,-0.599556941215983,-0.35667425592959,0.00928087268103578,-0.0615619088655818,-0.0845828825515035,0.360459192469971,0.187367813989911,-0.371681809626649,-0.410068584538711,-0.694419475205205,-0.156936295825827,0.0681575726075275,-0.186725760831391,0.259287959273187,-0.257903970006163,-0.0559309205097087,-0.300372714601957,0.0458464967865236,0.640383287737881,0.98315897749519,0.116264763781213,0.143111245053981,-0.214076063102269,0.214309624361789,0.370366630711059,0.306912477014905,0.152480666826821,-0.0239545093460616,-0.0616574603796496,0.256758773363431,0.354799214733886,0.296408132024993,0.270389294249585,0.867547554121264,0.207638678690873,0.26007913879252,0.416874212994006,0.418081886701134,0.159640048068663,1
