1,-0.413577807256686,-0.0231143035632531,0.088903058816132,-0.360231055572855,-0.275289117190192,-0.179875245505893,-0.377256869839553,-0.289047131274711,0.0540502051429066,-0.119603563002386,0.0149191707260501,-0.350544490178526,-0.292623537822847,-0.0689820392539745,-0.21829272251625,-0.0652477997455601,-0.397739603713984,-0.244535856851588,0.119966713123804,0.00392365245255294,-0.204502594204312,-0.0845294642166823,0.119376705171958,0.0782424829432732,0.161657910764916,0.490602038948089,0.723677481682188,0.178860819976273,0.755431229200934,0.383256647826795,0.0859075529140285,0.166556060507885,-0.108458048700649,0.128070950412078,0.225181536679885,0.22757208075661,0.0653856044961315,-0.0186177997518964,-0.0156407820364229,0.0726340114938618,0.223371991779209,0.259725477860553,0.204434182890112,0.495165594216993,0.352555016525106,0.294977503146853,0.0328963239964052,-0.00934920026211083,0.0367535626609126,-0.142394144173389,-0.316215006477167,-0.143053674769803,-0.178435107178107,-0.240190760314214,-0.197213821709899,-0.476096354979713,-0.320437869400477,0.0904956101127082,-0.0164360199782121,0.0970173489621511,-0.136034024451584,-0.0367209602402798,-0.0358446175972339,0.0309952730056108,-0.0478710061541296,-0.0833779970913854,0.0592217019451304,-0.270966541440899,-0.533715380780896,0.0700682587465704,-0.0642549967728686,-0.154311958332657,-0.101547120631171,0.0630727859591922,0.193302512611045,0.178735481776461,0.17907016595139,0.0842604219186041,0.107177648773488,-0.199385028200224,-0.133700704996488,0.0718377245257903,-0.0382587365919959,0.265134034697226,-0.194522376857809,0.298117387161815,0.281415929670593,-0.14834219058066,0.127659757181026,0.209324688028476,0.0859132174506522,0.0803078654313084,0.44849222739314,0.215393374008071,0.100065355289038,0.126791459332514,-0.0506674300927227,0.12580468960363,-0.00643843795282306
-0.413577807256686,1,-0.194644675061287,-0.490661110791436,0.272520925175595,-0.223742156945162,0.202925160077603,0.00717810430995125,-0.082996588168774,-0.378694008841231,-0.335291278097495,-0.0858814840748606,-0.800237592196035,-0.113801913914909,-0.611061262041305,0.615443781668869,0.309221778968241,0.360191530880276,0.297171167427288,-0.157008463083372,0.152064264121818,0.572926262481772,-0.236313205273339,0.30343700133851,0.123483821310626,0.048471691889936,-0.325815467746936,-0.173681939336071,-0.147032377811869,-0.270323796713614,0.0867182427562577,-0.368007246117653,0.336991496376218,0.498719963000041,0.0208390559066577,-0.348274345715154,0.324719663879904,-0.0882415411828176,0.114517452959447,0.327169591271031,0.0195973606050251,0.456083079187968,0.0451714590586734,-0.201658325180249,0.0655676055467784,0.291331115773568,0.110487287224291,-0.209612422224381,-0.183818629680443,-0.256051918831548,-0.288847493324402,0.0396353265695818,0.0502295244189668,0.20527012868845,0.0444134928951278,-0.222079433086143,0.181831745245121,0.0492933421565519,-0.429904512065662,-0.505941175496926,-0.388651688120595,-0.635387324308463,-0.534147996310526,-0.570069607495083,-0.0310384494423751,-0.483923896650715,0.100337140027263,-0.0144618086731704,0.333010819794461,0.345806967131851,-0.215147026053045,0.491992121339734,0.117519486005557,0.0339758497015742,0.135826467395172,-0.00238411245868268,-0.12239211554566,-0.061809128797524,0.154526373645748,0.0693132495982012,0.25155893891067,0.29263174770207,0.0554195540270541,0.104540659016667,-0.0962234166138181,0.297162520987552,0.415741443594775,0.0593731333858794,-0.115583326733065,0.111301070054697,-0.0728943317281426,-0.236969132489617,0.0980924664971496,0.27106322587954,0.293211251034465,-0.118961925749223,0.387254561426225,-0.226175284312737,-0.140799431352428,-0.430816824927357
-0.0231143035632531,-0.194644675061287,1,-0.188816937980608,-0.0806995436494711,0.389934335202095,0.113210393514536,-0.0924773790656067,0.202228775453206,-0.0125769039649711,-0.0304750849481359,-0.0163931033896511,-0.260505542216606,-0.0611959662168163,-0.4324949179586,-0.372029439784398,0.253574743669764,0.267008345705681,0.137527386369981,0.420912029941965,0.565897850821474,0.102105227836372,0.281242627435186,0.203831525435285,0.0686063992629402,-0.148471711110028,-0.032146944488559,-0.0433237420240133,0.243445556039384,-0.013206957387428,-0.25761948047028,0.241520205780086,-0.295061618535176,-0.288152230741711,-0.223152195496584,0.523467326476853,-0.201709317997353,0.220389438483174,-0.0566488540273711,-0.140121275261962,-0.218297777798457,0.127674041951433,-0.131743064054555,-0.0755877706861051,-0.0143101066727973,0.206128839439242,-0.0961633059507101,-0.0946864434150145,-0.0234004439894207,-0.0522565830254431,0.131438800980643,-0.177014815074813,-0.677850291355907,0.0600664536405958,0.366363621814426,0.393941876428455,-0.389447144645561,0.0484538411887468,-0.0883898570618231,0.165816605894881,-0.00406751444505916,-0.0202042079193407,0.0428471127795579,0.306281187790833,0.498030328430559,-0.0680258886831726,-0.0712834323324641,0.149443822718386,-0.156825795193216,0.0695966229942586,0.562225048125487,-0.177327592559449,0.187916598521168,-0.17311921844895,0.0686415195796962,-0.122775126391104,0.426349147440402,-0.185310026394106,-0.502503638092008,0.0472283985792325,-0.186744258433155,-0.23703732578366,-0.175650600421149,-0.208261489650395,0.00803947258953522,-0.304677756859469,-0.329930270213093,-0.10586410181954,0.061518555374295,-0.44363831661754,-0.154884437927169,0.0990848856918881,-0.526859656075558,-0.0880073804151609,-0.0627938429438693,-0.0610265681727969,0.00855729062854063,-0.0431185445886246,-0.113894636698936,-0.157895256702992
0.088903058816132,-0.490661110791436,-0.188816937980608,1,-0.752217118368537,-0.326478887832392,-0.0268131673054384,-0.597937179271223,-0.524008633396537,-0.00877496152825949,0.00487300527040933,0.207688784155619,-0.194260904898775,-0.481215811765294,-0.162794357119112,-0.217298121994282,0.340961988454646,0.010775595761752,0.00414975759337979,0.28088447866667,0.570015481798304,-0.0224511345600825,0.0766384685791118,0.3880928586053,0.0849111588966075,-0.285778272587035,0.0616846183641893,-0.233810853686791,0.447679474484189,-0.449050439934353,0.497397517146681,0.0360701430247876,0.132549578152752,-0.0630762606256206,-0.0293412228958341,0.286660797112824,-0.0867896788096402,-0.22647090975785,0.373468098993227,0.0591330581443708,-0.299059182982304,0.336750706535892,0.00910495548174326,0.0654564043530676,0.0134198466545893,-0.0154751064883206,-0.338898228126634,-0.048488274697542,-0.12406602057787,-0.273040746421983,0.159358379282444,-0.698461481791378,-0.734317016311422,-0.582632950847863,-0.30432167148842,-0.4711736065426,-0.737110719250189,-0.693088181417711,0.00740986519271991,-0.0893533251092799,-0.129883626633388,-0.0484644579397647,-0.121758350508771,0.248673685396462,0.300305267519223,0.21485719712173,0.258826150262395,0.233479188898455,-0.16729520991376,-0.36629077983337,0.462093925744081,0.217432763526092,0.166978499762673,0.410724586042206,0.336493328133578,-0.0717666528571574,0.281864165820929,-0.228504093842554,0.313999678054806,0.668908297198427,-0.0228751581466293,-0.175135470416687,0.250549838664988,0.168666050527013,0.253633669728027,-0.0954858367549032,-0.0279312531654252,0.1654957512821,-0.0682978877467831,0.0315117954467212,0.360773634322735,0.340642389901736,0.299089308247329,0.25317150116919,0.37035115169376,0.0542136732556035,-0.0503254338041039,0.000330331285208735,0.0760988328505994,-0.0984203987795938
-0.360231055572855,0.272520925175595,-0.0806995436494711,-0.752217118368537,1,-0.419438643114278,0.213020316721837,0.306508729522745,-0.0835670682262361,-0.951480298130256,-0.539785488062092,-0.816719496950646,-1.04104510812788,-0.304557437675801,-0.71037418174416,0.730350038896482,-0.216832976405632,0.210722863446052,-0.1703575143771,-0.113518306761506,-0.21069033772746,0.223780501425759,-0.364000367995968,0.151657229165698,-0.367912862972744,-0.441916576751524,-0.0882912264581081,-0.285390436727161,-0.338012559820985,-0.0341654201171819,-0.0227393233840531,-0.447988104780252,0.56363887198462,0.540116188850892,0.0636845878686542,-0.242851690910385,0.0365787742223439,0.301314064439576,0.3001247396315,0.348727659316393,0.613839845405279,0.700822475783378,0.3283379850749,-0.278531921947644,0.248739885887327,0.730211903263459,0.560255169960142,-0.0800837493756718,-0.290730498350184,-0.238008929766652,-0.268908297286356,0.211624413560466,0.0392457720930005,0.271009103861166,-0.317819326161305,-0.241496485631996,0.357720354204954,0.0439739325334653,-0.957659376422433,-0.594252185539109,-1.01280502952076,-0.804684718200027,-1.03812713273194,-0.983036468897642,-0.616399349824984,-0.71160243066681,0.0662766442641207,-0.498598486245107,0.135885371015997,0.0729792098687956,-0.449201853653605,-0.0248164570522032,-0.347314362811551,0.149051046029625,-0.523477207003193,-0.566451625627762,-0.249160856724096,-0.448938332668415,0.389997423061212,0.0935083703337617,0.0581223067188568,0.398275663318701,0.435793393019345,0.0320086333372276,-0.0899011412328923,0.640421005622652,-0.0203146607051204,-0.0751373974583757,-0.311296451471544,0.814020749614872,0.36932328105487,-0.122882452693181,0.0466523836855755,0.522314391120687,0.32453050016408,-0.0802904253842395,1.06953499339858,-0.0875304075127557,-0.162336492304565,-0.385651615912792
-0.275289117190192,-0.223742156945162,0.389934335202095,-0.326478887832392,-0.419438643114278,1,0.184452490822909,0.160838862606815,0.141624123818903,-0.277471342233984,-0.29092640294378,-0.10781482122452,-0.559343938033938,-0.481971194122263,-0.675216315553323,-0.300180840128625,0.0955460004586623,0.462146015673663,-0.132923438017996,0.484049541675926,0.108775302347854,-0.0519601789334266,0.0264879665277903,0.551992069449329,0.164386519902517,-0.193340739492957,-0.138244880359102,0.0498408470020438,0.131234459541137,-0.104541719837921,-0.0238535423067817,0.193916030825233,0.132247818465761,-0.0175428559186568,0.277985042158903,0.204545689292718,-0.00529550671867422,0.102647519617592,0.160259631487653,0.199992473369493,-0.0482796972158462,0.424625981616454,0.226993432071515,-0.318894860053754,0.0534438288020331,0.249606675898581,0.165802979243811,-0.0894850078675568,-0.160382589052295,-0.0577184954337409,0.11812739498409,0.0401366447953201,-0.722225082113277,-0.0305649689359768,0.136191661955494,0.0475663024567381,-0.147136614635264,0.181374411723766,-0.216620485538285,-0.143141085184961,-0.218803583602612,-0.103930292423594,-0.444618735020095,-0.313706430486321,-0.0616416670028552,-0.454226718923861,0.00267268845997767,-0.215574627928786,-0.316855663981399,-0.372655170824871,0.137644252133587,-0.0548070659811667,-0.229859851297848,0.356760566124705,0.0248262487461221,-0.0406006033502296,0.403879825942851,-0.172851942600465,0.106108271719407,0.515040908898404,-0.118791593727975,-0.257324644259136,0.191229410749409,0.122869656702928,0.336305100405485,0.182290809683873,-0.187155319340737,0.091373786120915,0.0801986232512295,0.27497125194512,0.294823700678194,0.179742651167438,-0.0537297890994081,0.474680954320761,0.57443170392266,-0.2699640250801,0.416521811683531,-0.216314256713138,-0.26412761132297,-0.130838760459122
-0.179875245505893,0.202925160077603,0.113210393514536,-0.0268131673054384,0.213020316721837,0.184452490822909,1,0.0066795155072441,0.176344725481188,0.381744235336259,0.419333735190469,0.785240378398952,0.185568742144358,-0.0460827652022299,-0.394697688582431,-0.224964799813244,0.693600032020622,0.188064286168307,0.403988382228562,0.134223093548148,0.845004505817194,0.356294965946351,0.0396781555114083,0.645987368594612,0.450728328841003,0.404436622092887,-0.0979785775743032,0.0236698326705691,0.347737760410997,-0.260341303483622,0.315038764948864,0.0682264801031983,0.0230944026446672,-0.0637933669917603,-0.138580828143616,-0.0526460514786465,0.383322766897272,0.112157741237552,-0.0198661361804149,0.230310076203654,-0.56366930086422,0.0381384305826194,-0.0939764676004563,0.0431695621776026,-0.025004046422487,-0.117437105253362,-0.528393506554845,-0.549926277618937,0.182167294380395,0.073099000369731,-0.260562329174724,-0.0173485159352065,-0.253695594078877,0.0394772142316666,0.228415885885776,-0.192688932295765,-0.0842447287368833,0.116235020250372,0.158554072404484,0.207686696166608,0.438773610459014,0.0760473259787659,0.1752137810953,0.185285195740432,0.40709106083261,-0.074691707843666,-0.221465364587413,0.726270974210402,-0.0173660289248221,0.124265858197792,0.497920978565886,0.424426227699623,0.476616912228695,0.131982558568336,0.627921146928643,0.629704462169907,0.394150315219817,0.443916443096825,-0.380063862295941,0.105301421225566,0.26042896984152,-0.245352179946013,-0.451990658899857,-0.308322913203123,0.236941651822105,-0.631587951813985,0.402076155829969,-0.0529379127842342,-0.119822994734404,-0.450732387175348,-0.519450091503766,0.13900597556778,-0.106313406811719,0.0304759049641103,0.262738114834328,-0.129400456121513,-0.409857255944139,-0.671488881450231,-0.03630230544681,-0.0957881243068461
-0.377256869839553,0.00717810430995125,-0.0924773790656067,-0.597937179271223,0.306508729522745,0.160838862606815,0.0066795155072441,1,0.0951780563877146,-0.210296452315339,0.00822248000365813,0.155016975242185,-0.496684848491003,-0.0315319820113602,-0.530165633827452,0.0799628855278965,0.45433360236372,0.365407229427748,0.425674317563205,-0.113364588557573,0.514927400524324,0.591004024976361,-0.109012573442799,0.183703692173028,0.133846217526196,-0.00235018149889336,-0.170244227911153,-0.153890626946324,-0.0188023996953538,-0.327711673402117,-0.177166246699324,-0.20574041706114,-0.0325888734529005,0.25288165105367,-0.225308168719311,-0.00420223894302996,0.205151366213895,0.0394552296621598,-0.00979701503184922,0.0605221567874323,-0.260476535260321,0.0933392287806138,-0.208534390410243,-0.187025771915767,0.22364110984813,0.148081478757607,-0.14727938384864,-0.458997721946664,-0.0325180759081758,-0.211891486632325,-0.137532843176196,-0.00657076701272841,-0.121996892660597,0.188190829899837,0.280950520040943,0.118209800140525,-0.0477842537705739,0.101587189252342,-0.443841214354489,-0.115117750664383,-0.0660682245439435,-0.328773333904552,-0.205189155411583,-0.0144299093563653,0.447354677305379,-0.45135926087811,-0.0763614597836503,0.505217846953772,0.436017652652338,0.504294934700215,0.222206233882422,0.384621395076573,0.373607213810397,-0.159990125573435,0.339278455778188,0.137196921405691,0.10946428371314,-0.0541472773894675,-0.260551794243907,-0.17317936190731,0.324095276899155,0.314395182472772,0.0263452147114059,0.0278247519111955,0.00665955419497144,-0.0515869371719107,0.322809281048019,0.00489066515263614,-0.0765688574931244,-0.130988671072542,-0.145373716420907,-0.136894543895181,-0.349827480794822,-0.0497022992041659,-0.00926256906359407,-0.130223078020987,0.162282929771504,-0.263130886208035,-0.0954765821479723,-0.27029402768509
-0.289047131274711,-0.082996588168774,0.202228775453206,-0.524008633396537,-0.0835670682262361,0.141624123818903,0.176344725481188,0.0951780563877146,1,-0.251273115533357,-0.094463167560703,0.00529406445258326,-0.337775683667538,-0.0636331371422738,-0.474647395117249,-0.0764532078010027,0.284572433652213,0.413853805099586,0.236723423467204,0.232560716361234,0.512940847001977,0.219248197860231,0.038948013652883,0.321717738238282,0.172405887938003,-0.0195453944581096,-0.141743268877329,-0.259793627612826,0.0986476512800708,-0.344146393851594,-0.289585015469389,0.158828763881717,-0.187324645910553,-0.168427721526813,-0.244930463184776,0.119666750716102,-0.206701514867592,0.180909691648451,-0.00842011248808766,0.194797496348674,-0.269697392023014,0.0893648222975386,-0.303547918721889,-0.113834287108439,-0.0302981853984605,0.1325335078973,-0.151626765572407,-0.26891422238722,-0.188258653447882,-0.0638668740268607,0.00535441603297254,-0.0215933752266485,-0.456683398862335,0.124937040673901,0.276055887098126,0.199649411432824,-0.143149460495341,0.107134657838342,-0.334316167879592,-0.169968759559917,-0.0928191839696423,0.083551892110555,-0.181143596516365,0.0393141496392988,0.387739740156234,-0.229921724363246,0.0108837681016568,0.260720864389957,-0.04769695524919,0.142720126781447,0.426711445498587,0.227173703702515,0.287735454227695,0.21949816701669,0.199123970210659,-0.0234238081735457,0.218401362221193,-0.0773692790445925,-0.182038143631625,0.220572708038879,0.0753892063093902,-0.0389690767472817,-0.128206840683634,-0.126415244668354,0.276632934055355,-0.0242420036021158,-0.116876747939947,-0.256833171392758,0.0497004874235858,0.0653363781521487,0.119537905918858,0.124879315684783,-0.237164724900385,-0.107389933750351,0.233036724685905,-0.0960914622798414,0.329979254745348,-0.0571547228607717,-0.222190511953543,-0.039210145792736
0.0540502051429066,-0.378694008841231,-0.0125769039649711,-0.00877496152825949,-0.951480298130256,-0.277471342233984,0.381744235336259,-0.210296452315339,-0.251273115533357,1,0.321493512724184,0.187465603542914,0.168765287942519,-0.599569872398922,0.0717441808739714,-0.200053480071804,0.529065438758243,0.158070233539843,-0.103084589917922,0.73186588076684,0.53889537233213,-0.19502587462142,0.119017010398093,0.740766207740748,-0.0407657559532452,-0.0605410062783445,0.668092535867878,0.489200996043114,0.328430365341321,0.0646122818587216,0.351847804286972,0.0808962742839934,0.176942314346676,-0.258255277462848,0.37585056651946,0.0543671100694932,-0.0100600035051402,0.149381424840684,0.0697434782338291,0.154750239413108,0.119236052683563,-0.0852706443676171,0.0114995685843458,0.328860486655538,0.326154986953889,0.156969563650016,-0.0655033480984464,0.369551586543698,0.165404413638943,0.305346015197345,0.0299650604649879,-0.386342345556302,-0.609064546659596,-0.721601309815143,-0.71275247958905,-0.332102765281508,-0.411035648579118,-0.187613687943279,0.0379896905140908,0.0981173093879956,0.123236449115817,0.308751414392216,0.06570579384958,0.348118217503347,0.196510005007018,0.223854520855228,0.201470166680439,0.382253896794629,-0.664355027233897,-0.573754377443496,0.449310020656271,-0.0271459064836,0.381459859636046,0.273791188949798,0.338707914280553,0.130877494670376,0.0491880570521727,0.154650663585746,-0.0125590246349832,0.131538852848333,-0.129771205676891,-0.488913010235588,-0.229650796823922,-0.202083805965362,0.389977428612297,-0.520411975617986,-0.127415321808092,-0.253765278920941,-0.114167613580554,0.150810571545199,-0.311480110678556,0.150083570368522,-0.0917350390305537,-0.125757279523824,0.293428802340716,0.0474983828781202,-0.190698158903198,-0.0354503692472224,0.0437491562739885,-0.083709632251611
-0.119603563002386,-0.335291278097495,-0.0304750849481359,0.00487300527040933,-0.539785488062092,-0.29092640294378,0.419333735190469,0.00822248000365813,-0.094463167560703,0.321493512724184,1,0.335072742418813,0.343654073124631,-0.651814743469451,0.172162454594661,-0.0234825397672577,0.50385261550225,0.233383494961228,-0.223351739553441,0.483935049615648,0.369469662803143,0.0208638278391393,-0.114743555346761,0.608531843165326,0.281401666257755,0.217312107020136,0.321366681512935,0.247611344836628,0.465410106526386,-0.167626487106457,0.409836086669963,-0.0681114071846289,0.342203497200551,0.0250691219572154,0.115024433200201,-0.522456953965939,0.168086866624669,-0.0211680427263898,-0.0178822565019668,0.143557372700181,-0.153131255937771,-0.223047644756329,-0.108939486017701,0.0247164210846007,0.150479576616834,-0.334088755741203,-0.131804308334615,0.0130414166670919,-0.332435651403776,0.00369534106966769,0.0822753389425929,-0.377375940134672,-0.122805427724131,-0.348130161925591,-0.399300159257041,-0.346661785589057,-0.108820615633041,0.124667651464257,0.340108604226391,-0.00818866300865495,0.22734941044853,0.157547579362396,0.0978758229084836,-0.0206105693679595,0.197012185341804,0.185098416779831,0.0765784709985612,0.272805660261832,-0.268503957874458,-0.0864383484601607,0.257324177166999,0.170469673563429,0.423258900836937,0.366803901887255,0.454663175684448,0.371600057960784,0.341023426314809,0.262902774615544,-0.103705087983525,-0.000483457395142967,0.277427287780919,-0.166606213463978,-0.216141215144044,-0.11223076021075,0.384054348044163,-0.34328048862335,0.0576437488783398,-0.26622677637242,0.17875611765028,0.0730085868695753,-0.380717528065219,0.00111894945348927,-0.0991012698163401,-0.565810938644711,0.15552010044983,-0.260618167936291,-0.269694441659157,-0.0250455507357805,-0.196646036314441,0.0305703893621104
0.0149191707260501,-0.0858814840748606,-0.0163931033896511,0.207688784155619,-0.816719496950646,-0.10781482122452,0.785240378398952,0.155016975242185,0.00529406445258326,0.187465603542914,0.335072742418813,1,0.360282226499512,-0.693161747821918,0.142854738654598,-0.0375153519753286,0.274015635813014,0.224859182298929,-0.321606106863607,0.666794073565748,0.276384293282832,-0.289429396133535,0.111039677710528,0.586864295193223,0.0721487111017983,-0.0516849692995786,0.194636267262478,0.103280287457094,0.336789316264239,-0.22243062709867,0.275670203894549,0.277555098276505,0.108412303258713,-0.403342337897657,0.152923890069183,0.0976910055958998,-0.138902692085925,0.290465647984234,0.208743375540566,0.2062063389147,0.0906324137460874,-0.400799282877404,-0.0690350663372567,0.235793973265054,-0.0505123787899171,-0.17920071329974,-0.049343169996927,0.180430237576127,0.08679404314511,0.383262228465497,0.157544075110966,-0.150011313278019,-0.243336404350214,-0.291619175332023,-0.471669327546526,-0.0214016421092956,-0.115901582828085,0.232773692929238,0.364013331376881,0.198264845501167,0.197921557475451,0.357151470276649,0.165704789284507,0.290959225802465,0.304151436722565,0.209075417980838,0.227697935922587,0.159591751795063,-0.781164543255578,-0.531292796735465,0.42766751157448,-0.0455244942735845,0.283286164943106,0.492741554619275,0.272653913354405,0.119737421154805,0.257351794335798,-0.025016205682292,-0.0428293292886038,0.10401883217229,-0.374848181860033,-0.548973617659891,-0.353312247890148,-0.409069254837572,0.182562395424508,-0.355762361252985,-0.19501994928818,-0.521889819635784,0.146122395106535,-0.0130330423862688,-0.484250242645352,0.295321089825399,0.13899371825997,-0.278397130560827,0.183351807868154,-0.0194735662700527,-0.347027556187912,-0.00412724049967073,0.00216899953628549,0.139510135579283
-0.350544490178526,-0.800237592196035,-0.260505542216606,-0.194260904898775,-1.04104510812788,-0.559343938033938,0.185568742144358,-0.496684848491003,-0.337775683667538,0.168765287942519,0.343654073124631,0.360282226499512,1,-0.933713246387724,-0.0299275855156679,-0.184652867965556,0.684295371584217,0.21620753387905,-0.369546605605845,0.428995398249001,0.389121340113562,0.0903247894277413,-0.161666115850385,0.809427914182091,0.420669101171179,0.338125327322837,0.443618255599047,0.2544640372844,0.12726226641268,-0.0607223558993536,-0.01895803113448,-0.291974144710594,0.26850860612524,-0.0316016042506345,0.252759276607231,-0.235822846639039,-0.242039166764761,-0.162476789565311,0.255742121965085,0.0574541854180517,-0.304715275933255,-0.105936901689016,-0.0493890547220694,-0.233522632841832,-0.134793456085943,-0.255626384811249,-0.208331136615692,-0.16516163200704,-0.612344127173044,-0.452732901671701,-0.150123312349955,-0.679767425434172,-0.424641669931323,-0.846710097514433,-0.372148303095631,-0.504901693437015,-0.673206536531846,-0.309554948675614,0.361149155517416,0.0300222231683964,0.455567245419929,0.0720586567658618,0.220601314854706,0.0518356368274648,0.373077009909454,0.154491569735326,0.180913089032717,0.467429361197593,0.00362619040466716,-0.1634632674658,0.411797492540567,0.719072328705075,0.369882966057936,0.519852191230054,0.799663924415734,0.559616525996543,0.243348533823121,0.436810788699851,-0.0237183169335063,0.297455858445468,0.558945310550155,-0.306095759869649,-0.0583895281679356,0.407937043950519,0.90069677164982,0.053267851526725,-0.137329322976104,-0.0533834199658504,0.175995717393217,0.331776915944761,0.0951166444083661,-0.0468535838000675,0.444891881465239,-0.361104233841275,0.549711070686274,-0.495998699835709,0.021066992251927,-0.126006110712514,-0.536558030518098,-0.0915714826102199
-0.292623537822847,-0.113801913914909,-0.0611959662168163,-0.481215811765294,-0.304557437675801,-0.481971194122263,-0.0460827652022299,-0.0315319820113602,-0.0636331371422738,-0.599569872398922,-0.651814743469451,-0.693161747821918,-0.933713246387724,1,-0.322593729385376,0.353592000543302,-0.109002503754708,0.459186435148107,-0.0843507694996134,0.172088011536656,-0.545512085323961,-0.054826490228919,-0.154142963956368,0.0799176924453221,-0.419067208450496,-0.553317885864629,-0.360510308410092,-0.400470839853834,-0.646326723953198,-0.384386267983407,0.140292281887124,-0.34427540261216,0.458362690102242,0.619723843683673,0.514569984675485,-0.0806088317775724,0.0556296241894917,-0.34257429246715,0.15164262530992,0.193062999461153,0.508895255245663,0.441131856668156,0.207940450553834,-0.315207868309663,0.225426429012463,0.35609887997811,0.668726498923304,0.290815300814272,-0.291061550250491,0.0487075517652181,-0.0717219465233261,0.0843911195922601,-0.244316623593661,-0.259128140821142,-0.257249311204174,-0.0989897472159362,-0.0153587572462135,0.122938584924381,-0.416835105756922,-0.723882636749207,-0.707014080980141,-0.757731337369746,-0.713700087371213,-0.422765970467355,-0.278698147740021,-0.49250300417264,0.359816134668185,-0.382803530864969,0.239275700383737,0.152897032273829,-0.497268082483977,0.136562660222141,-0.225929491231068,0.268336495144799,-0.236201596629849,-0.55758942648783,-0.424327008027675,-0.546895535945022,0.612852316109461,0.25170040945035,0.0548199029072634,0.334116647184292,0.702698404222641,0.51689357634347,-0.122740330867903,0.943291183698419,-0.11003231867431,-0.103651925865702,0.225188910474706,0.692898813661331,0.541957485477974,-0.0660369546417531,0.362227214378025,0.432216057128904,0.314017588879689,-0.0106211268123031,0.711100397541672,0.291916102967106,-0.0626155476284179,-0.175307407735154
-0.0689820392539745,-0.611061262041305,-0.4324949179586,-0.162794357119112,-0.71037418174416,-0.675216315553323,-0.394697688582431,-0.530165633827452,-0.474647395117249,0.0717441808739714,0.172162454594661,0.142854738654598,-0.0299275855156679,-0.322593729385376,1,-0.224234748915139,0.253660673142734,-0.024050819355396,-0.14212957216902,0.0443547170585259,0.371916717649011,0.0425540937567321,-0.110167067510494,0.1884963003513,0.0612221429291099,-0.238955775970771,0.248726183548648,-0.201164859598715,0.0882833298807304,-0.138401376164761,0.435046486436002,-0.190338000877867,0.20101190981914,0.262186162815358,-0.0468450246358599,-0.165460644075077,-0.0522971741527407,-0.0251423250964226,0.40799593572451,-0.104035570535544,-0.0826564126966534,0.044557005535219,0.121117350725937,-0.140887511864591,0.454581655652452,0.0610501158829653,0.186171901232315,-0.119182939426465,-0.352094369886554,-0.366467951977573,-0.0866421654084277,-0.62544164471391,-0.34706818756955,-0.744321971544242,-0.451395008067439,-0.310605817600119,-0.761249569776136,-0.369594992283144,0.026305470946831,-0.152404423844154,-0.0469699807486695,-0.164152606197142,-0.164857323528748,-0.0257197134598522,0.27719449204783,-0.162450116842576,-0.103761548374593,0.180140538301081,0.384823765296511,0.102293996471907,0.275756545775821,0.151287400222597,0.022050563911942,0.34807464772274,0.23239453055221,-0.100852807268186,0.14529002827395,-0.16245665933119,0.342283782149243,0.252430687748408,0.375324037152043,0.353285541546976,0.659788708822733,0.423236501648397,0.375530757819698,0.291510113088093,0.0793994206831312,0.107976078877289,0.201932353460516,0.508127492694487,0.452211298276155,0.194446679717986,0.135724878446414,-0.020815849446692,0.171664531954148,-0.221891578070555,0.327316352178659,0.177708490681989,-0.149232737786783,0.144319392503197
-0.21829272251625,0.615443781668869,-0.372029439784398,-0.217298121994282,0.730350038896482,-0.300180840128625,-0.224964799813244,0.0799628855278965,-0.0764532078010027,-0.200053480071804,-0.0234825397672577,-0.0375153519753286,-0.184652867965556,0.353592000543302,-0.224234748915139,1,-0.29843839492379,-0.516659746443578,0.0503999260441405,-1.1044985214615,-0.486771778886255,0.0830611903844857,-0.809894727267902,-0.332285413876013,0.0255879045061252,0.0378057562381361,-0.543823322683643,-0.339168687353049,-0.550864557166274,-0.268635196105166,0.0713337249258972,-0.309837408931724,0.202132246089882,0.326838734238999,-0.272077280136453,-0.655755515216471,0.56120555883578,0.436752635693507,0.351617116911423,0.319470726440771,0.266888608612588,0.303422818126712,0.248336196141805,-0.0356347903284893,-0.258119686589004,0.428391242266645,0.167047076591711,-0.375755389268313,0.158972348546586,-0.0509340348133092,-0.429119569727032,0.46794111725407,0.454338729284853,0.402242435721554,0.0515646322094366,-0.502495265815737,0.328726394241101,0.110833140102883,-0.239914598918344,-0.195387934006807,0.158445974669493,-0.305770662897183,-0.107131771408031,-0.477379237248574,-0.429795727577986,-0.246900708463805,-0.19010350020786,-0.150108500285021,0.572178123552236,0.0978848485868957,-0.792293917590369,0.356845580741509,-0.421524806126883,-0.10144993752878,-0.0816288768599776,0.157872556938715,-0.478112108862987,0.139116302566249,0.192583694469545,-0.20861066583127,0.427916320094441,0.714641140456113,0.239226452182324,0.401421943200421,-0.368027737949227,0.558153201234202,0.602331278112164,0.365064058884736,-0.396430857756538,0.390784139002801,0.282057990302552,-0.017678857619722,0.432552208190391,0.474753004875218,0.0634803906585377,0.156033426289033,0.429912155314073,-0.359787130226099,0.0105731619232993,-0.0961710131819063
-0.0652477997455601,0.309221778968241,0.253574743669764,0.340961988454646,-0.216832976405632,0.0955460004586623,0.693600032020622,0.45433360236372,0.284572433652213,0.529065438758243,0.50385261550225,0.274015635813014,0.684295371584217,-0.109002503754708,0.253660673142734,-0.29843839492379,1,-0.0850374394287244,-0.17328222172649,0.0826531989521096,-0.251921947466427,-0.313032421759377,-0.0614687459416464,0.285812347062249,0.194524443635998,0.287629191557549,-0.310616215136288,-0.00600130976012958,0.16570408292202,-0.206863077693888,0.133544289887283,0.312593502553962,-0.00701138703632911,-0.507674605359804,0.124892875983295,-0.119381085885045,0.044899737551125,0.257737013917848,0.18097998645574,0.306814651451573,-0.0550241146703669,-0.523737391001059,-0.0648573922071179,0.0656543729072954,-0.56988776618819,-0.442660605650773,-0.111922894126953,-0.0779043839525057,0.0818204415911047,0.298315642228994,0.0787612497338037,0.382918959795929,0.0823145314646982,0.145702626782418,-0.0497858087270798,0.190515402019667,0.393608857806838,0.445934507357701,0.573948546322543,0.398394267345411,0.579471213972222,0.467637980453842,0.347758778904904,0.237981284445624,0.0435586113952811,0.327576225033739,0.0949473664229379,-0.0692451245933809,-0.57581058534081,-0.380290236469734,-0.08642661498785,-0.12461974572455,-0.0559954783790869,0.39978449380821,0.153884615571281,0.374977092134952,0.161428347289977,0.181399409174591,-0.249588818454376,-0.0948387232116834,-0.159264128070875,-0.346437336273213,-0.463074954052626,-0.179458121882816,-0.186045728848027,-0.192468573345162,0.00505356567116186,-0.400893685358338,0.13328297075917,-0.286217441972356,-0.616334222811166,0.174924711031289,0.269534185490608,-0.194551503301464,-0.0622257711972312,-0.145986682059522,-0.488241334058598,-0.244259063505127,-0.00836491749436422,0.0783594906886911
-0.397739603713984,0.360191530880276,0.267008345705681,0.010775595761752,0.210722863446052,0.462146015673663,0.188064286168307,0.365407229427748,0.413853805099586,0.158070233539843,0.233383494961228,0.224859182298929,0.21620753387905,0.459186435148107,-0.024050819355396,-0.516659746443578,-0.0850374394287244,1,0.109684563321296,-0.182654292172782,-0.269872233422552,-0.098470694701559,-0.11177973450049,-0.0300378364364093,0.222222749989725,0.442633699641049,-0.539686656119335,0.0118895561443326,-0.136872747410366,-0.269934929303215,-0.190739924503246,0.104545476082752,-0.225905883823337,-0.340565001911049,0.145822290561014,-0.0153941373097528,0.200434523037681,0.0467818278798035,-0.082742273166525,0.115929045311024,-0.149136551770004,-0.530918697357653,-0.173848132570158,-0.15423920909467,-0.232920780303174,-0.299535003217215,0.00245997591862453,-0.361772721662127,0.124595484982405,0.187962709176553,-0.192507669519131,0.508580350218865,0.172506969134762,0.365792792281652,0.56271448569177,0.455863072421772,0.084096122065092,0.53048583698326,0.140939005214199,0.158945728038208,0.581504127383052,0.0888687548671822,0.326514464295246,0.267788375548033,0.188974990938529,0.0249856417526444,-0.129224928720776,0.157446927682019,-0.154662967237665,-0.051059928559882,-0.152296824280371,0.0277438779402969,0.0884744781112447,0.0219227723475375,0.177298506457435,0.435916409739837,0.10398100532276,0.241864069838192,-0.460082744410803,-0.46300769421954,0.101660052615965,-0.0554351993507307,-0.126298516750245,-0.0763184263444621,-0.046334192472965,0.102005474342463,0.036844593788937,-0.17409305687094,0.111463417680109,-0.305607821083134,-0.426808337408007,-0.112048048439275,0.0162197746005236,-0.113363858279028,-0.155462836669312,-0.201356307736994,-0.153907614398981,-0.224122378233501,-0.171078951074539,-0.0562647645581135
-0.244535856851588,0.297171167427288,0.137527386369981,0.00414975759337979,-0.1703575143771,-0.132923438017996,0.403988382228562,0.425674317563205,0.236723423467204,-0.103084589917922,-0.223351739553441,-0.321606106863607,-0.369546605605845,-0.0843507694996134,-0.14212957216902,0.0503999260441405,-0.17328222172649,0.109684563321296,1,0.106585553927313,-0.65301070431551,-0.138283969606935,-0.285425745640569,0.363771936899967,-0.0638082033141382,-0.14925394774018,-0.522564330185848,-0.202384718916365,-0.0906564507208242,-0.397975930010452,0.329832508910322,0.243686525849994,0.317622645976173,0.0722961376521344,0.435288209826455,-0.168651117368615,0.336647884383068,-0.0126487693551923,0.223207715213412,0.320456001737652,0.320015660274914,0.138269125125287,0.383773059371984,-0.244738326593092,-0.0367534210524189,0.0154636702627335,0.461599502919499,0.120215395892703,-0.00992316167583061,0.326332393520406,0.0969727025270511,0.478023051596909,0.117303299215328,0.225152222747618,-0.0440590556651738,0.198432786996963,0.441909127123904,0.555899023043455,0.0311541837934747,-0.308410476000246,-0.252750400369611,-0.402781163847076,-0.539321804554763,-0.463041646078344,-0.339575741594243,-0.280882311323312,0.0789601073168084,-0.649486358432361,-0.400542813152057,-0.312968216249546,-0.477859036257721,-0.142493225431268,-0.541128410542868,0.479651767036133,-0.132607599037575,-0.0552276117875722,0.0398657373147879,-0.29945979616087,0.32011462869467,0.275593616567861,-0.110905677583559,-0.0693037104878597,0.202093591886323,0.101570594054176,-0.208135254865323,0.49817778421449,0.114673352435286,-0.299419838270904,0.182448086464599,0.359123928301364,-0.0203326380827249,0.130948347846207,0.366461299559322,0.451536391787459,0.396027605960423,-0.128700009622108,0.245700205779618,-0.14316199266363,0.0104167849258866,-0.172339300860165
0.119966713123804,-0.157008463083372,0.420912029941965,0.28088447866667,-0.113518306761506,0.484049541675926,0.134223093548148,-0.113364588557573,0.232560716361234,0.73186588076684,0.483935049615648,0.666794073565748,0.428995398249001,0.172088011536656,0.0443547170585259,-1.1044985214615,0.0826531989521096,-0.182654292172782,0.106585553927313,1,0.00581860478484142,-0.492389310141137,-0.109384942094408,-0.011349903508814,0.510272623862176,0.577712141299746,-0.280753836638454,0.302918323089512,0.168038436621015,-0.125455409981948,0.0898942681800916,0.331860685892849,-0.351527665569784,-0.676765206841597,0.020725968640022,0.207567778165218,0.396413566357158,-0.122306103240126,-0.304089558119821,-0.133937392966791,-0.481822549765312,-0.391929887155535,-0.362645907716872,0.126920277711911,-0.214461654416243,-0.493477494449148,-0.309885997941212,-0.169610722640845,0.363307226254505,0.322445686056223,0.138935409735243,0.0580814290745521,-0.334175391828149,0.169330222573906,0.575668803811759,0.449402569108499,-0.304794667914634,0.239909382966509,0.810654769499693,0.597009091342098,0.953484344189578,0.401752523209118,0.540560843989702,0.606039448771959,0.406568323707114,0.217466931825102,0.0787568731977076,0.517101521887856,-0.4311186785746,-0.420847466889668,0.248593633449794,0.041924586901873,0.256782751027411,0.170157726906203,0.448535053097388,0.665316183623452,0.27118174713014,0.364360093422542,-0.280385769879767,-0.151227693995701,-0.178701149506708,-0.296981680150831,-0.268672957938537,-0.0281345587943041,0.192122403831155,-0.223393283228259,0.209425546074558,-0.0314457511611308,0.302358040062473,-0.409184556131448,-0.277259221864865,0.291564536612751,0.14979356254756,-0.0724828131354564,-0.197258591154001,0.0441867851179451,-0.527163044596878,-0.0704757605733624,0.222682563421652,0.387634701803232
0.00392365245255294,0.152064264121818,0.565897850821474,0.570015481798304,-0.21069033772746,0.108775302347854,0.845004505817194,0.514927400524324,0.512940847001977,0.53889537233213,0.369469662803143,0.276384293282832,0.389121340113562,-0.545512085323961,0.371916717649011,-0.486771778886255,-0.251921947466427,-0.269872233422552,-0.65301070431551,0.00581860478484142,1,-0.680356545163192,-0.437797799484387,0.511280966042673,0.504321572558141,0.200182032190309,-0.206950490425789,-0.133518900022729,0.369559097718562,-0.151742791978179,0.520519777264303,0.12926460722886,0.0435762156404976,-0.823310957542016,-0.33221727374287,-0.18347238525127,0.179064650682794,0.131595652405504,-0.0101912494682489,0.333157751527798,-0.426813983348785,-0.178388474929561,-0.132767208349824,0.42214588007057,-0.345137068807343,-0.192914838972932,-0.429203636690777,-0.111191439339438,-0.00114997723699428,0.288865552542743,0.421328446187975,0.269943620577816,-0.167261644333507,0.350770322394656,0.277154789527928,0.223680194257286,0.341660409304463,0.702499399017225,0.643205723898497,0.367818503294138,0.574154756037004,0.260312597977001,0.344055486700925,0.252339411982315,0.294488805526924,0.579745914708757,0.130915883189156,-0.0685389629661384,-0.868230227810517,-0.66324112086633,0.125758350913316,-0.0189467848518353,-0.0355697382497212,0.767918253801434,0.341556128804903,0.413173435995371,0.498348438605859,-0.0101844444256691,0.157328633919985,0.203054109565139,-0.254320167606231,-0.599330320580516,-0.630238127120669,-0.493803355952126,-0.065336779880192,-0.300098787274632,-0.0481408438635615,-0.456151241906189,0.112705370513344,-0.101319256585044,-0.361981008719345,0.408981914418847,0.229168687098326,-0.159603180880169,0.230234059225525,0.0414947108427903,-0.205815632439546,-0.209690248917923,0.0230978442287356,0.274786972779637
-0.204502594204312,0.572926262481772,0.102105227836372,-0.0224511345600825,0.223780501425759,-0.0519601789334266,0.356294965946351,0.591004024976361,0.219248197860231,-0.19502587462142,0.0208638278391393,-0.289429396133535,0.0903247894277413,-0.054826490228919,0.0425540937567321,0.0830611903844857,-0.313032421759377,-0.098470694701559,-0.138283969606935,-0.492389310141137,-0.680356545163192,1,-0.173196348658471,-0.207189449270594,-0.205923864202913,-0.112958894349659,-0.634731510374493,-0.371370361055762,-0.47196740449903,-0.364331354067832,-0.115195190568922,0.145125591499018,0.0759074129890232,-0.0491607867433477,-0.0325892174823341,-0.353307570632855,-0.123502603534958,0.539534584566341,0.36984024512774,0.222965053779504,0.250561969287446,-0.352067485432648,0.177985507852565,-0.290602959538756,-0.579602316405968,-0.0675157223825504,0.209017736817352,-0.401876575685991,-0.158952839279331,-0.0718757792392296,-0.044483982387734,0.59664462321599,0.474112709091109,0.392868332232123,0.123165634942614,-0.116604748411485,0.5826151229696,0.51076760733705,-0.0818257199327701,-0.149369570136852,0.0832482240579769,-0.0652610683055658,0.06749814649034,-0.174393629132094,-0.231406690888258,-0.096096180054041,-0.164511889367593,-0.322419476779978,0.0646774404601155,0.0606174958218683,-0.472963967227444,-0.115497183723782,-0.229859815055779,0.0829486898007964,-0.154212783739457,-0.0251586475015558,-0.112047156306347,-0.08222574500177,-0.0722677635520871,-0.140737685736159,0.0591807888835099,0.274366179033216,-0.087343543375301,0.0229424497346657,-0.502145190075562,0.411520233042505,-0.112028132235815,-0.199241400752841,-0.102595808968649,-0.00677663967491482,-0.276728326010445,0.00344650486701731,0.174407437058591,-0.141721254941584,-0.129738588168276,-0.19864839861645,0.0291916074327877,-0.286859858678292,-0.179877586220295,-0.269903006153235
-0.0845294642166823,-0.236313205273339,0.281242627435186,0.0766384685791118,-0.364000367995968,0.0264879665277903,0.0396781555114083,-0.109012573442799,0.038948013652883,0.119017010398093,-0.114743555346761,0.111039677710528,-0.161666115850385,-0.154142963956368,-0.110167067510494,-0.809894727267902,-0.0614687459416464,-0.11177973450049,-0.285425745640569,-0.109384942094408,-0.437797799484387,-0.173196348658471,1,0.141046705624443,0.118641760926313,-0.067865558291671,-0.556547412606333,-0.140553012400494,-0.215803276848121,-0.213252697831797,0.160340852080498,0.177735248411272,0.275177645265953,-0.157442625881871,0.407292165661105,0.104952134715128,-0.0141754709862532,-0.0961947063015453,0.298503782735987,-0.116307627098568,-0.138395758669058,-0.362722697213705,0.34048390198046,-0.3182969284218,-0.406868515401602,-0.181028546735827,0.240850065800258,-0.133913551430311,-0.280441024013862,-0.123955050097427,-0.100604239578171,-0.0557752043005521,-0.362387780529707,-0.106794407216423,0.374128558865321,0.0132532931923565,-0.36606665891659,0.167248774516966,0.291911689162025,0.0289992755781766,0.396285226011926,-0.266324054084806,0.066156549229192,0.197134580086129,0.0459994836600972,-0.0441387822207777,0.0792555027532111,-0.041650823452547,0.011332003545558,-0.232892576495493,-0.161978327777082,0.00464715976594121,-0.250635448526816,0.187782553751855,0.330146933450023,0.243847692902278,0.197238046914161,-0.00134421122792475,-0.176007175046154,0.0362095089166375,0.240045995141259,0.0546253535844667,0.117089850278355,0.412840741229548,0.079322513087885,0.499301157767621,-0.229228921173696,-0.086526379940518,0.34499129809053,-0.246131217083106,0.0501167265200019,0.0820157599656137,0.165055027463579,0.012633039147915,-0.0842145094703882,-0.350555802611891,-0.100552755052122,0.0452175454621177,-0.299514023586857,-0.0420102947706409
0.119376705171958,0.30343700133851,0.203831525435285,0.3880928586053,0.151657229165698,0.551992069449329,0.645987368594612,0.183703692173028,0.321717738238282,0.740766207740748,0.608531843165326,0.586864295193223,0.809427914182091,0.0799176924453221,0.1884963003513,-0.332285413876013,0.285812347062249,-0.0300378364364093,0.363771936899967,-0.011349903508814,0.511280966042673,-0.207189449270594,0.141046705624443,1,0.430629187369535,0.365726863289107,-0.276251289335679,-0.294415978248632,0.375256507586229,-0.539226927425423,-0.0316503260757213,0.502820662507992,-0.646716343875264,-0.758025657204787,-0.627906753686899,0.276158086496119,0.0616986713796196,0.293718482966476,-0.130672035236053,0.191078262941563,-0.570889468384748,-0.675696561192094,-0.613155383441431,0.400875583619247,-0.50714012788559,-0.612503098150548,-0.77270165571141,-0.19523133361236,0.458209873214548,0.572563151771958,0.29813854125023,0.178434920731303,0.0414289157787587,0.36776921180967,0.453246841250527,0.380427701181407,0.0478890325364358,0.387320568526096,0.710223747771761,0.479621211974916,0.772343860352626,0.638549848177332,0.644534188500513,0.719002481282052,0.616441228206701,0.411600924629853,-0.0260917256547847,0.530568261898558,-0.409520949078569,-0.0401881593480049,0.581417524812223,0.140209979358305,0.413821853582723,0.260891081896018,0.443890168978987,0.444496473574399,0.35788636608969,0.229482104394848,-0.326301468370439,-0.0155109621602156,-0.332014733646634,-0.329799823226666,-0.78247902540625,-0.585198584332961,-0.0571914398019632,-0.569447229333635,0.282855939902312,-0.514647541735726,0.26151516695079,-0.685080755124698,-0.715799324579327,0.574493596947418,0.0553854503391825,-0.617774479169239,-0.24709274330272,0.247573474533088,-0.902415847940079,-0.15403430266847,0.27185932298715,0.537139392547946
0.0782424829432732,0.123483821310626,0.0686063992629402,0.0849111588966075,-0.367912862972744,0.164386519902517,0.450728328841003,0.133846217526196,0.172405887938003,-0.0407657559532452,0.281401666257755,0.0721487111017983,0.420669101171179,-0.419067208450496,0.0612221429291099,0.0255879045061252,0.194524443635998,0.222222749989725,-0.0638082033141382,0.510272623862176,0.504321572558141,-0.205923864202913,0.118641760926313,0.430629187369535,1,0.0493529719503869,0.243233074208966,-0.0398282531311342,0.269723197826958,-0.211635114944624,0.0195319607785557,0.161170745528774,-0.0174121642530542,-0.383628909825865,-0.0581733431846615,0.168970665183431,-0.17993533079368,0.422026113308093,0.10396525047877,0.369331586375218,0.0752009697808977,-0.174799479744721,-0.185677041753081,0.35937315086492,-0.164880477998627,-0.0602686184105828,-0.236064705752501,0.132221475233483,0.206961059922595,0.50527722163966,0.0703119323356375,-0.0944448036227473,-0.179967548602876,-0.115319059631975,-0.146901709950043,0.0555395768542527,-0.100401855721896,0.202932033005086,0.0484342913574162,0.0242312002184325,0.0851836652831635,0.320545387941977,0.192715315543839,0.247329850200302,0.0750913462762738,0.261390311994594,0.0332030702179928,0.349655088952792,-0.634177855858465,-0.289991051672011,0.428208469579778,-0.0250387021187897,0.404732647671505,0.508977293637851,0.0529492651691489,0.0486726630352334,0.0899257679518611,0.121408489287349,-0.0190793457564729,0.0172322114037227,-0.310362146269466,-0.477716262934501,-0.578699180772451,-0.669529571701098,0.289696991621675,-0.359275574617169,-0.367939683114551,-0.628664797485285,0.088268416305993,0.0407648605843695,-0.48219100314577,0.262844214737195,0.00880734717513593,-0.445168553836494,0.145977459666919,0.0915905848670034,-0.223213840645183,-0.0591241600271271,0.0363961196664103,0.384234963314649
0.161657910764916,0.048471691889936,-0.148471711110028,-0.285778272587035,-0.441916576751524,-0.193340739492957,0.404436622092887,-0.00235018149889336,-0.0195453944581096,-0.0605410062783445,0.217312107020136,-0.0516849692995786,0.338125327322837,-0.553317885864629,-0.238955775970771,0.0378057562381361,0.287629191557549,0.442633699641049,-0.14925394774018,0.577712141299746,0.200182032190309,-0.112958894349659,-0.067865558291671,0.365726863289107,0.0493529719503869,1,-0.101054488789079,-0.0752431480684332,0.0117990106935759,-0.345750332150627,-0.0377512212862919,0.0446588269173153,0.196653592547481,-0.0313787443716509,0.0204921012294416,-0.115916327767195,0.00276897112961905,0.503079431999962,0.202916912139362,0.288549418774625,0.327413997030208,0.0612418219058832,-0.179255516765286,0.0318077559148652,-0.369371833199955,-0.0998627434836346,0.120648762213142,0.0588237654583803,0.101429275592101,0.485187932694193,0.06611971361023,-0.0820762655422928,-0.212813558386374,-0.235103814071623,-0.455050562249114,-0.0563702017549929,0.0371931564187652,0.183440515705726,0.16216848592716,-0.187912448864485,-0.083033233264144,0.186110355961367,-0.164339057406535,-0.27343469098255,-0.172480596464793,-0.297772403179043,0.374842369120563,0.0932730211328586,-0.343396242836783,-0.0857706040822269,0.128279003051217,0.0898263049163003,0.185613650926623,0.602069929881884,0.0247955657115612,-0.00476098201701047,0.00238048157943421,0.0663592281081322,0.0111717140612118,0.132741196328846,-0.160852385847313,-0.0664310031559036,-0.204056626870862,-0.187964172677429,0.180422098641938,0.0980045779260803,-0.124293806953953,-0.258245125873329,0.367034556804228,0.385168303429837,-0.0432312808046409,0.311962302937715,0.203142362794015,-0.102284911979755,0.067477047023696,0.0203093425921859,-0.00631915124852622,0.0908071890407011,0.17001161801867,0.3553383120481
0.490602038948089,-0.325815467746936,-0.032146944488559,0.0616846183641893,-0.0882912264581081,-0.138244880359102,-0.0979785775743032,-0.170244227911153,-0.141743268877329,0.668092535867878,0.321366681512935,0.194636267262478,0.443618255599047,-0.360510308410092,0.248726183548648,-0.543823322683643,-0.310616215136288,-0.539686656119335,-0.522564330185848,-0.280753836638454,-0.206950490425789,-0.634731510374493,-0.556547412606333,-0.276251289335679,0.243233074208966,-0.101054488789079,1,-0.179423743012502,0.126786319871755,-0.127794392569026,0.306218996751043,0.0295233809123188,0.206031777472131,-0.376893835039572,-0.512740871141454,-0.1332326353426,0.129293748542911,0.147696360610864,0.0700727477435945,-0.116369118733635,-0.161615531780887,-0.0248932145201882,-0.0950967679367745,0.395235080015518,-0.306514429395546,-0.0857952990432617,-0.317416196015143,-0.0422682424314214,0.0554172186795739,0.210967226463845,0.633159543174937,-0.21776124174156,-0.149560311836819,-0.189373988980077,-0.0985077914502006,-0.0458759475121923,0.0532312765851254,-0.118554953417441,0.718499194539932,0.391307296615766,0.58784629962732,0.395639221552753,0.46451270198916,0.0581531116050264,0.130160184468669,0.0380265646180552,0.228704371099988,-0.0194705666477241,0.214109591054191,-0.032078617172348,-0.220175092843048,-0.0662008048806638,-0.41610406962775,0.269935119959375,0.166557475845798,0.144663764912316,0.237385480793565,-0.242107925004943,0.182679089589222,0.427568358165616,0.179156934854122,0.312021987143958,-0.0920431876970498,0.192642699923788,-0.202375198774778,0.131989443742154,0.338928515189517,0.239070868842239,0.151711248213037,0.400063051649145,0.58542374151649,0.469362908209028,0.252452313642703,0.073947784706469,-0.208248824318688,0.300711580142327,0.0308505084068194,0.123713882240672,0.446594865717348,0.668404857354056
0.723677481682188,-0.173681939336071,-0.0433237420240133,-0.233810853686791,-0.285390436727161,0.0498408470020438,0.0236698326705691,-0.153890626946324,-0.259793627612826,0.489200996043114,0.247611344836628,0.103280287457094,0.2544640372844,-0.400470839853834,-0.201164859598715,-0.339168687353049,-0.00600130976012958,0.0118895561443326,-0.202384718916365,0.302918323089512,-0.133518900022729,-0.371370361055762,-0.140553012400494,-0.294415978248632,-0.0398282531311342,-0.0752431480684332,-0.179423743012502,1,0.133154286755954,-0.18215132849605,0.216669589094714,0.266338692338873,0.272699438461503,-0.171714004518755,-0.276441045121402,0.144069066438655,0.142084505625039,0.0326325227094903,-0.0666969517665002,-0.295025611970215,0.139272841749793,-0.256534614731806,-0.164807691289592,0.0080113048738614,-0.103677759668791,-0.29306915140347,0.00682507459097992,0.0228631737575033,0.27517090211719,0.355047597918519,0.441816546455169,-0.201964177703168,-0.16667765910005,-0.136926390646658,-0.354739464513852,0.22210070636592,0.0872965184415576,-0.194093266695208,0.586312995983642,0.341427217917654,0.245865526024038,0.304373667921279,-0.139182993613609,-0.131131248594091,0.0410100626476105,-0.559475240943372,0.648890200546293,0.153863841338255,0.0176845983730236,-0.00267110370545948,0.0497644862691377,-0.303556016693328,-0.204683425292395,0.196323072119899,0.131349908463684,0.0209595349961516,0.25549450398379,-0.279398389864235,-0.20673745587983,0.233312546169241,-0.161736525578015,0.358623212872287,0.232316844057623,0.127060520599677,-0.305608029719896,0.0941453533820369,0.146745728376456,0.37754342682405,0.405349441832548,0.197709753432991,0.509206749356053,0.313231854999063,-0.0199764550442963,0.38498759419065,-0.50520888592401,0.224856926494914,-0.234327610809639,0.40018868250807,0.630009816429058,0.506562705688751
0.178860819976273,-0.147032377811869,0.243445556039384,0.447679474484189,-0.338012559820985,0.131234459541137,0.347737760410997,-0.0188023996953538,0.0986476512800708,0.328430365341321,0.465410106526386,0.336789316264239,0.12726226641268,-0.646326723953198,0.0882833298807304,-0.550864557166274,0.16570408292202,-0.136872747410366,-0.0906564507208242,0.168038436621015,0.369559097718562,-0.47196740449903,-0.215803276848121,0.375256507586229,0.269723197826958,0.0117990106935759,0.126786319871755,0.133154286755954,1,-0.0840421153629555,0.205717971707529,0.351284741868857,0.0386919089082108,-0.629280278162499,-0.105169208904206,0.161168035134379,0.0340658171549822,0.0611887000887766,-0.0920217247680873,-0.0422462952441405,-0.253168620999262,-0.282139769660372,-0.135556585274811,0.3621520699679,-0.065993919879567,-0.193567578120861,-0.264592051200037,-0.0811960507709501,0.40557177308445,0.383473246453885,0.376024434203784,-0.115178447270575,-0.392516218307602,0.024643935596704,0.119226034150621,0.266396811250559,-0.123595189370449,0.15659257922528,0.52399812339019,0.364659189103522,0.437392489663196,0.175446292188302,0.204066153162771,0.415148436252587,0.458021148025932,0.143571348868286,0.163555552425903,0.490330127755655,-0.682051915009143,-0.63758805965812,0.43133853841416,0.0438848863243839,0.0297805306440561,0.499385758609071,0.468972361936072,0.399661303021537,0.223448921951197,-0.0686531889325399,0.102212590386072,0.285699855441149,-0.310337414788329,-0.513412125507313,-0.47427750062526,-0.363124888759869,0.0677406670558154,-0.370439099553593,-0.0425924548618128,-0.307306584759263,-0.0540142704373633,-0.064578161981218,-0.102369060651259,0.462427934929005,0.157923037460152,0.0739900679253239,0.13738790418884,0.1120449200938,-0.311052926555725,-0.251633052610995,0.269330371823903,0.232104762536229
0.755431229200934,-0.270323796713614,-0.013206957387428,-0.449050439934353,-0.0341654201171819,-0.104541719837921,-0.260341303483622,-0.327711673402117,-0.344146393851594,0.0646122818587216,-0.167626487106457,-0.22243062709867,-0.0607223558993536,-0.384386267983407,-0.138401376164761,-0.268635196105166,-0.206863077693888,-0.269934929303215,-0.397975930010452,-0.125455409981948,-0.151742791978179,-0.364331354067832,-0.213252697831797,-0.539226927425423,-0.211635114944624,-0.345750332150627,-0.127794392569026,-0.18215132849605,-0.0840421153629555,1,-0.0485437635035547,-0.0430821447090146,0.118213633976136,0.0276851586265883,-0.392411754457469,-0.0248910624178124,0.0964182603757565,0.364051385280525,0.0743057055556849,-0.290587633277092,0.253819649557312,0.0189964929831951,-0.177425832375168,0.244610748468394,-0.272423195220734,0.137767259992929,0.191840510267788,0.222971632279957,0.147900495019894,0.237113229438058,0.191116676838812,-0.170257647245909,-0.344919939782232,-0.065198150822164,-0.0489272791457139,-0.0139765645473564,-0.0182676247877821,-0.229292163089529,0.0477004097856849,-0.019591477073212,-0.0714787843912084,0.0622357738680215,-0.209561629546289,-0.173814090699564,-0.154640041185773,-0.258405319394809,0.388689514487337,0.0336819082130655,0.196728360518855,0.037300282729772,0.0135155263989335,-0.347999294575561,-0.285512853737968,0.0406289324531593,-0.226700591522834,-0.448207534804816,0.0140048766679468,-0.36594842729869,0.102052329555203,0.237264285568845,-0.0217162641509003,0.679634786396122,0.191257487402168,0.249162501974645,-0.351688232298358,0.339435890249919,0.0433033287268558,0.3600231625089,0.291301073097117,0.247254141616097,0.52597643088271,0.277447692608404,-0.306688088637108,-0.0151607608668274,-0.608971085487873,0.374954884773318,0.207639216016446,0.689543482297244,0.554105915686688,0.606932645078044
0.383256647826795,0.0867182427562577,-0.25761948047028,0.497397517146681,-0.0227393233840531,-0.0238535423067817,0.315038764948864,-0.177166246699324,-0.289585015469389,0.351847804286972,0.409836086669963,0.275670203894549,-0.01895803113448,0.140292281887124,0.435046486436002,0.0713337249258972,0.133544289887283,-0.190739924503246,0.329832508910322,0.0898942681800916,0.520519777264303,-0.115195190568922,0.160340852080498,-0.0316503260757213,0.0195319607785557,-0.0377512212862919,0.306218996751043,0.216669589094714,0.205717971707529,-0.0485437635035547,1,-0.0219912496258932,0.0354239752232967,-0.38553542882719,-0.398051597230335,0.397302929692045,-0.170599940815037,-0.414248901946978,-0.37545432995325,-0.150329687892753,-0.258835875683232,-0.598875345443926,-0.288404901241201,0.527566192851901,0.27235172983964,-0.123554222782291,-0.633130438256927,0.12440708432754,0.282466700750741,0.120984637766266,0.250097123257761,-0.442019909004713,0.149019607733577,-0.0824228221366261,-0.346672088699049,-0.138634225952673,-0.147157983023725,-0.37136449773594,0.422848595259614,0.313934457204054,0.361898589102493,0.0389796639343845,0.442456331411248,0.666378907337599,0.857257580046955,0.423163548723057,0.327666983642412,0.489710324351764,-0.161226992696238,-0.068272180149974,0.421676731141181,0.266327984393247,0.436511306171639,-0.129945102231935,0.525396753374541,0.257332459683718,0.136263917803211,-0.138765933511994,-0.196121773067775,-0.0075318648501348,-0.14291320735821,-0.319951914169776,-0.484500608038605,-0.55188284261151,-0.212229695049767,-0.670087948960302,0.249465599249277,-0.193548016078219,-0.215751026768012,-0.355800512368437,-0.119840951052258,-0.06379144441541,0.191265766433775,-0.199095600543812,-0.257123692077832,0.360443733754337,-0.618519979151486,0.0142167015550425,0.296497340553385,-0.080690969342331
0.0859075529140285,-0.368007246117653,0.241520205780086,0.0360701430247876,-0.447988104780252,0.193916030825233,0.0682264801031983,-0.20574041706114,0.158828763881717,0.0808962742839934,-0.0681114071846289,0.277555098276505,-0.291974144710594,-0.34427540261216,-0.190338000877867,-0.309837408931724,0.312593502553962,0.104545476082752,0.243686525849994,0.331860685892849,0.12926460722886,0.145125591499018,0.177735248411272,0.502820662507992,0.161170745528774,0.0446588269173153,0.0295233809123188,0.266338692338873,0.351284741868857,-0.0430821447090146,-0.0219912496258932,1,-0.271172334943384,-0.0609723570457628,0.298512321696633,0.610476309498017,0.104124795698245,-0.0463661922275208,0.326454647105417,0.366679870735007,-0.325826423913111,0.110395325064325,0.0776690588893326,-0.134538597562644,0.00577842549589969,-0.0522502293765911,-0.221703577775265,-0.0302101827019999,-0.0358316712972578,0.0559228499455558,0.336449894772254,-0.0746050940637486,-0.498384491368736,-0.358860488071045,0.184588674216394,-0.0850415061584955,-0.43057056043753,-0.0449143615234317,0.0378607428695724,-0.0698170320760533,0.165764417665767,-0.163791358065245,0.0411899586054354,0.218361429955506,0.310525256553881,-0.0170467050929053,-0.088267489045012,-0.0554962180240652,-0.16403319352209,-0.278568843120775,0.246342619823703,0.132456796000489,-0.0206212770365811,0.442832234452207,0.333249053844416,0.228582546129473,0.577125545763875,0.189123361106269,0.0819887437270247,0.305580052748453,-0.131808845961095,-0.23997004571082,-0.106785368076748,0.234963805750003,0.212560225894832,-0.144417207616179,0.322106239487172,0.235372107807319,0.126989005804658,-0.196815963002324,-0.228733765157643,0.210702929555415,0.360161204162058,-0.0312066402288337,0.42498210799183,-0.189639760597374,-0.382371880426622,-0.255893311072551,0.0447471141516302,0.0113045468452252
0.166556060507885,0.336991496376218,-0.295061618535176,0.132549578152752,0.56363887198462,0.132247818465761,0.0230944026446672,-0.0325888734529005,-0.187324645910553,0.176942314346676,0.342203497200551,0.108412303258713,0.26850860612524,0.458362690102242,0.20101190981914,0.202132246089882,-0.00701138703632911,-0.225905883823337,0.317622645976173,-0.351527665569784,0.0435762156404976,0.0759074129890232,0.275177645265953,-0.646716343875264,-0.0174121642530542,0.196653592547481,0.206031777472131,0.272699438461503,0.0386919089082108,0.118213633976136,0.0354239752232967,-0.271172334943384,1,0.0824200802344242,-0.208975129834565,0.0286820391015264,0.36915424525909,-0.164598217934273,-0.396218525007766,-0.358318521612772,0.175941404254528,-0.577868436392001,-0.0160599047887698,0.0708763357511377,0.202124114334727,-0.304489745896138,-0.10195037226663,0.104928977463303,0.411106264224566,0.0267558165341578,-0.256409304646475,0.0417359918364515,0.583840026806388,0.308855795225194,-0.0773123052785075,0.00626415026063049,0.201440966078227,-0.191808514489936,0.21064896542852,0.518798924928941,0.226757864618901,0.0377642833534874,0.181473469275596,0.150602589950615,-0.039938816834259,-0.0289408190238223,-0.0117960920546076,0.304242192296327,0.36220336293182,0.380838640935319,0.114801768870796,-0.177521659013439,0.32999882753908,-0.710802847899389,-0.0719552349068193,0.135104807710896,-0.169229570472127,0.176744821366193,-0.557399286210839,-0.880691883776422,0.0210541070092418,0.37470696679644,-0.143764713527864,-0.264288953131675,-0.120916618628028,-0.195717025621631,0.457315177494948,0.00298135246675078,-0.00196531120158852,-0.39828064701625,-0.536651491888624,-0.448097850323244,-0.211217346840568,-0.329733121295301,-0.875354270292976,0.0972010582156147,-0.57907074985773,0.234071233911141,0.255844906479234,0.0733108976791714
-0.108458048700649,0.498719963000041,-0.288152230741711,-0.0630762606256206,0.540116188850892,-0.0175428559186568,-0.0637933669917603,0.25288165105367,-0.168427721526813,-0.258255277462848,0.0250691219572154,-0.403342337897657,-0.0316016042506345,0.619723843683673,0.262186162815358,0.326838734238999,-0.507674605359804,-0.340565001911049,0.0722961376521344,-0.676765206841597,-0.823310957542016,-0.0491607867433477,-0.157442625881871,-0.758025657204787,-0.383628909825865,-0.0313787443716509,-0.376893835039572,-0.171714004518755,-0.629280278162499,0.0276851586265883,-0.38553542882719,-0.0609723570457628,0.0824200802344242,1,-0.0308023937597504,-0.201456945160333,-0.0729513543359705,0.162469555026888,0.0267986100018641,-0.170584230552209,0.533962161401486,-0.388356045022447,0.0905196434473951,-0.0564663372101168,-0.214401910696491,0.0638525239874734,0.401246382780765,-0.0196734992484955,0.0482819286736648,-0.0664771051806737,-0.310898121593141,0.395267961182901,0.738244030690245,0.366982864013375,-0.00791724143354061,0.0286353698518086,0.541389887415321,0.0440518201137914,-0.145326233932135,0.03446363403125,-0.0668946838572693,-0.131305437166967,0.01741205672019,-0.123985476139981,-0.313052873422158,-0.0495153638650551,-0.0397145977339255,-0.354379194945636,0.257811397400218,0.209810151571483,-0.637306560481465,-0.242787505482133,-0.254096830923934,-0.494297877296714,-0.375052653958654,-0.193084040728936,-0.565910452867445,-0.184561732843571,-0.0756701897628093,-0.561303994915043,-0.108244237901469,0.394487876790133,0.166774911250559,-0.0107413168278044,-0.577243690673048,0.414455038856051,-0.0974189950268135,-0.107099521031073,-0.272160661219228,0.0493967195183711,0.0146241232256288,-0.345533949427541,0.139443246498609,0.136302617980621,-0.508676558385955,0.141769193767762,0.147797510569223,0.0824285829963175,-0.0222265340620365,-0.249946805606776
0.128070950412078,0.0208390559066577,-0.223152195496584,-0.0293412228958341,0.0636845878686542,0.277985042158903,-0.138580828143616,-0.225308168719311,-0.244930463184776,0.37585056651946,0.115024433200201,0.152923890069183,0.252759276607231,0.514569984675485,-0.0468450246358599,-0.272077280136453,0.124892875983295,0.145822290561014,0.435288209826455,0.020725968640022,-0.33221727374287,-0.0325892174823341,0.407292165661105,-0.627906753686899,-0.0581733431846615,0.0204921012294416,-0.512740871141454,-0.276441045121402,-0.105169208904206,-0.392411754457469,-0.398051597230335,0.298512321696633,-0.208975129834565,-0.0308023937597504,1,0.408966390083883,-0.0383901463141591,-0.168316110520118,-0.0313392935565086,-0.347102351094867,0.0764282987214674,-0.831532833855516,-0.294785969174535,-0.348720495545488,-0.425691622695654,-0.661973564699227,0.0157221046344277,0.0662504785521108,0.119265635476338,0.125689538701651,-0.0376896771498098,-0.077999199199853,0.127348908277622,-0.0200127769337523,0.131856041235126,0.22655786185529,-0.215057792466331,-0.244004965050324,0.521732587762374,0.502000717071433,0.462136150387701,0.207258801771748,0.224998783486607,0.439479315199569,0.166840238128668,-0.185827629056959,0.23349294711268,0.261972437322264,0.36158772514311,0.337699587145138,0.155038642575579,-0.18880844772047,0.166554605238385,-0.33265286485781,0.13989128076057,0.0520786785514825,0.0163810438547738,-0.0305491925476943,-0.505372146090111,-0.38876366064829,-0.0881396273119789,0.336056234880369,0.190748590952412,0.277191900172271,-0.145607938779264,0.272931636446158,-0.0269760043988685,-0.0274159962592981,0.498095287929141,-0.34268912391093,-0.0465378970013748,-0.0442522240733901,0.160356966959433,-0.337844525106581,-0.690990709047088,-0.0722889274640685,-0.640136964417618,0.34712910731782,0.147181955810452,0.282965292519893
0.225181536679885,-0.348274345715154,0.523467326476853,0.286660797112824,-0.242851690910385,0.204545689292718,-0.0526460514786465,-0.00420223894302996,0.119666750716102,0.0543671100694932,-0.522456953965939,0.0976910055958998,-0.235822846639039,-0.0806088317775724,-0.165460644075077,-0.655755515216471,-0.119381085885045,-0.0153941373097528,-0.168651117368615,0.207567778165218,-0.18347238525127,-0.353307570632855,0.104952134715128,0.276158086496119,0.168970665183431,-0.115916327767195,-0.1332326353426,0.144069066438655,0.161168035134379,-0.0248910624178124,0.397302929692045,0.610476309498017,0.0286820391015264,-0.201456945160333,0.408966390083883,1,-0.00659308351650165,-0.0685378767507624,0.00337585158677247,-0.110303684687408,-0.22349104257682,0.17043432607837,0.24039194844254,0.0102432834830485,0.0851026152190233,0.134480232893323,0.100554589158951,0.132582131409298,0.0556904087018693,0.0991447875243194,0.146193660914444,0.0951429613749614,-0.538605912029851,-0.0117715746342323,0.421190099641268,0.181634596171105,-0.306377976990149,0.222242610423181,0.1758546628508,0.00714127833947112,0.165057787581204,0.0914016115239472,-0.0274972539229065,0.158940311185153,-0.0628129202466003,0.112235327033951,-0.126043183554914,-0.164451752582553,-0.369711100817281,-0.583505273069878,-0.0696178085388635,-0.195479419984521,-0.389359906326299,0.0697157254555937,0.085411838311739,0.0522824166223048,0.213577894474864,-0.0197034857656372,0.137577833480582,0.476032829461511,-0.171263913307483,-0.293041920926462,0.0784402914896602,0.184643151013317,0.0858751600090878,-0.0614557756381,-0.0955774028980918,0.180625756142954,0.10748679509139,-0.231287236342697,0.147163189464872,0.309100695565073,-0.241281348459412,0.357767112775517,0.325363574977313,-0.0255038187333458,-0.0173161326480829,-0.0269240814588098,-0.136965778448735,-0.00228380015403284
0.22757208075661,0.324719663879904,-0.201709317997353,-0.0867896788096402,0.0365787742223439,-0.00529550671867422,0.383322766897272,0.205151366213895,-0.206701514867592,-0.0100600035051402,0.168086866624669,-0.138902692085925,-0.242039166764761,0.0556296241894917,-0.0522971741527407,0.56120555883578,0.044899737551125,0.200434523037681,0.336647884383068,0.396413566357158,0.179064650682794,-0.123502603534958,-0.0141754709862532,0.0616986713796196,-0.17993533079368,0.00276897112961905,0.129293748542911,0.142084505625039,0.0340658171549822,0.0964182603757565,-0.170599940815037,0.104124795698245,0.36915424525909,-0.0729513543359705,-0.0383901463141591,-0.00659308351650165,1,-0.057931170091719,-0.449904708011292,-0.0851964127228895,0.409858495206223,-0.1386034384677,-0.0731018561467291,0.134717293532667,0.371312396449165,-0.0170218618729621,0.106213592127853,0.362442335123633,0.36110196733088,0.417346894986743,0.0168139754265136,0.0552964489793334,0.225880092562753,0.227119575640951,-0.50553059164522,0.0671467010122251,0.52062409826136,-0.0687963582384643,0.115423116731506,0.193580121036153,-0.389887898006557,-0.131488135417603,-0.489739954133471,-0.335352633061603,-0.0603263850579487,-0.263322744885397,0.418636536646388,-0.161367758899431,-0.462668654352978,-0.184990890706511,0.0838786545778093,-0.254338586524567,-0.132852135921746,-0.0140680942175921,-0.054884592981825,-0.125797128506928,-0.151765618643842,-0.305104250435357,-0.172865337090931,-0.0248591694756176,-0.412989530072842,-0.241831013472698,-0.13436324366871,-0.614437393024245,-0.277037611058041,-0.314350510799043,0.0415709724578909,-0.240723036265371,-0.111934067702801,0.169932124248616,-0.100080756423432,-0.156582516263152,-0.132604265386645,0.372863640086833,-0.121508600913993,0.214558725284454,-0.00705474181561065,0.0556225962221783,0.275088523510194,-0.0994776663354731
0.0653856044961315,-0.0882415411828176,0.220389438483174,-0.22647090975785,0.301314064439576,0.102647519617592,0.112157741237552,0.0394552296621598,0.180909691648451,0.149381424840684,-0.0211680427263898,0.290465647984234,-0.162476789565311,-0.34257429246715,-0.0251423250964226,0.436752635693507,0.257737013917848,0.0467818278798035,-0.0126487693551923,-0.122306103240126,0.131595652405504,0.539534584566341,-0.0961947063015453,0.293718482966476,0.422026113308093,0.503079431999962,0.147696360610864,0.0326325227094903,0.0611887000887766,0.364051385280525,-0.414248901946978,-0.0463661922275208,-0.164598217934273,0.162469555026888,-0.168316110520118,-0.0685378767507624,-0.057931170091719,1,-0.0056710579965108,0.183193052572517,-0.540749377018819,0.0707051343083168,-0.31746470399372,-0.308683311370344,-0.243196092177996,-0.250426045887711,-0.477059276374744,-0.51363929425837,-0.428207989072637,-0.575572718657306,-0.0199499229903594,0.126742245942595,0.156033120864386,0.260797624625958,0.290347885779342,-0.0170880098558266,0.0533969524828561,0.10071609416363,0.0788876808567487,0.127318451960119,0.159021828290623,-0.125520729958861,0.123782688055442,-0.283746853874864,0.216084410537513,0.0110030055657544,-0.129745725960394,0.0806240363863841,0.38023730967887,0.356155895771811,0.165092648111509,0.526250169919745,0.132783726901272,0.328087422712999,0.285611105412522,0.40597540800662,0.203405841109765,0.471317131092601,-0.18256429712489,0.0657588270040138,0.162359486539546,-0.0867865983566691,-0.410469867693145,0.123489627814637,0.266680663539315,-0.164204961654263,0.289936943929848,0.000355009829753311,0.0279452311120483,-0.0969291263787006,-0.276391690467766,-0.0834635628679092,0.216334151749262,-0.483218718568781,0.200773128960724,-0.399390467973556,-0.238377040506095,-0.326121032077165,-0.246454070746059,-0.0899984517054623
-0.0186177997518964,0.114517452959447,-0.0566488540273711,0.373468098993227,0.3001247396315,0.160259631487653,-0.0198661361804149,-0.00979701503184922,-0.00842011248808766,0.0697434782338291,-0.0178822565019668,0.208743375540566,0.255742121965085,0.15164262530992,0.40799593572451,0.351617116911423,0.18097998645574,-0.082742273166525,0.223207715213412,-0.304089558119821,-0.0101912494682489,0.36984024512774,0.298503782735987,-0.130672035236053,0.10396525047877,0.202916912139362,0.0700727477435945,-0.0666969517665002,-0.0920217247680873,0.0743057055556849,-0.37545432995325,0.326454647105417,-0.396218525007766,0.0267986100018641,-0.0313392935565086,0.00337585158677247,-0.449904708011292,-0.0056710579965108,1,-0.158185257052215,-0.437435046266808,-0.582145435295815,-0.267430385783604,-0.114394742429078,-0.30662502795922,-0.372531688863791,-0.383187098377435,-0.293803513092506,-0.262691657621641,-0.528991835919895,-0.301067074731901,0.0740187109530629,0.429207818298523,0.166148752352434,0.447497159166111,-0.0294735093335771,-0.114422216489705,0.0631552451922993,0.121618461224512,0.213330183598963,0.330239339317653,0.158431398263181,0.544626861687192,0.520117299928385,0.345786231957034,0.465648291164164,-0.546611923431126,0.279862243873248,0.352166704911892,0.311242798063247,0.2356621037469,0.349686990234373,0.367702188020382,-0.282051678655572,0.213834256656388,0.266391740523653,-0.176241706390402,0.375901658536677,-0.280383114569306,-0.362305131046979,0.0169093450004965,-0.13571409208394,-0.372116927714884,0.0592500616254602,0.166201038139387,-0.354969708957317,-0.106758851502146,-0.243563379293292,-0.0310160004411906,-0.693900203635781,-0.664617559906478,-0.221435168833187,0.0428300339937826,-0.862311613174991,-0.1896689192553,-0.264787512188354,-0.739153759464066,-0.170201100262374,-0.438133075328655,-0.158516428377858
-0.0156407820364229,0.327169591271031,-0.140121275261962,0.0591330581443708,0.348727659316393,0.199992473369493,0.230310076203654,0.0605221567874323,0.194797496348674,0.154750239413108,0.143557372700181,0.2062063389147,0.0574541854180517,0.193062999461153,-0.104035570535544,0.319470726440771,0.306814651451573,0.115929045311024,0.320456001737652,-0.133937392966791,0.333157751527798,0.222965053779504,-0.116307627098568,0.191078262941563,0.369331586375218,0.288549418774625,-0.116369118733635,-0.295025611970215,-0.0422462952441405,-0.290587633277092,-0.150329687892753,0.366679870735007,-0.358318521612772,-0.170584230552209,-0.347102351094867,-0.110303684687408,-0.0851964127228895,0.183193052572517,-0.158185257052215,1,-0.471525107945955,-0.0563098797814196,-0.619886478407904,0.198192859572319,-0.221542214047017,-0.0784987008450643,-0.512286358286868,-0.3822611410045,0.142999080173092,-0.0266412515273095,-0.153014604464014,0.151521326846415,0.200505128959475,0.285539805990529,0.384805059650672,0.20976427963963,-0.0834290458542157,0.256256012550856,0.135252140908798,0.0478699591617698,0.350301771964438,0.00543258678065671,0.380395331746861,0.286778804928144,0.434417239875165,0.213455068203796,-0.242421620264732,0.547741913512336,0.0463723901742231,0.203725414658621,0.321513513170126,0.593941555269416,0.507658805519881,0.0775651104705767,0.363980989142553,0.35394810594797,-0.0611779428482372,0.274210785667787,-0.0404111696523636,0.00386569517855626,-0.0576913988241363,-0.344372186944135,-0.527207080226574,-0.271016139168838,0.0785458657321698,-0.370022654204431,0.139226396742567,-0.318410052186634,-0.037930530668699,-0.219928849829937,-0.36797327893569,0.283206915977727,0.18482883558006,-0.464074066427863,0.185104691192084,0.0855914477758552,-0.28944644976125,-0.396600606523372,-0.086814488926094,0.0776202882151365
0.0726340114938618,0.0195973606050251,-0.218297777798457,-0.299059182982304,0.613839845405279,-0.0482796972158462,-0.56366930086422,-0.260476535260321,-0.269697392023014,0.119236052683563,-0.153131255937771,0.0906324137460874,-0.304715275933255,0.508895255245663,-0.0826564126966534,0.266888608612588,-0.0550241146703669,-0.149136551770004,0.320015660274914,-0.481822549765312,-0.426813983348785,0.250561969287446,-0.138395758669058,-0.570889468384748,0.0752009697808977,0.327413997030208,-0.161615531780887,0.139272841749793,-0.253168620999262,0.253819649557312,-0.258835875683232,-0.325826423913111,0.175941404254528,0.533962161401486,0.0764282987214674,-0.22349104257682,0.409858495206223,-0.540749377018819,-0.437435046266808,-0.471525107945955,1,-0.0844894968984161,-0.0107347393269031,-0.438042453215626,0.149741307407293,-0.254926382350134,0.0850889893709028,-0.0947793703949904,-0.0389229858893066,-0.357306591433397,-0.452830563691966,0.0267319891974244,0.434632901354416,0.297952740641831,0.161010506231162,-0.0728702045947307,0.093731678256769,-0.278137695408195,0.166897140961556,0.253931909685351,0.0205141955984168,-0.31222795038448,-0.254171702463922,-0.389128619598289,-0.279216283980216,-0.445636424284983,0.0938703489157036,0.00132684313156867,0.907039504486492,0.55193934644794,-0.326535211942099,0.2343185425589,-0.108739267955049,-0.484926408559611,-0.00715257879270548,0.190637711163724,-0.36043695753866,0.227069852252449,-0.292743619630572,-0.552675035328137,0.375549510401575,0.604217214878587,0.447387943803551,0.553104318888645,0.102418345709654,0.502424343870654,0.367295544949624,0.46660917277983,0.193808143660542,0.00644723902495703,0.197563118599765,-0.525037390005575,0.136539015983227,0.155413572214336,-0.497386672558871,-0.184659701946611,-0.0783936907654184,0.243582735952638,-0.0117421577096235,-0.0257693920708019
0.223371991779209,0.456083079187968,0.127674041951433,0.336750706535892,0.700822475783378,0.424625981616454,0.0381384305826194,0.0933392287806138,0.0893648222975386,-0.0852706443676171,-0.223047644756329,-0.400799282877404,-0.105936901689016,0.441131856668156,0.044557005535219,0.303422818126712,-0.523737391001059,-0.530918697357653,0.138269125125287,-0.391929887155535,-0.178388474929561,-0.352067485432648,-0.362722697213705,-0.675696561192094,-0.174799479744721,0.0612418219058832,-0.0248932145201882,-0.256534614731806,-0.282139769660372,0.0189964929831951,-0.598875345443926,0.110395325064325,-0.577868436392001,-0.388356045022447,-0.831532833855516,0.17043432607837,-0.1386034384677,0.0707051343083168,-0.582145435295815,-0.0563098797814196,-0.0844894968984161,1,-0.505801345828547,0.355893041501058,-0.0534827613732309,0.162093873921344,-0.464664726049052,0.00362186456014058,0.195633475045709,0.178820688680444,0.235053448341563,0.296184856162771,0.365338928104114,0.682135028307201,0.451188580835994,0.26047091829905,0.20506056874438,-0.0107550447459027,0.0419820597926366,-0.00520467842907585,-0.0761223543256992,0.150745440040337,0.25812842824293,0.00417104944637142,0.188147543208376,0.212877147508698,-0.00249473432884467,-0.345696076045937,0.0596602443239566,0.182103584962045,-0.0641426396360431,-0.118858184226777,-0.202372788629125,-0.224671248895844,-0.382905372408907,-0.312862502457257,-0.225911523512818,-0.241209638819525,0.00841385284857893,0.246446645253044,-0.268213052116025,0.13585221492759,-0.213257421416095,-0.283735054852033,-0.324755614214994,-0.192397143042479,0.161423706965867,0.0468892749573441,-0.344848317702797,0.16341481642532,0.324767887705811,0.123036600745332,0.116139735438111,-0.164342924118045,-0.105117419603556,0.616949330197881,0.140315353774286,0.141450482296278,0.417090194354132,0.139565663042991
0.259725477860553,0.0451714590586734,-0.131743064054555,0.00910495548174326,0.3283379850749,0.226993432071515,-0.0939764676004563,-0.208534390410243,-0.303547918721889,0.0114995685843458,-0.108939486017701,-0.0690350663372567,-0.0493890547220694,0.207940450553834,0.121117350725937,0.248336196141805,-0.0648573922071179,-0.173848132570158,0.383773059371984,-0.362645907716872,-0.132767208349824,0.177985507852565,0.34048390198046,-0.613155383441431,-0.185677041753081,-0.179255516765286,-0.0950967679367745,-0.164807691289592,-0.135556585274811,-0.177425832375168,-0.288404901241201,0.0776690588893326,-0.0160599047887698,0.0905196434473951,-0.294785969174535,0.24039194844254,-0.0731018561467291,-0.31746470399372,-0.267430385783604,-0.619886478407904,-0.0107347393269031,-0.505801345828547,1,-0.1203169319718,-0.138478548618179,-0.335910616262667,-0.184649356853366,0.086974907746681,0.09509357944439,-0.154626106060033,0.00276927102602609,-0.115460522696937,0.293949076149801,0.0418276433571843,0.200067006387201,0.100638935475075,-0.0121874530540127,-0.372614112040938,0.107541625576173,0.223660988202019,-0.0405312890964744,0.0455963507349548,0.0723362187480915,0.195566007683393,0.198009096745123,0.0088320920172347,0.148293328673991,-0.059010964103175,0.58861864466687,0.542651635323803,0.0778889839373174,-0.119345969306485,-0.0472950735165368,-0.646505998701814,0.0296389547336992,-0.14658474249848,-0.0836371836687484,-0.188581841423852,-0.348546484896453,-0.151508051885977,0.153392334061037,0.494365512234285,0.0407726129645979,0.171605468214962,-0.24636568220856,0.130634034810901,0.0826218380471215,0.0195730334003357,0.127890970453915,-0.390274950561064,0.124332116404058,-0.311219617020767,-0.170081548125452,-0.27947282972018,-0.662179432044608,0.056734537278574,-0.454042000918451,0.346505424527778,0.0776029255563058,0.0387572565499648
0.204434182890112,-0.201658325180249,-0.0755877706861051,0.0654564043530676,-0.278531921947644,-0.318894860053754,0.0431695621776026,-0.187025771915767,-0.113834287108439,0.328860486655538,0.0247164210846007,0.235793973265054,-0.233522632841832,-0.315207868309663,-0.140887511864591,-0.0356347903284893,0.0656543729072954,-0.15423920909467,-0.244738326593092,0.126920277711911,0.42214588007057,-0.290602959538756,-0.3182969284218,0.400875583619247,0.35937315086492,0.0318077559148652,0.395235080015518,0.0080113048738614,0.3621520699679,0.244610748468394,0.527566192851901,-0.134538597562644,0.0708763357511377,-0.0564663372101168,-0.348720495545488,0.0102432834830485,0.134717293532667,-0.308683311370344,-0.114394742429078,0.198192859572319,-0.438042453215626,0.355893041501058,-0.1203169319718,1,0.343854278032676,0.0390834409158682,-0.485085451944451,-0.159511004676792,-0.0956134431759382,-0.209045331383235,0.213427237388177,-0.216280956354901,-0.216972271073696,-0.120323915777998,-0.310477107519902,-0.201295726343283,-0.207572097245617,-0.335065383021246,0.30233109029291,0.356321831837285,0.15068025042538,-0.149848751247886,-0.191065034932605,-0.192304161927744,0.126055295005285,-0.0563397542155279,0.13152341107657,0.14987327044208,0.023834833734838,-0.226855987459967,0.231578558299295,0.334406013065901,-0.100424870068284,0.43357825236548,0.367875899746518,0.305356864524672,0.459637610842725,0.113190885663205,0.127196888186177,0.425486455484157,0.117061409205753,-0.199511597070386,0.153805946611791,0.0468862999679344,0.363294652500461,-0.203846495178695,0.494341789409982,0.399327177267833,-0.00685945925092074,0.31309033245677,0.372186422285808,0.276643691530079,0.316150410651522,0.345561005483623,0.419619810934036,-0.0380063627468621,0.048480518834424,-0.1732924382671,0.0901137248278866,0.125470798789209
0.495165594216993,0.0655676055467784,-0.0143101066727973,0.0134198466545893,0.248739885887327,0.0534438288020331,-0.025004046422487,0.22364110984813,-0.0302981853984605,0.326154986953889,0.150479576616834,-0.0505123787899171,-0.134793456085943,0.225426429012463,0.454581655652452,-0.258119686589004,-0.56988776618819,-0.232920780303174,-0.0367534210524189,-0.214461654416243,-0.345137068807343,-0.579602316405968,-0.406868515401602,-0.50714012788559,-0.164880477998627,-0.369371833199955,-0.306514429395546,-0.103677759668791,-0.065993919879567,-0.272423195220734,0.27235172983964,0.00577842549589969,0.202124114334727,-0.214401910696491,-0.425691622695654,0.0851026152190233,0.371312396449165,-0.243196092177996,-0.30662502795922,-0.221542214047017,0.149741307407293,-0.0534827613732309,-0.138478548618179,0.343854278032676,1,0.02708591092409,-0.160076292942164,0.197349192707771,0.388891414847125,0.276757185569525,0.741017176630111,0.0900350617465981,0.0510861544620321,0.129928213732071,-0.175751229529892,0.293233295707553,0.476182312062197,0.0693217664257349,0.331354637232714,0.244891982197894,0.0835187197039403,0.0485343612344858,0.103185664812757,0.111604609516887,0.249291715063454,0.0498834379410285,0.336993960888661,-0.203529648648988,-0.0372139117094327,-0.0394079435705736,-0.252815517730395,-0.302895731806268,-0.210282631183936,-0.114896427566303,-0.136831039438078,-0.186434811103926,0.0419146162345188,-0.62159151960408,0.28821965732754,0.237127815952962,-0.259605727416832,0.17099887198157,0.0333133257914792,-0.115203890822114,-0.725488239600681,0.115608797037363,0.227495015487687,-0.136594984229005,-0.130772987368969,0.275249605749733,0.489136619126133,0.0747000446605362,0.109408769325084,0.43249101641993,-0.334536293208134,0.438477615598935,0.128732710639238,0.113797139741794,0.511129352771673,0.199516194914704
0.352555016525106,0.291331115773568,0.206128839439242,-0.0154751064883206,0.730211903263459,0.249606675898581,-0.117437105253362,0.148081478757607,0.1325335078973,0.156969563650016,-0.334088755741203,-0.17920071329974,-0.255626384811249,0.35609887997811,0.0610501158829653,0.428391242266645,-0.442660605650773,-0.299535003217215,0.0154636702627335,-0.493477494449148,-0.192914838972932,-0.0675157223825504,-0.181028546735827,-0.612503098150548,-0.0602686184105828,-0.0998627434836346,-0.0857952990432617,-0.29306915140347,-0.193567578120861,0.137767259992929,-0.123554222782291,-0.0522502293765911,-0.304489745896138,0.0638525239874734,-0.661973564699227,0.134480232893323,-0.0170218618729621,-0.250426045887711,-0.372531688863791,-0.0784987008450643,-0.254926382350134,0.162093873921344,-0.335910616262667,0.0390834409158682,0.02708591092409,1,-0.420735208550505,-0.117389684152074,0.051444835042754,-0.170419184163584,0.265347662220457,0.314330413560087,0.375706086549424,0.463975637145885,0.316611792666809,0.250129679878135,0.330046123289976,-0.0625914282235859,0.0351059737586694,0.157000531490343,-0.117906558417955,-0.116159111712098,0.0367647807271775,-0.15888616513868,0.0681660977171024,-0.0209495889979368,0.0137807459500517,-0.218445658783959,0.54617763296255,0.456881942958823,-0.133233174270296,0.0316284164592088,-0.200543382443302,-0.287309577266404,-0.194285974683366,-0.195914418388774,0.0026631853709182,-0.158211902556885,0.0889842949517301,0.125423732237011,-0.0148897025941583,0.304015772811129,0.0491618584733615,0.0734058864726268,-0.362087586852532,0.0601550258860632,0.372875423960871,0.27713031933015,-0.0617375872589738,-0.00832732840643052,0.339217711352212,0.0974050497611331,0.0522474681202012,-0.0490116615477233,-0.242540371089223,0.287182606267059,0.00354679827437054,0.125314046970071,0.24589653122995,0.170162172794672
0.294977503146853,0.110487287224291,-0.0961633059507101,-0.338898228126634,0.560255169960142,0.165802979243811,-0.528393506554845,-0.14727938384864,-0.151626765572407,-0.0655033480984464,-0.131804308334615,-0.049343169996927,-0.208331136615692,0.668726498923304,0.186171901232315,0.167047076591711,-0.111922894126953,0.00245997591862453,0.461599502919499,-0.309885997941212,-0.429203636690777,0.209017736817352,0.240850065800258,-0.77270165571141,-0.236064705752501,0.120648762213142,-0.317416196015143,0.00682507459097992,-0.264592051200037,0.191840510267788,-0.633130438256927,-0.221703577775265,-0.10195037226663,0.401246382780765,0.0157221046344277,0.100554589158951,0.106213592127853,-0.477059276374744,-0.383187098377435,-0.512286358286868,0.0850889893709028,-0.464664726049052,-0.184649356853366,-0.485085451944451,-0.160076292942164,-0.420735208550505,1,-0.00576829240560556,-0.0771190073088344,-0.3091122028149,-0.297206295225647,0.122313903007941,0.459112804161443,0.256519439442003,0.233877350134882,0.0961990699551489,0.174882429176877,-0.195138230527095,0.0218502285582446,0.195868190081383,-0.0446059749264178,-0.193228659354371,-0.108099083393136,-0.00409607650755117,-0.0838491275129546,-0.193149582675197,0.081590738922003,-0.0370894975741674,0.772892599379469,0.669326678121103,-0.135336148013538,-0.0457537314287118,0.0436568794098018,-0.599836729356939,-0.123584800835445,-0.0785931853184899,-0.313798807530432,0.121930496636908,-0.392022089670015,-0.615769301118057,0.178932173001648,0.562219565367493,0.344646625951788,0.426684680578279,-0.133008470539319,0.467851612709139,-0.0390075633641592,0.197211219968263,0.273077872737,-0.312302747767971,0.0236251056905969,-0.61762772745423,-0.0604840108351636,-0.166978052370927,-0.784499949925881,-0.17930311472525,-0.319170831168811,0.410755798914293,-0.00595789305034612,-0.0856645204200984
0.0328963239964052,-0.209612422224381,-0.0946864434150145,-0.048488274697542,-0.0800837493756718,-0.0894850078675568,-0.549926277618937,-0.458997721946664,-0.26891422238722,0.369551586543698,0.0130414166670919,0.180430237576127,-0.16516163200704,0.290815300814272,-0.119182939426465,-0.375755389268313,-0.0779043839525057,-0.361772721662127,0.120215395892703,-0.169610722640845,-0.111191439339438,-0.401876575685991,-0.133913551430311,-0.19523133361236,0.132221475233483,0.0588237654583803,-0.0422682424314214,0.0228631737575033,-0.0811960507709501,0.222971632279957,0.12440708432754,-0.0302101827019999,0.104928977463303,-0.0196734992484955,0.0662504785521108,0.132582131409298,0.362442335123633,-0.51363929425837,-0.293803513092506,-0.3822611410045,-0.0947793703949904,0.00362186456014058,0.086974907746681,-0.159511004676792,0.197349192707771,-0.117389684152074,-0.00576829240560556,1,0.13450553896143,-0.00626139982146168,-0.195388373665027,-0.252761446631876,-0.295479073027364,-0.173938494495524,0.0345757355674975,-0.139650790619628,-0.437812410547073,-0.460088498313925,0.501209257739108,0.466308830166908,0.203820533047107,-0.0770396906782788,-0.0322731256725508,0.0253267636209016,-0.088604218231098,-0.168673656979216,0.148957693772523,0.118957524639731,0.260263654217965,-0.127894353025235,-0.00368831529433805,0.0713367263831035,-0.191426798160488,-0.145225781751039,0.166580104630459,0.188546303669457,0.00470639695201869,0.104813161226679,0.100777327100819,0.112898197320539,0.169137924560657,0.0857535026253522,0.494375879634266,0.402754921803237,0.269070129510904,0.323565252650834,0.159248479676904,0.296396679183825,0.0838661856236641,0.252940765460657,0.559816231488576,0.11522240214231,0.459985135868586,0.487774043745339,0.0380464168942221,0.0117778836750501,0.0892858585954493,0.0431125633719277,0.133823231010515,0.209724428700452
-0.00934920026211083,-0.183818629680443,-0.0234004439894207,-0.12406602057787,-0.290730498350184,-0.160382589052295,0.182167294380395,-0.0325180759081758,-0.188258653447882,0.165404413638943,-0.332435651403776,0.08679404314511,-0.612344127173044,-0.291061550250491,-0.352094369886554,0.158972348546586,0.0818204415911047,0.124595484982405,-0.00992316167583061,0.363307226254505,-0.00114997723699428,-0.158952839279331,-0.280441024013862,0.458209873214548,0.206961059922595,0.101429275592101,0.0554172186795739,0.27517090211719,0.40557177308445,0.147900495019894,0.282466700750741,-0.0358316712972578,0.411106264224566,0.0482819286736648,0.119265635476338,0.0556904087018693,0.36110196733088,-0.428207989072637,-0.262691657621641,0.142999080173092,-0.0389229858893066,0.195633475045709,0.09509357944439,-0.0956134431759382,0.388891414847125,0.051444835042754,-0.0771190073088344,0.13450553896143,1,0.0779577685449035,0.00276547901598051,-0.106579575132872,-0.20128881192198,0.026299910862468,-0.285436740381768,-0.101754759953901,0.0412951565483488,-0.237668629176793,0.176156540117834,0.0945031401586053,-0.137099327803272,-0.379167847214127,-0.619536775482355,-0.52134969423968,-0.145514646900918,-0.428238711209182,0.464092124123723,-0.235049453699668,-0.217688662396117,-0.389097278515912,-0.0635306130637707,0.131509245523894,-0.362602009555241,0.344361490156796,0.300359549347243,0.273454774919218,0.377883728196494,-0.0575263111370476,0.0684732995665733,0.323002182654221,-0.0669278133513441,-0.2252824941806,0.288931869531673,0.0773583107501994,0.216446829534218,0.0578443271560287,0.335895493415959,0.304150383236947,0.10879887751764,0.382439443454168,0.382622187147,-0.00516317186591336,0.288526022107341,0.748751775413886,0.407414642363731,-0.102177588036944,0.159838527122942,-0.115147266534901,0.0428505239130682,-0.0801073030845011
0.0367535626609126,-0.256051918831548,-0.0522565830254431,-0.273040746421983,-0.238008929766652,-0.0577184954337409,0.073099000369731,-0.211891486632325,-0.0638668740268607,0.305346015197345,0.00369534106966769,0.383262228465497,-0.452732901671701,0.0487075517652181,-0.366467951977573,-0.0509340348133092,0.298315642228994,0.187962709176553,0.326332393520406,0.322445686056223,0.288865552542743,-0.0718757792392296,-0.123955050097427,0.572563151771958,0.50527722163966,0.485187932694193,0.210967226463845,0.355047597918519,0.383473246453885,0.237113229438058,0.120984637766266,0.0559228499455558,0.0267558165341578,-0.0664771051806737,0.125689538701651,0.0991447875243194,0.417346894986743,-0.575572718657306,-0.528991835919895,-0.0266412515273095,-0.357306591433397,0.178820688680444,-0.154626106060033,-0.209045331383235,0.276757185569525,-0.170419184163584,-0.3091122028149,-0.00626139982146168,0.0779577685449035,1,-0.0415924231408158,-0.0512938728369794,-0.207629010247694,-0.0319615825459148,-0.0256130161729107,0.121481667582797,-0.179925695121336,-0.252826984879026,0.350678843153637,0.232510612685199,0.218188041443087,-0.232595878680702,-0.363269110577268,-0.31462011007376,0.0610307569852642,-0.18925750266099,0.341844185781085,0.170900822379329,-0.129692750241625,-0.166268464540733,0.1921406237268,0.396070141175302,-0.0412401009634234,0.244787276853323,0.50788676332435,0.575839564315744,0.323438337721604,0.390118166020519,-0.115745492323769,0.250950732004946,0.0922295845472523,-0.377119805625748,0.0375373358477695,0.0656672066242324,0.524496305305282,-0.0475306667397391,0.473004663116649,0.153690877297636,0.217923067675596,0.0924115132133133,0.197439567447537,-0.0879799692010609,0.239653069961761,0.524307663419101,0.42282642785813,-0.20760685776904,-0.0433484926401754,-0.185601811049312,-0.0674908174481476,-0.0314520852713669
-0.142394144173389,-0.288847493324402,0.131438800980643,0.159358379282444,-0.268908297286356,0.11812739498409,-0.260562329174724,-0.137532843176196,0.00535441603297254,0.0299650604649879,0.0822753389425929,0.157544075110966,-0.150123312349955,-0.0717219465233261,-0.0866421654084277,-0.429119569727032,0.0787612497338037,-0.192507669519131,0.0969727025270511,0.138935409735243,0.421328446187975,-0.044483982387734,-0.100604239578171,0.29813854125023,0.0703119323356375,0.06611971361023,0.633159543174937,0.441816546455169,0.376024434203784,0.191116676838812,0.250097123257761,0.336449894772254,-0.256409304646475,-0.310898121593141,-0.0376896771498098,0.146193660914444,0.0168139754265136,-0.0199499229903594,-0.301067074731901,-0.153014604464014,-0.452830563691966,0.235053448341563,0.00276927102602609,0.213427237388177,0.741017176630111,0.265347662220457,-0.297206295225647,-0.195388373665027,0.00276547901598051,-0.0415924231408158,1,-0.150919018367124,-0.244758430726116,0.0448453182450744,0.175402172394406,0.0702056775742692,-0.469139302689256,-0.0748543099916505,-0.101489403143505,-0.0753169494671922,0.246051450001521,0.288633433797128,0.206235448467486,0.27801169106878,0.48414922822047,0.191280892966316,-0.342766390161458,0.297213116061286,-0.157409213722662,-0.325979008472023,0.418920683590322,0.00617036257346304,0.0793711507846432,-0.0144594258632804,0.241457875696013,0.218004928629014,0.209317668761449,0.0575585671057868,-0.0340520675244832,0.221243098355852,0.0359651987920102,-0.258369640995743,0.0311154039706167,-0.0896806141717569,0.44401752285693,-0.380868316525741,0.0730842906065311,0.173992989819004,-0.226120552083007,0.0407892854894767,0.0951324491001723,0.0578931799538229,-0.314117249392951,0.167143143452506,0.427424149794626,0.0331199262731077,0.164640420570021,-0.233333674806544,-0.11106515082443,-0.116387658452037
-0.316215006477167,0.0396353265695818,-0.177014815074813,-0.698461481791378,0.211624413560466,0.0401366447953201,-0.0173485159352065,-0.00657076701272841,-0.0215933752266485,-0.386342345556302,-0.377375940134672,-0.150011313278019,-0.679767425434172,0.0843911195922601,-0.62544164471391,0.46794111725407,0.382918959795929,0.508580350218865,0.478023051596909,0.0580814290745521,0.269943620577816,0.59664462321599,-0.0557752043005521,0.178434920731303,-0.0944448036227473,-0.0820762655422928,-0.21776124174156,-0.201964177703168,-0.115178447270575,-0.170257647245909,-0.442019909004713,-0.0746050940637486,0.0417359918364515,0.395267961182901,-0.077999199199853,0.0951429613749614,0.0552964489793334,0.126742245942595,0.0740187109530629,0.151521326846415,0.0267319891974244,0.296184856162771,-0.115460522696937,-0.216280956354901,0.0900350617465981,0.314330413560087,0.122313903007941,-0.252761446631876,-0.106579575132872,-0.0512938728369794,-0.150919018367124,1,-0.0580426879731793,0.188915240866584,0.0964509540521001,0.122017246171223,0.0699287425608496,-0.0367031529657043,-0.625396958281826,-0.410107262279123,-0.414209217715642,-0.420498432952093,-0.549818915957251,-0.328684860401537,0.194720535033719,-0.611302352160785,0.0782492537287838,0.0768894445097646,0.363778173313699,0.500912273518072,-0.0329781217035744,0.292740146158256,0.0603631244858299,-0.0423197277991723,0.052433079112265,-0.137626014418416,-0.00703686873260076,-0.187801165876863,-0.212139107544579,0.0888434744715266,0.16317808521422,0.327566238107041,0.123126555239959,0.0469745401180804,-0.1315961551003,0.209768952744695,0.136829420770446,0.026178493578578,0.0127717505091688,0.0426497986362267,0.101971206964209,-0.12507673902027,-0.258126875322814,0.21474931798158,0.101165400681011,-0.070491576628243,0.353573797667636,-0.161824040023872,-0.0740990953272295,-0.321611292521033
-0.143053674769803,0.0502295244189668,-0.677850291355907,-0.734317016311422,0.0392457720930005,-0.722225082113277,-0.253695594078877,-0.121996892660597,-0.456683398862335,-0.609064546659596,-0.122805427724131,-0.243336404350214,-0.424641669931323,-0.244316623593661,-0.34706818756955,0.454338729284853,0.0823145314646982,0.172506969134762,0.117303299215328,-0.334175391828149,-0.167261644333507,0.474112709091109,-0.362387780529707,0.0414289157787587,-0.179967548602876,-0.212813558386374,-0.149560311836819,-0.16667765910005,-0.392516218307602,-0.344919939782232,0.149019607733577,-0.498384491368736,0.583840026806388,0.738244030690245,0.127348908277622,-0.538605912029851,0.225880092562753,0.156033120864386,0.429207818298523,0.200505128959475,0.434632901354416,0.365338928104114,0.293949076149801,-0.216972271073696,0.0510861544620321,0.375706086549424,0.459112804161443,-0.295479073027364,-0.20128881192198,-0.207629010247694,-0.244758430726116,-0.0580426879731793,1,-0.276616066231839,-0.491273748676913,-0.606550407392239,0.18569902762507,-0.186900188990933,-0.594995755768584,-0.756892419172424,-0.505071111833105,-0.536398520036487,-0.617038532391987,-0.656047426493893,-0.33809689706751,-0.646025798419817,0.165764948823978,-0.0168123125936189,0.582696957793452,0.358854579853952,-0.556815918186573,0.433870976043272,-0.166882236674084,0.140452295330582,-0.0425181465147197,-0.13136071565237,-0.342549384649364,-0.169578420065121,0.320804938886091,0.0625636556569872,0.431078386241792,0.746860232464374,0.458810665457273,0.359766620061041,-0.16355423327305,0.606397759697416,0.40480780449115,0.249317152048506,-0.202184646802835,0.560939394981856,0.545334404694478,-0.172515759218621,0.203563705648778,0.561866003025184,0.0404732098934964,-0.0473632906643833,0.508463558057146,-0.0684827007503495,-0.0314035254273831,-0.217634187937956
-0.178435107178107,0.20527012868845,0.0600664536405958,-0.582632950847863,0.271009103861166,-0.0305649689359768,0.0394772142316666,0.188190829899837,0.124937040673901,-0.721601309815143,-0.348130161925591,-0.291619175332023,-0.846710097514433,-0.259128140821142,-0.744321971544242,0.402242435721554,0.145702626782418,0.365792792281652,0.225152222747618,0.169330222573906,0.350770322394656,0.392868332232123,-0.106794407216423,0.36776921180967,-0.115319059631975,-0.235103814071623,-0.189373988980077,-0.136926390646658,0.024643935596704,-0.065198150822164,-0.0824228221366261,-0.358860488071045,0.308855795225194,0.366982864013375,-0.0200127769337523,-0.0117715746342323,0.227119575640951,0.260797624625958,0.166148752352434,0.285539805990529,0.297952740641831,0.682135028307201,0.0418276433571843,-0.120323915777998,0.129928213732071,0.463975637145885,0.256519439442003,-0.173938494495524,0.026299910862468,-0.0319615825459148,0.0448453182450744,0.188915240866584,-0.276616066231839,1,-0.02455294076585,0.0535497274123995,0.227254863661892,0.0312859676199122,-0.887979349729564,-0.516720768880828,-0.79461255467777,-0.773872165630446,-0.798951613927706,-0.622053380351862,-0.157363588607844,-0.544239530255384,0.189574027829136,-0.109637084134681,-0.0260880350753121,0.194394597128329,-0.0316641351602177,-0.0793751046017505,-0.0938568315351147,0.111202474534521,-0.177854730830406,-0.29856616819668,0.178535597943697,-0.291616038532804,0.209785342974281,0.288264118299577,0.0143428640152847,0.175217185276905,0.115719101152069,-0.180151700886276,-0.258319458963645,0.0132876550408013,0.226838365495781,0.0351018312143783,-0.239336128484983,0.309327928262206,0.189378590340245,-0.0984778738646443,-0.312775164082805,0.508873892269522,0.261260160807575,-0.0442547772704485,0.600168863620582,-0.290863414159522,0.153723639077489,-0.33854122460094
-0.240190760314214,0.0444134928951278,0.366363621814426,-0.30432167148842,-0.317819326161305,0.136191661955494,0.228415885885776,0.280950520040943,0.276055887098126,-0.71275247958905,-0.399300159257041,-0.471669327546526,-0.372148303095631,-0.257249311204174,-0.451395008067439,0.0515646322094366,-0.0497858087270798,0.56271448569177,-0.0440590556651738,0.575668803811759,0.277154789527928,0.123165634942614,0.374128558865321,0.453246841250527,-0.146901709950043,-0.455050562249114,-0.0985077914502006,-0.354739464513852,0.119226034150621,-0.0489272791457139,-0.346672088699049,0.184588674216394,-0.0773123052785075,-0.00791724143354061,0.131856041235126,0.421190099641268,-0.50553059164522,0.290347885779342,0.447497159166111,0.384805059650672,0.161010506231162,0.451188580835994,0.200067006387201,-0.310477107519902,-0.175751229529892,0.316611792666809,0.233877350134882,0.0345757355674975,-0.285436740381768,-0.0256130161729107,0.175402172394406,0.0964509540521001,-0.491273748676913,-0.02455294076585,1,0.276539125038842,-0.0158057835865346,0.10868092415376,-0.742534017014479,-0.381136587956502,-0.71373302161758,-0.0512518247478309,-0.576843787066434,-0.33807282757549,-0.259213380054127,-0.20922785194734,-0.0574964481036421,-0.459689349848886,-0.392039871563565,-0.151121447427068,0.144203107211877,-0.256555570587155,-0.231976275594909,0.402439350978243,-0.396241505454906,-0.521834400413558,0.283594624710191,-0.288231306764846,0.093271863390428,0.491648326778333,-0.189705776680547,-0.27131334034696,0.0881555399190427,-0.1639026801933,0.218073030100595,0.234806247163521,-0.605069382360089,-0.215293819417902,0.12101880047121,0.260338598002075,0.252222902804119,0.171512814754086,-0.270684700115889,0.187649355027592,0.522023477866466,-0.279447070026105,0.606246142124488,-0.0463618227941195,-0.288427094119284,-0.122158158525095
-0.197213821709899,-0.222079433086143,0.393941876428455,-0.4711736065426,-0.241496485631996,0.0475663024567381,-0.192688932295765,0.118209800140525,0.199649411432824,-0.332102765281508,-0.346661785589057,-0.0214016421092956,-0.504901693437015,-0.0989897472159362,-0.310605817600119,-0.502495265815737,0.190515402019667,0.455863072421772,0.198432786996963,0.449402569108499,0.223680194257286,-0.116604748411485,0.0132532931923565,0.380427701181407,0.0555395768542527,-0.0563702017549929,-0.0458759475121923,0.22210070636592,0.266396811250559,-0.0139765645473564,-0.138634225952673,-0.0850415061584955,0.00626415026063049,0.0286353698518086,0.22655786185529,0.181634596171105,0.0671467010122251,-0.0170880098558266,-0.0294735093335771,0.20976427963963,-0.0728702045947307,0.26047091829905,0.100638935475075,-0.201295726343283,0.293233295707553,0.250129679878135,0.0961990699551489,-0.139650790619628,-0.101754759953901,0.121481667582797,0.0702056775742692,0.122017246171223,-0.606550407392239,0.0535497274123995,0.276539125038842,1,-0.139322648570701,0.224697787527489,-0.323436725866236,-0.263991713076845,-0.131748844576668,-0.185783590320985,-0.3755859615585,-0.0598939693882312,0.0334015753082829,-0.405358258970935,-0.0264290506178514,0.0961030205105361,-0.132771966333915,-0.146428482418098,0.153178955042634,0.0395375964448476,-0.129289096180946,0.365845290047652,0.103578395293425,0.0534118961498611,0.327445000016858,-0.0289887423713715,-0.119911220470483,0.166309274494017,0.0984118797636897,-0.0150182888632122,0.169114964787598,0.0950896559778798,0.408395590337897,0.143502398406661,-0.0348863945545178,0.0926678011976639,0.237103389549867,0.193721149330588,0.194435667014058,-0.0508521884997227,-0.192207853657728,0.34337762520405,0.262678276887951,-0.273632222131597,0.340600046654324,-0.101210226852055,-0.11918260072594,-0.122691883297739
-0.476096354979713,0.181831745245121,-0.389447144645561,-0.737110719250189,0.357720354204954,-0.147136614635264,-0.0842447287368833,-0.0477842537705739,-0.143149460495341,-0.411035648579118,-0.108820615633041,-0.115901582828085,-0.673206536531846,-0.0153587572462135,-0.761249569776136,0.328726394241101,0.393608857806838,0.084096122065092,0.441909127123904,-0.304794667914634,0.341660409304463,0.5826151229696,-0.36606665891659,0.0478890325364358,-0.100401855721896,0.0371931564187652,0.0532312765851254,0.0872965184415576,-0.123595189370449,-0.0182676247877821,-0.147157983023725,-0.43057056043753,0.201440966078227,0.541389887415321,-0.215057792466331,-0.306377976990149,0.52062409826136,0.0533969524828561,-0.114422216489705,-0.0834290458542157,0.093731678256769,0.20506056874438,-0.0121874530540127,-0.207572097245617,0.476182312062197,0.330046123289976,0.174882429176877,-0.437812410547073,0.0412951565483488,-0.179925695121336,-0.469139302689256,0.0699287425608496,0.18569902762507,0.227254863661892,-0.0158057835865346,-0.139322648570701,1,-0.0887313845871294,-0.666584999668828,-0.307710189482344,-0.329087957135214,-0.589668637374873,-0.590270935676411,-0.508747468961665,0.0395633928060494,-0.776712166046142,-0.0316537168700122,0.261672792436581,0.609483852497007,0.527107161349794,-0.0768479582297904,0.282427768827206,0.00232337035191771,-0.437356029625375,0.153460526188695,0.0871555959923488,-0.037280265927981,-0.0296848509647803,-0.221030661790597,-0.291320090150697,0.573589430946622,0.669694488266645,0.355964719352252,0.175265571340814,-0.0164742331546869,0.130885533834426,0.624396098062834,0.269599706913515,-0.276572600076344,0.136116598691185,0.131296909147989,-0.339841613275347,-0.400315660865803,0.290854805874417,-0.0966994329300399,-0.108089829790074,0.384625345091929,-0.287221559087049,-0.00707419921842802,-0.388905157620746
-0.320437869400477,0.0492933421565519,0.0484538411887468,-0.693088181417711,0.0439739325334653,0.181374411723766,0.116235020250372,0.101587189252342,0.107134657838342,-0.187613687943279,0.124667651464257,0.232773692929238,-0.309554948675614,0.122938584924381,-0.369594992283144,0.110833140102883,0.445934507357701,0.53048583698326,0.555899023043455,0.239909382966509,0.702499399017225,0.51076760733705,0.167248774516966,0.387320568526096,0.202932033005086,0.183440515705726,-0.118554953417441,-0.194093266695208,0.15659257922528,-0.229292163089529,-0.37136449773594,-0.0449143615234317,-0.191808514489936,0.0440518201137914,-0.244004965050324,0.222242610423181,-0.0687963582384643,0.10071609416363,0.0631552451922993,0.256256012550856,-0.278137695408195,-0.0107550447459027,-0.372614112040938,-0.335065383021246,0.0693217664257349,-0.0625914282235859,-0.195138230527095,-0.460088498313925,-0.237668629176793,-0.252826984879026,-0.0748543099916505,-0.0367031529657043,-0.186900188990933,0.0312859676199122,0.10868092415376,0.224697787527489,-0.0887313845871294,1,-0.411575959935912,-0.0806210083952934,-0.0687307427039549,-0.0537691912793967,-0.173083933634354,-0.0300870239309362,0.532021428559281,-0.251412791324787,-0.0758104800533205,0.437457055455533,0.110345189525444,0.415294369579503,0.517648899154862,0.357076677751343,0.565088111384385,0.200219840731208,0.276123785099508,0.11115089100519,0.335128169203443,0.143134176884056,-0.33050394871611,0.0123921362275825,0.14500717607301,-0.00506766051493984,-0.127146006897202,-0.253514525585638,0.277978913903066,-0.112850545836028,0.103721162322847,-0.341776812033711,0.0708972597730465,-0.00967646635978306,-0.176996253881321,-0.0862018770157455,-0.198592312156367,-0.241644954653885,0.188564903396725,-0.311904930883792,0.168852132350228,-0.224137849381059,-0.265264108367516,-0.161616764129028
0.0904956101127082,-0.429904512065662,-0.0883898570618231,0.00740986519271991,-0.957659376422433,-0.216620485538285,0.158554072404484,-0.443841214354489,-0.334316167879592,0.0379896905140908,0.340108604226391,0.364013331376881,0.361149155517416,-0.416835105756922,0.026305470946831,-0.239914598918344,0.573948546322543,0.140939005214199,0.0311541837934747,0.810654769499693,0.643205723898497,-0.0818257199327701,0.291911689162025,0.710223747771761,0.0484342913574162,0.16216848592716,0.718499194539932,0.586312995983642,0.52399812339019,0.0477004097856849,0.422848595259614,0.0378607428695724,0.21064896542852,-0.145326233932135,0.521732587762374,0.1758546628508,0.115423116731506,0.0788876808567487,0.121618461224512,0.135252140908798,0.166897140961556,0.0419820597926366,0.107541625576173,0.30233109029291,0.331354637232714,0.0351059737586694,0.0218502285582446,0.501209257739108,0.176156540117834,0.350678843153637,-0.101489403143505,-0.625396958281826,-0.594995755768584,-0.887979349729564,-0.742534017014479,-0.323436725866236,-0.666584999668828,-0.411575959935912,1,-0.0608853661363874,0.0672837674429447,0.366563320561704,0.00270962969062583,0.230428134552992,-0.0181614294443566,0.250072511592606,0.172183389407211,0.392726919610327,-0.662892085590009,-0.584071712182306,0.463023472264061,-0.011349435800443,0.436154238394557,0.324712831257339,0.200461972263003,0.145893039910789,0.0451982510762993,0.361125883814203,-0.0409175883099371,0.0851063342204345,-0.0813525296908515,-0.4763597196903,-0.162451884216702,-0.218791405239806,0.658797240156748,-0.477755651015487,-0.123434977132793,-0.203688776624946,0.0299148970315781,0.148529469703422,-0.256976371198493,0.123593784632667,-0.0661227828734046,-0.136455971519479,0.305495927742131,0.028988213947691,-0.209838852734205,0.116179912389528,0.0457250304461878,0.141788231114176
-0.0164360199782121,-0.505941175496926,0.165816605894881,-0.0893533251092799,-0.594252185539109,-0.143141085184961,0.207686696166608,-0.115117750664383,-0.169968759559917,0.0981173093879956,-0.00818866300865495,0.198264845501167,0.0300222231683964,-0.723882636749207,-0.152404423844154,-0.195387934006807,0.398394267345411,0.158945728038208,-0.308410476000246,0.597009091342098,0.367818503294138,-0.149369570136852,0.0289992755781766,0.479621211974916,0.0242312002184325,-0.187912448864485,0.391307296615766,0.341427217917654,0.364659189103522,-0.019591477073212,0.313934457204054,-0.0698170320760533,0.518798924928941,0.03446363403125,0.502000717071433,0.00714127833947112,0.193580121036153,0.127318451960119,0.213330183598963,0.0478699591617698,0.253931909685351,-0.00520467842907585,0.223660988202019,0.356321831837285,0.244891982197894,0.157000531490343,0.195868190081383,0.466308830166908,0.0945031401586053,0.232510612685199,-0.0753169494671922,-0.410107262279123,-0.756892419172424,-0.516720768880828,-0.381136587956502,-0.263991713076845,-0.307710189482344,-0.0806210083952934,-0.0608853661363874,1,-0.0839168722459369,0.135156769269054,-0.173357187373271,-0.0600227678837055,-0.151576672861317,0.00668423155498116,0.175874690995015,0.140868472419086,-0.495569788637185,-0.513199412368892,0.221967276185906,-0.381274967915366,-0.0241923424411688,0.174940250036601,0.0525565690969066,-0.125512133294138,0.0708817407725993,-0.23539082438979,0.115052826494393,0.0877435268100654,-0.123990835492858,-0.227391838037774,-0.00896487847566557,-0.0727991560105849,0.221253591219781,-0.335153837781755,-0.227838800883479,-0.222323063135298,-0.0348466127899705,0.0845880203455135,-0.212727614725513,0.0373300107142672,-0.358858080852073,-0.0777090634942259,0.0176455401158385,-0.00890446035585037,-0.0548462865133597,0.10131364889503,0.00843795788242079,0.116775577447834
0.0970173489621511,-0.388651688120595,-0.00406751444505916,-0.129883626633388,-1.01280502952076,-0.218803583602612,0.438773610459014,-0.0660682245439435,-0.0928191839696423,0.123236449115817,0.22734941044853,0.197921557475451,0.455567245419929,-0.707014080980141,-0.0469699807486695,0.158445974669493,0.579471213972222,0.581504127383052,-0.252750400369611,0.953484344189578,0.574154756037004,0.0832482240579769,0.396285226011926,0.772343860352626,0.0851836652831635,-0.083033233264144,0.58784629962732,0.245865526024038,0.437392489663196,-0.0714787843912084,0.361898589102493,0.165764417665767,0.226757864618901,-0.0668946838572693,0.462136150387701,0.165057787581204,-0.389887898006557,0.159021828290623,0.330239339317653,0.350301771964438,0.0205141955984168,-0.0761223543256992,-0.0405312890964744,0.15068025042538,0.0835187197039403,-0.117906558417955,-0.0446059749264178,0.203820533047107,-0.137099327803272,0.218188041443087,0.246051450001521,-0.414209217715642,-0.505071111833105,-0.79461255467777,-0.71373302161758,-0.131748844576668,-0.329087957135214,-0.0687307427039549,0.0672837674429447,-0.0839168722459369,1,0.437984852811192,0.0958748063080127,0.164413148720898,0.0695521084312299,0.0345608356027182,0.198271458392683,0.384575685094608,-0.558398638046206,-0.3161248262941,0.425103444126309,0.0269621875209192,0.3722930909804,0.594628753821858,0.237779223518614,0.0393043303012336,0.267763108239986,0.116207874750783,0.0231964603613764,0.304768802552111,-0.145491436577971,-0.55570025056905,-0.251926525735371,-0.219814375712981,0.4033484792085,-0.483120152613397,-0.259971450937598,-0.348769830782664,0.174899927660111,0.111466036804057,-0.260819525966066,0.245022043675516,0.0198827164718161,-0.301341682653395,0.340414365592202,-0.153707192309042,-0.245766542427929,-0.0316630000404965,-0.0951151249659635,0.260056913742958
-0.136034024451584,-0.635387324308463,-0.0202042079193407,-0.0484644579397647,-0.804684718200027,-0.103930292423594,0.0760473259787659,-0.328773333904552,0.083551892110555,0.308751414392216,0.157547579362396,0.357151470276649,0.0720586567658618,-0.757731337369746,-0.164152606197142,-0.305770662897183,0.467637980453842,0.0888687548671822,-0.402781163847076,0.401752523209118,0.260312597977001,-0.0652610683055658,-0.266324054084806,0.638549848177332,0.320545387941977,0.186110355961367,0.395639221552753,0.304373667921279,0.175446292188302,0.0622357738680215,0.0389796639343845,-0.163791358065245,0.0377642833534874,-0.131305437166967,0.207258801771748,0.0914016115239472,-0.131488135417603,-0.125520729958861,0.158431398263181,0.00543258678065671,-0.31222795038448,0.150745440040337,0.0455963507349548,-0.149848751247886,0.0485343612344858,-0.116159111712098,-0.193228659354371,-0.0770396906782788,-0.379167847214127,-0.232595878680702,0.288633433797128,-0.420498432952093,-0.536398520036487,-0.773872165630446,-0.0512518247478309,-0.185783590320985,-0.589668637374873,-0.0537691912793967,0.366563320561704,0.135156769269054,0.437984852811192,1,0.329007970245445,0.120648680531717,0.39844816041876,0.0287382383147332,-0.0249395558032552,0.269934422825005,-0.0800396310404875,-0.157362220110758,0.293258697026941,0.286061874869264,0.0667529451411957,0.294018583091405,0.591452449494893,0.438478124938231,0.394919231814561,0.291703147449963,-0.0389759340550893,0.291960215649625,0.30886241873946,-0.319019215983358,0.0372236533417551,0.394847977130126,0.548729971067441,-0.215601913239277,-0.0435081653617833,0.147915246675397,0.0662846118273857,0.119239393042732,0.0704819326784025,0.0320224847600884,0.252292030616354,-0.208263586241536,0.480501275316716,-0.280858036925785,-0.156670172717915,-0.206321726464963,-0.301567524624536,0.0455445273689538
-0.0367209602402798,-0.534147996310526,0.0428471127795579,-0.121758350508771,-1.03812713273194,-0.444618735020095,0.1752137810953,-0.205189155411583,-0.181143596516365,0.06570579384958,0.0978758229084836,0.165704789284507,0.220601314854706,-0.713700087371213,-0.164857323528748,-0.107131771408031,0.347758778904904,0.326514464295246,-0.539321804554763,0.540560843989702,0.344055486700925,0.06749814649034,0.066156549229192,0.644534188500513,0.192715315543839,-0.164339057406535,0.46451270198916,-0.139182993613609,0.204066153162771,-0.209561629546289,0.442456331411248,0.0411899586054354,0.181473469275596,0.01741205672019,0.224998783486607,-0.0274972539229065,-0.489739954133471,0.123782688055442,0.544626861687192,0.380395331746861,-0.254171702463922,0.25812842824293,0.0723362187480915,-0.191065034932605,0.103185664812757,0.0367647807271775,-0.108099083393136,-0.0322731256725508,-0.619536775482355,-0.363269110577268,0.206235448467486,-0.549818915957251,-0.617038532391987,-0.798951613927706,-0.576843787066434,-0.3755859615585,-0.590270935676411,-0.173083933634354,0.00270962969062583,-0.173357187373271,0.0958748063080127,0.329007970245445,1,-0.0810477889476805,-0.0113541128443079,0.0880912648037007,0.00532679518271112,0.200415381739061,-0.141697981283044,-0.299670908894216,0.281989597189124,0.219110478188668,0.18129023706012,0.716607972248212,0.265035346259722,0.00137680579274208,0.274006782273005,0.0906022734735163,0.227220899142071,0.573158388832838,0.181815755248722,-0.260562631245427,0.227721457895893,0.271325567684169,0.614214761751502,-0.0671518746227511,-0.251110398937256,0.0395891929351427,0.119838054652486,0.454924011595232,0.225205590172289,0.321014250297867,0.209031598421209,-0.220753137595649,0.610806820072618,-0.285577406709994,0.189887872129093,0.0247085351469667,-0.403876143379639,0.221716945669286
-0.0358446175972339,-0.570069607495083,0.306281187790833,0.248673685396462,-0.983036468897642,-0.313706430486321,0.185285195740432,-0.0144299093563653,0.0393141496392988,0.348118217503347,-0.0206105693679595,0.290959225802465,0.0518356368274648,-0.422765970467355,-0.0257197134598522,-0.477379237248574,0.237981284445624,0.267788375548033,-0.463041646078344,0.606039448771959,0.252339411982315,-0.174393629132094,0.197134580086129,0.719002481282052,0.247329850200302,-0.27343469098255,0.0581531116050264,-0.131131248594091,0.415148436252587,-0.173814090699564,0.666378907337599,0.218361429955506,0.150602589950615,-0.123985476139981,0.439479315199569,0.158940311185153,-0.335352633061603,-0.283746853874864,0.520117299928385,0.286778804928144,-0.389128619598289,0.00417104944637142,0.195566007683393,-0.192304161927744,0.111604609516887,-0.15888616513868,-0.00409607650755117,0.0253267636209016,-0.52134969423968,-0.31462011007376,0.27801169106878,-0.328684860401537,-0.656047426493893,-0.622053380351862,-0.33807282757549,-0.0598939693882312,-0.508747468961665,-0.0300870239309362,0.230428134552992,-0.0600227678837055,0.164413148720898,0.120648680531717,-0.0810477889476805,1,0.123461475311568,0.173398240106281,0.0179660059278334,-0.0401042774666469,-0.406698342798013,-0.567026132580902,0.248284595579526,-0.0378191565280941,-0.130537603595701,0.719287178133324,0.364103344407639,0.0457230039877698,0.588073446669217,-0.117503489001008,0.224293230230708,0.518527505669914,0.0725971025320703,-0.498090473742233,0.32054410054458,0.290041372937243,0.349291037539755,-0.0616290594523634,-0.221210662099291,0.0758080271522117,0.301753279546008,-0.0194172526856011,0.0396096892941062,0.264730609043719,0.0887848597266464,0.0244698390603809,0.563113176213823,-0.461303832831585,0.00774353244945941,-0.0332192155330138,-0.344530449164179,0.0142114362113951
0.0309952730056108,-0.0310384494423751,0.498030328430559,0.300305267519223,-0.616399349824984,-0.0616416670028552,0.40709106083261,0.447354677305379,0.387739740156234,0.196510005007018,0.197012185341804,0.304151436722565,0.373077009909454,-0.278698147740021,0.27719449204783,-0.429795727577986,0.0435586113952811,0.188974990938529,-0.339575741594243,0.406568323707114,0.294488805526924,-0.231406690888258,0.0459994836600972,0.616441228206701,0.0750913462762738,-0.172480596464793,0.130160184468669,0.0410100626476105,0.458021148025932,-0.154640041185773,0.857257580046955,0.310525256553881,-0.039938816834259,-0.313052873422158,0.166840238128668,-0.0628129202466003,-0.0603263850579487,0.216084410537513,0.345786231957034,0.434417239875165,-0.279216283980216,0.188147543208376,0.198009096745123,0.126055295005285,0.249291715063454,0.0681660977171024,-0.0838491275129546,-0.088604218231098,-0.145514646900918,0.0610307569852642,0.48414922822047,0.194720535033719,-0.33809689706751,-0.157363588607844,-0.259213380054127,0.0334015753082829,0.0395633928060494,0.532021428559281,-0.0181614294443566,-0.151576672861317,0.0695521084312299,0.39844816041876,-0.0113541128443079,0.123461475311568,1,0.348436169249745,-0.296065328160039,-0.103128036495501,-0.77680840830714,-0.69161678346841,0.15816819494804,-0.307661708710114,-0.0997948984318452,0.643958320929298,0.0447215660607594,-0.0286855773985861,0.471976555494248,-0.0812688437167436,0.199571653963213,0.372300007284408,-0.266299422644111,-0.51404564141263,-0.0172809905677019,-0.28088994296671,-0.040513226361007,-0.45192744708211,-0.122949286569613,-0.191151498373292,-0.0556505714358743,-0.131016045224381,-0.34310878321029,0.340524478467451,-0.269075538409848,0.121624668255904,0.496499316879636,-0.154690542234384,-0.00488963107022766,-0.291777460174732,-0.204038320609203,-0.0417509194460748
-0.0478710061541296,-0.483923896650715,-0.0680258886831726,0.21485719712173,-0.71160243066681,-0.454226718923861,-0.074691707843666,-0.45135926087811,-0.229921724363246,0.223854520855228,0.185098416779831,0.209075417980838,0.154491569735326,-0.49250300417264,-0.162450116842576,-0.246900708463805,0.327576225033739,0.0249856417526444,-0.280882311323312,0.217466931825102,0.579745914708757,-0.096096180054041,-0.0441387822207777,0.411600924629853,0.261390311994594,-0.297772403179043,0.0380265646180552,-0.559475240943372,0.143571348868286,-0.258405319394809,0.423163548723057,-0.0170467050929053,-0.0289408190238223,-0.0495153638650551,-0.185827629056959,0.112235327033951,-0.263322744885397,0.0110030055657544,0.465648291164164,0.213455068203796,-0.445636424284983,0.212877147508698,0.0088320920172347,-0.0563397542155279,0.0498834379410285,-0.0209495889979368,-0.193149582675197,-0.168673656979216,-0.428238711209182,-0.18925750266099,0.191280892966316,-0.611302352160785,-0.646025798419817,-0.544239530255384,-0.20922785194734,-0.405358258970935,-0.776712166046142,-0.251412791324787,0.250072511592606,0.00668423155498116,0.0345608356027182,0.0287382383147332,0.0880912648037007,0.173398240106281,0.348436169249745,1,-0.0331079871471046,0.209056768217029,0.0573468671648528,-0.0921459484590404,0.502216638639309,0.221144671021506,0.109199550722614,0.688081029173878,0.332045837803091,-0.119719384389646,0.241587847921015,-0.155581092126508,0.507968103545526,0.650179365987365,0.130368746645443,-0.0863746985391247,0.324355864165618,0.247216858234359,0.401801220404159,0.0533020700629543,0.00497054853155821,-0.0337548424568304,0.174937814650947,0.359958598259589,0.3086628784875,0.56432693062048,0.372340078078743,-0.142979904479897,0.54247829173996,-0.109056265505263,0.152293474654433,-0.0401913176164976,-0.020156945194952,0.366727361475766
-0.0833779970913854,0.100337140027263,-0.0712834323324641,0.258826150262395,0.0662766442641207,0.00267268845997767,-0.221465364587413,-0.0763614597836503,0.0108837681016568,0.201470166680439,0.0765784709985612,0.227697935922587,0.180913089032717,0.359816134668185,-0.103761548374593,-0.19010350020786,0.0949473664229379,-0.129224928720776,0.0789601073168084,0.0787568731977076,0.130915883189156,-0.164511889367593,0.0792555027532111,-0.0260917256547847,0.0332030702179928,0.374842369120563,0.228704371099988,0.648890200546293,0.163555552425903,0.388689514487337,0.327666983642412,-0.088267489045012,-0.0117960920546076,-0.0397145977339255,0.23349294711268,-0.126043183554914,0.418636536646388,-0.129745725960394,-0.546611923431126,-0.242421620264732,0.0938703489157036,-0.00249473432884467,0.148293328673991,0.13152341107657,0.336993960888661,0.0137807459500517,0.081590738922003,0.148957693772523,0.464092124123723,0.341844185781085,-0.342766390161458,0.0782492537287838,0.165764948823978,0.189574027829136,-0.0574964481036421,-0.0264290506178514,-0.0316537168700122,-0.0758104800533205,0.172183389407211,0.175874690995015,0.198271458392683,-0.0249395558032552,0.00532679518271112,0.0179660059278334,-0.296065328160039,-0.0331079871471046,1,0.335559250529028,-0.17770248503814,-0.201184111369131,0.0422558498284916,-0.198342727458034,0.0985027706170905,-0.380659707447506,-0.0668645022307309,0.301643051532196,-0.0264167590497018,0.409875027089553,-0.425810512726722,-0.392810436385754,0.0785515420203693,-0.132107674994173,-0.0468540230081771,-0.195958522614725,0.171124727746505,-0.225926496700281,0.11099473309112,0.227876542203912,-0.0675825653035002,-0.234657427987915,-0.315825057316266,-0.21374198651287,-0.235666843372409,0.289713173594576,-0.180980550760241,0.0204150610699905,-0.0950794868289927,-0.0668501129070784,0.106708574631651,-0.105482925283726
0.0592217019451304,-0.0144618086731704,0.149443822718386,0.233479188898455,-0.498598486245107,-0.215574627928786,0.726270974210402,0.505217846953772,0.260720864389957,0.382253896794629,0.272805660261832,0.159591751795063,0.467429361197593,-0.382803530864969,0.180140538301081,-0.150108500285021,-0.0692451245933809,0.157446927682019,-0.649486358432361,0.517101521887856,-0.0685389629661384,-0.322419476779978,-0.041650823452547,0.530568261898558,0.349655088952792,0.0932730211328586,-0.0194705666477241,0.153863841338255,0.490330127755655,0.0336819082130655,0.489710324351764,-0.0554962180240652,0.304242192296327,-0.354379194945636,0.261972437322264,-0.164451752582553,-0.161367758899431,0.0806240363863841,0.279862243873248,0.547741913512336,0.00132684313156867,-0.345696076045937,-0.059010964103175,0.14987327044208,-0.203529648648988,-0.218445658783959,-0.0370894975741674,0.118957524639731,-0.235049453699668,0.170900822379329,0.297213116061286,0.0768894445097646,-0.0168123125936189,-0.109637084134681,-0.459689349848886,0.0961030205105361,0.261672792436581,0.437457055455533,0.392726919610327,0.140868472419086,0.384575685094608,0.269934422825005,0.200415381739061,-0.0401042774666469,-0.103128036495501,0.209056768217029,0.335559250529028,1,-0.675703490139805,-0.515282612564659,-0.0992451915059349,-0.131385870476937,0.0296735001747674,0.671132270104081,0.180752589813484,0.24679543297822,0.438406066080466,0.0867483639576536,-0.035329378763359,-0.125309726709608,-0.100577294872562,-0.548281064942163,-0.331741036432586,-0.286447944571075,0.0333025315869132,-0.238963303993251,-0.14997953858719,-0.282185698492286,0.259580160949566,-0.0376262270899881,-0.39163159229146,0.0513233430683683,0.179613531290644,-0.215391710136258,0.0283988376941294,-0.265238827232887,-0.205645472403502,0.0137746129048965,-0.109360781206652,0.187955210862703
-0.270966541440899,0.333010819794461,-0.156825795193216,-0.16729520991376,0.135885371015997,-0.316855663981399,-0.0173660289248221,0.436017652652338,-0.04769695524919,-0.664355027233897,-0.268503957874458,-0.781164543255578,0.00362619040466716,0.239275700383737,0.384823765296511,0.572178123552236,-0.57581058534081,-0.154662967237665,-0.400542813152057,-0.4311186785746,-0.868230227810517,0.0646774404601155,0.011332003545558,-0.409520949078569,-0.634177855858465,-0.343396242836783,0.214109591054191,0.0176845983730236,-0.682051915009143,0.196728360518855,-0.161226992696238,-0.16403319352209,0.36220336293182,0.257811397400218,0.36158772514311,-0.369711100817281,-0.462668654352978,0.38023730967887,0.352166704911892,0.0463723901742231,0.907039504486492,0.0596602443239566,0.58861864466687,0.023834833734838,-0.0372139117094327,0.54617763296255,0.772892599379469,0.260263654217965,-0.217688662396117,-0.129692750241625,-0.157409213722662,0.363778173313699,0.582696957793452,-0.0260880350753121,-0.392039871563565,-0.132771966333915,0.609483852497007,0.110345189525444,-0.662892085590009,-0.495569788637185,-0.558398638046206,-0.0800396310404875,-0.141697981283044,-0.406698342798013,-0.77680840830714,0.0573468671648528,-0.17770248503814,-0.675703490139805,1,0.0540735197002814,-0.876993998592687,-0.4063951298415,-0.454576644679805,-0.403490723032763,-0.787935804356147,-0.584082351604275,-0.715396533412597,-0.315620237097268,0.211515753375409,-0.249324555263759,0.0348923766524949,0.196557435627774,0.108529022743105,-0.0569811979721047,-0.469822993717332,0.348037460033698,-0.512250578796238,-0.30937959828125,-0.517185554791897,0.418448593799633,0.219436215377287,-0.342700088666833,-0.101793827668842,0.0696019866841958,-0.132370426650165,0.0969150603539042,0.654127069142011,0.0745512445719612,-0.319406780865187,-0.45551484406928
-0.533715380780896,0.345806967131851,0.0695966229942586,-0.36629077983337,0.0729792098687956,-0.372655170824871,0.124265858197792,0.504294934700215,0.142720126781447,-0.573754377443496,-0.0864383484601607,-0.531292796735465,-0.1634632674658,0.152897032273829,0.102293996471907,0.0978848485868957,-0.380290236469734,-0.051059928559882,-0.312968216249546,-0.420847466889668,-0.66324112086633,0.0606174958218683,-0.232892576495493,-0.0401881593480049,-0.289991051672011,-0.0857706040822269,-0.032078617172348,-0.00267110370545948,-0.63758805965812,0.037300282729772,-0.068272180149974,-0.278568843120775,0.380838640935319,0.209810151571483,0.337699587145138,-0.583505273069878,-0.184990890706511,0.356155895771811,0.311242798063247,0.203725414658621,0.55193934644794,0.182103584962045,0.542651635323803,-0.226855987459967,-0.0394079435705736,0.456881942958823,0.669326678121103,-0.127894353025235,-0.389097278515912,-0.166268464540733,-0.325979008472023,0.500912273518072,0.358854579853952,0.194394597128329,-0.151121447427068,-0.146428482418098,0.527107161349794,0.415294369579503,-0.584071712182306,-0.513199412368892,-0.3161248262941,-0.157362220110758,-0.299670908894216,-0.567026132580902,-0.69161678346841,-0.0921459484590404,-0.201184111369131,-0.515282612564659,0.0540735197002814,1,-0.806418743644518,-0.0806763307750175,-0.467635127083054,-0.0110185026472892,-0.444531537095983,-0.231029028643539,-0.496213019499608,-0.134540639212629,0.0934224383867074,-0.211480845658324,0.359161947812985,0.247180920201614,0.182085688892658,0.102329316708507,-0.142947746072958,0.623727309961662,-0.291056866637177,-0.211228830590044,-0.288669804472404,0.48658790946515,0.192920836155998,-0.290525439447196,-0.113147511392766,0.203556537539141,0.0991469075038139,-0.212439044580317,0.839813322901645,-0.130664047318944,-0.531676935804578,-0.474576582644608
0.0700682587465704,-0.215147026053045,0.562225048125487,0.462093925744081,-0.449201853653605,0.137644252133587,0.497920978565886,0.222206233882422,0.426711445498587,0.449310020656271,0.257324177166999,0.42766751157448,0.411797492540567,-0.497268082483977,0.275756545775821,-0.792293917590369,-0.08642661498785,-0.152296824280371,-0.477859036257721,0.248593633449794,0.125758350913316,-0.472963967227444,-0.161978327777082,0.581417524812223,0.428208469579778,0.128279003051217,-0.220175092843048,0.0497644862691377,0.43133853841416,0.0135155263989335,0.421676731141181,0.246342619823703,0.114801768870796,-0.637306560481465,0.155038642575579,-0.0696178085388635,0.0838786545778093,0.165092648111509,0.2356621037469,0.321513513170126,-0.326535211942099,-0.0641426396360431,0.0778889839373174,0.231578558299295,-0.252815517730395,-0.133233174270296,-0.135336148013538,-0.00368831529433805,-0.0635306130637707,0.1921406237268,0.418920683590322,-0.0329781217035744,-0.556815918186573,-0.0316641351602177,0.144203107211877,0.153178955042634,-0.0768479582297904,0.517648899154862,0.463023472264061,0.221967276185906,0.425103444126309,0.293258697026941,0.281989597189124,0.248284595579526,0.15816819494804,0.502216638639309,0.0422558498284916,-0.0992451915059349,-0.876993998592687,-0.806418743644518,1,-0.186904625620039,-0.149359422450351,0.717251739806469,0.236682176422961,0.299178121595134,0.445432935006139,0.0311228764555181,0.102415221337985,0.248672988490482,-0.243562209199628,-0.579615653317172,-0.338960064683698,-0.24984765709397,-0.0216029580201682,-0.293396565484596,-0.274720650724141,-0.207532622968028,0.139212635342473,-0.236728158806613,-0.371557225031449,0.32262255361019,-0.0203357733132414,-0.0123184778842976,0.287932573013999,-0.139600397026892,-0.147832408955824,-0.170421839092005,-0.0483002085885957,0.188570953325347
-0.0642549967728686,0.491992121339734,-0.177327592559449,0.217432763526092,-0.0248164570522032,-0.0548070659811667,0.424426227699623,0.384621395076573,0.227173703702515,-0.0271459064836,0.170469673563429,-0.0455244942735845,0.719072328705075,0.136562660222141,0.151287400222597,0.356845580741509,-0.12461974572455,0.0277438779402969,-0.142493225431268,0.041924586901873,-0.0189467848518353,-0.115497183723782,0.00464715976594121,0.140209979358305,-0.0250387021187897,0.0898263049163003,-0.0662008048806638,-0.303556016693328,0.0438848863243839,-0.347999294575561,0.266327984393247,0.132456796000489,-0.177521659013439,-0.242787505482133,-0.18880844772047,-0.195479419984521,-0.254338586524567,0.526250169919745,0.349686990234373,0.593941555269416,0.2343185425589,-0.118858184226777,-0.119345969306485,0.334406013065901,-0.302895731806268,0.0316284164592088,-0.0457537314287118,0.0713367263831035,0.131509245523894,0.396070141175302,0.00617036257346304,0.292740146158256,0.433870976043272,-0.0793751046017505,-0.256555570587155,0.0395375964448476,0.282427768827206,0.357076677751343,-0.011349435800443,-0.381274967915366,0.0269621875209192,0.286061874869264,0.219110478188668,-0.0378191565280941,-0.307661708710114,0.221144671021506,-0.198342727458034,-0.131385870476937,-0.4063951298415,-0.0806763307750175,-0.186904625620039,1,0.0718517691434041,0.341883444090717,-0.22683349170422,-0.0541905177966164,-0.055196217742963,0.207077601950234,0.209486757439997,-0.0190934538747203,-0.210294453721643,-0.279238040639913,-0.397198057914895,-0.526505641333955,-0.0688583127525772,-0.196956884145453,-0.138301161641237,-0.432443299910341,-0.0510881468969299,0.0632469349218757,-0.318252203372376,0.396631286854961,0.247749292236177,-0.290971217758083,0.155921952404283,0.20468349543534,-0.103616751876201,-0.097233308863143,-0.055130473692749,0.220013505111169
-0.154311958332657,0.117519486005557,0.187916598521168,0.166978499762673,-0.347314362811551,-0.229859851297848,0.476616912228695,0.373607213810397,0.287735454227695,0.381459859636046,0.423258900836937,0.283286164943106,0.369882966057936,-0.225929491231068,0.022050563911942,-0.421524806126883,-0.0559954783790869,0.0884744781112447,-0.541128410542868,0.256782751027411,-0.0355697382497212,-0.229859815055779,-0.250635448526816,0.413821853582723,0.404732647671505,0.185613650926623,-0.41610406962775,-0.204683425292395,0.0297805306440561,-0.285512853737968,0.436511306171639,-0.0206212770365811,0.32999882753908,-0.254096830923934,0.166554605238385,-0.389359906326299,-0.132852135921746,0.132783726901272,0.367702188020382,0.507658805519881,-0.108739267955049,-0.202372788629125,-0.0472950735165368,-0.100424870068284,-0.210282631183936,-0.200543382443302,0.0436568794098018,-0.191426798160488,-0.362602009555241,-0.0412401009634234,0.0793711507846432,0.0603631244858299,-0.166882236674084,-0.0938568315351147,-0.231976275594909,-0.129289096180946,0.00232337035191771,0.565088111384385,0.436154238394557,-0.0241923424411688,0.3722930909804,0.0667529451411957,0.18129023706012,-0.130537603595701,-0.0997948984318452,0.109199550722614,0.0985027706170905,0.0296735001747674,-0.454576644679805,-0.467635127083054,-0.149359422450351,0.0718517691434041,1,0.750585170520743,0.240671844562504,0.269127720287602,0.204867401219197,0.041592579677988,0.0882543984936038,-0.0246291938777859,0.0648860087424887,-0.373947466199469,-0.025498905074489,-0.110907758647519,0.0412456349530816,-0.00127767520033062,-0.271410293527335,-0.181887327116178,0.133144874888281,0.129288543313043,-0.163663684219555,0.248888771658081,0.292550311182248,-0.133976094559786,0.223941714232442,-0.269920225040731,0.0850385962865287,-0.125113132123139,-0.282689976976777,0.128966600737042
-0.101547120631171,0.0339758497015742,-0.17311921844895,0.410724586042206,0.149051046029625,0.356760566124705,0.131982558568336,-0.159990125573435,0.21949816701669,0.273791188949798,0.366803901887255,0.492741554619275,0.519852191230054,0.268336495144799,0.34807464772274,-0.10144993752878,0.39978449380821,0.0219227723475375,0.479651767036133,0.170157726906203,0.767918253801434,0.0829486898007964,0.187782553751855,0.260891081896018,0.508977293637851,0.602069929881884,0.269935119959375,0.196323072119899,0.499385758609071,0.0406289324531593,-0.129945102231935,0.442832234452207,-0.710802847899389,-0.494297877296714,-0.33265286485781,0.0697157254555937,-0.0140680942175921,0.328087422712999,-0.282051678655572,0.0775651104705767,-0.484926408559611,-0.224671248895844,-0.646505998701814,0.43357825236548,-0.114896427566303,-0.287309577266404,-0.599836729356939,-0.145225781751039,0.344361490156796,0.244787276853323,-0.0144594258632804,-0.0423197277991723,0.140452295330582,0.111202474534521,0.402439350978243,0.365845290047652,-0.437356029625375,0.200219840731208,0.324712831257339,0.174940250036601,0.594628753821858,0.294018583091405,0.716607972248212,0.719287178133324,0.643958320929298,0.688081029173878,-0.380659707447506,0.671132270104081,-0.403490723032763,-0.0110185026472892,0.717251739806469,0.341883444090717,0.750585170520743,1,0.349936774952917,0.535078037102815,0.127786872005903,0.596781870097193,-0.349987283766489,-0.160683410865969,-0.25051870221327,-0.587655591322566,-0.871036880039137,-0.671616842189548,0.39894349278568,-0.84001086571455,0.128136214455284,-0.521745083060562,0.0625359216668247,-0.579034659396639,-0.800001396487218,0.203194637045761,0.002169334355413,-0.749673988459846,0.0799628002845134,0.0994217428760715,-0.638481728651267,-0.261465634683175,-0.0342538960550616,0.153815090290807
0.0630727859591922,0.135826467395172,0.0686415195796962,0.336493328133578,-0.523477207003193,0.0248262487461221,0.627921146928643,0.339278455778188,0.199123970210659,0.338707914280553,0.454663175684448,0.272653913354405,0.799663924415734,-0.236201596629849,0.23239453055221,-0.0816288768599776,0.153884615571281,0.177298506457435,-0.132607599037575,0.448535053097388,0.341556128804903,-0.154212783739457,0.330146933450023,0.443890168978987,0.0529492651691489,0.0247955657115612,0.166557475845798,0.131349908463684,0.468972361936072,-0.226700591522834,0.525396753374541,0.333249053844416,-0.0719552349068193,-0.375052653958654,0.13989128076057,0.085411838311739,-0.054884592981825,0.285611105412522,0.213834256656388,0.363980989142553,-0.00715257879270548,-0.382905372408907,0.0296389547336992,0.367875899746518,-0.136831039438078,-0.194285974683366,-0.123584800835445,0.166580104630459,0.300359549347243,0.50788676332435,0.241457875696013,0.052433079112265,-0.0425181465147197,-0.177854730830406,-0.396241505454906,0.103578395293425,0.153460526188695,0.276123785099508,0.200461972263003,0.0525565690969066,0.237779223518614,0.591452449494893,0.265035346259722,0.364103344407639,0.0447215660607594,0.332045837803091,-0.0668645022307309,0.180752589813484,-0.787935804356147,-0.444531537095983,0.236682176422961,-0.22683349170422,0.240671844562504,0.349936774952917,1,0.0953167340237923,0.298734008251937,0.101559858244534,-0.0640853279636563,0.0640423792006543,-0.301730127027201,-0.515146989522256,-0.494986577381983,-0.583973265337489,-0.0697187816058344,-0.545035180356076,-0.0863408756298004,-0.479583757861529,0.00849123268269009,-0.335462588708321,-0.652348222210422,0.321250493408971,-0.120163259902022,-0.217685205269338,0.0723817848200071,0.0518287038706911,-0.46354363646451,-0.142467865631246,0.0709779842692516,0.208128914531751
0.193302512611045,-0.00238411245868268,-0.122775126391104,-0.0717666528571574,-0.566451625627762,-0.0406006033502296,0.629704462169907,0.137196921405691,-0.0234238081735457,0.130877494670376,0.371600057960784,0.119737421154805,0.559616525996543,-0.55758942648783,-0.100852807268186,0.157872556938715,0.374977092134952,0.435916409739837,-0.0552276117875722,0.665316183623452,0.413173435995371,-0.0251586475015558,0.243847692902278,0.444496473574399,0.0486726630352334,-0.00476098201701047,0.144663764912316,0.0209595349961516,0.399661303021537,-0.448207534804816,0.257332459683718,0.228582546129473,0.135104807710896,-0.193084040728936,0.0520786785514825,0.0522824166223048,-0.125797128506928,0.40597540800662,0.266391740523653,0.35394810594797,0.190637711163724,-0.312862502457257,-0.14658474249848,0.305356864524672,-0.186434811103926,-0.195914418388774,-0.0785931853184899,0.188546303669457,0.273454774919218,0.575839564315744,0.218004928629014,-0.137626014418416,-0.13136071565237,-0.29856616819668,-0.521834400413558,0.0534118961498611,0.0871555959923488,0.11115089100519,0.145893039910789,-0.125512133294138,0.0393043303012336,0.438478124938231,0.00137680579274208,0.0457230039877698,-0.0286855773985861,-0.119719384389646,0.301643051532196,0.24679543297822,-0.584082351604275,-0.231029028643539,0.299178121595134,-0.0541905177966164,0.269127720287602,0.535078037102815,0.0953167340237923,1,0.210731715893791,-0.0204131561641113,-0.0253258083729359,0.16522868442251,-0.270268689507311,-0.308729005518962,-0.425815054527787,-0.505132241541903,0.0565246487782072,-0.331327322472684,-0.0899461625639748,-0.397587466511975,0.212753936081333,0.0386629712864202,-0.33150681527558,0.384691002559074,-0.0211836166882184,-0.234795680843291,0.0108496158239773,0.105971876030594,-0.339971305037174,0.0591817851169367,0.201874362718007,0.369241482271025
0.178735481776461,-0.12239211554566,0.426349147440402,0.281864165820929,-0.249160856724096,0.403879825942851,0.394150315219817,0.10946428371314,0.218401362221193,0.0491880570521727,0.341023426314809,0.257351794335798,0.243348533823121,-0.424327008027675,0.14529002827395,-0.478112108862987,0.161428347289977,0.10398100532276,0.0398657373147879,0.27118174713014,0.498348438605859,-0.112047156306347,0.197238046914161,0.35788636608969,0.0899257679518611,0.00238048157943421,0.237385480793565,0.25549450398379,0.223448921951197,0.0140048766679468,0.136263917803211,0.577125545763875,-0.169229570472127,-0.565910452867445,0.0163810438547738,0.213577894474864,-0.151765618643842,0.203405841109765,-0.176241706390402,-0.0611779428482372,-0.36043695753866,-0.225911523512818,-0.0836371836687484,0.459637610842725,0.0419146162345188,0.0026631853709182,-0.313798807530432,0.00470639695201869,0.377883728196494,0.323438337721604,0.209317668761449,-0.00703686873260076,-0.342549384649364,0.178535597943697,0.283594624710191,0.327445000016858,-0.037280265927981,0.335128169203443,0.0451982510762993,0.0708817407725993,0.267763108239986,0.394919231814561,0.274006782273005,0.588073446669217,0.471976555494248,0.241587847921015,-0.0264167590497018,0.438406066080466,-0.715396533412597,-0.496213019499608,0.445432935006139,-0.055196217742963,0.204867401219197,0.127786872005903,0.298734008251937,0.210731715893791,1,-0.0252952867468783,-0.0448070843902776,0.130482332914985,-0.441116504618709,-0.557422855333602,-0.561577716096681,-0.540947243154765,0.0512407083777857,-0.583666161043716,-0.230330799880004,-0.343416480207072,-0.082089461999188,-0.525252181029489,-0.438660778732043,0.219015487449611,-0.483426210357146,-0.0116802848146287,0.040442246818341,0.16059419577438,-0.380097475200447,-0.159064658310254,0.0796431999529402,0.0300987503928601
0.17907016595139,-0.061809128797524,-0.185310026394106,-0.228504093842554,-0.448938332668415,-0.172851942600465,0.443916443096825,-0.0541472773894675,-0.0773692790445925,0.154650663585746,0.262902774615544,-0.025016205682292,0.436810788699851,-0.546895535945022,-0.16245665933119,0.139116302566249,0.181399409174591,0.241864069838192,-0.29945979616087,0.364360093422542,-0.0101844444256691,-0.08222574500177,-0.00134421122792475,0.229482104394848,0.121408489287349,0.0663592281081322,-0.242107925004943,-0.279398389864235,-0.0686531889325399,-0.36594842729869,-0.138765933511994,0.189123361106269,0.176744821366193,-0.184561732843571,-0.0305491925476943,-0.0197034857656372,-0.305104250435357,0.471317131092601,0.375901658536677,0.274210785667787,0.227069852252449,-0.241209638819525,-0.188581841423852,0.113190885663205,-0.62159151960408,-0.158211902556885,0.121930496636908,0.104813161226679,-0.0575263111370476,0.390118166020519,0.0575585671057868,-0.187801165876863,-0.169578420065121,-0.291616038532804,-0.288231306764846,-0.0289887423713715,-0.0296848509647803,0.143134176884056,0.361125883814203,-0.23539082438979,0.116207874750783,0.291703147449963,0.0906022734735163,-0.117503489001008,-0.0812688437167436,-0.155581092126508,0.409875027089553,0.0867483639576536,-0.315620237097268,-0.134540639212629,0.0311228764555181,0.207077601950234,0.041592579677988,0.596781870097193,0.101559858244534,-0.0204131561641113,-0.0252952867468783,1,0.149077675898803,0.312400118839111,-0.168455519993105,-0.167109936038306,-0.315778604723255,-0.126256962263385,0.0302330961837057,0.131790475571691,-0.305629952843276,-0.333842880611264,0.326646009872064,0.23310454023062,0.0694695352130549,0.463976977044272,0.35738107974552,-0.218050521745673,0.0579344612693362,0.102419166538936,-0.0636236618030814,0.202888412866265,0.060854078914116,0.488941584830784
0.0842604219186041,0.154526373645748,-0.502503638092008,0.313999678054806,0.389997423061212,0.106108271719407,-0.380063862295941,-0.260551794243907,-0.182038143631625,-0.0125590246349832,-0.103705087983525,-0.0428293292886038,-0.0237183169335063,0.612852316109461,0.342283782149243,0.192583694469545,-0.249588818454376,-0.460082744410803,0.32011462869467,-0.280385769879767,0.157328633919985,-0.0722677635520871,-0.176007175046154,-0.326301468370439,-0.0190793457564729,0.0111717140612118,0.182679089589222,-0.20673745587983,0.102212590386072,0.102052329555203,-0.196121773067775,0.0819887437270247,-0.557399286210839,-0.0756701897628093,-0.505372146090111,0.137577833480582,-0.172865337090931,-0.18256429712489,-0.280383114569306,-0.0404111696523636,-0.292743619630572,0.00841385284857893,-0.348546484896453,0.127196888186177,0.28821965732754,0.0889842949517301,-0.392022089670015,0.100777327100819,0.0684732995665733,-0.115745492323769,-0.0340520675244832,-0.212139107544579,0.320804938886091,0.209785342974281,0.093271863390428,-0.119911220470483,-0.221030661790597,-0.33050394871611,-0.0409175883099371,0.115052826494393,0.0231964603613764,-0.0389759340550893,0.227220899142071,0.224293230230708,0.199571653963213,0.507968103545526,-0.425810512726722,-0.035329378763359,0.211515753375409,0.0934224383867074,0.102415221337985,0.209486757439997,0.0882543984936038,-0.349987283766489,-0.0640853279636563,-0.0253258083729359,-0.0448070843902776,0.149077675898803,1,-0.0404635003712024,0.0217955709470338,-0.00262402179670119,-0.0438826201987007,-0.191854579668994,0.18850026744615,-0.252858044365311,0.221793079576048,0.186749862801855,-0.233470366891715,-0.0465669679071604,0.0212326723168123,0.0574386414832883,0.0891989280820975,-0.337674548867159,0.107262120482943,0.269720160185905,-0.0206972484966086,0.0743211387901722,0.00345698562169859,0.0937336479779289
0.107177648773488,0.0693132495982012,0.0472283985792325,0.668908297198427,0.0935083703337617,0.515040908898404,0.105301421225566,-0.17317936190731,0.220572708038879,0.131538852848333,-0.000483457395142967,0.10401883217229,0.297455858445468,0.25170040945035,0.252430687748408,-0.20861066583127,-0.0948387232116834,-0.46300769421954,0.275593616567861,-0.151227693995701,0.203054109565139,-0.140737685736159,0.0362095089166375,-0.0155109621602156,0.0172322114037227,0.132741196328846,0.427568358165616,0.233312546169241,0.285699855441149,0.237264285568845,-0.0075318648501348,0.305580052748453,-0.880691883776422,-0.561303994915043,-0.38876366064829,0.476032829461511,-0.0248591694756176,0.0657588270040138,-0.362305131046979,0.00386569517855626,-0.552675035328137,0.246446645253044,-0.151508051885977,0.425486455484157,0.237127815952962,0.125423732237011,-0.615769301118057,0.112898197320539,0.323002182654221,0.250950732004946,0.221243098355852,0.0888434744715266,0.0625636556569872,0.288264118299577,0.491648326778333,0.166309274494017,-0.291320090150697,0.0123921362275825,0.0851063342204345,0.0877435268100654,0.304768802552111,0.291960215649625,0.573158388832838,0.518527505669914,0.372300007284408,0.650179365987365,-0.392810436385754,-0.125309726709608,-0.249324555263759,-0.211480845658324,0.248672988490482,-0.0190934538747203,-0.0246291938777859,-0.160683410865969,0.0640423792006543,0.16522868442251,0.130482332914985,0.312400118839111,-0.0404635003712024,1,-0.364554980656644,-0.342679615786934,-0.386863971211218,-0.211672873852965,0.137524124182305,-0.487878473655515,0.302199737107547,0.261995490790298,-0.100702796715804,-0.52781990535044,-0.514349246947462,0.082029717453785,-0.0909774493417072,-0.207896998957286,0.193474245329197,0.317618367001718,-0.471158626008384,-0.152206913473703,0.139425481535956,0.106616965608227
-0.199385028200224,0.25155893891067,-0.186744258433155,-0.0228751581466293,0.0581223067188568,-0.118791593727975,0.26042896984152,0.324095276899155,0.0753892063093902,-0.129771205676891,0.277427287780919,-0.374848181860033,0.558945310550155,0.0548199029072634,0.375324037152043,0.427916320094441,-0.159264128070875,0.101660052615965,-0.110905677583559,-0.178701149506708,-0.254320167606231,0.0591807888835099,0.240045995141259,-0.332014733646634,-0.310362146269466,-0.160852385847313,0.179156934854122,-0.161736525578015,-0.310337414788329,-0.0217162641509003,-0.14291320735821,-0.131808845961095,0.0210541070092418,-0.108244237901469,-0.0881396273119789,-0.171263913307483,-0.412989530072842,0.162359486539546,0.0169093450004965,-0.0576913988241363,0.375549510401575,-0.268213052116025,0.153392334061037,0.117061409205753,-0.259605727416832,-0.0148897025941583,0.178932173001648,0.169137924560657,-0.0669278133513441,0.0922295845472523,0.0359651987920102,0.16317808521422,0.431078386241792,0.0143428640152847,-0.189705776680547,0.0984118797636897,0.573589430946622,0.14500717607301,-0.0813525296908515,-0.123990835492858,-0.145491436577971,0.30886241873946,0.181815755248722,0.0725971025320703,-0.266299422644111,0.130368746645443,0.0785515420203693,-0.100577294872562,0.0348923766524949,0.359161947812985,-0.243562209199628,-0.210294453721643,0.0648860087424887,-0.25051870221327,-0.301730127027201,-0.270268689507311,-0.441116504618709,-0.168455519993105,0.0217955709470338,-0.364554980656644,1,0.0684905624061719,-0.181203295929647,-0.233918803750678,-0.288051598706259,0.159497214102845,-0.43481986747226,-0.454792032194155,-0.0274958592203756,0.00648200147766312,-0.111141576885639,-0.203877400901907,-0.132059347690624,-0.235212245246283,-0.395023976675847,0.0836076059379131,0.0498584024160034,0.176621528996411,-0.102521006738438,-0.0458840646797379
-0.133700704996488,0.29263174770207,-0.23703732578366,-0.175135470416687,0.398275663318701,-0.257324644259136,-0.245352179946013,0.314395182472772,-0.0389690767472817,-0.488913010235588,-0.166606213463978,-0.548973617659891,-0.306095759869649,0.334116647184292,0.353285541546976,0.714641140456113,-0.346437336273213,-0.0554351993507307,-0.0693037104878597,-0.296981680150831,-0.599330320580516,0.274366179033216,0.0546253535844667,-0.329799823226666,-0.477716262934501,-0.0664310031559036,0.312021987143958,0.358623212872287,-0.513412125507313,0.679634786396122,-0.319951914169776,-0.23997004571082,0.37470696679644,0.394487876790133,0.336056234880369,-0.293041920926462,-0.241831013472698,-0.0867865983566691,-0.13571409208394,-0.344372186944135,0.604217214878587,0.13585221492759,0.494365512234285,-0.199511597070386,0.17099887198157,0.304015772811129,0.562219565367493,0.0857535026253522,-0.2252824941806,-0.377119805625748,-0.258369640995743,0.327566238107041,0.746860232464374,0.175217185276905,-0.27131334034696,-0.0150182888632122,0.669694488266645,-0.00506766051493984,-0.4763597196903,-0.227391838037774,-0.55570025056905,-0.319019215983358,-0.260562631245427,-0.498090473742233,-0.51404564141263,-0.0863746985391247,-0.132107674994173,-0.548281064942163,0.196557435627774,0.247180920201614,-0.579615653317172,-0.279238040639913,-0.373947466199469,-0.587655591322566,-0.515146989522256,-0.308729005518962,-0.557422855333602,-0.167109936038306,-0.00262402179670119,-0.342679615786934,0.0684905624061719,1,0.145224284687765,-0.031209750023402,-0.405953715481106,0.182044967123578,-0.393894201492845,-0.098534335235389,-0.45356611845896,0.133526947337698,0.154859094514874,-0.725876229208104,-0.223215808358935,0.323046549881127,-0.184514067350278,-0.146177401034154,0.407372303042157,-0.101545242333808,-0.341568609240254,-0.717590855228027
0.0718377245257903,0.0554195540270541,-0.175650600421149,0.250549838664988,0.435793393019345,0.191229410749409,-0.451990658899857,0.0263452147114059,-0.128206840683634,-0.229650796823922,-0.216141215144044,-0.353312247890148,-0.0583895281679356,0.702698404222641,0.659788708822733,0.239226452182324,-0.463074954052626,-0.126298516750245,0.202093591886323,-0.268672957938537,-0.630238127120669,-0.087343543375301,0.117089850278355,-0.78247902540625,-0.578699180772451,-0.204056626870862,-0.0920431876970498,0.232316844057623,-0.47427750062526,0.191257487402168,-0.484500608038605,-0.106785368076748,-0.143764713527864,0.166774911250559,0.190748590952412,0.0784402914896602,-0.13436324366871,-0.410469867693145,-0.372116927714884,-0.527207080226574,0.447387943803551,-0.213257421416095,0.0407726129645979,0.153805946611791,0.0333133257914792,0.0491618584733615,0.344646625951788,0.494375879634266,0.288931869531673,0.0375373358477695,0.0311154039706167,0.123126555239959,0.458810665457273,0.115719101152069,0.0881555399190427,0.169114964787598,0.355964719352252,-0.127146006897202,-0.162451884216702,-0.00896487847566557,-0.251926525735371,0.0372236533417551,0.227721457895893,0.32054410054458,-0.0172809905677019,0.324355864165618,-0.0468540230081771,-0.331741036432586,0.108529022743105,0.182085688892658,-0.338960064683698,-0.397198057914895,-0.025498905074489,-0.871036880039137,-0.494986577381983,-0.425815054527787,-0.561577716096681,-0.315778604723255,-0.0438826201987007,-0.386863971211218,-0.181203295929647,0.145224284687765,1,0.0383735221427057,-0.57305480000184,0.0215152653066134,-0.377859142230408,-0.0208588515796812,-0.282007932738554,-0.254059835450065,0.0697517884439169,-0.587914066534037,-0.166513899454068,-0.0831621082142122,-0.516975046592487,0.272155918545336,-0.0503614580864535,0.324980779943802,0.115346839445058,-0.311886255857721
-0.0382587365919959,0.104540659016667,-0.208261489650395,0.168666050527013,0.0320086333372276,0.122869656702928,-0.308322913203123,0.0278247519111955,-0.126415244668354,-0.202083805965362,-0.11223076021075,-0.409069254837572,0.407937043950519,0.51689357634347,0.423236501648397,0.401421943200421,-0.179458121882816,-0.0763184263444621,0.101570594054176,-0.0281345587943041,-0.493803355952126,0.0229424497346657,0.412840741229548,-0.585198584332961,-0.669529571701098,-0.187964172677429,0.192642699923788,0.127060520599677,-0.363124888759869,0.249162501974645,-0.55188284261151,0.234963805750003,-0.264288953131675,-0.0107413168278044,0.277191900172271,0.184643151013317,-0.614437393024245,0.123489627814637,0.0592500616254602,-0.271016139168838,0.553104318888645,-0.283735054852033,0.171605468214962,0.0468862999679344,-0.115203890822114,0.0734058864726268,0.426684680578279,0.402754921803237,0.0773583107501994,0.0656672066242324,-0.0896806141717569,0.0469745401180804,0.359766620061041,-0.180151700886276,-0.1639026801933,0.0950896559778798,0.175265571340814,-0.253514525585638,-0.218791405239806,-0.0727991560105849,-0.219814375712981,0.394847977130126,0.271325567684169,0.290041372937243,-0.28088994296671,0.247216858234359,-0.195958522614725,-0.286447944571075,-0.0569811979721047,0.102329316708507,-0.24984765709397,-0.526505641333955,-0.110907758647519,-0.671616842189548,-0.583973265337489,-0.505132241541903,-0.540947243154765,-0.126256962263385,-0.191854579668994,-0.211672873852965,-0.233918803750678,-0.031209750023402,0.0383735221427057,1,-0.404118663797099,-0.113902226458317,-0.707569829480018,-0.0758531741657286,-0.309756659940176,-0.240364790650104,-0.0907076734113429,-0.237494057454709,-0.203238314018983,-0.184695909788858,-0.325634970476551,0.202661959497271,-0.0932507567340994,0.219643641944665,-0.0440436606462084,-0.288388557260736
0.265134034697226,-0.0962234166138181,0.00803947258953522,0.253633669728027,-0.0899011412328923,0.336305100405485,0.236941651822105,0.00665955419497144,0.276632934055355,0.389977428612297,0.384054348044163,0.182562395424508,0.90069677164982,-0.122740330867903,0.375530757819698,-0.368027737949227,-0.186045728848027,-0.046334192472965,-0.208135254865323,0.192122403831155,-0.065336779880192,-0.502145190075562,0.079322513087885,-0.0571914398019632,0.289696991621675,0.180422098641938,-0.202375198774778,-0.305608029719896,0.0677406670558154,-0.351688232298358,-0.212229695049767,0.212560225894832,-0.120916618628028,-0.577243690673048,-0.145607938779264,0.0858751600090878,-0.277037611058041,0.266680663539315,0.166201038139387,0.0785458657321698,0.102418345709654,-0.324755614214994,-0.24636568220856,0.363294652500461,-0.725488239600681,-0.362087586852532,-0.133008470539319,0.269070129510904,0.216446829534218,0.524496305305282,0.44401752285693,-0.1315961551003,-0.16355423327305,-0.258319458963645,0.218073030100595,0.408395590337897,-0.0164742331546869,0.277978913903066,0.658797240156748,0.221253591219781,0.4033484792085,0.548729971067441,0.614214761751502,0.349291037539755,-0.040513226361007,0.401801220404159,0.171124727746505,0.0333025315869132,-0.469822993717332,-0.142947746072958,-0.0216029580201682,-0.0688583127525772,0.0412456349530816,0.39894349278568,-0.0697187816058344,0.0565246487782072,0.0512407083777857,0.0302330961837057,0.18850026744615,0.137524124182305,-0.288051598706259,-0.405953715481106,-0.57305480000184,-0.404118663797099,1,-0.0806073501055651,-0.497633402731721,-0.56898589469586,0.30122183756047,0.0333360298399102,0.0250275319059623,0.497207757098773,0.304684750069232,-0.458886844229198,-0.143326349454619,0.216820890571871,-0.264611652030584,0.194398513300935,0.143848602087519,0.707586758791942
-0.194522376857809,0.297162520987552,-0.304677756859469,-0.0954858367549032,0.640421005622652,0.182290809683873,-0.631587951813985,-0.0515869371719107,-0.0242420036021158,-0.520411975617986,-0.34328048862335,-0.355762361252985,0.053267851526725,0.943291183698419,0.291510113088093,0.558153201234202,-0.192468573345162,0.102005474342463,0.49817778421449,-0.223393283228259,-0.300098787274632,0.411520233042505,0.499301157767621,-0.569447229333635,-0.359275574617169,0.0980045779260803,0.131989443742154,0.0941453533820369,-0.370439099553593,0.339435890249919,-0.670087948960302,-0.144417207616179,-0.195717025621631,0.414455038856051,0.272931636446158,-0.0614557756381,-0.314350510799043,-0.164204961654263,-0.354969708957317,-0.370022654204431,0.502424343870654,-0.192397143042479,0.130634034810901,-0.203846495178695,0.115608797037363,0.0601550258860632,0.467851612709139,0.323565252650834,0.0578443271560287,-0.0475306667397391,-0.380868316525741,0.209768952744695,0.606397759697416,0.0132876550408013,0.234806247163521,0.143502398406661,0.130885533834426,-0.112850545836028,-0.477755651015487,-0.335153837781755,-0.483120152613397,-0.215601913239277,-0.0671518746227511,-0.0616290594523634,-0.45192744708211,0.0533020700629543,-0.225926496700281,-0.238963303993251,0.348037460033698,0.623727309961662,-0.293396565484596,-0.196956884145453,-0.00127767520033062,-0.84001086571455,-0.545035180356076,-0.331327322472684,-0.583666161043716,0.131790475571691,-0.252858044365311,-0.487878473655515,0.159497214102845,0.182044967123578,0.0215152653066134,-0.113902226458317,-0.0806073501055651,1,-0.347492145307322,-0.176171331958474,-0.07938109311344,-0.175702827333815,0.00878560278047757,-0.589401918292961,-0.344048295386386,-0.290279311967335,-0.394249104735209,0.00037102012685572,0.111835974014523,0.291753351560591,-0.227899281384514,-0.32581109174614
0.298117387161815,0.415741443594775,-0.329930270213093,-0.0279312531654252,-0.0203146607051204,-0.187155319340737,0.402076155829969,0.322809281048019,-0.116876747939947,-0.127415321808092,0.0576437488783398,-0.19501994928818,-0.137329322976104,-0.11003231867431,0.0793994206831312,0.602331278112164,0.00505356567116186,0.036844593788937,0.114673352435286,0.209425546074558,-0.0481408438635615,-0.112028132235815,-0.229228921173696,0.282855939902312,-0.367939683114551,-0.124293806953953,0.338928515189517,0.146745728376456,-0.0425924548618128,0.0433033287268558,0.249465599249277,0.322106239487172,0.457315177494948,-0.0974189950268135,-0.0269760043988685,-0.0955774028980918,0.0415709724578909,0.289936943929848,-0.106758851502146,0.139226396742567,0.367295544949624,0.161423706965867,0.0826218380471215,0.494341789409982,0.227495015487687,0.372875423960871,-0.0390075633641592,0.159248479676904,0.335895493415959,0.473004663116649,0.0730842906065311,0.136829420770446,0.40480780449115,0.226838365495781,-0.605069382360089,-0.0348863945545178,0.624396098062834,0.103721162322847,-0.123434977132793,-0.227838800883479,-0.259971450937598,-0.0435081653617833,-0.251110398937256,-0.221210662099291,-0.122949286569613,0.00497054853155821,0.11099473309112,-0.14997953858719,-0.512250578796238,-0.291056866637177,-0.274720650724141,-0.138301161641237,-0.271410293527335,0.128136214455284,-0.0863408756298004,-0.0899461625639748,-0.230330799880004,-0.305629952843276,0.221793079576048,0.302199737107547,-0.43481986747226,-0.393894201492845,-0.377859142230408,-0.707569829480018,-0.497633402731721,-0.347492145307322,1,-0.420746622166904,-0.445522948668893,0.208649187567431,-0.0477229985386809,0.0764845270926974,-0.0653523740185701,0.520721981550709,0.146681546761652,0.377702787089405,-0.00307367106509007,-0.394401112732325,0.176684842098429,-0.252863326602457
0.281415929670593,0.0593731333858794,-0.10586410181954,0.1654957512821,-0.0751373974583757,0.091373786120915,-0.0529379127842342,0.00489066515263614,-0.256833171392758,-0.253765278920941,-0.26622677637242,-0.521889819635784,-0.0533834199658504,-0.103651925865702,0.107976078877289,0.365064058884736,-0.400893685358338,-0.17409305687094,-0.299419838270904,-0.0314457511611308,-0.456151241906189,-0.199241400752841,-0.086526379940518,-0.514647541735726,-0.628664797485285,-0.258245125873329,0.239070868842239,0.37754342682405,-0.307306584759263,0.3600231625089,-0.193548016078219,0.235372107807319,0.00298135246675078,-0.107099521031073,-0.0274159962592981,0.180625756142954,-0.240723036265371,0.000355009829753311,-0.243563379293292,-0.318410052186634,0.46660917277983,0.0468892749573441,0.0195730334003357,0.399327177267833,-0.136594984229005,0.27713031933015,0.197211219968263,0.296396679183825,0.304150383236947,0.153690877297636,0.173992989819004,0.026178493578578,0.249317152048506,0.0351018312143783,-0.215293819417902,0.0926678011976639,0.269599706913515,-0.341776812033711,-0.203688776624946,-0.222323063135298,-0.348769830782664,0.147915246675397,0.0395891929351427,0.0758080271522117,-0.191151498373292,-0.0337548424568304,0.227876542203912,-0.282185698492286,-0.30937959828125,-0.211228830590044,-0.207532622968028,-0.432443299910341,-0.181887327116178,-0.521745083060562,-0.479583757861529,-0.397587466511975,-0.343416480207072,-0.333842880611264,0.186749862801855,0.261995490790298,-0.454792032194155,-0.098534335235389,-0.0208588515796812,-0.0758531741657286,-0.56898589469586,-0.176171331958474,-0.420746622166904,1,-0.568888040653549,0.0112354963645975,0.503835315612391,-0.0235531365957393,0.028520567915294,0.480306336656257,-0.197080293718497,0.546927440357679,0.0815544675117642,0.102091596288367,0.32349990264101,-0.21155190202219
-0.14834219058066,-0.115583326733065,0.061518555374295,-0.0682978877467831,-0.311296451471544,0.0801986232512295,-0.119822994734404,-0.0765688574931244,0.0497004874235858,-0.114167613580554,0.17875611765028,0.146122395106535,0.175995717393217,0.225188910474706,0.201932353460516,-0.396430857756538,0.13328297075917,0.111463417680109,0.182448086464599,0.302358040062473,0.112705370513344,-0.102595808968649,0.34499129809053,0.26151516695079,0.088268416305993,0.367034556804228,0.151711248213037,0.405349441832548,-0.0540142704373633,0.291301073097117,-0.215751026768012,0.126989005804658,-0.00196531120158852,-0.272160661219228,0.498095287929141,0.10748679509139,-0.111934067702801,0.0279452311120483,-0.0310160004411906,-0.037930530668699,0.193808143660542,-0.344848317702797,0.127890970453915,-0.00685945925092074,-0.130772987368969,-0.0617375872589738,0.273077872737,0.0838661856236641,0.10879887751764,0.217923067675596,-0.226120552083007,0.0127717505091688,-0.202184646802835,-0.239336128484983,0.12101880047121,0.237103389549867,-0.276572600076344,0.0708972597730465,0.0299148970315781,-0.0348466127899705,0.174899927660111,0.0662846118273857,0.119838054652486,0.301753279546008,-0.0556505714358743,0.174937814650947,-0.0675825653035002,0.259580160949566,-0.517185554791897,-0.288669804472404,0.139212635342473,-0.0510881468969299,0.133144874888281,0.0625359216668247,0.00849123268269009,0.212753936081333,-0.082089461999188,0.326646009872064,-0.233470366891715,-0.100702796715804,-0.0274958592203756,-0.45356611845896,-0.282007932738554,-0.309756659940176,0.30122183756047,-0.07938109311344,-0.445522948668893,-0.568888040653549,1,-0.12807923162352,-0.167050674515636,-0.100386503147878,-0.0187449824037424,0.00534109029821067,-0.00513680815953432,-0.194122046751257,-0.00627082313160637,-0.0584789067511221,-0.251835233975279,-0.16550023954761
0.127659757181026,0.111301070054697,-0.44363831661754,0.0315117954467212,0.814020749614872,0.27497125194512,-0.450732387175348,-0.130988671072542,0.0653363781521487,0.150810571545199,0.0730085868695753,-0.0130330423862688,0.331776915944761,0.692898813661331,0.508127492694487,0.390784139002801,-0.286217441972356,-0.305607821083134,0.359123928301364,-0.409184556131448,-0.101319256585044,-0.00677663967491482,-0.246131217083106,-0.685080755124698,0.0407648605843695,0.385168303429837,0.400063051649145,0.197709753432991,-0.064578161981218,0.247254141616097,-0.355800512368437,-0.196815963002324,-0.39828064701625,0.0493967195183711,-0.34268912391093,-0.231287236342697,0.169932124248616,-0.0969291263787006,-0.693900203635781,-0.219928849829937,0.00644723902495703,0.16341481642532,-0.390274950561064,0.31309033245677,0.275249605749733,-0.00832732840643052,-0.312302747767971,0.252940765460657,0.382439443454168,0.0924115132133133,0.0407892854894767,0.0426497986362267,0.560939394981856,0.309327928262206,0.260338598002075,0.193721149330588,0.136116598691185,-0.00967646635978306,0.148529469703422,0.0845880203455135,0.111466036804057,0.119239393042732,0.454924011595232,-0.0194172526856011,-0.131016045224381,0.359958598259589,-0.234657427987915,-0.0376262270899881,0.418448593799633,0.48658790946515,-0.236728158806613,0.0632469349218757,0.129288543313043,-0.579034659396639,-0.335462588708321,0.0386629712864202,-0.525252181029489,0.23310454023062,-0.0465669679071604,-0.52781990535044,0.00648200147766312,0.133526947337698,-0.254059835450065,-0.240364790650104,0.0333360298399102,-0.175702827333815,0.208649187567431,0.0112354963645975,-0.12807923162352,1,-0.16986774306471,-0.325950095688192,-0.00145971668152683,-0.419802525705102,-0.424038238325321,0.360065988969517,-0.106336131689939,0.193902829500128,0.136821198935224,0.240140015020726
0.209324688028476,-0.0728943317281426,-0.154884437927169,0.360773634322735,0.36932328105487,0.294823700678194,-0.519450091503766,-0.145373716420907,0.119537905918858,-0.311480110678556,-0.380717528065219,-0.484250242645352,0.0951166444083661,0.541957485477974,0.452211298276155,0.282057990302552,-0.616334222811166,-0.426808337408007,-0.0203326380827249,-0.277259221864865,-0.361981008719345,-0.276728326010445,0.0501167265200019,-0.715799324579327,-0.48219100314577,-0.0432312808046409,0.58542374151649,0.509206749356053,-0.102369060651259,0.52597643088271,-0.119840951052258,-0.228733765157643,-0.536651491888624,0.0146241232256288,-0.0465378970013748,0.147163189464872,-0.100080756423432,-0.276391690467766,-0.664617559906478,-0.36797327893569,0.197563118599765,0.324767887705811,0.124332116404058,0.372186422285808,0.489136619126133,0.339217711352212,0.0236251056905969,0.559816231488576,0.382622187147,0.197439567447537,0.0951324491001723,0.101971206964209,0.545334404694478,0.189378590340245,0.252222902804119,0.194435667014058,0.131296909147989,-0.176996253881321,-0.256976371198493,-0.212727614725513,-0.260819525966066,0.0704819326784025,0.225205590172289,0.0396096892941062,-0.34310878321029,0.3086628784875,-0.315825057316266,-0.39163159229146,0.219436215377287,0.192920836155998,-0.371557225031449,-0.318252203372376,-0.163663684219555,-0.800001396487218,-0.652348222210422,-0.33150681527558,-0.438660778732043,0.0694695352130549,0.0212326723168123,-0.514349246947462,-0.111141576885639,0.154859094514874,0.0697517884439169,-0.0907076734113429,0.0250275319059623,0.00878560278047757,-0.0477229985386809,0.503835315612391,-0.167050674515636,-0.16986774306471,1,-0.48873156822065,-0.301938493845027,-0.0197715979017673,-0.311984555542403,0.450353897943221,0.0539647161591557,0.467757662976758,0.194838362616292,0.0528268421562436
0.0859132174506522,-0.236969132489617,0.0990848856918881,0.340642389901736,-0.122882452693181,0.179742651167438,0.13900597556778,-0.136894543895181,0.124879315684783,0.150083570368522,0.00111894945348927,0.295321089825399,-0.0468535838000675,-0.0660369546417531,0.194446679717986,-0.017678857619722,0.174924711031289,-0.112048048439275,0.130948347846207,0.291564536612751,0.408981914418847,0.00344650486701731,0.0820157599656137,0.574493596947418,0.262844214737195,0.311962302937715,0.469362908209028,0.313231854999063,0.462427934929005,0.277447692608404,-0.06379144441541,0.210702929555415,-0.448097850323244,-0.345533949427541,-0.0442522240733901,0.309100695565073,-0.156582516263152,-0.0834635628679092,-0.221435168833187,0.283206915977727,-0.525037390005575,0.123036600745332,-0.311219617020767,0.276643691530079,0.0747000446605362,0.0974050497611331,-0.61762772745423,0.11522240214231,-0.00516317186591336,-0.0879799692010609,0.0578931799538229,-0.12507673902027,-0.172515759218621,-0.0984778738646443,0.171512814754086,-0.0508521884997227,-0.339841613275347,-0.0862018770157455,0.123593784632667,0.0373300107142672,0.245022043675516,0.0320224847600884,0.321014250297867,0.264730609043719,0.340524478467451,0.56432693062048,-0.21374198651287,0.0513233430683683,-0.342700088666833,-0.290525439447196,0.32262255361019,0.396631286854961,0.248888771658081,0.203194637045761,0.321250493408971,0.384691002559074,0.219015487449611,0.463976977044272,0.0574386414832883,0.082029717453785,-0.203877400901907,-0.725876229208104,-0.587914066534037,-0.237494057454709,0.497207757098773,-0.589401918292961,0.0764845270926974,-0.0235531365957393,-0.100386503147878,-0.325950095688192,-0.48873156822065,1,0.114188291834817,-0.333501809422653,0.501073667670028,-0.00672731488057099,-0.327025564349118,-0.25713114781564,-0.146321037673513,-0.107555100131778
0.0803078654313084,0.0980924664971496,-0.526859656075558,0.299089308247329,0.0466523836855755,-0.0537297890994081,-0.106313406811719,-0.349827480794822,-0.237164724900385,-0.0917350390305537,-0.0991012698163401,0.13899371825997,0.444891881465239,0.362227214378025,0.135724878446414,0.432552208190391,0.269534185490608,0.0162197746005236,0.366461299559322,0.14979356254756,0.229168687098326,0.174407437058591,0.165055027463579,0.0553854503391825,0.00880734717513593,0.203142362794015,0.252452313642703,-0.0199764550442963,0.157923037460152,-0.306688088637108,0.191265766433775,0.360161204162058,-0.211217346840568,0.139443246498609,0.160356966959433,-0.241281348459412,-0.132604265386645,0.216334151749262,0.0428300339937826,0.18482883558006,0.136539015983227,0.116139735438111,-0.170081548125452,0.316150410651522,0.109408769325084,0.0522474681202012,-0.0604840108351636,0.459985135868586,0.288526022107341,0.239653069961761,-0.314117249392951,-0.258126875322814,0.203563705648778,-0.312775164082805,-0.270684700115889,-0.192207853657728,-0.400315660865803,-0.198592312156367,-0.0661227828734046,-0.358858080852073,0.0198827164718161,0.252292030616354,0.209031598421209,0.0887848597266464,-0.269075538409848,0.372340078078743,-0.235666843372409,0.179613531290644,-0.101793827668842,-0.113147511392766,-0.0203357733132414,0.247749292236177,0.292550311182248,0.002169334355413,-0.120163259902022,-0.0211836166882184,-0.483426210357146,0.35738107974552,0.0891989280820975,-0.0909774493417072,-0.132059347690624,-0.223215808358935,-0.166513899454068,-0.203238314018983,0.304684750069232,-0.344048295386386,-0.0653523740185701,0.028520567915294,-0.0187449824037424,-0.00145971668152683,-0.301938493845027,0.114188291834817,1,-0.441460619215993,0.244613763021682,0.273938487617334,-0.267794869054042,0.144234370032561,-0.0575109521782025,0.210618148885083
0.44849222739314,0.27106322587954,-0.0880073804151609,0.25317150116919,0.522314391120687,0.474680954320761,0.0304759049641103,-0.0497022992041659,-0.107389933750351,-0.125757279523824,-0.565810938644711,-0.278397130560827,-0.361104233841275,0.432216057128904,-0.020815849446692,0.474753004875218,-0.194551503301464,-0.113363858279028,0.451536391787459,-0.0724828131354564,-0.159603180880169,-0.141721254941584,0.012633039147915,-0.617774479169239,-0.445168553836494,-0.102284911979755,0.073947784706469,0.38498759419065,0.0739900679253239,-0.0151607608668274,-0.199095600543812,-0.0312066402288337,-0.329733121295301,0.136302617980621,-0.337844525106581,0.357767112775517,0.372863640086833,-0.483218718568781,-0.862311613174991,-0.464074066427863,0.155413572214336,-0.164342924118045,-0.27947282972018,0.345561005483623,0.43249101641993,-0.0490116615477233,-0.166978052370927,0.487774043745339,0.748751775413886,0.524307663419101,0.167143143452506,0.21474931798158,0.561866003025184,0.508873892269522,0.187649355027592,0.34337762520405,0.290854805874417,-0.241644954653885,-0.136455971519479,-0.0777090634942259,-0.301341682653395,-0.208263586241536,-0.220753137595649,0.0244698390603809,0.121624668255904,-0.142979904479897,0.289713173594576,-0.215391710136258,0.0696019866841958,0.203556537539141,-0.0123184778842976,-0.290971217758083,-0.133976094559786,-0.749673988459846,-0.217685205269338,-0.234795680843291,-0.0116802848146287,-0.218050521745673,-0.337674548867159,-0.207896998957286,-0.235212245246283,0.323046549881127,-0.0831621082142122,-0.184695909788858,-0.458886844229198,-0.290279311967335,0.520721981550709,0.480306336656257,0.00534109029821067,-0.419802525705102,-0.0197715979017673,-0.333501809422653,-0.441460619215993,1,-0.578083377274361,0.54099974026583,-0.479516229664198,0.406294868498995,0.65276577333003,-0.000433474488583857
0.215393374008071,0.293211251034465,-0.0627938429438693,0.37035115169376,0.32453050016408,0.57443170392266,0.262738114834328,-0.00926256906359407,0.233036724685905,0.293428802340716,0.15552010044983,0.183351807868154,0.549711070686274,0.314017588879689,0.171664531954148,0.0634803906585377,-0.0622257711972312,-0.155462836669312,0.396027605960423,-0.197258591154001,0.230234059225525,-0.129738588168276,-0.0842145094703882,-0.24709274330272,0.145977459666919,0.067477047023696,-0.208248824318688,-0.50520888592401,0.13738790418884,-0.608971085487873,-0.257123692077832,0.42498210799183,-0.875354270292976,-0.508676558385955,-0.690990709047088,0.325363574977313,-0.121508600913993,0.200773128960724,-0.1896689192553,0.185104691192084,-0.497386672558871,-0.105117419603556,-0.662179432044608,0.419619810934036,-0.334536293208134,-0.242540371089223,-0.784499949925881,0.0380464168942221,0.407414642363731,0.42282642785813,0.427424149794626,0.101165400681011,0.0404732098934964,0.261260160807575,0.522023477866466,0.262678276887951,-0.0966994329300399,0.188564903396725,0.305495927742131,0.0176455401158385,0.340414365592202,0.480501275316716,0.610806820072618,0.563113176213823,0.496499316879636,0.54247829173996,-0.180980550760241,0.0283988376941294,-0.132370426650165,0.0991469075038139,0.287932573013999,0.155921952404283,0.223941714232442,0.0799628002845134,0.0723817848200071,0.0108496158239773,0.040442246818341,0.0579344612693362,0.107262120482943,0.193474245329197,-0.395023976675847,-0.184514067350278,-0.516975046592487,-0.325634970476551,-0.143326349454619,-0.394249104735209,0.146681546761652,-0.197080293718497,-0.00513680815953432,-0.424038238325321,-0.311984555542403,0.501073667670028,0.244613763021682,-0.578083377274361,1,0.532808991133189,-0.613671207451456,0.00334484262928325,0.253644647239572,0.518048278995619
0.100065355289038,-0.118961925749223,-0.0610265681727969,0.0542136732556035,-0.0802904253842395,-0.2699640250801,-0.129400456121513,-0.130223078020987,-0.0960914622798414,0.0474983828781202,-0.260618167936291,-0.0194735662700527,-0.495998699835709,-0.0106211268123031,-0.221891578070555,0.156033426289033,-0.145986682059522,-0.201356307736994,-0.128700009622108,0.0441867851179451,0.0414947108427903,-0.19864839861645,-0.350555802611891,0.247573474533088,0.0915905848670034,0.0203093425921859,0.300711580142327,0.224856926494914,0.1120449200938,0.374954884773318,0.360443733754337,-0.189639760597374,0.0972010582156147,0.141769193767762,-0.0722889274640685,-0.0255038187333458,0.214558725284454,-0.399390467973556,-0.264787512188354,0.0855914477758552,-0.184659701946611,0.616949330197881,0.056734537278574,-0.0380063627468621,0.438477615598935,0.287182606267059,-0.17930311472525,0.0117778836750501,-0.102177588036944,-0.20760685776904,0.0331199262731077,-0.070491576628243,-0.0473632906643833,-0.0442547772704485,-0.279447070026105,-0.273632222131597,-0.108089829790074,-0.311904930883792,0.028988213947691,-0.00890446035585037,-0.153707192309042,-0.280858036925785,-0.285577406709994,-0.461303832831585,-0.154690542234384,-0.109056265505263,0.0204150610699905,-0.265238827232887,0.0969150603539042,-0.212439044580317,-0.139600397026892,0.20468349543534,-0.269920225040731,0.0994217428760715,0.0518287038706911,0.105971876030594,0.16059419577438,0.102419166538936,0.269720160185905,0.317618367001718,0.0836076059379131,-0.146177401034154,0.272155918545336,0.202661959497271,0.216820890571871,0.00037102012685572,0.377702787089405,0.546927440357679,-0.194122046751257,0.360065988969517,0.450353897943221,-0.00672731488057099,0.273938487617334,0.54099974026583,0.532808991133189,1,0.306116278510822,-0.198627713863785,0.00544783957959993,-0.102813881148904
0.126791459332514,0.387254561426225,0.00855729062854063,-0.0503254338041039,1.06953499339858,0.416521811683531,-0.409857255944139,0.162282929771504,0.329979254745348,-0.190698158903198,-0.269694441659157,-0.347027556187912,0.021066992251927,0.711100397541672,0.327316352178659,0.429912155314073,-0.488241334058598,-0.153907614398981,0.245700205779618,-0.527163044596878,-0.205815632439546,0.0291916074327877,-0.100552755052122,-0.902415847940079,-0.223213840645183,-0.00631915124852622,0.0308505084068194,-0.234327610809639,-0.311052926555725,0.207639216016446,-0.618519979151486,-0.382371880426622,-0.57907074985773,0.147797510569223,-0.640136964417618,-0.0173161326480829,-0.00705474181561065,-0.238377040506095,-0.739153759464066,-0.28944644976125,-0.0783936907654184,0.140315353774286,-0.454042000918451,0.048480518834424,0.128732710639238,0.00354679827437054,-0.319170831168811,0.0892858585954493,0.159838527122942,-0.0433484926401754,0.164640420570021,0.353573797667636,0.508463558057146,0.600168863620582,0.606246142124488,0.340600046654324,0.384625345091929,0.168852132350228,-0.209838852734205,-0.0548462865133597,-0.245766542427929,-0.156670172717915,0.189887872129093,0.00774353244945941,-0.00488963107022766,0.152293474654433,-0.0950794868289927,-0.205645472403502,0.654127069142011,0.839813322901645,-0.147832408955824,-0.103616751876201,0.0850385962865287,-0.638481728651267,-0.46354363646451,-0.339971305037174,-0.380097475200447,-0.0636236618030814,-0.0206972484966086,-0.471158626008384,0.0498584024160034,0.407372303042157,-0.0503614580864535,-0.0932507567340994,-0.264611652030584,0.111835974014523,-0.00307367106509007,0.0815544675117642,-0.00627082313160637,-0.106336131689939,0.0539647161591557,-0.327025564349118,-0.267794869054042,-0.479516229664198,-0.613671207451456,0.306116278510822,1,0.364045798914706,0.185613184805678,0.0877722351734885
-0.0506674300927227,-0.226175284312737,-0.0431185445886246,0.000330331285208735,-0.0875304075127557,-0.216314256713138,-0.671488881450231,-0.263130886208035,-0.0571547228607717,-0.0354503692472224,-0.0250455507357805,-0.00412724049967073,-0.126006110712514,0.291916102967106,0.177708490681989,-0.359787130226099,-0.244259063505127,-0.224122378233501,-0.14316199266363,-0.0704757605733624,-0.209690248917923,-0.286859858678292,0.0452175454621177,-0.15403430266847,-0.0591241600271271,0.0908071890407011,0.123713882240672,0.40018868250807,-0.251633052610995,0.689543482297244,0.0142167015550425,-0.255893311072551,0.234071233911141,0.0824285829963175,0.34712910731782,-0.0269240814588098,0.0556225962221783,-0.326121032077165,-0.170201100262374,-0.396600606523372,0.243582735952638,0.141450482296278,0.346505424527778,-0.1732924382671,0.113797139741794,0.125314046970071,0.410755798914293,0.0431125633719277,-0.115147266534901,-0.185601811049312,-0.233333674806544,-0.161824040023872,-0.0684827007503495,-0.290863414159522,-0.0463618227941195,-0.101210226852055,-0.287221559087049,-0.224137849381059,0.116179912389528,0.10131364889503,-0.0316630000404965,-0.206321726464963,0.0247085351469667,-0.0332192155330138,-0.291777460174732,-0.0401913176164976,-0.0668501129070784,0.0137746129048965,0.0745512445719612,-0.130664047318944,-0.170421839092005,-0.097233308863143,-0.125113132123139,-0.261465634683175,-0.142467865631246,0.0591817851169367,-0.159064658310254,0.202888412866265,0.0743211387901722,-0.152206913473703,0.176621528996411,-0.101545242333808,0.324980779943802,0.219643641944665,0.194398513300935,0.291753351560591,-0.394401112732325,0.102091596288367,-0.0584789067511221,0.193902829500128,0.467757662976758,-0.25713114781564,0.144234370032561,0.406294868498995,0.00334484262928325,-0.198627713863785,0.364045798914706,1,-0.172676732455444,-0.152567679717786
0.12580468960363,-0.140799431352428,-0.113894636698936,0.0760988328505994,-0.162336492304565,-0.26412761132297,-0.03630230544681,-0.0954765821479723,-0.222190511953543,0.0437491562739885,-0.196646036314441,0.00216899953628549,-0.536558030518098,-0.0626155476284179,-0.149232737786783,0.0105731619232993,-0.00836491749436422,-0.171078951074539,0.0104167849258866,0.222682563421652,0.0230978442287356,-0.179877586220295,-0.299514023586857,0.27185932298715,0.0363961196664103,0.17001161801867,0.446594865717348,0.630009816429058,0.269330371823903,0.554105915686688,0.296497340553385,0.0447471141516302,0.255844906479234,-0.0222265340620365,0.147181955810452,-0.136965778448735,0.275088523510194,-0.246454070746059,-0.438133075328655,-0.086814488926094,-0.0117421577096235,0.417090194354132,0.0776029255563058,0.0901137248278866,0.511129352771673,0.24589653122995,-0.00595789305034612,0.133823231010515,0.0428505239130682,-0.0674908174481476,-0.11106515082443,-0.0740990953272295,-0.0314035254273831,0.153723639077489,-0.288427094119284,-0.11918260072594,-0.00707419921842802,-0.265264108367516,0.0457250304461878,0.00843795788242079,-0.0951151249659635,-0.301567524624536,-0.403876143379639,-0.344530449164179,-0.204038320609203,-0.020156945194952,0.106708574631651,-0.109360781206652,-0.319406780865187,-0.531676935804578,-0.0483002085885957,-0.055130473692749,-0.282689976976777,-0.0342538960550616,0.0709779842692516,0.201874362718007,0.0796431999529402,0.060854078914116,0.00345698562169859,0.139425481535956,-0.102521006738438,-0.341568609240254,0.115346839445058,-0.0440436606462084,0.143848602087519,-0.227899281384514,0.176684842098429,0.32349990264101,-0.251835233975279,0.136821198935224,0.194838362616292,-0.146321037673513,-0.0575109521782025,0.65276577333003,0.253644647239572,0.00544783957959993,0.185613184805678,-0.172676732455444,1,-0.343630442435522
-0.00643843795282306,-0.430816824927357,-0.157895256702992,-0.0984203987795938,-0.385651615912792,-0.130838760459122,-0.0957881243068461,-0.27029402768509,-0.039210145792736,-0.083709632251611,0.0305703893621104,0.139510135579283,-0.0915714826102199,-0.175307407735154,0.144319392503197,-0.0961710131819063,0.0783594906886911,-0.0562647645581135,-0.172339300860165,0.387634701803232,0.274786972779637,-0.269903006153235,-0.0420102947706409,0.537139392547946,0.384234963314649,0.3553383120481,0.668404857354056,0.506562705688751,0.232104762536229,0.606932645078044,-0.080690969342331,0.0113045468452252,0.0733108976791714,-0.249946805606776,0.282965292519893,-0.00228380015403284,-0.0994776663354731,-0.0899984517054623,-0.158516428377858,0.0776202882151365,-0.0257693920708019,0.139565663042991,0.0387572565499648,0.125470798789209,0.199516194914704,0.170162172794672,-0.0856645204200984,0.209724428700452,-0.0801073030845011,-0.0314520852713669,-0.116387658452037,-0.321611292521033,-0.217634187937956,-0.33854122460094,-0.122158158525095,-0.122691883297739,-0.388905157620746,-0.161616764129028,0.141788231114176,0.116775577447834,0.260056913742958,0.0455445273689538,0.221716945669286,0.0142114362113951,-0.0417509194460748,0.366727361475766,-0.105482925283726,0.187955210862703,-0.45551484406928,-0.474576582644608,0.188570953325347,0.220013505111169,0.128966600737042,0.153815090290807,0.208128914531751,0.369241482271025,0.0300987503928601,0.488941584830784,0.0937336479779289,0.106616965608227,-0.0458840646797379,-0.717590855228027,-0.311886255857721,-0.288388557260736,0.707586758791942,-0.32581109174614,-0.252863326602457,-0.21155190202219,-0.16550023954761,0.240140015020726,0.0528268421562436,-0.107555100131778,0.210618148885083,-0.000433474488583857,0.518048278995619,-0.102813881148904,0.0877722351734885,-0.152567679717786,-0.343630442435522,1
