1,-1.97878141143658,-0.690807296972021,-1.90373123018671,-1.40368518881648,-0.58739432813025,-0.31333107840409,-2.16690628673277,-0.253236386401308,0.606466056051395,0.508890146535757,1.32328491463792,-2.58265613107887,-0.873567822899786,-1.13917829595158,0.518139722373042,1.40188896354694,-0.0116478382509735,0.234794916439824,1.03493084653338,1.6680976451937,1.86970673454611,0.343572582926565,1.93758226225552,1.76550630095849,-0.385821038292025,0.617860437505717,0.72264730490217,1.00146856964095,0.223134926329865,-0.415754850038713,-0.206624689866263,1.39791053732847,1.41001904504095,0.983548781955374,-0.451263658018204,3.20361074318696,0.386593158985189,1.17142511756069,0.807018159228219,0.282000873301551,2.10023327841742,1.19265539037533,0.312717064171867,2.14911442689889,0.282977604900683,0.462078524574085,-1.05503721537354,0.225018358873442,0.590459836872967,-0.675253586862998,-1.4644964254169,-0.570933478224683,-2.07144258451508,-0.369126824841995,-0.682434151747069,-2.81435443505837,-0.602496991323337,-0.395164381506936,-1.67318711289366,-1.11610461245601,-2.50486324626216,-1.00208165952685,-0.978321565669208,-0.170320075386781,-0.868798362682763,-0.337295336796273,0.0394407572447338,-0.0700474653618761,-0.528182959050836,0.225591770991136,0.0957985664503844,-0.175791970342116,0.0193431945697802,1.31286767329247,0.622557236945503,-0.134813617084469,-0.826911446225371,0.280285431744781,0.67470264631545,1.9726634660657,-0.0384682883189272,1.00017993389587,0.283486501705455,1.23808622770024,-0.413996544690975,1.63562840522191,0.339483818435588,-0.175595214052176,-0.0302669449452014,0.208912181080117,-0.680566351848324,-0.1310771915735,0.171952647253003,0.659323312290916,-0.404613974117226,0.19366446974773,-0.841220488914206,-0.65508003743655,-0.795474274690962
-1.97878141143658,1,-1.52666750913417,-2.10568990605989,-2.18988922268571,-1.52329006002161,-2.4984802937696,-2.403104925429,-1.56088350449664,-2.89288560658816,-2.4290634869448,-1.8522162137828,-3.38239654915661,-2.54090204018853,-2.72484598496981,1.68615839917802,0.883417723015157,1.15956787727161,0.252705860254649,1.93651715801618,1.00667221636355,2.06244700377366,1.28138257608901,1.40976449083919,-1.0494452526625,-1.36281606553499,1.73585800145769,3.06950392700529,0.471321931782989,1.46716459139868,0.553826924907497,-1.1140730512847,1.90155573444428,3.89710179774816,3.85211118431169,-1.93833590400108,2.29712742433415,-0.0990031939345422,1.4823231655729,-0.658429721166357,2.21293940421617,2.99942944971092,3.06059193894225,-1.18297105404789,1.19847570465494,1.9542247595126,3.2943493533292,0.267120032955572,-0.806437041584635,-1.76471951906637,-2.04540957074855,-1.01603962344704,-2.06593597091805,-2.15416424760744,-0.954731370487919,-1.86259672898456,-2.36661884609263,-1.69000648654492,-3.69015463044047,-4.31085110470193,-3.88187315653465,-2.09593156524904,-3.05302722030834,-2.68126054898923,-2.45969887891499,-1.84859333651753,-2.15550204592653,-0.802812721839921,0.817036926897057,-0.239385821665312,-0.825456883217622,-0.996941533334237,-1.24644471582458,-2.64805626523449,-1.74445958962318,-1.75977953599133,-1.84693733509937,-0.301785724058738,-0.190810173232021,0.50940657286239,1.08150608262072,1.04915364334554,1.98619520474976,1.58524741552956,1.56397087908027,0.755769161423012,-0.360582246697853,1.28542692056642,-1.27312738407847,-0.275437687095572,-0.00280062572967532,-2.33520518772834,-2.6979863600332,1.60764890493618,0.624929727465466,-1.55016119017929,2.21156336202421,-1.34305343719404,-2.10409992249269,-3.20320254124811
-0.690807296972021,-1.52666750913417,1,-2.00171349006437,-2.28400962301254,-1.43811545425472,-1.20341274753029,-1.86915757548636,-2.07559812817438,-1.88004905319747,-1.1726339487379,-1.3688641854922,-2.81480052164257,-1.26409171602384,-2.23273353323293,1.85632998995453,0.852018990219538,1.00068900834835,0.799691168872502,3.04449353440282,1.86467824676514,1.58012316131946,1.77254398463459,1.42983275305041,-0.598766869165715,-2.41660165762453,1.56838132134757,1.12973665302086,1.07798873172493,-0.0963582326670411,-0.538164502992153,0.584341552263718,1.90469971765015,2.43782849402649,2.03608578594152,-0.872562096839393,1.80052270139096,1.49445664256442,1.94372226280193,0.157632158618681,2.7113929582802,2.05839052247762,2.30774947687487,-0.0832977852427196,1.39814020649786,1.78359150245291,2.26397626931544,0.637440849914054,0.148212899606195,0.102603888176457,-1.1599328833748,-1.57126241796319,-1.64815424889318,-2.57708336279553,-2.52344439572293,-1.52499063976163,-2.38874275299784,-1.98827473126818,-2.89761882159496,-3.69847816356231,-3.45146360907759,-1.39244275383463,-2.78273056421508,-2.34027794646443,-1.96444647243999,-1.37866550846954,-1.28979802719643,-1.17521658466348,-0.462054666174762,-0.781354290225146,0.633331593804309,-1.97426376654582,-0.909709817704403,-1.75314688780638,-1.26109157249275,-2.03603337267384,-1.21857956086776,-1.76006052267193,-0.340547587826772,1.03916829022402,0.803911187065626,0.0944999151419222,1.30775978080058,-0.239067733690222,1.00014614520781,-0.342223949234211,-0.874026042315075,-0.319007861734736,-1.22967755666923,0.688887827762326,0.727576061820048,-1.41388564260646,-2.05827942420072,0.58813523404667,0.426610828866132,-0.399492844526672,1.58972884914927,-0.755218530132268,-1.43066732670004,-2.24915457792682
-1.90373123018671,-2.10568990605989,-2.00171349006437,1,-1.63984736254497,-1.87613614633175,-1.39198703314947,-1.87267258315376,-2.42079838738777,-3.19683746666002,-2.6708688190128,-2.03402394416641,-0.696470915542112,-2.65224009620071,-2.36312261032518,0.326854823948008,1.41322737314402,0.364490588662035,-1.03738590579463,0.167364428732683,-0.84541813441561,0.294448022298134,-0.161666707574767,0.636381711129224,-3.23270102050372,1.43844968461914,3.32606928347992,4.88995737259068,-1.62947237768337,2.59753857979664,1.54224043507215,-3.81746124555403,0.680618236528005,2.21919301885138,3.48755664236586,0.315908839743404,-1.8494245553488,-2.08502916368736,-0.804987456085955,-2.01965045584746,1.39594221578564,-0.501500463612618,0.68916845894448,-0.318351366833451,1.03679137986793,1.94866453620227,2.84902988403332,2.57670075134169,-1.32042677969609,-2.04050479301771,-3.21706646351621,-1.74778753962684,-0.6853830476098,-1.30609807262636,-1.13355688421403,-0.999747514595598,-1.11185465929213,-2.52323328766152,-2.80414127305195,-0.696939023629128,-1.44091504495673,0.184569447705036,-1.3761784305045,-0.499740448902021,-1.49722494334586,-0.952252666629894,0.243209278273434,0.751955296030876,1.5280977577069,0.0977731047490654,-1.47534564263369,1.50356004377169,-0.453726401524601,-1.51420560016627,-1.56330602001061,-1.32102531878347,0.537343811976152,2.7135328457799,1.41062172911171,-0.288185337201145,0.129524737457572,1.24778951344584,1.92950023514915,2.37521598695847,1.37434844831498,2.48753192426023,0.156667335786473,2.41964187864407,-0.771968725792976,0.233482151094398,-0.0424611860406978,-0.761953496425103,-0.949007307806295,2.48595398420085,0.562234586442586,-1.17230506239979,2.12728171217937,1.24898288498501,-0.811727732313354,-0.992151331346552
-1.40368518881648,-2.18988922268571,-2.28400962301254,-1.63984736254497,1,-1.98230510342355,-2.41274356422449,-2.04973261513752,-2.74378583460524,-4.22041338480602,-3.37018906647033,-3.478022984026,-2.9586422411612,-2.82125095488191,-3.15524243583521,2.21114291831671,0.558144519354056,1.56789547806808,-0.118231854206808,2.69407156853827,0.353081066420859,1.27067823930244,1.65886354507284,0.907724979769274,-3.45579356086349,-2.13763907515833,2.60616101799745,3.76491049370726,-0.201914600977531,1.18835362959763,0.960436290431417,-1.10779383509484,2.49910067259897,3.87199696946455,4.40323669659431,-1.23303773363097,0.126098198603141,0.294843796153269,1.59885886686488,-1.1884380922874,4.01575793924501,2.43750784643497,3.06887529492116,-0.632401022906446,1.13018128115441,3.19935503609996,4.56230485019089,2.14858079323704,-1.0131908837852,-1.8055086470253,-2.20271606736709,-1.46199224389255,-2.01872255901988,-2.31717900591689,-2.42025621906819,-2.18656571587945,-1.69576814150848,-2.71418080211606,-4.74676596386514,-4.49326598570372,-4.97154197963543,-1.18688945739979,-3.8408140438354,-2.73795454735141,-3.65140762966294,-2.10021545935159,-1.63688312452218,-1.10475872784552,0.454315530291314,-0.50625048085629,-1.27845732885028,-1.70458971279648,-1.52100025636548,-2.81799017482375,-3.49975197639379,-3.74112572861149,-2.11253200238813,-0.577516536880114,0.596002133187698,0.806849727327033,-0.211291514936162,1.28747471993358,2.4740973024876,1.27082278995156,0.851532235981842,1.67007838163226,-1.73535906915314,1.04999726470716,-1.89634746628869,0.595840330951115,0.266577511551546,-1.88172740659213,-2.97852684502527,2.56158966753294,0.270571040464519,-0.960093334913653,3.32658918489453,-0.435953061301081,-1.96674698534027,-3.27134479330068
-0.58739432813025,-1.52329006002161,-1.43811545425472,-1.87613614633175,-1.98230510342355,1,-1.72826505967744,-1.79914143909247,-1.4136393539235,-2.02635243449711,-1.8469810740195,-1.84071611289091,-3.08488838704174,-2.06360669589042,-2.68677932922342,1.83543999516098,0.241102575553949,0.876672273028323,-0.070045317324869,2.30306030401885,0.884466631946453,1.31555139928309,1.11591702248456,1.03572055112164,-1.28915732979017,-2.0506135271341,0.93217818259216,1.95532773236138,0.318283684301697,0.00157254473897472,0.357302075250733,0.228124375196898,2.52200603145995,3.06452333484503,2.70213082417309,-1.64127638694494,1.91917168976675,1.45322947678487,2.56829952380178,0.182951050008391,3.26828423945852,2.9851916593077,2.75691084313449,-0.0167114013327724,0.960187069088531,2.43070298040756,3.19419807347683,0.467475302635538,-0.320828779351367,-0.684049823173681,-1.27832558477945,-1.03699963317048,-1.52013895833052,-1.99338507712223,-1.60225378297253,-1.67041459655233,-1.88651113806424,-1.45960903996593,-3.05399789011697,-4.29144112312372,-4.03544858138534,-2.03119878493218,-3.09914643256425,-2.56242595792923,-2.9112042702604,-2.15840225521682,-1.78146143932764,-1.16554796554929,-0.0489782610934014,-0.818737747753862,-1.10279867708524,-1.79408836129992,-1.63564468168553,-1.79925449373691,-2.16518716755085,-2.66940490690529,-2.07607328773176,-1.55157539796389,0.569970956281747,1.26660687414054,0.372954554755267,0.839480239021956,1.72997285054948,0.261952043556217,0.21791289396731,0.91220248288741,-0.79375789629899,0.231921576912886,-1.75234737972636,0.507800645269376,0.31691826317082,-1.30683221723019,-2.04882938709445,1.77916941609395,0.199706429516464,-0.567530412899297,2.46394060687088,-1.3852767252062,-1.74488118948896,-2.5447197022563
-0.31333107840409,-2.4984802937696,-1.20341274753029,-1.39198703314947,-2.41274356422449,-1.72826505967744,1,-2.22974303465596,-1.1974914917253,0.144987682881512,0.657745322294001,1.24316228117638,-1.2800534106602,-0.855227392303403,0.0151363814805496,-0.120654268968541,1.63436844358867,-0.677414833976726,-0.480698518832365,1.05704435074881,1.17378470656987,1.41974034496819,0.0560825782934203,2.54403276293465,0.945294980252154,-0.663561540089806,2.08092328814552,0.527701577747266,0.730721942202022,0.869031054792557,-0.307471784004034,-0.212979649599381,1.18273436838192,0.437785484977375,1.27396527225299,0.773664239696128,2.05810655690829,0.519622615010392,1.00099763426902,0.72168460631229,0.252804725408894,1.43962206828117,1.34504328869451,1.52093635359619,2.2391670784156,0.997766712803107,0.459099512140445,0.436422958353349,0.932555978760672,2.10642011822757,-0.948884713125643,-2.50963546514128,-0.987854943771739,-3.05695639952376,-2.09716109726513,-0.466742328219992,-3.08152047214993,-1.23088504037314,-0.792193809005752,-0.93345347117283,-0.462554098140597,-0.827171467662231,-0.0224790950301519,-0.126567467245315,0.169334806239257,0.605094869766075,0.809217053944204,-0.32213946910897,-1.24862180955426,-1.72274283820971,0.613634177868977,0.30407984934298,-0.245094959790245,0.794973686311766,1.29813636056453,0.691706055383795,0.621492374697186,-0.757920783354154,1.42597846528739,1.14923000871007,1.89224763585466,-0.909275665215245,0.422181943410686,0.14021165546655,1.28399731927707,-0.713491418223665,1.17905297094156,-0.349422988772099,-0.260187991859492,1.10437324619291,1.4630327155747,0.262889386785849,0.44836792303506,0.262077610712766,2.03599553948285,0.487399433604123,0.423398197048392,0.650181124273989,0.475712174454434,0.422417763663834
-2.16690628673277,-2.403104925429,-1.86915757548636,-1.87267258315376,-2.04973261513752,-1.79914143909247,-2.22974303465596,1,-1.89089029012821,-2.60322381896571,-1.72879628289607,-1.35434149313899,-2.93601152042179,-1.69447749151552,-2.09105931742718,1.23694726163895,1.22707078419677,0.925609954277638,0.890872443632838,1.8234904128853,1.48804894856303,2.00858478789978,1.34397172920896,1.34404892331918,-0.44134496812138,-1.36418035789631,2.01462966477927,2.57907414832345,0.81006522422693,1.50021857186831,0.0125934934162589,-0.956494765517796,1.18545150028569,3.27156442490932,3.19821287699394,-1.51831332541667,2.33959816972772,-0.1377468110745,0.787549358668226,-0.896220221446744,1.47241094242486,2.2251133507947,2.60474634425235,-1.09072267438018,1.38736864195398,1.43216024706559,2.43497333519178,0.2376782101373,-0.353620490153558,-1.22786579889693,-2.11671445982475,-1.19598590406319,-1.92470619436569,-2.0470868803705,-1.25833292243142,-1.89451995444787,-2.53078012818066,-1.86114227807463,-3.29221795894377,-3.56304280175033,-2.90515024230104,-1.42554095195811,-2.37769600012518,-2.23047399876623,-1.50319305050462,-1.07943417003574,-1.96562498883802,-0.617062946939097,0.749085187422792,-0.218126313549402,0.307587527792732,-0.830197171444805,-0.626635284015236,-2.68817941342374,-0.916253154678757,-0.947999153177054,-1.36919552360546,-0.11179992874235,-0.91738130533892,0.0471744953522878,1.45106734791512,0.772808921078087,1.53926888912838,1.46988494296681,2.19219438053705,0.045358489981788,-0.121734006871117,1.06093196507623,-0.847427248798834,-0.248378974979373,0.137021498648501,-2.419508110829,-2.51276313086864,0.719442321299376,0.695406741968111,-1.33355694388796,1.50345898635696,-0.960839140286298,-1.76457511039437,-2.82557239161117
-0.253236386401308,-1.56088350449664,-2.07559812817438,-2.42079838738777,-2.74378583460524,-1.4136393539235,-1.1974914917253,-1.89089029012821,1,-2.20872290248015,-1.43915810232749,-1.85582422583158,-3.11175102651494,-1.21300891859018,-2.10814777593324,2.11811886386824,0.572663864534513,1.09548112201746,0.841947215577358,3.39922317471027,1.81417334505768,1.4421091801917,2.03099042675457,1.24667610693763,-1.19973032772479,-3.1329637577736,1.79292907639859,1.16519683964583,1.2843198220642,-0.475850545872224,-0.562668993876978,0.943143149864673,2.18944161275793,2.44577362389654,2.20474669712493,-0.991778044968343,1.93672795993026,2.01246576108641,2.23115220155375,0.251433970544729,3.3990738959529,2.7446712975904,2.74435253029709,0.359827586317796,1.80749429535841,2.4144624091157,2.64982824468143,0.911298751028254,0.298238448913108,0.432770541548687,-0.948708827853986,-1.6453449114098,-1.93261131711843,-2.70908816691598,-2.85190879724105,-1.93063619553379,-2.4479334865587,-2.12131475300523,-3.38309854283698,-4.36891149840586,-4.14135110800606,-1.38140341538172,-3.14782466896596,-2.41356215482792,-2.53193028866173,-1.46002638089459,-1.35883067910844,-1.43115099153157,-0.892661606253435,-1.1532549521656,0.553612053722809,-2.55681258157975,-0.87938847370245,-1.81257703077631,-1.83163547066372,-2.79025801879592,-1.78869076945453,-2.48946181440961,-0.0896141579764804,1.06979925142988,0.399367263551781,0.158401184782394,1.54991044616014,-0.623290705984404,0.725156994626652,-0.269999902277062,-1.27286001288322,-0.605041021138616,-1.58695111215923,0.951479977572003,0.731944534240114,-1.56574678749745,-2.36945497820693,0.809908216478158,0.241866843516448,0.0469008846864942,1.94171773152118,-0.624109779389367,-1.42072413007492,-2.40348839171669
0.606466056051395,-2.89288560658816,-1.88004905319747,-3.19683746666002,-4.22041338480602,-2.02635243449711,0.144987682881512,-2.60322381896571,-2.20872290248015,1,-0.553585612313172,-0.860936223461518,-3.24794104483661,-1.32116627877445,-0.759175469578342,1.83331154729359,1.23198117744108,1.07564249602979,0.411513596833595,3.75313512728269,2.112976242432,1.73109537760039,2.14740186508665,2.55126146214322,-0.754029534918725,-3.50317170199241,2.69139888008545,0.67012451478608,1.6174408696818,-0.285386410656578,-0.893185541984237,0.663845555387848,2.02895163632773,1.53525163380617,2.2512562281601,0.596976171665761,2.12255749646994,1.73989292201294,2.01564619479702,1.12410604871548,2.97410510647234,3.25549708747299,2.60347027310955,1.28713058599311,2.81876788280961,2.3585795918455,1.9248226617263,1.39385346666872,0.932379650587821,2.08820080510289,0.0312433668260688,-2.72413273795475,-2.26842805169109,-4.48704118533241,-3.80911554676757,-1.40226629721545,-3.49098358772738,-2.32480543499414,-3.19059805096816,-3.92533968757241,-3.87936470239287,-1.69830132580857,-2.49586161286184,-1.52307375001497,-1.87333167834497,-0.389846086998904,0.449342922453634,-1.43163747111066,-2.22554691386529,-1.96092851403699,1.00264888449042,-1.97467642123945,-0.227190475352909,-0.233548878078019,-0.739571818563217,-2.11166752838492,-0.99500473425827,-2.89669471017316,1.15515885274785,1.52757684076611,0.784584445885584,-0.855291712869596,1.39882850559757,-0.817248084731635,1.07271828500042,-0.801952965494633,-0.455772354404527,-0.833296467913676,-0.880221779223192,1.59672072645054,1.39423477602589,-0.949452734203539,-1.41438726868683,0.503073055387377,1.45188481644179,0.771831632570152,1.54244313381485,0.604949977730799,-0.173648764861354,-1.2877988232645
0.508890146535757,-2.4290634869448,-1.1726339487379,-2.6708688190128,-3.37018906647033,-1.8469810740195,0.657745322294001,-1.72879628289607,-1.43915810232749,-0.553585612313172,1,0.416242153790974,-1.70508315208942,-0.353203243884153,0.683208402347259,1.12325071917853,1.10402038303231,0.437395531530016,0.271392833459212,3.0217182626782,1.87324926995692,1.83594243273826,1.77008572690322,2.8325263766423,0.588059436188396,-3.16137487725353,2.07836177871018,-1.22305797552045,2.03564304409846,-0.0703981401141131,-1.06176481953672,1.72359204915455,1.62904257542975,0.348390326580331,1.33201375399414,1.00388833059753,1.92661096994,1.50182745832969,1.54946567799039,1.28691394634745,1.31097278555493,2.34370788866975,2.17238111143129,1.20386064720081,2.32676303479203,1.13845834475926,0.701287967907194,0.764906837114911,1.20924442220095,2.86643969684103,0.683684219724614,-2.38232273094178,-1.89731744180761,-3.96205710235114,-3.37947723287266,-0.539239611955389,-2.95585028086907,-1.37618609583919,-1.72414223088327,-2.19832591347719,-2.20815510122354,-0.698241790460191,-1.05599301953295,-0.814853223226076,-0.527836415528304,0.930473841633056,0.82334776236063,-1.55029525919861,-2.67118175860691,-1.95995464025257,1.72778271969315,-1.81008479948431,-0.163858951056738,0.739179956133907,0.342830604559992,-0.643605466208494,-0.178129386305948,-3.05474421313839,0.743120394089458,1.66745158966063,1.15205166012447,-1.7988111805069,0.292827214888352,-1.09189616612434,0.911866364185514,-2.14606096718191,-0.678160124519781,-1.80907839851357,-0.284023278451603,1.51888461122983,1.95701986489638,-0.0322388318794323,-0.568321971369739,-0.482040097107528,2.08034022596994,1.0255145532313,0.37943524403602,0.769143363010415,0.54394499243012,-0.277594967378515
1.32328491463792,-1.8522162137828,-1.3688641854922,-2.03402394416641,-3.478022984026,-1.84071611289091,1.24316228117638,-1.35434149313899,-1.85582422583158,-0.860936223461518,0.416242153790974,1,-1.12747025904682,-0.209657751563019,0.881788746068792,0.923593260372883,0.737654409287177,0.316269463710533,-0.0492807117519336,2.94162101212622,1.32823613330238,0.736191517333231,1.51040728453842,2.14742823184115,-0.669225402667011,-3.25539354591627,2.28944010066675,-0.995781201738408,1.31652405859894,-0.613062792923553,-0.961833915217101,1.569377383281,1.40353720496531,-0.397307913691511,0.846375185654143,1.6970433352823,0.55860821271365,1.92784700963708,1.47940457658645,1.26649271129871,2.08895214274795,1.73677782340063,1.57084982861576,2.07501909599358,2.07898129476681,1.79229200345821,0.76988974420684,1.81233707667022,1.42936009595023,3.28352356511776,0.842463354392906,-2.52881700073283,-1.54749501048379,-3.76429847207933,-4.05717179050336,-0.520477066595717,-2.34858530838673,-1.705587820495,-1.76803849156469,-1.8194746644185,-2.09497347299214,-0.0138009386525701,-0.880822247502075,-0.240186753507056,-0.824788886386347,1.00774203406834,1.52434026654229,-1.4576405312705,-3.03336752178238,-2.29625900512209,1.38876970865328,-1.77281078097154,-0.0256819716743494,1.07238238798523,-0.287186338093188,-1.47797575676454,-0.146250867948079,-2.95765112758993,1.5480227629522,1.64889396067306,0.212404572317546,-1.65533687373412,0.268199548354449,-1.52161911050929,0.250774654185216,-1.34606693997897,-0.922600616951081,-1.86396066547722,-0.495281436015551,2.13525709192691,1.98380560754718,0.535827486733239,-0.15851690991042,-0.0837104139007685,1.74605061226693,1.73353477935416,0.80471250856686,1.53276385287487,1.04984403007328,0.355424982008577
-2.58265613107887,-3.38239654915661,-2.81480052164257,-0.696470915542112,-2.9586422411612,-3.08488838704174,-1.2800534106602,-2.93601152042179,-3.11175102651494,-3.24794104483661,-1.70508315208942,-1.12747025904682,1,-2.21208621502124,-1.57501778118097,0.20160024169097,2.32742191724794,0.333460095494746,-0.00762107750969676,1.13832853211874,0.843501913973147,1.39399995286247,0.57924786739766,1.9850600125185,-1.52382507955088,0.206773907674608,4.15567405540847,4.01362143557765,-0.341010749999935,2.96113946861806,0.389733435146674,-3.22069415929309,0.215690625067069,2.30521788522457,3.58823941189566,0.488306920370703,0.141099290448337,-1.622742860334,-0.64281066485521,-1.53129891050173,0.701419619045953,0.263756294924844,1.52152184186502,-0.307009295198429,1.74456296722762,1.63188222699864,2.08100437787831,2.09566779895647,-0.278932274899989,-0.693725112572621,-3.23238034847177,-2.67209534490983,-1.75135270507172,-3.02887506335728,-2.45928375572745,-1.31534745245286,-2.95952969791807,-3.04525579176896,-3.36225484612791,-1.58059079788963,-1.36198063173988,0.0367684590153392,-1.12946609819946,-0.769874656380661,-0.520812901419712,0.132832697783223,0.0604422736315958,0.203774556798594,0.659399704679254,-0.64663818027515,0.451052561598312,1.13060100593033,-0.0704644357425505,-1.819421200468,-0.183989553194119,-0.145294117921178,0.659681231287473,1.97830671309514,0.504511107044169,-0.163121537967702,1.6351873108482,0.311646807436987,1.42444764343451,2.31863697701907,2.98186172527172,0.731308282036995,0.661678849126401,1.87164029578929,-0.319036059989531,0.467437653221625,0.817332076224724,-1.5200772110753,-1.34348016852995,1.08087419898624,1.89970009316266,-1.15742501867961,1.51074432722442,1.20752185824112,-0.629038635144834,-1.23441834656934
-0.873567822899786,-2.54090204018853,-1.26409171602384,-2.65224009620071,-2.82125095488191,-2.06360669589042,-0.855227392303403,-1.69447749151552,-1.21300891859018,-1.32116627877445,-0.353203243884153,-0.209657751563019,-2.21208621502124,1,-0.249100147062075,1.48842268737148,0.802046514240969,0.85639908293431,0.312894371682178,3.00085010457363,1.81959895868866,2.51834100508919,1.8820016588751,2.91057332332328,0.86860032660259,-3.35551178207691,1.24603716700555,-0.926612389087364,1.84942680642111,0.676661258527433,-0.603895005199694,1.87984664968421,2.03098471802271,2.00629633390633,2.48414031222742,-0.447955627128786,2.58988845492063,1.25799706649296,2.23963127020952,0.915357887250685,1.44527143712502,2.9075252769736,3.20240097752125,-0.351310382091094,0.899698672427863,1.00828261284838,1.71881918477368,0.0630745127947281,0.626866658040483,1.27377081373423,0.151143989247627,-1.54420883860471,-2.34614581913296,-3.61736794969669,-2.80371594039554,-0.709622030588301,-2.66516273534168,-1.06104652761964,-2.51670148540413,-3.42173397466376,-3.06798009662826,-1.20703599831809,-1.81489293309495,-2.16929049551562,-1.13840894898975,0.271769497994415,-0.888142087061695,-2.12223644545514,-1.75155438648924,-1.42201003434484,1.06045264052612,-2.25481932642623,-1.34510605042278,-0.656684345555852,-0.469654699178213,-0.77773745207815,-1.14953834398748,-2.68957793983232,-0.148530840126821,1.96555332804138,1.56041102817805,-1.26337554788058,0.2779590461785,-0.0341457886969285,1.15064151442184,-1.99193258978841,-1.23402304747471,-1.37710644043136,-0.534169945759995,0.866238961375635,1.88002936069304,-0.776299393780546,-1.61470787251896,-0.188778428892041,2.35785915432385,-0.232833175459091,0.995255200151936,-0.802140563741524,-0.52627239600474,-1.77883683608637
-1.13917829595158,-2.72484598496981,-2.23273353323293,-2.36312261032518,-3.15524243583521,-2.68677932922342,0.0151363814805496,-2.09105931742718,-2.10814777593324,-0.759175469578342,0.683208402347259,0.881788746068792,-1.57501778118097,-0.249100147062075,1,0.93503970427619,1.93572136957409,0.386506951853568,1.00151661875028,3.1695325060914,2.78026325031138,2.64668654341108,1.98980693060426,3.46438282134159,1.77009500730775,-2.7625931037677,2.46010513229583,-1.24442558201611,2.35689110297787,0.935140948297701,-1.47685233515823,1.46532229415485,1.07439945511595,0.938894856151224,1.54493561700375,0.753697601279535,2.38133069473145,0.95977896608897,1.15541800612772,0.748957142875208,0.271946943760397,1.34404753452377,2.25608648646411,0.122573201798641,1.83026336163752,0.298830413754842,0.321126430596802,0.374522358447495,1.25626371368673,2.38230833866989,-0.405300631899874,-2.61169739414999,-2.16899763401223,-4.23082606809562,-3.71763804787945,-0.477047169165208,-3.57294806716293,-1.82926328327762,-1.90951362934876,-1.98508456377109,-1.47834156973534,-0.246333194240249,-0.832407744241434,-1.31748260698851,0.428111477809693,1.31213886899673,0.105585988968242,-1.57518876550316,-2.00264015804422,-1.5715413849395,2.95796533662331,-1.51596015277941,-0.271850279313575,-0.232536916625895,1.2288057255492,0.601165997025281,0.545006244853384,-2.14033859253324,-0.700551113268716,1.50183062331954,2.41320922710478,-2.08100379136348,-0.207142348592466,-0.37459543858976,2.29629390748555,-3.09441011445649,-0.531182015181998,-1.66399003786257,0.0718229108352598,1.15059486858248,2.37971811679876,-0.622389192232809,-0.998460574482714,-1.37916735969904,2.78241487724788,0.0285966030810091,-0.148682052379513,0.351771692413479,0.0541207315959789,-0.771700971067836
0.518139722373042,1.68615839917802,1.85632998995453,0.326854823948008,2.21114291831671,1.83543999516098,-0.120654268968541,1.23694726163895,2.11811886386824,1.83331154729359,1.12325071917853,0.923593260372883,0.20160024169097,1.48842268737148,0.93503970427619,1,-1.20219917777788,-0.383522313395885,0.719755230551026,-1.70414377947151,-0.192755993933306,-0.632568836844829,-0.75465835458822,-1.68718047465962,1.73393025702833,0.412382546310424,-2.76145484350388,-1.46479919834377,0.193738011139319,-1.23269500925591,-0.306887306715146,1.07176765371523,-0.96075946912424,-0.702413132250689,-1.94796024076521,-1.34318838864791,1.44576124842379,0.432153316363226,-0.175714411356414,0.389576746827058,-1.30643634813084,0.378461753635038,-0.720563437505317,-0.459532049280151,-1.01637888040921,-1.32417633262176,-1.54037535673726,-2.30922395272174,0.157921285006738,-0.456801937803275,1.20734246555021,2.09994162090658,0.986148509998247,2.55346775129496,2.69035811477414,0.0707242087188139,1.39917634634227,2.06646585557378,1.93629123762564,0.50687083122269,1.32912805832636,-0.567299070864337,0.929460799523057,0.36446133520784,0.826273222746134,-0.165020976494213,-1.1805552358406,0.384543225926089,0.716632241712972,0.81083915872592,-0.233377929238411,-0.0168927281310189,0.371046509620844,-0.0547843404660416,0.741821068892244,1.08354356575467,-1.05001159725204,-0.20091908475288,-1.30715919555488,-0.955007277636928,-0.201478370870896,0.710167161919618,-0.711222927844528,-0.311252050539465,-0.698940789875584,-0.14598084306954,0.770314749914477,0.00393746387178151,0.472196618118517,-1.15276976331508,-1.29001757370353,-0.325442617155453,0.361765433495713,-0.974695960849327,-1.40184035509253,0.0473596234885699,-1.11205875081467,-1.56707069577668,-0.152745776241541,0.0518331139298732
1.40188896354694,0.883417723015157,0.852018990219538,1.41322737314402,0.558144519354056,0.241102575553949,1.63436844358867,1.22707078419677,0.572663864534513,1.23198117744108,1.10402038303231,0.737654409287177,2.32742191724794,0.802046514240969,1.93572136957409,-1.20219917777788,1,-0.948682954300399,-1.2480456437009,-1.25511495787317,-1.43663443062245,-1.46682850674936,-1.17578059596408,-0.385301808309215,-0.470756584864495,0.536780485663521,-0.416817808102659,-1.3638588083444,-0.964618311853746,-0.413162435629897,0.333236086464368,0.473250241243701,-0.425285164294074,-2.34771856688941,-1.39913893622023,1.72348154135376,-2.1551001852747,0.0623330082000401,-0.471147078200967,0.404957887921348,-0.614796586532486,-1.46209394202947,-1.37316939043539,1.47925171130138,-0.689122231588209,-0.221908265547939,-1.04666642861109,0.881222366019115,0.488749259905829,1.51647633808528,1.12040118308755,-0.0229657002827512,1.08699832148704,0.594082548176485,-0.273233233475993,1.12612149321574,1.33970587700409,0.702617058219632,1.73228311876682,2.54888256208094,1.91862163095623,1.51138243847212,1.88576342777395,1.82632468721067,0.882966388485659,1.41244771329409,1.925607099494,0.186347157609946,-1.06591426313301,-0.620922149726638,-0.475210075153087,0.71458219513786,0.135054063407013,2.15316240315395,0.351712906727298,0.422492625138744,0.967262564790771,0.114301687703403,1.63115648131794,0.386768033931971,-0.934500624998985,-0.695017417498019,-0.994313490792167,-0.619005268895096,-1.36432730820459,0.266815030160189,-0.0749903022159455,-0.806175600699708,0.423691193329667,0.896826746756531,0.607743587247572,2.17988265798706,2.0313908683998,0.0386839299518446,0.408365578566875,1.39080134337181,-0.400126036783188,1.3982830260303,1.77757364101488,2.32007117353487
-0.0116478382509735,1.15956787727161,1.00068900834835,0.364490588662035,1.56789547806808,0.876672273028323,-0.677414833976726,0.925609954277638,1.09548112201746,1.07564249602979,0.437395531530016,0.316269463710533,0.333460095494746,0.85639908293431,0.386506951853568,-0.383522313395885,-0.948682954300399,1,0.173801734459577,-1.05912860799884,-0.428161459993757,-0.201178881707592,-0.581460137456134,-0.976362521525764,0.805803903344027,-0.168533640353558,-1.83147694732466,-1.02153124974463,0.0562032216535711,-0.589685214596161,0.193510878991874,1.37294442503036,0.248868327384464,0.00643762945201887,-0.661805246399132,-1.27069726969313,0.906844924486964,0.640641385760417,0.442851587890547,-0.0512967526819876,-0.343700685307171,0.426289492053882,0.229230875283597,-0.264293879702646,-0.801064892296948,-0.440886512995195,-0.125596971676651,-1.33654413072699,-0.0154830150044426,-0.367911135828313,0.375061761180813,1.27431644859336,0.634823320980796,1.78675736357419,1.40092243038409,-0.258605658268887,1.01568398012097,1.26406939293305,1.0009399007315,0.106448160726652,0.459489983956567,-0.100949646494839,0.340970949658382,-0.218205856026078,0.0564039904952549,-0.163737705237868,-1.32352438117983,-0.170041102262155,0.483487221198058,0.313915206175766,-0.515126399547094,-0.596112394170312,-0.560142771957029,-0.292076296353959,-0.167486491042694,0.234827116048736,-1.15394827615675,-0.543056038019429,-0.765006250790221,-0.147255122499284,-0.0664858483917209,0.617236349792226,-0.365663226920551,-0.0274810543996523,-0.703624640321837,-0.056870682534103,-0.202703109450491,-0.406157226236786,-0.162580428906699,-0.493090738455381,-0.444041904031295,0.0715821913051564,0.0502207603513437,-0.173581032818815,-0.706621405055906,0.0839851501289767,-0.165510558121343,-1.40159660070353,-0.321345599463977,-0.301404979586731
0.234794916439824,0.252705860254649,0.799691168872502,-1.03738590579463,-0.118231854206808,-0.070045317324869,-0.480698518832365,0.890872443632838,0.841947215577358,0.411513596833595,0.271392833459212,-0.0492807117519336,-0.00762107750969676,0.312894371682178,1.00151661875028,0.719755230551026,-1.2480456437009,0.173801734459577,1,1.12632129262248,0.194665205926136,0.852524721152624,0.760747414125507,0.786400047519334,1.06876000215097,-2.77733232437974,-1.6051292418591,-3.11546571437094,1.21945695233137,-0.689649587298808,-0.231431745199658,3.58878360358601,1.38221040306816,0.359642734377864,0.267830044609276,-1.10744114300446,1.44024492512285,1.92607440390254,2.26307789042184,1.19821486799207,0.655991172634934,1.94144830159187,2.07229794623801,-0.301274384034563,-1.34094991117981,0.0968157127496961,0.584901438261061,-0.969266063812215,0.590966194504472,1.06742765029324,1.65465329396862,0.792756430049248,-0.990209676855532,-0.492701507954521,-0.736470939439347,0.185799522654933,0.324778600418144,1.19682081900952,-0.31419985710438,-1.75199839322943,-1.43693118122437,-0.0526316069660552,-0.443681329599482,-1.33452984233335,-0.77290986170855,0.505483140324342,-1.33001801848098,-2.16814271616725,-1.65788513015354,-0.911528635598879,0.119088936427741,-2.60195378654676,-1.68574304996731,0.127497909022605,-0.972631303840853,-0.668389611406631,-1.68149199933498,-2.97003929949115,-0.419055573903522,1.73992598372189,0.0338745777658029,-1.06444210061153,-1.01328791223771,-0.971590278625808,-1.10010641609633,-1.82750804545791,-2.08170152293718,-2.3192557996359,-0.523432141178466,0.462284326284071,1.29323434828521,0.42729029073225,-0.701706719648595,-0.514072153631601,1.13807254228234,0.389340474605506,0.306910741049224,-1.56175441606377,-0.0840224146619708,-0.765272520622815
1.03493084653338,1.93651715801618,3.04449353440282,0.167364428732683,2.69407156853827,2.30306030401885,1.05704435074881,1.8234904128853,3.39922317471027,3.75313512728269,3.0217182626782,2.94162101212622,1.13832853211874,3.00085010457363,3.1695325060914,-1.70414377947151,-1.25511495787317,-1.05912860799884,1.12632129262248,1,0.241652193565067,-0.552168340106983,-1.04481831352945,-1.38278930486368,4.08506821425308,0.490242843055749,-3.63069986501227,-3.90321128157361,1.14394457443478,-1.5747136954495,-1.16342292815598,2.20793221033156,-2.11969933024581,-2.49059808195326,-3.70175311676134,-0.770854561156907,2.47295825942184,0.50759884024942,-0.780738933940619,1.27180142629766,-3.5270411121296,0.189204555764608,-1.40116272408928,-0.137650567695806,-1.03893280531644,-2.87609200907162,-3.8879312493787,-3.6184489257583,1.08363768048237,1.12238750395116,2.64674703695171,2.50613972674568,1.21788231468706,2.78803066875622,3.37732951376382,0.942984982912613,1.39847665789263,3.3704264861541,3.80625954508769,1.98562450152544,3.3937266443997,-0.152198441898201,2.81080751530401,1.54097196124936,2.79928036039007,1.47630022913529,-0.516084318083856,0.434952021296332,-0.213498980477542,0.554991291931985,1.1120209642637,0.363809428514324,1.28112986485341,1.31241939757796,2.83063727674016,3.267270941229,-0.316013628207077,-0.734914861885954,-1.87125796047237,-1.18912592394089,0.436446367464283,-0.493006459205821,-2.0738723435705,-1.01398787724523,-0.531873729827899,-1.9539356821231,1.51790634634417,-0.971728056080324,1.50346091467464,-1.36341857611567,-0.991774009856821,0.199773923340523,1.4573013129094,-2.74270855818463,-0.795726178091284,0.653169339669228,-2.9402581944501,-1.37094714171555,0.933999916060867,1.3912416670325
1.6680976451937,1.00667221636355,1.86467824676514,-0.84541813441561,0.353081066420859,0.884466631946453,1.17378470656987,1.48804894856303,1.81417334505768,2.112976242432,1.87324926995692,1.32823613330238,0.843501913973147,1.81959895868866,2.78026325031138,-0.192755993933306,-1.43663443062245,-0.428161459993757,0.194665205926136,0.241652193565067,1,-0.0515105987361375,0.278210373047651,0.169732021527751,2.10973469772341,-2.24413008698083,-2.15851410738852,-4.50152506253507,1.5495403458212,-1.75989668431602,-0.990192301756821,3.85686536748678,0.0278747222338435,-1.84965824034032,-1.95970769871949,-0.0969526943000039,1.48299142712275,2.10429666676239,1.30707447438124,1.93795895790881,-0.707306882043039,1.34489205376471,0.555690543216575,0.772220457330099,-0.824101732768323,-0.83424668813801,-1.66393416122302,-1.52791401906007,1.38460233117885,2.5569096251702,2.98704111730986,1.04692543271473,-0.234656585034711,0.156287499268444,-0.0241686111811849,0.792320585267823,0.681155992974499,2.054409476341,1.54732566487065,-0.0428901976322035,0.487318969036171,0.339799360157179,1.16853339234558,0.348610593696942,0.717881408954741,1.51805354074957,-0.00451304819313086,-1.4750062283584,-2.37624658915355,-1.05516416698033,0.970085581715271,-1.89365628582121,-0.236206519678698,1.65166626822504,0.629608063939042,0.575395334883053,-0.870046624878103,-3.15989788157314,-0.291791505885744,1.01147324955792,-0.24729472410505,-1.63808968602259,-1.76094126402097,-2.05990612915735,-1.43822957269313,-2.430335940251,-1.00449468121153,-2.75234150605534,0.304239715605906,0.474173155180737,0.93988438323689,1.0441506292545,0.647379311297176,-1.68613283918403,0.667951920300638,1.48541543378185,-1.1855909590842,-0.669857092845123,1.12736975791128,0.966324400585484
1.86970673454611,2.06244700377366,1.58012316131946,0.294448022298134,1.27067823930244,1.31555139928309,1.41974034496819,2.00858478789978,1.4421091801917,1.73109537760039,1.83594243273826,0.736191517333231,1.39399995286247,2.51834100508919,2.64668654341108,-0.632568836844829,-1.46682850674936,-0.201178881707592,0.852524721152624,-0.552168340106983,-0.0515105987361375,1,0.0355525754275221,-1.47630492813191,1.07105894471048,-1.21371809075503,-2.11487808489396,-3.42899334211355,0.688941662154616,-2.08413756771952,-1.08502877214798,2.50981880898948,-1.31213587870377,-2.51028674779029,-2.92709809291801,0.471116592749641,-0.241414209440053,1.29528016613104,-0.374346765515701,0.941648211906688,-0.88362890862591,-0.427448083544794,-1.17670840440098,0.556194344564715,-1.00657619776959,-1.21360746814675,-2.28750871061685,-0.923703539486447,1.04764926264616,1.58334086811753,2.7103235692625,1.50063271564052,0.769164088574631,1.61132326533101,0.579414030377274,0.621505526830165,1.76482165195504,1.65604008013664,1.98242673141035,1.27321431668572,1.47195882170891,0.986690920244627,1.46780601631382,1.19487196485467,1.20975311312067,1.34636919179675,0.427512249784854,-0.345788350800987,-1.26223324493039,-0.0299902042606208,1.15317835716227,-1.01819290269836,0.929939674699532,1.12379644213069,0.593478006431007,0.480379611173735,-0.487030356850253,-1.63760334452309,-0.91599458430932,-0.468454589681465,-1.12090384807047,-0.695098553269548,-1.5201225585566,-1.78920620176981,-1.24019565363053,-1.33869303499101,-0.546422739855618,-1.64275993907529,0.786343921450905,0.0685466671660511,-0.213523860384686,0.707419768468758,0.837612952210357,-1.86469239004108,-0.847437110611705,1.47705153346673,-1.52350285299396,0.0457394032868532,1.20473575477686,1.20917579956965
0.343572582926565,1.28138257608901,1.77254398463459,-0.161666707574767,1.65886354507284,1.11591702248456,0.0560825782934203,1.34397172920896,2.03099042675457,2.14740186508665,1.77008572690322,1.51040728453842,0.57924786739766,1.8820016588751,1.98980693060426,-0.75465835458822,-1.17578059596408,-0.581460137456134,0.760747414125507,-1.04481831352945,0.278210373047651,0.0355525754275221,1,-0.629144606798762,2.72344740945898,-0.871698497902231,-2.72580152460399,-3.24034518334432,1.04140558205739,-1.06925652372118,-0.733831534704988,2.6850087150449,-0.621197513240778,-1.00984409452971,-1.88351051711714,-1.12853506199907,2.07982335831193,1.10527771278599,0.455775971772835,0.914343837435154,-1.65464848818468,0.773173582485112,0.127107768444271,-0.336628054797371,-1.23876269450999,-1.53813352869239,-1.78044070914083,-2.46359297415388,0.827907453953814,0.820615436715847,1.79681704574174,1.76431384390658,0.351395492047583,1.59579393000315,1.58629895577308,0.347804038492793,0.915745704869898,2.25049963191991,1.90931278859331,0.323255008120219,1.36355079009396,-0.0406581915474098,1.33487017538513,0.157199272589504,1.26160202940937,0.961322677393732,-1.21560080851019,-0.612473247012562,-0.481871766094537,0.0372980770047426,0.707199574498227,-0.895693161225519,-0.0773179623298433,0.356431186664563,1.1170644095516,1.56887344003501,-1.05677364981075,-1.43859946345327,-1.52950549248006,-0.0990106976635747,0.39606600385075,-0.430410230391129,-1.52991724280307,-0.727098709513776,-0.542464995132106,-1.72068934773744,0.013431287608707,-1.34433692949465,0.558299154772077,-0.645148301121318,-0.0980235674087729,0.100855727113698,0.371034918857403,-1.74493079052854,-0.102266361399871,0.397222772271321,-1.40621126779392,-1.6353933513193,0.288308925054846,0.210580540077589
1.93758226225552,1.40976449083919,1.42983275305041,0.636381711129224,0.907724979769274,1.03572055112164,2.54403276293465,1.34404892331918,1.24667610693763,2.55126146214322,2.8325263766423,2.14742823184115,1.9850600125185,2.91057332332328,3.46438282134159,-1.68718047465962,-0.385301808309215,-0.976362521525764,0.786400047519334,-1.38278930486368,0.169732021527751,-1.47630492813191,-0.629144606798762,1,1.79151812304914,0.300763049768796,-0.939021903225761,-2.94970807826575,0.609974046424143,-1.52257692136696,-1.40204162994818,1.06259912671252,-2.42721481611165,-3.76554023641816,-3.65617810083179,1.80461456588253,-0.33806896161829,0.363174060104963,-1.72164835330471,0.91851011585189,-2.43048822770622,-1.49139588773617,-2.36487487186369,1.44814664989731,0.216911532418344,-1.77235731867686,-3.75142748805636,-0.713472092770228,1.49809504463139,2.58958926834573,2.25429403362297,0.497201871787717,1.1632481590432,1.13256666181014,0.590119411053286,1.01516474170037,0.874712947393816,1.32538777811727,2.96155791259858,3.07380139971555,3.43139858335943,1.42293957862452,2.92359373059681,2.6961233984581,2.79253323417263,2.34573515014072,1.97045601182686,0.747717122165709,-1.33894541736449,-0.259986799840175,1.96175270750139,0.763794664277635,2.18517075676662,2.20469098897723,2.53755180470318,2.2003081920388,1.24500637025373,-0.400803008744635,-0.366977686309688,-1.12901104936546,-0.380626993952167,-1.17490654840351,-1.71522551202176,-1.63853784997712,-0.324065300643227,-1.52638844811164,1.14530473449618,-1.13538935463162,1.54757045647672,0.177103883082135,-0.143852300660211,1.10649111643672,2.08191171624724,-2.40159067125862,-0.372223099343657,1.83096268157495,-2.54301490497007,1.45656629223997,2.15707466565017,2.75931056580939
1.76550630095849,-1.0494452526625,-0.598766869165715,-3.23270102050372,-3.45579356086349,-1.28915732979017,0.945294980252154,-0.44134496812138,-1.19973032772479,-0.754029534918725,0.588059436188396,-0.669225402667011,-1.52382507955088,0.86860032660259,1.77009500730775,1.73393025702833,-0.470756584864495,0.805803903344027,1.06876000215097,4.08506821425308,2.10973469772341,1.07105894471048,2.72344740945898,1.79151812304914,1,-5.69231105799603,1.01939292402582,-3.51002442406263,2.93874634526568,-1.90638149233512,-1.88504531545312,4.39599855109275,1.44861386737142,-0.42220570541688,0.20394710456062,0.431712450491162,2.07490821493934,3.69814952426062,2.6152733739655,2.10139635168066,2.46333674310273,3.3136071465067,2.85555277602612,1.6281115451116,1.39992377941812,1.65850071035402,0.468531333592636,0.668481412004435,2.09415253633095,3.97880871173794,2.41090349813429,-1.36815731310621,-2.52304717872073,-3.51931935345852,-4.18419077541563,-0.817342808241119,-1.94598538358246,-0.772087372942331,-2.20195413295954,-3.64202486139448,-3.25972080684236,0.0959645213146912,-1.41241930162824,-1.18027274379825,-1.26642058356556,1.27445494961555,0.0670071827160419,-2.91537412271984,-4.19678456246601,-2.64703912732114,2.47866304653638,-4.19105830243358,-0.295694676419197,0.460129202684632,-0.959435479596268,-2.13488203894878,-1.75996701285234,-5.51549929450067,0.0261271757530024,1.93376994750888,-0.174193712641573,-2.32085245642293,-0.503647110996764,-2.93723457008301,-0.30831188324731,-3.19460087616497,-2.56719899532711,-3.63403342821606,-0.807554261282624,2.0410430929489,2.24319408644965,-0.20478339040835,-1.44169000743441,-1.32258244856579,1.60362237953819,2.13024590996486,0.434846678580639,0.348275157576433,0.678138486729291,-0.585099661600578
-0.385821038292025,-1.36281606553499,-2.41660165762453,1.43844968461914,-2.13763907515833,-2.0506135271341,-0.663561540089806,-1.36418035789631,-3.1329637577736,-3.50317170199241,-3.16137487725353,-3.25539354591627,0.206773907674608,-3.35551178207691,-2.7625931037677,0.412382546310424,0.536780485663521,-0.168533640353558,-2.77733232437974,0.490242843055749,-2.24413008698083,-1.21371809075503,-0.871698497902231,0.300763049768796,-5.69231105799603,1,3.49180492355422,5.06590570658133,-3.10212352366553,1.6601261802974,2.35446390180263,-3.22277524125557,2.01097422892496,1.56344758455124,3.45769553172941,1.11954519275081,-3.99134060020241,-0.495793095804584,0.787104985857737,-1.49714081707417,3.82715856921722,-0.726073139340322,0.712307284379536,1.72885230071659,0.403401565446222,3.9737048279396,4.25172562142916,4.56588405466088,-1.06461883109463,-0.975273060950297,-3.19284310005024,-2.43438615091721,-0.285733435061795,-1.64709431295457,-2.93686438868343,-0.837982575879551,-0.317274977548683,-3.01897365634464,-3.16064025357821,-0.819338640634745,-2.25066784407028,0.99534563694447,-1.65903379854807,-0.253910744562668,-3.10928216628812,-1.38544982552788,1.21162634862211,0.154419225348649,0.357016054816855,-1.24334096795841,-3.20974106479435,0.90287525634831,-1.73136018199823,-0.453682291935935,-3.49635220498522,-3.6352130599831,0.272595083926509,1.94194569262581,4.06345997919839,1.17827707958792,-1.40907736130204,1.26575702012549,2.04114602517143,1.40498381511573,-0.737158876190714,4.12583501105162,-0.957656441629709,1.58951970477229,-2.05262038417669,1.94788861606339,0.85788234810586,1.13396659051872,-0.092186646940231,4.27798600824582,0.689136980428829,0.158989396042243,3.89223573793434,2.0299885572689,-0.15462668319574,0.0198339752248287
0.617860437505717,1.73585800145769,1.56838132134757,3.32606928347992,2.60616101799745,0.93217818259216,2.08092328814552,2.01462966477927,1.79292907639859,2.69139888008545,2.07836177871018,2.28944010066675,4.15567405540847,1.24603716700555,2.46010513229583,-2.76145484350388,-0.416817808102659,-1.83147694732466,-1.6051292418591,-3.63069986501227,-2.15851410738852,-2.11487808489396,-2.72580152460399,-0.939021903225761,1.01939292402582,3.49180492355422,1,-1.53213358763638,-2.00968899107327,0.431535510691373,0.572127810562197,-0.943668136428598,-2.25147424129198,-3.47036788490505,-2.8567623241929,2.06510381444813,-3.0299381343812,-1.65016078067855,-2.03010061221197,0.0675689124270817,-3.40468424677701,-3.86870349479841,-3.40619819121231,0.735205195401122,-2.20905195562258,-2.17960425941958,-3.03117634415607,-0.073404476152978,0.19240529248542,0.649018617437268,0.770382808266303,0.914872018312615,2.34392027036832,2.28069752570518,1.78065146958713,2.50967905417924,2.45884568879522,1.84790925304213,3.95889394678495,5.43532710760213,5.15698572793901,2.24381966483206,4.02474802368733,3.12896194354643,2.98924960021625,2.06766079802189,2.40109964261939,1.43515809817796,0.246367779261018,0.420177023895241,-0.5883907058904,3.08651472801655,0.633569756728062,2.7698050167679,2.19826072374273,3.03800517195596,2.73436198337265,2.78301402243731,1.19039597246165,-0.463810068021895,-0.423529054263683,-0.70868723874018,-2.13557157353044,0.290813259727273,-1.11721579069275,0.471779006232008,1.42382573309542,0.170269066206019,1.52689882836237,-0.0836322155189622,0.09569235481925,2.82455447115779,3.4934200820269,-0.690341940006485,0.442412792099524,0.55088273369915,-1.84608359434106,1.4458427523676,2.22446343685696,3.67611049273297
0.72264730490217,3.06950392700529,1.12973665302086,4.88995737259068,3.76491049370726,1.95532773236138,0.527701577747266,2.57907414832345,1.16519683964583,0.67012451478608,-1.22305797552045,-0.995781201738408,4.01362143557765,-0.926612389087364,-1.24442558201611,-1.46479919834377,-1.3638588083444,-1.02153124974463,-3.11546571437094,-3.90321128157361,-4.50152506253507,-3.42899334211355,-3.24034518334432,-2.94970807826575,-3.51002442406263,5.06590570658133,-1.53213358763638,1,-4.54031824945449,0.36474963264848,2.85652260246731,-3.01845040359034,-0.453645611813635,-1.45982818472065,-1.10079550087212,1.05831865266384,-6.40029154764189,-2.32190635946622,-1.60805693920532,-1.56972306861997,-0.180790134483441,-4.64473834770903,-3.70296680876166,0.216670452704073,-2.94708964521764,-0.174389104142167,0.459043782073477,1.79456514225559,-2.16455013588181,-2.9301377115708,-1.00759201774367,1.60184035576502,3.40483984594554,4.19731320364198,2.75033896352396,1.87171002882901,4.60229888251833,0.982352276654253,2.58217971511518,4.83368507381581,2.80093488325173,1.87540333544194,1.53594731381251,2.05608850570444,-0.329580496491756,-1.24243756134827,1.70387188754717,2.15788041178424,2.54507710721381,1.75691582263549,-4.27755657390678,3.14737437687546,-0.762436000984057,1.44141255147191,-1.68422850700459,-0.732140247201516,1.83788063370471,4.36690853143693,2.66515744715592,-0.483915420142308,-2.83521656435394,1.83418842608195,0.0654131812781431,1.14552272267085,-3.10808517867602,4.55972188620101,0.0773388547249452,2.00429215119349,-0.195494910333968,-0.279518531350209,-1.40196458688942,2.98523107507472,2.64078959129889,2.896276741133,-2.00895616228342,-0.313931649815433,0.846381458290992,1.12993155964966,0.583636911278288,2.3241672216446
1.00146856964095,0.471321931782989,1.07798873172493,-1.62947237768337,-0.201914600977531,0.318283684301697,0.730721942202022,0.81006522422693,1.2843198220642,1.6174408696818,2.03564304409846,1.31652405859894,-0.341010749999935,1.84942680642111,2.35689110297787,0.193738011139319,-0.964618311853746,0.0562032216535711,1.21945695233137,1.14394457443478,1.5495403458212,0.688941662154616,1.04140558205739,0.609974046424143,2.93874634526568,-3.10212352366553,-2.00968899107327,-4.54031824945449,1,-1.72546082804736,-1.71307779812204,4.04736986901378,-0.160650138787961,-1.06945028282049,-1.73989823207841,-0.516360481445243,2.72402190982909,2.40223058380704,1.55258799261941,2.02826706507987,-0.609139619274155,1.89416415282661,1.07662956337652,0.116898365560757,-0.720023555827419,-1.00662021929148,-1.71683503789852,-1.98796095014137,1.65274067756036,2.43036194695923,2.79209887056083,0.835868207379995,-0.841413675791658,-0.613103206640183,-0.584864517953044,0.343080380171063,-0.285437321665734,1.56579162820019,0.799577898358612,-1.27307038287929,-0.138637374157255,-0.296253350242116,0.536052164957569,-0.4540472872227,0.834940161070841,1.35339767383864,-0.778270857574931,-1.78080551660673,-2.28569765808755,-0.983703074348044,1.96535561033915,-2.36721863367556,-0.117406087120638,0.635538511752547,0.984569107318003,0.784890591000825,-1.26476136585689,-3.44923651206404,-1.42095518618427,0.913084815512962,0.523171960255898,-1.68269779751451,-1.7187246192165,-1.90676825857848,-0.375521954717792,-3.09607832535792,-0.823646738894301,-2.64037824501036,0.436437288246234,0.253915707037652,0.983771066341043,-0.00602398287928074,-0.191237480120067,-2.39888309210798,0.866866202916484,0.96780644649927,-1.27172088919754,-1.29460322679222,0.555314480454302,-0.0349322539590702
0.223134926329865,1.46716459139868,-0.0963582326670411,2.59753857979664,1.18835362959763,0.00157254473897472,0.869031054792557,1.50021857186831,-0.475850545872224,-0.285386410656578,-0.0703981401141131,-0.613062792923553,2.96113946861806,0.676661258527433,0.935140948297701,-1.23269500925591,-0.413162435629897,-0.589685214596161,-0.689649587298808,-1.5747136954495,-1.75989668431602,-2.08413756771952,-1.06925652372118,-1.52257692136696,-1.90638149233512,1.6601261802974,0.431535510691373,0.36474963264848,-1.72546082804736,1,0.566412560063772,-1.18820185917605,-1.53232383453038,-1.90010830413695,-1.08258230880388,1.58897746866911,-3.96429719777856,-1.1289013238803,-1.93776116240126,-1.186778571398,-0.707683003236777,-3.33647295242736,-2.14348835738509,0.438235069714514,-1.33337936136751,-0.271556483722603,-0.732779256180864,1.80733179579714,-0.221508658033813,-0.260205603688913,-0.317896268961168,0.310536852153175,1.21206904295421,1.64964575488476,-0.0793669892462656,0.823833839305171,2.16064282830027,-0.175348130479786,0.938052264326453,3.09409980212731,2.28156884602011,2.73712392943014,1.66755811820338,1.82267851646384,0.902239823029337,1.13804427699322,1.49389505847588,0.849082022743381,0.397090578516457,0.407610668288108,-0.210377888160696,1.3323344709339,0.598830244505797,0.589481390372617,-0.356543024992485,0.115611287007705,1.44740498170278,2.08685429401676,0.562159522979611,-0.852466243266598,-1.45547508004833,0.101721417017227,-0.748563264391672,0.215271910349888,-0.662366632400157,1.06212154744834,-0.494498734042363,0.341034411438612,0.421718824583218,0.369468205180945,-0.0582216067985954,1.31118654707077,1.18901449718495,0.142181811898121,-0.415753356552184,0.53018548310048,-0.269154328007249,1.880719203313,1.1448009217823,1.74937802555672
-0.415754850038713,0.553826924907497,-0.538164502992153,1.54224043507215,0.960436290431417,0.357302075250733,-0.307471784004034,0.0125934934162589,-0.562668993876978,-0.893185541984237,-1.06176481953672,-0.961833915217101,0.389733435146674,-0.603895005199694,-1.47685233515823,-0.306887306715146,0.333236086464368,0.193510878991874,-0.231431745199658,-1.16342292815598,-0.990192301756821,-1.08502877214798,-0.733831534704988,-1.40204162994818,-1.88504531545312,2.35446390180263,0.572127810562197,2.85652260246731,-1.71307779812204,0.566412560063772,1,-2.87570438330104,-0.759922163927328,0.281409656763799,0.153605759085124,0.347584070782763,-2.26181547065342,-1.76017643215931,-1.68622908293623,-1.49911358133554,0.114983352521068,-1.99129003786566,-1.68227530431399,-0.474419065011235,-0.0928174404382509,0.0659838349982907,0.416174821968342,1.02645240631045,-1.18739873832566,-2.14671408522049,-1.47240542885109,0.164611170953303,1.11316680019676,1.41722959957369,1.06961750335321,-0.140739006273754,0.982673972982903,-0.768128303132856,0.0328160325790662,1.34866102191432,0.652677642480028,0.249657691348412,-0.176890218899253,0.586124528924381,-0.150307599079715,-1.05208851778661,0.452458613689911,1.60705009933835,2.04114412039036,1.34187984751778,-1.07653871072493,1.75923769275726,0.646478736130278,-0.709260547672367,-0.505823430352517,-0.390501110582372,0.79517096795806,2.73970263958305,0.208296242664312,-1.35159856566218,-0.794071559053591,1.52927135411996,0.965792356039536,1.1777000385292,0.179204468546522,2.31530527024219,0.781815302198851,2.12759705248012,0.106404957305597,-0.605077247399686,-1.37848501287722,-0.278907928013531,0.190263535937887,1.0778463444601,-1.51462686074674,-0.740455481126051,0.393493025348921,0.737157096187166,-0.420521587400778,0.0162473470677372
-0.206624689866263,-1.1140730512847,0.584341552263718,-3.81746124555403,-1.10779383509484,0.228124375196898,-0.212979649599381,-0.956494765517796,0.943143149864673,0.663845555387848,1.72359204915455,1.569377383281,-3.22069415929309,1.87984664968421,1.46532229415485,1.07176765371523,0.473250241243701,1.37294442503036,3.58878360358601,2.20793221033156,3.85686536748678,2.50981880898948,2.6850087150449,1.06259912671252,4.39599855109275,-3.22277524125557,-0.943668136428598,-3.01845040359034,4.04736986901378,-1.18820185917605,-2.87570438330104,1,-1.09282191482137,0.602613723704746,-0.915821571147332,-1.44073838474592,5.64244321323321,1.10681511557902,0.142627130591655,1.45810370864473,-1.47908681279102,3.24359688041362,1.53725266677348,-1.62625152050549,1.48186489442786,-1.9014088054232,-2.22916011878432,-3.35869942975127,1.34547401868092,1.1713382965903,2.23643191469998,0.700058959653479,-1.91939846727536,-1.38008732572931,0.443406461555183,-0.881781832982489,-2.32862423334195,0.785700010445059,-0.402792068168506,-3.00214545698458,-1.1480050813807,-2.24148318731638,-0.765989875164856,-1.33131847412512,1.34033442558507,0.682905454974225,-1.79183554119763,-1.00774474796429,-1.03976674603612,0.246470008107654,3.87317982624399,-2.14563461161627,1.74061261564483,-1.25414382764316,2.35345434164183,1.78160315133921,-1.51667648071735,-3.07395251782101,-3.95810600452014,-0.903799179871145,1.97020196529428,-1.11495871751683,-0.557992822738449,-1.10049036600181,2.36141735968981,-4.10840971160433,0.636246685677104,-1.11041039416014,1.24499956651502,-1.3332903889161,-0.434521101472189,-3.15651416171081,-2.06721674420098,-3.69967889796939,0.0425668123479421,-0.37915677955078,-2.31619361527208,-1.80529950639447,-0.735125046965839,-2.04261547946355
1.39791053732847,1.90155573444428,1.90469971765015,0.680618236528005,2.49910067259897,2.52200603145995,1.18273436838192,1.18545150028569,2.18944161275793,2.02895163632773,1.62904257542975,1.40353720496531,0.215690625067069,2.03098471802271,1.07439945511595,-0.96075946912424,-0.425285164294074,0.248868327384464,1.38221040306816,-2.11969933024581,0.0278747222338435,-1.31213587870377,-0.621197513240778,-2.42721481611165,1.44861386737142,2.01097422892496,-2.25147424129198,-0.453645611813635,-0.160650138787961,-1.53232383453038,-0.759922163927328,-1.09282191482137,1,-1.85046055442152,-3.17480707099125,0.352653170467372,-0.0574729780694812,-1.30073252843403,-2.59745282831231,-0.039546743698127,-2.22983428155023,-1.35834028523266,-3.21357617709413,-0.632535248918389,0.0192827604372584,-2.45888917628808,-3.07630823247482,-1.85144398361992,-0.271946432356075,-0.99238143721101,1.71058406305933,2.00938009309959,2.05480192424031,3.00292056243347,3.57706657517806,0.552639169567011,1.72528620927181,1.63843094716747,2.98029234149067,2.50973603280502,2.55951741222584,-0.865242749091546,1.35973918855893,1.80119986884348,1.98089710291049,-0.222632651213815,0.725712428154257,2.12335653407066,1.51882745267705,2.12294384301196,0.443577913410487,1.71690200769248,2.63558631305339,0.60111269645641,1.99980945943243,1.80540620004658,0.484025570876597,1.41195971193958,-1.53192073717553,-2.55253244833695,-0.732655561335671,1.03446660481648,-0.207740059128752,-0.233059712481202,-0.0794723796893926,0.501746762513285,2.26574853104025,1.42554181562388,1.75913914894197,-1.77450446206246,-2.66563375504844,-0.587000471697777,1.17581841145314,-1.55400846095768,-2.82645142328001,0.0241468011989311,-2.33641926045086,-0.00341898148402975,0.432075409979486,0.892635946385769
1.41001904504095,3.89710179774816,2.43782849402649,2.21919301885138,3.87199696946455,3.06452333484503,0.437785484977375,3.27156442490932,2.44577362389654,1.53525163380617,0.348390326580331,-0.397307913691511,2.30521788522457,2.00629633390633,0.938894856151224,-0.702413132250689,-2.34771856688941,0.00643762945201887,0.359642734377864,-2.49059808195326,-1.84965824034032,-2.51028674779029,-1.00984409452971,-3.76554023641816,-0.42220570541688,1.56344758455124,-3.47036788490505,-1.45982818472065,-1.06945028282049,-1.90010830413695,0.281409656763799,0.602613723704746,-1.85046055442152,1,-3.11970066710956,-0.626176609601642,-2.35545383039652,-0.315487892744304,-1.48939589753349,-0.417597765076202,-1.104737582567,-2.10501139361632,-2.66035626510578,-0.87516754529396,-2.50829988698346,-1.71926599919174,-1.78500668611274,-1.18627676564641,-0.753279893320839,-1.71969463566738,1.81555279663616,3.40147337412412,2.21796071569804,4.76792150175628,3.54326638718796,0.911900362962002,4.2787617182023,2.42234173524008,2.72471020001223,2.54835145332953,2.06828021309113,1.07843556687776,1.22303126448808,1.27066321002841,0.610151222895474,-0.400464877233055,-0.361327027554331,0.991311682014386,1.36583998299885,2.01252507628857,-0.943788482407415,0.220266646818992,0.781145783768753,0.220711301062564,-0.637255080449405,-0.0520525914776087,-0.449434166102061,0.860693968920768,-1.27371683925955,-1.69962765195383,-2.49131258622182,1.14201215133297,-0.903937727214196,-0.774325605796965,-2.28420158242447,0.99698343631546,-0.52438526253159,0.183509773270321,0.617267429408067,-1.3404095132837,-2.1352022706695,0.529213697506059,0.741939436275446,-0.605689857761203,-3.038461536417,0.218250921790888,-1.25575199114193,-0.629571837751417,0.142613453889187,0.779825024450541
0.983548781955374,3.85211118431169,2.03608578594152,3.48755664236586,4.40323669659431,2.70213082417309,1.27396527225299,3.19821287699394,2.20474669712493,2.2512562281601,1.33201375399414,0.846375185654143,3.58823941189566,2.48414031222742,1.54493561700375,-1.94796024076521,-1.39913893622023,-0.661805246399132,0.267830044609276,-3.70175311676134,-1.95970769871949,-2.92709809291801,-1.88351051711714,-3.65617810083179,0.20394710456062,3.45769553172941,-2.8567623241929,-1.10079550087212,-1.73989823207841,-1.08258230880388,0.153605759085124,-0.915821571147332,-3.17480707099125,-3.11970066710956,1,0.763031297439137,-3.47209978871882,-1.71449414885341,-3.1842463122139,-0.933139049828912,-2.88926653087081,-4.35589461155043,-4.38832986074076,-0.715188026230364,-2.45997306499643,-2.81492510261963,-3.24473609006609,-0.862601014397329,-0.653393153014227,-1.5195987750804,1.19067837634583,2.86842141394811,3.10767778488352,5.0178850520079,3.7369209819618,1.63152185295164,4.25754593464115,2.17452999933832,4.03359190438055,5.09485269178563,4.54162720812676,1.98413003176172,2.84379414627959,2.67152301561696,2.45666284825856,0.61182885238796,0.979921262673825,2.14327929413141,1.92444984543224,2.39865563568895,-0.250906596597662,2.18055929947457,1.72705166184078,0.952794044143429,1.11328313872588,1.82918492312568,1.48502390386454,2.85073877766226,-1.23604472935102,-2.42193033610023,-1.87431711958296,0.901086008630287,-1.43611212042149,-0.129009220975037,-1.42075961839402,1.04651569960746,0.826386413161917,0.895565996883117,1.61210855093786,-1.44224126450025,-2.11513952151765,1.14009227930574,2.09120801285577,-1.23659417512326,-2.71862646289587,0.11281461627638,-2.30512574218996,0.548393851540657,0.979000567533163,2.20502765046818
-0.451263658018204,-1.93833590400108,-0.872562096839393,0.315908839743404,-1.23303773363097,-1.64127638694494,0.773664239696128,-1.51831332541667,-0.991778044968343,0.596976171665761,1.00388833059753,1.6970433352823,0.488306920370703,-0.447955627128786,0.753697601279535,-1.34318838864791,1.72348154135376,-1.27069726969313,-1.10744114300446,-0.770854561156907,-0.0969526943000039,0.471116592749641,-1.12853506199907,1.80461456588253,0.431712450491162,1.11954519275081,2.06510381444813,1.05831865266384,-0.516360481445243,1.58897746866911,0.347584070782763,-1.44073838474592,0.352653170467372,-0.626176609601642,0.763031297439137,1,0.0352971035191053,-0.95703657544422,-0.647726752038749,-0.227684797478611,-0.972333874252707,-0.623540357776733,-0.225855600960808,1.58056496025547,1.73891827956914,0.284238132845122,-0.172877004558247,1.01208802273379,0.519416900020721,1.59873076938561,-1.27675724292357,-2.28817713038333,0.273231918363,-1.70647073174361,-1.24811155813258,0.10407151805711,-1.8694604544993,-0.999204811933725,0.524667411020055,1.7296114160195,1.60619116012337,0.311669856805805,1.41596234609925,1.27522185957268,1.2478916960995,1.35352309163103,1.83686506218955,0.72257757120195,-0.416715424839652,-1.10003500484358,0.110738233404561,1.92632582175694,0.238126600941912,1.45987809726808,1.81182794390794,1.66209453266306,1.69688786081704,1.13087522099365,1.82888499270816,0.405541320634916,1.5519977252757,-0.525649215425302,0.134788437299481,1.02039016181158,1.19967799288825,0.177580972524404,1.73658241627966,0.419516301798743,0.407854924002631,0.919903722823636,1.110952466212,1.18737548479745,1.72909167341478,0.449138726121581,1.7841472017176,0.562327701817479,-0.023614141176219,1.6053585402017,1.25761428900454,1.63249783501037
3.20361074318696,2.29712742433415,1.80052270139096,-1.8494245553488,0.126098198603141,1.91917168976675,2.05810655690829,2.33959816972772,1.93672795993026,2.12255749646994,1.92661096994,0.55860821271365,0.141099290448337,2.58988845492063,2.38133069473145,1.44576124842379,-2.1551001852747,0.906844924486964,1.44024492512285,2.47295825942184,1.48299142712275,-0.241414209440053,2.07982335831193,-0.33806896161829,2.07490821493934,-3.99134060020241,-3.0299381343812,-6.40029154764189,2.72402190982909,-3.96429719777856,-2.26181547065342,5.64244321323321,-0.0574729780694812,-2.35545383039652,-3.47209978871882,0.0352971035191053,1,3.6095528663391,2.01024522940216,3.06192685511107,0.540117993998584,1.5087873237422,0.159427546776353,0.378711439215893,-1.0361437289149,-1.14163358056566,-2.27096655618845,-1.70694108060907,1.55375275774828,2.93078629446802,4.87094150344491,1.62599163217634,-0.495788409703269,-0.140116333134754,-0.736176330709804,1.15851392331382,1.20616267054623,2.0658757705206,1.34954613004307,-1.16978956955158,-1.04289669848845,-0.064784373711948,-0.181662456555322,-0.362126951183647,0.0592387930508479,0.721412212346963,0.0466697911007867,-2.19039504028219,-3.39869150522198,-0.689740129440223,2.24104578418014,-3.86371877786015,0.286223548633253,1.62397028342666,-0.0639454517756417,-0.973353925957896,-1.18634349713124,-5.27825064378456,-1.37058221019003,1.26666564453016,-1.46653000610024,-2.40666419878007,-1.87567334213359,-4.28216391831556,-2.35243572245057,-3.55790074644845,-2.42838122939575,-4.0448755564162,0.243839764914209,0.570509756962887,0.707558873640696,0.717472454308497,-0.203984078399112,-2.73309561265706,-0.527998530999511,1.80683559288739,-1.68578814008467,-0.876491168404689,0.741491949257734,0.391898023728079
0.386593158985189,-0.0990031939345422,1.49445664256442,-2.08502916368736,0.294843796153269,1.45322947678487,0.519622615010392,-0.1377468110745,2.01246576108641,1.73989292201294,1.50182745832969,1.92784700963708,-1.622742860334,1.25799706649296,0.95977896608897,0.432153316363226,0.0623330082000401,0.640641385760417,1.92607440390254,0.50759884024942,2.10429666676239,1.29528016613104,1.10527771278599,0.363174060104963,3.69814952426062,-0.495793095804584,-1.65016078067855,-2.32190635946622,2.40223058380704,-1.1289013238803,-1.76017643215931,1.10681511557902,-1.30073252843403,-0.315487892744304,-1.71449414885341,-0.95703657544422,3.6095528663391,1,-0.211022758112834,1.52881182724443,-2.07346853826893,1.63507729197093,-0.0916190518279932,-1.20219518860906,0.616432683329422,-2.18831428299669,-2.58787865043196,-3.14108206413971,0.558470893287168,0.445941522217489,1.99655110041845,1.18997776128104,-0.590190236160815,-0.0587442955571273,1.97825641326759,0.392612472700935,-0.882706485322484,1.58846746477245,1.18305641446283,-0.860666936802387,0.332092747067042,-1.89749463212452,0.18399189710476,-0.250813774547709,1.45344045394638,0.098144534967545,-0.675656033960579,0.0299258966024387,-0.305604174425473,0.726953403286263,2.00639343552031,-0.411627408931506,1.46925438383475,0.139077655565648,2.36938712731909,2.03997402674596,-0.152149806784116,-1.35583952871838,-2.30571344112468,-0.80709222752746,1.11886605503197,-0.848682766964798,-0.651954375037576,-1.02000638226128,0.878669348022859,-2.49794536371042,1.2771358134732,-0.412883210867369,1.20925282554917,-1.48408758937759,-0.896321002909224,-1.60171124408116,-0.506024294653604,-2.54665196498832,-0.452106524940205,-0.509502917160377,-2.34737966894935,-1.30179937408774,-0.347118950215078,-0.503260436225526
1.17142511756069,1.4823231655729,1.94372226280193,-0.804987456085955,1.59885886686488,2.56829952380178,1.00099763426902,0.787549358668226,2.23115220155375,2.01564619479702,1.54946567799039,1.47940457658645,-0.64281066485521,2.23963127020952,1.15541800612772,-0.175714411356414,-0.471147078200967,0.442851587890547,2.26307789042184,-0.780738933940619,1.30707447438124,-0.374346765515701,0.455775971772835,-1.72164835330471,2.6152733739655,0.787104985857737,-2.03010061221197,-1.60805693920532,1.55258799261941,-1.93776116240126,-1.68622908293623,0.142627130591655,-2.59745282831231,-1.48939589753349,-3.1842463122139,-0.647726752038749,2.01024522940216,-0.211022758112834,1,0.823504703355718,-2.3100124885429,0.114952993347056,-1.86801654338209,-0.847437712212027,0.518145636945915,-2.42104251936514,-3.42777710850373,-2.8322130271718,0.333271422245429,-0.148670002214468,1.99758977430304,1.97918686943949,0.634563778265587,2.00570570945337,3.15401627758825,0.293994965082312,0.619903051545869,1.77527886372288,2.14105542798866,0.689598712379966,1.59437376301068,-1.07158196479769,0.832586111952151,0.944967612842996,1.82851509040863,-0.103822234336404,-0.209146072605165,1.21330961061939,0.582142598730875,1.53020192291282,1.77654327417987,0.377118456205,2.5680417982238,0.130792081473335,2.23774465363608,1.83362063679574,0.0996465178802108,-0.198117348948089,-2.49568882952774,-2.27017736208185,-0.136218044798997,0.10363305217284,-0.524471368486254,-1.27745049476512,0.318729937830707,-1.30978784269371,1.72214974623654,0.331814822828426,1.45649367779478,-1.82385396541682,-2.16259308969024,-1.54526898511793,0.0116511455839403,-2.55042339582982,-2.24982211382092,-0.0520258628823546,-2.77921614537502,-0.622082986705505,-0.0783558325185693,0.265955458993516
0.807018159228219,-0.658429721166357,0.157632158618681,-2.01965045584746,-1.1884380922874,0.182951050008391,0.72168460631229,-0.896220221446744,0.251433970544729,1.12410604871548,1.28691394634745,1.26649271129871,-1.53129891050173,0.915357887250685,0.748957142875208,0.389576746827058,0.404957887921348,-0.0512967526819876,1.19821486799207,1.27180142629766,1.93795895790881,0.941648211906688,0.914343837435154,0.91851011585189,2.10139635168066,-1.49714081707417,0.0675689124270817,-1.56972306861997,2.02826706507987,-1.186778571398,-1.49911358133554,1.45810370864473,-0.039546743698127,-0.417597765076202,-0.933139049828912,-0.227684797478611,3.06192685511107,1.52881182724443,0.823504703355718,1,-0.233940733224044,1.90389633089068,0.757257492360407,0.818200994008527,1.75132769865537,-0.178000737195044,-1.22193190932203,-1.33128601328861,1.23576132607708,2.05637069937423,0.970416503773053,-0.608799341305869,-0.84056934990664,-1.39354670904977,-0.530451840345886,-0.423953543783414,-1.89074400189746,0.154551473089529,0.125970989151659,-1.38530240629545,-0.425506600127785,-1.10635548385585,-0.112442741392481,-0.185687011090403,0.516056138525277,0.326848797905286,-0.0901837790888257,-0.441580995753221,-1.38925117614415,-0.886495236490523,1.77256602913415,-0.995703110558552,0.774756432154097,0.455118872363184,1.48416522679885,0.644863936469636,-0.293701904399209,-2.17890183965726,-0.609011712646511,0.143428609883684,1.0171336829372,-0.954037426412785,-0.163325536787447,-1.47333248661666,0.616325966181592,-1.91753057001216,0.765599961483226,-1.13955805564386,0.14594951547715,0.185950539045343,0.302221687908035,-0.69380202685483,-0.234054111809556,-1.42809206967813,0.289204729158937,0.731496140604828,-0.962079863421537,-0.32386684003924,0.129738806057921,0.0295735070337624
0.282000873301551,2.21293940421617,2.7113929582802,1.39594221578564,4.01575793924501,3.26828423945852,0.252804725408894,1.47241094242486,3.3990738959529,2.97410510647234,1.31097278555493,2.08895214274795,0.701419619045953,1.44527143712502,0.271946943760397,-1.30643634813084,-0.614796586532486,-0.343700685307171,0.655991172634934,-3.5270411121296,-0.707306882043039,-0.88362890862591,-1.65464848818468,-2.43048822770622,2.46333674310273,3.82715856921722,-3.40468424677701,-0.180790134483441,-0.609139619274155,-0.707683003236777,0.114983352521068,-1.47908681279102,-2.22983428155023,-1.104737582567,-2.88926653087081,-0.972333874252707,0.540117993998584,-2.07346853826893,-2.3100124885429,-0.233940733224044,1,-1.51756067331473,-3.07898780691312,-1.59589090107658,-0.906934115366822,-3.19995345641425,-2.95019262533668,-3.23125842713513,-1.06938243583414,-2.37997018844975,0.88579362923038,2.9014246252069,2.49893902553962,4.22875545309253,5.59300511352706,1.04994648357007,2.24557757214433,2.75928156757559,3.88352434602696,3.06505507994887,3.35035227065493,-1.24646232429895,1.74101705369062,1.4271396961828,2.1517208129773,-0.861117192597457,-0.344410994378299,2.44220583118554,2.79712941870421,2.79318581240711,-0.75884216639363,2.52414641242001,1.65056767503513,0.468104256646008,2.28873654733307,2.83550123421768,0.705297942990865,2.51113081547278,-1.70387741444273,-2.40796116139569,-0.0939887145369752,1.43838300179757,-0.364652056343636,0.641416441330169,-0.373706821885508,0.826139113932766,2.69278202170036,1.93651486053978,1.61939307768606,-2.69600500777997,-2.97690575473174,-0.380562926670264,1.4033452463093,-1.05686585876431,-2.74481718938779,-1.10935427870577,-2.47336342532666,-1.31763691164236,-0.306439349719204,0.722659957016944
2.10023327841742,2.99942944971092,2.05839052247762,-0.501500463612618,2.43750784643497,2.9851916593077,1.43962206828117,2.2251133507947,2.7446712975904,3.25549708747299,2.34370788866975,1.73677782340063,0.263756294924844,2.9075252769736,1.34404753452377,0.378461753635038,-1.46209394202947,0.426289492053882,1.94144830159187,0.189204555764608,1.34489205376471,-0.427448083544794,0.773173582485112,-1.49139588773617,3.3136071465067,-0.726073139340322,-3.86870349479841,-4.64473834770903,1.89416415282661,-3.33647295242736,-1.99129003786566,3.24359688041362,-1.35834028523266,-2.10501139361632,-4.35589461155043,-0.623540357776733,1.5087873237422,1.63507729197093,0.114952993347056,1.90389633089068,-1.51756067331473,1,-1.70956557498965,-0.698976899711957,-1.05126487787151,-2.7696776963909,-3.46090592918888,-3.13107513168119,0.699712852454359,0.840380454233087,3.42435851695907,2.50040048688682,1.04944386662993,2.15951642210556,2.23161838398956,1.17115806948654,1.67634056767339,2.59080670671057,3.09748887052049,0.799684195071756,1.28799129600107,-0.693359187624952,0.692235370563683,0.256865562275526,1.51750529145894,-0.0837845264954457,-0.429759951381887,-0.124669643615676,-0.615542039980751,1.18763499433309,1.92849260136634,-1.47386210396257,1.24028215197775,0.973666646410427,1.63119936411962,1.11536830017131,-0.170772021786592,-2.31203463193182,-2.60026110483348,-0.575175645440343,-0.607571841815623,-0.87732182554266,-1.59351638533744,-2.80701143514326,-1.37828314719701,-2.44055579838702,-0.0536514653411617,-1.88276143621275,1.07188532903517,-1.09328943093785,-1.07555642811657,-0.0356529225051496,0.432919931445272,-2.98273635352435,-2.06674912299445,0.513106823951521,-2.8057730548795,-1.4901977959443,0.0912946631150209,0.487714486634056
1.19265539037533,3.06059193894225,2.30774947687487,0.68916845894448,3.06887529492116,2.75691084313449,1.34504328869451,2.60474634425235,2.74435253029709,2.60347027310955,2.17238111143129,1.57084982861576,1.52152184186502,3.20240097752125,2.25608648646411,-0.720563437505317,-1.37316939043539,0.229230875283597,2.07229794623801,-1.40116272408928,0.555690543216575,-1.17670840440098,0.127107768444271,-2.36487487186369,2.85555277602612,0.712307284379536,-3.40619819121231,-3.70296680876166,1.07662956337652,-2.14348835738509,-1.68227530431399,1.53725266677348,-3.21357617709413,-2.66035626510578,-4.38832986074076,-0.225855600960808,0.159427546776353,-0.0916190518279932,-1.86801654338209,0.757257492360407,-3.07898780691312,-1.70956557498965,1,-1.38090270323207,-1.78698578056164,-3.45916400149298,-4.2307630105714,-2.77441072898571,0.431496344816396,-0.100570925792962,2.90628271853545,3.04156765866473,1.31437883460157,3.2431611928333,3.12970743340679,1.38251522764793,2.54474996131262,2.66613639330434,3.29640442251745,2.34708672020982,2.96167520145114,0.590670550583899,1.95431899670681,1.34452604791958,2.63433972911081,0.908346312068482,-0.135412855889852,0.71266065813111,0.332022734944584,1.85455380720072,2.0519880036139,0.0279837830886436,2.07349429927701,0.5312947685084,2.04397965559568,2.24867533021369,0.456812590489924,-0.0985963436374622,-3.10040431105745,-1.94550749903456,-0.791281905861518,-0.501865626859061,-1.98564508748997,-1.581490880606,-0.581701555979086,-1.95274727565639,0.456527395620529,-0.686192725990141,1.8764808307812,-1.709422457678,-1.62361444499899,-0.384279348663946,0.621965178227305,-3.32348175422406,-2.0276022605041,0.0767360243120138,-3.34468579315175,-0.707590972955645,0.506197042563478,0.963682322439418
0.312717064171867,-1.18297105404789,-0.0832977852427196,-0.318351366833451,-0.632401022906446,-0.0167114013327724,1.52093635359619,-1.09072267438018,0.359827586317796,1.28713058599311,1.20386064720081,2.07501909599358,-0.307009295198429,-0.351310382091094,0.122573201798641,-0.459532049280151,1.47925171130138,-0.264293879702646,-0.301274384034563,-0.137650567695806,0.772220457330099,0.556194344564715,-0.336628054797371,1.44814664989731,1.6281115451116,1.72885230071659,0.735205195401122,0.216670452704073,0.116898365560757,0.438235069714514,-0.474419065011235,-1.62625152050549,-0.632535248918389,-0.87516754529396,-0.715188026230364,1.58056496025547,0.378711439215893,-1.20219518860906,-0.847437712212027,0.818200994008527,-1.59589090107658,-0.698976899711957,-1.38090270323207,1,1.28100860541897,-1.1002283466963,-1.64312430232235,-0.313857051864475,0.145033654790277,0.816800614554957,0.119552899456314,-1.16804310214933,0.362068538553099,-1.42765712541258,0.224476859691275,1.10624963154357,-1.44577300137466,-0.16022303130475,1.2831960346004,1.50258211612385,1.45485571193259,-0.992506029067035,0.926210217844081,1.06189745714808,1.54165697523544,0.323967145722995,1.97810463345205,1.09908015206921,-0.158643455806419,0.0629730940140104,0.622292353885708,2.04118455056609,1.16863282153561,1.66470714348325,2.51528454589453,2.00068937990007,2.24661385535495,1.0621893322123,0.820539076001838,-0.0182330209750162,1.15665469633382,-0.907623693625361,-0.0276052577987543,0.0444215099330189,0.893594590134997,-0.364625244263269,2.20901718702018,0.688837315885013,1.04427936930718,-0.137516772553936,0.0497431187587564,0.519844924876417,1.48067593979831,-0.542152790269902,0.681139092026665,-0.216793428517145,-1.23611583949873,1.07826679271835,0.74665222291166,1.38193074741823
2.14911442689889,1.19847570465494,1.39814020649786,1.03679137986793,1.13018128115441,0.960187069088531,2.2391670784156,1.38736864195398,1.80749429535841,2.81876788280961,2.32676303479203,2.07898129476681,1.74456296722762,0.899698672427863,1.83026336163752,-1.01637888040921,-0.689122231588209,-0.801064892296948,-1.34094991117981,-1.03893280531644,-0.824101732768323,-1.00657619776959,-1.23876269450999,0.216911532418344,1.39992377941812,0.403401565446222,-2.20905195562258,-2.94708964521764,-0.720023555827419,-1.33337936136751,-0.0928174404382509,1.48186489442786,0.0192827604372584,-2.50829988698346,-2.45997306499643,1.73891827956914,-1.0361437289149,0.616432683329422,0.518145636945915,1.75132769865537,-0.906934115366822,-1.05126487787151,-1.78698578056164,1.28100860541897,1,-1.21479040128814,-1.88572896214161,-0.439924846024271,0.662063302797926,1.87548327781613,2.38644318706004,0.387621355436961,1.61174423657155,0.368355652285463,0.274346378758398,1.98825478889094,1.28603928894695,1.66735460013605,3.06153051101082,2.55624006466349,2.0745887260688,0.0104295064923867,1.89366157015931,1.50293502312283,1.26515892460439,0.905562638419951,2.0722014073446,0.00907183089218766,-1.34852766575726,-0.404587202199075,-0.601434118384452,0.621440288323453,-0.185062862572778,3.1096875700798,1.31539778663345,1.10691417431004,1.07593303462409,-0.658367375206011,1.63899766195109,1.23876342110291,-0.43916597189178,-1.10887463158292,-1.4710428268123,-1.14355261673292,-1.92406309592889,-0.20642088836169,0.614468557407938,-1.24985096485102,0.847288113884545,0.703636970825448,0.634799118148149,2.73200038381035,2.81257396684045,-0.483861554114212,0.430106314856518,1.21749494214125,-0.96556977423887,0.361749806968521,1.82331763188236,2.48766193275035
0.282977604900683,1.9542247595126,1.78359150245291,1.94866453620227,3.19935503609996,2.43070298040756,0.997766712803107,1.43216024706559,2.4144624091157,2.3585795918455,1.13845834475926,1.79229200345821,1.63188222699864,1.00828261284838,0.298830413754842,-1.32417633262176,-0.221908265547939,-0.440886512995195,0.0968157127496961,-2.87609200907162,-0.83424668813801,-1.21360746814675,-1.53813352869239,-1.77235731867686,1.65850071035402,3.9737048279396,-2.17960425941958,-0.174389104142167,-1.00662021929148,-0.271556483722603,0.0659838349982907,-1.9014088054232,-2.45888917628808,-1.71926599919174,-2.81492510261963,0.284238132845122,-1.14163358056566,-2.18831428299669,-2.42104251936514,-0.178000737195044,-3.19995345641425,-2.7696776963909,-3.45916400149298,-1.1002283466963,-1.21479040128814,1,-2.97393480769049,-1.77559373084738,-0.843537560140294,-1.67117874693067,0.577479985344692,1.97603385222937,2.18869474272781,3.10252459149384,3.96613500547018,1.7083633985136,2.08847545857587,1.92073365071999,3.44577134825703,3.67672633254054,3.62237307853267,-0.0699282230872516,2.05696216282238,1.81241091253498,2.29761978479791,-0.219337460123332,0.826776457753936,2.22663744783846,2.0444216077524,2.22845098105202,-0.332651157286535,2.82030750871644,1.59373029592438,1.00390171515671,2.19119836723935,2.6475516322419,1.95962828124075,2.92613879240815,-0.891696729226595,-1.84232283408113,-0.311995791725015,0.526159615991474,-0.774542214294036,0.341590730989733,-0.374574632779716,0.668240658849757,2.1560270255679,1.5645520870199,1.56907339534332,-1.86788125339592,-1.99765903285271,0.398923721167852,1.75063169398074,-0.982752383342725,-1.7998350922042,-0.903098506450272,-2.31384217744462,-0.0214147699465964,0.288645738411278,1.54342587582151
0.462078524574085,3.2943493533292,2.26397626931544,2.84902988403332,4.56230485019089,3.19419807347683,0.459099512140445,2.43497333519178,2.64982824468143,1.9248226617263,0.701287967907194,0.76988974420684,2.08100437787831,1.71881918477368,0.321126430596802,-1.54037535673726,-1.04666642861109,-0.125596971676651,0.584901438261061,-3.8879312493787,-1.66393416122302,-2.28750871061685,-1.78044070914083,-3.75142748805636,0.468531333592636,4.25172562142916,-3.03117634415607,0.459043782073477,-1.71683503789852,-0.732779256180864,0.416174821968342,-2.22916011878432,-3.07630823247482,-1.78500668611274,-3.24473609006609,-0.172877004558247,-2.27096655618845,-2.58787865043196,-3.42777710850373,-1.22193190932203,-2.95019262533668,-3.46090592918888,-4.2307630105714,-1.64312430232235,-1.88572896214161,-2.97393480769049,1,-1.6917066211058,-1.38716220980484,-3.05322675369633,0.672009641645022,3.23260011013243,3.05027150653285,5.25672878693996,5.17360322083101,1.1833340045624,3.79626634637318,2.21860257339645,3.67759431489836,4.21610096493943,3.83513267734274,0.369670277932408,1.96607784620062,2.07696457906635,2.04843635672655,-0.631221383322945,0.248245786008857,2.78534455146109,3.19930393696302,3.26729815794059,-0.896968390394762,2.77884385922967,2.00233880218313,0.131534144882414,1.21637625258537,1.94812063086815,1.06652503357278,3.6232186878529,-1.67980853920014,-3.06062614974686,-1.47178394308273,1.86241424303999,-0.483744316976918,0.742997703636906,-0.806376107154228,1.80197046186458,1.83220395615141,2.2985120714563,1.66403142295627,-2.45595012694146,-3.24982746552728,-0.0673136386717363,1.45058604111607,-0.79118030051929,-3.47616784750763,-0.898949795158503,-2.18738336156815,-0.255389220136677,0.0242647622655896,1.10452633647213
-1.05503721537354,0.267120032955572,0.637440849914054,2.57670075134169,2.14858079323704,0.467475302635538,0.436422958353349,0.2376782101373,0.911298751028254,1.39385346666872,0.764906837114911,1.81233707667022,2.09566779895647,0.0630745127947281,0.374522358447495,-2.30922395272174,0.881222366019115,-1.33654413072699,-0.969266063812215,-3.6184489257583,-1.52791401906007,-0.923703539486447,-2.46359297415388,-0.713472092770228,0.668481412004435,4.56588405466088,-0.073404476152978,1.79456514225559,-1.98796095014137,1.80733179579714,1.02645240631045,-3.35869942975127,-1.85144398361992,-1.18627676564641,-0.862601014397329,1.01208802273379,-1.70694108060907,-3.14108206413971,-2.8322130271718,-1.33128601328861,-3.23125842713513,-3.13107513168119,-2.77441072898571,-0.313857051864475,-0.439924846024271,-1.77559373084738,-1.6917066211058,1,-0.83483185511607,-1.42752969507895,-1.41777311309117,0.310434504033222,2.01221814195102,2.06753935835471,2.66621238615662,1.13285048010915,0.96265274335066,0.657281733461758,2.59009065961736,4.28306383576013,4.12073418676229,0.757587793647523,2.63857691132088,2.23021517126631,2.41915032478536,0.669280762736561,1.3098233631209,2.45789677562363,2.26755837705882,1.34367148745021,-0.9249125386553,4.01974633952767,1.05109214278775,0.92222146701427,2.24204189114996,3.08481272542786,2.45013465495071,4.31625753475297,0.453624135562194,-1.58193413099335,0.637715635232439,0.781260964000317,-0.340814296204715,2.04882284480138,0.725355377595252,1.54554104710676,2.64426542342564,2.3139461903264,1.30312599711814,-1.12318293715443,-1.06121459466239,0.897303831957023,2.23608327488761,0.190948668411948,-0.256166066309127,-0.852910996613885,-1.26351847697615,0.973055667727282,0.742326468205157,1.9174575358745
0.225018358873442,-0.806437041584635,0.148212899606195,-1.32042677969609,-1.0131908837852,-0.320828779351367,0.932555978760672,-0.353620490153558,0.298238448913108,0.932379650587821,1.20924442220095,1.42936009595023,-0.278932274899989,0.626866658040483,1.25626371368673,0.157921285006738,0.488749259905829,-0.0154830150044426,0.590966194504472,1.08363768048237,1.38460233117885,1.04764926264616,0.827907453953814,1.49809504463139,2.09415253633095,-1.06461883109463,0.19240529248542,-2.16455013588181,1.65274067756036,-0.221508658033813,-1.18739873832566,1.34547401868092,-0.271946432356075,-0.753279893320839,-0.653393153014227,0.519416900020721,1.55375275774828,0.558470893287168,0.333271422245429,1.23576132607708,-1.06938243583414,0.699712852454359,0.431496344816396,0.145033654790277,0.662063302797926,-0.843537560140294,-1.38716220980484,-0.83483185511607,1,1.82120711711579,1.13799505462872,-0.56049690371265,-0.860782707426698,-1.60995200346185,-0.791811739135914,0.575299232925931,-1.30067313494779,0.293546558689152,0.365275182852728,-0.22425849326009,0.264410573735326,-0.179177933221833,0.520209253176166,0.0650107819548322,1.07553583086568,1.16322578347689,0.508436513132277,-0.670349927672181,-1.53345108208173,-0.703256613102685,1.83743465373731,-0.553099704364913,0.469856412734611,0.897725866166636,1.57917518175262,1.25340678845196,0.645329436281976,-1.48542768734619,-0.509713711726891,0.554584953783006,1.01779317489082,-1.71347466675156,-0.840838743108739,-1.00356830657993,0.62963416279852,-2.35289969898621,0.103808870826033,-1.32764668375349,0.583850490366499,0.213349382649574,0.954977567176744,0.0321552764257978,0.136220094587356,-1.5900317695434,1.25193653970797,0.321315238194132,-1.22075636349339,0.18536462027548,0.550271151779773,0.461657530214739
0.590459836872967,-1.76471951906637,0.102603888176457,-2.04050479301771,-1.8055086470253,-0.684049823173681,2.10642011822757,-1.22786579889693,0.432770541548687,2.08820080510289,2.86643969684103,3.28352356511776,-0.693725112572621,1.27377081373423,2.38230833866989,-0.456801937803275,1.51647633808528,-0.367911135828313,1.06742765029324,1.12238750395116,2.5569096251702,1.58334086811753,0.820615436715847,2.58958926834573,3.97880871173794,-0.975273060950297,0.649018617437268,-2.9301377115708,2.43036194695923,-0.260205603688913,-2.14671408522049,1.1713382965903,-0.99238143721101,-1.71969463566738,-1.5195987750804,1.59873076938561,2.93078629446802,0.445941522217489,-0.148670002214468,2.05637069937423,-2.37997018844975,0.840380454233087,-0.100570925792962,0.816800614554957,1.87548327781613,-1.67117874693067,-3.05322675369633,-1.42752969507895,1.82120711711579,1,1.66740185733131,-1.48670639940296,-0.86896656922846,-2.83485527322937,-1.15099094692267,0.892423758215315,-2.76992045927619,0.245924961273194,1.27115048734618,0.465223851872287,1.45593621009416,-0.724561011467495,1.52156860390434,0.911945249756153,2.63182482852577,2.15221224244036,1.65446190601557,-0.262210146882409,-2.2683078959541,-1.15614606666386,3.19997352767326,0.276881743184388,1.54454676375211,1.99556773653822,3.82834407985709,3.03034581063949,1.66331746662022,-1.62430458962927,-0.474139957907545,0.427785914597441,2.2401500563742,-2.5751924375469,-1.24221865231889,-1.25495273007902,1.68682060612101,-3.45380567087552,1.75067670184289,-1.45462261548995,1.53145646635758,0.356238073272675,1.28091994153981,0.114197116437968,1.10448064153647,-2.79778148472472,2.03905633229291,0.740069237635832,-2.41407774512087,0.795541992116921,1.41229403539789,1.45762443409556
-0.675253586862998,-2.04540957074855,-1.1599328833748,-3.21706646351621,-2.20271606736709,-1.27832558477945,-0.948884713125643,-2.11671445982475,-0.948708827853986,0.0312433668260688,0.683684219724614,0.842463354392906,-3.23238034847177,0.151143989247627,-0.405300631899874,1.20734246555021,1.12040118308755,0.375061761180813,1.65465329396862,2.64674703695171,2.98704111730986,2.7103235692625,1.79681704574174,2.25429403362297,2.41090349813429,-3.19284310005024,0.770382808266303,-1.00759201774367,2.79209887056083,-0.317896268961168,-1.47240542885109,2.23643191469998,1.71058406305933,1.81555279663616,1.19067837634583,-1.27675724292357,4.87094150344491,1.99655110041845,1.99758977430304,0.970416503773053,0.88579362923038,3.42435851695907,2.90628271853545,0.119552899456314,2.38644318706004,0.577479985344692,0.672009641645022,-1.41777311309117,1.13799505462872,1.66740185733131,1,-1.45207094121107,-1.83828358367958,-2.73166725669491,-1.78518999761587,-1.64664254563207,-3.47706696182879,-0.83820705355539,-1.59412075203093,-3.56836879562832,-2.3665762881118,-2.02461260909989,-1.66653438289443,-2.04072845116832,-0.42864864652796,-0.150220643187664,-1.69681172558461,-1.4059192951878,-1.2029267004268,-1.21392884652941,2.05895040668051,-2.270491561723,-0.3523210387029,-1.08060916008275,0.872054529640051,0.0835153403982445,-1.50014140497154,-3.15328097349709,-1.3873796012857,0.915396649218259,2.33984653931514,-0.672796536610756,0.542975020970281,-0.588217535847916,1.79567140430554,-2.46048542771355,0.106454739015681,-1.31609703606351,-0.512915343617373,0.312414054026919,0.991668436621195,-1.6875921251664,-1.63729280078186,-1.07733942928324,1.08114450877789,0.0587173085563112,0.0948590834917249,-1.49881695251049,-0.977167407501596,-1.94270336097641
-1.4644964254169,-1.01603962344704,-1.57126241796319,-1.74778753962684,-1.46199224389255,-1.03699963317048,-2.50963546514128,-1.19598590406319,-1.6453449114098,-2.72413273795475,-2.38232273094178,-2.52881700073283,-2.67209534490983,-1.54420883860471,-2.61169739414999,2.09994162090658,-0.0229657002827512,1.27431644859336,0.792756430049248,2.50613972674568,1.04692543271473,1.50063271564052,1.76431384390658,0.497201871787717,-1.36815731310621,-2.43438615091721,0.914872018312615,1.60184035576502,0.835868207379995,0.310536852153175,0.164611170953303,0.700058959653479,2.00938009309959,3.40147337412412,2.86842141394811,-2.28817713038333,1.62599163217634,1.18997776128104,1.97918686943949,-0.608799341305869,2.9014246252069,2.50040048688682,3.04156765866473,-1.16804310214933,0.387621355436961,1.97603385222937,3.23260011013243,0.310434504033222,-0.56049690371265,-1.48670639940296,-1.45207094121107,1,-1.88334635076564,-1.24939914824821,-1.39700717380661,-1.91620539805559,-1.27715367004871,-1.44253265999815,-3.55098443820435,-4.41999367016123,-4.12708964528,-1.14395567964747,-3.28268289686528,-3.01202778922289,-2.7956020052881,-1.86662075620291,-2.76948155353171,-1.46275732776428,0.388116607468668,-0.21411089190989,-0.259378739478915,-2.49112922332685,-1.53314847750354,-2.96996366671976,-2.6351331472551,-2.70713808247161,-2.39316770079831,-1.49907704742537,-1.04077743688206,0.67480947797462,0.217393375859992,0.861257302320491,1.46592719166561,0.399255696331082,0.646078929487513,0.128672618109424,-1.88525902285305,0.0153095130250427,-1.68530031923062,0.00170995994622758,0.172770016477094,-2.09058719775983,-3.11525553005089,1.11508758359337,-0.0834750229537171,-1.04711770313263,2.13371569585653,-1.69191714790967,-2.2565699077817,-3.36450729885934
-0.570933478224683,-2.06593597091805,-1.64815424889318,-0.6853830476098,-2.01872255901988,-1.52013895833052,-0.987854943771739,-1.92470619436569,-1.93261131711843,-2.26842805169109,-1.89731744180761,-1.54749501048379,-1.75135270507172,-2.34614581913296,-2.16899763401223,0.986148509998247,1.08699832148704,0.634823320980796,-0.990209676855532,1.21788231468706,-0.234656585034711,0.769164088574631,0.351395492047583,1.1632481590432,-2.52304717872073,-0.285733435061795,2.34392027036832,3.40483984594554,-0.841413675791658,1.21206904295421,1.11316680019676,-1.91939846727536,2.05480192424031,2.21796071569804,3.10767778488352,0.273231918363,-0.495788409703269,-0.590190236160815,0.634563778265587,-0.84056934990664,2.49893902553962,1.04944386662993,1.31437883460157,0.362068538553099,1.61174423657155,2.18869474272781,3.05027150653285,2.01221814195102,-0.860782707426698,-0.86896656922846,-1.83828358367958,-1.88334635076564,1,-1.98301266569559,-1.64294048865222,-1.15579858002451,-1.53850483668257,-2.14218516611347,-2.46698569809957,-1.71790893635935,-2.61926562634197,-1.11874645637007,-2.10022197713684,-1.05408390393464,-2.11141216856663,-1.36175597709085,0.280483409118969,0.0389666745707282,0.456166035299051,-0.412768505162789,-1.51656936371518,0.135076284437291,-0.836240527329109,-0.735210240582094,-1.65167902335255,-2.05324840680912,-0.396585273030777,0.443540539379982,1.78425438687813,0.713358610248009,0.139053254340513,0.982143906337618,2.07895508441395,1.3154529168405,0.575313522832879,1.9575269757952,-0.0570130042527522,1.29859191820519,-0.984676520835369,0.724645716193285,0.235768726179697,-0.359988768873705,-0.75920810324377,2.40553373791039,0.39577685834929,-0.386384033988166,2.2909670145502,0.583284437281689,-0.677177195762189,-1.1867783882439
-2.07144258451508,-2.15416424760744,-2.57708336279553,-1.30609807262636,-2.31717900591689,-1.99338507712223,-3.05695639952376,-2.0470868803705,-2.70908816691598,-4.48704118533241,-3.96205710235114,-3.76429847207933,-3.02887506335728,-3.61736794969669,-4.23082606809562,2.55346775129496,0.594082548176485,1.78675736357419,-0.492701507954521,2.78803066875622,0.156287499268444,1.61132326533101,1.59579393000315,1.13256666181014,-3.51931935345852,-1.64709431295457,2.28069752570518,4.19731320364198,-0.613103206640183,1.64964575488476,1.41722959957369,-1.38008732572931,3.00292056243347,4.76792150175628,5.0178850520079,-1.70647073174361,-0.140116333134754,-0.0587442955571273,2.00570570945337,-1.39354670904977,4.22875545309253,2.15951642210556,3.2431611928333,-1.42765712541258,0.368355652285463,3.10252459149384,5.25672878693996,2.06753935835471,-1.60995200346185,-2.83485527322937,-2.73166725669491,-1.24939914824821,-1.98301266569559,1,-2.16772184202005,-1.93195404664698,-1.47797865322685,-2.71632172365184,-4.96392688673355,-4.70025698760978,-5.36933915418637,-1.50859412587124,-4.35798118020596,-3.4599077937244,-4.08199895324318,-2.78880257031663,-2.1447199955843,-1.20264933981046,1.1191881363353,-0.0455782980240391,-1.92104695213263,-1.62735888608182,-2.301111132559,-3.25123288653452,-3.95075697584751,-3.92361049201081,-2.03592336929817,-0.033224787571185,0.525556710338336,1.23174080094701,-0.0656855968091794,1.52059685537321,2.6119435083711,1.78927320976916,0.733294007627251,2.04444417889439,-1.9958555822389,1.38862972522681,-2.09521472608959,0.332979252730427,0.285579535880657,-1.84224084707602,-3.2504502891098,3.06921814173942,0.351326991579775,-1.78112879709799,3.73067925937413,-1.05451880638422,-2.56180784789282,-3.83402287802353
-0.369126824841995,-0.954731370487919,-2.52344439572293,-1.13355688421403,-2.42025621906819,-1.60225378297253,-2.09716109726513,-1.25833292243142,-2.85190879724105,-3.80911554676757,-3.37947723287266,-4.05717179050336,-2.45928375572745,-2.80371594039554,-3.71763804787945,2.69035811477414,-0.273233233475993,1.40092243038409,-0.736470939439347,3.37732951376382,-0.0241686111811849,0.579414030377274,1.58629895577308,0.590119411053286,-4.18419077541563,-2.93686438868343,1.78065146958713,2.75033896352396,-0.584864517953044,-0.0793669892462656,1.06961750335321,0.443406461555183,3.57706657517806,3.54326638718796,3.7369209819618,-1.24811155813258,-0.736176330709804,1.97825641326759,3.15401627758825,-0.530451840345886,5.59300511352706,2.23161838398956,3.12970743340679,0.224476859691275,0.274346378758398,3.96613500547018,5.17360322083101,2.66621238615662,-0.791811739135914,-1.15099094692267,-1.78518999761587,-1.39700717380661,-1.64294048865222,-2.16772184202005,1,-1.93509450587044,-0.925769053127237,-2.62291109312568,-4.57427624995977,-4.80976655817047,-5.63411620425378,-0.862470603046709,-4.30758622427066,-3.16406101847713,-4.6557090705626,-2.70958841353695,-1.65747804045174,-1.83983235328466,-0.295553456395408,-1.05415906671917,-1.90549030443357,-2.8905507997022,-2.60440225384315,-2.33913630014799,-4.67568002004606,-5.22223589935547,-2.46223718971453,-1.81966086642125,1.38945172528934,2.00319981418599,-1.10152231198049,1.10467148860594,2.2140455057367,0.0262790323136654,-0.795101736796368,1.96807924533511,-2.90968921857154,-0.165244330983401,-2.76057052914335,1.49666187531123,0.865802058093322,-0.718601221867615,-2.69784910478059,3.13639556051282,-0.0125225261598558,-0.26385227856553,4.06792403571102,-0.729317658409432,-1.93661197003501,-2.97660981755962
-0.682434151747069,-1.86259672898456,-1.52499063976163,-0.999747514595598,-2.18656571587945,-1.67041459655233,-0.466742328219992,-1.89451995444787,-1.93063619553379,-1.40226629721545,-0.539239611955389,-0.520477066595717,-1.31534745245286,-0.709622030588301,-0.477047169165208,0.0707242087188139,1.12612149321574,-0.258605658268887,0.185799522654933,0.942984982912613,0.792320585267823,0.621505526830165,0.347804038492793,1.01516474170037,-0.817342808241119,-0.837982575879551,2.50967905417924,1.87171002882901,0.343080380171063,0.823833839305171,-0.140739006273754,-0.881781832982489,0.552639169567011,0.911900362962002,1.63152185295164,0.10407151805711,1.15851392331382,0.392612472700935,0.293994965082312,-0.423953543783414,1.04994648357007,1.17115806948654,1.38251522764793,1.10624963154357,1.98825478889094,1.7083633985136,1.1833340045624,1.13285048010915,0.575299232925931,0.892423758215315,-1.64664254563207,-1.91620539805559,-1.15579858002451,-1.93195404664698,-1.93509450587044,1,-2.26144458265689,-1.77746485343209,-1.95188399558759,-1.58723081456428,-1.07813610730339,-0.0638936800073409,-0.653978730970557,-0.306222646677913,-0.579182680675485,0.182444537800661,-0.061981339906979,-0.142646172765955,-0.439262590258604,-1.26138466910086,0.50469667954395,-0.070555702180274,0.0930734715965608,-0.781159253790417,-0.104867452913904,-0.521352858364208,-0.277766889498977,-0.177676638960366,0.64517404378183,0.0200662472350923,0.893850416021714,0.135280937890112,0.915725036102014,0.440974734120469,1.41355257490864,0.17907133396947,0.438321610191357,0.336649444888639,-0.690873682171729,0.812464765137332,0.644520420997362,-0.826336217872379,-0.720690392655304,0.584670473923974,0.89677033026547,0.348427186508065,1.01807885812382,0.736411499299519,-0.137377005635519,-0.47228391554875
-2.81435443505837,-2.36661884609263,-2.38874275299784,-1.11185465929213,-1.69576814150848,-1.88651113806424,-3.08152047214993,-2.53078012818066,-2.4479334865587,-3.49098358772738,-2.95585028086907,-2.34858530838673,-2.95952969791807,-2.66516273534168,-3.57294806716293,1.39917634634227,1.33970587700409,1.01568398012097,0.324778600418144,1.39847665789263,0.681155992974499,1.76482165195504,0.915745704869898,0.874712947393816,-1.94598538358246,-0.317274977548683,2.45884568879522,4.60229888251833,-0.285437321665734,2.16064282830027,0.982673972982903,-2.32862423334195,1.72528620927181,4.2787617182023,4.25754593464115,-1.8694604544993,1.20616267054623,-0.882706485322484,0.619903051545869,-1.89074400189746,2.24557757214433,1.67634056767339,2.54474996131262,-1.44577300137466,1.28603928894695,2.08847545857587,3.79626634637318,0.96265274335066,-1.30067313494779,-2.76992045927619,-3.47706696182879,-1.27715367004871,-1.53850483668257,-1.47797865322685,-0.925769053127237,-2.26144458265689,1,-2.47030995558686,-3.89407835223281,-3.52383537014029,-3.39354474960436,-1.46565401117515,-3.08514603053514,-2.57969506353485,-2.39397959131982,-2.11803403873554,-2.30381939808181,-0.113827759069843,1.99503247649855,0.320774616771428,-0.975994981802365,-0.285223868747712,-1.16469081873796,-3.42975266798487,-1.98582801021943,-1.81511066928987,-1.41710632614232,1.15920345801886,-0.46317770135218,-0.126896583279126,1.10259527237628,1.83949870068358,2.43662494447372,2.42256962470721,2.08435785320343,1.64338591010315,-0.213452317241521,2.16209621561839,-1.36176142031771,-0.416646567956699,-0.337264113154853,-2.49073914479905,-2.77437869261551,2.08656409970008,0.139195624062546,-1.96050470623163,2.50812829470368,-1.02885857739274,-2.44165236902759,-3.36346029400975
-0.602496991323337,-1.69000648654492,-1.98827473126818,-2.52323328766152,-2.71418080211606,-1.45960903996593,-1.23088504037314,-1.86114227807463,-2.12131475300523,-2.32480543499414,-1.37618609583919,-1.705587820495,-3.04525579176896,-1.06104652761964,-1.82926328327762,2.06646585557378,0.702617058219632,1.26406939293305,1.19682081900952,3.3704264861541,2.054409476341,1.65604008013664,2.25049963191991,1.32538777811727,-0.772087372942331,-3.01897365634464,1.84790925304213,0.982352276654253,1.56579162820019,-0.175348130479786,-0.768128303132856,0.785700010445059,1.63843094716747,2.42234173524008,2.17452999933832,-0.999204811933725,2.0658757705206,1.58846746477245,1.77527886372288,0.154551473089529,2.75928156757559,2.59080670671057,2.66613639330434,-0.16022303130475,1.66735460013605,1.92073365071999,2.21860257339645,0.657281733461758,0.293546558689152,0.245924961273194,-0.83820705355539,-1.44253265999815,-2.14218516611347,-2.71632172365184,-2.62291109312568,-1.77746485343209,-2.47030995558686,1,-3.39519867300128,-4.23960999405434,-3.86438321925245,-1.25350359982682,-2.94328276729928,-2.36355308755994,-2.08734187086229,-1.14005067439437,-1.43014258807066,-1.39003673542048,-0.785033405712595,-0.897987102379784,1.05032596453891,-2.39837844387189,-0.555626509678279,-2.00325061922173,-1.46266000195394,-2.25758588829885,-1.58456366932577,-2.21097981762732,-0.67066012978306,0.762564369770168,0.604766499725516,-0.0487219496363599,1.32562299173883,-0.447402076179669,1.17647148225386,-0.74208119012367,-1.2097613279228,-0.491625797827048,-1.22929098689445,0.628984005882354,0.656920170662724,-1.92311564378164,-2.57318922464836,0.304695831403656,0.402157862627883,-0.254351061297173,1.49542542349614,-0.611312387383137,-1.43434030293443,-2.51278931179073
-0.395164381506936,-3.69015463044047,-2.89761882159496,-2.80414127305195,-4.74676596386514,-3.05399789011697,-0.792193809005752,-3.29221795894377,-3.38309854283698,-3.19059805096816,-1.72414223088327,-1.76803849156469,-3.36225484612791,-2.51670148540413,-1.90951362934876,1.93629123762564,1.73228311876682,1.0009399007315,-0.31419985710438,3.80625954508769,1.54732566487065,1.98242673141035,1.90931278859331,2.96155791259858,-2.20195413295954,-3.16064025357821,3.95889394678495,2.58217971511518,0.799577898358612,0.938052264326453,0.0328160325790662,-0.402792068168506,2.98029234149067,2.72471020001223,4.03359190438055,0.524667411020055,1.34954613004307,1.18305641446283,2.14105542798866,0.125970989151659,3.88352434602696,3.09748887052049,3.29640442251745,1.2831960346004,3.06153051101082,3.44577134825703,3.67759431489836,2.59009065961736,0.365275182852728,1.27115048734618,-1.59412075203093,-3.55098443820435,-2.46698569809957,-4.96392688673355,-4.57427624995977,-1.95188399558759,-3.89407835223281,-3.39519867300128,1,-4.27277344271506,-4.6186506292341,-1.46807883762537,-3.14891094861487,-2.00693556213441,-2.75868954505918,-0.809927873269136,0.217218797648662,-1.4056397074108,-1.60189258875345,-2.12521414062963,0.086779649777617,-1.6604604814569,-1.0064745107805,-0.939781915712524,-1.7368502473855,-2.87730704086616,-1.03667874965275,-2.01167743114345,1.89502494812733,1.83709726389386,0.94589829875717,-0.259336159973296,2.18361818211726,0.295195804282001,1.43460373301924,0.291519269505047,-0.784989019372945,-0.134849763576275,-1.54249290669508,1.91982107053727,1.71360939285375,-0.930804994931517,-1.78849376148389,1.87450750610077,1.88047071799159,0.346652030526051,2.81652253405725,0.841695086628305,-0.605335173794152,-1.84707285044582
-1.67318711289366,-4.31085110470193,-3.69847816356231,-0.696939023629128,-4.49326598570372,-4.29144112312372,-0.93345347117283,-3.56304280175033,-4.36891149840586,-3.92533968757241,-2.19832591347719,-1.8194746644185,-1.58059079788963,-3.42173397466376,-1.98508456377109,0.50687083122269,2.54888256208094,0.106448160726652,-1.75199839322943,1.98562450152544,-0.0428901976322035,1.27321431668572,0.323255008120219,3.07380139971555,-3.64202486139448,-0.819338640634745,5.43532710760213,4.83368507381581,-1.27307038287929,3.09409980212731,1.34866102191432,-3.00214545698458,2.50973603280502,2.54835145332953,5.09485269178563,1.7296114160195,-1.16978956955158,-0.860666936802387,0.689598712379966,-1.38530240629545,3.06505507994887,0.799684195071756,2.34708672020982,1.50258211612385,2.55624006466349,3.67672633254054,4.21610096493943,4.28306383576013,-0.22425849326009,0.465223851872287,-3.56836879562832,-4.41999367016123,-1.71790893635935,-4.70025698760978,-4.80976655817047,-1.58723081456428,-3.52383537014029,-4.23960999405434,-4.27277344271506,1,-2.81304964917647,0.0376460696702076,-1.87025213825003,-0.853711173526652,-2.07641946352616,-0.0426129542820777,1.33060263336817,-0.385820611338407,-0.497592025073215,-2.03656613271071,-1.01200744898421,0.689073052056349,-1.26713397353177,-0.712617845349424,-1.61299504343288,-2.05200577177985,0.481716555849515,1.05278548068853,3.25966165392789,1.54528220857357,1.16352015486188,0.251819514509443,2.24062549978384,2.28018290189662,2.01642395493765,1.98670578659642,-0.0802949854689854,1.33488381762809,-1.29835742085952,2.21164112383523,2.05517761914326,0.0805041427672591,-0.619641210887385,3.07185608572648,2.79536084755995,-0.053754454362747,3.41225858950895,2.22653357655085,0.0449742066706172,-0.740639283467786
-1.11610461245601,-3.88187315653465,-3.45146360907759,-1.44091504495673,-4.97154197963543,-4.03544858138534,-0.462554098140597,-2.90515024230104,-4.14135110800606,-3.87936470239287,-2.20815510122354,-2.09497347299214,-1.36198063173988,-3.06798009662826,-1.47834156973534,1.32912805832636,1.91862163095623,0.459489983956567,-1.43693118122437,3.3937266443997,0.487318969036171,1.47195882170891,1.36355079009396,3.43139858335943,-3.25972080684236,-2.25066784407028,5.15698572793901,2.80093488325173,-0.138637374157255,2.28156884602011,0.652677642480028,-1.1480050813807,2.55951741222584,2.06828021309113,4.54162720812676,1.60619116012337,-1.04289669848845,0.332092747067042,1.59437376301068,-0.425506600127785,3.35035227065493,1.28799129600107,2.96167520145114,1.45485571193259,2.0745887260688,3.62237307853267,3.83513267734274,4.12073418676229,0.264410573735326,1.45593621009416,-2.3665762881118,-4.12708964528,-2.61926562634197,-5.36933915418637,-5.63411620425378,-1.07813610730339,-3.39354474960436,-3.86438321925245,-4.6186506292341,-2.81304964917647,1,0.544840031472846,-2.14033450965058,-1.31863457713556,-2.35377988797224,0.336702911338482,1.19397789670683,-1.53927127328512,-1.92853559414446,-2.56831039724862,-0.0386887957856805,-0.844599175097498,-1.46888415231673,-0.448911461671937,-2.00828386152458,-2.59421041658791,0.364424459804359,-0.727566178380939,2.82392526130576,2.28602522018648,0.716037599926146,-1.05757377341623,1.48839065531674,0.749794880571773,1.3662063104941,0.368933471532106,-1.56752244244408,-0.297766200427121,-1.55242598151819,2.55924220878151,2.81049747793921,0.199829316269173,-1.23507010700983,2.25378083331943,3.23688827066224,0.298597129891851,3.04073887815472,2.16575680507564,0.10723141293477,-0.782604498277019
-2.50486324626216,-2.09593156524904,-1.39244275383463,0.184569447705036,-1.18688945739979,-2.03119878493218,-0.827171467662231,-1.42554095195811,-1.38140341538172,-1.69830132580857,-0.698241790460191,-0.0138009386525701,0.0367684590153392,-1.20703599831809,-0.246333194240249,-0.567299070864337,1.51138243847212,-0.100949646494839,-0.0526316069660552,-0.152198441898201,0.339799360157179,0.986690920244627,-0.0406581915474098,1.42293957862452,0.0959645213146912,0.99534563694447,2.24381966483206,1.87540333544194,-0.296253350242116,2.73712392943014,0.249657691348412,-2.24148318731638,-0.865242749091546,1.07843556687776,1.98413003176172,0.311669856805805,-0.064784373711948,-1.89749463212452,-1.07158196479769,-1.10635548385585,-1.24646232429895,-0.693359187624952,0.590670550583899,-0.992506029067035,0.0104295064923867,-0.0699282230872516,0.369670277932408,0.757587793647523,-0.179177933221833,-0.724561011467495,-2.02461260909989,-1.14395567964747,-1.11874645637007,-1.50859412587124,-0.862470603046709,-0.0638936800073409,-1.46565401117515,-1.25350359982682,-1.46807883762537,0.0376460696702076,0.544840031472846,1,0.419358669431263,-0.110104568791552,0.828151787569173,0.976842352031993,-0.0422518230110867,0.199173860456903,0.689044181652065,-0.0917745477588005,0.656542834338297,1.48689623692959,-0.00116797510473746,-1.08135277805553,0.750038495327558,1.43266190377129,1.11840954297942,2.25944527428488,-0.296854827383971,-0.318873209739881,1.52908382382742,-0.29441637546837,-0.0311999457714834,2.03332026621931,2.31799523922242,-0.20860211728711,0.622394885933325,1.28900021569654,0.431385767548259,-0.209114046199245,0.707186147138339,-0.846946506547946,-0.560486294614239,-0.0545930648126942,1.93510400483559,-1.31598312487852,0.145910010955237,0.665898362975453,-0.16055940469265,-0.395316380940988
-1.00208165952685,-3.05302722030834,-2.78273056421508,-1.3761784305045,-3.8408140438354,-3.09914643256425,-0.0224790950301519,-2.37769600012518,-3.14782466896596,-2.49586161286184,-1.05599301953295,-0.880822247502075,-1.12946609819946,-1.81489293309495,-0.832407744241434,0.929460799523057,1.88576342777395,0.340970949658382,-0.443681329599482,2.81080751530401,1.16853339234558,1.46780601631382,1.33487017538513,2.92359373059681,-1.41241930162824,-1.65903379854807,4.02474802368733,1.53594731381251,0.536052164957569,1.66755811820338,-0.176890218899253,-0.765989875164856,1.35973918855893,1.22303126448808,2.84379414627959,1.41596234609925,-0.181662456555322,0.18399189710476,0.832586111952151,-0.112442741392481,1.74101705369062,0.692235370563683,1.95431899670681,0.926210217844081,1.89366157015931,2.05696216282238,1.96607784620062,2.63857691132088,0.520209253176166,1.52156860390434,-1.66653438289443,-3.28268289686528,-2.10022197713684,-4.35798118020596,-4.30758622427066,-0.653978730970557,-3.08514603053514,-2.94328276729928,-3.14891094861487,-1.87025213825003,-2.14033450965058,0.419358669431263,1,-0.856562291187019,-0.957771406193015,0.648059392085662,1.03255473523214,-1.04470801035026,-1.59168126015179,-1.8501044166398,1.08378308500467,-0.517234730764834,-0.538341451419648,-0.281600063114186,-0.501847499150777,-1.08764442234197,0.836773482519555,-0.603968127426115,1.40439691101625,1.46242970209424,1.11546334815199,-1.2820097636529,0.788248114807841,0.301114428066287,1.67479661230247,-0.649054579795717,-0.780946897182522,-0.422886176127821,-0.738833526768739,1.7528520403363,2.20261409604284,-0.143305916917315,-0.900450939069409,0.75921173286266,2.59513485448935,0.131582552397599,1.48197687575542,1.73569045593859,0.15716250601025,-0.430745143825808
-0.978321565669208,-2.68126054898923,-2.34027794646443,-0.499740448902021,-2.73795454735141,-2.56242595792923,-0.126567467245315,-2.23047399876623,-2.41356215482792,-1.52307375001497,-0.814853223226076,-0.240186753507056,-0.769874656380661,-2.16929049551562,-1.31748260698851,0.36446133520784,1.82632468721067,-0.218205856026078,-1.33452984233335,1.54097196124936,0.348610593696942,1.19487196485467,0.157199272589504,2.6961233984581,-1.18027274379825,-0.253910744562668,3.12896194354643,2.05608850570444,-0.4540472872227,1.82267851646384,0.586124528924381,-1.33131847412512,1.80119986884348,1.27066321002841,2.67152301561696,1.27522185957268,-0.362126951183647,-0.250813774547709,0.944967612842996,-0.185687011090403,1.4271396961828,0.256865562275526,1.34452604791958,1.06189745714808,1.50293502312283,1.81241091253498,2.07696457906635,2.23021517126631,0.0650107819548322,0.911945249756153,-2.04072845116832,-3.01202778922289,-1.05408390393464,-3.4599077937244,-3.16406101847713,-0.306222646677913,-2.57969506353485,-2.36355308755994,-2.00693556213441,-0.853711173526652,-1.31863457713556,-0.110104568791552,-0.856562291187019,1,-0.853952414543704,0.0818836246293939,1.11497614765584,-0.419820383473815,-0.743963400278083,-1.48435771481883,-0.282633040556756,0.48882963442297,-1.03548312388652,0.264991613798205,-0.241822908728519,-0.623913621441434,1.07937019896489,0.331349084413067,2.16585110156122,1.63241883110212,1.24674269168099,-0.635239176650688,0.929489920192796,0.90370330109943,1.1029547416032,0.468030281118081,0.0844480961889366,0.211153305092722,-0.75079382159983,1.51182599660167,1.82993243347938,0.642958687602898,0.0898603658032476,1.55363505970344,2.28546035225175,-0.102672836808812,1.65267285845196,1.2743640390418,0.148837625440429,0.0194934231109904
-0.170320075386781,-2.45969887891499,-1.96444647243999,-1.49722494334586,-3.65140762966294,-2.9112042702604,0.169334806239257,-1.50319305050462,-2.53193028866173,-1.87333167834497,-0.527836415528304,-0.824788886386347,-0.520812901419712,-1.13840894898975,0.428111477809693,0.826273222746134,0.882966388485659,0.0564039904952549,-0.77290986170855,2.79928036039007,0.717881408954741,1.20975311312067,1.26160202940937,2.79253323417263,-1.26642058356556,-3.10928216628812,2.98924960021625,-0.329580496491756,0.834940161070841,0.902239823029337,-0.150307599079715,1.34033442558507,1.98089710291049,0.610151222895474,2.45666284825856,1.2478916960995,0.0592387930508479,1.45344045394638,1.82851509040863,0.516056138525277,2.1517208129773,1.51750529145894,2.63433972911081,1.54165697523544,1.26515892460439,2.29761978479791,2.04843635672655,2.41915032478536,1.07553583086568,2.63182482852577,-0.42864864652796,-2.7956020052881,-2.11141216856663,-4.08199895324318,-4.6557090705626,-0.579182680675485,-2.39397959131982,-2.08734187086229,-2.75868954505918,-2.07641946352616,-2.35377988797224,0.828151787569173,-0.957771406193015,-0.853952414543704,1,1.276316235661,0.824188508692488,-2.0029144977585,-2.73105112221701,-2.57083049759232,0.853227151233608,-1.77313438521935,-1.23846562434722,0.37221317548525,-1.08036551107685,-1.56395490560844,-0.162386232015514,-2.27770148914168,1.74041283454111,2.25177158670243,0.639278158674506,-1.693058971601,0.148398952963652,-0.453754047344701,0.557966702858405,-1.2297957048215,-1.78994961716205,-1.82567724070124,-0.984989094997634,2.31669152706654,2.81646521017506,0.670252163516967,-0.638326026529251,0.636610512773473,2.93450464284267,1.07785834401305,1.65019672382228,1.32481119720048,0.702835169198511,-0.128673682422072
-0.868798362682763,-1.84859333651753,-1.37866550846954,-0.952252666629894,-2.10021545935159,-2.15840225521682,0.605094869766075,-1.07943417003574,-1.46002638089459,-0.389846086998904,0.930473841633056,1.00774203406834,0.132832697783223,0.271769497994415,1.31213886899673,-0.165020976494213,1.41244771329409,-0.163737705237868,0.505483140324342,1.47630022913529,1.51805354074957,1.34636919179675,0.961322677393732,2.34573515014072,1.27445494961555,-1.38544982552788,2.06766079802189,-1.24243756134827,1.35339767383864,1.13804427699322,-1.05208851778661,0.682905454974225,-0.222632651213815,-0.400464877233055,0.61182885238796,1.35352309163103,0.721412212346963,0.098144534967545,-0.103822234336404,0.326848797905286,-0.861117192597457,-0.0837845264954457,0.908346312068482,0.323967145722995,0.905562638419951,-0.219337460123332,-0.631221383322945,0.669280762736561,1.16322578347689,2.15221224244036,-0.150220643187664,-1.86662075620291,-1.36175597709085,-2.78880257031663,-2.70958841353695,0.182444537800661,-2.11803403873554,-1.14005067439437,-0.809927873269136,-0.0426129542820777,0.336702911338482,0.976842352031993,0.648059392085662,0.0818836246293939,1.276316235661,1,0.85709189053675,-0.875134517133085,-1.6706124517531,-1.25620896383186,2.47846336487035,-0.309881621678129,0.282941318875328,0.387806791351536,1.45627640290486,1.30290146564509,1.16890522347993,-0.75497600453053,-0.326258293495664,0.734206616744385,1.61738901081897,-1.93660938243866,-0.826413777028853,-0.111012345717345,1.78759002019965,-2.42772408058587,-0.230934077344484,-1.21526249480993,0.549932212960923,0.940250534042289,1.95470919086698,0.0645207699696617,-0.0469409302487344,-1.42053680948446,2.48718595671928,0.298321233492405,-0.650623138970985,1.12725512192219,0.845196063979742,0.441825836473278
-0.337295336796273,-2.15550204592653,-1.28979802719643,0.243209278273434,-1.63688312452218,-1.78146143932764,0.809217053944204,-1.96562498883802,-1.35883067910844,0.449342922453634,0.82334776236063,1.52434026654229,0.0604422736315958,-0.888142087061695,0.105585988968242,-1.1805552358406,1.925607099494,-1.32352438117983,-1.33001801848098,-0.516084318083856,-0.00451304819313086,0.427512249784854,-1.21560080851019,1.97045601182686,0.0670071827160419,1.21162634862211,2.40109964261939,1.70387188754717,-0.778270857574931,1.49389505847588,0.452458613689911,-1.79183554119763,0.725712428154257,-0.361327027554331,0.979921262673825,1.83686506218955,0.0466697911007867,-0.675656033960579,-0.209146072605165,-0.0901837790888257,-0.344410994378299,-0.429759951381887,-0.135412855889852,1.97810463345205,2.0722014073446,0.826776457753936,0.248245786008857,1.3098233631209,0.508436513132277,1.65446190601557,-1.69681172558461,-2.76948155353171,0.280483409118969,-2.1447199955843,-1.65747804045174,-0.061981339906979,-2.30381939808181,-1.43014258807066,0.217218797648662,1.33060263336817,1.19397789670683,-0.0422518230110867,1.03255473523214,1.11497614765584,0.824188508692488,0.85709189053675,1,0.798095784954814,-0.413227344068531,-1.35064502830512,-0.23931889872645,2.02050552399602,0.0284872684859522,1.46219869256532,1.62080561969525,1.22356850062706,1.72167774355981,1.16820835692592,2.38721275901279,0.667406924454977,1.58574737437508,-0.363410724901313,0.51680436355652,0.971040141674881,1.13845226510575,0.698725317356352,1.97578627066659,0.621143148492746,0.0768176867627289,1.19192461097813,1.16781583421796,1.27856733037941,1.7864005855832,0.957397899496866,1.78316790314613,0.589393785970039,0.451491058867215,1.63466790828172,1.09795407256764,1.60116443460271
0.0394407572447338,-0.802812721839921,-1.17521658466348,0.751955296030876,-1.10475872784552,-1.16554796554929,-0.32213946910897,-0.617062946939097,-1.43115099153157,-1.43163747111066,-1.55029525919861,-1.4576405312705,0.203774556798594,-2.12223644545514,-1.57518876550316,0.384543225926089,0.186347157609946,-0.170041102262155,-2.16814271616725,0.434952021296332,-1.4750062283584,-0.345788350800987,-0.612473247012562,0.747717122165709,-2.91537412271984,0.154419225348649,1.43515809817796,2.15788041178424,-1.78080551660673,0.849082022743381,1.60705009933835,-1.00774474796429,2.12335653407066,0.991311682014386,2.14327929413141,0.72257757120195,-2.19039504028219,0.0299258966024387,1.21330961061939,-0.441580995753221,2.44220583118554,-0.124669643615676,0.71266065813111,1.09908015206921,0.00907183089218766,2.22663744783846,2.78534455146109,2.45789677562363,-0.670349927672181,-0.262210146882409,-1.4059192951878,-1.46275732776428,0.0389666745707282,-1.20264933981046,-1.83983235328466,-0.142646172765955,-0.113827759069843,-1.39003673542048,-1.4056397074108,-0.385820611338407,-1.53927127328512,0.199173860456903,-1.04470801035026,-0.419820383473815,-2.0029144977585,-0.875134517133085,0.798095784954814,1,-0.148505135940981,-0.894868996811247,-2.31622407928293,0.170166824300428,-1.69901616263003,0.372441401152116,-2.09965354330408,-2.1802718684363,0.0706341084901776,0.449361103341548,2.82809568528491,1.56010315510719,-0.668495678843298,0.461261778293794,1.06817667693629,0.695573493245671,-0.984897402016323,2.2140579845381,-0.846081858411054,0.35777441021578,-1.28244303553462,1.37587130540542,0.943529341062743,1.39590543079708,0.361725105755182,2.74055132425208,0.772704862317292,0.203794304688136,2.42648808058895,0.798743547259312,0.0333909748043562,0.106153009364276
-0.0700474653618761,0.817036926897057,-0.462054666174762,1.5280977577069,0.454315530291314,-0.0489782610934014,-1.24862180955426,0.749085187422792,-0.892661606253435,-2.22554691386529,-2.67118175860691,-3.03336752178238,0.659399704679254,-1.75155438648924,-2.00264015804422,0.716632241712972,-1.06591426313301,0.483487221198058,-1.65788513015354,-0.213498980477542,-2.37624658915355,-1.26223324493039,-0.481871766094537,-1.33894541736449,-4.19678456246601,0.357016054816855,0.246367779261018,2.54507710721381,-2.28569765808755,0.397090578516457,2.04114412039036,-1.03976674603612,1.51882745267705,1.36583998299885,1.92444984543224,-0.416715424839652,-3.39869150522198,-0.305604174425473,0.582142598730875,-1.38925117614415,2.79712941870421,-0.615542039980751,0.332022734944584,-0.158643455806419,-1.34852766575726,2.0444216077524,3.19930393696302,2.26755837705882,-1.53345108208173,-2.2683078959541,-1.2029267004268,0.388116607468668,0.456166035299051,1.1191881363353,-0.295553456395408,-0.439262590258604,1.99503247649855,-0.785033405712595,-1.60189258875345,-0.497592025073215,-1.92853559414446,0.689044181652065,-1.59168126015179,-0.743963400278083,-2.73105112221701,-1.6706124517531,-0.413227344068531,-0.148505135940981,1,0.378933329897789,-3.01102872717073,-0.368452745815825,-1.67880447416243,-0.94784893262363,-3.69087088346971,-3.2674618443596,-1.03560287651883,0.968575921270634,1.62704161066647,0.514133581990798,-2.1281190652972,1.6241315463084,1.23344574248167,0.893409115126727,-1.74045597754588,3.07732666100954,-1.93971520650229,0.89728485792436,-1.449870326118,0.476454709405175,-0.339379253843281,0.634236445863904,-0.630736549991966,2.95109116834033,-0.940298172427674,-0.287139548535019,2.62496172487163,0.0871944243816482,-0.750035296090613,-0.86456627414966
-0.528182959050836,-0.239385821665312,-0.781354290225146,0.0977731047490654,-0.50625048085629,-0.818737747753862,-1.72274283820971,-0.218126313549402,-1.1532549521656,-1.96092851403699,-1.95995464025257,-2.29625900512209,-0.64663818027515,-1.42201003434484,-1.5715413849395,0.81083915872592,-0.620922149726638,0.313915206175766,-0.911528635598879,0.554991291931985,-1.05516416698033,-0.0299902042606208,0.0372980770047426,-0.259986799840175,-2.64703912732114,-1.24334096795841,0.420177023895241,1.75691582263549,-0.983703074348044,0.407610668288108,1.34187984751778,0.246470008107654,2.12294384301196,2.01252507628857,2.39865563568895,-1.10003500484358,-0.689740129440223,0.726953403286263,1.53020192291282,-0.886495236490523,2.79318581240711,1.18763499433309,1.85455380720072,0.0629730940140104,-0.404587202199075,2.22845098105202,3.26729815794059,1.34367148745021,-0.703256613102685,-1.15614606666386,-1.21392884652941,-0.21411089190989,-0.412768505162789,-0.0455782980240391,-1.05415906671917,-1.26138466910086,0.320774616771428,-0.897987102379784,-2.12521414062963,-2.03656613271071,-2.56831039724862,-0.0917745477588005,-1.8501044166398,-1.48435771481883,-2.57083049759232,-1.25620896383186,-1.35064502830512,-0.894868996811247,0.378933329897789,1,-2.01265803941281,-1.32414929674218,-1.91547946889174,-1.37414625874454,-2.97605877697038,-2.73736112000817,-1.93773908159619,-0.50800257809204,0.970446415934322,0.921335336467521,-0.764117561007066,1.26694137846717,1.17416767521813,0.813555013444503,-0.768237896175199,1.76428543849321,-1.66369849328091,0.18722010789598,-1.57279853903911,0.655023501880139,0.280894280487638,-0.0734518988817026,-1.1805383276597,2.24856174571651,-0.0731685939693824,-0.101815926872227,2.56823438451817,-0.75568946045948,-0.965824484814723,-1.58069739374047
0.225591770991136,-0.825456883217622,0.633331593804309,-1.47534564263369,-1.27845732885028,-1.10279867708524,0.613634177868977,0.307587527792732,0.553612053722809,1.00264888449042,1.72778271969315,1.38876970865328,0.451052561598312,1.06045264052612,2.95796533662331,-0.233377929238411,-0.475210075153087,-0.515126399547094,0.119088936427741,1.1120209642637,0.970085581715271,1.15317835716227,0.707199574498227,1.96175270750139,2.47866304653638,-3.20974106479435,-0.5883907058904,-4.27755657390678,1.96535561033915,-0.210377888160696,-1.07653871072493,3.87317982624399,0.443577913410487,-0.943788482407415,-0.250906596597662,0.110738233404561,2.24104578418014,2.00639343552031,1.77654327417987,1.77256602913415,-0.75884216639363,1.92849260136634,2.0519880036139,0.622292353885708,-0.601434118384452,-0.332651157286535,-0.896968390394762,-0.9249125386553,1.83743465373731,3.19997352767326,2.05895040668051,-0.259378739478915,-1.51656936371518,-1.92104695213263,-1.90549030443357,0.50469667954395,-0.975994981802365,1.05032596453891,0.086779649777617,-1.01200744898421,-0.0386887957856805,0.656542834338297,1.08378308500467,-0.282633040556756,0.853227151233608,2.47846336487035,-0.23931889872645,-2.31622407928293,-3.01102872717073,-2.01265803941281,1,-2.06767640639627,-0.891866789756701,1.12076583270806,0.862110342942396,1.06254115477614,-0.75818349617188,-3.21957858562759,-0.246724078030411,1.80216255449148,1.0919012342083,-2.40518690078935,-1.93982832049271,-1.19999582478209,-0.0225316502566674,-3.34085035884912,-1.26805966443963,-2.98927455657804,0.224874230103857,1.04324812322567,2.33466660258989,0.774202815030477,0.100180796025453,-1.78974942080048,2.75962843814237,1.13101709916737,-0.674121146539314,-0.507864639527698,1.16158901511885,0.46862982243988
0.0957985664503844,-0.996941533334237,-1.97426376654582,1.50356004377169,-1.70458971279648,-1.79408836129992,0.30407984934298,-0.830197171444805,-2.55681258157975,-1.97467642123945,-1.81008479948431,-1.77281078097154,1.13060100593033,-2.25481932642623,-1.51596015277941,-0.0168927281310189,0.71458219513786,-0.596112394170312,-2.60195378654676,0.363809428514324,-1.89365628582121,-1.01819290269836,-0.895693161225519,0.763794664277635,-4.19105830243358,0.90287525634831,3.08651472801655,3.14737437687546,-2.36721863367556,1.3323344709339,1.75923769275726,-2.14563461161627,1.71690200769248,0.220266646818992,2.18055929947457,1.92632582175694,-3.86371877786015,-0.411627408931506,0.377118456205,-0.995703110558552,2.52414641242001,-1.47386210396257,0.0279837830886436,2.04118455056609,0.621440288323453,2.82030750871644,2.77884385922967,4.01974633952767,-0.553099704364913,0.276881743184388,-2.270491561723,-2.49112922332685,0.135076284437291,-1.62735888608182,-2.8905507997022,-0.070555702180274,-0.285223868747712,-2.39837844387189,-1.6604604814569,0.689073052056349,-0.844599175097498,1.48689623692959,-0.517234730764834,0.48882963442297,-1.77313438521935,-0.309881621678129,2.02050552399602,0.170166824300428,-0.368452745815825,-1.32414929674218,-2.06767640639627,1,-1.18946057966457,0.769923668548527,-2.07897343391505,-2.31517668140176,1.25216922387137,1.35953732631934,3.71778065649359,1.32040641024193,-0.994284217250655,0.216563388050251,1.16206466079226,0.643606778305041,-0.78601650338859,2.66845949535621,-0.819000231471087,0.538735700846098,-1.39699663357873,2.04085252420174,1.33044405203941,1.94069449074596,0.844749260181044,3.10737939279962,1.02053398744925,0.688089617072838,2.57030544572159,2.45149962538838,0.648441399442263,1.10656591011734
-0.175791970342116,-1.24644471582458,-0.909709817704403,-0.453726401524601,-1.52100025636548,-1.63564468168553,-0.245094959790245,-0.626635284015236,-0.87938847370245,-0.227190475352909,-0.163858951056738,-0.0256819716743494,-0.0704644357425505,-1.34510605042278,-0.271850279313575,0.371046509620844,0.135054063407013,-0.560142771957029,-1.68574304996731,1.28112986485341,-0.236206519678698,0.929939674699532,-0.0773179623298433,2.18517075676662,-0.295694676419197,-1.73136018199823,0.633569756728062,-0.762436000984057,-0.117406087120638,0.598830244505797,0.646478736130278,1.74061261564483,2.63558631305339,0.781145783768753,1.72705166184078,0.238126600941912,0.286223548633253,1.46925438383475,2.5680417982238,0.774756432154097,1.65056767503513,1.24028215197775,2.07349429927701,1.16863282153561,-0.185062862572778,1.59373029592438,2.00233880218313,1.05109214278775,0.469856412734611,1.54454676375211,-0.3523210387029,-1.53314847750354,-0.836240527329109,-2.301111132559,-2.60440225384315,0.0930734715965608,-1.16469081873796,-0.555626509678279,-1.0064745107805,-1.26713397353177,-1.46888415231673,-0.00116797510473746,-0.538341451419648,-1.03548312388652,-1.23846562434722,0.282941318875328,0.0284872684859522,-1.69901616263003,-1.67880447416243,-1.91547946889174,-0.891866789756701,-1.18946057966457,1,0.763014981479351,-0.979016898645029,-0.986099582287909,-0.398186030329816,-1.72019409201716,1.9746613214557,2.67376527530364,0.652124667731004,-1.01670762949047,-0.153613678203772,-0.123855506934729,-0.676757765880756,-0.322324999593039,-1.29202888803633,-1.55394111505492,-1.19675799950371,1.64029858082553,2.2545237484295,1.54466988776079,0.256808219963121,1.27333940288311,2.26667475667614,0.526855688600272,1.66250554321638,-0.206866090602361,0.261785350535428,-0.014733705693696
0.0193431945697802,-2.64805626523449,-1.75314688780638,-1.51420560016627,-2.81799017482375,-1.79925449373691,0.794973686311766,-2.68817941342374,-1.81257703077631,-0.233548878078019,0.739179956133907,1.07238238798523,-1.819421200468,-0.656684345555852,-0.232536916625895,-0.0547843404660416,2.15316240315395,-0.292076296353959,0.127497909022605,1.31241939757796,1.65166626822504,1.12379644213069,0.356431186664563,2.20469098897723,0.460129202684632,-0.453682291935935,2.7698050167679,1.44141255147191,0.635538511752547,0.589481390372617,-0.709260547672367,-1.25414382764316,0.60111269645641,0.220711301062564,0.952794044143429,1.45987809726808,1.62397028342666,0.139077655565648,0.130792081473335,0.455118872363184,0.468104256646008,0.973666646410427,0.5312947685084,1.66470714348325,3.1096875700798,1.00390171515671,0.131534144882414,0.92222146701427,0.897725866166636,1.99556773653822,-1.08060916008275,-2.96996366671976,-0.735210240582094,-3.25123288653452,-2.33913630014799,-0.781159253790417,-3.42975266798487,-2.00325061922173,-0.939781915712524,-0.712617845349424,-0.448911461671937,-1.08135277805553,-0.281600063114186,0.264991613798205,0.37221317548525,0.387806791351536,1.46219869256532,0.372441401152116,-0.94784893262363,-1.37414625874454,1.12076583270806,0.769923668548527,0.763014981479351,1,1.61276582577908,0.527115022141816,0.97431374892152,-0.265441876361335,1.27980915327769,0.381249488125347,1.72081001118069,-0.552712842386366,0.977146511001871,0.141491033431836,1.86364015297406,-0.25472730268121,1.84899311170112,0.370920138422425,0.087318409504932,1.06136384895847,0.882193197815936,-0.206376568965654,0.470415201063116,0.0919147489068056,1.33317346828828,0.58575623745848,0.258115749181296,1.35325842795843,0.536244887512052,0.454216690554315
1.31286767329247,-1.74445958962318,-1.26109157249275,-1.56330602001061,-3.49975197639379,-2.16518716755085,1.29813636056453,-0.916253154678757,-1.83163547066372,-0.739571818563217,0.342830604559992,-0.287186338093188,-0.183989553194119,-0.469654699178213,1.2288057255492,0.741821068892244,0.351712906727298,-0.167486491042694,-0.972631303840853,2.83063727674016,0.629608063939042,0.593478006431007,1.1170644095516,2.53755180470318,-0.959435479596268,-3.49635220498522,2.19826072374273,-1.68422850700459,0.984569107318003,-0.356543024992485,-0.505823430352517,2.35345434164183,1.99980945943243,-0.637255080449405,1.11328313872588,1.81182794390794,-0.0639454517756417,2.36938712731909,2.23774465363608,1.48416522679885,2.28873654733307,1.63119936411962,2.04397965559568,2.51528454589453,1.31539778663345,2.19119836723935,1.21637625258537,2.24204189114996,1.57917518175262,3.82834407985709,0.872054529640051,-2.6351331472551,-1.65167902335255,-3.95075697584751,-4.67568002004606,-0.104867452913904,-1.98582801021943,-1.46266000195394,-1.7368502473855,-1.61299504343288,-2.00828386152458,0.750038495327558,-0.501847499150777,-0.241822908728519,-1.08036551107685,1.45627640290486,1.62080561969525,-2.09965354330408,-3.69087088346971,-2.97605877697038,0.862110342942396,-2.07897343391505,-0.979016898645029,1.61276582577908,1,-1.69727084054183,-0.0967482490844125,-3.32463956390677,2.36838436700732,2.59298888836342,0.0578824274237701,-2.17347332094343,-0.25229922810207,-1.66996764172086,-0.480079695387874,-1.46108451994134,-1.7424891945571,-2.66463879966119,-0.908061390154868,2.73447229850861,2.88945348194096,1.52937443454318,0.207529137345148,0.348698253871374,2.62709853138415,2.03728656514711,1.24845361800882,1.5926162960799,1.39973482334969,0.83300917713359
0.622557236945503,-1.75977953599133,-2.03603337267384,-1.32102531878347,-3.74112572861149,-2.66940490690529,0.691706055383795,-0.947999153177054,-2.79025801879592,-2.11166752838492,-0.643605466208494,-1.47797575676454,-0.145294117921178,-0.77773745207815,0.601165997025281,1.08354356575467,0.422492625138744,0.234827116048736,-0.668389611406631,3.267270941229,0.575395334883053,0.480379611173735,1.56887344003501,2.2003081920388,-2.13488203894878,-3.6352130599831,3.03800517195596,-0.732140247201516,0.784890591000825,0.115611287007705,-0.390501110582372,1.78160315133921,1.80540620004658,-0.0520525914776087,1.82918492312568,1.66209453266306,-0.973353925957896,2.03997402674596,1.83362063679574,0.644863936469636,2.83550123421768,1.11536830017131,2.24867533021369,2.00068937990007,1.10691417431004,2.6475516322419,1.94812063086815,3.08481272542786,1.25340678845196,3.03034581063949,0.0835153403982445,-2.70713808247161,-2.05324840680912,-3.92361049201081,-5.22223589935547,-0.521352858364208,-1.81511066928987,-2.25758588829885,-2.87730704086616,-2.05200577177985,-2.59421041658791,1.43266190377129,-1.08764442234197,-0.623913621441434,-1.56395490560844,1.30290146564509,1.22356850062706,-2.1802718684363,-3.2674618443596,-2.73736112000817,1.06254115477614,-2.31517668140176,-0.986099582287909,0.527115022141816,-1.69727084054183,1,-0.204842547680415,-2.80103569337608,1.88185857182149,2.22437404587403,-0.292827291863444,-1.87353873153625,0.0318874161319505,-1.3124618024867,-0.0752986507457347,-1.18041678021652,-2.51013420244194,-2.31577176763694,-1.18901446600558,2.71366372398217,2.83585720782868,0.913733822740254,-0.689625810668223,0.574152974777032,2.45001161183049,1.66057484676557,1.72619912206292,1.87641887393832,0.948801766137513,0.156774379633987
-0.134813617084469,-1.84693733509937,-1.21857956086776,0.537343811976152,-2.11253200238813,-2.07607328773176,0.621492374697186,-1.36919552360546,-1.78869076945453,-0.99500473425827,-0.178129386305948,-0.146250867948079,0.659681231287473,-1.14953834398748,0.545006244853384,-1.05001159725204,0.967262564790771,-1.15394827615675,-1.68149199933498,-0.316013628207077,-0.870046624878103,-0.487030356850253,-1.05677364981075,1.24500637025373,-1.75996701285234,0.272595083926509,2.73436198337265,1.83788063370471,-1.26476136585689,1.44740498170278,0.79517096795806,-1.51667648071735,0.484025570876597,-0.449434166102061,1.48502390386454,1.69688786081704,-1.18634349713124,-0.152149806784116,0.0996465178802108,-0.293701904399209,0.705297942990865,-0.170772021786592,0.456812590489924,2.24661385535495,1.07593303462409,1.95962828124075,1.06652503357278,2.45013465495071,0.645329436281976,1.66331746662022,-1.50014140497154,-2.39316770079831,-0.396585273030777,-2.03592336929817,-2.46223718971453,-0.277766889498977,-1.41710632614232,-1.58456366932577,-1.03667874965275,0.481716555849515,0.364424459804359,1.11840954297942,0.836773482519555,1.07937019896489,-0.162386232015514,1.16890522347993,1.72167774355981,0.0706341084901776,-1.03560287651883,-1.93773908159619,-0.75818349617188,1.25216922387137,-0.398186030329816,0.97431374892152,-0.0967482490844125,-0.204842547680415,1,0.890021938845752,2.88726046868157,0.78597094339229,0.337875804469008,-0.336847037773347,0.312223857160228,0.77019777950215,0.431478037709931,1.19258598100021,0.588235255670901,0.318643285324962,-0.511120060737934,1.71204101359987,1.45948244136379,1.26775013481035,1.10856487748294,1.48687564639574,1.98389737689734,1.02081962391666,1.3844325902545,2.03586294387001,1.27302029000637,1.44956808045924
-0.826911446225371,-0.301785724058738,-1.76006052267193,2.7135328457799,-0.577516536880114,-1.55157539796389,-0.757920783354154,-0.11179992874235,-2.48946181440961,-2.89669471017316,-3.05474421313839,-2.95765112758993,1.97830671309514,-2.68957793983232,-2.14033859253324,-0.20091908475288,0.114301687703403,-0.543056038019429,-2.97003929949115,-0.734914861885954,-3.15989788157314,-1.63760334452309,-1.43859946345327,-0.400803008744635,-5.51549929450067,1.94194569262581,2.78301402243731,4.36690853143693,-3.44923651206404,2.08685429401676,2.73970263958305,-3.07395251782101,1.41195971193958,0.860693968920768,2.85073877766226,1.13087522099365,-5.27825064378456,-1.35583952871838,-0.198117348948089,-2.17890183965726,2.51113081547278,-2.31203463193182,-0.0985963436374622,1.0621893322123,-0.658367375206011,2.92613879240815,3.6232186878529,4.31625753475297,-1.48542768734619,-1.62430458962927,-3.15328097349709,-1.49907704742537,0.443540539379982,-0.033224787571185,-1.81966086642125,-0.177676638960366,1.15920345801886,-2.21097981762732,-2.01167743114345,1.05278548068853,-0.727566178380939,2.25944527428488,-0.603968127426115,0.331349084413067,-2.27770148914168,-0.75497600453053,1.16820835692592,0.449361103341548,0.968575921270634,-0.50800257809204,-3.21957858562759,1.35953732631934,-1.72019409201716,-0.265441876361335,-3.32463956390677,-2.80103569337608,0.890021938845752,1,3.42896221403749,0.74075497577567,-1.71342964747738,1.2062026734428,1.3287763198376,1.68642943242666,-1.1009237846696,3.8677647743844,-1.45889604589732,1.43550809733192,-1.66220353103032,1.4621813138811,0.717077737193538,1.70432347758233,0.358509327509697,3.91950275634661,0.452716759724185,-0.0718769319764971,3.15960570692403,2.09936488586282,0.0600800317621576,0.569990333991747
0.280285431744781,-0.190810173232021,-0.340547587826772,1.41062172911171,0.596002133187698,0.569970956281747,1.42597846528739,-0.91738130533892,-0.0896141579764804,1.15515885274785,0.743120394089458,1.5480227629522,0.504511107044169,-0.148530840126821,-0.700551113268716,-1.30715919555488,1.63115648131794,-0.765006250790221,-0.419055573903522,-1.87125796047237,-0.291791505885744,-0.91599458430932,-1.52950549248006,-0.366977686309688,0.0261271757530024,4.06345997919839,1.19039597246165,2.66515744715592,-1.42095518618427,0.562159522979611,0.208296242664312,-3.95810600452014,-1.53192073717553,-1.27371683925955,-1.23604472935102,1.82888499270816,-1.37058221019003,-2.30571344112468,-2.49568882952774,-0.609011712646511,-1.70387741444273,-2.60026110483348,-3.10040431105745,0.820539076001838,1.63899766195109,-0.891696729226595,-1.67980853920014,0.453624135562194,-0.509713711726891,-0.474139957907545,-1.3873796012857,-1.04077743688206,1.78425438687813,0.525556710338336,1.38945172528934,0.64517404378183,-0.46317770135218,-0.67066012978306,1.89502494812733,3.25966165392789,2.82392526130576,-0.296854827383971,1.40439691101625,2.16585110156122,1.74041283454111,-0.326258293495664,2.38721275901279,2.82809568528491,1.62704161066647,0.970446415934322,-0.246724078030411,3.71778065649359,1.9746613214557,1.27980915327769,2.36838436700732,1.88185857182149,2.88726046868157,3.42896221403749,1,-1.57440590917308,0.420533189009221,0.686365169574984,0.725406787647686,0.790403714657241,0.869537339904749,1.79148294230076,3.27635985891504,2.36418074337636,1.03184157956325,-0.489654875924947,-1.28011127344253,0.519199235827907,2.09944331146686,0.328810433523292,-0.996031940173518,-0.233968499640227,-1.08262361915031,1.86643057445957,0.675965630740016,2.00531592361729
0.67470264631545,0.50940657286239,1.03916829022402,-0.288185337201145,0.806849727327033,1.26660687414054,1.14923000871007,0.0471744953522878,1.06979925142988,1.52757684076611,1.66745158966063,1.64889396067306,-0.163121537967702,1.96555332804138,1.50183062331954,-0.955007277636928,0.386768033931971,-0.147255122499284,1.73992598372189,-1.18912592394089,1.01147324955792,-0.468454589681465,-0.0990106976635747,-1.12901104936546,1.93376994750888,1.17827707958792,-0.463810068021895,-0.483915420142308,0.913084815512962,-0.852466243266598,-1.35159856566218,-0.903799179871145,-2.55253244833695,-1.69962765195383,-2.42193033610023,0.405541320634916,1.26666564453016,-0.80709222752746,-2.27017736208185,0.143428609883684,-2.40796116139569,-0.575175645440343,-1.94550749903456,-0.0182330209750162,1.23876342110291,-1.84232283408113,-3.06062614974686,-1.58193413099335,0.554584953783006,0.427785914597441,0.915396649218259,0.67480947797462,0.713358610248009,1.23174080094701,2.00319981418599,0.0200662472350923,-0.126896583279126,0.762564369770168,1.83709726389386,1.54528220857357,2.28602522018648,-0.318873209739881,1.46242970209424,1.63241883110212,2.25177158670243,0.734206616744385,0.667406924454977,1.56010315510719,0.514133581990798,0.921335336467521,1.80216255449148,1.32040641024193,2.67376527530364,0.381249488125347,2.59298888836342,2.22437404587403,0.78597094339229,0.74075497577567,-1.57440590917308,1,0.355450984612243,0.113114486969038,-0.338625043214306,-0.443864985226631,1.09950763690812,-0.812250236138743,2.23270338417123,0.761153198992943,1.51892622752472,-1.16086018315785,-1.55517635697105,-1.06213431693206,0.636640904531507,-2.07999612347745,-1.37075449905575,0.292712587734245,-2.369479865851,0.525847934833354,0.565186908703662,0.930781129246751
1.9726634660657,1.08150608262072,0.803911187065626,0.129524737457572,-0.211291514936162,0.372954554755267,1.89224763585466,1.45106734791512,0.399367263551781,0.784584445885584,1.15205166012447,0.212404572317546,1.6351873108482,1.56041102817805,2.41320922710478,-0.201478370870896,-0.934500624998985,-0.0664858483917209,0.0338745777658029,0.436446367464283,-0.24729472410505,-1.12090384807047,0.39606600385075,-0.380626993952167,-0.174193712641573,-1.40907736130204,-0.423529054263683,-2.83521656435394,0.523171960255898,-1.45547508004833,-0.794071559053591,1.97020196529428,-0.732655561335671,-2.49131258622182,-1.87431711958296,1.5519977252757,-1.46653000610024,1.11886605503197,-0.136218044798997,1.0171336829372,-0.0939887145369752,-0.607571841815623,-0.791281905861518,1.15665469633382,-0.43916597189178,-0.311995791725015,-1.47178394308273,0.637715635232439,1.01779317489082,2.2401500563742,2.33984653931514,0.217393375859992,0.139053254340513,-0.0656855968091794,-1.10152231198049,0.893850416021714,1.10259527237628,0.604766499725516,0.94589829875717,1.16352015486188,0.716037599926146,1.52908382382742,1.11546334815199,1.24674269168099,0.639278158674506,1.61738901081897,1.58574737437508,-0.668495678843298,-2.1281190652972,-0.764117561007066,1.0919012342083,-0.994284217250655,0.652124667731004,1.72081001118069,0.0578824274237701,-0.292827291863444,0.337875804469008,-1.71342964747738,0.420533189009221,0.355450984612243,1,-1.44237841143241,-1.23291673273966,-1.91839057933684,-1.26325616019647,-1.2795103244362,-1.16433298855982,-1.92554407490665,0.482169275291735,0.980119542125426,0.757496723362025,1.3280547990306,0.897215593864305,-1.15245799675566,0.213041943411898,1.72579766798862,-0.86856226224723,1.30132335490874,1.62093332499228,1.64653774444299
-0.0384682883189272,1.04915364334554,0.0944999151419222,1.24778951344584,1.28747471993358,0.839480239021956,-0.909275665215245,0.772808921078087,0.158401184782394,-0.855291712869596,-1.7988111805069,-1.65533687373412,0.311646807436987,-1.26337554788058,-2.08100379136348,0.710167161919618,-0.695017417498019,0.617236349792226,-1.06444210061153,-0.493006459205821,-1.63808968602259,-0.695098553269548,-0.430410230391129,-1.17490654840351,-2.32085245642293,1.26575702012549,-0.70868723874018,1.83418842608195,-1.68269779751451,0.101721417017227,1.52927135411996,-1.11495871751683,1.03446660481648,1.14201215133297,0.901086008630287,-0.525649215425302,-2.40666419878007,-0.848682766964798,0.10363305217284,-0.954037426412785,1.43838300179757,-0.87732182554266,-0.501865626859061,-0.907623693625361,-1.10887463158292,0.526159615991474,1.86241424303999,0.781260964000317,-1.71347466675156,-2.5751924375469,-0.672796536610756,0.861257302320491,0.982143906337618,1.52059685537321,1.10467148860594,0.135280937890112,1.83949870068358,-0.0487219496363599,-0.259336159973296,0.251819514509443,-1.05757377341623,-0.29441637546837,-1.2820097636529,-0.635239176650688,-1.693058971601,-1.93660938243866,-0.363410724901313,0.461261778293794,1.6241315463084,1.26694137846717,-2.40518690078935,0.216563388050251,-1.01670762949047,-0.552712842386366,-2.17347332094343,-1.87353873153625,-0.336847037773347,1.2062026734428,0.686365169574984,0.113114486969038,-1.44237841143241,1,1.05920909205956,0.759942918158967,-1.38404427907465,2.35650609591187,-0.885676480030617,1.12246790071008,-0.671006196883471,-0.405717096093897,-0.958513083340382,0.403070314010697,-0.229182671554288,2.00951974077458,-1.42278502856244,-0.847412507690696,1.33538305407814,-0.468262302079721,-0.945660743551482,-0.760219405362981
1.00017993389587,1.98619520474976,1.30775978080058,1.92950023514915,2.4740973024876,1.72997285054948,0.422181943410686,1.53926888912838,1.54991044616014,1.39882850559757,0.292827214888352,0.268199548354449,1.42444764343451,0.2779590461785,-0.207142348592466,-0.711222927844528,-0.994313490792167,-0.365663226920551,-1.01328791223771,-2.0738723435705,-1.76094126402097,-1.5201225585566,-1.52991724280307,-1.71522551202176,-0.503647110996764,2.04114602517143,-2.13557157353044,0.0654131812781431,-1.7187246192165,-0.748563264391672,0.965792356039536,-0.557992822738449,-0.207740059128752,-0.903937727214196,-1.43611212042149,0.134788437299481,-1.87567334213359,-0.651954375037576,-0.524471368486254,-0.163325536787447,-0.364652056343636,-1.59351638533744,-1.98564508748997,-0.0276052577987543,-1.4710428268123,-0.774542214294036,-0.483744316976918,-0.340814296204715,-0.840838743108739,-1.24221865231889,0.542975020970281,1.46592719166561,2.07895508441395,2.6119435083711,2.2140455057367,0.915725036102014,2.43662494447372,1.32562299173883,2.18361818211726,2.24062549978384,1.48839065531674,-0.0311999457714834,0.788248114807841,0.929489920192796,0.148398952963652,-0.826413777028853,0.51680436355652,1.06817667693629,1.23344574248167,1.17416767521813,-1.93982832049271,1.16206466079226,-0.153613678203772,0.977146511001871,-0.25229922810207,0.0318874161319505,0.312223857160228,1.3287763198376,0.725406787647686,-0.338625043214306,-1.23291673273966,1.05920909205956,1,0.181297833250376,-1.77659912007604,1.84613609590337,0.523818121128317,0.719674786122634,0.263929337985324,-0.51847779842506,-1.16215379324967,1.30237026062726,1.51616709813676,0.789275581446052,-1.57795282165736,0.00511344793312324,-0.154338275800167,-0.298889996307458,0.269652992228209,1.00635226632585
0.283486501705455,1.58524741552956,-0.239067733690222,2.37521598695847,1.27082278995156,0.261952043556217,0.14021165546655,1.46988494296681,-0.623290705984404,-0.817248084731635,-1.09189616612434,-1.52161911050929,2.31863697701907,-0.0341457886969285,-0.37459543858976,-0.311252050539465,-0.619005268895096,-0.0274810543996523,-0.971590278625808,-1.01398787724523,-2.05990612915735,-1.78920620176981,-0.727098709513776,-1.63853784997712,-2.93723457008301,1.40498381511573,0.290813259727273,1.14552272267085,-1.90676825857848,0.215271910349888,1.1777000385292,-1.10049036600181,-0.233059712481202,-0.774325605796965,-0.129009220975037,1.02039016181158,-4.28216391831556,-1.02000638226128,-1.27745049476512,-1.47333248661666,0.641416441330169,-2.80701143514326,-1.581490880606,0.0444215099330189,-1.14355261673292,0.341590730989733,0.742997703636906,2.04882284480138,-1.00356830657993,-1.25495273007902,-0.588217535847916,0.399255696331082,1.3154529168405,1.78927320976916,0.0262790323136654,0.440974734120469,2.42256962470721,-0.447402076179669,0.295195804282001,2.28018290189662,0.749794880571773,2.03332026621931,0.301114428066287,0.90370330109943,-0.453754047344701,-0.111012345717345,0.971040141674881,0.695573493245671,0.893409115126727,0.813555013444503,-1.19999582478209,0.643606778305041,-0.123855506934729,0.141491033431836,-1.66996764172086,-1.3124618024867,0.77019777950215,1.68642943242666,0.790403714657241,-0.443864985226631,-1.91839057933684,0.759942918158967,0.181297833250376,1,-1.24366069332511,1.83253230747798,-1.22447865428706,0.502558229214166,-0.183032065190845,0.322782724887322,-0.354097269981236,1.2344429616789,0.600294795739317,1.21461632175393,-1.06519365269951,0.216840831412953,0.643155328815858,1.32282793122386,0.382343813772859,0.811484731592199
1.23808622770024,1.56397087908027,1.00014614520781,1.37434844831498,0.851532235981842,0.21791289396731,1.28399731927707,2.19219438053705,0.725156994626652,1.07271828500042,0.911866364185514,0.250774654185216,2.98186172527172,1.15064151442184,2.29629390748555,-0.698940789875584,-1.36432730820459,-0.703624640321837,-1.10010641609633,-0.531873729827899,-1.43822957269313,-1.24019565363053,-0.542464995132106,-0.324065300643227,-0.30831188324731,-0.737158876190714,-1.11721579069275,-3.10808517867602,-0.375521954717792,-0.662366632400157,0.179204468546522,2.36141735968981,-0.0794723796893926,-2.28420158242447,-1.42075961839402,1.19967799288825,-2.35243572245057,0.878669348022859,0.318729937830707,0.616325966181592,-0.373706821885508,-1.37828314719701,-0.581701555979086,0.893594590134997,-1.92406309592889,-0.374574632779716,-0.806376107154228,0.725355377595252,0.62963416279852,1.68682060612101,1.79567140430554,0.646078929487513,0.575313522832879,0.733294007627251,-0.795101736796368,1.41355257490864,2.08435785320343,1.17647148225386,1.43460373301924,2.01642395493765,1.3662063104941,2.31799523922242,1.67479661230247,1.1029547416032,0.557966702858405,1.78759002019965,1.13845226510575,-0.984897402016323,-1.74045597754588,-0.768237896175199,-0.0225316502566674,-0.78601650338859,-0.676757765880756,1.86364015297406,-0.480079695387874,-0.0752986507457347,0.431478037709931,-1.1009237846696,0.869537339904749,1.09950763690812,-1.26325616019647,-1.38404427907465,-1.77659912007604,-1.24366069332511,1,-0.904491882901494,-1.84422220294928,-2.1751132752285,0.141104894959115,1.06533298457028,1.3282339043398,2.36821649439424,1.36494799086927,-0.45312742996876,0.827983094242398,1.39255380397411,-0.400665373274677,0.79922948792534,1.61203928772427,1.86804569579992
-0.413996544690975,0.755769161423012,-0.342223949234211,2.48753192426023,1.67007838163226,0.91220248288741,-0.713491418223665,0.045358489981788,-0.269999902277062,-0.801952965494633,-2.14606096718191,-1.34606693997897,0.731308282036995,-1.99193258978841,-3.09441011445649,-0.14598084306954,0.266815030160189,-0.056870682534103,-1.82750804545791,-1.9539356821231,-2.430335940251,-1.33869303499101,-1.72068934773744,-1.52638844811164,-3.19460087616497,4.12583501105162,0.471779006232008,4.55972188620101,-3.09607832535792,1.06212154744834,2.31530527024219,-4.10840971160433,0.501746762513285,0.99698343631546,1.04651569960746,0.177580972524404,-3.55790074644845,-2.49794536371042,-1.30978784269371,-1.91753057001216,0.826139113932766,-2.44055579838702,-1.95274727565639,-0.364625244263269,-0.20642088836169,0.668240658849757,1.80197046186458,1.54554104710676,-2.35289969898621,-3.45380567087552,-2.46048542771355,0.128672618109424,1.9575269757952,2.04444417889439,1.96807924533511,0.17907133396947,1.64338591010315,-0.74208119012367,0.291519269505047,1.98670578659642,0.368933471532106,-0.20860211728711,-0.649054579795717,0.468030281118081,-1.2297957048215,-2.42772408058587,0.698725317356352,2.2140579845381,3.07732666100954,1.76428543849321,-3.34085035884912,2.66845949535621,-0.322324999593039,-0.25472730268121,-1.46108451994134,-1.18041678021652,1.19258598100021,3.8677647743844,1.79148294230076,-0.812250236138743,-1.2795103244362,2.35650609591187,1.84613609590337,1.83253230747798,-0.904491882901494,1,0.895506477418947,2.97796108995302,-0.55644019335063,-0.649200989845678,-1.72048283504618,0.668721185660316,0.775257631820869,3.07494354811968,-1.96143898086462,-1.20333282730188,1.41078850569238,0.647731197984607,-0.828255360535729,0.189318595202801
1.63562840522191,-0.360582246697853,-0.874026042315075,0.156667335786473,-1.73535906915314,-0.79375789629899,1.17905297094156,-0.121734006871117,-1.27286001288322,-0.455772354404527,-0.678160124519781,-0.922600616951081,0.661678849126401,-1.23402304747471,-0.531182015181998,0.770314749914477,-0.0749903022159455,-0.202703109450491,-2.08170152293718,1.51790634634417,-1.00449468121153,-0.546422739855618,0.013431287608707,1.14530473449618,-2.56719899532711,-0.957656441629709,1.42382573309542,0.0773388547249452,-0.823646738894301,-0.494498734042363,0.781815302198851,0.636246685677104,2.26574853104025,-0.52438526253159,0.826386413161917,1.73658241627966,-2.42838122939575,1.2771358134732,1.72214974623654,0.765599961483226,2.69278202170036,-0.0536514653411617,0.456527395620529,2.20901718702018,0.614468557407938,2.1560270255679,1.83220395615141,2.64426542342564,0.103808870826033,1.75067670184289,0.106454739015681,-1.88525902285305,-0.0570130042527522,-1.9958555822389,-2.90968921857154,0.438321610191357,-0.213452317241521,-1.2097613279228,-0.784989019372945,-0.0802949854689854,-1.56752244244408,0.622394885933325,-0.780946897182522,0.0844480961889366,-1.78994961716205,-0.230934077344484,1.97578627066659,-0.846081858411054,-1.93971520650229,-1.66369849328091,-1.26805966443963,-0.819000231471087,-1.29202888803633,1.84899311170112,-1.7424891945571,-2.51013420244194,0.588235255670901,-1.45889604589732,3.27635985891504,2.23270338417123,-1.16433298855982,-0.885676480030617,0.523818121128317,-1.22447865428706,-1.84422220294928,0.895506477418947,1,-1.35942901994368,-1.22472261108551,2.20861877368472,1.67477652636873,2.32404388014702,0.931720250548921,1.95753437474446,0.950784515732804,1.43604818731465,1.75880805035746,1.60480534946458,0.89281427590652,1.18396383016196
0.339483818435588,1.28542692056642,-0.319007861734736,2.41964187864407,1.04999726470716,0.231921576912886,-0.349422988772099,1.06093196507623,-0.605041021138616,-0.833296467913676,-1.80907839851357,-1.86396066547722,1.87164029578929,-1.37710644043136,-1.66399003786257,0.00393746387178151,-0.806175600699708,-0.406157226236786,-2.3192557996359,-0.971728056080324,-2.75234150605534,-1.64275993907529,-1.34433692949465,-1.13538935463162,-3.63403342821606,1.58951970477229,0.170269066206019,2.00429215119349,-2.64037824501036,0.341034411438612,2.12759705248012,-1.11041039416014,1.42554181562388,0.183509773270321,0.895565996883117,0.419516301798743,-4.0448755564162,-0.412883210867369,0.331814822828426,-1.13955805564386,1.93651486053978,-1.88276143621275,-0.686192725990141,0.688837315885013,-1.24985096485102,1.5645520870199,2.2985120714563,2.3139461903264,-1.32764668375349,-1.45462261548995,-1.31609703606351,0.0153095130250427,1.29859191820519,1.38862972522681,-0.165244330983401,0.336649444888639,2.16209621561839,-0.491625797827048,-0.134849763576275,1.33488381762809,-0.297766200427121,1.28900021569654,-0.422886176127821,0.211153305092722,-1.82567724070124,-1.21526249480993,0.621143148492746,0.35777441021578,0.89728485792436,0.18722010789598,-2.98927455657804,0.538735700846098,-1.55394111505492,0.370920138422425,-2.66463879966119,-2.31577176763694,0.318643285324962,1.43550809733192,2.36418074337636,0.761153198992943,-1.92554407490665,1.12246790071008,0.719674786122634,0.502558229214166,-2.1751132752285,2.97796108995302,-1.35942901994368,1,-1.26849445406674,0.793071915450885,0.0325138700715872,1.90423277555324,0.75589061133665,2.86375356263144,-0.73267134499331,0.139602786107334,2.00575732478036,0.721502979502824,-0.0516066292165155,0.61132160280443
-0.175595214052176,-1.27312738407847,-1.22967755666923,-0.771968725792976,-1.89634746628869,-1.75234737972636,-0.260187991859492,-0.847427248798834,-1.58695111215923,-0.880221779223192,-0.284023278451603,-0.495281436015551,-0.319036059989531,-0.534169945759995,0.0718229108352598,0.472196618118517,0.423691193329667,-0.162580428906699,-0.523432141178466,1.50346091467464,0.304239715605906,0.786343921450905,0.558299154772077,1.54757045647672,-0.807554261282624,-2.05262038417669,1.52689882836237,-0.195494910333968,0.436437288246234,0.421718824583218,0.106404957305597,1.24499956651502,1.75913914894197,0.617267429408067,1.61210855093786,0.407854924002631,0.243839764914209,1.20925282554917,1.45649367779478,0.14594951547715,1.61939307768606,1.07188532903517,1.8764808307812,1.04427936930718,0.847288113884545,1.56907339534332,1.66403142295627,1.30312599711814,0.583850490366499,1.53145646635758,-0.512915343617373,-1.68530031923062,-0.984676520835369,-2.09521472608959,-2.76057052914335,-0.690873682171729,-1.36176142031771,-1.22929098689445,-1.54249290669508,-1.29835742085952,-1.55242598151819,0.431385767548259,-0.738833526768739,-0.75079382159983,-0.984989094997634,0.549932212960923,0.0768176867627289,-1.28244303553462,-1.449870326118,-1.57279853903911,0.224874230103857,-1.39699663357873,-1.19675799950371,0.087318409504932,-0.908061390154868,-1.18901446600558,-0.511120060737934,-1.66220353103032,1.03184157956325,1.51892622752472,0.482169275291735,-0.671006196883471,0.263929337985324,-0.183032065190845,0.141104894959115,-0.55644019335063,-1.22472261108551,-1.26849445406674,1,1.49106499047769,1.72809597715048,0.564826481428335,-0.343121154504246,0.652198038185679,1.59566675265029,0.762671741925405,1.28115276691829,0.371243602706236,0.239204505798241,-0.252043602778199
-0.0302669449452014,-0.275437687095572,0.688887827762326,0.233482151094398,0.595840330951115,0.507800645269376,1.10437324619291,-0.248378974979373,0.951479977572003,1.59672072645054,1.51888461122983,2.13525709192691,0.467437653221625,0.866238961375635,1.15059486858248,-1.15276976331508,0.896826746756531,-0.493090738455381,0.462284326284071,-1.36341857611567,0.474173155180737,0.0685466671660511,-0.645148301121318,0.177103883082135,2.0410430929489,1.94788861606339,-0.0836322155189622,-0.279518531350209,0.253915707037652,0.369468205180945,-0.605077247399686,-1.3332903889161,-1.77450446206246,-1.3404095132837,-1.44224126450025,0.919903722823636,0.570509756962887,-1.48408758937759,-1.82385396541682,0.185950539045343,-2.69600500777997,-1.09328943093785,-1.709422457678,-0.137516772553936,0.703636970825448,-1.86788125339592,-2.45595012694146,-1.12318293715443,0.213349382649574,0.356238073272675,0.312414054026919,0.00170995994622758,0.724645716193285,0.332979252730427,1.49666187531123,0.812464765137332,-0.416646567956699,0.628984005882354,1.91982107053727,2.21164112383523,2.55924220878151,-0.209114046199245,1.7528520403363,1.51182599660167,2.31669152706654,0.940250534042289,1.19192461097813,1.37587130540542,0.476454709405175,0.655023501880139,1.04324812322567,2.04085252420174,1.64029858082553,1.06136384895847,2.73447229850861,2.71366372398217,1.71204101359987,1.4621813138811,-0.489654875924947,-1.16086018315785,0.980119542125426,-0.405717096093897,-0.51847779842506,0.322782724887322,1.06533298457028,-0.649200989845678,2.20861877368472,0.793071915450885,1.49106499047769,1,-0.612383345818866,-0.0030771588406916,1.30789561840691,-1.35444461731298,0.0256805148945767,-0.200960397230624,-1.95239119933583,0.666390057640371,0.769594225619539,1.34551913272628
0.208912181080117,-0.00280062572967532,0.727576061820048,-0.0424611860406978,0.266577511551546,0.31691826317082,1.4630327155747,0.137021498648501,0.731944534240114,1.39423477602589,1.95701986489638,1.98380560754718,0.817332076224724,1.88002936069304,2.37971811679876,-1.29001757370353,0.607743587247572,-0.444041904031295,1.29323434828521,-0.991774009856821,0.93988438323689,-0.213523860384686,-0.0980235674087729,-0.143852300660211,2.24319408644965,0.85788234810586,0.09569235481925,-1.40196458688942,0.983771066341043,-0.0582216067985954,-1.37848501287722,-0.434521101472189,-2.66563375504844,-2.1352022706695,-2.11513952151765,1.110952466212,0.707558873640696,-0.896321002909224,-2.16259308969024,0.302221687908035,-2.97690575473174,-1.07555642811657,-1.62361444499899,0.0497431187587564,0.634799118148149,-1.99765903285271,-3.24982746552728,-1.06121459466239,0.954977567176744,1.28091994153981,0.991668436621195,0.172770016477094,0.235768726179697,0.285579535880657,0.865802058093322,0.644520420997362,-0.337264113154853,0.656920170662724,1.71360939285375,2.05517761914326,2.81049747793921,0.707186147138339,2.20261409604284,1.82993243347938,2.81646521017506,1.95470919086698,1.16781583421796,0.943529341062743,-0.339379253843281,0.280894280487638,2.33466660258989,1.33044405203941,2.2545237484295,0.882193197815936,2.88945348194096,2.83585720782868,1.45948244136379,0.717077737193538,-1.28011127344253,-1.55517635697105,0.757496723362025,-0.958513083340382,-1.16215379324967,-0.354097269981236,1.3282339043398,-1.72048283504618,1.67477652636873,0.0325138700715872,1.72809597715048,-0.612383345818866,1,-0.356812208828249,0.948251032282074,-2.44255382321963,0.165646054935276,0.389766648814215,-2.50192290528582,1.05277192905663,1.20067787099717,1.5085036762029
-0.680566351848324,-2.33520518772834,-1.41388564260646,-0.761953496425103,-1.88172740659213,-1.30683221723019,0.262889386785849,-2.419508110829,-1.56574678749745,-0.949452734203539,-0.0322388318794323,0.535827486733239,-1.5200772110753,-0.776299393780546,-0.622389192232809,-0.325442617155453,2.17988265798706,0.0715821913051564,0.42729029073225,0.199773923340523,1.0441506292545,0.707419768468758,0.100855727113698,1.10649111643672,-0.20478339040835,1.13396659051872,2.82455447115779,2.98523107507472,-0.00602398287928074,1.31118654707077,-0.278907928013531,-3.15651416171081,-0.587000471697777,0.529213697506059,1.14009227930574,1.18737548479745,0.717472454308497,-1.60171124408116,-1.54526898511793,-0.69380202685483,-0.380562926670264,-0.0356529225051496,-0.384279348663946,0.519844924876417,2.73200038381035,0.398923721167852,-0.0673136386717363,0.897303831957023,0.0321552764257978,0.114197116437968,-1.6875921251664,-2.09058719775983,-0.359988768873705,-1.84224084707602,-0.718601221867615,-0.826336217872379,-2.49073914479905,-1.92311564378164,-0.930804994931517,0.0805041427672591,0.199829316269173,-0.846946506547946,-0.143305916917315,0.642958687602898,0.670252163516967,0.0645207699696617,1.27856733037941,1.39590543079708,0.634236445863904,-0.0734518988817026,0.774202815030477,1.94069449074596,1.54466988776079,-0.206376568965654,1.52937443454318,0.913733822740254,1.26775013481035,1.70432347758233,0.519199235827907,-1.06213431693206,1.3280547990306,0.403070314010697,1.30237026062726,1.2344429616789,2.36821649439424,0.668721185660316,2.32404388014702,1.90423277555324,0.564826481428335,-0.0030771588406916,-0.356812208828249,1,0.124006897993323,0.190154256145042,0.361390334298258,-0.296799174591913,-0.0601142525489993,1.53264178379396,0.147049120671692,0.12467304079883
-0.1310771915735,-2.6979863600332,-2.05827942420072,-0.949007307806295,-2.97852684502527,-2.04882938709445,0.44836792303506,-2.51276313086864,-2.36945497820693,-1.41438726868683,-0.568321971369739,-0.15851690991042,-1.34348016852995,-1.61470787251896,-0.998460574482714,0.361765433495713,2.0313908683998,0.0502207603513437,-0.701706719648595,1.4573013129094,0.647379311297176,0.837612952210357,0.371034918857403,2.08191171624724,-1.44169000743441,-0.092186646940231,3.4934200820269,2.64078959129889,-0.191237480120067,1.18901449718495,0.190263535937887,-2.06721674420098,1.17581841145314,0.741939436275446,2.09120801285577,1.72909167341478,-0.203984078399112,-0.506024294653604,0.0116511455839403,-0.234054111809556,1.4033452463093,0.432919931445272,0.621965178227305,1.48067593979831,2.81257396684045,1.75063169398074,1.45058604111607,2.23608327488761,0.136220094587356,1.10448064153647,-1.63729280078186,-3.11525553005089,-0.75920810324377,-3.2504502891098,-2.69784910478059,-0.720690392655304,-2.77437869261551,-2.57318922464836,-1.78849376148389,-0.619641210887385,-1.23507010700983,-0.560486294614239,-0.900450939069409,0.0898603658032476,-0.638326026529251,-0.0469409302487344,1.7864005855832,0.361725105755182,-0.630736549991966,-1.1805383276597,0.100180796025453,0.844749260181044,0.256808219963121,0.470415201063116,0.207529137345148,-0.689625810668223,1.10856487748294,0.358509327509697,2.09944331146686,0.636640904531507,0.897215593864305,-0.229182671554288,1.51616709813676,0.600294795739317,1.36494799086927,0.775257631820869,0.931720250548921,0.75589061133665,-0.343121154504246,1.30789561840691,0.948251032282074,0.124006897993323,1,1.30033721632297,1.2850813559593,0.369598725293981,1.19516160475728,1.92858286216176,0.400393200281771,0.274228035945304
0.171952647253003,1.60764890493618,0.58813523404667,2.48595398420085,2.56158966753294,1.77916941609395,0.262077610712766,0.719442321299376,0.809908216478158,0.503073055387377,-0.482040097107528,-0.0837104139007685,1.08087419898624,-0.188778428892041,-1.37916735969904,-0.974695960849327,0.0386839299518446,-0.173581032818815,-0.514072153631601,-2.74270855818463,-1.68613283918403,-1.86469239004108,-1.74493079052854,-2.40159067125862,-1.32258244856579,4.27798600824582,-0.690341940006485,2.896276741133,-2.39888309210798,0.142181811898121,1.0778463444601,-3.69967889796939,-1.55400846095768,-0.605689857761203,-1.23659417512326,0.449138726121581,-2.73309561265706,-2.54665196498832,-2.55042339582982,-1.42809206967813,-1.05686585876431,-2.98273635352435,-3.32348175422406,-0.542152790269902,-0.483861554114212,-0.982752383342725,-0.79118030051929,0.190948668411948,-1.5900317695434,-2.79778148472472,-1.07733942928324,1.11508758359337,2.40553373791039,3.06921814173942,3.13639556051282,0.584670473923974,2.08656409970008,0.304695831403656,1.87450750610077,3.07185608572648,2.25378083331943,-0.0545930648126942,0.75921173286266,1.55363505970344,0.636610512773473,-1.42053680948446,0.957397899496866,2.74055132425208,2.95109116834033,2.24856174571651,-1.78974942080048,3.10737939279962,1.27333940288311,0.0919147489068056,0.348698253871374,0.574152974777032,1.48687564639574,3.91950275634661,0.328810433523292,-2.07999612347745,-1.15245799675566,2.00951974077458,0.789275581446052,1.21461632175393,-0.45312742996876,3.07494354811968,1.95753437474446,2.86375356263144,0.652198038185679,-1.35444461731298,-2.44255382321963,0.190154256145042,1.30033721632297,1,-2.59682725375905,-0.874267639968348,-0.460113608975534,0.676387915833652,-0.190982058274508,0.929677237276824
0.659323312290916,0.624929727465466,0.426610828866132,0.562234586442586,0.270571040464519,0.199706429516464,2.03599553948285,0.695406741968111,0.241866843516448,1.45188481644179,2.08034022596994,1.74605061226693,1.89970009316266,2.35785915432385,2.78241487724788,-1.40184035509253,0.408365578566875,-0.706621405055906,1.13807254228234,-0.795726178091284,0.667951920300638,-0.847437110611705,-0.102266361399871,-0.372223099343657,1.60362237953819,0.689136980428829,0.442412792099524,-2.00895616228342,0.866866202916484,-0.415753356552184,-1.51462686074674,0.0425668123479421,-2.82645142328001,-3.038461536417,-2.71862646289587,1.7841472017176,-0.527998530999511,-0.452106524940205,-2.24982211382092,0.289204729158937,-2.74481718938779,-2.06674912299445,-2.0276022605041,0.681139092026665,0.430106314856518,-1.7998350922042,-3.47616784750763,-0.256166066309127,1.25193653970797,2.03905633229291,1.08114450877789,-0.0834750229537171,0.39577685834929,0.351326991579775,-0.0125225261598558,0.89677033026547,0.139195624062546,0.402157862627883,1.88047071799159,2.79536084755995,3.23688827066224,1.93510400483559,2.59513485448935,2.28546035225175,2.93450464284267,2.48718595671928,1.78316790314613,0.772704862317292,-0.940298172427674,-0.0731685939693824,2.75962843814237,1.02053398744925,2.26667475667614,1.33317346828828,2.62709853138415,2.45001161183049,1.98389737689734,0.452716759724185,-0.996031940173518,-1.37075449905575,0.213041943411898,-1.42278502856244,-1.57795282165736,-1.06519365269951,0.827983094242398,-1.96143898086462,0.950784515732804,-0.73267134499331,1.59566675265029,0.0256805148945767,0.165646054935276,0.361390334298258,1.2850813559593,-2.59682725375905,1,1.02704793852559,-2.56686882678803,1.82891156836391,1.70651971632438,2.26856481363937
-0.404613974117226,-1.55016119017929,-0.399492844526672,-1.17230506239979,-0.960093334913653,-0.567530412899297,0.487399433604123,-1.33355694388796,0.0469008846864942,0.771831632570152,1.0255145532313,1.73353477935416,-1.15742501867961,-0.232833175459091,0.0285966030810091,0.0473596234885699,1.39080134337181,0.0839851501289767,0.389340474605506,0.653169339669228,1.48541543378185,1.47705153346673,0.397222772271321,1.83096268157495,2.13024590996486,0.158989396042243,0.55088273369915,-0.313931649815433,0.96780644649927,0.53018548310048,-0.740455481126051,-0.37915677955078,0.0241468011989311,0.218250921790888,0.11281461627638,0.562327701817479,1.80683559288739,-0.509502917160377,-0.0520258628823546,0.731496140604828,-1.10935427870577,0.513106823951521,0.0767360243120138,-0.216793428517145,1.21749494214125,-0.903098506450272,-0.898949795158503,-0.852910996613885,0.321315238194132,0.740069237635832,0.0587173085563112,-1.04711770313263,-0.386384033988166,-1.78112879709799,-0.26385227856553,0.348427186508065,-1.96050470623163,-0.254351061297173,0.346652030526051,-0.053754454362747,0.298597129891851,-1.31598312487852,0.131582552397599,-0.102672836808812,1.07785834401305,0.298321233492405,0.589393785970039,0.203794304688136,-0.287139548535019,-0.101815926872227,1.13101709916737,0.688089617072838,0.526855688600272,0.58575623745848,2.03728656514711,1.66057484676557,1.02081962391666,-0.0718769319764971,-0.233968499640227,0.292712587734245,1.72579766798862,-0.847412507690696,0.00511344793312324,0.216840831412953,1.39255380397411,-1.20333282730188,1.43604818731465,0.139602786107334,0.762671741925405,-0.200960397230624,0.389766648814215,-0.296799174591913,0.369598725293981,-0.874267639968348,1.02704793852559,1,-0.896335252351152,0.00662308152918745,0.106360679170081,0.0882869495930483
0.19366446974773,2.21156336202421,1.58972884914927,2.12728171217937,3.32658918489453,2.46394060687088,0.423398197048392,1.50345898635696,1.94171773152118,1.54244313381485,0.37943524403602,0.80471250856686,1.51074432722442,0.995255200151936,-0.148682052379513,-1.11205875081467,-0.400126036783188,-0.165510558121343,0.306910741049224,-2.9402581944501,-1.1855909590842,-1.52350285299396,-1.40621126779392,-2.54301490497007,0.434846678580639,3.89223573793434,-1.84608359434106,0.846381458290992,-1.27172088919754,-0.269154328007249,0.393493025348921,-2.31619361527208,-2.33641926045086,-1.25575199114193,-2.30512574218996,-0.023614141176219,-1.68578814008467,-2.34737966894935,-2.77921614537502,-0.962079863421537,-2.47336342532666,-2.8057730548795,-3.34468579315175,-1.23611583949873,-0.96556977423887,-2.31384217744462,-2.18738336156815,-1.26351847697615,-1.22075636349339,-2.41407774512087,0.0948590834917249,2.13371569585653,2.2909670145502,3.73067925937413,4.06792403571102,1.01807885812382,2.50812829470368,1.49542542349614,2.81652253405725,3.41225858950895,3.04073887815472,0.145910010955237,1.48197687575542,1.65267285845196,1.65019672382228,-0.650623138970985,0.451491058867215,2.42648808058895,2.62496172487163,2.56823438451817,-0.674121146539314,2.57030544572159,1.66250554321638,0.258115749181296,1.24845361800882,1.72619912206292,1.3844325902545,3.15960570692403,-1.08262361915031,-2.369479865851,-0.86856226224723,1.33538305407814,-0.154338275800167,0.643155328815858,-0.400665373274677,1.41078850569238,1.75880805035746,2.00575732478036,1.28115276691829,-1.95239119933583,-2.50192290528582,-0.0601142525489993,1.19516160475728,-0.460113608975534,-2.56686882678803,-0.896335252351152,1,0.0409979487098192,-0.0610586420358976,1.0002923436478
-0.841220488914206,-1.34305343719404,-0.755218530132268,1.24898288498501,-0.435953061301081,-1.3852767252062,0.650181124273989,-0.960839140286298,-0.624109779389367,0.604949977730799,0.769143363010415,1.53276385287487,1.20752185824112,-0.802140563741524,0.351771692413479,-1.56707069577668,1.3982830260303,-1.40159660070353,-1.56175441606377,-1.37094714171555,-0.669857092845123,0.0457394032868532,-1.6353933513193,1.45656629223997,0.348275157576433,2.0299885572689,1.4458427523676,1.12993155964966,-1.29460322679222,1.880719203313,0.737157096187166,-1.80529950639447,-0.00341898148402975,-0.629571837751417,0.548393851540657,1.6053585402017,-0.876491168404689,-1.30179937408774,-0.622082986705505,-0.32386684003924,-1.31763691164236,-1.4901977959443,-0.707590972955645,1.07826679271835,0.361749806968521,-0.0214147699465964,-0.255389220136677,0.973055667727282,0.18536462027548,0.795541992116921,-1.49881695251049,-1.69191714790967,0.583284437281689,-1.05451880638422,-0.729317658409432,0.736411499299519,-1.02885857739274,-0.611312387383137,0.841695086628305,2.22653357655085,2.16575680507564,0.665898362975453,1.73569045593859,1.2743640390418,1.32481119720048,1.12725512192219,1.63466790828172,0.798743547259312,0.0871944243816482,-0.75568946045948,-0.507864639527698,2.45149962538838,-0.206866090602361,1.35325842795843,1.5926162960799,1.87641887393832,2.03586294387001,2.09936488586282,1.86643057445957,0.525847934833354,1.30132335490874,-0.468262302079721,-0.298889996307458,1.32282793122386,0.79922948792534,0.647731197984607,1.60480534946458,0.721502979502824,0.371243602706236,0.666390057640371,1.05277192905663,1.53264178379396,1.92858286216176,0.676387915833652,1.82891156836391,0.00662308152918745,0.0409979487098192,1,1.08861314351406,1.75979013068867
-0.65508003743655,-2.10409992249269,-1.43066732670004,-0.811727732313354,-1.96674698534027,-1.74488118948896,0.475712174454434,-1.76457511039437,-1.42072413007492,-0.173648764861354,0.54394499243012,1.04984403007328,-0.629038635144834,-0.52627239600474,0.0541207315959789,-0.152745776241541,1.77757364101488,-0.321345599463977,-0.0840224146619708,0.933999916060867,1.12736975791128,1.20473575477686,0.288308925054846,2.15707466565017,0.678138486729291,-0.15462668319574,2.22446343685696,0.583636911278288,0.555314480454302,1.1448009217823,-0.420521587400778,-0.735125046965839,0.432075409979486,0.142613453889187,0.979000567533163,1.25761428900454,0.741491949257734,-0.347118950215078,-0.0783558325185693,0.129738806057921,-0.306439349719204,0.0912946631150209,0.506197042563478,0.74665222291166,1.82331763188236,0.288645738411278,0.0242647622655896,0.742326468205157,0.550271151779773,1.41229403539789,-0.977167407501596,-2.2565699077817,-0.677177195762189,-2.56180784789282,-1.93661197003501,-0.137377005635519,-2.44165236902759,-1.43434030293443,-0.605335173794152,0.0449742066706172,0.10723141293477,-0.16055940469265,0.15716250601025,0.148837625440429,0.702835169198511,0.845196063979742,1.09795407256764,0.0333909748043562,-0.750035296090613,-0.965824484814723,1.16158901511885,0.648441399442263,0.261785350535428,0.536244887512052,1.39973482334969,0.948801766137513,1.27302029000637,0.0600800317621576,0.675965630740016,0.565186908703662,1.62093332499228,-0.945660743551482,0.269652992228209,0.382343813772859,1.61203928772427,-0.828255360535729,0.89281427590652,-0.0516066292165155,0.239204505798241,0.769594225619539,1.20067787099717,0.147049120671692,0.400393200281771,-0.190982058274508,1.70651971632438,0.106360679170081,-0.0610586420358976,1.08861314351406,1,0.446237586411097
-0.795474274690962,-3.20320254124811,-2.24915457792682,-0.992151331346552,-3.27134479330068,-2.5447197022563,0.422417763663834,-2.82557239161117,-2.40348839171669,-1.2877988232645,-0.277594967378515,0.355424982008577,-1.23441834656934,-1.77883683608637,-0.771700971067836,0.0518331139298732,2.32007117353487,-0.301404979586731,-0.765272520622815,1.3912416670325,0.966324400585484,1.20917579956965,0.210580540077589,2.75931056580939,-0.585099661600578,0.0198339752248287,3.67611049273297,2.3241672216446,-0.0349322539590702,1.74937802555672,0.0162473470677372,-2.04261547946355,0.892635946385769,0.779825024450541,2.20502765046818,1.63249783501037,0.391898023728079,-0.503260436225526,0.265955458993516,0.0295735070337624,0.722659957016944,0.487714486634056,0.963682322439418,1.38193074741823,2.48766193275035,1.54342587582151,1.10452633647213,1.9174575358745,0.461657530214739,1.45762443409556,-1.94270336097641,-3.36450729885934,-1.1867783882439,-3.83402287802353,-2.97660981755962,-0.47228391554875,-3.36346029400975,-2.51278931179073,-1.84707285044582,-0.740639283467786,-0.782604498277019,-0.395316380940988,-0.430745143825808,0.0194934231109904,-0.128673682422072,0.441825836473278,1.60116443460271,0.106153009364276,-0.86456627414966,-1.58069739374047,0.46862982243988,1.10656591011734,-0.014733705693696,0.454216690554315,0.83300917713359,0.156774379633987,1.44956808045924,0.569990333991747,2.00531592361729,0.930781129246751,1.64653774444299,-0.760219405362981,1.00635226632585,0.811484731592199,1.86804569579992,0.189318595202801,1.18396383016196,0.61132160280443,-0.252043602778199,1.34551913272628,1.5085036762029,0.12467304079883,0.274228035945304,0.929677237276824,2.26856481363937,0.0882869495930483,1.0002923436478,1.75979013068867,0.446237586411097,1
