Subject,none,all,peak_dense_80,matched_random_80,peak_dense_90,matched_random_90,peak_dense_95,matched_random_95,peak_dense_num_na_80,matched_random_num_na_80,peak_dense_num_na_90,matched_random_num_na_90,peak_dense_num_na_95,matched_random_num_na_95,none_minus_all,peak_dense_minus_none_90,peak_dense_minus_all_90,peak_dense_minus_matched_random_90,none_minus_matched_random_90,peak_dense_minus_none_80,peak_dense_minus_all_80,peak_dense_minus_matched_random_80,none_minus_matched_random_80,peak_dense_minus_none_95,peak_dense_minus_all_95,peak_dense_minus_matched_random_95,none_minus_matched_random_95
103414,0.189398014493288,-0.0104668375480706,0.189398014493287,0.189398014493287,0.189398014493287,0.189398014493287,0.189398014493287,0.189398014493287,0,0,0,0,0,0,0.199864852041359,-9.99200722162641e-16,0.199864852041358,0,9.99200722162641e-16,-9.99200722162641e-16,0.199864852041358,0,9.99200722162641e-16,-9.99200722162641e-16,0.199864852041358,0,9.99200722162641e-16
104820,0.183269747400781,-0.0086093165364093,0.183269747400781,0.181355221685574,0.183269747400781,0.181397244693334,0.183269747400781,0.181355221685574,0,0,0,0,0,0,0.19187906393719,0,0.19187906393719,0.00187250270744702,0.00187250270744702,0,0.19187906393719,0.001914525715207,0.001914525715207,0,0.19187906393719,0.001914525715207,0.001914525715207
108222,0.19103179533125,-0.0106518780245701,NaN,NaN,NaN,NaN,NaN,NaN,1000,1000,1000,1000,1000,1000,0.20168367335582,NaN,NaN,NaN,NaN,NaN,NaN,NaN,NaN,NaN,NaN,NaN,NaN
111514,0.181537682823377,-0.00940577177787303,0.172853843810239,0.178013688936154,0.172573028823176,0.177917878949011,0.172853843810239,0.178013688936154,0,0,0,0,0,0,0.19094345460125,-0.00896465400020102,0.181978800601049,-0.00534485012583502,0.003619803874366,-0.00868383901313802,0.182259615588112,-0.005159845125915,0.00352399388722302,-0.00868383901313802,0.182259615588112,-0.005159845125915,0.00352399388722302
115724,0.183062148925394,-0.00622584345386753,0.183062148925394,0.181759000362935,0.183062148925394,0.181707597163634,0.183062148925394,0.181759000362935,0,0,0,0,0,0,0.189287992379262,0,0.189287992379262,0.00135455176176,0.00135455176176,0,0.189287992379262,0.001303148562459,0.001303148562459,0,0.189287992379262,0.001303148562459,0.001303148562459
118023,0.209119875469986,-0.00738371193776385,0.209119875469987,0.207406374880616,0.209119875469987,0.207238959212092,0.209119875469987,0.207406374880616,0,0,0,0,0,0,0.21650358740775,9.99200722162641e-16,0.216503587407751,0.00188091625789499,0.00188091625789399,9.99200722162641e-16,0.216503587407751,0.001713500589371,0.00171350058937,9.99200722162641e-16,0.216503587407751,0.001713500589371,0.00171350058937
118225,0.200733363836541,-0.0089046635591524,0.195175083216563,0.196677136892676,0.195169060596528,0.196522822356945,0.195175083216563,0.196677136892676,0,0,0,0,0,0,0.209638027395693,-0.005564303240013,0.20407372415568,-0.00135376176041699,0.00421054147959601,-0.00555828061997801,0.204079746775715,-0.001502053676113,0.00405622694386501,-0.00555828061997801,0.204079746775715,-0.001502053676113,0.00405622694386501
120111,0.17502728687274,-0.00732839494175009,0.173926014676439,0.173544467857255,0.173919353755897,0.17357266253285,0.173926014676439,0.173544467857255,0,0,0,0,0,0,0.18235568181449,-0.00110793311684299,0.181247748697647,0.000346691223047008,0.00145462433988999,-0.00110127219630099,0.181254409618189,0.000381546819184009,0.001482819015485,-0.00110127219630099,0.181254409618189,0.000381546819184009,0.001482819015485
124422,0.215067020883932,-0.00886490878032501,0.212469382937906,0.213372356154678,0.212401299685288,0.213393340590375,0.212469382937906,0.213372356154678,0,0,0,0,0,0,0.223931929664257,-0.002665721198644,0.221266208465613,-0.000992040905087005,0.00167368029355699,-0.00259763794602602,0.221334291718231,-0.000902973216772018,0.001694664729254,-0.00259763794602602,0.221334291718231,-0.000902973216772018,0.001694664729254
124624,0.263381662858,-0.00849683083981552,0.256013359742695,0.260383335760754,0.256132203341329,0.260606215200596,0.256013359742695,0.260383335760754,0,0,0,0,0,0,0.271878493697816,-0.007249459516671,0.264629034181145,-0.00447401185926699,0.00277544765740401,-0.00736830311530501,0.264510190582511,-0.004369976018059,0.00299832709724601,-0.00736830311530501,0.264510190582511,-0.004369976018059,0.00299832709724601
124826,0.197312513433412,-0.0106930355709438,0.192231675546731,0.193019599987718,0.192058090094147,0.192873681332419,0.192231675546731,0.193019599987718,0,0,0,0,0,0,0.208005549004356,-0.00525442333926499,0.202751125665091,-0.00081559123827199,0.004438832100993,-0.00508083788668098,0.202924711117675,-0.000787924440986992,0.00429291344569399,-0.00508083788668098,0.202924711117675,-0.000787924440986992,0.00429291344569399
125424,0.158219893518954,-0.00848978024696792,0.148762694333689,0.15271487233589,0.14880375473393,0.152683169650568,0.148762694333689,0.15271487233589,0,0,0,0,0,0,0.166709673765922,-0.00941613878502398,0.157293534980898,-0.00387941491663799,0.005536723868386,-0.009457199185265,0.157252474580657,-0.00395217800220102,0.00550502118306398,-0.009457199185265,0.157252474580657,-0.00395217800220102,0.00550502118306398
127226,0.245740082644628,-0.0075389604338843,0.245740082644629,0.245740082644629,0.245740082644629,0.245740082644629,0.245740082644629,0.245740082644629,0,0,0,0,0,0,0.253279043078512,9.99200722162641e-16,0.253279043078513,0,-9.99200722162641e-16,9.99200722162641e-16,0.253279043078513,0,-9.99200722162641e-16,9.99200722162641e-16,0.253279043078513,0,-9.99200722162641e-16
129129,0.273864345706683,-0.00631970850003712,0.269028347163201,0.261389602194533,0.269231275070322,0.261518545724901,0.269028347163201,0.261389602194533,0,0,0,0,0,0,0.28018405420672,-0.00463307063636098,0.275550983570359,0.007712729345421,0.012345799981782,-0.00483599854348199,0.275348055663238,0.00763874496866801,0.01247474351215,-0.00483599854348199,0.275348055663238,0.00763874496866801,0.01247474351215
130821,0.201928213154731,-0.0100240977098983,NaN,NaN,NaN,NaN,NaN,NaN,1000,1000,1000,1000,1000,1000,0.211952310864629,NaN,NaN,NaN,NaN,NaN,NaN,NaN,NaN,NaN,NaN,NaN,NaN
131924,0.1697847463072,-0.0119267825046528,0.169784746307201,0.169784746307201,0.169784746307201,0.169784746307201,0.169784746307201,0.169784746307201,0,0,0,0,0,0,0.181711528811853,9.99200722162641e-16,0.181711528811854,0,-9.99200722162641e-16,9.99200722162641e-16,0.181711528811854,0,-9.99200722162641e-16,9.99200722162641e-16,0.181711528811854,0,-9.99200722162641e-16
133625,0.22475995606576,-0.0076211011314248,0.22475995606576,0.22475995606576,0.22475995606576,0.22475995606576,0.22475995606576,0.22475995606576,0,0,0,0,0,0,0.232381057197185,0,0.232381057197185,0,0,0,0.232381057197185,0,0,0,0.232381057197185,0,0
134425,0.172830583162854,-0.0116645154052658,0.167618023435696,0.170118400716261,0.167691587786685,0.1698649214106,0.167618023435696,0.170118400716261,0,0,0,0,0,0,0.18449509856812,-0.00513899537616899,0.179356103191951,-0.002173333623915,0.00296566175225399,-0.00521255972715798,0.179282538840962,-0.00250037728056499,0.00271218244659299,-0.00521255972715798,0.179282538840962,-0.00250037728056499,0.00271218244659299
134728,0.202931061423288,-0.00790411859996315,0.191058579746721,0.194015709115388,0.190924277545974,0.193959183144914,0.196589562956501,0.19674465686107,0,0,0,0,0,0,0.210835180023251,-0.012006783877314,0.198828396145937,-0.00303490559894001,0.00897187827837401,-0.011872481676567,0.198962698346684,-0.00295712936866702,0.0089153523079,-0.006341498466787,0.204493681556464,-0.000155093904568998,0.006186404562218
135730,0.199024344617896,-0.0076734573045042,0.199024344617896,0.199024344617896,0.199024344617896,0.199024344617896,0.199024344617896,0.199024344617896,0,0,0,0,0,0,0.2066978019224,0,0.2066978019224,0,0,0,0.2066978019224,0,0,0,0.2066978019224,0,0
135932,0.202300273246219,-0.00776323896469042,NaN,NaN,NaN,NaN,NaN,NaN,1000,1000,1000,1000,1000,1000,0.210063512210909,NaN,NaN,NaN,NaN,NaN,NaN,NaN,NaN,NaN,NaN,NaN,NaN
137128,0.19912182762412,-0.00833869358922241,NaN,NaN,NaN,NaN,NaN,NaN,1000,1000,1000,1000,1000,1000,0.207460521213342,NaN,NaN,NaN,NaN,NaN,NaN,NaN,NaN,NaN,NaN,NaN,NaN
137936,0.136834319526627,-0.0117944474668688,0.136834319526628,0.132818465297814,0.136834319526628,0.132815247307326,0.136834319526628,0.132818465297814,0,0,0,0,0,0,0.148628766993496,9.99200722162641e-16,0.148628766993497,0.00401907221930201,0.00401907221930101,9.99200722162641e-16,0.148628766993497,0.00401585422881401,0.00401585422881301,9.99200722162641e-16,0.148628766993497,0.00401585422881401,0.00401585422881301
138231,0.136989554162967,-0.0151085415101428,0.136989554162967,0.133223550837545,0.136989554162967,0.133018340512089,0.136989554162967,0.135113430392391,0,0,0,0,0,0,0.15209809567311,0,0.15209809567311,0.00397121365087799,0.00397121365087799,0,0.15209809567311,0.00376600332542198,0.00376600332542198,0,0.15209809567311,0.001876123770576,0.001876123770576
140117,0.209414053589878,-0.010617148760885,0.209414053589877,0.209414053589877,0.209414053589877,0.209414053589877,0.209414053589877,0.209414053589877,0,0,0,0,0,0,0.220031202350763,-9.99200722162641e-16,0.220031202350762,0,9.99200722162641e-16,-9.99200722162641e-16,0.220031202350762,0,9.99200722162641e-16,-9.99200722162641e-16,0.220031202350762,0,9.99200722162641e-16
140824,0.120843557664551,-0.00951032568619349,0.120843557664551,0.119449913044537,0.120843557664551,0.119360477854022,0.120843557664551,0.119449913044537,0,0,0,0,0,0,0.130353883350744,0,0.130353883350744,0.001483079810529,0.001483079810529,0,0.130353883350744,0.001393644620014,0.001393644620014,0,0.130353883350744,0.001393644620014,0.001393644620014
141119,0.256332819374522,-0.00809816753410899,0.224297607503781,0.22786017434842,0.231855599160467,0.232369946834293,0.248470959707083,0.244025982286154,0,0,0,0,0,0,0.264430986908631,-0.024477220214055,0.239953766694576,-0.000514347673825993,0.023962872540229,-0.032035211870741,0.23239577503789,-0.00356256684463901,0.028472645026102,-0.00786185966743902,0.256569127241192,0.004444977420929,0.012306837088368
141422,0.222947350987273,-0.00846326207906827,0.222947350987274,0.222947350987274,0.222947350987274,0.222947350987274,0.222947350987274,0.222947350987274,0,0,0,0,0,0,0.231410613066341,9.99200722162641e-16,0.231410613066342,0,-9.99200722162641e-16,9.99200722162641e-16,0.231410613066342,0,-9.99200722162641e-16,9.99200722162641e-16,0.231410613066342,0,-9.99200722162641e-16
141826,0.293063089495936,-0.00901326514969233,0.279344773755051,0.289741411307967,0.278819273756912,0.289603672603463,0.279344773755051,0.289741411307967,0,0,0,0,0,0,0.302076354645628,-0.014243815739024,0.287832538906604,-0.010784398846551,0.00345941689247303,-0.013718315740885,0.288358038904743,-0.010396637552916,0.00332167818796902,-0.013718315740885,0.288358038904743,-0.010396637552916,0.00332167818796902
143325,0.158192098898146,-0.00859347100241873,NaN,NaN,NaN,NaN,NaN,NaN,1000,1000,1000,1000,1000,1000,0.166785569900565,NaN,NaN,NaN,NaN,NaN,NaN,NaN,NaN,NaN,NaN,NaN,NaN
143830,0.162549731301385,-0.0118851061154162,0.149864860671224,0.151945306470571,0.149640328218983,0.151597847571469,0.162549731301385,0.158952394860701,0,0,0,0,0,0,0.174434837416801,-0.012909403082402,0.161525434334399,-0.001957519352486,0.010951883729916,-0.012684870630161,0.16174996678664,-0.00208044579934699,0.010604424830814,0,0.174434837416801,0.003597336440684,0.003597336440684
144731,0.165428114146063,-0.010292023395753,NaN,NaN,NaN,NaN,NaN,NaN,1000,1000,1000,1000,1000,1000,0.175720137541816,NaN,NaN,NaN,NaN,NaN,NaN,NaN,NaN,NaN,NaN,NaN,NaN
145834,0.179740809855533,-0.00853625221331254,0.179740809855533,0.179740809855533,0.179740809855533,0.179740809855533,0.179740809855533,0.179740809855533,0,0,0,0,0,0,0.188277062068846,0,0.188277062068846,0,0,0,0.188277062068846,0,0,0,0.188277062068846,0,0
146331,0.148476705513824,-0.0113975249238575,0.146832352291378,0.144959270895799,0.146822578036233,0.144837655391917,0.146832352291378,0.144959270895799,0,0,0,0,0,0,0.159874230437682,-0.001654127477591,0.158220102960091,0.00198492264431599,0.00363905012190699,-0.00164435322244599,0.158229877215236,0.00187308139557901,0.00351743461802501,-0.00164435322244599,0.158229877215236,0.00187308139557901,0.00351743461802501
146735,0.169233994653601,-0.0111755350713054,0.164574259589511,0.166595117658962,0.164452129436621,0.16668961760119,0.164574259589511,0.166595117658962,0,0,0,0,0,0,0.180409529724906,-0.00478186521698001,0.175627664507926,-0.00223748816456901,0.00254437705241101,-0.00465973506409001,0.175749794660816,-0.00202085806945101,0.00263887699463899,-0.00465973506409001,0.175749794660816,-0.00202085806945101,0.00263887699463899
148032,0.156413601548691,-0.0118351544482788,0.156413601548692,0.150813031731336,0.156413601548692,0.150623504334652,0.156413601548692,0.153502670229779,0,0,0,0,0,0,0.16824875599697,9.99200722162641e-16,0.168248755996971,0.00579009721404,0.005790097214039,9.99200722162641e-16,0.168248755996971,0.00560056981735599,0.00560056981735499,9.99200722162641e-16,0.168248755996971,0.00291093131891298,0.00291093131891199
148335,0.218354785948769,-0.0107993230610983,0.178525602109585,0.196767812215481,0.185981451074832,0.202646847612297,0.206897474858045,0.212128717140548,0,0,0,0,0,0,0.229154109009867,-0.032373334873937,0.19678077413593,-0.016665396537465,0.015707938336472,-0.039829183839184,0.189324925170683,-0.018242210105896,0.021586973733288,-0.011457311090724,0.217696797919143,-0.00523124228250302,0.00622606880822099
149337,0.272682715535194,-0.00986549471053727,0.272682715535195,0.272682715535195,0.272682715535195,0.272682715535195,0.272682715535195,0.272682715535195,0,0,0,0,0,0,0.282548210245731,9.99200722162641e-16,0.282548210245732,0,-9.99200722162641e-16,9.99200722162641e-16,0.282548210245732,0,-9.99200722162641e-16,9.99200722162641e-16,0.282548210245732,0,-9.99200722162641e-16
150625,0.158881126728951,-0.0106874167087507,NaN,NaN,NaN,NaN,NaN,NaN,1000,1000,1000,1000,1000,1000,0.169568543437702,NaN,NaN,NaN,NaN,NaN,NaN,NaN,NaN,NaN,NaN,NaN,NaN
151829,0.223073022569221,-0.00663272607349136,0.223073022569222,0.221509536119027,0.223073022569222,0.221462658261153,0.223073022569222,0.221509536119027,0,0,0,0,0,0,0.229705748642712,9.99200722162641e-16,0.229705748642713,0.00161036430806902,0.00161036430806802,9.99200722162641e-16,0.229705748642713,0.00156348645019502,0.00156348645019402,9.99200722162641e-16,0.229705748642713,0.00156348645019502,0.00156348645019402
152831,0.196913369978525,-0.00927869890110629,0.181939164138507,0.185594261962855,0.181530526925479,0.185389647768506,0.190947736710728,0.190276854601027,0,0,0,0,0,0,0.206192068879631,-0.015382843053046,0.190809225826585,-0.003859120843027,0.011523722210019,-0.014974205840018,0.191217863039613,-0.003655097824348,0.01131910801567,-0.00596563326779698,0.200226435611834,0.00067088210970101,0.00663651537749799
153025,0.235426562680332,-0.00699424607483998,0.235426562680331,0.235426562680331,0.235426562680331,0.235426562680331,0.235426562680331,0.235426562680331,0,0,0,0,0,0,0.242420808755172,-9.99200722162641e-16,0.242420808755171,0,9.99200722162641e-16,-9.99200722162641e-16,0.242420808755171,0,9.99200722162641e-16,-9.99200722162641e-16,0.242420808755171,0,9.99200722162641e-16
153429,0.202637066182024,-0.0101097749915968,0.199509876811774,0.196579537054687,0.19945201537743,0.19674303574001,0.199509876811774,0.196579537054687,0,0,0,0,0,0,0.212746841173621,-0.00318505080459403,0.209561790369027,0.00270897963741998,0.005894030442014,-0.00312718937025,0.209619651803371,0.00293033975708701,0.00605752912733701,-0.00312718937025,0.209619651803371,0.00293033975708701,0.00605752912733701
153631,0.222489138790719,-0.00731826046246763,0.221882786362342,0.220660954104028,0.221897456179158,0.22049630678146,0.221882786362342,0.220660954104028,0,0,0,0,0,0,0.229807399253187,-0.000591682611561006,0.229215716641626,0.00140114939769798,0.00199283200925898,-0.000606352428377005,0.22920104682481,0.00122183225831399,0.00182818468669099,-0.000606352428377005,0.22920104682481,0.00122183225831399,0.00182818468669099
154431,0.297651163335774,-0.00809122203571246,0.25473994880032,0.271308902418804,0.254735446619834,0.271439819542397,0.280033629919548,0.284210609682451,0,0,0,0,0,0,0.305742385371486,-0.04291571671594,0.262826668655546,-0.016704372922563,0.026211343793377,-0.042911214535454,0.262831170836032,-0.016568953618484,0.02634226091697,-0.017617533416226,0.28812485195526,-0.00417697976290299,0.013440553653323
155635,0.18332512097842,-0.00834741760225987,0.177232017109518,0.179517237278206,0.176922969929941,0.179684506897575,0.177232017109518,0.179517237278206,0,0,0,0,0,0,0.19167253858068,-0.00640215104847899,0.185270387532201,-0.00276153696763401,0.00364061408084498,-0.00609310386890199,0.185579434711778,-0.00228522016868801,0.00380788370021398,-0.00609310386890199,0.185579434711778,-0.00228522016868801,0.00380788370021398
155938,0.207989351251288,-0.0112066918006893,0.171238135897747,0.186371620207914,0.18730418078961,0.193767435233728,0.197031843292291,0.201090078304702,0,0,0,0,0,0,0.219196043051977,-0.020685170461678,0.198510872590299,-0.00646325444411799,0.01422191601756,-0.036751215353541,0.182444827698436,-0.015133484310167,0.021617731043374,-0.010957507958997,0.20823853509298,-0.00405823501241098,0.00689927294658602
157336,0.159579196384621,-0.0119186398995612,0.15957919638462,0.15957919638462,0.15957919638462,0.15957919638462,0.15957919638462,0.15957919638462,0,0,0,0,0,0,0.171497836284182,-9.99200722162641e-16,0.171497836284181,0,9.99200722162641e-16,-9.99200722162641e-16,0.171497836284181,0,9.99200722162641e-16,-9.99200722162641e-16,0.171497836284181,0,9.99200722162641e-16
158035,0.281183760709999,-0.00741203206251681,0.248441619258067,0.256165393303192,0.24832702632391,0.255993904706157,0.267569416445002,0.268426043040345,0,0,0,0,0,0,0.288595792772516,-0.032856734386089,0.255739058386427,-0.00766687838224703,0.025189856003842,-0.032742141451932,0.255853651320584,-0.007723774045125,0.025018367406807,-0.013614344264997,0.274981448507519,-0.000856626595343024,0.012757717669654
158338,0.174290767794429,-0.0101408448790397,0.17429076779443,0.17429076779443,0.17429076779443,0.17429076779443,0.17429076779443,0.17429076779443,0,0,0,0,0,0,0.184431612673469,9.99200722162641e-16,0.18443161267347,0,-9.99200722162641e-16,9.99200722162641e-16,0.18443161267347,0,-9.99200722162641e-16,9.99200722162641e-16,0.18443161267347,0,-9.99200722162641e-16
160123,0.181127553677648,-0.0115742077648471,NaN,NaN,NaN,NaN,NaN,NaN,1000,1000,1000,1000,1000,1000,0.192701761442495,NaN,NaN,NaN,NaN,NaN,NaN,NaN,NaN,NaN,NaN,NaN,NaN
161327,0.166417913885473,-0.00857723965794958,0.155222073277656,0.159559620820915,0.155148090822404,0.159982285961284,0.158847341800141,0.161434185311609,0,0,0,0,0,0,0.174995153543423,-0.011269823063069,0.163725330480354,-0.00483419513888,0.006435627924189,-0.011195840607817,0.163799312935606,-0.00433754754325899,0.00685829306455801,-0.00757057208533199,0.167424581458091,-0.00258684351146798,0.004983728573864
161731,0.146330445653422,-0.0124792137755889,NaN,NaN,NaN,NaN,NaN,NaN,1000,1000,1000,1000,1000,1000,0.158809659429011,NaN,NaN,NaN,NaN,NaN,NaN,NaN,NaN,NaN,NaN,NaN,NaN
161832,0.15098156768382,-0.00759442493729395,0.149321673389656,0.149830114705962,0.14924135592381,0.149727096841479,0.149321673389656,0.149830114705962,0,0,0,0,0,0,0.158575992621114,-0.00174021176001002,0.156835780861104,-0.000485740917669009,0.00125447084234101,-0.00165989429416402,0.15691609832695,-0.000508441316306008,0.00115145297785801,-0.00165989429416402,0.15691609832695,-0.000508441316306008,0.00115145297785801
162026,0.155880330299342,-0.0125506661484013,0.155880330299342,0.150708850231287,0.155880330299342,0.150413360962807,0.155880330299342,0.150708850231287,0,0,0,0,0,0,0.168430996447743,0,0.168430996447743,0.00546696933653501,0.00546696933653501,0,0.168430996447743,0.00517148006805501,0.00517148006805501,0,0.168430996447743,0.00517148006805501,0.00517148006805501
162329,0.16581981129314,-0.00926672686013139,0.158674770598083,0.162126548105753,0.158576698926275,0.162136487345434,0.158674770598083,0.162126548105753,0,0,0,0,0,0,0.175086538153271,-0.00724311236686501,0.167843425786406,-0.00355978841915902,0.00368332394770599,-0.007145040695057,0.167941497458214,-0.00345177750767001,0.003693263187387,-0.007145040695057,0.167941497458214,-0.00345177750767001,0.003693263187387
163129,0.135118973156637,-0.0105041695586906,0.135118973156637,0.135118973156637,0.135118973156637,0.135118973156637,0.135118973156637,0.135118973156637,0,0,0,0,0,0,0.145623142715328,0,0.145623142715328,0,0,0,0.145623142715328,0,0,0,0.145623142715328,0,0
163836,0.159609580048379,-0.00926615416785273,0.156092808442922,0.158028306355642,0.156000634993586,0.157806455334448,0.156092808442922,0.158028306355642,0,0,0,0,0,0,0.168875734216232,-0.00360894505479301,0.165266789161439,-0.00180582034086202,0.00180312471393099,-0.00351677160545699,0.165358962610775,-0.00193549791271999,0.001581273692737,-0.00351677160545699,0.165358962610775,-0.00193549791271999,0.001581273692737
165436,0.195583213605533,-0.00813980637508771,0.192024844131111,0.190607199538909,0.19205420745765,0.190553924454542,0.193731292057871,0.192285909986969,0,0,0,0,0,0,0.203723019980621,-0.00352900614788298,0.200194013832738,0.001500283003108,0.00502928915099099,-0.00355836947442198,0.200164650506199,0.00141764459220201,0.00497601406662398,-0.00185192154766198,0.201871098432959,0.001445382070902,0.00329730361856398
165638,0.199158370246919,-0.00996777158896539,0.195278701811324,0.192708342177975,0.195304838822859,0.192741794658129,0.195278701811324,0.192708342177975,0,0,0,0,0,0,0.209126141835884,-0.00385353142405997,0.205272610411824,0.00256304416473002,0.00641657558879,-0.00387966843559498,0.205246473400289,0.00257035963334901,0.00645002806894399,-0.00387966843559498,0.205246473400289,0.00257035963334901,0.00645002806894399
165941,0.197713439307472,-0.00841698125101161,NaN,NaN,NaN,NaN,NaN,NaN,1000,1000,1000,1000,1000,1000,0.206130420558484,NaN,NaN,NaN,NaN,NaN,NaN,NaN,NaN,NaN,NaN,NaN,NaN
166438,0.152733180602587,-0.00930781884064585,0.149881976250673,0.151112165460338,0.14992796341764,0.151118726371611,0.149881976250673,0.151112165460338,0,0,0,0,0,0,0.162040999443233,-0.002805217184947,0.159235782258286,-0.001190762953971,0.001614454230976,-0.00285120435191399,0.159189795091319,-0.001230189209665,0.00162101514224899,-0.00285120435191399,0.159189795091319,-0.001230189209665,0.00162101514224899
166640,0.20184346559022,-0.00766363028588043,0.192121027560279,0.193762545443583,0.192096322647752,0.19412177837956,0.193555471880761,0.196009213101951,0,0,0,0,0,0,0.2095070958761,-0.00974714294246801,0.199759952933632,-0.00202545573180798,0.00772168721066002,-0.00972243802994102,0.199784657846159,-0.00164151788330402,0.008080920146637,-0.00828799370945901,0.201219102166641,-0.00245374122118999,0.00583425248826902
168240,0.191070529500614,-0.00992819585410906,0.177858157808195,0.184797375841028,0.177707498709931,0.18445678596991,0.191070529500614,0.186929742106532,0,0,0,0,0,0,0.200998725354723,-0.013363030790683,0.18763569456404,-0.006749287259979,0.00661374353070401,-0.013212371692419,0.187786353662304,-0.00693921803283301,0.006273153659586,0,0.200998725354723,0.00414078739408202,0.00414078739408202
170631,0.199812578092462,-0.0105490517839789,0.199812578092462,0.197442070896387,0.199812578092462,0.197477998519136,0.199812578092462,0.197442070896387,0,0,0,0,0,0,0.210361629876441,0,0.210361629876441,0.002334579573326,0.002334579573326,0,0.210361629876441,0.00237050719607501,0.00237050719607501,0,0.210361629876441,0.00237050719607501,0.00237050719607501
171330,0.294485971934854,-0.00810938366329938,0.262521270301703,0.280690052644687,0.261203291152221,0.28120605523776,0.262521270301703,0.280690052644687,0,0,0,0,0,0,0.302595355598153,-0.033282680782633,0.26931267481552,-0.020002764085539,0.013279916697094,-0.031964701633151,0.270630653965002,-0.018168782342984,0.013795919290167,-0.031964701633151,0.270630653965002,-0.018168782342984,0.013795919290167
171633,0.285431984720792,-0.00770848048872602,0.285431984720792,0.285431984720792,0.285431984720792,0.285431984720792,0.285431984720792,0.285431984720792,0,0,0,0,0,0,0.293140465209518,0,0.293140465209518,0,0,0,0.293140465209518,0,0,0,0.293140465209518,0,0
173334,0.169428806584362,-0.0111336274348423,0.154136108641975,0.158620873525377,0.15420384691358,0.158933752263375,0.169428806584363,0.161718551714678,0,0,0,0,0,0,0.180562434019204,-0.015224959670782,0.165337474348422,-0.004729905349795,0.010495054320987,-0.015292697942387,0.165269736076817,-0.00448476488340199,0.010807933058985,9.99200722162641e-16,0.180562434019205,0.00771025486968499,0.00771025486968399
173839,0.150354431977865,-0.0106002236451723,0.150354431977865,0.150354431977865,0.150354431977865,0.150354431977865,0.150354431977865,0.150354431977865,0,0,0,0,0,0,0.160954655623037,0,0.160954655623037,0,0,0,0.160954655623037,0,0,0,0.160954655623037,0,0
174437,0.219752111000502,-0.00925922686797844,0.195435651407981,0.200223367511656,0.195259794635599,0.200426046288981,0.203668347516481,0.206107231795134,0,0,0,0,0,0,0.22901133786848,-0.024492316364903,0.204519021503577,-0.005166251653382,0.019326064711521,-0.024316459592521,0.204694878275959,-0.00478771610367501,0.019528743488846,-0.016083763484021,0.212927574384459,-0.00243888427865299,0.013644879205368
175035,0.146239769823646,-0.010584789244311,0.146239769823645,0.142619654438083,0.146239769823645,0.14239178096259,0.146239769823645,0.142619654438083,0,0,0,0,0,0,0.156824559067957,-9.99200722162641e-16,0.156824559067956,0.003847988861055,0.003847988861056,-9.99200722162641e-16,0.156824559067956,0.00362011538556201,0.00362011538556301,-9.99200722162641e-16,0.156824559067956,0.00362011538556201,0.00362011538556301
175237,0.190227439649073,-0.00965861444958101,0.179945404212581,0.179395532876637,0.17989938625265,0.179671601530139,0.179945404212581,0.179395532876637,0,0,0,0,0,0,0.199886054098654,-0.010328053396423,0.189558000702231,0.000227784722511004,0.010555838118934,-0.010282035436492,0.189604018662162,0.000549871335944002,0.010831906772436,-0.010282035436492,0.189604018662162,0.000549871335944002,0.010831906772436
175439,0.160706843880182,-0.00951225804403885,0.160706843880182,0.160706843880182,0.160706843880182,0.160706843880182,0.160706843880182,0.160706843880182,0,0,0,0,0,0,0.170219101924221,0,0.170219101924221,0,0,0,0.170219101924221,0,0,0,0.170219101924221,0,0
176037,0.228328336376307,-0.0102605162595602,0.20633110115253,0.210153132483061,0.20596560229582,0.210121085558664,0.221873648286625,0.219147533331213,0,0,0,0,0,0,0.238588852635867,-0.022362734080487,0.21622611855538,-0.00415548326284398,0.018207250817643,-0.021997235223777,0.21659161741209,-0.00382203133053099,0.018175203893246,-0.006454688089682,0.232134164546185,0.002726114955412,0.009180803045094
176239,0.223880897878659,-0.0105191130641847,0.223880897878658,0.223880897878658,0.223880897878658,0.223880897878658,0.223880897878658,0.223880897878658,0,0,0,0,0,0,0.234400010942844,-9.99200722162641e-16,0.234400010942843,0,9.99200722162641e-16,-9.99200722162641e-16,0.234400010942843,0,9.99200722162641e-16,-9.99200722162641e-16,0.234400010942843,0,9.99200722162641e-16
176441,0.284234991789414,-0.00786598379465603,0.284234991789413,0.281582125040143,0.284234991789413,0.281612678269835,0.284234991789413,0.281582125040143,0,0,0,0,0,0,0.29210097558407,-9.99200722162641e-16,0.292100975584069,0.00262231351957803,0.00262231351957903,-9.99200722162641e-16,0.292100975584069,0.00265286674927001,0.00265286674927101,-9.99200722162641e-16,0.292100975584069,0.00265286674927001,0.00265286674927101
177140,0.272647125908435,-0.00720446367293272,0.272647125908435,0.272647125908435,0.272647125908435,0.272647125908435,0.272647125908435,0.272647125908435,0,0,0,0,0,0,0.279851589581368,0,0.279851589581368,0,0,0,0.279851589581368,0,0,0,0.279851589581368,0,0
178647,0.128269332510305,-0.00795131607450834,NaN,NaN,NaN,NaN,NaN,NaN,1000,1000,1000,1000,1000,1000,0.136220648584813,NaN,NaN,NaN,NaN,NaN,NaN,NaN,NaN,NaN,NaN,NaN,NaN
178748,0.203307708572593,-0.00835195743160691,NaN,NaN,NaN,NaN,NaN,NaN,1000,1000,1000,1000,1000,1000,0.2116596660042,NaN,NaN,NaN,NaN,NaN,NaN,NaN,NaN,NaN,NaN,NaN,NaN
179346,0.248452761971367,-0.00956862364830443,0.231433154941872,0.240534533540245,0.23124243534901,0.240233478852243,0.231433154941872,0.240534533540245,0,0,0,0,0,0,0.258021385619671,-0.017210326622357,0.240811058997314,-0.00899104350323299,0.00821928311912401,-0.017019607029495,0.241001778590176,-0.00910137859837301,0.007918228431122,-0.017019607029495,0.241001778590176,-0.00910137859837301,0.007918228431122
181131,0.229018055152464,-0.00892188717819005,NaN,NaN,NaN,NaN,NaN,NaN,1000,1000,1000,1000,1000,1000,0.237939942330654,NaN,NaN,NaN,NaN,NaN,NaN,NaN,NaN,NaN,NaN,NaN,NaN
181636,0.147105331359954,-0.00957195122925847,0.146900052176077,0.145742735023544,0.146888877704374,0.145673275192463,0.146900052176077,0.145742735023544,0,0,0,0,0,0,0.156677282589212,-0.000216453655579985,0.156460828933632,0.001215602511911,0.00143205616749098,-0.000205279183877,0.156472003405335,0.00115731715253298,0.00136259633640998,-0.000205279183877,0.156472003405335,0.00115731715253298,0.00136259633640998
183034,0.182530284053834,-0.00699373461731316,0.180073972356808,0.179894335475037,0.179981559967677,0.179882050649873,0.180073972356808,0.179894335475037,0,0,0,0,0,0,0.189524018671147,-0.002548724086157,0.18697529458499,9.9509317804003e-05,0.002648233403961,-0.00245631169702601,0.187067706974121,0.000179636881771,0.00263594857879701,-0.00245631169702601,0.187067706974121,0.000179636881771,0.00263594857879701
185139,0.122729668045715,-0.0112859322333704,0.122729668045715,0.12085619552186,0.122729668045715,0.120773080735743,0.122729668045715,0.12085619552186,0,0,0,0,0,0,0.134015600279085,0,0.134015600279085,0.001956587309972,0.001956587309972,0,0.134015600279085,0.001873472523855,0.001873472523855,0,0.134015600279085,0.001873472523855,0.001873472523855
186848,0.239297406825581,-0.00896354514339492,0.235234369237073,0.236954427672669,0.235127878332535,0.23665366284938,0.235234369237073,0.236954427672669,0,0,0,0,0,0,0.248260951968976,-0.004169528493046,0.24409142347593,-0.00152578451684499,0.00264374397620101,-0.00406303758850801,0.244197914380468,-0.001720058435596,0.00234297915291201,-0.00406303758850801,0.244197914380468,-0.001720058435596,0.00234297915291201
187345,0.251522046365826,-0.00842531850348686,0.24353484350734,0.24436514053209,0.243564289657146,0.244098706752461,0.24495720286952,0.246743154330997,0,0,0,0,0,0,0.259947364869313,-0.00795775670867999,0.251989608160633,-0.000534417095315015,0.00742333961336497,-0.00798720285848598,0.251960162010827,-0.000830297024749987,0.00715690583373599,-0.00656484349630598,0.253382521373007,-0.001785951461477,0.00477889203482898
187547,0.139246096406884,-0.0115155315949234,0.139246096406884,0.139246096406884,0.139246096406884,0.139246096406884,0.139246096406884,0.139246096406884,0,0,0,0,0,0,0.150761628001807,0,0.150761628001807,0,0,0,0.150761628001807,0,0,0,0.150761628001807,0,0
188347,0.232772744720491,-0.00771335743183408,0.220327381405345,0.228828862075613,0.220468593490476,0.228668839500672,0.220327381405345,0.228828862075613,0,0,0,0,0,0,0.240486102152325,-0.012304151230015,0.22818195092231,-0.00820024601019598,0.00410390521981902,-0.012445363315146,0.228040738837179,-0.00850148067026801,0.00394388264487799,-0.012445363315146,0.228040738837179,-0.00850148067026801,0.00394388264487799
188448,0.231478154858687,-0.00666098670781979,0.205780367046723,0.207437575839559,0.210161728361785,0.209527515362114,0.218950116906763,0.221120611517969,0,0,0,0,0,0,0.238139141566507,-0.021316426496902,0.216822715069605,0.000634212999671008,0.021950639496573,-0.025697787811964,0.212441353754543,-0.00165720879283598,0.024040579019128,-0.012528037951924,0.225611103614583,-0.002170494611206,0.010357543340718
188549,0.212357952388145,-0.00779669211624537,0.187192005929184,0.196657379351518,0.186457410223479,0.196976320404572,0.208818346671144,0.20669537492175,0,0,0,0,0,0,0.22015464450439,-0.025900542164666,0.194254102339724,-0.010518910181093,0.015381631983573,-0.025165946458961,0.194988698045429,-0.009465373422334,0.015700573036627,-0.00353960571700102,0.216615038787389,0.00212297174939399,0.00566257746639501
188751,0.181737045813136,-0.00985734427777243,0.181737045813136,0.181737045813136,0.181737045813136,0.181737045813136,0.181737045813136,0.181737045813136,0,0,0,0,0,0,0.191594390090908,0,0.191594390090908,0,0,0,0.191594390090908,0,0,0,0.191594390090908,0,0
189652,0.255289895329915,-0.00692532563753373,0.246039929597199,0.245088669967207,0.245666537922626,0.244789364654057,0.246039929597199,0.245088669967207,0,0,0,0,0,0,0.262215220967449,-0.00962335740728898,0.25259186356016,0.000877173268568981,0.010500530675858,-0.00924996573271597,0.252965255234733,0.000951259629992013,0.010201225362708,-0.00924996573271597,0.252965255234733,0.000951259629992013,0.010201225362708
191336,0.286573086256631,-0.00773981842086329,0.276959071696287,0.28147147049012,0.2770005389813,0.281694379811749,0.276959071696287,0.28147147049012,0,0,0,0,0,0,0.294312904677494,-0.00957254727533102,0.284740357402163,-0.00469384083044899,0.00487870644488203,-0.00961401456034405,0.28469889011715,-0.00451239879383303,0.00510161576651103,-0.00961401456034405,0.28469889011715,-0.00451239879383303,0.00510161576651103
191841,0.124606630940083,-0.00921621142174587,0.122992581353306,0.123387697249483,0.12307068052686,0.123295070054235,0.122992581353306,0.123387697249483,0,0,0,0,0,0,0.133822842361829,-0.00153595041322299,0.132286891948606,-0.000224389527374996,0.001311560885848,-0.00161404958677699,0.132208792775052,-0.000395115896176995,0.0012189336906,-0.00161404958677699,0.132208792775052,-0.000395115896176995,0.0012189336906
191942,0.20678822726318,-0.00998490180634319,0.20678822726318,0.199698167926906,0.20678822726318,0.199406067265281,0.20678822726318,0.201987401281244,0,0,0,0,0,0,0.216773129069523,0,0.216773129069523,0.00738215999789898,0.00738215999789898,0,0.216773129069523,0.00709005933627399,0.00709005933627399,0,0.216773129069523,0.00480082598193599,0.00480082598193599
192237,0.239807760768957,-0.00869286361298999,0.239807760768956,0.23183193030339,0.239807760768956,0.231265705470511,0.239807760768956,0.23183193030339,0,0,0,0,0,0,0.248500624381947,-9.99200722162641e-16,0.248500624381946,0.00854205529844498,0.00854205529844598,-9.99200722162641e-16,0.248500624381946,0.00797583046556599,0.00797583046556699,-9.99200722162641e-16,0.248500624381946,0.00797583046556599,0.00797583046556699
192540,0.22728001747166,-0.0099388693811438,0.215942208731734,0.214014511089271,0.215690569057417,0.214379510668405,0.215989513591722,0.221715598688715,0,0,0,0,0,0,0.237218886852804,-0.011589448414243,0.225629438438561,0.00131105838901199,0.012900506803255,-0.011337808739926,0.225881078112878,0.00192769764246301,0.013265506382389,-0.011290503879938,0.225928382972866,-0.00572608509699299,0.005564418782945
192843,0.225891515669001,-0.0098576815358659,0.223530393839131,0.223078805028283,0.223468509597622,0.222662341134309,0.223530393839131,0.223078805028283,0,0,0,0,0,0,0.235749197204867,-0.00242300607137902,0.233326191133488,0.000806168463312995,0.00322917453469201,-0.00236112182987,0.233388075374997,0.000451588810848003,0.002812710640718,-0.00236112182987,0.233388075374997,0.000451588810848003,0.002812710640718
194140,0.141484693476897,-0.00957888485590089,0.133447318438503,0.136763304180181,0.133227070160406,0.136672305118543,0.133447318438503,0.136763304180181,0,0,0,0,0,0,0.151063578332798,-0.00825762331649099,0.142805955016307,-0.00344523495813701,0.00481238835835399,-0.008037375038394,0.143026203294404,-0.00331598574167802,0.00472138929671598,-0.008037375038394,0.143026203294404,-0.00331598574167802,0.00472138929671598
194443,0.26720866640875,-0.00727460328172065,0.261755324780811,0.262810342765178,0.261883704097474,0.262721070554655,0.261755324780811,0.262810342765178,0,0,0,0,0,0,0.274483269690471,-0.00532496231127599,0.269158307379195,-0.000837366457180966,0.00448759585409503,-0.00545334162793903,0.269029928062532,-0.00105501798436702,0.00439832364357201,-0.00545334162793903,0.269029928062532,-0.00105501798436702,0.00439832364357201
194645,0.250412995162139,-0.00745539768014883,0.246804529956185,0.247065474927484,0.246764662134483,0.246777157088326,0.246804529956185,0.247065474927484,0,0,0,0,0,0,0.257868392842288,-0.00364833302765599,0.254220059814632,-1.24949538430064e-05,0.00363583807381299,-0.00360846520595401,0.254259927636334,-0.000260944971299026,0.00334752023465498,-0.00360846520595401,0.254259927636334,-0.000260944971299026,0.00334752023465498
195445,0.246126147884271,-0.00752714077030527,0.237403440377317,0.241659639889085,0.237082479656742,0.241671384768636,0.237403440377317,0.241659639889085,0,0,0,0,0,0,0.253653288654576,-0.009043668227529,0.244609620427047,-0.004588905111894,0.004454763115635,-0.008722707506954,0.244930581147622,-0.00425619951176801,0.004466507995186,-0.008722707506954,0.244930581147622,-0.00425619951176801,0.004466507995186
195849,0.201252829334541,-0.00598784819677077,0.191389668779237,0.194339758186208,0.191408318495046,0.194376126641014,0.191389668779237,0.194339758186208,0,0,0,0,0,0,0.207240677531312,-0.009844510839495,0.197396166691817,-0.002967808145968,0.006876702693527,-0.00986316055530401,0.197377516976008,-0.002950089406971,0.00691307114833301,-0.00986316055530401,0.197377516976008,-0.002950089406971,0.00691307114833301
197348,0.237016140759052,-0.00937506784040446,0.237016140759053,0.237016140759053,0.237016140759053,0.237016140759053,0.237016140759053,0.237016140759053,0,0,0,0,0,0,0.246391208599456,9.99200722162641e-16,0.246391208599457,0,-9.99200722162641e-16,9.99200722162641e-16,0.246391208599457,0,-9.99200722162641e-16,9.99200722162641e-16,0.246391208599457,0,-9.99200722162641e-16
198047,0.21946293431121,-0.0104298292044162,0.21946293431121,0.216234748705637,0.21946293431121,0.216127544071408,0.21946293431121,0.216234748705637,0,0,0,0,0,0,0.229892763515626,0,0.229892763515626,0.00333539023980201,0.00333539023980201,0,0.229892763515626,0.003228185605573,0.003228185605573,0,0.229892763515626,0.003228185605573,0.003228185605573
198350,0.196159783191761,-0.00770103033355182,0.196159783191761,0.193236242748921,0.196159783191761,0.193411625878027,0.196159783191761,0.193236242748921,0,0,0,0,0,0,0.203860813525313,0,0.203860813525313,0.00274815731373401,0.00274815731373401,0,0.203860813525313,0.00292354044283999,0.00292354044283999,0,0.203860813525313,0.00292354044283999,0.00292354044283999
198653,0.1248301228696,-0.00713776308627296,NaN,NaN,NaN,NaN,NaN,NaN,1000,1000,1000,1000,1000,1000,0.131967885955873,NaN,NaN,NaN,NaN,NaN,NaN,NaN,NaN,NaN,NaN,NaN,NaN
199150,0.201500148440859,-0.0141819788958047,0.176588916074609,0.187490400611167,0.1837972349051,0.19213674666264,0.201500148440859,0.196713692133658,0,0,0,0,0,0,0.215682127336664,-0.017702913535759,0.197979213800905,-0.00833951175754,0.00936340177821901,-0.02491123236625,0.190770894970414,-0.010901484536558,0.014009747829692,0,0.215682127336664,0.00478645630720101,0.00478645630720101
199453,0.211521220138239,-0.00678409913659445,0.211521220138238,0.210123151142999,0.211521220138238,0.210086044059942,0.211521220138238,0.210123151142999,0,0,0,0,0,0,0.218305319274833,-1.02695629777827e-15,0.218305319274832,0.00143517607829599,0.00143517607829702,-1.02695629777827e-15,0.218305319274832,0.00139806899523898,0.00139806899524,-1.02695629777827e-15,0.218305319274832,0.00139806899523898,0.00139806899524
200311,0.197931363656723,-0.0110583694459375,0.194664649213174,0.195416612311131,0.194677821448833,0.195233678176042,0.194664649213174,0.195416612311131,0,0,0,0,0,0,0.208989733102661,-0.00325354220789001,0.20573619089477,-0.000555856727209009,0.002697685480681,-0.00326671444354901,0.205723018659111,-0.000751963097956998,0.00251475134559201,-0.00326671444354901,0.205723018659111,-0.000751963097956998,0.00251475134559201
201111,0.211944363735537,-0.00998997238864102,0.2099897740824,0.20448177521074,0.209935729169824,0.204380081541745,0.2099897740824,0.20448177521074,0,0,0,0,0,0,0.221934336124178,-0.00200863456571299,0.219925701558465,0.005555647628079,0.00756428219379199,-0.001954589653137,0.219979746471041,0.00550799887165998,0.00746258852479698,-0.001954589653137,0.219979746471041,0.00550799887165998,0.00746258852479698
201515,0.123947284514826,-0.013726490594112,NaN,NaN,NaN,NaN,NaN,NaN,1000,1000,1000,1000,1000,1000,0.137673775108938,NaN,NaN,NaN,NaN,NaN,NaN,NaN,NaN,NaN,NaN,NaN,NaN
204319,0.246096163738514,-0.00842168138928878,NaN,NaN,NaN,NaN,NaN,NaN,1000,1000,1000,1000,1000,1000,0.254517845127803,NaN,NaN,NaN,NaN,NaN,NaN,NaN,NaN,NaN,NaN,NaN,NaN
204521,0.251308509244862,-0.0101168140929219,0.251308509244863,0.244208487643236,0.251308509244863,0.243909818757606,0.251308509244863,0.244208487643236,0,0,0,0,0,0,0.261425323337784,9.99200722162641e-16,0.261425323337785,0.00739869048725697,0.00739869048725597,9.99200722162641e-16,0.261425323337785,0.00710002160162698,0.00710002160162598,9.99200722162641e-16,0.261425323337785,0.00710002160162698,0.00710002160162598
204622,0.179627578828666,-0.0107563642672295,NaN,NaN,NaN,NaN,NaN,NaN,1000,1000,1000,1000,1000,1000,0.190383943095896,NaN,NaN,NaN,NaN,NaN,NaN,NaN,NaN,NaN,NaN,NaN,NaN
205725,0.162251262680172,-0.0111343398147985,NaN,NaN,NaN,NaN,NaN,NaN,1000,1000,1000,1000,1000,1000,0.173385602494971,NaN,NaN,NaN,NaN,NaN,NaN,NaN,NaN,NaN,NaN,NaN,NaN
206222,0.197892783238707,-0.00657018518185212,NaN,NaN,NaN,NaN,NaN,NaN,1000,1000,1000,1000,1000,1000,0.204462968420559,NaN,NaN,NaN,NaN,NaN,NaN,NaN,NaN,NaN,NaN,NaN,NaN
206525,0.214907624012231,-0.0112755928456962,0.214907624012232,0.200089190443736,0.214907624012232,0.199819305199949,0.214907624012232,0.211036474792316,0,0,0,0,0,0,0.226183216857927,9.99200722162641e-16,0.226183216857928,0.015088318812283,0.015088318812282,9.99200722162641e-16,0.226183216857928,0.014818433568496,0.014818433568495,9.99200722162641e-16,0.226183216857928,0.00387114921991602,0.00387114921991502
206828,0.161404427444998,-0.00841414596756447,0.161404427444999,0.154238332384704,0.161404427444999,0.154375451282168,0.161404427444999,0.15722344921795,0,0,0,0,0,0,0.169818573412562,9.99200722162641e-16,0.169818573412563,0.00702897616283099,0.00702897616282999,9.99200722162641e-16,0.169818573412563,0.007166095060295,0.007166095060294,9.99200722162641e-16,0.169818573412563,0.00418097822704899,0.00418097822704799
206929,0.258951476702366,-0.00912515497327251,0.188312889977202,0.21639108164645,0.215085884110012,0.232505846329605,0.2402677074878,0.247199292999635,0,0,0,0,0,0,0.268076631675638,-0.043865592592354,0.224211039083285,-0.017419962219593,0.026445630372761,-0.070638586725164,0.197438044950475,-0.028078191669248,0.042560395055916,-0.018683769214566,0.249392862461073,-0.00693158551183501,0.011752183702731
207123,0.240623774207479,-0.00992537843375759,0.240623774207478,0.240623774207478,0.240623774207478,0.240623774207478,0.240623774207478,0.240623774207478,0,0,0,0,0,0,0.250549152641237,-9.99200722162641e-16,0.250549152641236,0,9.99200722162641e-16,-9.99200722162641e-16,0.250549152641236,0,9.99200722162641e-16,-9.99200722162641e-16,0.250549152641236,0,9.99200722162641e-16
207426,0.197150344997031,-0.011613762207981,0.197150344997032,0.182223404926189,0.197150344997032,0.181862921316108,0.197150344997032,0.189722617063533,0,0,0,0,0,0,0.208764107205012,9.99200722162641e-16,0.208764107205013,0.015287423680924,0.015287423680923,9.99200722162641e-16,0.208764107205013,0.014926940070843,0.014926940070842,9.99200722162641e-16,0.208764107205013,0.007427727933499,0.007427727933498
209127,0.205537060641361,-0.0101826995812354,0.195309186251435,0.2029033071887,0.195453531252906,0.202913265738981,0.195309186251435,0.2029033071887,0,0,0,0,0,0,0.215719760222596,-0.010083529388455,0.205636230834141,-0.00745973448607501,0.00262379490238002,-0.010227874389926,0.20549188583267,-0.007594120937265,0.00263375345266101,-0.010227874389926,0.20549188583267,-0.007594120937265,0.00263375345266101
209228,0.175632999776565,-0.0083647871514146,0.173574744268711,0.17294874723366,0.173492792442926,0.173025341492263,0.173574744268711,0.17294874723366,0,0,0,0,0,0,0.18399778692798,-0.00214020733363898,0.181857579594341,0.000467450950663001,0.00260765828430198,-0.00205825550785399,0.181939531420126,0.000625997035051007,0.002684252542905,-0.00205825550785399,0.181939531420126,0.000625997035051007,0.002684252542905
210415,0.169410627179753,-0.00940713386776559,0.169410627179753,0.169410627179753,0.169410627179753,0.169410627179753,0.169410627179753,0.169410627179753,0,0,0,0,0,0,0.178817761047519,0,0.178817761047519,0,0,0,0.178817761047519,0,0,0,0.178817761047519,0,0
211215,0.246376777412148,-0.0101218576881566,0.246376777412147,0.240761410485977,0.246376777412147,0.240216805601678,0.246376777412147,0.240761410485977,0,0,0,0,0,0,0.256498635100305,-9.99200722162641e-16,0.256498635100304,0.00615997181046901,0.00615997181047001,-9.99200722162641e-16,0.256498635100304,0.00561536692617001,0.00561536692617101,-9.99200722162641e-16,0.256498635100304,0.00561536692617001,0.00561536692617101
211316,0.206907277068931,-0.00815583451706691,0.1811149593488,0.189877842703066,0.181170216705721,0.189559797654743,0.188084645082057,0.193163439685812,0,0,0,0,0,0,0.215063111585998,-0.02573706036321,0.189326051222788,-0.00838958094902201,0.017347479414188,-0.025792317720131,0.189270793865867,-0.008762883354266,0.017029434365865,-0.018822631986874,0.196240479599124,-0.00507879460375502,0.013743837383119
211417,0.148610746913221,-0.0102564438746771,0.148081809772158,0.140800654463609,0.147921030971389,0.141104429496144,0.148081809772158,0.140800654463609,0,0,0,0,0,0,0.158867190787898,-0.000689715941831981,0.158177474846066,0.00681660147524502,0.007506317417077,-0.000528937141062974,0.158338253646835,0.007281155308549,0.00781009244961198,-0.000528937141062974,0.158338253646835,0.007281155308549,0.00781009244961198
211619,0.219794286432548,-0.00774454529754555,0.196814846830508,0.210182728901301,0.196823412639731,0.210192392173473,0.208206623938846,0.215431895373438,0,0,0,0,0,0,0.227538831730094,-0.022970873792817,0.204567957937277,-0.013368979533742,0.00960189425907501,-0.02297943960204,0.204559392128054,-0.013367882070793,0.00961155753124701,-0.011587662493702,0.215951169236392,-0.00722527143459198,0.00436239105911002
211720,0.203283350399076,-0.00976373258966077,0.178544141199328,0.196816070678429,0.181559720253098,0.199019804055739,0.191906184362528,0.202237224896949,0,0,0,0,0,0,0.213047082988737,-0.021723630145978,0.191323452842759,-0.017460083802641,0.004263546343337,-0.024739209199748,0.188307873788989,-0.018271929479101,0.00646727972064701,-0.011377166036548,0.201669916952189,-0.010331040534421,0.00104612550212699
211821,0.167525432685956,-0.011589857727057,0.166103925932701,0.164896469639084,0.166118255637875,0.16502977733061,0.166103925932701,0.164896469639084,0,0,0,0,0,0,0.179115290413013,-0.00140717704808099,0.177708113364932,0.001088478307265,0.00249565535534599,-0.00142150675325498,0.177693783659758,0.00120745629361702,0.00262896304687199,-0.00142150675325498,0.177693783659758,0.00120745629361702,0.00262896304687199
212419,0.215330660692933,-0.0102200226357445,NaN,NaN,NaN,NaN,NaN,NaN,1000,1000,1000,1000,1000,1000,0.225550683328678,NaN,NaN,NaN,NaN,NaN,NaN,NaN,NaN,NaN,NaN,NaN,NaN
212823,0.223490147380382,-0.00802873546211324,NaN,NaN,NaN,NaN,NaN,NaN,1000,1000,1000,1000,1000,1000,0.231518882842495,NaN,NaN,NaN,NaN,NaN,NaN,NaN,NaN,NaN,NaN,NaN,NaN
214019,0.197144159208297,-0.00854112137397272,0.195968961722687,0.195135600304634,0.195990285870611,0.195038386922845,0.195968961722687,0.195135600304634,0,0,0,0,0,0,0.20568528058227,-0.00115387333768602,0.204531407244584,0.000951898947765983,0.002105772285452,-0.00117519748561001,0.20451008309666,0.000833361418052986,0.002008558903663,-0.00117519748561001,0.20451008309666,0.000833361418052986,0.002008558903663
214524,0.239609549367627,-0.00837653403656075,0.239609549367628,0.23189514719949,0.239609549367628,0.231584090232757,0.239609549367628,0.23189514719949,0,0,0,0,0,0,0.247986083404188,9.99200722162641e-16,0.247986083404189,0.00802545913487099,0.00802545913486999,9.99200722162641e-16,0.247986083404189,0.00771440216813798,0.00771440216813699,9.99200722162641e-16,0.247986083404189,0.00771440216813798,0.00771440216813699
214726,0.217063426991104,-0.0126706599236023,0.209314619887747,0.213312645056534,0.209095903558217,0.213233743356448,0.217063426991103,0.217063426991103,0,0,0,0,0,0,0.229734086914706,-0.00796752343288701,0.221766563481819,-0.00413783979823101,0.00382968363465599,-0.00774880710335701,0.221985279811349,-0.003998025168787,0.00375078193457001,-9.99200722162641e-16,0.229734086914705,0,9.99200722162641e-16
217126,0.226945201626401,-0.00973560178094866,NaN,NaN,NaN,NaN,NaN,NaN,1000,1000,1000,1000,1000,1000,0.23668080340735,NaN,NaN,NaN,NaN,NaN,NaN,NaN,NaN,NaN,NaN,NaN,NaN
217429,0.205018370764064,-0.0101238076584221,0.204014944229045,0.202359769091456,0.20396436829482,0.202089345204461,0.204014944229045,0.202359769091456,0,0,0,0,0,0,0.215142178422486,-0.001054002469244,0.214088175953242,0.001875023090359,0.002929025559603,-0.001003426535019,0.214138751887467,0.001655175137589,0.00265860167260801,-0.001003426535019,0.214138751887467,0.001655175137589,0.00265860167260801
224022,0.287296253313126,-0.00754966702439469,0.274409414725945,0.27955891131524,0.274249996192961,0.279460031105508,0.274409414725945,0.27955891131524,0,0,0,0,0,0,0.294845920337521,-0.0130462571201651,0.281799663217356,-0.00521003491254701,0.00783622220761804,-0.012886838587181,0.28195908175034,-0.00514949658929503,0.007737341997886,-0.012886838587181,0.28195908175034,-0.00514949658929503,0.007737341997886
231928,0.194215811099092,-0.0132471174358512,0.171518979853975,0.183379418679767,0.171521693407848,0.182797317243555,0.194215811099092,0.190522786340965,0,0,0,0,0,0,0.207462928534943,-0.022694117691244,0.184768810843699,-0.011275623835707,0.011418493855537,-0.022696831245117,0.184766097289826,-0.011860438825792,0.010836392419325,0,0.207462928534943,0.00369302475812699,0.00369302475812699
233326,0.156091212526411,-0.00959868203207137,NaN,NaN,NaN,NaN,NaN,NaN,1000,1000,1000,1000,1000,1000,0.165689894558482,NaN,NaN,NaN,NaN,NaN,NaN,NaN,NaN,NaN,NaN,NaN,NaN
237334,0.287981985219937,-0.00675171861570414,0.283234235635309,0.285891231532612,0.282956645437821,0.285840622938653,0.283234235635309,0.285891231532612,0,0,0,0,0,0,0.294733703835641,-0.005025339782116,0.289708364053525,-0.00288397750083197,0.00214136228128403,-0.00474774958462804,0.289985954251013,-0.00265699589730301,0.00209075368732503,-0.00474774958462804,0.289985954251013,-0.00265699589730301,0.00209075368732503
238033,0.208398828365495,-0.00722328492982009,0.208398828365496,0.208398828365496,0.208398828365496,0.208398828365496,0.208398828365496,0.208398828365496,0,0,0,0,0,0,0.215622113295315,9.99200722162641e-16,0.215622113295316,0,-9.99200722162641e-16,9.99200722162641e-16,0.215622113295316,0,-9.99200722162641e-16,9.99200722162641e-16,0.215622113295316,0,-9.99200722162641e-16
239136,0.185224169321802,-0.0112924376772522,0.183580879521024,0.182789740872605,0.183471547739924,0.182910867857392,0.183580879521024,0.182789740872605,0,0,0,0,0,0,0.196516606999054,-0.001752621581878,0.194763985417176,0.000560679882532,0.00231330146441,-0.00164328980077799,0.194873317198276,0.00079113864841901,0.002434428449197,-0.00164328980077799,0.194873317198276,0.00079113864841901,0.002434428449197
246133,0.189481864944738,-0.0091860637858596,0.182487732923993,0.185029509467604,0.18260553343317,0.185173450614377,0.182487732923993,0.185029509467604,0,0,0,0,0,0,0.198667928730598,-0.00687633151156802,0.19179159721903,-0.00256791718120702,0.004308414330361,-0.006994132020745,0.191673796709853,-0.00254177654361099,0.00445235547713402,-0.006994132020745,0.191673796709853,-0.00254177654361099,0.00445235547713402
248339,0.24032329933021,-0.0098514527089497,0.240323299330209,0.233825343305699,0.240323299330209,0.234345728165064,0.240323299330209,0.23718541974852,0,0,0,0,0,0,0.25017475203916,-9.99200722162641e-16,0.250174752039159,0.005977571165145,0.005977571165146,-9.99200722162641e-16,0.250174752039159,0.00649795602450998,0.00649795602451098,-9.99200722162641e-16,0.250174752039159,0.00313787958168898,0.00313787958168998
249947,0.260160172406492,-0.00671406995073428,0.257628231751217,0.25811756231149,0.257638441189343,0.257924404270638,0.257628231751217,0.25811756231149,0,0,0,0,0,0,0.266874242357226,-0.00252173121714899,0.264352511140077,-0.000285963081295026,0.00223576813585397,-0.00253194065527496,0.264342301701951,-0.000489330560273005,0.00204261009500195,-0.00253194065527496,0.264342301701951,-0.000489330560273005,0.00204261009500195
250427,0.15813389407795,-0.0112766895691721,NaN,NaN,NaN,NaN,NaN,NaN,1000,1000,1000,1000,1000,1000,0.169410583647122,NaN,NaN,NaN,NaN,NaN,NaN,NaN,NaN,NaN,NaN,NaN,NaN
250932,0.162258690828402,-0.0125934009800296,0.162258690828402,0.162258690828402,0.162258690828402,0.162258690828402,0.162258690828402,0.162258690828402,0,0,0,0,0,0,0.174852091808432,0,0.174852091808432,0,0,0,0.174852091808432,0,0,0,0.174852091808432,0,0
256540,0.137673141503945,-0.0108434692606845,0.136331492615011,0.135813202747808,0.136328787677735,0.135965332707285,0.136331492615011,0.135813202747808,0,0,0,0,0,0,0.148516610764629,-0.00134435382620998,0.14717225693842,0.000363454970450011,0.00170780879665999,-0.00134164888893398,0.147174961875696,0.000518289867203009,0.00185993875613699,-0.00134164888893398,0.147174961875696,0.000518289867203009,0.00185993875613699
257542,0.218263308353399,-0.00876050518987455,NaN,NaN,NaN,NaN,NaN,NaN,1000,1000,1000,1000,1000,1000,0.227023813543274,NaN,NaN,NaN,NaN,NaN,NaN,NaN,NaN,NaN,NaN,NaN,NaN
257845,0.180531494329086,-0.00730015924809498,0.17464522351691,0.178260425081369,0.174605571333263,0.178129513172995,0.17464522351691,0.178260425081369,0,0,0,0,0,0,0.187831653577181,-0.00592592299582301,0.181905730581358,-0.00352394183973201,0.002401981156091,-0.00588627081217599,0.181945382765005,-0.00361520156445899,0.002271069247717,-0.00588627081217599,0.181945382765005,-0.00361520156445899,0.002271069247717
268850,0.237000183654729,-0.00915339081726355,0.226499953351699,0.231519310927456,0.226765435445363,0.231322166023875,0.226499953351699,0.231519310927456,0,0,0,0,0,0,0.246153574471993,-0.010234748209366,0.235918826262627,-0.004556730578512,0.00567801763085399,-0.01050023030303,0.235653344168963,-0.005019357575757,0.00548087272727299,-0.01050023030303,0.235653344168963,-0.005019357575757,0.00548087272727299
270332,0.233951895466345,-0.00816334939802013,0.223720204470672,0.224020306831904,0.223839585225432,0.223897783898547,0.224934683601675,0.226855310281831,0,0,0,0,0,0,0.242115244864365,-0.010112310240913,0.232002934623452,-5.81986731150175e-05,0.010054111567798,-0.010231690995673,0.231883553868692,-0.000300102361231985,0.00993158863444102,-0.00901721186467,0.233098032999695,-0.001920626680156,0.007096585184514
280739,0.246978735424148,-0.00896201026298534,0.242846274729138,0.236895004537725,0.242761793974883,0.23701422507613,0.242846274729138,0.236895004537725,0,0,0,0,0,0,0.255940745687133,-0.00421694144926499,0.251723804237868,0.00574756889875302,0.00996451034801801,-0.00413246069501,0.251808284992123,0.00595127019141301,0.010083730886423,-0.00413246069501,0.251808284992123,0.00595127019141301,0.010083730886423
285345,0.179064575734616,-0.00801843360014902,0.179064575734616,0.179064575734616,0.179064575734616,0.179064575734616,0.179064575734616,0.179064575734616,0,0,0,0,0,0,0.187083009334765,0,0.187083009334765,0,0,0,0.187083009334765,0,0,0,0.187083009334765,0,0
290136,0.175003345890263,-0.00999090951138193,0.175003345890263,0.175003345890263,0.175003345890263,0.175003345890263,0.175003345890263,0.175003345890263,0,0,0,0,0,0,0.184994255401645,0,0.184994255401645,0,0,0,0.184994255401645,0,0,0,0.184994255401645,0,0
293748,0.222443454682998,-0.0110976232798409,0.207789759687715,0.213060000244371,0.207534892986766,0.21279100943272,0.207789759687715,0.213060000244371,0,0,0,0,0,0,0.233541077962839,-0.014908561696232,0.218632516266607,-0.005256116445954,0.009652445250278,-0.014653694995283,0.218887382967556,-0.00527024055665601,0.00938345443862701,-0.014653694995283,0.218887382967556,-0.00527024055665601,0.00938345443862701
297655,0.20253238771204,-0.00992996713107124,0.200898534085981,0.198298648116067,0.200959886018644,0.198034098163336,0.200898534085981,0.198298648116067,0,0,0,0,0,0,0.212462354843111,-0.00157250169339598,0.210889853149715,0.002925787855308,0.00449828954870399,-0.001633853626059,0.210828501217052,0.00259988596991398,0.00423373959597298,-0.001633853626059,0.210828501217052,0.00259988596991398,0.00423373959597298
298455,0.17749054130099,-0.0108112020479879,0.17749054130099,0.175012367398618,0.17749054130099,0.175195336726692,0.17749054130099,0.175012367398618,0,0,0,0,0,0,0.188301743348978,0,0.188301743348978,0.00229520457429802,0.00229520457429802,0,0.188301743348978,0.00247817390237201,0.00247817390237201,0,0.188301743348978,0.00247817390237201,0.00247817390237201
300719,0.27582084396385,-0.00560092459571507,0.259739964312501,0.267773534594391,0.259622928403262,0.267946497411257,0.259739964312501,0.267773534594391,0,0,0,0,0,0,0.281421768559565,-0.016197915560588,0.265223852998977,-0.00832356900799497,0.007874346552593,-0.016080879651349,0.265340888908216,-0.00803357028189,0.00804730936945897,-0.016080879651349,0.265340888908216,-0.00803357028189,0.00804730936945897
304727,0.157352156605245,-0.00873615686320493,0.150985918425974,0.155682821849222,0.151139940317408,0.155674817698409,0.150985918425974,0.155682821849222,0,0,0,0,0,0,0.16608831346845,-0.00621221628783702,0.159876097180613,-0.004534877381001,0.00167733890683602,-0.00636623817927101,0.159722075289179,-0.00469690342324799,0.00166933475602302,-0.00636623817927101,0.159722075289179,-0.00469690342324799,0.00166933475602302
305830,0.216946951064561,-0.00879270597394878,0.211196239477914,0.212310760534845,0.211182168940239,0.21214568587988,0.211196239477914,0.212310760534845,0,0,0,0,0,0,0.22573965703851,-0.00576478212432199,0.219974874914188,-0.000963516939641001,0.00480126518468099,-0.005750711586647,0.219988945451863,-0.00111452105693099,0.00463619052971601,-0.005750711586647,0.219988945451863,-0.00111452105693099,0.00463619052971601
308129,0.239326452890635,-0.00855013337057839,0.204943846590916,0.222555327002433,0.22569242621043,0.227019012110102,0.237632479094366,0.234544652408758,0,0,0,0,0,0,0.247876586261213,-0.013634026680205,0.234242559581008,-0.00132658589967199,0.012307440780533,-0.034382606299719,0.213493979961494,-0.017611480411517,0.016771125888202,-0.00169397379626901,0.246182612464944,0.003087826685608,0.00478180048187701
316835,0.23948848855359,-0.0105968454084287,0.23948848855359,0.229009354188345,0.23948848855359,0.229034459872528,0.23948848855359,0.235889259885536,0,0,0,0,0,0,0.250085333962019,0,0.250085333962019,0.010454028681062,0.010454028681062,0,0.250085333962019,0.010479134365245,0.010479134365245,0,0.250085333962019,0.00359922866805401,0.00359922866805401
320826,0.20907055785124,-0.00770747727272726,0.209070557851241,0.207277370971075,0.209070557851241,0.207298235330579,0.209070557851241,0.207277370971075,0,0,0,0,0,0,0.216778035123967,9.99200722162641e-16,0.216778035123968,0.00177232252066201,0.00177232252066101,9.99200722162641e-16,0.216778035123968,0.00179318688016603,0.00179318688016503,9.99200722162641e-16,0.216778035123968,0.00179318688016603,0.00179318688016503
325129,0.162408959198058,-0.0115377574594722,0.15642432845172,0.157338130628867,0.156812816978621,0.157613205810949,0.157106354452189,0.16009231302373,0,0,0,0,0,0,0.17394671665753,-0.00559614221943699,0.168350574438093,-0.000800388832327997,0.004795753387109,-0.00598463074633801,0.167962085911192,-0.000913802177147011,0.005070828569191,-0.00530260474586899,0.168644111911661,-0.00298595857154099,0.002316646174328
330324,0.1822950773651,-0.0101491976822592,0.174742803218232,0.175185434921917,0.174437984560991,0.174780149606899,0.177083492008134,0.177701546870116,0,0,0,0,0,0,0.192444275047359,-0.00785709280410901,0.18458718224325,-0.000342165045908005,0.00751492775820101,-0.00755227414686802,0.184892000900491,-0.000442631703684998,0.00710964244318302,-0.005211585356966,0.187232689690393,-0.000618054861981993,0.00459353049498401
334635,0.180811888448514,-0.00600149114346172,0.172901752528489,0.172075513951741,0.172816112257892,0.172123606172998,0.172901752528489,0.172075513951741,0,0,0,0,0,0,0.186813379591976,-0.007995776190622,0.178817603401354,0.000692506084894018,0.00868828227551602,-0.00791013592002501,0.178903243671951,0.00082623857674799,0.008736374496773,-0.00791013592002501,0.178903243671951,0.00082623857674799,0.008736374496773
339847,0.258609228424946,-0.0105718474309932,0.258609228424945,0.255133418517166,0.258609228424945,0.255005203726925,0.258609228424945,0.255133418517166,0,0,0,0,0,0,0.269181075855939,-9.99200722162641e-16,0.269181075855938,0.00360402469802001,0.00360402469802101,-9.99200722162641e-16,0.269181075855938,0.00347580990777901,0.00347580990778001,-9.99200722162641e-16,0.269181075855938,0.00347580990777901,0.00347580990778001
346137,0.158699980217683,-0.0130724373860446,0.156831296794193,0.153968531986447,0.156763544796228,0.153842510833985,0.156831296794193,0.153968531986447,0,0,0,0,0,0,0.171772417603728,-0.001936435421455,0.169835982182273,0.002921033962243,0.00485746938369799,-0.00186868342349,0.169903734180238,0.002862764807746,0.004731448231236,-0.00186868342349,0.169903734180238,0.002862764807746,0.004731448231236
346945,0.189456016346615,-0.00598899818262206,0.18593414127082,0.184820007986932,0.185666718260457,0.184781233604345,0.18593414127082,0.184820007986932,0,0,0,0,0,0,0.195445014529237,-0.00378929808615799,0.191655716443079,0.00088548465611199,0.00467478274226998,-0.00352187507579499,0.191923139453442,0.00111413328388801,0.004636008359683,-0.00352187507579499,0.191923139453442,0.00111413328388801,0.004636008359683
352132,0.167506106985977,-0.011244267620031,0.143215675048962,0.151836887406031,0.143917761657756,0.15189822823898,0.163013320349683,0.15997840084313,0,0,0,0,0,0,0.178750374606008,-0.023588345328221,0.155162029277787,-0.007980466581224,0.015607878746997,-0.024290431937015,0.154459942668993,-0.008621212357069,0.015669219579946,-0.00449278663629402,0.174257587969714,0.00303491950655299,0.00752770614284701
353740,0.198664792885141,-0.00817832682332031,0.197005441406438,0.195249190209491,0.197052442184884,0.195367260627854,0.197005441406438,0.195249190209491,0,0,0,0,0,0,0.206843119708461,-0.001612350700257,0.205230769008204,0.00168518155702999,0.00329753225728699,-0.001659351478703,0.205183768229758,0.001756251196947,0.00341560267565,-0.001659351478703,0.205183768229758,0.001756251196947,0.00341560267565
356948,0.1994702012459,-0.0104509079029931,NaN,NaN,NaN,NaN,NaN,NaN,1000,1000,1000,1000,1000,1000,0.209921109148893,NaN,NaN,NaN,NaN,NaN,NaN,NaN,NaN,NaN,NaN,NaN,NaN
365343,0.178726313745835,-0.0112243537839893,0.156450502928093,0.163499338671148,0.161806921519063,0.166321065904975,0.170633876075349,0.172842117070465,0,0,0,0,0,0,0.189950667529824,-0.016919392226772,0.173031275303052,-0.00451414438591199,0.01240524784086,-0.022275810817742,0.167674856712082,-0.00704883574305498,0.015226975074687,-0.00809243767048601,0.181858229859338,-0.00220824099511602,0.00588419667536999
366042,0.224389234623043,-0.00658344310197261,0.223010669718494,0.221387619574302,0.223054842542099,0.221248500659988,0.223010669718494,0.221387619574302,0,0,0,0,0,0,0.230972677725016,-0.00133439208094399,0.229638285644072,0.00180634188211101,0.003140733963055,-0.00137856490454899,0.229594112820467,0.00162305014419201,0.003001615048741,-0.00137856490454899,0.229594112820467,0.00162305014419201,0.003001615048741
376247,0.20528270341059,-0.00928252259959628,0.198038411224291,0.200816692854926,0.19818511489943,0.200719567127459,0.198038411224291,0.200816692854926,0,0,0,0,0,0,0.214565226010186,-0.00709758851115999,0.207467637499026,-0.002534452228029,0.00456313628313099,-0.00724429218629899,0.207320933823887,-0.00277828163063501,0.00446601055566398,-0.00724429218629899,0.207320933823887,-0.00277828163063501,0.00446601055566398
378857,0.167805644630381,-0.0123818437427,NaN,NaN,NaN,NaN,NaN,NaN,1000,1000,1000,1000,1000,1000,0.180187488373081,NaN,NaN,NaN,NaN,NaN,NaN,NaN,NaN,NaN,NaN,NaN,NaN
379657,0.230444026898734,-0.0108339208460183,NaN,NaN,NaN,NaN,NaN,NaN,1000,1000,1000,1000,1000,1000,0.241277947744752,NaN,NaN,NaN,NaN,NaN,NaN,NaN,NaN,NaN,NaN,NaN,NaN
380036,0.231293149027685,-0.00724407861036998,NaN,NaN,NaN,NaN,NaN,NaN,1000,1000,1000,1000,1000,1000,0.238537227638055,NaN,NaN,NaN,NaN,NaN,NaN,NaN,NaN,NaN,NaN,NaN,NaN
382242,0.120616433754367,-0.0113271287960226,NaN,NaN,NaN,NaN,NaN,NaN,1000,1000,1000,1000,1000,1000,0.13194356255039,NaN,NaN,NaN,NaN,NaN,NaN,NaN,NaN,NaN,NaN,NaN,NaN
389357,0.272993218430455,-0.00763998654184948,0.263771845266458,0.268061547243127,0.263734887125748,0.267981536144335,0.263771845266458,0.268061547243127,0,0,0,0,0,0,0.280633204972304,-0.00925833130470699,0.271374873667597,-0.00424664901858701,0.00501168228611998,-0.00922137316399696,0.271411831808308,-0.00428970197666895,0.00493167118732801,-0.00922137316399696,0.271411831808308,-0.00428970197666895,0.00493167118732801
392447,0.213320943249851,-0.00834656824962726,0.21332094324985,0.211031377700936,0.21332094324985,0.211139085627633,0.21332094324985,0.211031377700936,0,0,0,0,0,0,0.221667511499478,-1.02695629777827e-15,0.221667511499477,0.00218185762221698,0.00218185762221801,-1.02695629777827e-15,0.221667511499477,0.00228956554891399,0.00228956554891502,-1.02695629777827e-15,0.221667511499477,0.00228956554891399,0.00228956554891502
392750,0.246380062821129,-0.00707388416015397,0.243064814617153,0.242632312989636,0.243037255703085,0.242539913191676,0.243064814617153,0.242632312989636,0,0,0,0,0,0,0.253453946981283,-0.00334280711804402,0.250111139863239,0.000497342511408982,0.003840149629453,-0.003315248203976,0.250138698777307,0.000432501627517012,0.00374774983149301,-0.003315248203976,0.250138698777307,0.000432501627517012,0.00374774983149301
393247,0.163627638624902,-0.00888447547050479,0.148566186901607,0.158423325770317,0.148793281685889,0.158364610112107,0.148566186901607,0.158423325770317,0,0,0,0,0,0,0.172512114095407,-0.014834356939013,0.157677757156394,-0.009571328426218,0.005263028512795,-0.015061451723295,0.157450662372112,-0.00985713886871001,0.005204312854585,-0.015061451723295,0.157450662372112,-0.00985713886871001,0.005204312854585
394956,0.284455400088954,-0.00757934088835293,0.244559586625185,0.266417717651968,0.244826324058068,0.26691254788756,0.261532966472403,0.27215479044679,0,0,0,0,0,0,0.292034740977307,-0.039629076030886,0.252405664946421,-0.022086223829492,0.017542852201394,-0.039895813463769,0.252138927513538,-0.021858131026783,0.018037682436986,-0.022922433616551,0.269112307360756,-0.010621823974387,0.012300609642164
395251,0.208899589734129,-0.0101605576853604,0.20889958973413,0.20889958973413,0.20889958973413,0.20889958973413,0.20889958973413,0.20889958973413,0,0,0,0,0,0,0.219060147419489,9.99200722162641e-16,0.21906014741949,0,-9.99200722162641e-16,9.99200722162641e-16,0.21906014741949,0,-9.99200722162641e-16,9.99200722162641e-16,0.21906014741949,0,-9.99200722162641e-16
397154,0.306810675122209,-0.00743706157786237,0.306810675122208,0.304491750354333,0.306810675122208,0.304298956014919,0.306810675122208,0.304491750354333,0,0,0,0,0,0,0.314247736700071,-9.99200722162641e-16,0.31424773670007,0.00251171910728898,0.00251171910728998,-9.99200722162641e-16,0.31424773670007,0.00231892476787499,0.00231892476787599,-9.99200722162641e-16,0.31424773670007,0.00231892476787499,0.00231892476787599
397861,0.243422111474499,-0.00995952204193641,0.2434221114745,0.234517363827221,0.2434221114745,0.23416285450498,0.2434221114745,0.234517363827221,0,0,0,0,0,0,0.253381633516435,9.99200722162641e-16,0.253381633516436,0.00925925696951999,0.00925925696951899,9.99200722162641e-16,0.253381633516436,0.008904747647279,0.008904747647278,9.99200722162641e-16,0.253381633516436,0.008904747647279,0.008904747647278
406432,0.179549884962481,-0.00998821960524165,0.169836676237901,0.177315241452298,0.169934591648431,0.177225285907236,0.169836676237901,0.177315241452298,0,0,0,0,0,0,0.189538104567723,-0.00961529331405001,0.179922811253673,-0.00729069425880499,0.00232459905524501,-0.00971320872458001,0.179824895843143,-0.00747856521439699,0.00223464351018302,-0.00971320872458001,0.179824895843143,-0.00747856521439699,0.00223464351018302
412528,0.181585487528345,-0.0105878099269337,0.167861727185689,0.173706871453767,0.16790668037289,0.173689525220459,0.167861727185689,0.173706871453767,0,0,0,0,0,0,0.192173297455279,-0.013678807155455,0.178494490299824,-0.005782844847569,0.007895962307886,-0.013723760342656,0.178449537112623,-0.005845144268078,0.00787861607457799,-0.013723760342656,0.178449537112623,-0.005845144268078,0.00787861607457799
413934,0.169776424187262,-0.00979308929807775,0.160025094582786,0.160303993545811,0.159838310112255,0.160249478789859,0.163949294810458,0.165201895999129,0,0,0,0,0,0,0.17956951348534,-0.009938114075007,0.169631399410333,-0.000411168677604018,0.00952694539740298,-0.009751329604476,0.169818183880864,-0.00027889896302502,0.00947243064145098,-0.00582712937680399,0.173742384108536,-0.00125260118867099,0.004574528188133
421226,0.277025785421517,-0.00710457546299195,0.276142578021776,0.274923994272616,0.276144358681856,0.274708655247947,0.276142578021776,0.274923994272616,0,0,0,0,0,0,0.284130360884509,-0.000881426739661018,0.283248934144848,0.00143570343390897,0.00231713017356999,-0.000883207399741015,0.283247153484768,0.00121858374916001,0.00210179114890102,-0.000883207399741015,0.283247153484768,0.00121858374916001,0.00210179114890102
424939,0.223521995864097,-0.00890774643091463,0.223521995864097,0.215848677092244,0.223521995864097,0.215389122407794,0.223521995864097,0.215848677092244,0,0,0,0,0,0,0.232429742295012,0,0.232429742295012,0.00813287345630298,0.00813287345630298,0,0.232429742295012,0.00767331877185298,0.00767331877185298,0,0.232429742295012,0.00767331877185298,0.00767331877185298
432332,0.240361395102704,-0.0073120777722854,0.234594067910389,0.236585601233958,0.234662558923351,0.236434896180695,0.234594067910389,0.236585601233958,0,0,0,0,0,0,0.247673472874989,-0.00569883617935299,0.241974636695636,-0.00177233725734399,0.003926498922009,-0.00576732719231499,0.241906145682674,-0.00199153332356899,0.00377579386874599,-0.00576732719231499,0.241906145682674,-0.00199153332356899,0.00377579386874599
433839,0.0763935062729016,-0.0123832788953869,0.0763935062729016,0.0763935062729016,0.0763935062729016,0.0763935062729016,0.0763935062729016,0.0763935062729016,0,0,0,0,0,0,0.0887767851682885,0,0.0887767851682885,0,0,0,0.0887767851682885,0,0,0,0.0887767851682885,0,0
448347,0.27597067647763,-0.00692380632284283,0.268447931497534,0.269897007896385,0.26824078271638,0.269490149025006,0.268447931497534,0.269897007896385,0,0,0,0,0,0,0.282894482800473,-0.00772989376125,0.275164589039223,-0.00124936630862599,0.00648052745262401,-0.00752274498009603,0.275371737820377,-0.001449076398851,0.00607366858124503,-0.00752274498009603,0.275371737820377,-0.001449076398851,0.00607366858124503
449753,0.221563042534722,-0.00848597290039063,0.221563042534721,0.21472920071072,0.221563042534721,0.214110835503472,0.221563042534721,0.21472920071072,0,0,0,0,0,0,0.230049015435113,-9.99200722162641e-16,0.230049015435112,0.00745220703124899,0.00745220703124999,-9.99200722162641e-16,0.230049015435112,0.00683384182400101,0.00683384182400201,-9.99200722162641e-16,0.230049015435112,0.00683384182400101,0.00683384182400201
453441,0.282497234566943,-0.00694121785790526,0.282497234566945,0.282497234566945,0.282497234566945,0.282497234566945,0.282497234566945,0.282497234566945,0,0,0,0,0,0,0.289438452424848,1.99840144432528e-15,0.28943845242485,0,-1.99840144432528e-15,1.99840144432528e-15,0.28943845242485,0,-1.99840144432528e-15,1.99840144432528e-15,0.28943845242485,0,-1.99840144432528e-15
456346,0.214200697123875,-0.00669266110625779,0.214200697123874,0.212859869304439,0.214200697123874,0.212610056527564,0.214200697123874,0.212859869304439,0,0,0,0,0,0,0.220893358230133,-9.99200722162641e-16,0.220893358230132,0.00159064059630998,0.00159064059631098,-9.99200722162641e-16,0.220893358230132,0.00134082781943498,0.00134082781943598,-9.99200722162641e-16,0.220893358230132,0.00134082781943498,0.00134082781943598
463040,0.249142763007131,-0.00776642236917077,0.234511385056902,0.242348584483375,0.234627373201151,0.24181407464772,0.234511385056902,0.242348584483375,0,0,0,0,0,0,0.256909185376302,-0.01451538980598,0.242393795570322,-0.00718670144656899,0.007328688359411,-0.014631377950229,0.242277807426073,-0.00783719942647301,0.00679417852375599,-0.014631377950229,0.242277807426073,-0.00783719942647301,0.00679417852375599
467351,0.172888654749504,-0.01355002933394,NaN,NaN,NaN,NaN,NaN,NaN,1000,1000,1000,1000,1000,1000,0.186438684083444,NaN,NaN,NaN,NaN,NaN,NaN,NaN,NaN,NaN,NaN,NaN,NaN
469961,0.219103482651666,-0.0105720078390554,0.219103482651667,0.219103482651667,0.219103482651667,0.219103482651667,0.219103482651667,0.219103482651667,0,0,0,0,0,0,0.229675490490721,9.99200722162641e-16,0.229675490490722,0,-9.99200722162641e-16,9.99200722162641e-16,0.229675490490722,0,-9.99200722162641e-16,9.99200722162641e-16,0.229675490490722,0,-9.99200722162641e-16
475855,0.164730460226145,-0.0102919480261853,0.164730460226146,0.164730460226146,0.164730460226146,0.164730460226146,0.164730460226146,0.164730460226146,0,0,0,0,0,0,0.17502240825233,1.02695629777827e-15,0.175022408252331,0,-1.02695629777827e-15,1.02695629777827e-15,0.175022408252331,0,-1.02695629777827e-15,1.02695629777827e-15,0.175022408252331,0,-1.02695629777827e-15
481042,0.199935917786722,-0.00651092894087614,0.197544699841234,0.198646617812182,0.197467563778476,0.198444485881272,0.197544699841234,0.198646617812182,0,0,0,0,0,0,0.206446846727598,-0.00246835400824602,0.203978492719352,-0.000976922102796013,0.00149143190545001,-0.00239121794548802,0.20405562878211,-0.00110191797094802,0.00128929997454,-0.00239121794548802,0.20405562878211,-0.00110191797094802,0.00128929997454
485757,0.196494432853679,-0.0081064214797452,0.193469097034033,0.194891853361975,0.193322709816954,0.194895787899584,0.193469097034033,0.194891853361975,0,0,0,0,0,0,0.204600854333424,-0.003171723036725,0.201429131296699,-0.00157307808262999,0.00159864495409501,-0.00302533581964601,0.201575518513778,-0.001422756327942,0.001602579491704,-0.00302533581964601,0.201575518513778,-0.001422756327942,0.001602579491704
486759,0.233463331236593,-0.0108181080950307,0.187171557878099,0.214514912985275,0.201208609538556,0.218335012015935,0.228191164658634,0.227623138013903,0,0,0,0,0,0,0.244281439331624,-0.032254721698037,0.212026717633587,-0.017126402477379,0.015128319220658,-0.046291773358494,0.19798966597313,-0.027343355107176,0.018948418251318,-0.00527216657795898,0.239009272753665,0.000568026644731018,0.00584019322269
500222,0.132095836025568,-0.00893030157038009,0.128716994907257,0.128822489046079,0.128738397998815,0.12884426469112,0.128716994907257,0.128822489046079,0,0,0,0,0,0,0.141026137595948,-0.00335743802675298,0.137668699569195,-0.000105866692305001,0.00325157133444798,-0.00337884111831099,0.137647296477637,-0.000105494138821993,0.003273346979489,-0.00337884111831099,0.137647296477637,-0.000105494138821993,0.003273346979489
506234,0.101574996364694,-0.0127585027712218,NaN,NaN,NaN,NaN,NaN,NaN,1000,1000,1000,1000,1000,1000,0.114333499135916,NaN,NaN,NaN,NaN,NaN,NaN,NaN,NaN,NaN,NaN,NaN,NaN
513130,0.256370625812652,-0.0109526284696704,0.256370625812652,0.249539087285884,0.256370625812652,0.249451828537509,0.256370625812652,0.249539087285884,0,0,0,0,0,0,0.267323254282322,0,0.267323254282322,0.00691879727514302,0.00691879727514302,0,0.267323254282322,0.00683153852676802,0.00683153852676802,0,0.267323254282322,0.00683153852676802,0.00683153852676802
513736,0.229913076341648,-0.0104940743890149,NaN,NaN,NaN,NaN,NaN,NaN,1000,1000,1000,1000,1000,1000,0.240407150730663,NaN,NaN,NaN,NaN,NaN,NaN,NaN,NaN,NaN,NaN,NaN,NaN
517239,0.165868865257848,-0.0116440832112868,0.165868865257849,0.165868865257849,0.165868865257849,0.165868865257849,0.165868865257849,0.165868865257849,0,0,0,0,0,0,0.177512948469135,9.99200722162641e-16,0.177512948469136,0,-9.99200722162641e-16,9.99200722162641e-16,0.177512948469136,0,-9.99200722162641e-16,9.99200722162641e-16,0.177512948469136,0,-9.99200722162641e-16
519647,0.117851622237816,-0.011398474613433,0.109085478851808,0.110806165069697,0.109131750119931,0.110793246624219,0.110029361452158,0.112804836352986,0,0,0,0,0,0,0.129250096851249,-0.00871987211788501,0.120530224733364,-0.001661496504288,0.00705837561359701,-0.00876614338600801,0.120483953465241,-0.001720686217889,0.00704545716811901,-0.00782226078565801,0.121427836065591,-0.002775474900828,0.00504678588483001
520228,0.212928613810064,-0.00743447332481182,0.203879880494458,0.204925398552298,0.204116566802718,0.204828771628119,0.207066426997355,0.207307991105198,0,0,0,0,0,0,0.220363087134876,-0.008812047007346,0.21155104012753,-0.000712204825400992,0.00809984218194501,-0.00904873331560602,0.21131435381927,-0.00104551805784001,0.00800321525776601,-0.005862186812709,0.214500900322167,-0.000241564107842984,0.00562062270486602
523032,0.103111576750059,-0.0102550304471826,0.0990561781846213,0.0993936081537221,0.0990481517949482,0.0993147541939229,0.0990561781846213,0.0993936081537221,0,0,0,0,0,0,0.113366607197242,-0.00406342495511079,0.109303182242131,-0.000266602398974691,0.0037968225561361,-0.0040553985654377,0.109311208631804,-0.0003374299691008,0.0037179685963369,-0.0040553985654377,0.109311208631804,-0.0003374299691008,0.0037179685963369
524135,0.180985874675398,-0.00723932722865915,NaN,NaN,NaN,NaN,NaN,NaN,1000,1000,1000,1000,1000,1000,0.188225201904057,NaN,NaN,NaN,NaN,NaN,NaN,NaN,NaN,NaN,NaN,NaN,NaN
531536,0.174588120186845,-0.00878508632117157,0.169926504229264,0.166588449690696,0.169918980242393,0.166717496843833,0.170932987627824,0.168091372301477,0,0,0,0,0,0,0.183373206508017,-0.00466913994445201,0.178704066563565,0.00320148339856,0.007870623343012,-0.00466161595758099,0.178711590550436,0.003338054538568,0.007999670496149,-0.003655132559021,0.179718073948996,0.002841615326347,0.006496747885368
541640,0.162047639235709,-0.00645444416901163,0.161580673347689,0.159699059023373,0.161625775049065,0.159687687718256,0.161580673347689,0.159699059023373,0,0,0,0,0,0,0.168502083404721,-0.000421864186644,0.168080219218077,0.001938087330809,0.002359951517453,-0.000466965888020004,0.168035117516701,0.00188161432431599,0.002348580212336,-0.000466965888020004,0.168035117516701,0.00188161432431599,0.002348580212336
541943,0.210001653309665,-0.00864723105437649,NaN,NaN,NaN,NaN,NaN,NaN,1000,1000,1000,1000,1000,1000,0.218648884364041,NaN,NaN,NaN,NaN,NaN,NaN,NaN,NaN,NaN,NaN,NaN,NaN
548250,0.273453242373312,-0.00762916304927571,0.26503960761807,0.269580730398522,0.265122263898632,0.269690900074454,0.26503960761807,0.269580730398522,0,0,0,0,0,0,0.281082405422588,-0.00833097847467995,0.272751426947908,-0.00456863617582198,0.00376234229885797,-0.00841363475524198,0.272668770667346,-0.00454112278045199,0.00387251197478999,-0.00841363475524198,0.272668770667346,-0.00454112278045199,0.00387251197478999
558657,0.238848472440482,-0.00734080428639354,NaN,NaN,NaN,NaN,NaN,NaN,1000,1000,1000,1000,1000,1000,0.246189276726876,NaN,NaN,NaN,NaN,NaN,NaN,NaN,NaN,NaN,NaN,NaN,NaN
559053,0.187378132376199,-0.00991674112957825,0.187378132376198,0.187378132376198,0.187378132376198,0.187378132376198,0.187378132376198,0.187378132376198,0,0,0,0,0,0,0.197294873505777,-9.99200722162641e-16,0.197294873505776,0,9.99200722162641e-16,-9.99200722162641e-16,0.197294873505776,0,9.99200722162641e-16,-9.99200722162641e-16,0.197294873505776,0,9.99200722162641e-16
562345,0.114985528106888,-0.00756104458275468,0.114985528106889,0.114985528106889,0.114985528106889,0.114985528106889,0.114985528106889,0.114985528106889,0,0,0,0,0,0,0.122546572689643,9.99200722162641e-16,0.122546572689644,0,-9.99200722162641e-16,9.99200722162641e-16,0.122546572689644,0,-9.99200722162641e-16,9.99200722162641e-16,0.122546572689644,0,-9.99200722162641e-16
567052,0.220174287592432,-0.012267878290273,0.210055437471065,0.216247423669248,0.209933032026049,0.216395458564281,0.210055437471065,0.216247423669248,0,0,0,0,0,0,0.232442165882705,-0.010241255566383,0.222200910316322,-0.00646242653823201,0.00377882902815099,-0.010118850121367,0.222323315761338,-0.00619198619818301,0.00392686392318398,-0.010118850121367,0.222323315761338,-0.00619198619818301,0.00392686392318398
573451,0.203709224710785,-0.00983690831488223,0.197337191790615,0.200799805468443,0.197902452775468,0.200877332585817,0.197337191790615,0.200799805468443,0,0,0,0,0,0,0.213546133025667,-0.00580677193531701,0.20773936109035,-0.002974879810349,0.00283189212496801,-0.00637203292017,0.207174100105497,-0.00346261367782799,0.002909419242342,-0.00637203292017,0.207174100105497,-0.00346261367782799,0.002909419242342
578057,0.218955191458533,-0.00859948948594381,0.204620186168262,0.207218262240416,0.204879113716189,0.207254801938658,0.206784846295549,0.209249714279491,0,0,0,0,0,0,0.227554680944477,-0.014076077742344,0.213478603202133,-0.002375688222469,0.011700389519875,-0.014335005290271,0.213219675654206,-0.00259807607215401,0.011736929218117,-0.012170345162984,0.215384335781493,-0.00246486798394199,0.00970547717904202
581349,0.28241231542521,-0.0085399229257749,0.259919665487414,0.258065808066394,0.259772840005679,0.258182623202465,0.273022511475962,0.27029767126687,0,0,0,0,0,0,0.290952238350985,-0.022639475419531,0.268312762931454,0.00159021680321403,0.024229692222745,-0.022492649937796,0.268459588413189,0.00185385742102001,0.024346507358816,-0.00938980394924799,0.281562434401737,0.00272484020909203,0.01211464415834
585256,0.190883217535383,-0.00910319107183882,0.190883217535384,0.190883217535384,0.190883217535384,0.190883217535384,0.190883217535384,0.190883217535384,0,0,0,0,0,0,0.199986408607222,9.99200722162641e-16,0.199986408607223,0,-9.99200722162641e-16,9.99200722162641e-16,0.199986408607223,0,-9.99200722162641e-16,9.99200722162641e-16,0.199986408607223,0,-9.99200722162641e-16
585862,0.150563341532819,-0.0096159293950141,0.150563341532819,0.150563341532819,0.150563341532819,0.150563341532819,0.150563341532819,0.150563341532819,0,0,0,0,0,0,0.160179270927833,0,0.160179270927833,0,0,0,0.160179270927833,0,0,0,0.160179270927833,0,0
586460,0.234641747636988,-0.0105490048912684,0.234641747636987,0.234641747636987,0.234641747636987,0.234641747636987,0.234641747636987,0.234641747636987,0,0,0,0,0,0,0.245190752528256,-9.99200722162641e-16,0.245190752528255,0,9.99200722162641e-16,-9.99200722162641e-16,0.245190752528255,0,9.99200722162641e-16,-9.99200722162641e-16,0.245190752528255,0,9.99200722162641e-16
587664,0.215508620910457,-0.00871920343022164,0.213579457943446,0.213785990006659,0.213497779672665,0.213823505721304,0.213579457943446,0.213785990006659,0,0,0,0,0,0,0.224227824340679,-0.00201084123779199,0.222216983102887,-0.000325726048639008,0.00168511518915299,-0.00192916296701101,0.222298661373668,-0.000206532063213,0.00172263090379801,-0.00192916296701101,0.222298661373668,-0.000206532063213,0.00172263090379801
597869,0.197706941234536,-0.0109747514483291,0.186149746121247,0.189592942116008,0.186117338334417,0.189715902799405,0.186149746121247,0.189592942116008,0,0,0,0,0,0,0.208681692682865,-0.011589602900119,0.197092089782746,-0.00359856446498802,0.00799103843513099,-0.011557195113289,0.197124497569576,-0.00344319599476101,0.008113999118528,-0.011557195113289,0.197124497569576,-0.00344319599476101,0.008113999118528
598568,0.267816351813506,-0.00798931319129084,0.267816351813507,0.26307768288846,0.267816351813507,0.262894788617304,0.267816351813507,0.26307768288846,0,0,0,0,0,0,0.275805665004797,9.99200722162641e-16,0.275805665004798,0.00492156319620302,0.00492156319620202,9.99200722162641e-16,0.275805665004798,0.00473866892504698,0.00473866892504599,9.99200722162641e-16,0.275805665004798,0.00473866892504698,0.00473866892504599
599065,0.226856789053807,-0.00636652611216515,0.226856789053807,0.226856789053807,0.226856789053807,0.226856789053807,0.226856789053807,0.226856789053807,0,0,0,0,0,0,0.233223315165972,0,0.233223315165972,0,0,0,0.233223315165972,0,0,0,0.233223315165972,0,0
599469,0.20260339275872,-0.0108901511366676,0.180264003671245,0.184265444852361,0.182874082188823,0.187827223858901,0.193642471450351,0.19666323380575,0,0,0,0,0,0,0.213493543895388,-0.019729310569897,0.193764233325491,-0.00495314167007799,0.014776168899819,-0.022339389087475,0.191154154807913,-0.00400144118111598,0.018337947906359,-0.00896092130836901,0.204532622587019,-0.003020762355399,0.00594015895297001
604537,0.151745902401381,-0.0107500212100229,NaN,NaN,NaN,NaN,NaN,NaN,1000,1000,1000,1000,1000,1000,0.162495923611404,NaN,NaN,NaN,NaN,NaN,NaN,NaN,NaN,NaN,NaN,NaN,NaN
614439,0.194719732362597,-0.00930973200602015,0.194719732362598,0.194719732362598,0.194719732362598,0.194719732362598,0.194719732362598,0.194719732362598,0,0,0,0,0,0,0.204029464368617,1.02695629777827e-15,0.204029464368618,0,-1.02695629777827e-15,1.02695629777827e-15,0.204029464368618,0,-1.02695629777827e-15,1.02695629777827e-15,0.204029464368618,0,-1.02695629777827e-15
620434,0.18498245185328,-0.0104135305031613,NaN,NaN,NaN,NaN,NaN,NaN,1000,1000,1000,1000,1000,1000,0.195395982356441,NaN,NaN,NaN,NaN,NaN,NaN,NaN,NaN,NaN,NaN,NaN,NaN
623844,0.21763103589097,-0.00999569164545994,NaN,NaN,NaN,NaN,NaN,NaN,1000,1000,1000,1000,1000,1000,0.22762672753643,NaN,NaN,NaN,NaN,NaN,NaN,NaN,NaN,NaN,NaN,NaN,NaN
627852,0.17725732828556,-0.01250416398053,0.177257328285561,0.177257328285561,0.177257328285561,0.177257328285561,0.177257328285561,0.177257328285561,0,0,0,0,0,0,0.18976149226609,9.99200722162641e-16,0.189761492266091,0,-9.99200722162641e-16,9.99200722162641e-16,0.189761492266091,0,-9.99200722162641e-16,9.99200722162641e-16,0.189761492266091,0,-9.99200722162641e-16
628248,0.227488679335854,-0.00979154627071455,0.227488679335855,0.227488679335855,0.227488679335855,0.227488679335855,0.227488679335855,0.227488679335855,0,0,0,0,0,0,0.237280225606569,9.99200722162641e-16,0.23728022560657,0,-9.99200722162641e-16,9.99200722162641e-16,0.23728022560657,0,-9.99200722162641e-16,9.99200722162641e-16,0.23728022560657,0,-9.99200722162641e-16
633847,0.196597069639527,-0.00626297949023767,0.17794051325002,0.182927313825814,0.177803187587168,0.183010505192395,0.184675079680888,0.187367183325365,0,0,0,0,0,0,0.202860049129765,-0.018793882052359,0.184066167077406,-0.005207317605227,0.013586564447132,-0.018656556389507,0.184203492740258,-0.00498680057579401,0.013669755813713,-0.011921989958639,0.190938059171126,-0.002692103644477,0.00922988631416199
634748,0.211202273269127,-0.00672382672752223,0.20344930176815,0.206899801688515,0.203461069593985,0.206747577268132,0.20344930176815,0.206899801688515,0,0,0,0,0,0,0.217926099996649,-0.007741203675142,0.210184896321507,-0.00328650767414701,0.00445469600099499,-0.00775297150097701,0.210173128495672,-0.003450499920365,0.00430247158061201,-0.00775297150097701,0.210173128495672,-0.003450499920365,0.00430247158061201
645450,0.254396430478145,-0.00821725274671334,NaN,NaN,NaN,NaN,NaN,NaN,1000,1000,1000,1000,1000,1000,0.262613683224858,NaN,NaN,NaN,NaN,NaN,NaN,NaN,NaN,NaN,NaN,NaN,NaN
654754,0.114939951392981,-0.0103541664474792,0.105976995669294,0.106607008596972,0.106195771314231,0.10682650920456,0.107746928854369,0.108184653083179,0,0,0,0,0,0,0.12529411784046,-0.00874418007875,0.11654993776171,-0.000630737890328997,0.008113442188421,-0.00896295572368699,0.116331162116773,-0.000630012927678003,0.00833294279600899,-0.007193022538612,0.118101095301848,-0.000437724228809999,0.006755298309802
656657,0.224621534751332,-0.0102757962228224,0.224621534751331,0.224621534751331,0.224621534751331,0.224621534751331,0.224621534751331,0.224621534751331,0,0,0,0,0,0,0.234897330974154,-9.99200722162641e-16,0.234897330974153,0,9.99200722162641e-16,-9.99200722162641e-16,0.234897330974153,0,9.99200722162641e-16,-9.99200722162641e-16,0.234897330974153,0,9.99200722162641e-16
657659,0.26046843992286,-0.00806754320137368,0.237259347788019,0.244521028720168,0.236579640128765,0.244660977660948,0.252653189515863,0.25280439610917,0,0,0,0,0,0,0.268535983124234,-0.023888799794095,0.244647183330139,-0.00808133753218299,0.015807462261912,-0.023209092134841,0.245326890989393,-0.00726168093214902,0.015947411202692,-0.00781525040699699,0.260720732717237,-0.000151206593306974,0.00766404381369001
663755,0.188658119193,-0.0107906787974463,NaN,NaN,NaN,NaN,NaN,NaN,1000,1000,1000,1000,1000,1000,0.199448797990446,NaN,NaN,NaN,NaN,NaN,NaN,NaN,NaN,NaN,NaN,NaN,NaN
664757,0.234798677622873,-0.00804855784985129,0.187201702954609,0.205420359495356,0.211985884930791,0.213979919352831,0.225360482835644,0.225310080559024,0,0,0,0,0,0,0.242847235472724,-0.022812792692082,0.220034442780642,-0.00199403442203999,0.020818758270042,-0.047596974668264,0.19525026080446,-0.018218656540747,0.029378318127517,-0.00943819478722899,0.233409040685495,5.04022766200096e-05,0.009488597063849
667056,0.197862961741069,-0.00991092448481006,NaN,NaN,NaN,NaN,NaN,NaN,1000,1000,1000,1000,1000,1000,0.207773886225879,NaN,NaN,NaN,NaN,NaN,NaN,NaN,NaN,NaN,NaN,NaN,NaN
668361,0.300947945567447,-0.00773527298850576,0.300947945567445,0.294591025564804,0.300947945567445,0.29457241032501,0.300947945567445,0.294591025564804,0,0,0,0,0,0,0.308683218555953,-1.99840144432528e-15,0.308683218555951,0.00637553524243495,0.00637553524243695,-1.99840144432528e-15,0.308683218555951,0.00635692000264099,0.00635692000264299,-1.99840144432528e-15,0.308683218555951,0.00635692000264099,0.00635692000264299
677766,0.257287737101071,-0.00705800422443855,0.229036615671481,0.235632331905833,0.228940908042774,0.235852083893219,0.247239988109695,0.245429308255447,0,0,0,0,0,0,0.26434574132551,-0.028346829058297,0.235998912267213,-0.00691117585044498,0.021435653207852,-0.02825112142959,0.23609461989592,-0.00659571623435198,0.021655405195238,-0.010047748991376,0.254297992334134,0.00181067985424799,0.011858428845624
677968,0.229559661511956,-0.00979653596397077,0.229559661511956,0.229559661511956,0.229559661511956,0.229559661511956,0.229559661511956,0.229559661511956,0,0,0,0,0,0,0.239356197475927,0,0.239356197475927,0,0,0,0.239356197475927,0,0,0,0.239356197475927,0,0
683256,0.211637660285897,-0.0105704760937933,NaN,NaN,NaN,NaN,NaN,NaN,1000,1000,1000,1000,1000,1000,0.22220813637969,NaN,NaN,NaN,NaN,NaN,NaN,NaN,NaN,NaN,NaN,NaN,NaN
698168,0.287856351297179,-0.00754009770462739,0.274493508199745,0.280597691831318,0.273958935861013,0.28074369699696,0.274493508199745,0.280597691831318,0,0,0,0,0,0,0.295396449001806,-0.013897415436166,0.28149903356564,-0.006784761135947,0.00711265430021901,-0.013362843097434,0.282033605904372,-0.006104183631573,0.00725865946586102,-0.013362843097434,0.282033605904372,-0.006104183631573,0.00725865946586102
700634,0.200614488429503,-0.0102337808798196,NaN,NaN,NaN,NaN,NaN,NaN,1000,1000,1000,1000,1000,1000,0.210848269309323,NaN,NaN,NaN,NaN,NaN,NaN,NaN,NaN,NaN,NaN,NaN,NaN
707749,0.213947560548182,-0.00821702969426347,0.211562083950698,0.210107563097779,0.211566986705402,0.210087472052495,0.211562083950698,0.210107563097779,0,0,0,0,0,0,0.222164590242445,-0.00238057384278001,0.219784016399665,0.00147951465290699,0.003860088495687,-0.002385476597484,0.219779113644961,0.001454520852919,0.003839997450403,-0.002385476597484,0.219779113644961,0.001454520852919,0.003839997450403
709551,0.220974259052181,-0.00828589531644855,0.203754088995918,0.205265716418632,0.204022849292041,0.204598790444262,0.208299170118844,0.21157925862792,0,0,0,0,0,0,0.22926015436863,-0.01695140976014,0.21230874460849,-0.000575941152220982,0.016375468607919,-0.017220170056263,0.212039984312367,-0.00151162742271402,0.015708542633549,-0.012675088933337,0.216585065435293,-0.00328008850907602,0.00939500042426097
715041,0.221149134467969,-0.00993979497588734,0.215111898154438,0.218801264670137,0.215379678797377,0.218689836214801,0.215111898154438,0.218801264670137,0,0,0,0,0,0,0.231088929443856,-0.00576945567059201,0.225319473773264,-0.00331015741742402,0.00245929825316799,-0.00603723631353098,0.225051693130325,-0.00368936651569898,0.002347869797832,-0.00603723631353098,0.225051693130325,-0.00368936651569898,0.002347869797832
723141,0.201779565497424,-0.0103637864975558,0.201779565497425,0.199159623133836,0.201779565497425,0.199006722785788,0.201779565497425,0.199159623133836,0,0,0,0,0,0,0.21214335199498,9.99200722162641e-16,0.212143351994981,0.00277284271163702,0.00277284271163603,9.99200722162641e-16,0.212143351994981,0.00261994236358901,0.00261994236358801,9.99200722162641e-16,0.212143351994981,0.00261994236358901,0.00261994236358801
724446,0.218997192249748,-0.00730021931534604,0.213427309862623,0.21160951003953,0.213497389908563,0.211752484394905,0.213427309862623,0.21160951003953,0,0,0,0,0,0,0.226297411565094,-0.005499802341185,0.220797609223909,0.00174490551365802,0.00724470785484302,-0.005569882387125,0.220727529177969,0.00181779982309302,0.00738768221021802,-0.005569882387125,0.220727529177969,0.00181779982309302,0.00738768221021802
731140,0.183675101348297,-0.00896118937538268,NaN,NaN,NaN,NaN,NaN,NaN,1000,1000,1000,1000,1000,1000,0.19263629072368,NaN,NaN,NaN,NaN,NaN,NaN,NaN,NaN,NaN,NaN,NaN,NaN
744553,0.173117325533392,-0.011264678092428,0.173117325533392,0.173117325533392,0.173117325533392,0.173117325533392,0.173117325533392,0.173117325533392,0,0,0,0,0,0,0.18438200362582,0,0.18438200362582,0,0,0,0.18438200362582,0,0,0,0.18438200362582,0,0
748258,0.163878877514401,-0.00982602601953211,NaN,NaN,NaN,NaN,NaN,NaN,1000,1000,1000,1000,1000,1000,0.173704903533933,NaN,NaN,NaN,NaN,NaN,NaN,NaN,NaN,NaN,NaN,NaN,NaN
753150,0.236830508058301,-0.00869394905653996,0.236830508058302,0.232195697697966,0.236830508058302,0.232314067307055,0.236830508058302,0.232195697697966,0,0,0,0,0,0,0.245524457114841,9.99200722162641e-16,0.245524457114842,0.00451644075124699,0.00451644075124599,9.99200722162641e-16,0.245524457114842,0.004634810360336,0.004634810360335,9.99200722162641e-16,0.245524457114842,0.004634810360336,0.004634810360335
753251,0.238995908213898,-0.00660201029319339,0.229575652949734,0.232855252561212,0.229547994585306,0.232883090770846,0.229575652949734,0.232855252561212,0,0,0,0,0,0,0.245597918507091,-0.00944791362859199,0.236150004878499,-0.00333509618554001,0.00611281744305198,-0.00942025526416398,0.236177663242927,-0.003279599611478,0.00614065565268598,-0.00942025526416398,0.236177663242927,-0.003279599611478,0.00614065565268598
763557,0.243526883244175,-0.010392949776219,0.226233439614553,0.229426894580838,0.225953195403927,0.229583680872923,0.230804597253221,0.232099880492672,0,0,0,0,0,0,0.253919833020394,-0.017573687840248,0.236346145180146,-0.003630485468996,0.013943202371252,-0.017293443629622,0.236626389390772,-0.00319345496628501,0.014099988663337,-0.012722285990954,0.24119754702944,-0.00129528323945099,0.011427002751503
769064,0.212725644830317,-0.00829756280292953,0.205722516106757,0.206454335890289,0.205643430765034,0.20616941741169,0.205722516106757,0.206454335890289,0,0,0,0,0,0,0.221023207633247,-0.007082214065283,0.213940993567964,-0.000525986646656013,0.00655622741862699,-0.00700312872356001,0.214020078909687,-0.000731819783532012,0.006271308940028,-0.00700312872356001,0.214020078909687,-0.000731819783532012,0.006271308940028
770352,0.201881863451319,-0.0112013747327351,0.172541289805776,0.188828733953315,0.172297412736653,0.18857923128681,0.189153460345168,0.195593543863984,0,0,0,0,0,0,0.213083238184054,-0.029584450714666,0.183498787469388,-0.016281818550157,0.013302632164509,-0.029340573645543,0.183742664538511,-0.016287444147539,0.013053129498004,-0.012728403106151,0.200354835077903,-0.006440083518816,0.006288319587335
771354,0.235516228210705,-0.0078467511538016,0.235516228210706,0.235516228210706,0.235516228210706,0.235516228210706,0.235516228210706,0.235516228210706,0,0,0,0,0,0,0.243362979364507,9.99200722162641e-16,0.243362979364508,0,-9.99200722162641e-16,9.99200722162641e-16,0.243362979364508,0,-9.99200722162641e-16,9.99200722162641e-16,0.243362979364508,0,-9.99200722162641e-16
782561,0.239633533854312,-0.00714441802065174,0.239633533854311,0.239633533854311,0.239633533854311,0.239633533854311,0.239633533854311,0.239633533854311,0,0,0,0,0,0,0.246777951874964,-9.99200722162641e-16,0.246777951874963,0,9.99200722162641e-16,-9.99200722162641e-16,0.246777951874963,0,9.99200722162641e-16,-9.99200722162641e-16,0.246777951874963,0,9.99200722162641e-16
784565,0.210442002646136,-0.00713312567918921,0.198533900909717,0.205712867897158,0.198250367428751,0.20544563342591,0.198533900909717,0.205712867897158,0,0,0,0,0,0,0.217575128325325,-0.012191635217385,0.20538349310794,-0.007195265997159,0.004996369220226,-0.011908101736419,0.205667026588906,-0.007178966987441,0.00472913474897799,-0.011908101736419,0.205667026588906,-0.007178966987441,0.00472913474897799
788674,0.201450170027572,-0.0075476095259741,0.188317050139595,0.189320386647804,0.188387512868838,0.18923885900472,0.189317063381617,0.192415707783709,0,0,0,0,0,0,0.208997779553546,-0.013062657158734,0.195935122394812,-0.000851346135882003,0.012211311022852,-0.013133119887977,0.195864659665569,-0.00100333650820902,0.012129783379768,-0.012133106645955,0.196864672907591,-0.00309864440209201,0.00903446224386301
789373,0.194688939265376,-0.00989163883998992,0.185399382465887,0.17932344853085,0.185388444400822,0.179131649379651,0.18983782447453,0.184255534201835,0,0,0,0,0,0,0.204580578105366,-0.009300494864554,0.195280083240812,0.00625679502117099,0.015557289885725,-0.00928955679948901,0.195291021305877,0.006075933935037,0.015365490734526,-0.00485111479084602,0.19972946331452,0.005582290272695,0.010433405063541
792867,0.268389665725865,-0.00802433442170425,0.247125526101061,0.256813413158913,0.247481537479972,0.256252800395335,0.255579413358565,0.259589794631475,0,0,0,0,0,0,0.276414000147569,-0.020908128245893,0.255505871901676,-0.00877126291536298,0.01213686533053,-0.021264139624804,0.255149860522765,-0.00968788705785198,0.011576252566952,-0.0128102523673,0.263603747780269,-0.00401038127291004,0.00879987109438995
800941,0.237867195667909,-0.00604167991084596,0.23786719566791,0.23642735567036,0.23786719566791,0.236377050409581,0.23786719566791,0.23642735567036,0,0,0,0,0,0,0.243908875578755,9.99200722162641e-16,0.243908875578756,0.001490145258329,0.001490145258328,9.99200722162641e-16,0.243908875578756,0.00143983999755001,0.00143983999754901,9.99200722162641e-16,0.243908875578756,0.00143983999755001,0.00143983999754901
803240,0.194065919949384,-0.00610630023849784,0.192148888472878,0.191938841836191,0.192142279380335,0.191801247782226,0.192148888472878,0.191938841836191,0,0,0,0,0,0,0.200172220187882,-0.00192364056904898,0.198248579618833,0.000341031598109026,0.00226467216715801,-0.00191703147650599,0.198255188711376,0.000210046636687,0.00212707811319299,-0.00191703147650599,0.198255188711376,0.000210046636687,0.00212707811319299
812746,0.193191160204829,-0.00674610094268367,0.193191160204828,0.193191160204828,0.193191160204828,0.193191160204828,0.193191160204828,0.193191160204828,0,0,0,0,0,0,0.199937261147513,-9.99200722162641e-16,0.199937261147512,0,9.99200722162641e-16,-9.99200722162641e-16,0.199937261147512,0,9.99200722162641e-16,-9.99200722162641e-16,0.199937261147512,0,9.99200722162641e-16
814548,0.2537562099437,-0.00818332438522375,0.253756209943701,0.253756209943701,0.253756209943701,0.253756209943701,0.253756209943701,0.253756209943701,0,0,0,0,0,0,0.261939534328924,9.99200722162641e-16,0.261939534328925,0,-9.99200722162641e-16,9.99200722162641e-16,0.261939534328925,0,-9.99200722162641e-16,9.99200722162641e-16,0.261939534328925,0,-9.99200722162641e-16
815247,0.24360133717006,-0.00869236205236031,0.243601337170061,0.243601337170061,0.243601337170061,0.243601337170061,0.243601337170061,0.243601337170061,0,0,0,0,0,0,0.25229369922242,9.99200722162641e-16,0.252293699222421,0,-9.99200722162641e-16,9.99200722162641e-16,0.252293699222421,0,-9.99200722162641e-16,9.99200722162641e-16,0.252293699222421,0,-9.99200722162641e-16
825048,0.210114361662963,-0.00736713608336744,0.20097366951895,0.205671302807731,0.201129394778413,0.205450688717405,0.20097366951895,0.205671302807731,0,0,0,0,0,0,0.21748149774633,-0.00898496688455,0.20849653086178,-0.004321293938992,0.004663672945558,-0.009140692144013,0.208340805602317,-0.00469763328878101,0.004443058855232,-0.009140692144013,0.208340805602317,-0.00469763328878101,0.004443058855232
825654,0.191608086213033,-0.00750917306111329,0.191608086213032,0.191608086213032,0.191608086213032,0.191608086213032,0.191608086213032,0.191608086213032,0,0,0,0,0,0,0.199117259274146,-9.99200722162641e-16,0.199117259274145,0,9.99200722162641e-16,-9.99200722162641e-16,0.199117259274145,0,9.99200722162641e-16,-9.99200722162641e-16,0.199117259274145,0,9.99200722162641e-16
826353,0.215143589066378,-0.00884762503027981,NaN,NaN,NaN,NaN,NaN,NaN,1000,1000,1000,1000,1000,1000,0.223991214096658,NaN,NaN,NaN,NaN,NaN,NaN,NaN,NaN,NaN,NaN,NaN,NaN
826454,0.236832334246924,-0.00712349788073636,0.235926831838718,0.235150429418716,0.235970646471373,0.235178110969432,0.235926831838718,0.235150429418716,0,0,0,0,0,0,0.24395583212766,-0.000861687775550984,0.243094144352109,0.000792535501941,0.00165422327749198,-0.000905502408205999,0.243050329719454,0.000776402420001987,0.00168190482820799,-0.000905502408205999,0.243050329719454,0.000776402420001987,0.00168190482820799
828862,0.175664873342418,-0.00932886229274139,0.175664873342418,0.175664873342418,0.175664873342418,0.175664873342418,0.175664873342418,0.175664873342418,0,0,0,0,0,0,0.184993735635159,0,0.184993735635159,0,0,0,0.184993735635159,0,0,0,0.184993735635159,0,0
833148,0.232063268935025,-0.00812650182622069,0.204437232314494,0.217299182165513,0.204460328359285,0.216979509443483,0.210068471621492,0.218703764657824,0,0,0,0,0,0,0.240189770761246,-0.02760294057574,0.212586830185506,-0.012519181084198,0.015083759491542,-0.027626036620531,0.212563734140715,-0.012861949851019,0.014764086769512,-0.021994797313533,0.218194973447713,-0.00863529303633201,0.013359504277201
833249,0.179298075837487,-0.0108353145917001,0.179298075837487,0.179298075837487,0.179298075837487,0.179298075837487,0.179298075837487,0.179298075837487,0,0,0,0,0,0,0.190133390429187,0,0.190133390429187,0,0,0,0.190133390429187,0,0,0,0.190133390429187,0,0
837964,0.21044773835988,-0.00897627260076973,NaN,NaN,NaN,NaN,NaN,NaN,1000,1000,1000,1000,1000,1000,0.21942401096065,NaN,NaN,NaN,NaN,NaN,NaN,NaN,NaN,NaN,NaN,NaN,NaN
841349,0.22350764219737,-0.00983497100757402,0.223507642197369,0.220802358860932,0.223507642197369,0.220611291217792,0.223507642197369,0.220802358860932,0,0,0,0,0,0,0.233342613204944,-9.99200722162641e-16,0.233342613204943,0.00289635097957699,0.00289635097957799,-9.99200722162641e-16,0.233342613204943,0.00270528333643699,0.00270528333643799,-9.99200722162641e-16,0.233342613204943,0.00270528333643699,0.00270528333643799
845458,0.241374547545991,-0.00779430910169485,0.24137454754599,0.24137454754599,0.24137454754599,0.24137454754599,0.24137454754599,0.24137454754599,0,0,0,0,0,0,0.249168856647686,-9.99200722162641e-16,0.249168856647685,0,9.99200722162641e-16,-9.99200722162641e-16,0.249168856647685,0,9.99200722162641e-16,-9.99200722162641e-16,0.249168856647685,0,9.99200722162641e-16
861456,0.183321855265076,-0.0113010467902334,0.183321855265077,0.183321855265077,0.183321855265077,0.183321855265077,0.183321855265077,0.183321855265077,0,0,0,0,0,0,0.194622902055309,9.99200722162641e-16,0.19462290205531,0,-9.99200722162641e-16,9.99200722162641e-16,0.19462290205531,0,-9.99200722162641e-16,9.99200722162641e-16,0.19462290205531,0,-9.99200722162641e-16
871964,0.16595713105185,-0.00974581940878332,0.157856984904567,0.158756928630258,0.157630444170678,0.15887050018689,0.159038296026831,0.160940940320197,0,0,0,0,0,0,0.175702950460633,-0.008326686881172,0.167376263579461,-0.00124005601621199,0.00708663086496,-0.00810014614728299,0.16760280431335,-0.000899943725690994,0.007200202421592,-0.006918835025019,0.168784115435614,-0.00190264429336601,0.00501619073165299
872562,0.216976051373995,-0.00672992360632964,0.216976051373996,0.216976051373996,0.216976051373996,0.216976051373996,0.216976051373996,0.216976051373996,0,0,0,0,0,0,0.223705974980325,9.99200722162641e-16,0.223705974980326,0,-9.99200722162641e-16,9.99200722162641e-16,0.223705974980326,0,-9.99200722162641e-16,9.99200722162641e-16,0.223705974980326,0,-9.99200722162641e-16
873968,0.177702382974593,-0.0106161222366473,0.177702382974594,0.177702382974594,0.177702382974594,0.177702382974594,0.177702382974594,0.177702382974594,0,0,0,0,0,0,0.18831850521124,9.99200722162641e-16,0.188318505211241,0,-9.99200722162641e-16,9.99200722162641e-16,0.188318505211241,0,-9.99200722162641e-16,9.99200722162641e-16,0.188318505211241,0,-9.99200722162641e-16
878877,0.183247720616602,-0.0100237401244831,NaN,NaN,NaN,NaN,NaN,NaN,1000,1000,1000,1000,1000,1000,0.193271460741085,NaN,NaN,NaN,NaN,NaN,NaN,NaN,NaN,NaN,NaN,NaN,NaN
884064,0.268503146571576,-0.0073153983553336,0.268503146571575,0.268503146571575,0.268503146571575,0.268503146571575,0.268503146571575,0.268503146571575,0,0,0,0,0,0,0.27581854492691,-9.99200722162641e-16,0.275818544926909,0,9.99200722162641e-16,-9.99200722162641e-16,0.275818544926909,0,9.99200722162641e-16,-9.99200722162641e-16,0.275818544926909,0,9.99200722162641e-16
885975,0.283603386977557,-0.00680854130159968,0.283603386977559,0.281637803346222,0.283603386977559,0.281664030316778,0.283603386977559,0.281637803346222,0,0,0,0,0,0,0.290411928279157,1.99840144432528e-15,0.290411928279159,0.00193935666078099,0.00193935666077899,1.99840144432528e-15,0.290411928279159,0.00196558363133698,0.00196558363133498,1.99840144432528e-15,0.290411928279159,0.00196558363133698,0.00196558363133498
886674,0.201610544217687,-0.00757647097505669,0.201610544217687,0.201610544217687,0.201610544217687,0.201610544217687,0.201610544217687,0.201610544217687,0,0,0,0,0,0,0.209187015192744,0,0.209187015192744,0,0,0,0.209187015192744,0,0,0,0.209187015192744,0,0
888678,0.200968908231615,-0.00904596343212805,0.200968908231616,0.199053028920176,0.200968908231616,0.199064598925017,0.200968908231616,0.199053028920176,0,0,0,0,0,0,0.210014871663743,9.99200722162641e-16,0.210014871663744,0.00190430930659902,0.00190430930659802,9.99200722162641e-16,0.210014871663744,0.00191587931143999,0.00191587931143899,9.99200722162641e-16,0.210014871663744,0.00191587931143999,0.00191587931143899
896778,0.21949118406518,-0.00975379079040871,0.183921990761913,0.20301253284868,0.183760108114811,0.203558513524685,0.20512929165582,0.21215625,0,0,0,0,0,0,0.229244974855589,-0.035731075950369,0.19351389890522,-0.019798405409874,0.015932670540495,-0.035569193303267,0.193675781552322,-0.019090542086767,0.0164786512165,-0.01436189240936,0.214883082446229,-0.00702695834417999,0.00733493406518002
901139,0.260060918938101,-0.00724981685054508,NaN,NaN,NaN,NaN,NaN,NaN,1000,1000,1000,1000,1000,1000,0.267310735788646,NaN,NaN,NaN,NaN,NaN,NaN,NaN,NaN,NaN,NaN,NaN,NaN
902242,0.156946411600165,-0.00920324351028027,0.156946411600165,0.156946411600165,0.156946411600165,0.156946411600165,0.156946411600165,0.156946411600165,0,0,0,0,0,0,0.166149655110445,0,0.166149655110445,0,0,0,0.166149655110445,0,0,0,0.166149655110445,0,0
904044,0.259536449207394,-0.00969126212727406,0.244965573173399,0.2506659673562,0.244935581068272,0.250452243440541,0.244965573173399,0.2506659673562,0,0,0,0,0,0,0.269227711334668,-0.014600868139122,0.254626843195546,-0.005516662372269,0.00908420576685298,-0.014570876033995,0.254656835300673,-0.00570039418280099,0.00887048185119399,-0.014570876033995,0.254656835300673,-0.00570039418280099,0.00887048185119399
905147,0.239260011745845,-0.0109274401993619,0.239260011745843,0.232133225821812,0.239260011745843,0.23215019634609,0.239260011745843,0.232133225821812,0,0,0,0,0,0,0.250187451945207,-1.99840144432528e-15,0.250187451945205,0.007109815399753,0.007109815399755,-1.99840144432528e-15,0.250187451945205,0.00712678592403099,0.00712678592403299,-1.99840144432528e-15,0.250187451945205,0.00712678592403099,0.00712678592403299
907656,0.254884952520088,-0.0095781131109995,0.254884952520087,0.25219312856987,0.254884952520087,0.252168841719675,0.254884952520087,0.25219312856987,0,0,0,0,0,0,0.264463065631088,-9.99200722162641e-16,0.264463065631087,0.00271611080041201,0.00271611080041301,-9.99200722162641e-16,0.264463065631087,0.00269182395021705,0.00269182395021805,-9.99200722162641e-16,0.264463065631087,0.00269182395021705,0.00269182395021805
908860,0.203928444972916,-0.00794700034350641,0.191963228960233,0.197146900039635,0.19232463871053,0.197385438076364,0.191963228960233,0.197146900039635,0,0,0,0,0,0,0.211875445316422,-0.011603806262386,0.200271639054036,-0.00506079936583401,0.00654300689655202,-0.011965216012683,0.199910229303739,-0.00518367107940201,0.00678154493328101,-0.011965216012683,0.199910229303739,-0.00518367107940201,0.00678154493328101
911849,0.230088603342572,-0.00909205943282666,0.225916353685508,0.225244596175919,0.226056970969459,0.225096461045324,0.225916353685508,0.225244596175919,0,0,0,0,0,0,0.239180662775399,-0.00403163237311299,0.235149030402286,0.000960509924135017,0.00499214229724801,-0.004172249657064,0.235008413118335,0.000671757509589005,0.00484400716665301,-0.004172249657064,0.235008413118335,0.000671757509589005,0.00484400716665301
926862,0.182495203226565,-0.0102422204710192,0.1741911334743,0.17436225755084,0.174158833568278,0.173625165874819,0.1741911334743,0.17436225755084,0,0,0,0,0,0,0.192737423697584,-0.00833636965828702,0.184401054039297,0.000533667693459,0.00887003735174602,-0.00830406975226503,0.184433353945319,-0.000171124076540019,0.00813294567572501,-0.00830406975226503,0.184433353945319,-0.000171124076540019,0.00813294567572501
952863,0.203818994947042,-0.00933073324893677,0.182873044140037,0.195706766301416,0.183099805362057,0.195661871289322,0.19384717085883,0.197584998836334,0,0,0,0,0,0,0.213149728195979,-0.020719189584985,0.192430538610994,-0.012562065927265,0.00815712365772001,-0.020945950807005,0.192203777388974,-0.012833722161379,0.008112228645626,-0.00997182408821201,0.203177904107767,-0.00373782797750402,0.00623399611070799
957974,0.195106632095425,-0.00732541395357385,0.195106632095424,0.191940025407762,0.195106632095424,0.191693474729186,0.195106632095424,0.191940025407762,0,0,0,0,0,0,0.202432046048999,-9.99200722162641e-16,0.202432046048998,0.00341315736623801,0.00341315736623901,-9.99200722162641e-16,0.202432046048998,0.003166606687662,0.003166606687663,-9.99200722162641e-16,0.202432046048998,0.003166606687662,0.003166606687663
958976,0.243257684450822,-0.00687373659254676,0.243257684450823,0.239595470240922,0.243257684450823,0.239674587522469,0.243257684450823,0.239595470240922,0,0,0,0,0,0,0.250131421043369,9.99200722162641e-16,0.25013142104337,0.00358309692835398,0.00358309692835299,9.99200722162641e-16,0.25013142104337,0.00366221420990098,0.00366221420989998,9.99200722162641e-16,0.25013142104337,0.00366221420990098,0.00366221420989998
962058,0.23703857599071,-0.00946717121498039,0.23703857599071,0.23703857599071,0.23703857599071,0.23703857599071,0.23703857599071,0.23703857599071,0,0,0,0,0,0,0.24650574720569,0,0.24650574720569,0,0,0,0.24650574720569,0,0,0,0.24650574720569,0,0
969476,0.228437550336922,-0.00993377653594728,0.196116488026524,0.210311357561613,0.196582183833794,0.210879658682112,0.21901626260101,0.21980980802337,0,0,0,0,0,0,0.238371326872869,-0.031855366503128,0.206515960369741,-0.014297474848318,0.01755789165481,-0.032321062310398,0.206050264562471,-0.014194869535089,0.018126192775309,-0.009421287735912,0.228950039136957,-0.000793545422359987,0.00862774231355201
987074,0.194150249170294,-0.0115612405785714,0.187855267664209,0.188507255404721,0.187695140209985,0.188129594400389,0.187855267664209,0.188507255404721,0,0,0,0,0,0,0.205711489748865,-0.00645510896030899,0.199256380788556,-0.000434454190403999,0.00602065476990499,-0.00629498150608498,0.19941650824278,-0.000651987740511978,0.00564299376557301,-0.00629498150608498,0.19941650824278,-0.000651987740511978,0.00564299376557301
987983,0.225896102961214,-0.0103196833281058,0.218132599071375,0.21263482693825,0.217872597665925,0.211832185549117,0.225896102961215,0.222548560584896,0,0,0,0,0,0,0.23621578628932,-0.008023505295289,0.228192280994031,0.006040412116808,0.014063917412097,-0.00776350388983901,0.228452282399481,0.005497772133125,0.013261276022964,9.99200722162641e-16,0.236215786289321,0.00334754237631901,0.00334754237631801
989987,0.219351940776244,-0.00938159917204455,0.191111614635174,0.19483445312085,0.191153128867226,0.194882862912604,0.219351940776243,0.207973442148197,0,0,0,0,0,0,0.228733539948289,-0.028198811909018,0.200534728039271,-0.00372973404537802,0.02446907786364,-0.02824032614107,0.200493213807219,-0.00372283848567598,0.024517487655394,-9.99200722162641e-16,0.228733539948288,0.011378498628046,0.011378498628047
992673,0.185256425362114,-0.0106873661382893,0.178434418889621,0.182212521666614,0.178558205297388,0.182170939440831,0.178434418889621,0.182212521666614,0,0,0,0,0,0,0.195943791500403,-0.00669822006472601,0.189245571435677,-0.00361273414344299,0.00308548592128302,-0.00682200647249301,0.18912178502791,-0.003778102776993,0.00304390369550001,-0.00682200647249301,0.18912178502791,-0.003778102776993,0.00304390369550001
993675,0.286808085131046,-0.00696876464641339,0.215291570243923,0.245465647498571,0.245809508233478,0.255224395136343,0.270614542598714,0.27064456392319,0,0,0,0,0,0,0.293776849777459,-0.040998576897568,0.252778272879891,-0.00941488690286499,0.031583689994703,-0.071516514887123,0.222260334890336,-0.030174077254648,0.041342437632475,-0.016193542532332,0.277583307245127,-3.00213244759928e-05,0.016163521207856
