Subject,none,all,peak_dense_80,matched_random_80,peak_dense_90,matched_random_90,peak_dense_95,matched_random_95,peak_dense_num_na_80,matched_random_num_na_80,peak_dense_num_na_90,matched_random_num_na_90,peak_dense_num_na_95,matched_random_num_na_95,none_minus_all,peak_dense_minus_none_90,peak_dense_minus_all_90,peak_dense_minus_matched_random_90,none_minus_matched_random_90,peak_dense_minus_none_80,peak_dense_minus_all_80,peak_dense_minus_matched_random_80,none_minus_matched_random_80,peak_dense_minus_none_95,peak_dense_minus_all_95,peak_dense_minus_matched_random_95,none_minus_matched_random_95
100206,0.399925302514618,-0.00401081472229549,0.338916413156104,0.344523597014359,0.339004585873452,0.345038107290046,0.372253162522446,0.36707638748168,0,0,0,0,0,0,0.403936117236913,-0.060920716641166,0.343015400595747,-0.00603352141659402,0.054887195224572,-0.061008889358514,0.342927227878399,-0.00560718385825498,0.055401705500259,-0.027672139992172,0.376263977244741,0.00517677504076602,0.032848915032938
100307,0.439626010659277,-0.00410572651890343,0.33025058474064,0.35294080115491,0.350800973826816,0.36397903601766,0.413296557562235,0.402316138547781,0,0,0,0,0,0,0.44373173717818,-0.088825036832461,0.354906700345719,-0.013178062190844,0.075646974641617,-0.109375425918637,0.334356311259543,-0.02269021641427,0.086685209504367,-0.026329453097042,0.417402284081138,0.010980419014454,0.037309872111496
100408,0.417866477122944,-0.00422647051580166,0.310364910823592,0.33158624796958,0.349022172565028,0.348039114441027,0.393511039869644,0.38398735763882,0,0,0,0,0,0,0.422092947638746,-0.068844304557916,0.35324864308083,0.000983058124001013,0.069827362681917,-0.107501566299352,0.314591381339394,-0.021221337145988,0.086280229153364,-0.0243554372533,0.397737510385446,0.00952368223082395,0.033879119484124
100610,0.403971585864304,-0.00433987788247089,0.363377813268307,0.359822429080718,0.363688352699715,0.36006915783782,0.37507335739059,0.371614464679148,0,0,0,0,0,0,0.408311463746775,-0.040283233164589,0.368028230582186,0.00361919486189499,0.043902428026484,-0.040593772595997,0.367717691150778,0.00355538418758899,0.044149156783586,-0.028898228473714,0.379413235273061,0.00345889271144201,0.032357121185156
101006,0.52940198023858,-0.00378540309201986,0.432857114975967,0.443970738235345,0.433165954920186,0.444243490483075,0.491713673194985,0.484891582937948,0,0,0,0,0,0,0.5331873833306,-0.096236025318394,0.436951358012206,-0.011077535562889,0.085158489755505,-0.096544865262613,0.436642518067987,-0.011113623259378,0.085431242003235,-0.037688307043595,0.495499076287005,0.00682209025703701,0.044510397300632
101107,0.417489986444366,-0.00373764480865206,0.342682364731038,0.360759778323822,0.342716308996962,0.360866615371005,0.383462201058847,0.383746056853104,0,0,0,0,0,0,0.421227631253018,-0.074773677447404,0.346453953805614,-0.018150306374043,0.056623371073361,-0.074807621713328,0.34642000953969,-0.018077413592784,0.056730208120544,-0.034027785385519,0.387199845867499,-0.000283855794256993,0.033743929591262
101309,0.49370222282514,-0.00339211857130408,0.397444020498896,0.418553085470714,0.397311782587546,0.418339597275169,0.459707658563234,0.453996787934244,0,0,0,0,0,0,0.497094341396444,-0.096390440237594,0.40070390115885,-0.021027814687623,0.075362625549971,-0.096258202326244,0.4008361390702,-0.021109064971818,0.075149137354426,-0.033994564261906,0.463099777134538,0.00571087062899001,0.039705434890896
101915,0.452549248505097,-0.00449399972574422,0.351941155045902,0.379783808099193,0.351238723048717,0.380149020859813,0.428862016108172,0.415067131317087,0,0,0,0,0,0,0.457043248230841,-0.10131052545638,0.355732722774461,-0.028910297811096,0.072400227645284,-0.100608093459195,0.356435154771646,-0.027842653053291,0.072765440405904,-0.023687232396925,0.433356015833916,0.013794884791085,0.03748211718801
102008,0.370809621077393,-0.0047594132665687,0.355178671750415,0.355300678505731,0.355202771481813,0.355419616729867,0.355178671750415,0.355300678505731,0,0,0,0,0,0,0.375569034343962,-0.01560684959558,0.359962184748382,-0.000216845248053987,0.015390004347526,-0.015630949326978,0.359938085016984,-0.000122006755315984,0.015508942571662,-0.015630949326978,0.359938085016984,-0.000122006755315984,0.015508942571662
102109,0.407764666522131,-0.00509094220817176,0.339182569486294,0.349981188846603,0.338845009073893,0.350453008105988,0.377986720955442,0.377129227432443,0,0,0,0,0,0,0.412855608730303,-0.068919657448238,0.343935951282065,-0.011607999032095,0.057311658416143,-0.068582097035837,0.344273511694466,-0.010798619360309,0.057783477675528,-0.029777945566689,0.383077663163614,0.00085749352299902,0.030635439089688
102311,0.464513087670465,-0.00330564303092751,0.364509961029639,0.391643309901285,0.364380296510301,0.391817302026635,0.427434463572537,0.427983688259729,0,0,0,0,0,0,0.467818730701393,-0.100132791160164,0.367685939541229,-0.027437005516334,0.07269578564383,-0.100003126640826,0.367815604060567,-0.027133348871646,0.07286977776918,-0.037078624097928,0.430740106603465,-0.000549224687191985,0.036529399410736
102513,0.505885824343015,-0.00449367508198358,0.339637789255151,0.391237008530494,0.407994841069425,0.42081004017551,0.471659356711899,0.463994111611571,0,0,0,0,0,0,0.510379499424999,-0.09789098327359,0.412488516151409,-0.012815199106085,0.085075784167505,-0.166248035087864,0.344131464337135,-0.051599219275343,0.114648815812521,-0.034226467631116,0.476153031793883,0.00766524510032801,0.041891712731444
102614,0.448876920634183,-0.00376909894738222,0.373665929358222,0.384844901926792,0.374102196163827,0.385108325392638,0.417802659590345,0.411542173680657,0,0,0,0,0,0,0.452646019581565,-0.074774724470356,0.377871295111209,-0.011006129228811,0.063768595241545,-0.075210991275961,0.377435028305604,-0.01117897256857,0.064032018707391,-0.031074261043838,0.421571758537727,0.00626048590968803,0.037334746953526
102816,0.342995795864341,-0.00498627705853818,0.307765076987937,0.315115273382541,0.308213065526998,0.314983957769655,0.312225510653145,0.317851760542195,0,0,0,0,0,0,0.347982072922879,-0.034782730337343,0.313199342585536,-0.00677089224265698,0.028011838094686,-0.035230718876404,0.312751354046475,-0.00735019639460399,0.0278805224818,-0.030770285211196,0.317211787711683,-0.00562624988904997,0.025144035322146
103111,0.667247616063614,-0.00293390757987814,0.41162775751896,0.463149620335835,0.55418793658076,0.546431353095839,0.619429137299902,0.605642702701311,0,0,0,0,0,0,0.670181523643492,-0.113059679482854,0.557121844160638,0.00775658348492103,0.120816262967775,-0.255619858544654,0.414561665098838,-0.051521862816875,0.204097995727779,-0.047818478763712,0.62236304487978,0.013786434598591,0.061604913362303
103212,0.444506704767141,-0.00435426124385109,0.368763151965199,0.386613993188572,0.36855818226822,0.386552858239526,0.406394803015357,0.407377492441382,0,0,0,0,0,0,0.448860966010992,-0.075948522498921,0.372912443512071,-0.017994675971306,0.057953846527615,-0.075743552801942,0.37311741320905,-0.017850841223373,0.057892711578569,-0.038111901751784,0.410749064259208,-0.000982689426024974,0.037129212325759
103515,0.468986601076374,-0.00384283288127067,0.392101339663811,0.4233557899191,0.391844047910088,0.423299126869392,0.412919990501388,0.429241703761254,0,0,0,0,0,0,0.472829433957645,-0.077142553166286,0.395686880791359,-0.031455078959304,0.045687474206982,-0.076885261412563,0.395944172545082,-0.031254450255289,0.045630811157274,-0.056066610574986,0.416762823382659,-0.016321713259866,0.03974489731512
103818,0.36715294650011,-0.00488504759711945,0.336343662933257,0.343988454320391,0.336232145865705,0.344008683155547,0.336343662933257,0.343988454320391,0,0,0,0,0,0,0.372037994097229,-0.030920800634405,0.341117193462824,-0.00777653728984201,0.023144263344563,-0.030809283566853,0.341228710530376,-0.00764479138713398,0.023164492179719,-0.030809283566853,0.341228710530376,-0.00764479138713398,0.023164492179719
104012,0.381487945537638,-0.00411446515581399,0.369913477390877,0.365156738650603,0.369828099361471,0.36490354152347,0.369913477390877,0.365156738650603,0,0,0,0,0,0,0.385602410693452,-0.011659846176167,0.373942564517285,0.004924557838001,0.016584404014168,-0.011574468146761,0.374027942546691,0.00475673874027399,0.016331206887035,-0.011574468146761,0.374027942546691,0.00475673874027399,0.016331206887035
104416,0.524082729176214,-0.00401240130462295,0.425410249260436,0.448356682507242,0.425213398995675,0.448320493517016,0.482117049765635,0.478151786588593,0,0,0,0,0,0,0.528095130480837,-0.098869330180539,0.429225800300298,-0.023107094521341,0.075762235659198,-0.098672479915778,0.429422650565059,-0.022946433246806,0.075726046668972,-0.041965679410579,0.486129451070258,0.00396526317704204,0.045930942587621
105014,0.442775794438278,-0.00431649411136716,0.366025643990439,0.366195539268955,0.374620756209613,0.370630687746904,0.421124812300923,0.410032191093402,0,0,0,0,0,0,0.447092288549645,-0.068155038228665,0.37893725032098,0.003990068462709,0.072145106691374,-0.076750150447839,0.370342138101806,-0.000169895278515964,0.076580255169323,-0.021650982137355,0.42544130641229,0.011092621207521,0.032743603344876
105115,0.399840611708403,-0.00445382194994996,0.355041288600979,0.357842620141178,0.355026331706337,0.357645543358259,0.366844455737158,0.367179998763136,0,0,0,0,0,0,0.404294433658353,-0.044814280002066,0.359480153656287,-0.00261921165192197,0.042195068350144,-0.044799323107424,0.359495110550929,-0.00280133154019901,0.041997991567225,-0.032996155971245,0.371298277687108,-0.000335543025977991,0.032660612945267
105216,0.420451819135786,-0.0046284940296699,0.380742719934171,0.385932781398822,0.380580333869724,0.385797181834747,0.384243051862011,0.387123516883771,0,0,0,0,0,0,0.425080313165456,-0.039871485266062,0.385208827899394,-0.00521684796502297,0.034654637301039,-0.039709099201615,0.385371213963841,-0.00519006146465095,0.034519037736964,-0.036208767273775,0.388871545891681,-0.00288046502175998,0.033328302252015
105620,0.355652913742201,-0.00512708396610163,0.309036068371203,0.327854246338234,0.309124747455615,0.327382365792184,0.309036068371203,0.327854246338234,0,0,0,0,0,0,0.360779997708303,-0.046528166286586,0.314251831421717,-0.018257618336569,0.028270547950017,-0.046616845370998,0.314163152337305,-0.018818177967031,0.027798667403967,-0.046616845370998,0.314163152337305,-0.018818177967031,0.027798667403967
105923,0.474842693794904,-0.00412890018454543,0.391307310953602,0.401899673577344,0.39114387150196,0.401393070728122,0.437914451758564,0.434645572241979,0,0,0,0,0,0,0.478971593979449,-0.083698822292944,0.395272771686505,-0.010249199226162,0.073449623066782,-0.083535382841302,0.395436211138147,-0.010592362623742,0.07294302021756,-0.03692824203634,0.442043351943109,0.00326887951658505,0.040197121552925
106016,0.401087127831429,-0.00466809390756728,0.351163014541617,0.358612755945855,0.351294915356029,0.358883910713006,0.373327548373866,0.37071686890814,0,0,0,0,0,0,0.405755221738996,-0.0497922124754,0.355963009263596,-0.00758899535697699,0.042203217118423,-0.049924113289812,0.355831108449184,-0.00744974140423799,0.042474371885574,-0.027759579457563,0.377995642281433,0.00261067946572602,0.030370258923289
106521,0.426620079051703,-0.00431708339357592,0.348287187033819,0.369315948520321,0.34813613241738,0.3696654725634,0.395355185172992,0.393965109328452,0,0,0,0,0,0,0.430937162445279,-0.078483946634323,0.352453215810956,-0.02152934014602,0.056954606488303,-0.078332892017884,0.352604270427395,-0.021028761486502,0.057304130531382,-0.031264893878711,0.399672268566568,0.00139007584453998,0.032654969723251
106824,0.570777070208415,-0.00319127016264909,0.455614971212687,0.481350162768704,0.45491073404816,0.48131098075947,0.532818597725983,0.520631377644585,0,0,0,0,0,0,0.573968340371064,-0.115866336160255,0.458102004210809,-0.02640024671131,0.089466089448945,-0.115162098995728,0.458806241375336,-0.025735191556017,0.0894269074397109,-0.037958472482432,0.536009867888632,0.0121872200813979,0.0501456925638299
107018,0.380751425892433,-0.00416212651974126,0.368709066541106,0.365330611405336,0.368748987711198,0.365199364370794,0.368709066541106,0.365330611405336,0,0,0,0,0,0,0.384913552412174,-0.012002438181235,0.372911114230939,0.00354962334040404,0.015552061521639,-0.012042359351327,0.372871193060847,0.00337845513577001,0.015420814487097,-0.012042359351327,0.372871193060847,0.00337845513577001,0.015420814487097
107321,0.563182643171172,-0.00302412128145268,0.417174191729975,0.451919073125356,0.451266595018243,0.464108089652606,0.522302110529945,0.512539048454399,0,0,0,0,0,0,0.566206764452625,-0.111916048152929,0.454290716299696,-0.012841494634363,0.0990745535185659,-0.146008451441197,0.420198313011428,-0.034744881395381,0.111263570045816,-0.0408805326412269,0.525326231811398,0.009763062075546,0.0506435947167729
107422,0.457444127052705,-0.00437806744617401,0.386135438254136,0.407769652384801,0.386218110331399,0.407963490403147,0.415320588351075,0.420168015775573,0,0,0,0,0,0,0.461822194498879,-0.071226016721306,0.390596177777573,-0.021745380071748,0.049480636649558,-0.071308688798569,0.39051350570031,-0.021634214130665,0.049674474667904,-0.04212353870163,0.419698655797249,-0.00484742742449801,0.037276111277132
107725,0.454550283599225,-0.00445793680016911,0.375629918272675,0.398100480824585,0.375126101984047,0.397823878554992,0.429391162201966,0.421470895413432,0,0,0,0,0,0,0.459008220399394,-0.079424181615178,0.379584038784216,-0.022697776570945,0.056726405044233,-0.07892036532655,0.380087855072844,-0.02247056255191,0.05644980277464,-0.025159121397259,0.433849099002135,0.00792026678853397,0.033079388185793
108020,0.470723314383731,-0.00348119453024781,0.349124541674218,0.390454395085082,0.349435839863533,0.390467753924686,0.434640377201925,0.429867830602293,0,0,0,0,0,0,0.474204508913979,-0.121287474520198,0.352917034393781,-0.041031914061153,0.080255560459045,-0.121598772709513,0.352605736204466,-0.041329853410864,0.080268919298649,-0.036082937181806,0.438121571732173,0.004772546599632,0.040855483781438
108121,0.32769400812979,-0.00496005179483441,0.313273212204247,0.320947359145125,0.313571248344512,0.320883521561833,0.313273212204247,0.320947359145125,0,0,0,0,0,0,0.332654059924624,-0.014122759785278,0.318531300139346,-0.00731227321732097,0.00681048656795702,-0.014420795925543,0.318233263999081,-0.00767414694087803,0.00674664898466498,-0.014420795925543,0.318233263999081,-0.00767414694087803,0.00674664898466498
108323,0.367572216691367,-0.00502272085482779,0.33643258833407,0.34067815298012,0.336411398715051,0.340952361308211,0.33643258833407,0.34067815298012,0,0,0,0,0,0,0.372594937546195,-0.031160817976316,0.341434119569879,-0.00454096259316,0.026619855383156,-0.031139628357297,0.341455309188898,-0.00424556464604997,0.026894063711247,-0.031139628357297,0.341455309188898,-0.00424556464604997,0.026894063711247
108525,0.395555894074788,-0.00418648358512169,0.354180101889928,0.374774972229586,0.353525200418348,0.375160444162789,0.354180101889928,0.374774972229586,0,0,0,0,0,0,0.39974237765991,-0.04203069365644,0.35771168400347,-0.021635243744441,0.020395449911999,-0.04137579218486,0.35836658547505,-0.020594870339658,0.020780921845202,-0.04137579218486,0.35836658547505,-0.020594870339658,0.020780921845202
108828,0.443518155714504,-0.00411226248000749,0.388145202918353,0.398676261086998,0.388222153173075,0.398799038143317,0.405819412933115,0.407787773023168,0,0,0,0,0,0,0.447630418194511,-0.055296002541429,0.392334415653083,-0.010576884970242,0.044719117571187,-0.055372952796151,0.392257465398361,-0.010531058168645,0.044841894627506,-0.037698742781389,0.409931675413123,-0.00196836009005297,0.035730382691336
109123,0.429787574267411,-0.00440394763647628,0.330685944100029,0.353356260802822,0.347983756617986,0.360569702037263,0.399185304040069,0.394838934968429,0,0,0,0,0,0,0.434191521903887,-0.081803817649425,0.352387704254462,-0.012585945419277,0.069217872230148,-0.099101630167382,0.335089891736505,-0.022670316702793,0.076431313464589,-0.030602270227342,0.403589251676545,0.00434636907164004,0.034948639298982
109325,0.369347652879566,-0.00485978326453536,0.340123775988657,0.348755549553338,0.340072956902779,0.348900555340122,0.340123775988657,0.348755549553338,0,0,0,0,0,0,0.374207436144101,-0.029274695976787,0.344932740167314,-0.00882759843734299,0.020447097539444,-0.029223876890909,0.344983559253192,-0.00863177356468098,0.020592103326228,-0.029223876890909,0.344983559253192,-0.00863177356468098,0.020592103326228
109830,0.524540470614359,-0.00386552350601923,0.363525715769459,0.403825766197551,0.435442584583371,0.436982910542059,0.492600194323795,0.481178464324356,0,0,0,0,0,0,0.528405994120378,-0.0890978860309881,0.43930810808939,-0.00154032595868803,0.0875575600723,-0.1610147548449,0.367391239275478,-0.040300050428092,0.120714704416808,-0.0319402762905641,0.496465717829814,0.011421729999439,0.043362006290003
110007,0.553207694256392,-0.00379039806698086,0.430488403974882,0.463171139874959,0.430311256897809,0.463174893688221,0.504697176399859,0.505042651510875,0,0,0,0,0,0,0.556998092323373,-0.122896437358583,0.43410165496479,-0.032863636790412,0.090032800568171,-0.12271929028151,0.434278802041863,-0.032682735900077,0.090036554381433,-0.048510517856533,0.50848757446684,-0.000345475111016014,0.048165042745517
110411,0.401783509934673,-0.00386793358344846,0.354991792865323,0.361379736105664,0.354929386703907,0.361452399331387,0.366859669468802,0.36974962432533,0,0,0,0,0,0,0.405651443518121,-0.046854123230766,0.358797320287355,-0.00652301262748001,0.040331110603286,-0.04679171706935,0.358859726448771,-0.00638794324034098,0.040403773829009,-0.034923840465871,0.37072760305225,-0.00288995485652799,0.032033885609343
110613,0.343106868028471,-0.00564376637784495,0.331392614472958,0.326715714108763,0.331397221684026,0.326357116659687,0.331392614472958,0.326715714108763,0,0,0,0,0,0,0.348750634406316,-0.011709646344445,0.337040988061871,0.00504010502433905,0.016749751368784,-0.011714253555513,0.337036380850803,0.00467690036419499,0.016391153919708,-0.011714253555513,0.337036380850803,0.00467690036419499,0.016391153919708
111009,0.473057644195271,-0.00379684493117189,0.401015549880329,0.421513257008007,0.400976034105588,0.421246280178813,0.430756884062307,0.435097470290814,0,0,0,0,0,0,0.476854489126443,-0.072081610089683,0.40477287903676,-0.020270246073225,0.051811364016458,-0.072042094314942,0.404812394811501,-0.020497707127678,0.051544387187264,-0.042300760132964,0.434553728993479,-0.00434058622850703,0.037960173904457
111211,0.410797699798305,-0.0044537160847111,0.329153455296694,0.339743235682352,0.347091093414781,0.349650582228517,0.382815059110879,0.379511335462673,0,0,0,0,0,0,0.415251415883016,-0.063706606383524,0.351544809499492,-0.00255948881373602,0.061147117569788,-0.081644244501611,0.333607171381405,-0.010589780385658,0.071054464115953,-0.027982640687426,0.38726877519559,0.00330372364820597,0.031286364335632
111312,0.353641283279011,-0.005024824962692,0.288595495551561,0.315968554546198,0.288605154267504,0.315730267309818,0.315785459266197,0.327801417639724,0,0,0,0,0,0,0.358666108241703,-0.065036129011507,0.293629979230196,-0.027125113042314,0.037911015969193,-0.06504578772745,0.293620320514253,-0.027373058994637,0.037672728732813,-0.037855824012814,0.320810284228889,-0.012015958373527,0.025839865639287
111413,0.414375096410941,-0.00476476290965777,0.383785031205214,0.392950272999164,0.383716953120256,0.392987840899874,0.383785031205214,0.392950272999164,0,0,0,0,0,0,0.419139859320599,-0.030658143290685,0.388481716029914,-0.00927088777961799,0.021387255511067,-0.030590065205727,0.388549794114872,-0.00916524179395001,0.021424823411777,-0.030590065205727,0.388549794114872,-0.00916524179395001,0.021424823411777
111716,0.431841449888318,-0.00416788346017229,0.354091280907172,0.384153047630957,0.354115415506421,0.384113311903429,0.391528528871209,0.399269812191917,0,0,0,0,0,0,0.43600933334849,-0.077726034381897,0.358283298966593,-0.029997896397008,0.047728137984889,-0.077750168981146,0.358259164367344,-0.030061766723785,0.047688402257361,-0.040312921017109,0.395696412331381,-0.007741283320708,0.032571637696401
112112,0.449971117328882,-0.0041929364867,0.380196112304798,0.392902875512079,0.380305327328908,0.392348468766134,0.408531084812448,0.413818031645046,0,0,0,0,0,0,0.454164053815582,-0.069665789999974,0.384498263815608,-0.012043141437226,0.057622648562748,-0.069775005024084,0.384389048791498,-0.012706763207281,0.057068241816803,-0.041440032516434,0.412724021299148,-0.00528694683259801,0.036153085683836
112314,0.322627841633794,-0.00475405232372828,0.316421370443256,0.313692424539514,0.316663966338268,0.313832022548866,0.316421370443256,0.313692424539514,0,0,0,0,0,0,0.327381893957522,-0.005963875295526,0.321418018661996,0.00283194378940199,0.00879581908492799,-0.00620647119053797,0.321175422766984,0.00272894590374201,0.00893541709427997,-0.00620647119053797,0.321175422766984,0.00272894590374201,0.00893541709427997
112516,0.554526866683558,-0.00343260385818788,0.462328979496715,0.481242324955884,0.462419846956327,0.481679560257189,0.511708131428173,0.505878470590838,0,0,0,0,0,0,0.557959470541746,-0.092107019727231,0.465852450814515,-0.019259713300862,0.072847306426369,-0.092197887186843,0.465761583354903,-0.018913345459169,0.073284541727674,-0.042818735255385,0.515140735286361,0.00582966083733494,0.04864839609272
112920,0.433272974871385,-0.00394513140218884,0.387897366216979,0.387589934891129,0.388066311358716,0.387767561789754,0.403690530886687,0.397004653771785,0,0,0,0,0,0,0.437218106273574,-0.045206663512669,0.392011442760905,0.000298749568961976,0.045505413081631,-0.045375608654406,0.391842497619168,0.000307431325850038,0.045683039980256,-0.029582443984698,0.407635662288876,0.00668587711490198,0.0362683210996
113215,0.365825133769321,-0.00460520692627818,0.31152301067182,0.319790596224732,0.311340322131392,0.319240907015458,0.33591946957491,0.337018195332936,0,0,0,0,0,0,0.370430340695599,-0.054484811637929,0.31594552905767,-0.00790058488406598,0.046584226753863,-0.054302123097501,0.316128217598098,-0.00826758555291202,0.046034537544589,-0.029905664194411,0.340524676501188,-0.001098725758026,0.028806938436385
113316,0.444791983764143,-0.00439633096159455,0.348428332170577,0.384230281642182,0.348827309637319,0.383989986465034,0.399915731178173,0.408099517162967,0,0,0,0,0,0,0.449188314725738,-0.095964674126824,0.353223640598914,-0.035162676827715,0.060801997299109,-0.096363651593566,0.352824663132172,-0.035801949471605,0.060561702121961,-0.04487625258597,0.404312062139768,-0.00818378598479402,0.036692466601176
113922,0.459202920599498,-0.00376205537650408,0.389321137978844,0.401974255557484,0.389334684355851,0.401779501066713,0.431353602982386,0.422004346736887,0,0,0,0,0,0,0.462964975976002,-0.069868236243647,0.393096739732355,-0.012444816710862,0.057423419532785,-0.069881782620654,0.393083193355348,-0.01265311757864,0.057228665042014,-0.027849317617112,0.43511565835889,0.00934925624549898,0.037198573862611
114217,0.519932845238205,-0.00340056199323769,0.421826543081535,0.429113667817157,0.421950128957526,0.428951234512045,0.482372099256106,0.474309492831765,0,0,0,0,0,0,0.523333407231443,-0.0979827162806791,0.425350690950764,-0.00700110555451899,0.0909816107261601,-0.09810630215667,0.425227105074773,-0.00728712473562199,0.0908191774210481,-0.037560745982099,0.485772661249344,0.00806260642434103,0.0456233524064401
114318,0.315417180142761,-0.00497610432930361,0.299058531502292,0.306425071105658,0.299224667816533,0.30647171478436,0.299058531502292,0.306425071105658,0,0,0,0,0,0,0.320393284472065,-0.016192512326228,0.304200772145837,-0.00724704696782702,0.00894546535840096,-0.016358648640469,0.304034635831596,-0.00736653960336597,0.00899210903710301,-0.016358648640469,0.304034635831596,-0.00736653960336597,0.00899210903710301
114419,0.361995031387473,-0.00470901151428736,0.298594448850992,0.303380215892742,0.302182588004159,0.305483666581403,0.338786327184016,0.333833908823927,0,0,0,0,0,0,0.36670404290176,-0.059812443383314,0.306891599518446,-0.00330107857724404,0.05651136480607,-0.063400582536481,0.303303460365279,-0.00478576704174999,0.058614815494731,-0.023208704203457,0.343495338698303,0.00495241836008903,0.028161122563546
114621,0.481514480983775,-0.00461330508034838,0.355559444921843,0.397722278220657,0.364505801854762,0.402588804655535,0.439221524279642,0.441645303235443,0,0,0,0,0,0,0.486127786064123,-0.117008679129013,0.36911910693511,-0.038083002800773,0.07892567632824,-0.125955036061932,0.360172750002191,-0.042162833298814,0.083792202763118,-0.042292956704133,0.44383482935999,-0.00242377895580098,0.039869177748332
114823,0.394026950283509,-0.00426884317312236,0.304122816627897,0.322189225210332,0.317092465798667,0.328111552004719,0.36098702186271,0.360293190671834,0,0,0,0,0,0,0.398295793456631,-0.076934484484842,0.321361308971789,-0.011019086206052,0.06591539827879,-0.089904133655612,0.308391659801019,-0.018066408582435,0.071837725073177,-0.033039928420799,0.365255865035832,0.00069383119087596,0.033733759611675
114924,0.35611018212696,-0.00551814197027559,0.301132592909932,0.316805264253765,0.300004306432716,0.316163035735948,0.339898262385048,0.332453647529594,0,0,0,0,0,0,0.361628324097236,-0.056105875694244,0.305522448402992,-0.016158729303232,0.039947146391012,-0.054977589217028,0.306650734880208,-0.015672671343833,0.039304917873195,-0.016211919741912,0.345416404355324,0.007444614855454,0.023656534597366
115017,0.426102592297901,-0.00407053366516024,0.396608107488844,0.404072851626589,0.396606747300556,0.403840489829716,0.396608107488844,0.404072851626589,0,0,0,0,0,0,0.430173125963061,-0.029495844997345,0.400677280965716,-0.00723374252915998,0.022262102468185,-0.029494484809057,0.400678641154004,-0.00746474413774501,0.022029740671312,-0.029494484809057,0.400678641154004,-0.00746474413774501,0.022029740671312
115219,0.360999279839454,-0.00508083153942154,0.305183535433441,0.315644345686623,0.305291492282744,0.315354887361866,0.339691861017688,0.33771643468229,0,0,0,0,0,0,0.366080111378876,-0.05570778755671,0.310372323822166,-0.010063395079122,0.045644392477588,-0.055815744406013,0.310264366972863,-0.010460810253182,0.045354934152831,-0.021307418821766,0.34477269255711,0.00197542633539799,0.023282845157164
115320,0.408556634256474,-0.00450516618721104,0.357157608297617,0.370231697783655,0.357113489682966,0.370093548455735,0.370824337202883,0.377173799461715,0,0,0,0,0,0,0.413061800443685,-0.051443144573508,0.361618655870177,-0.012980058772769,0.038463085800739,-0.051399025958857,0.361662774484828,-0.013074089486038,0.038324936472819,-0.037732297053591,0.375329503390094,-0.00634946225883198,0.031382834794759
115825,0.410800351299603,-0.00537036296596032,0.346346174432986,0.362877002072471,0.346430604765764,0.362612961359223,0.383116909826571,0.379855072761983,0,0,0,0,0,0,0.416170714265563,-0.064369746533839,0.351800967731724,-0.016182356593459,0.04818738994038,-0.064454176866617,0.351716537398946,-0.016530827639485,0.047923349227132,-0.027683441473032,0.388487272792531,0.00326183706458799,0.03094527853762
116524,0.389870733276471,-0.00396740119807118,0.258775261617066,0.281995633227595,0.327153528589475,0.326107092053599,0.365780875667291,0.358393039602282,0,0,0,0,0,0,0.393838134474542,-0.062717204686996,0.331120929787546,0.00104643653587599,0.063763641222872,-0.131095471659405,0.262742662815137,-0.023220371610529,0.107875100048876,-0.02408985760918,0.369748276865362,0.00738783606500898,0.031477693674189
116726,0.343425519604971,-0.00510383315353309,0.298508550418544,0.300875842704975,0.298342770512588,0.300886686975238,0.329620296456315,0.320064653972172,0,0,0,0,0,0,0.348529352758504,-0.045082749092383,0.303446603666121,-0.00254391646265001,0.042538832629733,-0.044916969186427,0.303612383572077,-0.00236729228643101,0.0425496768999959,-0.013805223148656,0.334724129609848,0.00955564248414303,0.023360865632799
117021,0.360828709994192,-0.00487157180135669,0.315762826180862,0.326810155728457,0.315871916121865,0.326882894432147,0.325034794957311,0.330581037394416,0,0,0,0,0,0,0.365700281795549,-0.044956793872327,0.320743487923222,-0.011010978310282,0.033945815562045,-0.04506588381333,0.320634397982219,-0.011047329547595,0.034018554265735,-0.035793915036881,0.329906366758668,-0.005546242437105,0.030247672599776
117122,0.409135287229555,-0.00459838691633052,0.328753558886397,0.34951983183711,0.328639838923605,0.349173873565792,0.386805854047417,0.378466357845778,0,0,0,0,0,0,0.413733674145886,-0.08049544830595,0.333238225839936,-0.020534034642187,0.059961413663763,-0.080381728343158,0.333351945802728,-0.020766272950713,0.059615455392445,-0.022329433182138,0.391404240963748,0.00833949620163904,0.030668929383777
117324,0.479655095789745,-0.00387432445760988,0.35106951586363,0.364855828008011,0.407294368023938,0.401771609401538,0.451796090925914,0.443536606006438,0,0,0,0,0,0,0.483529420247355,-0.072360727765807,0.411168692481548,0.00552275862239998,0.077883486388207,-0.128585579926115,0.35494384032124,-0.013786312144381,0.114799267781734,-0.027859004863831,0.455670415383524,0.00825948491947598,0.036118489783307
117930,0.416123046493715,-0.00481002414074717,0.355501498323372,0.372998719585864,0.355653318537198,0.372794166781355,0.380732783116295,0.385410274419259,0,0,0,0,0,0,0.420933070634462,-0.060469727956517,0.360463342677945,-0.017140848244157,0.04332887971236,-0.060621548170343,0.360311522464119,-0.017497221262492,0.043124326907851,-0.03539026337742,0.385542807257042,-0.00467749130296402,0.030712772074456
118528,0.503529166457343,-0.00358230772989947,0.415934057221972,0.433190464931592,0.415654071833545,0.433183966762132,0.46013799478277,0.460378904156762,0,0,0,0,0,0,0.507111474187242,-0.087875094623798,0.419236379563445,-0.017529894928587,0.070345199695211,-0.087595109235371,0.419516364951872,-0.01725640770962,0.070338701525751,-0.043391171674573,0.463720302512669,-0.000240909373992015,0.043150262300581
118730,0.469352859246211,-0.00391401052678603,0.367714828864055,0.385943626101522,0.375430191541116,0.388870377734371,0.429644300062158,0.429076814798063,0,0,0,0,0,0,0.473266869772997,-0.093922667705095,0.379344202067902,-0.013440186193255,0.08048248151184,-0.101638030382156,0.371628839390841,-0.018228797237467,0.083409233144689,-0.039708559184053,0.433558310588944,0.000567485264095002,0.040276044448148
118831,0.31571529847878,-0.00535214083023245,0.300264950389045,0.306133335890379,0.30025439385884,0.306215234982429,0.300264950389045,0.306133335890379,0,0,0,0,0,0,0.321067439309012,-0.01546090461994,0.305606534689072,-0.00596084112358897,0.00950006349635102,-0.015450348089735,0.305617091219277,-0.00586838550133401,0.00958196258840099,-0.015450348089735,0.305617091219277,-0.00586838550133401,0.00958196258840099
118932,0.433941921897727,-0.00413042987689213,0.355829392762498,0.38539030606779,0.355599399654982,0.385502774561233,0.39117278067328,0.397123965155821,0,0,0,0,0,0,0.438072351774619,-0.078342522242745,0.359729829531874,-0.029903374906251,0.048439147336494,-0.078112529135229,0.35995982263939,-0.029560913305292,0.048551615829937,-0.042769141224447,0.395303210550172,-0.00595118448254101,0.036817956741906
119025,0.440095649085306,-0.00406424772338175,0.359187418618294,0.378072227250374,0.359281607585119,0.37812035890501,0.407634703106049,0.404691768256789,0,0,0,0,0,0,0.444159896808688,-0.080814041500187,0.363345855308501,-0.018838751319891,0.061975290180296,-0.080908230467012,0.363251666341676,-0.01888480863208,0.062023421834932,-0.032460945979257,0.411698950829431,0.00294293484926,0.035403880828517
119126,0.418761895892936,-0.00465007912518914,0.346899420381209,0.376585009045117,0.346920793452941,0.376623543715352,0.361518281887903,0.383052097589437,0,0,0,0,0,0,0.423411975018125,-0.071841102439995,0.35157087257813,-0.029702750262411,0.042138352177584,-0.071862475511727,0.351549499506398,-0.029685588663908,0.042176886847819,-0.057243614005033,0.366168361013092,-0.021533815701534,0.035709798303499
120212,0.439379062179041,-0.00457649348764795,0.363365084445653,0.384645797447231,0.363144920562639,0.384658202255207,0.394991371989591,0.401113257324636,0,0,0,0,0,0,0.443955555666689,-0.076234141616402,0.367721414050287,-0.0215132816925681,0.054720859923834,-0.076013977733388,0.367941577933301,-0.021280713001578,0.05473326473181,-0.04438769018945,0.399567865477239,-0.00612188533504499,0.038265804854405
120414,0.427247565308189,-0.00376849570514348,0.391391898154696,0.393178767576891,0.391569641661519,0.393260805471708,0.40069717883908,0.396452370659595,0,0,0,0,0,0,0.431016061013333,-0.0356779236466701,0.395338137366662,-0.00169116381018902,0.033986759836481,-0.035855667153493,0.395160393859839,-0.00178686942219503,0.034068797731298,-0.026550386469109,0.404465674544223,0.00424480817948503,0.030795194648594
120515,0.519521817113981,-0.00430625335907924,0.39044134829004,0.429730423867208,0.394359065457681,0.430937680270585,0.470673966998632,0.474837369006474,0,0,0,0,0,0,0.52382807047306,-0.1251627516563,0.39866531881676,-0.036578614812904,0.0885841368433961,-0.129080468823941,0.394747601649119,-0.039289075577168,0.089791393246773,-0.048847850115349,0.474980220357711,-0.00416340200784199,0.044684448107507
120717,0.321093680330638,-0.00511567994599244,0.268912952410371,0.287017642077726,0.269031730626276,0.287098344676021,0.287687203927358,0.297039649121632,0,0,0,0,0,0,0.32620936027663,-0.052061949704362,0.274147410572268,-0.018066614049745,0.033995335654617,-0.052180727920267,0.274028632356363,-0.018104689667355,0.034076038252912,-0.03340647640328,0.29280288387335,-0.00935244519427397,0.024054031209006
121416,0.436699698088816,-0.00494825314225464,0.316278180981319,0.335383882914749,0.358346641702632,0.362058286216243,0.410939887699583,0.400480081567542,0,0,0,0,0,0,0.441647951231071,-0.078353056386184,0.363294894844887,-0.003711644513611,0.074641411872573,-0.120421517107497,0.321226434123574,-0.01910570193343,0.101315815174067,-0.025759810389233,0.415888140841838,0.010459806132041,0.036219616521274
121618,0.391582475754589,-0.00452243480762312,0.310571026005388,0.327041550282185,0.311702390545248,0.328003161765811,0.355271102104108,0.360197715670094,0,0,0,0,0,0,0.396104910562212,-0.079880085209341,0.316224825352871,-0.016300771220563,0.063579313988778,-0.081011449749201,0.315093460813011,-0.016470524276797,0.064540925472404,-0.036311373650481,0.359793536911731,-0.004926613565986,0.031384760084495
121921,0.404296738362433,-0.00385602170129535,0.334627700150736,0.340122735812337,0.334480885602947,0.339996708330347,0.376109840183551,0.370879863519017,0,0,0,0,0,0,0.408152760063728,-0.069815852759486,0.338336907304242,-0.00551582272740003,0.064300030032086,-0.069669038211697,0.338483721852031,-0.00549503566160098,0.064174002550096,-0.028186898178882,0.379965861884846,0.00522997666453401,0.033416874843416
122317,0.410884245146263,-0.00482393333922306,0.336567911631719,0.35695388664474,0.335982438830254,0.356547836674633,0.372736201099564,0.379830131380246,0,0,0,0,0,0,0.415708178485486,-0.074901806316009,0.340806372169477,-0.020565397844379,0.05433640847163,-0.074316333514544,0.341391844970942,-0.020385975013021,0.053930358501523,-0.038148044046699,0.377560134438787,-0.007093930280682,0.031054113766017
122620,0.373204407894535,-0.00489785050957089,0.344190453595576,0.337112671772889,0.34418787441052,0.337237414974413,0.350605823200459,0.345599811050578,0,0,0,0,0,0,0.378102258404106,-0.029016533484015,0.349085724920091,0.006950459436107,0.035966992920122,-0.029013954298959,0.349088304105147,0.00707778182268698,0.036091736121646,-0.022598584694076,0.35550367371003,0.005006012149881,0.027604596843957
122822,0.430160536216914,-0.0045909480922428,0.360619829258192,0.392145541941767,0.360150484580897,0.392511053345588,0.369179520130094,0.396508703098591,0,0,0,0,0,0,0.434751484309157,-0.070010051636017,0.36474143267314,-0.032360568764691,0.037649482871326,-0.069540706958722,0.365210777350435,-0.031525712683575,0.038014994275147,-0.0609810160868201,0.373770468222337,-0.027329182968497,0.033651833118323
123117,0.414432199282953,-0.0047818708280372,0.325590553130849,0.347005621931429,0.35025271190483,0.355943055855082,0.392213652598695,0.386212595261159,0,0,0,0,0,0,0.41921407011099,-0.064179487378123,0.355034582732867,-0.00569034395025203,0.058489143427871,-0.088841646152104,0.330372423958886,-0.02141506880058,0.067426577351524,-0.022218546684258,0.396995523426732,0.00600105733753603,0.028219604021794
123420,0.381158021064896,-0.00415760906966739,0.309441540096381,0.337234584525883,0.309858163337689,0.337174763205629,0.34715093201929,0.354343605992316,0,0,0,0,0,0,0.385315630134563,-0.071299857727207,0.314015772407356,-0.02731659986794,0.043983257859267,-0.071716480968515,0.313599149166048,-0.027793044429502,0.043923436539013,-0.034007089045606,0.351308541088957,-0.00719267397302603,0.02681441507258
123521,0.396860357724945,-0.00432532848276309,0.374186454537601,0.374461354254646,0.374033188414462,0.374518342482202,0.374186454537601,0.374461354254646,0,0,0,0,0,0,0.401185686207708,-0.022827169310483,0.378358516897225,-0.000485154067740023,0.022342015242743,-0.022673903187344,0.378511783020364,-0.000274899717044974,0.022399003470299,-0.022673903187344,0.378511783020364,-0.000274899717044974,0.022399003470299
123723,0.436978613994009,-0.00467075413566675,0.366302116701296,0.386592388704596,0.366239923549406,0.38601339141478,0.409414419963829,0.403635176868774,0,0,0,0,0,0,0.441649368129676,-0.070738690444603,0.370910677685073,-0.019773467865374,0.050965222579229,-0.070676497292713,0.370972870836963,-0.0202902720033,0.050386225289413,-0.02756419403018,0.414085174099496,0.00577924309505501,0.033343437125235
123824,0.311921600049526,-0.00634040851189264,0.275714213075346,0.287590043873384,0.275486446055366,0.28754730469327,0.293992604125347,0.294444759345194,0,0,0,0,0,0,0.318262008561419,-0.03643515399416,0.281826854567259,-0.012060858637904,0.024374295356256,-0.03620738697418,0.282054621587239,-0.011875830798038,0.024331556176142,-0.017928995924179,0.30033301263724,-0.000452155219846984,0.017476840704332
123925,0.407740766171955,-0.00425973633502142,0.357869639812598,0.363632863633491,0.358419560109164,0.363518737451336,0.376857452212087,0.377421068999269,0,0,0,0,0,0,0.412000502506976,-0.049321206062791,0.362679296444185,-0.00509917734217202,0.044222028720619,-0.049871126359357,0.362129376147619,-0.005763223820893,0.044107902538464,-0.030883313959868,0.381117188547108,-0.000563616787182031,0.030319697172686
124220,0.261598689041048,-0.00772140774942798,0.230975253435344,0.250290337013779,0.230520013628252,0.25065132096403,0.240988375030948,0.254015223596193,0,0,0,0,0,0,0.269320096790476,-0.031078675412796,0.23824142137768,-0.020131307335778,0.010947368077018,-0.030623435605704,0.238696661184772,-0.019315083578435,0.011308352027269,-0.0206103140101,0.248709782780376,-0.013026848565245,0.007583465444855
125222,0.358251807763963,-0.00510763449325278,0.339095456408096,0.347594082255697,0.339233809036148,0.347639861017564,0.339095456408096,0.347594082255697,0,0,0,0,0,0,0.363359442257216,-0.019017998727815,0.344341443529401,-0.00840605198141597,0.010611946746399,-0.019156351355867,0.344203090901349,-0.00849862584760097,0.010657725508266,-0.019156351355867,0.344203090901349,-0.00849862584760097,0.010657725508266
125525,0.392274624693745,-0.00409438240715533,0.322520329411089,0.341722022277607,0.322736602518299,0.341800465237099,0.353796991843835,0.359935022453899,0,0,0,0,0,0,0.3963690071009,-0.069538022175446,0.326830984925454,-0.0190638627188,0.050474159456646,-0.069754295282656,0.326614711818244,-0.019201692866518,0.050552602416138,-0.03847763284991,0.35789137425099,-0.00613803061006402,0.032339602239846
126325,0.524654612268721,-0.00393620040863438,0.358617821545702,0.403196218542923,0.432235763219963,0.436147386383419,0.488109916366877,0.480211121898069,0,0,0,0,0,0,0.528590812677355,-0.092418849048758,0.436171963628597,-0.003911623163456,0.088507225885302,-0.166036790723019,0.362554021954336,-0.044578396997221,0.121458393725798,-0.036544695901844,0.492046116775511,0.00789879446880798,0.044443490370652
126426,0.49887688023401,-0.00469503360664883,0.333190464893935,0.358655293180194,0.424137410390108,0.416470949197278,0.467943360610558,0.4581382290513,0,0,0,0,0,0,0.503571913840659,-0.074739469843902,0.428832443996757,0.00766646119282999,0.082405931036732,-0.165686415340075,0.337885498500584,-0.025464828286259,0.140221587053816,-0.030933519623452,0.472638394217207,0.009805131559258,0.04073865118271
126628,0.420502027603168,-0.00454180196971196,0.3643010783091,0.381204405359119,0.364293473855437,0.380981249124895,0.389688707838204,0.389920405077983,0,0,0,0,0,0,0.42504382957288,-0.056208553747731,0.368835275825149,-0.016687775269458,0.039520778478273,-0.056200949294068,0.368842880278812,-0.016903327050019,0.039297622244049,-0.030813319764964,0.394230509807916,-0.000231697239779005,0.030581622525185
127327,0.361003764767638,-0.00563994244531705,0.312232704006815,0.33897205960494,0.312200857459395,0.338868888170249,0.312232704006815,0.33897205960494,0,0,0,0,0,0,0.366643707212955,-0.048802907308243,0.317840799904712,-0.026668030710854,0.022134876597389,-0.048771060760823,0.317872646452132,-0.026739355598125,0.022031705162698,-0.048771060760823,0.317872646452132,-0.026739355598125,0.022031705162698
127630,0.4031523026359,-0.00469864153982681,0.305873046425954,0.338366124812321,0.306056884625334,0.337882325215759,0.366475639915521,0.369773636971435,0,0,0,0,0,0,0.407850944175727,-0.097095418010566,0.310755526165161,-0.031825440590425,0.065269977420141,-0.097279256209946,0.310571687965781,-0.032493078386367,0.064786177823579,-0.036676662720379,0.371174281455348,-0.00329799705591399,0.033378665664465
127832,0.39571751753098,-0.00485490747772433,0.350093088453631,0.353720830448106,0.349874489741694,0.353510598738779,0.366410456597815,0.365525983131789,0,0,0,0,0,0,0.400572425008704,-0.045843027789286,0.354729397219418,-0.003636108997085,0.042206918792201,-0.045624429077349,0.354947995931355,-0.00362774199447496,0.041996687082874,-0.029307060933165,0.371265364075539,0.000884473466025992,0.030191534399191
127933,0.520357004216521,-0.00371603632623267,0.384147470442274,0.42362790878464,0.406074170812793,0.432596661028822,0.480728727693476,0.476147964719309,0,0,0,0,0,0,0.524073040542754,-0.114282833403728,0.409790207139026,-0.026522490216029,0.087760343187699,-0.136209533774247,0.387863506768507,-0.039480438342366,0.096729095431881,-0.039628276523045,0.484444764019709,0.00458076297416704,0.044209039497212
128026,0.308715800645576,-0.00522953968748766,0.282267297677394,0.297324397563833,0.282294012617159,0.297398002206194,0.282267297677394,0.297324397563833,0,0,0,0,0,0,0.313945340333064,-0.026421788028417,0.287523552304647,-0.015103989589035,0.011317798439382,-0.026448502968182,0.287496837364882,-0.015057099886439,0.011391403081743,-0.026448502968182,0.287496837364882,-0.015057099886439,0.011391403081743
128127,0.404246816913689,-0.00468801532750391,0.394289408713913,0.397590873271834,0.394232651182514,0.397874226891503,0.394289408713913,0.397590873271834,0,0,0,0,0,0,0.408934832241193,-0.010014165731175,0.398920666510018,-0.00364157570898899,0.00637259002218604,-0.00995740819977603,0.398977424041417,-0.00330146455792102,0.00665594364185501,-0.00995740819977603,0.398977424041417,-0.00330146455792102,0.00665594364185501
128632,0.42658928572562,-0.00357747861744668,0.354331935152076,0.381335813988448,0.354478407189071,0.381425876708718,0.376889332753341,0.390932162830457,0,0,0,0,0,0,0.430166764343067,-0.072110878536549,0.358055885806518,-0.026947469519647,0.045163409016902,-0.072257350573544,0.357909413769523,-0.027003878836372,0.045253471737172,-0.049699952972279,0.380466811370788,-0.014042830077116,0.035657122895163
128935,0.418389738710345,-0.00425747788985697,0.316351907337776,0.337364503158143,0.348119448251365,0.354190846120673,0.391815730173361,0.388016757458081,0,0,0,0,0,0,0.422647216600202,-0.07027029045898,0.352376926141222,-0.00607139786930799,0.064198892589672,-0.102037831372569,0.320609385227633,-0.021012595820367,0.081025235552202,-0.026574008536984,0.396073208063218,0.00379897271528001,0.030372981252264
129028,0.501543249922503,-0.00417910721142749,0.389274113732908,0.416473766962854,0.38934105399093,0.416139564296596,0.462599861229776,0.45901235935921,0,0,0,0,0,0,0.50572235713393,-0.112202195931573,0.393520161202357,-0.026798510305666,0.085403685625907,-0.112269136189595,0.393453220944335,-0.027199653229946,0.085069482959649,-0.038943388692727,0.466778968441203,0.003587501870566,0.042530890563293
129331,0.352990396195091,-0.00427041025144798,0.334309196854455,0.337965596232059,0.334424713236099,0.338112211183,0.334309196854455,0.337965596232059,0,0,0,0,0,0,0.357260806446539,-0.018565682958992,0.338695123487547,-0.00368749794690099,0.014878185012091,-0.018681199340636,0.338579607105903,-0.00365639937760404,0.015024799963032,-0.018681199340636,0.338579607105903,-0.00365639937760404,0.015024799963032
129634,0.363565640754057,-0.00514730583533815,0.287554294966818,0.320332878218562,0.287478634216786,0.320258174823846,0.321492064062056,0.33601971713468,0,0,0,0,0,0,0.368712946589395,-0.076087006537271,0.292625940052124,-0.03277954060706,0.043307465930211,-0.076011345787239,0.292701600802156,-0.032778583251744,0.043232762535495,-0.042073576692001,0.326639369897394,-0.014527653072624,0.027545923619377
130114,0.459685897718944,-0.00445637365911469,0.362737500950157,0.377492041177117,0.382164575247129,0.388439600905296,0.430244430505492,0.423891104712082,0,0,0,0,0,0,0.464142271378059,-0.077521322471815,0.386620948906244,-0.00627502565816701,0.071246296813648,-0.096948396768787,0.367193874609272,-0.01475454022696,0.082193856541827,-0.029441467213452,0.434700804164607,0.00635332579340997,0.035794793006862
130316,0.347314412184046,-0.00581770662719109,0.299230829887432,0.319237547188414,0.29929306803079,0.31896675870171,0.312007514982164,0.323166601692256,0,0,0,0,0,0,0.353132118811237,-0.048021344153256,0.305110774657981,-0.01967369067092,0.028347653482336,-0.048083582296614,0.305048536514623,-0.020006717300982,0.028076864995632,-0.035306897201882,0.317825221609355,-0.011159086710092,0.02414781049179
130417,0.3504096825109,-0.00478859032013912,0.289562580086437,0.29873563900867,0.28974232218823,0.29908094402891,0.332130112224273,0.323796475458798,0,0,0,0,0,0,0.355198272831039,-0.06066736032267,0.294530912508369,-0.00933862184068002,0.05132873848199,-0.060847102424463,0.294351170406576,-0.00917305892223302,0.05167404350223,-0.018279570286627,0.336918702544412,0.00833363676547499,0.026613207052102
130518,0.327244528679888,-0.00560457826029016,0.299001426837501,0.315098128799484,0.299381984021957,0.31534546718111,0.299001426837501,0.315098128799484,0,0,0,0,0,0,0.332849106940178,-0.027862544657931,0.304986562282247,-0.015963483159153,0.011899061498778,-0.028243101842387,0.304606005097791,-0.016096701961983,0.012146399880404,-0.028243101842387,0.304606005097791,-0.016096701961983,0.012146399880404
130619,0.376474856159518,-0.00447954962156234,0.362545407161417,0.361657338196468,0.362663667974848,0.361594448222803,0.362545407161417,0.361657338196468,0,0,0,0,0,0,0.38095440578108,-0.01381118818467,0.36714321759641,0.00106921975204499,0.014880407936715,-0.013929448998101,0.367024956782979,0.000888068964948974,0.01481751796305,-0.013929448998101,0.367024956782979,0.000888068964948974,0.01481751796305
130720,0.398887334352456,-0.00525142988175002,0.301714956886731,0.336141044544,0.301392278235432,0.336437958838575,0.362889584955852,0.367192563838804,0,0,0,0,0,0,0.404138764234206,-0.097495056117024,0.306643708117182,-0.035045680603143,0.062449375513881,-0.097172377465725,0.306966386768481,-0.034426087657269,0.062746289808456,-0.035997749396604,0.368141014837602,-0.004302978882952,0.031694770513652
131217,0.442847490599847,-0.00352010352258277,0.355508392491915,0.377357022914573,0.355897381436637,0.377669029442663,0.405514087967339,0.407265622902897,0,0,0,0,0,0,0.44636759412243,-0.08695010916321,0.35941748495922,-0.021771648006026,0.065178461157184,-0.087339098107932,0.359028496014498,-0.021848630422658,0.065490467685274,-0.037333402632508,0.409034191489922,-0.00175153493555796,0.03558186769695
131419,0.534400915088787,-0.00342024153687693,0.441121628984998,0.468029388165626,0.441039998995571,0.467539478463322,0.492574190255034,0.489771753671989,0,0,0,0,0,0,0.537821156625664,-0.093360916093216,0.444460240532448,-0.026499479467751,0.066861436625465,-0.0932792861037889,0.444541870521875,-0.026907759180628,0.066371526923161,-0.0418267248337529,0.495994431791911,0.00280243658304502,0.044629161416798
131722,0.411390794984812,-0.00469284649047096,0.351698972063203,0.368886110565116,0.351589697642751,0.369598456167947,0.376005781605127,0.380601014927552,0,0,0,0,0,0,0.416083641475283,-0.059801097342061,0.356282544133222,-0.018008758525196,0.041792338816865,-0.059691822921609,0.356391818553674,-0.017187138501913,0.042504684419696,-0.035385013379685,0.380698628095598,-0.00459523332242501,0.03078978005726
131823,0.382922330761659,-0.00421633943340944,0.368999080441393,0.369901793746839,0.369097958032549,0.370108940813765,0.368999080441393,0.369901793746839,0,0,0,0,0,0,0.387138670195068,-0.01382437272911,0.373314297465958,-0.00101098278121597,0.012813389947894,-0.013923250320266,0.373215419874802,-0.000902713305446001,0.01302053701482,-0.013923250320266,0.373215419874802,-0.000902713305446001,0.01302053701482
132017,0.401805701140901,-0.00493659600079854,0.355819277322251,0.37159612859858,0.356121821089827,0.371579413620338,0.362318324343412,0.372587969692357,0,0,0,0,0,0,0.4067422971417,-0.045683880051074,0.361058417090626,-0.015457592530511,0.030226287520563,-0.04598642381865,0.36075587332305,-0.015776851276329,0.030209572542321,-0.039487376797489,0.367254920344211,-0.010269645348945,0.0292177314485439
133019,0.386027733635467,-0.00479079336324753,0.326902521178881,0.341199278842005,0.326719831308426,0.341178413201958,0.352776294461928,0.354844595029898,0,0,0,0,0,0,0.390818526998714,-0.059307902327041,0.331510624671674,-0.014458581893532,0.044849320433509,-0.059125212456586,0.331693314542129,-0.014296757663124,0.044828454793462,-0.033251439173539,0.357567087825175,-0.00206830056797003,0.031183138605569
133827,0.422345459772535,-0.00393282030936135,0.369731594899156,0.370932017764413,0.369640762797762,0.370880178177262,0.400877303527851,0.390412278974686,0,0,0,0,0,0,0.426278280081896,-0.052704696974773,0.373573583107123,-0.00123941537950001,0.051465281595273,-0.052613864873379,0.373664415208517,-0.00120042286525696,0.051413442008122,-0.021468156244684,0.404810123837212,0.010465024553165,0.031933180797849
133928,0.485148721172413,-0.00389781323614102,0.367443052732488,0.412834680788441,0.366406303773336,0.413362211574421,0.439476064769336,0.445463583407931,0,0,0,0,0,0,0.489046534408554,-0.118742417399077,0.370304117009477,-0.046955907801085,0.071786509597992,-0.117705668439925,0.371340865968629,-0.045391628055953,0.072314040383972,-0.045672656403077,0.443373878005477,-0.00598751863859504,0.039685137764482
134021,0.409434998434322,-0.00447545944075709,0.358342174427721,0.364416509618886,0.358414352213576,0.364236871911136,0.377713934346477,0.376401476947281,0,0,0,0,0,0,0.413910457875079,-0.051020646220746,0.362889811654333,-0.00582251969756004,0.045198126523186,-0.051092824006601,0.362817633868478,-0.00607433519116501,0.045018488815436,-0.031721064087845,0.382189393787234,0.001312457399196,0.033033521487041
134223,0.502475595203088,-0.00421282008753189,0.454156187960671,0.478801350290817,0.453796312059799,0.47855626706549,0.454156187960671,0.478801350290817,0,0,0,0,0,0,0.50668841529062,-0.0486792831432891,0.458009132147331,-0.024759955005691,0.0239193281375981,-0.0483194072424171,0.458369008048203,-0.024645162330146,0.023674244912271,-0.0483194072424171,0.458369008048203,-0.024645162330146,0.023674244912271
134324,0.397636162848172,-0.00538889265361848,0.350091602884615,0.366310194788828,0.35006056980968,0.366025553715353,0.36034709645336,0.368876863266868,0,0,0,0,0,0,0.40302505550179,-0.047575593038492,0.355449462463298,-0.015964983905673,0.031610609132819,-0.047544559963557,0.355480495538233,-0.016218591904213,0.031325968059344,-0.037289066394812,0.365735989106978,-0.00852976681350803,0.028759299581304
134829,0.380091990628198,-0.00549097028284998,0.357939769976318,0.363409392497533,0.357939480593714,0.36340710026947,0.357939769976318,0.363409392497533,0,0,0,0,0,0,0.385582960911048,-0.022152510034484,0.363430450876564,-0.00546761967575599,0.016684890358728,-0.02215222065188,0.363430740259168,-0.00546962252121502,0.016682598130665,-0.02215222065188,0.363430740259168,-0.00546962252121502,0.016682598130665
135124,0.468855283872646,-0.0040506815137841,0.391225392059698,0.417366478269157,0.391164205788798,0.417102133945658,0.427236420943658,0.432616568469777,0,0,0,0,0,0,0.47290596538643,-0.077691078083848,0.395214887302582,-0.02593792815686,0.051753149926988,-0.077629891812948,0.395276073573482,-0.026141086209459,0.051488805603489,-0.041618862928988,0.431287102457442,-0.00538014752611898,0.036238715402869
135225,0.390737040852037,-0.00505357030954892,0.369287228720075,0.380023453047308,0.369407642988187,0.380230823809049,0.369287228720075,0.380023453047308,0,0,0,0,0,0,0.395790611161586,-0.02132939786385,0.374461213297736,-0.010823180820862,0.010506217042988,-0.021449812131962,0.374340799029624,-0.010736224327233,0.010713587804729,-0.021449812131962,0.374340799029624,-0.010736224327233,0.010713587804729
135528,0.339997323250911,-0.00564216490752139,0.255704928865663,0.287633408155198,0.25552388143451,0.287618316017999,0.300646858751634,0.310853568803491,0,0,0,0,0,0,0.345639488158432,-0.084473441816401,0.261166046342031,-0.032094434583489,0.052379007232912,-0.084292394385248,0.261347093773184,-0.031928479289535,0.052363915095713,-0.039350464499277,0.306289023659155,-0.010206710051857,0.02914375444742
135629,0.362196222539476,-0.00532376056173881,0.328899869125484,0.335168384545623,0.328934567278273,0.334988367482952,0.333405166638741,0.336296721326697,0,0,0,0,0,0,0.367519983101215,-0.0332616552612029,0.334258327840012,-0.00605380020467899,0.027207855056524,-0.033296353413992,0.334223629687223,-0.00626851542013895,0.027027837993853,-0.028791055900735,0.33872892720048,-0.00289155468795604,0.025899501212779
136227,0.452950604053642,-0.00451219427231905,0.367260558253921,0.398840400472652,0.367031684933741,0.398129775391944,0.408901182405226,0.415239952040903,0,0,0,0,0,0,0.457462798325961,-0.085918919119901,0.37154387920606,-0.031098090458203,0.054820828661698,-0.085690045799721,0.37177275252624,-0.031579842218731,0.05411020358099,-0.044049421648416,0.413413376677545,-0.00633876963567703,0.037710652012739
136631,0.352116843922296,-0.0055759740365815,0.326795722364097,0.329870147335988,0.326858621667258,0.329771680083743,0.326795722364097,0.329870147335988,0,0,0,0,0,0,0.357692817958877,-0.025258222255038,0.332434595703839,-0.00291305841648504,0.022345163838553,-0.025321121558199,0.332371696400678,-0.00307442497189103,0.022246696586308,-0.025321121558199,0.332371696400678,-0.00307442497189103,0.022246696586308
136833,0.386768449349994,-0.00483005928266845,0.317453145428724,0.337745734745196,0.317807993640711,0.337875418308552,0.350117433803612,0.355177053134957,0,0,0,0,0,0,0.391598508632662,-0.068960455709283,0.322638052923379,-0.020067424667841,0.048893031041442,-0.06931530392127,0.322283204711392,-0.020292589316472,0.049022714604798,-0.036651015546382,0.35494749308628,-0.00505961933134502,0.031591396215037
137027,0.405110669154244,-0.00458099617415925,0.31864811699925,0.338956561495262,0.319125097545408,0.338860115293328,0.376001140848389,0.371609552625311,0,0,0,0,0,0,0.409691665328403,-0.085985571608836,0.323706093719567,-0.01973501774792,0.066250553860916,-0.086462552154994,0.323229113173409,-0.020308444496012,0.066154107658982,-0.029109528305855,0.380582137022548,0.004391588223078,0.033501116528933
137229,0.415830171425271,-0.0042537133245172,0.365448666700408,0.374222573285345,0.365090734495562,0.374437366219973,0.379103222076388,0.380232582336203,0,0,0,0,0,0,0.420083884749788,-0.050739436929709,0.369344447820079,-0.00934663172441097,0.041392805205298,-0.050381504724863,0.369702380024925,-0.00877390658493699,0.041607598139926,-0.036726949348883,0.383356935400905,-0.00112936025981497,0.035597589089068
137532,0.535693234090907,-0.00313927618546045,0.451510193938596,0.474545655352689,0.451807435053498,0.4745964753624,0.486118972940472,0.489584647110174,0,0,0,0,0,0,0.538832510276367,-0.0838857990374089,0.454946711238958,-0.022789040308902,0.061096758728507,-0.084183040152311,0.454649470124056,-0.023035461414093,0.061147578738218,-0.049574261150435,0.489258249125932,-0.003465674169702,0.0461085869807329
138130,0.47626236320168,-0.00397066247431522,0.412358819361115,0.415049042004101,0.412364189614972,0.415537953783586,0.440012984293428,0.436907843179658,0,0,0,0,0,0,0.480233025675995,-0.063898173586708,0.416334852089287,-0.00317376416861398,0.060724409418094,-0.063903543840565,0.41632948183543,-0.00269022264298596,0.061213321197579,-0.036249378908252,0.443983646767743,0.00310514111377003,0.039354520022022
138332,0.420736688268744,-0.00464617862074203,0.332073525115056,0.369719168091991,0.331267224615694,0.369477290655053,0.379165565676729,0.387410428833352,0,0,0,0,0,0,0.425382866889486,-0.08946946365305,0.335913403236436,-0.038210066039359,0.051259397613691,-0.088663163153688,0.336719703735798,-0.037645642976935,0.051017520176753,-0.041571122592015,0.383811744297471,-0.00824486315662304,0.033326259435392
138534,0.42747364158307,-0.00458320444581257,0.373615126680538,0.381222373713598,0.373664702195427,0.381134257328218,0.390390244292459,0.392173193082135,0,0,0,0,0,0,0.432056846028883,-0.053808939387643,0.37824790664124,-0.00746955513279096,0.046339384254852,-0.053858514902532,0.378198331126351,-0.00760724703306004,0.046251267869472,-0.037083397290611,0.394973448738272,-0.001782948789676,0.035300448500935
138837,0.409407933825293,-0.00423007007144984,0.360430917102611,0.374930821849675,0.360392237159801,0.374972377297168,0.360430917102611,0.374930821849675,0,0,0,0,0,0,0.413638003896743,-0.049015696665492,0.364622307231251,-0.014580140137367,0.034435556528125,-0.048977016722682,0.364660987174061,-0.014499904747064,0.034477111975618,-0.048977016722682,0.364660987174061,-0.014499904747064,0.034477111975618
139233,0.410938548830486,-0.00411007169575419,0.345268154904648,0.366080967671004,0.345072065376563,0.366233358347126,0.373682276462527,0.377396730863462,0,0,0,0,0,0,0.41504862052624,-0.065866483453923,0.349182137072317,-0.021161292970563,0.04470519048336,-0.065670393925838,0.349378226600402,-0.020812812766356,0.044857581159482,-0.037256272367959,0.377792348158281,-0.00371445440093499,0.033541817967024
139435,0.385324752332698,-0.00532806013184665,0.333631944133321,0.345235610689961,0.334173806299937,0.34530230868959,0.357291979900574,0.357601647113805,0,0,0,0,0,0,0.390652812464545,-0.051150946032761,0.339501866431784,-0.011128502389653,0.040022443643108,-0.051692808199377,0.338960004265168,-0.01160366655664,0.040089141642737,-0.028032772432124,0.362620040032421,-0.000309667213231002,0.027723105218893
139637,0.460145995438617,-0.00412239515521294,0.374508231406075,0.388759883876576,0.37474903320416,0.388990496505933,0.431708104418813,0.421518874814977,0,0,0,0,0,0,0.46426839059383,-0.085396962234457,0.378871428359373,-0.014241463301773,0.071155498932684,-0.085637764032542,0.378630626561288,-0.014251652470501,0.071386111562041,-0.028437891019804,0.435830499574026,0.010189229603836,0.03862712062364
139839,0.445416506583715,-0.00391002978126706,0.378197709608282,0.405482899561257,0.37827075206403,0.405657199339241,0.391910579670418,0.408415966312757,0,0,0,0,0,0,0.449326536364982,-0.067145754519685,0.382180781845297,-0.027386447275211,0.039759307244474,-0.067218796975433,0.382107739389549,-0.027285189952975,0.039933607022458,-0.053505926913297,0.395820609451685,-0.016505386642339,0.037000540270958
140319,0.329414500337071,-0.00491245472350625,0.293744185990082,0.305905499261547,0.293991304979253,0.305667178521615,0.293744185990082,0.305905499261547,0,0,0,0,0,0,0.334326955060577,-0.035423195357818,0.298903759702759,-0.011675873542362,0.023747321815456,-0.035670314346989,0.298656640713588,-0.012161313271465,0.023509001075524,-0.035670314346989,0.298656640713588,-0.012161313271465,0.023509001075524
140925,0.317756536478206,-0.0056063945962584,0.296254060030041,0.311817758730727,0.296106859992455,0.311974911414669,0.296254060030041,0.311817758730727,0,0,0,0,0,0,0.323362931074464,-0.021649676485751,0.301713254588713,-0.015868051422214,0.00578162506353702,-0.021502476448165,0.301860454626299,-0.015563698700686,0.00593877774747903,-0.021502476448165,0.301860454626299,-0.015563698700686,0.00593877774747903
143224,0.466485557932001,-0.00379552337854683,0.418050836166447,0.423358529469678,0.417927787377982,0.423553471779746,0.434102883982888,0.431757180644964,0,0,0,0,0,0,0.470281081310548,-0.0485577705540191,0.421723310756529,-0.00562568440176403,0.042932086152255,-0.048434721765554,0.421846359544994,-0.005307693303231,0.043127028462323,-0.032382673949113,0.437898407361435,0.002345703337924,0.034728377287037
144832,0.483249928043184,-0.00413817273192703,0.370981300768309,0.387868908271989,0.40396314826691,0.403972346574505,0.452285231554111,0.443356539246743,0,0,0,0,0,0,0.487388100775111,-0.079286779776274,0.408101320998837,-9.19830759499307e-06,0.079277581468679,-0.112268627274875,0.375119473500236,-0.01688760750368,0.095381019771195,-0.030964696489073,0.456423404286038,0.00892869230736798,0.039893388796441
145127,0.52629652140003,-0.00377558538063775,0.442914773782928,0.465828059217333,0.442723244890283,0.465983016171362,0.479160799333803,0.482527816674083,0,0,0,0,0,0,0.530072106780668,-0.0835732765097471,0.446498830270921,-0.023259771281079,0.060313505228668,-0.083381747617102,0.446690359163566,-0.022913285434405,0.060468462182697,-0.047135722066227,0.482936384714441,-0.00336701734028,0.043768704725947
145632,0.476027947089698,-0.00313801680511689,0.406814393900014,0.424458322145145,0.406955852195572,0.424243682318736,0.43952087136879,0.436729117624682,0,0,0,0,0,0,0.479165963894815,-0.069072094894126,0.410093869000689,-0.017287830123164,0.051784264770962,-0.069213553189684,0.409952410705131,-0.017643928245131,0.051569624944553,-0.036507075720908,0.442658888173907,0.00279175374410801,0.039298829465016
146129,0.377585182325589,-0.0051151708391881,0.330161272217757,0.342122937761237,0.330103691284666,0.341950501473465,0.341002421393221,0.348305882216176,0,0,0,0,0,0,0.382700353164777,-0.047481491040923,0.335218862123854,-0.011846810188799,0.035634680852124,-0.047423910107832,0.335276443056945,-0.01196166554348,0.035462244564352,-0.036582760932368,0.346117592232409,-0.00730346082295497,0.029279300109413
146533,0.435864087257224,-0.00459665102188497,0.344629339008313,0.367061465058276,0.344151204820932,0.36698440061411,0.404182465968671,0.400405685020246,0,0,0,0,0,0,0.440460738279109,-0.091712882436292,0.348747855842817,-0.022833195793178,0.068879686643114,-0.091234748248911,0.349225990030198,-0.022432126049963,0.0688026221989479,-0.031681621288553,0.408779116990556,0.00377678094842504,0.035458402236978
146836,0.468427086942031,-0.00288059471235563,0.404868633613018,0.412183491219624,0.404887004358071,0.412210113338221,0.425078672134111,0.427476384759765,0,0,0,0,0,0,0.471307681654387,-0.06354008258396,0.407767599070427,-0.00732310898014998,0.05621697360381,-0.063558453329013,0.407749228325374,-0.007314857606606,0.056243595722407,-0.04334841480792,0.427959266846467,-0.00239771262565402,0.040950702182266
146937,0.668247502357557,-0.00259772721786886,0.461621517663245,0.501555669635014,0.531790760229593,0.547223503552853,0.61983163235575,0.609536954218857,0,0,0,0,0,0,0.670845229575426,-0.136456742127964,0.534388487447462,-0.0154327433232599,0.121023998804704,-0.206625984694312,0.464219244881114,-0.039934151971769,0.166691832722543,-0.048415870001807,0.622429359573619,0.010294678136893,0.0587105481387
147636,0.385472608258909,-0.00460696843867299,0.334674323895944,0.343169263382893,0.334753372296645,0.343407136325939,0.365023485777689,0.356660049672705,0,0,0,0,0,0,0.390079576697582,-0.050719235962264,0.339360340735318,-0.00865376402929402,0.04206547193297,-0.050798284362965,0.339281292334617,-0.00849493948694902,0.042303344876016,-0.02044912248122,0.369630454216362,0.00836343610498402,0.028812558586204
147737,0.410236594599863,-0.00440227886272936,0.345394436956104,0.363365469725754,0.345450876803384,0.363083074221767,0.379634174141295,0.378887061645786,0,0,0,0,0,0,0.414638873462592,-0.064785717796479,0.349853155666113,-0.017632197418383,0.047153520378096,-0.064842157643759,0.349796715818833,-0.01797103276965,0.046871124874109,-0.030602420458568,0.384036453004024,0.000747112495509017,0.031349532954077
148133,0.444928662997015,-0.00439026191986189,0.324466045087367,0.354183936555304,0.36150574757632,0.371572056651199,0.412723579504366,0.407950817897604,0,0,0,0,0,0,0.449318924916877,-0.083422915420695,0.365896009496182,-0.010066309074879,0.073356606345816,-0.120462617909648,0.328856307007229,-0.029717891467937,0.090744726441711,-0.032205083492649,0.417113841424228,0.00477276160676199,0.036977845099411
148840,0.45354912070816,-0.0040077668861694,0.383471458633795,0.390642180005206,0.383330646867527,0.390554036505639,0.420842155549282,0.414602997452064,0,0,0,0,0,0,0.457556887594329,-0.070218473840633,0.387338413753696,-0.00722338963811203,0.062995084202521,-0.070077662074365,0.387479225519964,-0.007170721371411,0.062906940702954,-0.032706965158878,0.424849922435451,0.00623915809721798,0.038946123256096
148941,0.439900603554649,-0.00386756594670273,0.370763826224695,0.389150918870907,0.37097977236593,0.388627650227664,0.40128362025874,0.40544578978546,0,0,0,0,0,0,0.443768169501352,-0.068920831188719,0.374847338312633,-0.017647877861734,0.051272953326985,-0.069136777329954,0.374631392171398,-0.018387092646212,0.050749684683742,-0.038616983295909,0.405151186205443,-0.00416216952671999,0.034454813769189
149236,0.368215301413405,-0.00495694421361303,0.298304857135613,0.314366635772986,0.298663977385289,0.31420990292482,0.337412659103593,0.336646989063057,0,0,0,0,0,0,0.373172245627018,-0.069551324028116,0.303620921598902,-0.015545925539531,0.054005398488585,-0.069910444277792,0.303261801349226,-0.016061778637373,0.053848665640419,-0.030802642309812,0.342369603317206,0.000765670040536015,0.031568312350348
149741,0.311077797528101,-0.00540299585924297,0.271932724283111,0.282289215722779,0.271550264998483,0.282450951663926,0.293390328557009,0.291018087033381,0,0,0,0,0,0,0.316480793387344,-0.039527532529618,0.276953260857726,-0.010900686665443,0.028626845864175,-0.03914507324499,0.277335720142354,-0.010356491439668,0.028788581805322,-0.017687468971092,0.298793324416252,0.00237224152362797,0.02005971049472
149842,0.461385257399844,-0.004062276218098,0.389449386519727,0.4258508642107,0.389302484470151,0.425615937657059,0.389449386519727,0.4258508642107,0,0,0,0,0,0,0.465447533617942,-0.072082772929693,0.393364760688249,-0.036313453186908,0.035769319742785,-0.071935870880117,0.393511662737825,-0.036401477690973,0.035534393189144,-0.071935870880117,0.393511662737825,-0.036401477690973,0.035534393189144
150726,0.381255384221818,-0.00448938687115591,0.346825018492774,0.346003434138421,0.346684652820388,0.345715113015486,0.352884251282638,0.351615848047289,0,0,0,0,0,0,0.385744771092974,-0.03457073140143,0.351174039691544,0.000969539804901998,0.035540271206332,-0.034430365729044,0.35131440536393,0.000821584354352978,0.035251950083397,-0.02837113293918,0.357373638153794,0.00126840323534899,0.029639536174529
150928,0.385058292642654,-0.00480245735529207,0.314329322800976,0.336524813810769,0.314373658757109,0.336785824069881,0.357456174644757,0.356155885315353,0,0,0,0,0,0,0.389860749997946,-0.070684633885545,0.319176116112401,-0.022412165312772,0.048272468572773,-0.070728969841678,0.319131780156268,-0.022195491009793,0.048533478831885,-0.027602117997897,0.362258632000049,0.00130028932940396,0.028902407327301
151223,0.389629809103086,-0.00425983896592104,0.377488396831405,0.37859653622977,0.377350490411628,0.378649992069282,0.377488396831405,0.37859653622977,0,0,0,0,0,0,0.393889648069007,-0.012279318691458,0.381610329377549,-0.00129950165765402,0.010979817033804,-0.012141412271681,0.381748235797326,-0.00110813939836502,0.011033272873316,-0.012141412271681,0.381748235797326,-0.00110813939836502,0.011033272873316
151324,0.440066662719009,-0.00466812185206293,0.324959281048066,0.356984844562141,0.35954254958051,0.372355736296669,0.411989062289136,0.406328240385432,0,0,0,0,0,0,0.444734784571072,-0.080524113138499,0.364210671432573,-0.012813186716159,0.06771092642234,-0.115107381670943,0.329627402900129,-0.032025563514075,0.083081818156868,-0.028077600429873,0.416657184141199,0.00566082190370398,0.033738422333577
151425,0.493721348077743,-0.00400272255522371,0.442975276760177,0.454197668712937,0.44276982088685,0.454254628916752,0.442975276760177,0.454197668712937,0,0,0,0,0,0,0.497724070632967,-0.050951527190893,0.446772543442074,-0.011484808029902,0.039466719160991,-0.050746071317566,0.446977999315401,-0.01122239195276,0.039523679364806,-0.050746071317566,0.446977999315401,-0.01122239195276,0.039523679364806
151627,0.46414922791445,-0.00346066222914445,0.394494460312283,0.417121478098643,0.394498336137421,0.416653601661691,0.407351855638691,0.425441465918357,0,0,0,0,0,0,0.467609890143594,-0.069650891777029,0.397958998366565,-0.02215526552427,0.047495626252759,-0.069654767602167,0.397955122541427,-0.0226270177863599,0.047027749815807,-0.056797372275759,0.410812517867835,-0.018089610279666,0.038707761996093
151728,0.266916898992795,-0.00644815330221197,0.24903014637988,0.258917645193561,0.249084300696165,0.258986200496444,0.24903014637988,0.258917645193561,0,0,0,0,0,0,0.273365052295007,-0.01783259829663,0.255532453998377,-0.009901899800279,0.00793069849635103,-0.017886752612915,0.255478299682092,-0.00988749881368098,0.00799925379923405,-0.017886752612915,0.255478299682092,-0.00988749881368098,0.00799925379923405
151930,0.446220002476865,-0.00386919672522696,0.37969168688888,0.40050107847848,0.379559489097122,0.400612764148544,0.397996922221605,0.410392986142944,0,0,0,0,0,0,0.450089199202092,-0.066660513379743,0.383428685822349,-0.021053275051422,0.045607238328321,-0.066528315587985,0.383560883614107,-0.0208093915896,0.045718923998385,-0.04822308025526,0.401866118946832,-0.012396063921339,0.035827016333921
152427,0.315199605141045,-0.00460128063384116,0.310046076994827,0.309303114963477,0.309956887758446,0.309273700542744,0.310046076994827,0.309303114963477,0,0,0,0,0,0,0.319800885774886,-0.00524271738259902,0.314558168392287,0.000683187215701986,0.005925904598301,-0.005153528146218,0.314647357628668,0.000742962031349992,0.00589649017756799,-0.005153528146218,0.314647357628668,0.000742962031349992,0.00589649017756799
153126,0.423436299005655,-0.00456945878969,0.333843431639562,0.35366608602868,0.336464845060076,0.356245497276183,0.392078827093625,0.389583350485179,0,0,0,0,0,0,0.428005757795345,-0.086971453945579,0.341034303849766,-0.019780652216107,0.067190801729472,-0.089592867366093,0.338412890429252,-0.019822654389118,0.069770212976975,-0.03135747191203,0.396648285883315,0.00249547660844601,0.033852948520476
153227,0.440829066364719,-0.00497012559132711,0.383715216797874,0.401495265966162,0.384085492304047,0.401474171552029,0.402330259716134,0.409063377679142,0,0,0,0,0,0,0.445799191956046,-0.056743574060672,0.389055617895374,-0.017388679247982,0.03935489481269,-0.057113849566845,0.388685342389201,-0.017780049168288,0.0393338003985571,-0.038498806648585,0.407300385307461,-0.00673311796300802,0.031765688685577
153833,0.263626522953,-0.00632586900573758,0.255709532244673,0.259674424351882,0.256027482627803,0.259585616873344,0.255709532244673,0.259674424351882,0,0,0,0,0,0,0.269952391958738,-0.00759904032519698,0.262353351633541,-0.00355813424554102,0.00404090607965596,-0.00791699070832697,0.262035401250411,-0.00396489210720896,0.003952098601118,-0.00791699070832697,0.262035401250411,-0.00396489210720896,0.003952098601118
153934,0.504739965020484,-0.00398490009765374,0.372377680494611,0.390947667777642,0.409056903506987,0.418599565746032,0.468680472212986,0.461113304908261,0,0,0,0,0,0,0.508724865118138,-0.095683061513497,0.413041803604641,-0.00954266223904504,0.086140399274452,-0.132362284525873,0.376362580592265,-0.018569987283031,0.113792297242842,-0.036059492807498,0.47266537231064,0.00756716730472495,0.043626660112223
154229,0.453415806908295,-0.00435794409851133,0.314442190926167,0.354528185990657,0.357957714486618,0.374488113786846,0.419810870741307,0.413312334178213,0,0,0,0,0,0,0.457773751006806,-0.095458092421677,0.362315658585129,-0.016530399300228,0.078927693121449,-0.138973615982128,0.318800135024678,-0.04008599506449,0.098887620917638,-0.033604936166988,0.424168814839818,0.00649853656309402,0.040103472730082
154532,0.391083147278811,-0.00452707234788079,0.368775813535185,0.373942679256979,0.368784245654859,0.373920027097324,0.368775813535185,0.373942679256979,0,0,0,0,0,0,0.395610219626692,-0.022298901623952,0.37331131800274,-0.00513578144246502,0.017163120181487,-0.022307333743626,0.373302885883066,-0.00516686572179398,0.017140468021832,-0.022307333743626,0.373302885883066,-0.00516686572179398,0.017140468021832
154734,0.498548123635334,-0.00434171987959908,0.375323617529902,0.401588688697867,0.399823665034093,0.413217588602939,0.468728582224874,0.455686325266237,0,0,0,0,0,0,0.502889843514933,-0.098724458601241,0.404165384913692,-0.013393923568846,0.085330535032395,-0.123224506105432,0.379665337409501,-0.026265071167965,0.096959434937467,-0.02981954141046,0.473070302104473,0.013042256958637,0.042861798369097
154835,0.396505887644435,-0.00465177037410186,0.347338334052299,0.354590912746941,0.347417114659932,0.354741386077939,0.368235696507092,0.365377367466273,0,0,0,0,0,0,0.401157658018537,-0.049088772984503,0.352068885034034,-0.00732427141800696,0.041764501566496,-0.049167553592136,0.351990104426401,-0.00725257869464196,0.041914974897494,-0.028270191137343,0.372887466881194,0.00285832904081901,0.031128520178162
154936,0.41672519220437,-0.00484861819264042,0.325531303831629,0.357238338058984,0.325332659289056,0.35725634774918,0.383029277198624,0.383385054596112,0,0,0,0,0,0,0.42157381039701,-0.091392532915314,0.330181277481696,-0.031923688460124,0.05946884445519,-0.091193888372741,0.330379922024269,-0.031707034227355,0.059486854145386,-0.033695915005746,0.387877895391264,-0.000355777397487989,0.033340137608258
156031,0.513136306086613,-0.00351944762478237,0.386995444991934,0.41687373961725,0.416277727358878,0.426986789725262,0.474773261877254,0.469799438563436,0,0,0,0,0,0,0.516655753711395,-0.096858578727735,0.41979717498366,-0.010709062366384,0.086149516361351,-0.126140861094679,0.390514892616716,-0.029878294625316,0.096262566469363,-0.038363044209359,0.478292709502036,0.00497382331381802,0.043336867523177
156233,0.334734738839928,-0.00680366834774493,0.279628057215488,0.303633787507907,0.279838765787183,0.304117731799694,0.30824742147871,0.315851494951752,0,0,0,0,0,0,0.341538407187673,-0.054895973052745,0.286642434134928,-0.024278966012511,0.030617007040234,-0.05510668162444,0.286431725563233,-0.024005730292419,0.031100951332021,-0.026487317361218,0.315051089826455,-0.00760407347304204,0.018883243888176
156334,0.535422183713204,-0.0032200559298444,0.447090057161224,0.451807185840683,0.446905977247553,0.451778660937086,0.497616138010881,0.488294386762725,0,0,0,0,0,0,0.538642239643048,-0.0885162064656511,0.450126033177397,-0.00487268368953303,0.083643522776118,-0.08833212655198,0.450310113091068,-0.004717128679459,0.083614997872521,-0.037806045702323,0.500836193940725,0.00932175124815598,0.047127796950479
156435,0.450199919906586,-0.0034675718129221,0.353116125246859,0.378751143805142,0.353520653658119,0.378532510306624,0.414834971816048,0.412671289852458,0,0,0,0,0,0,0.453667491719508,-0.096679266248467,0.356988225471041,-0.025011856648505,0.071667409599962,-0.097083794659727,0.356583697059781,-0.025635018558283,0.071448776101444,-0.035364948090538,0.41830254362897,0.00216368196359001,0.037528630054128
156536,0.331338520611257,-0.00520338907121779,0.301498988763677,0.315351263641735,0.301717679115009,0.315279350690654,0.301498988763677,0.315351263641735,0,0,0,0,0,0,0.336541909682475,-0.029620841496248,0.306921068186227,-0.013561671575645,0.016059169920603,-0.02983953184758,0.306702377834895,-0.013852274878058,0.015987256969522,-0.02983953184758,0.306702377834895,-0.013852274878058,0.015987256969522
156637,0.321869813831733,-0.00541307066639639,0.255438759181419,0.2850710382203,0.255799748264884,0.284520897897473,0.300436258354715,0.298712039175345,0,0,0,0,0,0,0.327282884498129,-0.066070065566849,0.26121281893128,-0.028721149632589,0.03734891593426,-0.066431054650314,0.260851829847815,-0.029632279038881,0.036798775611433,-0.021433555477018,0.305849329021111,0.00172421917936999,0.023157774656388
157437,0.300177059755485,-0.00501314644663041,0.253350805099968,0.267966226135532,0.253810295845713,0.268157761443208,0.273011250741117,0.278790746422173,0,0,0,0,0,0,0.305190206202115,-0.046366763909772,0.258823442292343,-0.014347465597495,0.032019298312277,-0.046826254655517,0.258363951546598,-0.014615421035564,0.032210833619953,-0.027165809014368,0.278024397187747,-0.00577949568105601,0.021386313333312
157942,0.425211128434567,-0.00440970006890399,0.357246544558134,0.38301565358811,0.357443247515394,0.383053584119111,0.370974037749905,0.388867433893293,0,0,0,0,0,0,0.429620828503471,-0.067767880919173,0.361852947584298,-0.025610336603717,0.042157544315456,-0.067964583876433,0.361656244627038,-0.025769109029976,0.042195474846457,-0.054237090684662,0.375383737818809,-0.017893396143388,0.036343694541274
158136,0.471666875914137,-0.00373308991449667,0.388648905783588,0.403286621118049,0.388520049759974,0.403657435357386,0.446360951720866,0.433809132301566,0,0,0,0,0,0,0.475399965828634,-0.083146826154163,0.392253139674471,-0.015137385597412,0.068009440556751,-0.083017970130549,0.392381995698085,-0.014637715334461,0.0683802547960879,-0.025305924193271,0.450094041635363,0.0125518194193,0.037857743612571
158843,0.413889042059306,-0.00496321779912632,0.351198028497866,0.366239360594657,0.351165775411894,0.366367478620364,0.378033277052609,0.383332079306518,0,0,0,0,0,0,0.418852259858432,-0.062723266647412,0.35612899321102,-0.01520170320847,0.047521563438942,-0.06269101356144,0.356161246296992,-0.015041332096791,0.047649681464649,-0.035855765006697,0.382996494851735,-0.00529880225390905,0.030556962752788
159138,0.377475791918677,-0.00510148534819474,0.314331774831072,0.333304331530321,0.31428630326411,0.333620456891376,0.35488042635747,0.350629336944869,0,0,0,0,0,0,0.382577277266872,-0.063189488654567,0.319387788612305,-0.019334153627266,0.043855335027301,-0.063144017087605,0.319433260179267,-0.018972556699249,0.044171460388356,-0.0225953655612069,0.359981911705665,0.00425108941260105,0.026846454973808
159239,0.534543158518065,-0.00373538666955035,0.407226429053703,0.42932427260614,0.429222440570873,0.439183295394793,0.495445039486618,0.486308402329541,0,0,0,0,0,0,0.538278545187615,-0.105320717947192,0.432957827240423,-0.00996085482392001,0.095359863123272,-0.127316729464362,0.410961815723253,-0.022097843552437,0.105218885911925,-0.039098119031447,0.499180426156168,0.00913663715707702,0.048234756188524
159340,0.471915030537556,-0.00415127001167353,0.394171861660051,0.401861644090941,0.394477418047589,0.402107028668402,0.439749116327687,0.432303522630254,0,0,0,0,0,0,0.47606630054923,-0.077437612489967,0.398628688059263,-0.00762961062081297,0.069808001869154,-0.077743168877505,0.398323131671725,-0.00768978243088997,0.070053386446615,-0.032165914209869,0.443900386339361,0.00744559369743297,0.039611507907302
159441,0.355163447465132,-0.00558445959976299,0.335320067865254,0.335994557342485,0.335290881790996,0.336017686273865,0.335320067865254,0.335994557342485,0,0,0,0,0,0,0.360747907064895,-0.019872565674136,0.340875341390759,-0.000726804482869048,0.019145761191267,-0.019843379599878,0.340904527465017,-0.000674489477231033,0.019168890122647,-0.019843379599878,0.340904527465017,-0.000674489477231033,0.019168890122647
159744,0.36827448755411,-0.00493400986783579,0.318279048738765,0.326333733088353,0.318370664773436,0.32639034547186,0.351034391207841,0.339885137315728,0,0,0,0,0,0,0.373208497421946,-0.049903822780674,0.323304674641272,-0.00801968069842401,0.04188414208225,-0.049995438815345,0.323213058606601,-0.008054684349588,0.041940754465757,-0.017240096346269,0.355968401075677,0.011149253892113,0.028389350238382
160729,0.376862048309563,-0.00410261981978635,0.344186464255572,0.352553584057968,0.344035306502835,0.352613789357801,0.344186464255572,0.352553584057968,0,0,0,0,0,0,0.380964668129349,-0.032826741806728,0.348137926322621,-0.00857848285496604,0.024248258951762,-0.032675584053991,0.348289084075358,-0.00836711980239602,0.024308464251595,-0.032675584053991,0.348289084075358,-0.00836711980239602,0.024308464251595
160830,0.418492797226581,-0.00481384245618498,0.323947398551063,0.349889062390372,0.356664053286009,0.359146675036013,0.391852904206231,0.388966610624559,0,0,0,0,0,0,0.423306639682766,-0.061828743940572,0.361477895742194,-0.00248262175000402,0.059346122190568,-0.094545398675518,0.328761241007248,-0.025941663839309,0.068603734836209,-0.02663989302035,0.396666746662416,0.00288629358167197,0.029526186602022
161630,0.37002849683269,-0.00541611663519658,0.330152024121312,0.348343252173121,0.330260025496937,0.348579658664397,0.330152024121312,0.348343252173121,0,0,0,0,0,0,0.375444613467887,-0.039768471335753,0.335676142132134,-0.01831963316746,0.021448838168293,-0.039876472711378,0.335568140756509,-0.018191228051809,0.021685244659569,-0.039876472711378,0.335568140756509,-0.018191228051809,0.021685244659569
162228,0.36911915971928,-0.00486354354383739,0.307110478442609,0.315123555244672,0.307076492109569,0.3155825952023,0.346910267739919,0.340732983369392,0,0,0,0,0,0,0.373982703263117,-0.062042667609711,0.311940035653406,-0.00850610309273098,0.05353656451698,-0.062008681276671,0.311974021986446,-0.00801307680206298,0.053995604474608,-0.022208891979361,0.351773811283756,0.006177284370527,0.028386176349888
162733,0.343715716581447,-0.0061666811278305,0.248585441051863,0.263125398205991,0.295843109212565,0.294392194103726,0.326526564861943,0.319419719433163,0,0,0,0,0,0,0.349882397709277,-0.047872607368882,0.302009790340395,0.00145091510883899,0.049323522477721,-0.095130275529584,0.254752122179694,-0.014539957154128,0.080590318375456,-0.017189151719504,0.332693245989773,0.00710684542877998,0.024295997148284
163331,0.287359931777464,-0.00493745622547686,0.281237819074931,0.280741489658678,0.281332103180491,0.280771450667967,0.281237819074931,0.280741489658678,0,0,0,0,0,0,0.292297388002941,-0.00602782859697298,0.286269559405968,0.000560652512524018,0.006588481109497,-0.00612211270253299,0.286175275300408,0.000496329416252994,0.00661844211878598,-0.00612211270253299,0.286175275300408,0.000496329416252994,0.00661844211878598
163432,0.461091944852597,-0.00376803408684325,0.359912918529684,0.387617158498175,0.359348424916107,0.387808456885968,0.419213679379366,0.423333886005277,0,0,0,0,0,0,0.46485997893944,-0.10174351993649,0.36311645900295,-0.028460031969861,0.073283487966629,-0.101179026322913,0.363680952616527,-0.027704239968491,0.073474786354422,-0.041878265473231,0.422981713466209,-0.004120206625911,0.03775805884732
164030,0.382749189058276,-0.0047505635755122,0.337178722654066,0.355569948754151,0.337111354588295,0.355727269206887,0.337178722654066,0.355569948754151,0,0,0,0,0,0,0.387499752633788,-0.045637834469981,0.341861918163807,-0.018615914618592,0.027021919851389,-0.04557046640421,0.341929286229578,-0.018391226100085,0.027179240304125,-0.04557046640421,0.341929286229578,-0.018391226100085,0.027179240304125
164131,0.381175329757245,-0.00494103646148532,0.290197308274386,0.321196249695867,0.290379716993311,0.321190219123766,0.351191540998637,0.351721136664471,0,0,0,0,0,0,0.38611636621873,-0.090795612763934,0.295320753454796,-0.030810502130455,0.059985110633479,-0.090978021482859,0.295138344735871,-0.030998941421481,0.059979080061378,-0.029983788758608,0.356132577460122,-0.000529595665834048,0.029454193092774
164636,0.44272460549386,-0.00483814530192894,0.400717771732175,0.407265912088516,0.400586848592606,0.406968448971367,0.400717771732175,0.407265912088516,0,0,0,0,0,0,0.447562750795789,-0.042137756901254,0.405424993894535,-0.00638160037876101,0.035756156522493,-0.042006833761685,0.405555917034104,-0.00654814035634099,0.035458693405344,-0.042006833761685,0.405555917034104,-0.00654814035634099,0.035458693405344
164939,0.380938364799234,-0.00451282940203832,0.317284972476888,0.34606905566308,0.317097095680397,0.345943707445265,0.345384847941158,0.352621913416902,0,0,0,0,0,0,0.385451194201272,-0.063841269118837,0.321609925082435,-0.028846611764868,0.034994657353969,-0.063653392322346,0.321797801878926,-0.028784083186192,0.034869309136154,-0.035553516858076,0.349897677343196,-0.00723706547574404,0.028316451382332
167036,0.351939187359046,-0.00534882364334785,0.333520331857239,0.335295661146726,0.333462463937332,0.335164277185377,0.333520331857239,0.335295661146726,0,0,0,0,0,0,0.357288011002394,-0.018476723421714,0.33881128758068,-0.00170181324804503,0.016774910173669,-0.018418855501807,0.338869155500587,-0.00177532928948698,0.01664352621232,-0.018418855501807,0.338869155500587,-0.00177532928948698,0.01664352621232
167238,0.38344269755289,-0.00411081027373069,0.341489673331023,0.353846870982886,0.341765902969477,0.354057307886885,0.341489673331023,0.353846870982886,0,0,0,0,0,0,0.387553507826621,-0.041676794583413,0.345876713243208,-0.012291404917408,0.029385389666005,-0.041953024221867,0.345600483604754,-0.012357197651863,0.029595826570004,-0.041953024221867,0.345600483604754,-0.012357197651863,0.029595826570004
167440,0.344710073746788,-0.00501677831710845,0.318608442041332,0.320521946068338,0.318709745963439,0.320440802256851,0.318608442041332,0.320521946068338,0,0,0,0,0,0,0.349726852063896,-0.026000327783349,0.323726524280547,-0.00173105629341203,0.024269271489937,-0.026101631705456,0.32362522035844,-0.00191350402700602,0.02418812767845,-0.026101631705456,0.32362522035844,-0.00191350402700602,0.02418812767845
167743,0.404558912920811,-0.00482235430495917,0.366373717876376,0.369252260978439,0.366852944527995,0.369129367977404,0.386053774125765,0.37699839054739,0,0,0,0,0,0,0.40938126722577,-0.037705968392816,0.371675298832954,-0.00227642344940898,0.035429544943407,-0.038185195044435,0.371196072181335,-0.00287854310206298,0.035306651942372,-0.018505138795046,0.390876128430724,0.00905538357837504,0.027560522373421
168139,0.369903453914308,-0.00568648942496998,0.352443585342533,0.359702349207039,0.35226643028344,0.359632569195436,0.352443585342533,0.359702349207039,0,0,0,0,0,0,0.375589943339278,-0.017637023630868,0.35795291970841,-0.007366138911996,0.010270884718872,-0.017459868571775,0.358130074767503,-0.00725876386450597,0.010201104707269,-0.017459868571775,0.358130074767503,-0.00725876386450597,0.010201104707269
168341,0.487176817662423,-0.00386467671925082,0.357582062130719,0.390987852048825,0.38815254096557,0.40848510726866,0.445952264836458,0.447208033303604,0,0,0,0,0,0,0.491041494381674,-0.099024276696853,0.392017217684821,-0.02033256630309,0.078691710393763,-0.129594755531704,0.36144673884997,-0.033405789918106,0.096188965613598,-0.041224552825965,0.449816941555709,-0.00125576846714598,0.039968784358819
168745,0.507024611172759,-0.00389948488093764,0.361633159850639,0.40001697133363,0.42428215657874,0.422884231603909,0.470143916908088,0.465163632003523,0,0,0,0,0,0,0.510924096053697,-0.082742454594019,0.428181641459678,0.00139792497483104,0.08414037956885,-0.14539145132212,0.365532644731577,-0.038383811482991,0.107007639839129,-0.036880694264671,0.474043401789026,0.00498028490456498,0.041860979169236
168947,0.448855301812582,-0.00376727097871242,0.370902982838626,0.387155703510172,0.370882582989615,0.387266082434748,0.414540075391759,0.409755227437627,0,0,0,0,0,0,0.452622572791294,-0.077972718822967,0.374649853968327,-0.016383499445133,0.061589219377834,-0.077952318973956,0.374670253817338,-0.016252720671546,0.06169959830241,-0.034315226420823,0.418307346370471,0.00478484795413203,0.039100074374955
169444,0.330562121806491,-0.00537442918706995,0.292108879959634,0.309461235323866,0.29224697043609,0.309564968843421,0.292108879959634,0.309461235323866,0,0,0,0,0,0,0.335936550993561,-0.038315151370401,0.29762139962316,-0.017317998407331,0.02099715296307,-0.038453241846857,0.297483309146704,-0.017352355364232,0.021100886482625,-0.038453241846857,0.297483309146704,-0.017352355364232,0.021100886482625
169545,0.49565231111113,-0.00401348097777771,0.349825769448898,0.379926895973346,0.404138655288902,0.412840590684459,0.45576927748446,0.454669064817794,0,0,0,0,0,0,0.499665792088908,-0.091513655822228,0.40815213626668,-0.00870193539555697,0.082811720426671,-0.145826541662232,0.353839250426676,-0.030101126524448,0.115725415137784,-0.03988303362667,0.459782758462238,0.00110021266666599,0.040983246293336
169949,0.467989312755332,-0.00431698729186345,0.373497289930716,0.388152176893816,0.373157064414603,0.388255901585113,0.430100634978617,0.426027467804929,0,0,0,0,0,0,0.472306300047195,-0.094832248340729,0.377474051706466,-0.01509883717051,0.079733411170219,-0.094492022824616,0.377814277222579,-0.0146548869631,0.079837135861516,-0.037888677776715,0.43441762227048,0.004073167173688,0.041961844950403
171532,0.355944796036948,-0.00560046474783067,0.323112940532404,0.338151758881785,0.323291283228405,0.338106586659751,0.323112940532404,0.338151758881785,0,0,0,0,0,0,0.361545260784779,-0.032653512808543,0.328891747976236,-0.014815303431346,0.017838209377197,-0.032831855504544,0.328713405280235,-0.015038818349381,0.017793037155163,-0.032831855504544,0.328713405280235,-0.015038818349381,0.017793037155163
172029,0.407417205562615,-0.00460783555468178,0.349619796709616,0.359877804596344,0.349614661860019,0.360083178756042,0.382319778942433,0.376884341120724,0,0,0,0,0,0,0.412025041117297,-0.057802543702596,0.354222497414701,-0.010468516896023,0.047334026806573,-0.057797408852999,0.354227632264298,-0.010258007886728,0.047539400966271,-0.025097426620182,0.386927614497115,0.00543543782170902,0.030532864441891
172332,0.477458985366777,-0.00303337073864003,0.407536278069067,0.426804684738517,0.406936225501195,0.426536338350235,0.422407757803764,0.438197401616285,0,0,0,0,0,0,0.480492356105417,-0.070522759865582,0.409969596239835,-0.01960011284904,0.050922647016542,-0.06992270729771,0.410569648807707,-0.01926840666945,0.05065430062826,-0.055051227563013,0.425441128542404,-0.015789643812521,0.039261583750492
172433,0.442628559144144,-0.00469091982130276,0.368565178077222,0.380372046470712,0.368849521837032,0.380543497744152,0.404590400623455,0.405702162356495,0,0,0,0,0,0,0.447319478965447,-0.073779037307112,0.373540441658335,-0.01169397590712,0.062085061399992,-0.074063381066922,0.373256097898525,-0.01180686839349,0.062256512673432,-0.038038158520689,0.409281320444758,-0.00111176173303995,0.036926396787649
172534,0.324764372317698,-0.00452805407251126,0.28304793399501,0.28575000998191,0.283097424993834,0.286004227247237,0.308226239895355,0.301598151044334,0,0,0,0,0,0,0.329292426390209,-0.041666947323864,0.287625479066345,-0.00290680225340301,0.038760145070461,-0.041716438322688,0.287575988067521,-0.00270207598690003,0.039014362335788,-0.016538132422343,0.312754293967866,0.00662808885102101,0.023166221273364
172938,0.652556348492022,-0.00315594204040419,0.445681857954275,0.482350518473677,0.531711529342377,0.534029579603757,0.605155372755258,0.592460146699554,0,0,0,0,0,0,0.655712290532426,-0.120844819149645,0.534867471382781,-0.00231805026137999,0.118526768888265,-0.206874490537747,0.448837799994679,-0.036668660519402,0.170205830018345,-0.0474009757367641,0.608311314795662,0.0126952260557039,0.060096201792468
173435,0.268866089000521,-0.00560077811770061,0.247409028725081,0.256654957345131,0.247678154366438,0.256487597334008,0.247409028725081,0.256654957345131,0,0,0,0,0,0,0.274466867118222,-0.021187934634083,0.253278932484139,-0.00880944296757,0.012378491666513,-0.02145706027544,0.253009806842782,-0.00924592862005,0.01221113165539,-0.02145706027544,0.253009806842782,-0.00924592862005,0.01221113165539
173536,0.493567571043968,-0.003843381986022,0.404592839702964,0.416597040243447,0.404106514103711,0.416728263750672,0.459013899281621,0.45136586368829,0,0,0,0,0,0,0.49741095302999,-0.089461056940257,0.407949896089733,-0.012621749646961,0.076839307293296,-0.088974731341004,0.408436221688986,-0.012004200540483,0.076970530800521,-0.034553671762347,0.462857281267643,0.00764803559333099,0.042201707355678
173637,0.437816517389915,-0.00373303947498415,0.368906484081189,0.376643033725135,0.368507817497783,0.376507746624526,0.405383744481764,0.401841369956589,0,0,0,0,0,0,0.441549556864899,-0.069308699892132,0.372240856972767,-0.00799992912674302,0.061308770765389,-0.068910033308726,0.372639523556173,-0.00773654964394604,0.06117348366478,-0.032432772908151,0.409116783956748,0.00354237452517503,0.035975147433326
173738,0.415842412163262,-0.00488791400217867,0.378466894138224,0.395346902982159,0.378297656298993,0.395204412837945,0.378466894138224,0.395346902982159,0,0,0,0,0,0,0.420730326165441,-0.037544755864269,0.383185570301172,-0.016906756538952,0.020637999325317,-0.037375518025038,0.383354808140403,-0.016880008843935,0.020495509181103,-0.037375518025038,0.383354808140403,-0.016880008843935,0.020495509181103
173940,0.492598957189441,-0.00389731866106909,0.379225612477103,0.42024275861229,0.379074508848108,0.420367288366284,0.449261780257887,0.453473149035612,0,0,0,0,0,0,0.49649627585051,-0.113524448341333,0.382971827509177,-0.041292779518176,0.072231668823157,-0.113373344712338,0.383122931138172,-0.041017146135187,0.072356198577151,-0.043337176931554,0.453159098918956,-0.00421136877772499,0.039125808153829
174841,0.327822661901685,-0.00527306150952797,0.28998558882591,0.299654315545509,0.290117463698205,0.299932526898149,0.301572548458227,0.304376483875347,0,0,0,0,0,0,0.333095723411213,-0.03770519820348,0.295390525207733,-0.00981506319994396,0.027890135003536,-0.037837073075775,0.295258650335438,-0.00966872671959895,0.028168346356176,-0.026250113443458,0.306845609967755,-0.00280393541711998,0.023446178026338
175338,0.433348034537481,-0.00426467724046993,0.362072103914907,0.375649037029518,0.36218646458412,0.375855604688974,0.402576412359194,0.397631635084977,0,0,0,0,0,0,0.437612711777951,-0.071161569953361,0.36645114182459,-0.013669140104854,0.057492429848507,-0.071275930622574,0.366336781155377,-0.013576933114611,0.057698997507963,-0.030771622178287,0.406841089599664,0.00494477727421699,0.035716399452504
175742,0.533183088361398,-0.00317469926746215,0.413231159335283,0.441079906461984,0.429195105773402,0.44422610645939,0.491749994883908,0.488122048930016,0,0,0,0,0,0,0.53635778762886,-0.103987982587996,0.432369805040864,-0.015031000685988,0.0889569819020081,-0.119951929026115,0.416405858602745,-0.027848747126701,0.0921031818994141,-0.04143309347749,0.49492469415137,0.00362794595389204,0.0450610394313821
176542,0.401068085841979,-0.00456088084555357,0.30529453898924,0.334320712820106,0.307760048141461,0.335598087088384,0.36763411538089,0.368033603048507,0,0,0,0,0,0,0.405628966687533,-0.093308037700518,0.312320928987015,-0.027838038946923,0.065469998753595,-0.095773546852739,0.309855419834794,-0.029026173830866,0.066747373021873,-0.033433970461089,0.372194996226444,-0.000399487667616993,0.033034482793472
177241,0.43555735036864,-0.00426144777432876,0.386012489294666,0.391885727170637,0.38628042219475,0.391598223569633,0.404279946823012,0.400583026723302,0,0,0,0,0,0,0.439818798142969,-0.04927692817389,0.390541869969079,-0.00531780137488297,0.043959126799007,-0.049544861073974,0.390273937068995,-0.00587323787597105,0.043671623198003,-0.031277403545628,0.408541394597341,0.00369692009971001,0.034974323645338
177645,0.440295979882137,-0.00553404130255466,0.316502873772323,0.367825420552862,0.317051482291517,0.367732744189883,0.400874229522957,0.403852165979155,0,0,0,0,0,0,0.445830021184692,-0.12324449759062,0.322585523594072,-0.050681261898366,0.072563235692254,-0.123793106109814,0.322036915074878,-0.051322546780539,0.072470559329275,-0.03942175035918,0.406408270825512,-0.00297793645619804,0.036443813902982
178142,0.379440674591842,-0.00529869280110921,0.328494622834531,0.345413205244948,0.328134844338247,0.34512519823704,0.344412085948506,0.351991643251102,0,0,0,0,0,0,0.384739367392951,-0.051305830253595,0.333433537139356,-0.016990353898793,0.034315476354802,-0.050946051757311,0.33379331563564,-0.016918582410417,0.034027469346894,-0.035028588643336,0.349710778749615,-0.00757955730259602,0.02744903134074
178849,0.448197182842226,-0.00404010677132888,0.4073571668846,0.414852332591224,0.407411483118601,0.414518410053745,0.4073571668846,0.414852332591224,0,0,0,0,0,0,0.452237289613555,-0.040785699723625,0.41145158988993,-0.00710692693514403,0.033678772788481,-0.040840015957626,0.411397273655929,-0.00749516570662401,0.033344850251002,-0.040840015957626,0.411397273655929,-0.00749516570662401,0.033344850251002
178950,0.603930807243566,-0.00303369651563821,0.437593783276631,0.476450837243678,0.493122287609548,0.501221130031956,0.561548560301824,0.55177557633726,0,0,0,0,0,0,0.606964503759204,-0.110808519634018,0.496155984125186,-0.00809884242240799,0.10270967721161,-0.166337023966935,0.440627479792269,-0.038857053967047,0.127479969999888,-0.042382246941742,0.564582256817462,0.00977298396456394,0.0521552309063059
179245,0.418083729730087,-0.00435580944675339,0.359833024739842,0.372546728371307,0.359783994634947,0.372724705735024,0.376044288822173,0.382885336992867,0,0,0,0,0,0,0.42243953917684,-0.05829973509514,0.3641398040817,-0.012940711100077,0.045359023995063,-0.058250704990245,0.364188834186595,-0.012713703631465,0.04553700135878,-0.042039440907914,0.380400098268926,-0.00684104817069398,0.03519839273722
180129,0.368597544188369,-0.00507697894178432,0.322726930757466,0.344665757146093,0.323056996461025,0.344543931163624,0.322726930757466,0.344665757146093,0,0,0,0,0,0,0.373674523130153,-0.045540547727344,0.328133975402809,-0.021486934702599,0.024053613024745,-0.045870613430903,0.32780390969925,-0.021938826388627,0.023931787042276,-0.045870613430903,0.32780390969925,-0.021938826388627,0.023931787042276
180230,0.457978266681343,-0.00432877183641138,0.329701533086876,0.373974146114507,0.339165797203873,0.37874719168141,0.419139056749779,0.418290205054211,0,0,0,0,0,0,0.462307038517754,-0.11881246947747,0.343494569040284,-0.039581394477537,0.079231074999933,-0.128276733594467,0.334030304923287,-0.044272613027631,0.084004120566836,-0.038839209931564,0.42346782858619,0.000848851695568031,0.039688061627132
180432,0.449484309233313,-0.00442156247003037,0.353659573967714,0.379886997996699,0.353911910266931,0.379904719132614,0.400868968607814,0.412820773701319,0,0,0,0,0,0,0.453905871703343,-0.095572398966382,0.358333472736961,-0.025992808865683,0.069579590100699,-0.095824735265599,0.358081136437744,-0.026227424028985,0.069597311236614,-0.048615340625499,0.405290531077844,-0.011951805093505,0.036663535531994
180533,0.432799276428807,-0.00477828497850948,0.383640353053103,0.397662290105924,0.383509239214001,0.398219553969914,0.388823019921831,0.399329445135148,0,0,0,0,0,0,0.437577561407316,-0.049290037214806,0.38828752419251,-0.014710314755913,0.034579722458893,-0.049158923375704,0.388418638031612,-0.014021937052821,0.035136986322883,-0.043976256506976,0.39360130490034,-0.010506425213317,0.033469831293659
180735,0.469460620980049,-0.0042897925403966,0.411081607116896,0.412361986837191,0.410792439416456,0.412422880440617,0.446407495574714,0.431879939970728,0,0,0,0,0,0,0.473750413520446,-0.058668181563593,0.415082231956853,-0.00163044102416099,0.057037740539432,-0.058379013863153,0.415371399657293,-0.00128037972029499,0.057098634142858,-0.023053125405335,0.450697288115111,0.014527555603986,0.037580681009321
180836,0.415064155268022,-0.00410364830275301,0.340758472648733,0.362451301490073,0.340841615163235,0.362407347975,0.380155570284756,0.381946940784194,0,0,0,0,0,0,0.419167803570775,-0.074222540104787,0.344945263465988,-0.021565732811765,0.052656807293022,-0.074305682619289,0.344862120951486,-0.02169282884134,0.052612853777949,-0.034908584983266,0.384259218587509,-0.00179137049943801,0.033117214483828
181232,0.402713684900047,-0.0040432730494684,0.374267100908601,0.386316347613341,0.374076112471564,0.386282215377813,0.374267100908601,0.386316347613341,0,0,0,0,0,0,0.406756957949515,-0.028637572428483,0.378119385521032,-0.012206102906249,0.016431469522234,-0.028446583991446,0.378310373958069,-0.01204924670474,0.016397337286706,-0.028446583991446,0.378310373958069,-0.01204924670474,0.016397337286706
182739,0.430277731998328,-0.00443333741456212,0.373039316842309,0.384842062242445,0.373360558990789,0.384691273673234,0.387688421570966,0.395831274179377,0,0,0,0,0,0,0.43471106941289,-0.056917173007539,0.377793896405351,-0.011330714682445,0.0455864583250939,-0.057238415156019,0.377472654256871,-0.011802745400136,0.045435669755883,-0.042589310427362,0.392121758985528,-0.00814285260841102,0.0344464578189509
185038,0.461264436357905,-0.00407845201232856,0.369491016337088,0.396873791819088,0.369867293063834,0.396765228504907,0.423597866186562,0.423193495737145,0,0,0,0,0,0,0.465342888370234,-0.091397143294071,0.373945745076163,-0.026897935441073,0.064499207852998,-0.091773420020817,0.373569468349417,-0.027382775482,0.064390644538817,-0.037666570171343,0.427676318198891,0.000404370449416991,0.03807094062076
185341,0.45578374004512,-0.00388418770571899,0.36897126510873,0.392096316835564,0.368755648983369,0.392283902081093,0.417478976319107,0.42074114438256,0,0,0,0,0,0,0.459667927750839,-0.087028091061751,0.372639836689088,-0.023528253097724,0.063499837964027,-0.08681247493639,0.372855452814449,-0.023125051726834,0.063687423209556,-0.038304763726013,0.421363164024826,-0.00326216806345297,0.03504259566256
185442,0.472940414377363,-0.00383760021261649,0.4222968640589,0.441147975866811,0.422501497644268,0.441466483940343,0.4222968640589,0.441147975866811,0,0,0,0,0,0,0.476778014589979,-0.050438916733095,0.426339097856884,-0.018964986296075,0.03147393043702,-0.050643550318463,0.426134464271516,-0.018851111807911,0.031792438510552,-0.050643550318463,0.426134464271516,-0.018851111807911,0.031792438510552
186040,0.456738106793569,-0.00390029871766667,0.361144401907959,0.381683848896653,0.361163907215525,0.382001011010434,0.422724820667273,0.417979105803702,0,0,0,0,0,0,0.460638405511236,-0.095574199578044,0.365064205933192,-0.020837103794909,0.074737095783135,-0.09559370488561,0.365044700625626,-0.020539446988694,0.075054257896916,-0.034013286126296,0.42662511938494,0.004745714863571,0.038759000989867
186141,0.413219684454705,-0.00494276027245424,0.354161895646369,0.371438693821129,0.354614226800482,0.37150082184059,0.379123316212174,0.382263461053885,0,0,0,0,0,0,0.418162444727159,-0.058605457654223,0.359556987072936,-0.016886595040108,0.041718862614115,-0.059057788808336,0.359104655918823,-0.01727679817476,0.041780990633576,-0.034096368242531,0.384066076484628,-0.00314014484171099,0.03095622340082
186444,0.360912811334138,-0.00463617056658481,0.335867342138773,0.338590867232902,0.336048676564845,0.338513509401638,0.335867342138773,0.338590867232902,0,0,0,0,0,0,0.365548981900723,-0.024864134769293,0.34068484713143,-0.002464832836793,0.0223993019325,-0.025045469195365,0.340503512705358,-0.00272352509412899,0.022321944101236,-0.025045469195365,0.340503512705358,-0.00272352509412899,0.022321944101236
187143,0.433756565481856,-0.00465596257349509,0.370159474057521,0.389946829965831,0.3702877946932,0.389454190473778,0.387727222404068,0.3988137629151,0,0,0,0,0,0,0.438412528055351,-0.063468770788656,0.374943757266695,-0.019166395780578,0.044302375008078,-0.063597091424335,0.374815436631016,-0.01978735590831,0.043809735516025,-0.046029343077788,0.392383184977563,-0.011086540511032,0.034942802566756
188145,0.669479533990292,-0.00305704919744815,0.460111838268622,0.503234139023477,0.547950540225882,0.549889272533269,0.623110622354526,0.608383491224144,0,0,0,0,0,0,0.67253658318774,-0.12152899376441,0.55100758942333,-0.00193873230738706,0.119590261457023,-0.20936769572167,0.46316888746607,-0.043122300754855,0.166245394966815,-0.0463689116357661,0.626167671551974,0.0147271311303819,0.061096042766148
189349,0.389892053251316,-0.00477273866162991,0.350177833411557,0.353169477789972,0.350049041935697,0.353288871261922,0.360188351714995,0.3598931904516,0,0,0,0,0,0,0.394664791912946,-0.039843011315619,0.354821780597327,-0.00323982932622496,0.036603181989394,-0.039714219839759,0.354950572073187,-0.00299164437841498,0.036722575461344,-0.029703701536321,0.364961090376625,0.000295161263395016,0.029998862799716
189450,0.460258379858703,-0.0033441867451358,0.429219458778255,0.421624738685073,0.429214981312968,0.421692287243239,0.429909125132614,0.422613691409367,0,0,0,0,0,0,0.463602566603839,-0.031043398545735,0.432559168058104,0.007522694069729,0.038566092615464,-0.031038921080448,0.432563645523391,0.00759472009318202,0.03863364117363,-0.030349254726089,0.43325331187775,0.00729543372324698,0.037644688449336
190031,0.482554793746832,-0.00373129043923165,0.415287253245608,0.422831801209251,0.414881949376226,0.422570607594117,0.451133571395116,0.442581587723721,0,0,0,0,0,0,0.486286084186064,-0.067672844370606,0.418613239815458,-0.007688658217891,0.059984186152715,-0.067267540501224,0.41901854368484,-0.00754454796364301,0.059722992537581,-0.031421222351716,0.454864861834348,0.00855198367139498,0.039973206023111
191033,0.451157541298341,-0.00443023549403282,0.368714002687227,0.397686459360822,0.368857320418492,0.397942330658996,0.408204029961701,0.413894127415148,0,0,0,0,0,0,0.455587776792374,-0.082300220879849,0.373287555912525,-0.029085010240504,0.053215210639345,-0.082443538611114,0.37314423818126,-0.028972456673595,0.053471081937519,-0.04295351133664,0.412634265455734,-0.00569009745344701,0.037263413883193
192035,0.636045953448584,-0.0026396417823144,0.465511200775975,0.494969897975599,0.515764220131945,0.522810724879954,0.590036307989874,0.579958235718267,0,0,0,0,0,0,0.638685595230898,-0.120281733316639,0.518403861914259,-0.00704650474800894,0.11323522856863,-0.170534752672609,0.468150842558289,-0.029458697199624,0.141076055472985,-0.0460096454587099,0.592675949772188,0.0100780722716071,0.056087717730317
192136,0.412228087891997,-0.0052965588861249,0.329782540792859,0.355235145104628,0.330009561169448,0.355078675945918,0.378231688355048,0.378422768267729,0,0,0,0,0,0,0.417524646778122,-0.082218526722549,0.335306120055573,-0.02506911477647,0.057149411946079,-0.082445547099138,0.335079099678984,-0.025452604311769,0.056992942787369,-0.033996399536949,0.383528247241173,-0.000191079912681025,0.033805319624268
192641,0.43312614965356,-0.00503838490246091,0.339152528973213,0.361521635302395,0.338846216003341,0.361142380867959,0.38971551020714,0.395967045571745,0,0,0,0,0,0,0.438164534556021,-0.094279933650219,0.343884600905802,-0.022296164864618,0.071983768785601,-0.093973620680347,0.344190913875674,-0.022369106329182,0.071604514351165,-0.04341063944642,0.394753895109601,-0.00625153536460499,0.037159104081815
194746,0.475393882189489,-0.00349626913056017,0.388768947509402,0.417111760282421,0.388729630894791,0.417041089135337,0.429692429751537,0.435120923853706,0,0,0,0,0,0,0.478890151320049,-0.086664251294698,0.392225900025351,-0.028311458240546,0.058352793054152,-0.086624934680087,0.392265216639962,-0.028342812773019,0.0582821219070681,-0.045701452437952,0.433188698882097,-0.005428494102169,0.040272958335783
195041,0.634482515495867,-0.00290422930655989,0.408235707425103,0.451603620867769,0.523291865005165,0.520790507024793,0.592797313190857,0.576316507722108,0,0,0,0,0,0,0.637386744802427,-0.111190650490702,0.526196094311725,0.00250135798037199,0.113692008471074,-0.226246808070764,0.411139936731663,-0.043367913442666,0.182878894628098,-0.0416852023050099,0.595701542497417,0.0164808054687491,0.058166007773759
196144,0.533793553705968,-0.00379814717072641,0.455645102820908,0.461155756490099,0.455647449349484,0.461160134962026,0.49705368193055,0.490846354882855,0,0,0,0,0,0,0.537591700876695,-0.0781461043564841,0.45944559652021,-0.00551268561254203,0.072633418743942,-0.0781484508850601,0.459443249991634,-0.00551065366919101,0.072637797215869,-0.036739871775418,0.500851829101276,0.006207327047695,0.042947198823113
196346,0.49511546875851,-0.00306909459660139,0.440954949307418,0.445229388280655,0.4411276079899,0.445373237539413,0.460187957505226,0.455690486540956,0,0,0,0,0,0,0.498184563355111,-0.05398786076861,0.444196702586501,-0.00424562954951302,0.049742231219097,-0.054160519451092,0.444024043904019,-0.00427443897323698,0.049886080477855,-0.034927511253284,0.463257052101827,0.00449747096427,0.039424982217554
196750,0.331802155162734,-0.00535274895554906,0.285931088952406,0.294607906774333,0.286056332489164,0.29452355517621,0.318601588267336,0.308422476696392,0,0,0,0,0,0,0.337154904118283,-0.04574582267357,0.291409081444713,-0.00846722268704597,0.037278599986524,-0.045871066210328,0.291283837907955,-0.00867681782192703,0.037194248388401,-0.013200566895398,0.323954337222885,0.010179111570944,0.023379678466342
197550,0.533011774575621,-0.00341275246005891,0.378502471022705,0.430283651906291,0.41683325224833,0.442494859085155,0.490149108297436,0.486913245839438,0,0,0,0,0,0,0.53642452703568,-0.116178522327291,0.420246004708389,-0.025661606836825,0.090516915490466,-0.154509303552916,0.381915223482764,-0.051781180883586,0.10272812266933,-0.042862666278185,0.493561860757495,0.00323586245799801,0.046098528736183
198249,0.338948609148295,-0.00506545133260872,0.310958829275747,0.32194595663769,0.311013402539857,0.321660355223426,0.310958829275747,0.32194595663769,0,0,0,0,0,0,0.344014060480904,-0.027935206608438,0.316078853872466,-0.010646952683569,0.017288253924869,-0.027989779872548,0.316024280608356,-0.010987127361943,0.017002652510605,-0.027989779872548,0.316024280608356,-0.010987127361943,0.017002652510605
198451,0.38444364822547,-0.00526223396583295,0.280164208454807,0.324853507415258,0.289437936317248,0.327799861865019,0.353869819145518,0.355757680522914,0,0,0,0,0,0,0.389705882191303,-0.095005711908222,0.294700170283081,-0.038361925547771,0.056643786360451,-0.104279439770663,0.28542644242064,-0.044689298960451,0.059590140810212,-0.030573829079952,0.359132053111351,-0.00188786137739599,0.028685967702556
198855,0.437617977401389,-0.00458479768480821,0.386679459601949,0.404849998317215,0.386844493230106,0.404979718514576,0.386679459601949,0.404849998317215,0,0,0,0,0,0,0.442202775086197,-0.050773484171283,0.391429290914914,-0.01813522528447,0.032638258886813,-0.05093851779944,0.391264257286757,-0.018170538715266,0.032767979084174,-0.05093851779944,0.391264257286757,-0.018170538715266,0.032767979084174
199352,0.440384131883009,-0.00379686871918393,0.368176223930134,0.399981926523381,0.368197253701672,0.400124106590377,0.380274096623875,0.403862039037966,0,0,0,0,0,0,0.444181000602193,-0.072186878181337,0.371994122420856,-0.031926852888705,0.040260025292632,-0.072207907952875,0.371973092649318,-0.031805702593247,0.040402205359628,-0.060110035259134,0.384070965343059,-0.023587942414091,0.036522092845043
199655,0.546023698772593,-0.00364095536730432,0.385888079448074,0.408407770545227,0.444785903518852,0.448423216241398,0.508549461410845,0.496329411551611,0,0,0,0,0,0,0.549664654139897,-0.101237795253741,0.448426858886156,-0.00363731272254603,0.097600482531195,-0.160135619324519,0.389529034815378,-0.022519691097153,0.137615928227366,-0.037474237361748,0.512190416778149,0.012220049859234,0.0496942872209821
199958,0.386396025732767,-0.00501724016974497,0.350248278395524,0.35516910929005,0.350199770847421,0.355148265555191,0.355900234280166,0.357827173591438,0,0,0,0,0,0,0.391413265902512,-0.036196254885346,0.355217011017166,-0.00494849470777003,0.031247760177576,-0.036147747337243,0.355265518565269,-0.004920830894526,0.031226916442717,-0.030495791452601,0.360917474449911,-0.00192693931127202,0.028568852141329
200513,0.370512558681605,-0.0045444634104499,0.342661215417329,0.351323022034872,0.342658921279499,0.351421618795538,0.342661215417329,0.351323022034872,0,0,0,0,0,0,0.375057022092055,-0.027853637402106,0.347203384689949,-0.00876269751603903,0.019090939886067,-0.027851343264276,0.347205678827779,-0.00866180661754296,0.019189536646733,-0.027851343264276,0.347205678827779,-0.00866180661754296,0.019189536646733
200614,0.598620973039491,-0.00368926983220619,0.379222146231118,0.427043242531329,0.485173918187029,0.490935191782682,0.557981727068344,0.544843397205979,0,0,0,0,0,0,0.602310242871697,-0.113447054852462,0.488863188019235,-0.00576127359565304,0.107685781256809,-0.219398826808373,0.382911416063324,-0.047821096300211,0.171577730508162,-0.040639245971147,0.56167099690055,0.0131383298623651,0.0537775758335121
200917,0.320335493848401,-0.00508636401912484,0.304233166342116,0.310133164297656,0.304320649328566,0.309977413474811,0.304233166342116,0.310133164297656,0,0,0,0,0,0,0.325421857867526,-0.016014844519835,0.309407013347691,-0.005656764146245,0.01035808037359,-0.016102327506285,0.309319530361241,-0.00589999795554003,0.010202329550745,-0.016102327506285,0.309319530361241,-0.00589999795554003,0.010202329550745
201414,0.400200089722139,-0.00394266246091373,0.373169768347077,0.376222449534645,0.373233404607389,0.376073354772158,0.373169768347077,0.376222449534645,0,0,0,0,0,0,0.404142752183053,-0.02696668511475,0.377176067068303,-0.00283995016476896,0.024126734949981,-0.027030321375062,0.377112430807991,-0.00305268118756802,0.023977640187494,-0.027030321375062,0.377112430807991,-0.00305268118756802,0.023977640187494
201818,0.460163921928672,-0.00350928329359146,0.403780989054569,0.418485381800498,0.403739570366841,0.418405078735293,0.408325814184543,0.420403922480265,0,0,0,0,0,0,0.463673205222263,-0.056424351561831,0.407248853660432,-0.014665508368452,0.041758843193379,-0.056382932874103,0.40729027234816,-0.014704392745929,0.041678540128174,-0.051838107744129,0.411835097478134,-0.012078108295722,0.039759999448407
202113,0.361694360847264,-0.00453184037392948,0.344127650972117,0.342987457172636,0.344271896818463,0.342904782553178,0.344127650972117,0.342987457172636,0,0,0,0,0,0,0.366226201221193,-0.017422464028801,0.348803737192392,0.00136711426528496,0.018789578294086,-0.017566709875147,0.348659491346046,0.00114019379948099,0.018706903674628,-0.017566709875147,0.348659491346046,0.00114019379948099,0.018706903674628
204016,0.341350134641341,-0.00484876298908989,0.318627340426479,0.313317144808809,0.318417730033614,0.313288536782611,0.321588411553312,0.316314397769062,0,0,0,0,0,0,0.346198897630431,-0.022932404607727,0.323266493022704,0.00512919325100303,0.02806159785873,-0.022722794214862,0.323476103415569,0.00531019561766999,0.028032989832532,-0.019761723088029,0.326437174542402,0.00527401378425002,0.025035736872279
204218,0.429815148081366,-0.00370332192267066,0.39707813427689,0.40074889843601,0.397118538040621,0.400775145193558,0.39707813427689,0.40074889843601,0,0,0,0,0,0,0.433518470004037,-0.032696610040745,0.400821859963292,-0.00365660715293697,0.029040002887808,-0.032737013804476,0.400781456199561,-0.00367076415912004,0.029066249645356,-0.032737013804476,0.400781456199561,-0.00367076415912004,0.029066249645356
204420,0.436884190129339,-0.00461762496810071,0.368187984319447,0.39306364229809,0.36797427386484,0.393495000741368,0.390744536573529,0.403476248960099,0,0,0,0,0,0,0.44150181509744,-0.068909916264499,0.372591898832941,-0.025520726876528,0.043389189387971,-0.068696205809892,0.372805609287548,-0.024875657978643,0.043820547831249,-0.04613965355581,0.39536216154163,-0.01273171238657,0.03340794116924
205119,0.382930964418467,-0.00523338727734145,0.32026659294186,0.337318774885358,0.320879253787833,0.33728547362361,0.355205123744526,0.355108812972855,0,0,0,0,0,0,0.388164351695808,-0.062051710630634,0.326112641065174,-0.016406219835777,0.045645490794857,-0.062664371476607,0.325499980219201,-0.017052181943498,0.045612189533109,-0.027725840673941,0.360438511021867,9.63107716709932e-05,0.027822151445612
206323,0.429698930448755,-0.00351037356840948,0.372507882153611,0.38840556504856,0.3721569765304,0.388378929090564,0.381342823638325,0.394512458254555,0,0,0,0,0,0,0.433209304017165,-0.057541953918355,0.375667350098809,-0.016221952560164,0.041320001358191,-0.057191048295144,0.376018255722021,-0.015897682894949,0.041293365400195,-0.04835610681043,0.384853197206734,-0.01316963461623,0.0351864721942
206727,0.330407318023817,-0.00579150177659934,0.307907482210436,0.313222408590296,0.307912416506189,0.313286383195709,0.307907482210436,0.313222408590296,0,0,0,0,0,0,0.336198819800416,-0.022494901517628,0.313703918282788,-0.00537396668952,0.017120934828108,-0.022499835813381,0.313698983987035,-0.00531492637985997,0.017184909433521,-0.022499835813381,0.313698983987035,-0.00531492637985997,0.017184909433521
208125,0.430316691159232,-0.00465462005991101,0.329328204246342,0.356370006455987,0.339163298165884,0.359789132766469,0.393301630391148,0.395193360370748,0,0,0,0,0,0,0.434971311219143,-0.091153392993348,0.343817918225795,-0.020625834600585,0.070527558392763,-0.10098848691289,0.333982824306253,-0.027041802209645,0.073946684703245,-0.037015060768084,0.397956250451059,-0.00189172997959997,0.035123330788484
208226,0.426607495711775,-0.00477088006247736,0.366153653065164,0.376895398286218,0.366056058820195,0.376834285938831,0.394535553229836,0.39389361129816,0,0,0,0,0,0,0.431378375774252,-0.06055143689158,0.370826938882672,-0.010778227118636,0.049773209772944,-0.060453842646611,0.370924533127641,-0.010741745221054,0.049712097425557,-0.032071942481939,0.399306433292313,0.000641941931676049,0.032713884413615
208327,0.328141316938021,-0.00511947150456439,0.307001789297433,0.307011278091137,0.307177231178877,0.306488284973466,0.307001789297433,0.307011278091137,0,0,0,0,0,0,0.333260788442585,-0.020964085759144,0.312296702683441,0.000688946205411045,0.021653031964555,-0.021139527640588,0.312121260801997,-9.48879370399336e-06,0.021130038846884,-0.021139527640588,0.312121260801997,-9.48879370399336e-06,0.021130038846884
209329,0.397871965134636,-0.00501056729956802,0.324967780471866,0.355160006427121,0.324865741410216,0.354726473178629,0.351290852018863,0.365386924109754,0,0,0,0,0,0,0.402882532434204,-0.07300622372442,0.329876308709784,-0.029860731768413,0.043145491956007,-0.07290418466277,0.329978347771434,-0.030192225955255,0.042711958707515,-0.046581113115773,0.356301419318431,-0.014096072090891,0.032485041024882
210011,0.462120834006164,-0.0033771236965594,0.435976027281528,0.439420678082636,0.436218202218609,0.439363313222069,0.435976027281528,0.439420678082636,0,0,0,0,0,0,0.465497957702723,-0.025902631787555,0.439595325915168,-0.00314511100345999,0.022757520784095,-0.026144806724636,0.439353150978087,-0.00344465080110801,0.022700155923528,-0.026144806724636,0.439353150978087,-0.00344465080110801,0.022700155923528
210112,0.449332508371339,-0.00449387856521004,0.3304617812816,0.360146024970542,0.371924500027661,0.374610537873024,0.423579134786845,0.410910437721054,0,0,0,0,0,0,0.453826386936549,-0.077408008343678,0.376418378592871,-0.00268603784536303,0.074721970498315,-0.118870727089739,0.33495565984681,-0.029684243688942,0.089186483400797,-0.025753373584494,0.428073013352055,0.012668697065791,0.038422070650285
211114,0.323563216189473,-0.00524918180599444,0.299927960777555,0.306458618481279,0.299723864304638,0.306259393431006,0.299927960777555,0.306458618481279,0,0,0,0,0,0,0.328812397995467,-0.023839351884835,0.304973046110632,-0.00653552912636801,0.017303822758467,-0.023635255411918,0.305177142583549,-0.00653065770372396,0.017104597708194,-0.023635255411918,0.305177142583549,-0.00653065770372396,0.017104597708194
212217,0.343555799243744,-0.00521528462280259,0.288853766896341,0.310831337000508,0.288608392604197,0.311174709021599,0.315457905180758,0.320598909837598,0,0,0,0,0,0,0.348771083866547,-0.054947406639547,0.293823677227,-0.022566316417402,0.032381090222145,-0.054702032347403,0.294069051519144,-0.021977570104167,0.032724462243236,-0.028097894062986,0.320673189803561,-0.00514100465683998,0.022956889406146
212318,0.584595479766646,-0.00330224889725899,0.4685122021375,0.497019180727999,0.468842763412769,0.497515274945446,0.537889136202031,0.533104708377085,0,0,0,0,0,0,0.587897728663905,-0.115752716353877,0.472145012310028,-0.028672511532677,0.0870802048212,-0.116083277629146,0.471814451034759,-0.028506978590499,0.0875762990386471,-0.046706343564615,0.54119138509929,0.00478442782494604,0.051490771389561
213017,0.349636919986516,-0.00629958766690725,0.26149969480005,0.288267420901549,0.294206589473902,0.300646374107833,0.331099858380146,0.32575410714206,0,0,0,0,0,0,0.355936507653423,-0.055430330512614,0.300506177140809,-0.00643978463393102,0.048990545878683,-0.0881372251864661,0.267799282466957,-0.026767726101499,0.061369499084967,-0.01853706160637,0.337399446047053,0.00534575123808601,0.023882812844456
213421,0.430709572326508,-0.00389237528523601,0.382394290279699,0.388990348348929,0.382055021834683,0.389065974183573,0.395029491608561,0.395418806611282,0,0,0,0,0,0,0.434601947611744,-0.048654550491825,0.385947397119919,-0.00701095234889004,0.0416435981429349,-0.048315282046809,0.386286665564935,-0.00659605806922997,0.041719223977579,-0.035680080717947,0.398921866893797,-0.000389315002720991,0.035290765715226
213522,0.445106618818607,-0.00399581380821407,0.372705229904667,0.404194545774166,0.3723254149055,0.404008110863639,0.385904855228041,0.410170563005803,0,0,0,0,0,0,0.449102432626821,-0.0727812039131071,0.376321228713714,-0.0316826959581391,0.041098507954968,-0.07240138891394,0.376701043712881,-0.031489315869499,0.040912073044441,-0.059201763590566,0.389900669036255,-0.024265707777762,0.034936055812804
214221,0.489403294384508,-0.00437432198130371,0.386511408497839,0.411058985643047,0.386775668027971,0.411230101951662,0.451406110759565,0.447434147563409,0,0,0,0,0,0,0.493777616365812,-0.102627626356537,0.391149990009275,-0.024454433923691,0.078173192432846,-0.102891885886669,0.390885730479143,-0.024547577145208,0.078344308741461,-0.037997183624943,0.455780432740869,0.003971963196156,0.041969146821099
214423,0.424302220241096,-0.00455432603891626,0.297778997086802,0.337322472375542,0.338277354366324,0.35290924845573,0.399213029587295,0.388637479082127,0,0,0,0,0,0,0.428856546280012,-0.086024865874772,0.34283168040524,-0.014631894089406,0.071392971785366,-0.126523223154294,0.302333323125718,-0.03954347528874,0.086979747865554,-0.025089190653801,0.403767355626211,0.010575550505168,0.035664741158969
219231,0.33733849677078,-0.00512755433906304,0.294337706250343,0.30462676882779,0.294623396448509,0.304493851682844,0.314018637962092,0.313559743798863,0,0,0,0,0,0,0.342466051109843,-0.042715100322271,0.299750950787572,-0.009870455234335,0.032844645087936,-0.043000790520437,0.299465260589406,-0.010289062577447,0.03271172794299,-0.023319858808688,0.319146192301155,0.000458894163229029,0.023778752971917
220721,0.486615795709549,-0.00420261160400673,0.409353609589597,0.425758495609682,0.409076091228172,0.425556023614085,0.443461148010221,0.44462453182966,0,0,0,0,0,0,0.490818407313556,-0.077539704481377,0.413278702832179,-0.016479932385913,0.061059772095464,-0.077262186119952,0.413556221193604,-0.016404886020085,0.060857300099867,-0.043154647699328,0.447663759614228,-0.00116338381943898,0.041991263879889
221319,0.436483668973308,-0.00366570580598365,0.383427488505504,0.395083507685157,0.38358777948847,0.395133956344953,0.392789025952913,0.398967614439032,0,0,0,0,0,0,0.440149374779292,-0.052895889484838,0.387253485294454,-0.011546176856483,0.041349712628355,-0.053056180467804,0.387093194311488,-0.011656019179653,0.041400161288151,-0.043694643020395,0.396454731758897,-0.00617858848611902,0.037516054534276
227432,0.441998959169358,-0.00482433497508441,0.390187883964103,0.401554935320803,0.390399736001284,0.401592124388993,0.400819603257242,0.409221375043908,0,0,0,0,0,0,0.446823294144442,-0.051599223168074,0.395224070976368,-0.011192388387709,0.040406834780365,-0.051811075205255,0.395012218939187,-0.0113670513567,0.040444023848555,-0.041179355912116,0.405643938232326,-0.00840177178666601,0.03277758412545
239944,0.471110620888105,-0.00411586971292687,0.414114092264235,0.416242761032904,0.413987495402981,0.41637325537164,0.436526438559041,0.431942209158933,0,0,0,0,0,0,0.475226490601032,-0.057123125485124,0.418103365115908,-0.00238575996865897,0.054737365516465,-0.05699652862387,0.418229961977162,-0.00212866876866896,0.054867859855201,-0.034584182329064,0.440642308271968,0.004584229400108,0.039168411729172
257946,0.44508751498922,-0.00366199981895999,0.400202078492718,0.401617946419775,0.400333029220719,0.401673295010766,0.409763848846231,0.409742539350231,0,0,0,0,0,0,0.44874951480818,-0.044754485768501,0.403995029039679,-0.00134026579004698,0.043414219978454,-0.044885436496502,0.403864078311678,-0.001415867927057,0.043469568569445,-0.035323666142989,0.413425848665191,2.13094959999882e-05,0.035344975638989
263436,0.308935234179019,-0.00629393890772112,0.265072131452024,0.27820440929231,0.264998912370096,0.278040949045265,0.28446872920527,0.287544486422095,0,0,0,0,0,0,0.31522917308674,-0.043936321808923,0.271292851277817,-0.013042036675169,0.030894285133754,-0.043863102726995,0.271366070359745,-0.013132277840286,0.030730824886709,-0.024466504973749,0.290762668112991,-0.00307575721682501,0.021390747756924
268749,0.384488775650985,-0.00475194957205068,0.288062722218295,0.313484268356592,0.302682606803586,0.31892740363402,0.355988284855955,0.351809267072083,0,0,0,0,0,0,0.389240725223036,-0.081806168847399,0.307434556375637,-0.016244796830434,0.065561372016965,-0.09642605343269,0.292814671790346,-0.025421546138297,0.071004507294393,-0.02850049079503,0.360740234428006,0.00417901778387203,0.032679508578902
274542,0.430775640410259,-0.00439081739223605,0.34081634735473,0.351658721703225,0.351650160257728,0.360215656796319,0.396936266938213,0.395382712368344,0,0,0,0,0,0,0.435166457802495,-0.079125480152531,0.356040977649964,-0.00856549653859101,0.07055998361394,-0.089959293055529,0.345207164746966,-0.010842374348495,0.079116918707034,-0.033839373472046,0.401327084330449,0.001553554569869,0.035392928041915
275645,0.346158076522339,-0.00496720996346929,0.333190223065649,0.337918424044678,0.33331053183265,0.338065042462722,0.333190223065649,0.337918424044678,0,0,0,0,0,0,0.351125286485808,-0.012847544689689,0.338277741796119,-0.00475451063007198,0.00809303405961698,-0.01296785345669,0.338157433029118,-0.00472820097902898,0.00823965247766101,-0.01296785345669,0.338157433029118,-0.00472820097902898,0.00823965247766101
281135,0.434954601691017,-0.00424172098265534,0.400881434679896,0.412439510671565,0.401051498887485,0.412295782336186,0.400881434679896,0.412439510671565,0,0,0,0,0,0,0.439196322673672,-0.033903102803532,0.40529321987014,-0.011244283448701,0.022658819354831,-0.034073167011121,0.405123155662551,-0.011558075991669,0.022515091019452,-0.034073167011121,0.405123155662551,-0.011558075991669,0.022515091019452
285446,0.468042482001723,-0.00376852746057382,0.432501521980356,0.435973287902001,0.432653134213113,0.435914707882819,0.432501521980356,0.435973287902001,0,0,0,0,0,0,0.471811009462297,-0.03538934778861,0.436421661673687,-0.00326157366970597,0.032127774118904,-0.035540960021367,0.43627004944093,-0.003471765921645,0.032069194099722,-0.035540960021367,0.43627004944093,-0.003471765921645,0.032069194099722
286347,0.420778615640758,-0.00385907439880408,0.369683708433145,0.38466781905529,0.369992412300691,0.384857230253142,0.371662349144775,0.385846140503302,0,0,0,0,0,0,0.424637690039562,-0.050786203340067,0.373851486699495,-0.014864817952451,0.035921385387616,-0.051094907207613,0.373542782831949,-0.014984110622145,0.036110796585468,-0.0491162664959831,0.375521423543579,-0.014183791358527,0.034932475137456
286650,0.507525749429096,-0.00388470566162743,0.363916494535094,0.392181254507088,0.424170049064961,0.421316734949784,0.482739710368011,0.468494078111355,0,0,0,0,0,0,0.511410455090723,-0.083355700364135,0.428054754726588,0.00285331411517697,0.086209014479312,-0.143609254894002,0.367801200196721,-0.028264759971994,0.115344494922008,-0.024786039061085,0.486624416029638,0.014245632256656,0.039031671317741
287248,0.421139372172572,-0.00440313672587986,0.344552248074533,0.35882423495712,0.344684859268582,0.358995384643131,0.390038531522447,0.387340326365419,0,0,0,0,0,0,0.425542508898452,-0.07645451290399,0.349087995994462,-0.014310525374549,0.062143987529441,-0.076587124098039,0.348955384800413,-0.014271986882587,0.062315137215452,-0.031100840650125,0.394441668248327,0.00269820515702801,0.033799045807153
295146,0.340272083031156,-0.00525803321661292,0.307863215586243,0.328101944627618,0.308258935509116,0.328041668434668,0.307863215586243,0.328101944627618,0,0,0,0,0,0,0.345530116247769,-0.03201314752204,0.313516968725729,-0.019782732925552,0.012230414596488,-0.032408867444913,0.313121248802856,-0.020238729041375,0.012170138403538,-0.032408867444913,0.313121248802856,-0.020238729041375,0.012170138403538
298051,0.375513759919382,-0.00429205465380851,0.322165079575833,0.342339418947338,0.321915468863412,0.342728305818156,0.331051324478943,0.348750587528232,0,0,0,0,0,0,0.379805814573191,-0.05359829105597,0.32620752351722,-0.020812836954744,0.032785454101226,-0.053348680343549,0.326457134229642,-0.020174339371505,0.033174340972044,-0.044462435440439,0.335343379132751,-0.017699263049289,0.02676317239115
299760,0.409671802920027,-0.00401282689182183,0.3319397875249,0.351640996287682,0.331872600784642,0.351903651130849,0.376912757732888,0.375488702217032,0,0,0,0,0,0,0.413684629811849,-0.077799202135385,0.335885427676464,-0.020031050346207,0.057768151789178,-0.077732015395127,0.335952614416722,-0.019701208762782,0.058030806632345,-0.032759045187139,0.38092558462471,0.001424055515856,0.034183100702995
303119,0.45261803096065,-0.00440668760707159,0.377305169040491,0.392500125375641,0.377338910952593,0.392446870039278,0.412939427759563,0.417717995863386,0,0,0,0,0,0,0.457024718567722,-0.075279120008057,0.381745598559665,-0.015107959086685,0.060171160921372,-0.075312861920159,0.381711856647563,-0.01519495633515,0.060117905585009,-0.039678603201087,0.417346115366635,-0.00477856810382299,0.034900035097264
308331,0.365128798604699,-0.00539106197462471,0.310839769830035,0.336334777688863,0.311658201648372,0.336118330727404,0.32801935405766,0.340753840703123,0,0,0,0,0,0,0.370519860579324,-0.053470596956327,0.317049263622997,-0.024460129079032,0.029010467877295,-0.054289028774664,0.31623083180466,-0.025495007858828,0.028794020915836,-0.037109444547039,0.333410416032285,-0.012734486645463,0.024374957901576
309636,0.368796637268119,-0.00453810616046778,0.338683074275695,0.340020832171582,0.338526706348178,0.34007671990477,0.338683074275695,0.340020832171582,0,0,0,0,0,0,0.373334743428587,-0.030269930919941,0.343064812508646,-0.00155001355659201,0.028719917363349,-0.030113562992424,0.343221180436163,-0.00133775789588703,0.028775805096537,-0.030113562992424,0.343221180436163,-0.00133775789588703,0.028775805096537
310621,0.499433935358875,-0.0039772419331685,0.363473316000246,0.395316492397008,0.400203005766692,0.412860281662977,0.469228316463059,0.455083652263207,0,0,0,0,0,0,0.503411177292043,-0.099230929592183,0.40418024769986,-0.012657275896285,0.086573653695898,-0.135960619358629,0.367450557933415,-0.031843176396762,0.104117442961867,-0.030205618895816,0.473205558396228,0.014144664199852,0.044350283095668
314225,0.385593924103881,-0.00513327139147995,0.291336027153699,0.324175402445345,0.299968661032693,0.329679108005379,0.359310066031782,0.357045453422894,0,0,0,0,0,0,0.390727195495361,-0.085625263071188,0.305101932424173,-0.029710446972686,0.055914816098502,-0.094257896950182,0.296469298545179,-0.032839375291646,0.061418521658536,-0.026283858072099,0.364443337423262,0.00226461260888799,0.028548470680987
316633,0.432260557125126,-0.00379715786957124,0.380879772680864,0.39270079050831,0.381039002659453,0.392656912811987,0.392430054689907,0.398069568160832,0,0,0,0,0,0,0.436057714994697,-0.051221554465673,0.384836160529024,-0.011617910152534,0.039603644313139,-0.051380784444262,0.384676930550435,-0.011821017827446,0.039559766616816,-0.039830502435219,0.396227212559478,-0.00563951347092501,0.034190988964294
318637,0.3957136549243,-0.00526290927708367,0.31219646945524,0.347463200537009,0.312591645014064,0.347436418341414,0.347495023787619,0.364822883378474,0,0,0,0,0,0,0.400976564201384,-0.083122009910236,0.317854554291148,-0.03484477332735,0.048277236582886,-0.08351718546906,0.317459378732324,-0.035266731081769,0.048250454387291,-0.048218631136681,0.352757933064703,-0.017327859590855,0.030890771545826
321323,0.439240834584234,-0.00440658764688949,0.372823345381732,0.390504326883422,0.373085012532818,0.390636911420752,0.39614515883478,0.402260162595546,0,0,0,0,0,0,0.443647422231124,-0.066155822051416,0.377491600179708,-0.017551898887934,0.048603923163482,-0.066417489202502,0.377229933028622,-0.01768098150169,0.048736507700812,-0.043095675749454,0.40055174648167,-0.00611500376076596,0.036980671988688
329844,0.451604057111363,-0.00457846096348709,0.34314953398341,0.367577912803284,0.369073555973696,0.377110391006896,0.422715601356914,0.414336805778439,0,0,0,0,0,0,0.45618251807485,-0.082530501137667,0.373652016937183,-0.00803683503319996,0.074493666104467,-0.108454523127953,0.347727994946897,-0.024428378819874,0.084026144308079,-0.028888455754449,0.427294062320401,0.00837879557847498,0.037267251332924
348545,0.524202688145646,-0.00345808977490441,0.405137059239413,0.425408324873586,0.423100939482182,0.432636689333678,0.484444407077952,0.480415794313539,0,0,0,0,0,0,0.52766077792055,-0.101101748663464,0.426559029257086,-0.00953574985149597,0.091565998811968,-0.119065628906233,0.408595149014317,-0.020271265634173,0.09879436327206,-0.039758281067694,0.487902496852856,0.00402861276441302,0.043786893832107
349244,0.469324372980258,-0.00414111832720056,0.405515475745323,0.419344153093728,0.405045506254148,0.419297948652766,0.428281452789142,0.434271369027429,0,0,0,0,0,0,0.473465491307459,-0.06427886672611,0.409186624581349,-0.014252442398618,0.050026424327492,-0.063808897234935,0.409656594072524,-0.013828677348405,0.04998021988653,-0.041042920191116,0.432422571116343,-0.00598991623828704,0.035053003952829
350330,0.419247065188022,-0.00431443379692741,0.359102564669436,0.379240734695417,0.359481391276232,0.379345931929286,0.372874681174651,0.385275562840424,0,0,0,0,0,0,0.423561498984949,-0.05976567391179,0.363795825073159,-0.019864540653054,0.039901133258736,-0.060144500518586,0.363416998466363,-0.020138170025981,0.040006330492605,-0.046372384013371,0.377189114971578,-0.012400881665773,0.033971502347598
358144,0.438714726188598,-0.00472082751667057,0.363975262503088,0.380808508760967,0.363424946834935,0.381018748782894,0.41032507021347,0.403105720315986,0,0,0,0,0,0,0.443435553705269,-0.075289779353663,0.368145774351606,-0.017593801947959,0.057695977405704,-0.07473946368551,0.368696090019759,-0.016833246257879,0.057906217427631,-0.028389655975128,0.415045897730141,0.00721934989748396,0.035609005872612
361234,0.378059061551438,-0.00517868811168904,0.317052062409877,0.342935841781727,0.316897568227052,0.3430403488523,0.325850414673104,0.348294446261942,0,0,0,0,0,0,0.383237749663127,-0.061161493324386,0.322076256338741,-0.026142780625248,0.035018712699138,-0.061006999141561,0.322230750521566,-0.02588377937185,0.035123219769711,-0.052208646878334,0.331029102784793,-0.022444031588838,0.029764615289496
361941,0.375196119615522,-0.00549000674617297,0.300560820897117,0.321424621057316,0.300999462477751,0.321473707369171,0.347700992363831,0.348444101619794,0,0,0,0,0,0,0.380686126361695,-0.074196657137771,0.306489469223924,-0.02047424489142,0.053722412246351,-0.074635298718405,0.30605082764329,-0.020863800160199,0.053771498558206,-0.027495127251691,0.353190999110004,-0.000743109255962993,0.026752017995728
368753,0.520251130259256,-0.00373248230290971,0.419735609033625,0.442373982721157,0.419403503067123,0.44168082733565,0.482049683994917,0.477784098317361,0,0,0,0,0,0,0.523983612562166,-0.100847627192133,0.423135985370033,-0.022277324268527,0.078570302923606,-0.100515521225631,0.423468091336535,-0.022638373687532,0.0778771475380989,-0.038201446264339,0.485782166297827,0.00426558567755597,0.0424670319418949
378756,0.51274622580664,-0.00321467670439415,0.369893346413554,0.403976787024574,0.414003974586212,0.426129905038472,0.472430672700256,0.46759539904041,0,0,0,0,0,0,0.515960902511034,-0.098742251220428,0.417218651290606,-0.01212593045226,0.086616320768168,-0.142852879393086,0.373108023117948,-0.03408344061102,0.108769438782066,-0.040315553106384,0.47564534940465,0.00483527365984604,0.04515082676623
381543,0.389853627965342,-0.00508579544028036,0.347208957713525,0.358274310312183,0.346768949912664,0.358579307018592,0.350518477797587,0.360714229095063,0,0,0,0,0,0,0.394939423405622,-0.043084678052678,0.351854745352944,-0.011810357105928,0.03127432094675,-0.042644670251817,0.352294753153805,-0.011065352598658,0.031579317653159,-0.039335150167755,0.355604273237867,-0.010195751297476,0.029139398870279
385046,0.383113597652432,-0.00465166682607476,0.318902298428376,0.339598109476786,0.31881332332454,0.340033856117514,0.345617869326685,0.349433789257658,0,0,0,0,0,0,0.387765264478507,-0.064300274327892,0.323464990150615,-0.021220532792974,0.043079741534918,-0.0642112992240561,0.323553965254451,-0.02069581104841,0.043515488175646,-0.037495728325747,0.35026953615276,-0.00381591993097302,0.033679808394774
387959,0.358969961759905,-0.0060199985975145,0.321752121414235,0.323918627691976,0.322150265144092,0.323752389868413,0.33641481606932,0.336535427590182,0,0,0,0,0,0,0.364989960357419,-0.036819696615813,0.328170263741607,-0.00160212472432097,0.035217571891492,-0.03721784034567,0.327772120011749,-0.00216650627774101,0.035051334067929,-0.022555145690585,0.342434814666835,-0.000120611520862013,0.022434534169723
391748,0.460700542565597,-0.00440125584144881,0.346465938712701,0.372510268783678,0.367781265230778,0.384648462101977,0.427217588259804,0.422281702876023,0,0,0,0,0,0,0.465101798407046,-0.092919277334819,0.372182521072227,-0.016867196871199,0.07605208046362,-0.114234603852896,0.35086719455415,-0.026044330070977,0.088190273781919,-0.033482954305793,0.431618844101253,0.00493588538378098,0.038418839689574
395756,0.497213689927092,-0.00336913586441666,0.401725486246476,0.435681900521034,0.401789739751064,0.435507294363972,0.448175228193332,0.454328864014648,0,0,0,0,0,0,0.500582825791509,-0.0954239501760279,0.405158875615481,-0.033717554612908,0.06170639556312,-0.0954882036806159,0.405094622110893,-0.033956414274558,0.061531789406058,-0.04903846173376,0.451544364057749,-0.00615363582131601,0.042884825912444
397760,0.562937725494131,-0.00337923415016951,0.408007438774344,0.433000153078749,0.463246172481115,0.464477128554851,0.52458946347754,0.51267551319236,0,0,0,0,0,0,0.566316959644301,-0.099691553013016,0.466625406631284,-0.00123095607373602,0.09846059693928,-0.154930286719787,0.411386672924513,-0.024992714304405,0.129937572415382,-0.038348262016591,0.527968697627709,0.0119139502851799,0.050262212301771
414229,0.444327319077996,-0.0049410316006457,0.338265716509526,0.38708641130778,0.338006058614551,0.386295611053192,0.387364187080863,0.41015391849184,0,0,0,0,0,0,0.449268350678642,-0.106321260463445,0.342947090215197,-0.048289552438641,0.058031708024804,-0.10606160256847,0.343206748110172,-0.048820694798254,0.057240907770216,-0.056963131997133,0.392305218681509,-0.022789731410977,0.034173400586156
419239,0.351710597516435,-0.00542952506062818,0.30509705852447,0.318978031497443,0.305161041180424,0.319321181966399,0.324196616368152,0.329236164768444,0,0,0,0,0,0,0.357140122577063,-0.046549556336011,0.310590566241052,-0.0141601407859751,0.032389415550036,-0.046613538991965,0.310526583585098,-0.013880972972973,0.032732566018992,-0.027513981148283,0.32962614142878,-0.00503954840029197,0.022474432747991
422632,0.3598161676145,-0.00433994117939694,0.319269677815482,0.317178883770069,0.319393111797111,0.317107506270881,0.337245567730753,0.331979931177407,0,0,0,0,0,0,0.364156108793897,-0.040423055817389,0.323733052976508,0.00228560552622997,0.042708661343619,-0.040546489799018,0.323609618994879,0.00209079404541301,0.0426372838444311,-0.022570599883747,0.34158550891015,0.005265636553346,0.027836236437093
453542,0.271624671667785,-0.00748896169653961,0.271624671667785,0.260272389120385,0.271624671667785,0.26002940011235,0.271624671667785,0.260272389120385,0,0,0,0,0,0,0.279113633364325,0,0.279113633364325,0.011595271555435,0.011595271555435,0,0.279113633364325,0.0113522825474,0.0113522825474,0,0.279113633364325,0.0113522825474,0.0113522825474
459453,0.494438723925921,-0.00360949852721736,0.401755170213467,0.419061530889769,0.401854695009691,0.418728338932983,0.454865695912063,0.453000967754384,0,0,0,0,0,0,0.498048222453138,-0.09258402891623,0.405464193536908,-0.016873643923292,0.075710384992938,-0.092683553712454,0.405364668740684,-0.017306360676302,0.075377193036152,-0.039573028013858,0.45847519443928,0.00186472815767902,0.041437756171537
461743,0.42834270055563,-0.00462757173933303,0.366001107700733,0.382530628268823,0.366109076619998,0.382355340685392,0.385737892768119,0.394546130720803,0,0,0,0,0,0,0.432970272294963,-0.062233623935632,0.370736648359331,-0.016246264065394,0.045987359870238,-0.062341592854897,0.370628679440066,-0.01652952056809,0.045812072286807,-0.042604807787511,0.390365464507452,-0.00880823795268404,0.033796569834827
465852,0.362956176416495,-0.00400373555436399,0.313128092642558,0.312170405162831,0.31304340121345,0.312024438723673,0.344243230281814,0.339702460332028,0,0,0,0,0,0,0.366959911970859,-0.049912775203045,0.317047136767814,0.00101896248977695,0.050931737692822,-0.049828083773937,0.317131828196922,0.000957687479726965,0.050785771253664,-0.018712946134681,0.348246965836178,0.00454076994978603,0.023253716084467
468050,0.345846398013992,-0.00510033337155371,0.330944306862439,0.333731307212158,0.331544302912935,0.333799275179474,0.330944306862439,0.333731307212158,0,0,0,0,0,0,0.350946731385546,-0.014302095101057,0.336644636284489,-0.00225497226653898,0.012047122834518,-0.014902091151553,0.336044640233993,-0.00278700034971902,0.012115090801834,-0.014902091151553,0.336044640233993,-0.00278700034971902,0.012115090801834
480141,0.337147354750292,-0.00515307413632604,0.300702425269574,0.30534275486993,0.300631491376905,0.305229273032201,0.313013102154137,0.312831321359028,0,0,0,0,0,0,0.342300428886618,-0.036515863373387,0.305784565513231,-0.00459778165529601,0.031918081718091,-0.036444929480718,0.3058554994059,-0.00464032960035599,0.031804599880362,-0.024134252596155,0.318166176290463,0.000181780795108999,0.024316033391264
499566,0.428249138877508,-0.00393266426494299,0.38078845763986,0.40018214679976,0.380673883424021,0.400435175222523,0.38078845763986,0.40018214679976,0,0,0,0,0,0,0.432181803142451,-0.047575255453487,0.384606547688964,-0.019761291798502,0.027813963654985,-0.047460681237648,0.384721121904803,-0.0193936891599,0.028066992077748,-0.047460681237648,0.384721121904803,-0.0193936891599,0.028066992077748
510225,0.341665574848527,-0.00521295074219292,0.313648977150992,0.325699035814616,0.313930551078312,0.32551907176528,0.313648977150992,0.325699035814616,0,0,0,0,0,0,0.34687852559072,-0.027735023770215,0.319143501820505,-0.011588520686968,0.016146503083247,-0.028016597697535,0.318861927893185,-0.012050058663624,0.015966539033911,-0.028016597697535,0.318861927893185,-0.012050058663624,0.015966539033911
516742,0.403385668407942,-0.00477860965762798,0.292109026344386,0.316133820124711,0.3320766100319,0.340282928140018,0.377929093995738,0.372158676428855,0,0,0,0,0,0,0.40816427806557,-0.071309058376042,0.336855219689528,-0.008206318108118,0.063102740267924,-0.111276642063556,0.296887636002014,-0.024024793780325,0.087251848283231,-0.025456574412204,0.382707703653366,0.00577041756688301,0.031226991979087
518746,0.479838351013857,-0.00477776801439256,0.335924814963465,0.368757699125428,0.401661417750369,0.39773578843057,0.451803482229541,0.440487245279105,0,0,0,0,0,0,0.48461611902825,-0.078176933263488,0.406439185764762,0.00392562931979901,0.082102562583287,-0.143913536050392,0.340702582977858,-0.032832884161963,0.111080651888429,-0.028034868784316,0.456581250243934,0.011316236950436,0.039351105734752
529549,0.391777229709437,-0.00465765363906957,0.355887566870605,0.359848317540613,0.355635604166473,0.359842033555634,0.355887566870605,0.359848317540613,0,0,0,0,0,0,0.396434883348507,-0.036141625542964,0.360293257805543,-0.00420642938916099,0.031935196153803,-0.035889662838832,0.360545220509675,-0.00396075067000801,0.031928912168824,-0.035889662838832,0.360545220509675,-0.00396075067000801,0.031928912168824
529953,0.363099385966209,-0.00459904439577268,0.344326404143642,0.348522897807484,0.344456537732051,0.348559459023315,0.344326404143642,0.348522897807484,0,0,0,0,0,0,0.367698430361982,-0.018642848234158,0.349055582127824,-0.00410292129126399,0.014539926942894,-0.018772981822567,0.348925448539415,-0.004196493663842,0.014576488158725,-0.018772981822567,0.348925448539415,-0.004196493663842,0.014576488158725
552241,0.391417156237053,-0.00493614524747495,0.329855362578985,0.345501430237449,0.330196741170939,0.345909556710783,0.363365029676157,0.3600243647612,0,0,0,0,0,0,0.396353301484528,-0.061220415066114,0.335132886418414,-0.015712815539844,0.04550759952627,-0.061561793658068,0.33479150782646,-0.015646067658464,0.045915725999604,-0.028052126560896,0.368301174923632,0.00334066491495705,0.031392791475853
552544,0.500033116432536,-0.00370045761459186,0.421586870398188,0.460394753879747,0.422768691232474,0.460180468205574,0.421586870398188,0.460394753879747,0,0,0,0,0,0,0.503733574047128,-0.077264425200062,0.426469148847066,-0.0374117769731,0.039852648226962,-0.078446246034348,0.42528732801278,-0.038807883481559,0.039638362552789,-0.078446246034348,0.42528732801278,-0.038807883481559,0.039638362552789
553344,0.39889441253483,-0.00466358420373553,0.315060908361374,0.332622102991095,0.320576801053238,0.334891629021843,0.367490521910154,0.36681410518841,0,0,0,0,0,0,0.403557996738566,-0.078317611481592,0.325240385256974,-0.014314827968605,0.064002783512987,-0.083833504173456,0.31972449256511,-0.017561194629721,0.066272309543735,-0.031403890624676,0.37215410611389,0.000676416721744011,0.03208030734642
555651,0.403764148788713,-0.00458531323214074,0.340375692623451,0.353028900282722,0.340579453869172,0.353153274559721,0.374006795319808,0.371768266214663,0,0,0,0,0,0,0.408349462020854,-0.063184694919541,0.345164767101313,-0.012573820690549,0.050610874228992,-0.063388456165262,0.344961005855592,-0.012653207659271,0.050735248505991,-0.029757353468905,0.378592108551949,0.00223852910514499,0.0319958825740499
555954,0.484937752960232,-0.00393616700999194,0.376413123298413,0.397124307454772,0.395031760459917,0.404384689920063,0.453361852948541,0.445896560871549,0,0,0,0,0,0,0.488873919970224,-0.089905992500315,0.398967927469909,-0.00935292946014599,0.080553063040169,-0.108524629661819,0.380349290308405,-0.020711184156359,0.08781344550546,-0.031575900011691,0.457298019958533,0.00746529207699198,0.039041192088683
561444,0.350055024513149,-0.0053725997096162,0.290130438966569,0.313783830738337,0.289991185155954,0.313579018227332,0.320156744139104,0.323837721389496,0,0,0,0,0,0,0.355427624222765,-0.060063839357195,0.29536378486557,-0.023587833071378,0.036476006285817,-0.05992458554658,0.295503038676185,-0.023653391771768,0.036271193774812,-0.029898280374045,0.32552934384872,-0.00368097725039201,0.026217303123653
561949,0.361677148079726,-0.00445156996384058,0.327080501892278,0.338800679585069,0.327128144446794,0.338993786333409,0.327080501892278,0.338800679585069,0,0,0,0,0,0,0.366128718043567,-0.034549003632932,0.331579714410635,-0.011865641886615,0.022683361746317,-0.034596646187448,0.331532071856119,-0.011720177692791,0.022876468494657,-0.034596646187448,0.331532071856119,-0.011720177692791,0.022876468494657
567759,0.366716713954336,-0.0048881324450347,0.33906854543485,0.343051001937151,0.339181687531956,0.343042990883087,0.33906854543485,0.343051001937151,0,0,0,0,0,0,0.371604846399371,-0.02753502642238,0.344069819976991,-0.003861303351131,0.023673723071249,-0.027648168519486,0.343956677879885,-0.003982456502301,0.023665712017185,-0.027648168519486,0.343956677879885,-0.003982456502301,0.023665712017185
571144,0.503601456444263,-0.00494866115046988,0.367767156357082,0.41017175841196,0.379743473709963,0.4167843140902,0.471300404792896,0.461458410866919,0,0,0,0,0,0,0.508550117594733,-0.1238579827343,0.384692134860433,-0.037040840380237,0.086817142354063,-0.135834300087181,0.372715817507552,-0.042404602054878,0.093429698032303,-0.032301051651367,0.476249065943366,0.00984199392597696,0.042143045577344
576255,0.468297035615943,-0.00422235860263148,0.392514291202727,0.409595915017974,0.393467737331713,0.409378349116251,0.435021145906908,0.431706693036224,0,0,0,0,0,0,0.472519394218574,-0.07482929828423,0.397690095934344,-0.015910611784538,0.058918686499692,-0.075782744413216,0.396736649805358,-0.017081623815247,0.058701120597969,-0.033275889709035,0.439243504509539,0.00331445287068399,0.036590342579719
579665,0.408170149519399,-0.00488964115343534,0.290482206657173,0.335788833730864,0.311154375382698,0.34538943707725,0.381208195158418,0.377641772392309,0,0,0,0,0,0,0.413059790672834,-0.097015774136701,0.316044016536133,-0.034235061694552,0.062780712442149,-0.117687942862226,0.295371847810608,-0.045306627073691,0.072381315788535,-0.026961954360981,0.386097836311853,0.00356642276610897,0.03052837712709
580751,0.364793304092875,-0.00510382208698553,0.307441077127054,0.331900332567423,0.307345785174563,0.332072927112306,0.321531522252699,0.338112898895246,0,0,0,0,0,0,0.369897126179861,-0.057447518918312,0.312449607261549,-0.024727141937743,0.032720376980569,-0.057352226965821,0.312544899214039,-0.024459255440369,0.032892971525452,-0.043261781840176,0.326635344339684,-0.016581376642547,0.026680405197629
589567,0.415365204547321,-0.0045760809926492,0.325792121432955,0.355353130431547,0.326053542634006,0.354943048608002,0.382492802476748,0.380905773334357,0,0,0,0,0,0,0.41994128553997,-0.089311661913315,0.330629623626655,-0.028889505973996,0.060422155939319,-0.089573083114366,0.330368202425604,-0.029561008998592,0.060012074115774,-0.032872402070573,0.387068883469397,0.00158702914239101,0.034459431212964
592455,0.504686862154104,-0.00414440925963096,0.384314037919263,0.416987042538471,0.399250652558687,0.421791023530159,0.463218553555451,0.463048370645578,0,0,0,0,0,0,0.508831271413735,-0.105436209595417,0.403395061818318,-0.022540370971472,0.082895838623945,-0.120372824234841,0.388458447178894,-0.032673004619208,0.0876998196156329,-0.041468308598653,0.467362962815082,0.000170182909872973,0.0416384915085259
599671,0.432003456122737,-0.00385980088716181,0.387330676902105,0.392595444254176,0.387361468339879,0.392597587333052,0.398425645216802,0.396718613784743,0,0,0,0,0,0,0.435863257009899,-0.044641987782858,0.391221269227041,-0.005236118993173,0.039405868789685,-0.044672779220632,0.391190477789267,-0.00526476735207099,0.039408011868561,-0.033577810905935,0.402285446103964,0.00170703143205903,0.035284842337994
618952,0.360798869308084,-0.00413791899444089,0.327550127451935,0.330346027848461,0.327589580317445,0.330385151423204,0.330821896958183,0.33293157460946,0,0,0,0,0,0,0.364936788302525,-0.033209288990639,0.331727499311886,-0.00279557110575901,0.03041371788488,-0.033248741856149,0.331688046446376,-0.002795900396526,0.030452841459623,-0.029976972349901,0.334959815952624,-0.00210967765127701,0.027867294698624
622236,0.407718106800526,-0.00483920428244062,0.347938147499721,0.367128605797798,0.348113882727265,0.367021462632201,0.378427291197665,0.379632914849918,0,0,0,0,0,0,0.412557311082967,-0.059604224073261,0.352953087009706,-0.018907579904936,0.040696644168325,-0.059779959300805,0.352777351782162,-0.019190458298077,0.040589501002728,-0.029290815602861,0.383266495480106,-0.00120562365225302,0.028085191950608
656253,0.432104074217432,-0.00431840866036536,0.386211416958632,0.401008730657143,0.385609530017854,0.401379651537663,0.386211416958632,0.401008730657143,0,0,0,0,0,0,0.436422482877797,-0.046494544199578,0.389927938678219,-0.015770121519809,0.030724422679769,-0.0458926572588,0.390529825618997,-0.014797313698511,0.031095343560289,-0.0458926572588,0.390529825618997,-0.014797313698511,0.031095343560289
672756,0.384001375011523,-0.00504001475899079,0.337290926647649,0.349363305376731,0.337146552112875,0.349480168591676,0.351172338398573,0.357668208299218,0,0,0,0,0,0,0.389041389770514,-0.046854822898648,0.342186566871866,-0.012333616478801,0.034521206419847,-0.046710448363874,0.34233094140664,-0.012072378729082,0.034638069634792,-0.03282903661295,0.356212353157564,-0.00649586990064505,0.026333166712305
675661,0.486556890444937,-0.00432335016178556,0.410653982847638,0.425946538280478,0.410315800059206,0.426161009960296,0.445034724902777,0.445203948726639,0,0,0,0,0,0,0.490880240606723,-0.076241090385731,0.414639150220992,-0.01584520990109,0.060395880484641,-0.075902907597299,0.414977333009424,-0.01529255543284,0.060610352164459,-0.04152216554216,0.449358075064563,-0.000169223823861975,0.041352941718298
679568,0.423832439971703,-0.00452206788700254,0.341816674235737,0.368842368651258,0.341590952151552,0.368669427452637,0.382776473735496,0.387141150038172,0,0,0,0,0,0,0.428354507858706,-0.082241487820151,0.346113020038555,-0.027078475301085,0.055163012519066,-0.082015765735966,0.34633874212274,-0.0270256944155211,0.054990071320445,-0.041055966236207,0.387298541622499,-0.00436467630267601,0.036691289933531
680250,0.439329555758561,-0.00381946776594511,0.379798893222982,0.395837667138174,0.379965134439721,0.396370013009218,0.392157990760129,0.404844374983649,0,0,0,0,0,0,0.443149023524506,-0.05936442131884,0.383784602205666,-0.016404878569497,0.042959542749343,-0.059530662535579,0.383618360988927,-0.016038773915192,0.043491888620387,-0.0471715649984319,0.395977458526074,-0.01268638422352,0.034485180774912
680452,0.43739275661966,-0.00424533874594785,0.376195759442349,0.390625789971733,0.375852867040938,0.390489503792036,0.396662799029711,0.401081915595144,0,0,0,0,0,0,0.441638095365608,-0.061539889578722,0.380098205786886,-0.014636636751098,0.046903252827624,-0.061196997177311,0.380441098188297,-0.014430030529384,0.046766966647927,-0.040729957589949,0.400908137775659,-0.00441911656543298,0.036310841024516
692964,0.440574589302882,-0.00447691154862858,0.322202513568542,0.360774773603619,0.349855227926106,0.370344496994459,0.411249387427248,0.406089237627156,0,0,0,0,0,0,0.445051500851511,-0.090719361376776,0.354332139474735,-0.020489269068353,0.070230092308423,-0.11837207573434,0.326679425117171,-0.038572260035077,0.079799815699263,-0.029325201875634,0.415726298975877,0.005160149800092,0.034485351675726
725751,0.381959872573841,-0.00500528290581966,0.346157256366334,0.348257596234034,0.346385841810327,0.348211247772134,0.353494662674083,0.354623450139944,0,0,0,0,0,0,0.386965155479661,-0.035574030763514,0.351391124716147,-0.00182540596180703,0.033748624801707,-0.035802616207507,0.351162539272154,-0.00210033986770003,0.033702276339807,-0.028465209899758,0.358499945579903,-0.00112878746586098,0.027336422433897
727553,0.363836503266785,-0.00478823681616741,0.347932582237214,0.342284881470323,0.347931932376668,0.342796526808247,0.347932582237214,0.342284881470323,0,0,0,0,0,0,0.368624740082952,-0.015904570890117,0.352720169192835,0.00513540556842096,0.021039976458538,-0.015903921029571,0.352720819053381,0.00564770076689103,0.021551621796462,-0.015903921029571,0.352720819053381,0.00564770076689103,0.021551621796462
749361,0.431185414843914,-0.00402376152283628,0.373714579516017,0.390511472610279,0.374143432643356,0.390095274148039,0.388877135943823,0.394964803798137,0,0,0,0,0,0,0.43520917636675,-0.057041982200558,0.378167194166192,-0.015951841504683,0.041090140695875,-0.057470835327897,0.377738341038853,-0.016796893094262,0.040673942233635,-0.042308278900091,0.392900897466659,-0.00608766785431397,0.036220611045777
756055,0.402897509139755,-0.00412519997234936,0.351532187033727,0.364183833447987,0.351465336067294,0.363805522522594,0.369043999856449,0.372654892793727,0,0,0,0,0,0,0.407022709112104,-0.051432173072461,0.355590536039643,-0.0123401864553,0.039091986617161,-0.051365322106028,0.355657387006076,-0.01265164641426,0.038713675691768,-0.033853509283306,0.373169199828798,-0.00361089293727801,0.030242616346028
757764,0.396006143576255,-0.00476649280902305,0.38036108033805,0.379726069634332,0.380187398816522,0.379819098167747,0.38036108033805,0.379726069634332,0,0,0,0,0,0,0.400772636385278,-0.015818744759733,0.384953891625545,0.000368300648775022,0.016187045408508,-0.015645063238205,0.385127573147073,0.00063501070371802,0.016280073941923,-0.015645063238205,0.385127573147073,0.00063501070371802,0.016280073941923
835657,0.391723796857212,-0.00428138039718915,0.280041887521149,0.305471625184032,0.324108503230967,0.325408585224097,0.359380481501335,0.358154334718048,0,0,0,0,0,0,0.396005177254401,-0.067615293626245,0.328389883628156,-0.00130008199312998,0.066315211633115,-0.111681909336063,0.284323267918338,-0.025429737662883,0.08625217167318,-0.032343315355877,0.363661861898524,0.00122614678328703,0.033569462139164
837560,0.495250957094265,-0.00405617435144102,0.337642338579859,0.376609696125823,0.397602267491567,0.406617098903026,0.462367217851139,0.4516240499131,0,0,0,0,0,0,0.499307131445706,-0.097648689602698,0.401658441843008,-0.00901483141145898,0.088633858191239,-0.157608618514406,0.3416985129313,-0.038967357545964,0.118641260968442,-0.032883739243126,0.46642339220258,0.010743167938039,0.043626907181165
865363,0.443413405690547,-0.00393541156561665,0.381200021715918,0.395847146664449,0.381150596378829,0.396153634010162,0.408489961721261,0.410046391340918,0,0,0,0,0,0,0.447348817256164,-0.062262809311718,0.385086007944446,-0.015003037631333,0.047259771680385,-0.062213383974629,0.385135433281535,-0.014647124948531,0.047566259026098,-0.034923443969286,0.412425373286878,-0.00155642961965702,0.033367014349629
877269,0.56529029584854,-0.00302886711467134,0.409002988626226,0.459064788728272,0.436107069110007,0.468730821685047,0.514049135136091,0.5160711871391,0,0,0,0,0,0,0.568319162963211,-0.129183226738533,0.439135936224678,-0.03262375257504,0.096559474163493,-0.156287307222314,0.412031855740897,-0.050061800102046,0.106225507120268,-0.051241160712449,0.517078002250762,-0.00202205200300909,0.0492191087094399
894067,0.390148564150783,-0.00468079945326972,0.326201346669608,0.334347866541568,0.326294717362874,0.334643908233684,0.363631061368644,0.359649145206244,0,0,0,0,0,0,0.394829363604053,-0.063853846787909,0.330975516816144,-0.00834919087080999,0.055504655917099,-0.063947217481175,0.330882146122878,-0.00814651987196002,0.055800697609215,-0.026517502782139,0.368311860821914,0.00398191616239996,0.0304994189445389
943862,0.462682311137018,-0.00323964169126838,0.411220398209182,0.419952047803313,0.411298910413795,0.419749571938295,0.416491051291599,0.423020503726637,0,0,0,0,0,0,0.465921952828286,-0.051383400723223,0.414538552105063,-0.00845066152449997,0.042932739198723,-0.051461912927836,0.41446003990045,-0.00873164959413103,0.042730263333705,-0.046191259845419,0.419730692982867,-0.006529452435038,0.039661807410381
947668,0.369402322470807,-0.00432998081021739,0.346604692067331,0.352557548672412,0.346422682276021,0.352589719192145,0.346604692067331,0.352557548672412,0,0,0,0,0,0,0.373732303281024,-0.022979640194786,0.350752663086238,-0.00616703691612397,0.016812603278662,-0.022797630403476,0.350934672877548,-0.00595285660508099,0.016844773798395,-0.022797630403476,0.350934672877548,-0.00595285660508099,0.016844773798395
955465,0.431751076793307,-0.00423313841088044,0.333683150079747,0.364718444412669,0.334282297261002,0.364388784730106,0.403623375820149,0.397726233502914,0,0,0,0,0,0,0.435984215204187,-0.097468779532305,0.338515435671882,-0.030106487469104,0.067362292063201,-0.09806792671356,0.337916288490627,-0.031035294332922,0.067032632380638,-0.028127700973158,0.407856514231029,0.00589714231723504,0.034024843290393
